cluster_id,product_count,mean_margin,median_margin,std_margin,min_margin,max_margin,margin_range,high_variance
cluster_100,2,-0.8630656957131003,-0.8630656957131003,1.9950094962531322,-2.2737504390452483,0.5476190476190477,2.821369486664296,True
cluster_1000,11,0.22658903799999194,0.16666666666666663,0.22224954387881013,-0.038610038610038644,0.7939234449760765,0.8325334835861151,True
cluster_1001,7,0.14419973732548294,0.13840830449826985,0.07257334490248005,0.05899705014749267,0.2831541218637993,0.2241570717163066,False
cluster_1002,4,0.19010005528875068,0.1917017345399698,0.02631826011058605,0.15634969325153364,0.22064705882352942,0.06429736557199578,False
cluster_1003,6,-1.7087217578283418,0.00910873741948965,5.192523574042992,-12.26086956521739,1.0,13.26086956521739,True
cluster_1004,5,0.11595665213538102,0.11807055435565159,0.051463777102591195,0.06397356828193823,0.16691068814055632,0.10293711985861809,False
cluster_1005,29,0.1545527845979546,0.14285714285714285,0.205949800001257,-0.22051428571428566,1.0,1.2205142857142857,True
cluster_1006,6,0.038795570217425565,0.1192392889945432,0.1728105346645311,-0.30619365609348903,0.13132400430570496,0.437517660399194,True
cluster_1007,9,0.22511592248444673,0.16949832775919735,0.2582538112100342,0.04306220095693773,0.898989898989899,0.8559276980329613,True
cluster_1008,3,0.12263439249313303,0.14806741573033708,0.06179595291760261,0.052180451127819584,0.16765531062124245,0.11547485949342287,False
cluster_1009,20,0.20059912643456368,0.20070878415551072,0.21729484111185848,-0.08682983682983673,1.0,1.0868298368298368,True
cluster_101,2,0.6534666666666666,0.6534666666666666,0.49007213981435643,0.3069333333333334,1.0,0.6930666666666666,True
cluster_1010,14,0.5379497887757447,0.27235772357723576,0.4194547781215315,0.0350626566416041,1.0,0.9649373433583959,True
cluster_1011,3,1.0,1.0,0.0,1.0,1.0,0.0,False
cluster_1012,11,0.35693706415951726,0.22909708737864087,0.31874884205760534,0.1518881856540084,1.0,0.8481118143459916,True
cluster_1013,8,0.6182561959654178,0.6234,0.4081753815753865,0.2262247838616715,1.0,0.7737752161383284,True
cluster_1014,8,0.10257147911068062,0.11625708884688085,0.04403412061980271,0.018789144050104355,0.1530054644808743,0.13421632043076995,False
cluster_1015,20,0.17828316370009273,0.16666666666666666,0.077244849082261,0.043715846994535554,0.39828080229226365,0.3545649552977281,False
cluster_1016,4,0.5635254925665962,0.5866646813579511,0.5054118317505389,0.08077260755048286,1.0,0.9192273924495171,True
cluster_1017,16,0.9503561226065472,1.0,0.19857550957381104,0.20569796170475607,1.0,0.7943020382952439,True
cluster_1018,13,0.8785663496167698,1.0,0.2964158675414029,0.2106782713085234,1.0,0.7893217286914767,True
cluster_1019,19,0.7549191101261344,1.0,0.37080865689813686,0.20020964360586996,1.0,0.79979035639413,True
cluster_102,4,0.3650606220961128,0.1612023252733066,0.42372963209292025,0.13783783783783787,1.0,0.8621621621621621,True
cluster_1020,34,0.8626929880990678,1.0,0.3015323901723965,0.16258215962441314,1.0,0.8374178403755869,True
cluster_1022,18,0.6996134769876536,1.0,0.38751942781576537,0.2067059690493736,1.0,0.7932940309506264,True
cluster_1023,4,0.21573770491803274,0.21573770491803274,0.0,0.21573770491803274,0.21573770491803274,0.0,False
cluster_1024,5,0.20804182459838963,0.16666666666666663,0.08036062464679866,0.13978494623655918,0.30051813471502586,0.16073318847846668,False
cluster_1025,5,1.0,1.0,0.0,1.0,1.0,0.0,False
cluster_1026,56,0.7559413235986804,1.0,0.3941321826257045,-0.15879163439194427,1.0,1.1587916343919442,True
cluster_1027,8,0.5622423891235713,0.6047745358090186,0.47670614125158367,-0.0808383233532935,1.0,1.0808383233532934,True
cluster_1028,4,0.3471698113207547,0.3471698113207547,0.0,0.3471698113207547,0.3471698113207547,0.0,False
cluster_1029,8,0.678658950964932,0.6890932642487047,0.3438900481796318,0.33644927536231883,1.0,0.6635507246376812,True
cluster_103,2,0.6032543328461056,0.6032543328461056,0.5610831033017992,0.20650866569221127,1.0,0.7934913343077887,True
cluster_1030,1,0.30952380952380953,0.30952380952380953,0.0,0.30952380952380953,0.30952380952380953,0.0,False
cluster_1031,2,0.3913486005089059,0.3913486005089059,0.270607785980806,0.20000000000000004,0.5826972010178118,0.3826972010178117,True
cluster_1036,5,0.32696951192560075,0.27872483221476513,0.4075908345995442,-0.09155963302752283,1.0,1.0915596330275228,True
cluster_1037,5,0.8341685649202735,1.0,0.37081036164461206,0.17084282460136674,1.0,0.8291571753986333,True
cluster_1039,4,0.09687773880863473,0.11983506994415982,0.11976439253046377,-0.06423357664233582,0.2120743919885551,0.2763079686308909,False
cluster_104,3,0.20062753723913965,0.16981132075471705,0.09591823155192873,0.12390488110137675,0.3081664098613251,0.18426152875994833,False
cluster_1040,6,0.2027798951124292,0.18584021568493622,0.08692618626132112,0.11527196652719668,0.3607450980392156,0.24547313151201894,False
cluster_1041,4,0.8081875000000001,1.0,0.38362500000000005,0.23274999999999998,1.0,0.76725,True
cluster_1042,3,0.10787807276302852,0.10796460176991152,0.00014987263624983621,0.10770501474926251,0.10796460176991152,0.00025958702064900196,False
cluster_1043,6,0.6098165034335247,0.6291793313069909,0.4279505767203939,0.20027017899358324,1.0,0.7997298210064168,True
cluster_1044,8,0.18414369105710535,0.26827584322469233,0.47892767149722926,-0.8324022346368714,0.7234763948497854,1.555878629486657,True
cluster_1045,12,0.6114835879787308,0.619206008583691,0.406391812198621,0.15647482014388475,1.0,0.8435251798561152,True
cluster_1046,7,0.19673373177243664,0.20009666505558243,0.043170186244391735,0.11018363939899835,0.255352676338169,0.14516903693917066,False
cluster_1047,4,0.1595380137468387,0.18369989951992852,0.1106415919902357,0.021695652173912876,0.24905660377358488,0.227360951599672,False
cluster_1049,5,0.2992085482008437,0.24382550335570466,0.11341496345234611,0.21669950738916247,0.4917043740573152,0.2750048666681527,False
cluster_105,2,1.0,1.0,0.0,1.0,1.0,0.0,False
cluster_1050,3,0.19344968756733463,0.2,0.011345473938826497,0.18034906270200393,0.2,0.01965093729799608,False
cluster_1052,2,0.1038060190052969,0.1038060190052969,0.018461340851721783,0.0907518796992482,0.11686015831134561,0.026108278612097413,False
cluster_1053,4,0.0785244499809974,0.08094041636755203,0.014326966191044087,0.061764705882352916,0.09045226130653264,0.028687555424179723,False
cluster_1054,3,0.7592450142450143,1.0,0.4169998675031566,0.27773504273504274,1.0,0.7222649572649573,True
cluster_1055,4,0.061764705882352916,0.061764705882352916,0.0,0.061764705882352916,0.061764705882352916,0.0,False
cluster_1056,5,0.08284278535534814,0.09045226130653264,0.010419704073142057,0.07142857142857142,0.09045226130653264,0.019023689877961214,False
cluster_1057,5,0.08284278535534814,0.09045226130653264,0.010419704073142059,0.07142857142857142,0.09045226130653264,0.019023689877961214,False
cluster_1058,2,0.20868200836820086,0.20868200836820086,0.05843246413570839,0.16736401673640172,0.25,0.08263598326359828,False
cluster_1059,2,0.5555089933525608,0.5555089933525608,0.018011610600392025,0.5427728613569321,0.5682451253481895,0.02547226399125735,False
cluster_106,4,0.1975192391636885,0.18803004224690972,0.06538201007769343,0.13043478260869568,0.28358208955223885,0.15314730694354317,False
cluster_1060,23,0.24702674707842348,0.19553072625698328,0.28183091473584165,-0.26262626262626265,1.0,1.2626262626262625,True
cluster_1061,5,0.08033693775046183,0.14504201680672257,0.4800852061609087,-0.6863199999999999,0.6381909547738693,1.3245109547738694,True
cluster_1062,4,0.1275466624003581,0.12373535353535355,0.05219513247634333,0.07403669724770641,0.18867924528301888,0.11464254803531247,False
cluster_1063,1,-0.10738255033557041,-0.10738255033557041,0.0,-0.10738255033557041,-0.10738255033557041,0.0,False
cluster_1064,5,0.17262537697646374,0.24232323232323233,0.1642145879720658,-0.11009174311926594,0.2924161073825503,0.40250785050181626,True
cluster_1065,3,0.4877795677856635,0.26165803108808283,0.4446084224079795,0.20168067226890757,1.0,0.7983193277310925,True
cluster_1066,11,0.2690068485150935,0.17021276595744672,0.14947107819895833,0.10852713178294583,0.5612244897959184,0.4526973580129726,False
cluster_1067,4,0.4727256135445791,0.310316091954023,0.35205376011133754,0.2702702702702703,1.0,0.7297297297297297,True
cluster_1068,11,0.2532489528548505,0.22110552763819094,0.1091219652344319,0.13453781512605034,0.41504,0.2805021848739497,False
cluster_1069,3,0.5610794926161514,0.3786407766990291,0.3819149160621805,0.3045977011494253,1.0,0.6954022988505747,True
cluster_107,1,1.0,1.0,0.0,1.0,1.0,0.0,False
cluster_1070,5,0.2981425341833862,0.33333333333333337,0.11710544104772598,0.17391304347826084,0.4068686868686868,0.232955643390426,False
cluster_1071,17,0.4551098579888049,0.3195959595959596,0.3170060494388483,0.14881278538812778,1.0,0.8511872146118722,True
cluster_1072,2,0.15719728499347455,0.15719728499347455,0.13557788468500004,0.061329243353783244,0.25306532663316583,0.19173608327938257,False
cluster_1073,4,0.33151076605478835,0.15138456106280612,0.45145539658458583,0.02327394209354116,1.0,0.9767260579064588,True
cluster_1075,5,0.10296314100822071,0.12617283950617275,0.060322942633699125,0.025142857142857123,0.17394335511982573,0.1488004979769686,False
cluster_1076,2,0.39860728810991597,0.39860728810991597,0.3744530513242735,0.13382899628252784,0.6633855799373041,0.5295565836547762,True
cluster_1077,3,0.7365145228215768,1.0,0.4563702335295589,0.20954356846473032,1.0,0.7904564315352697,True
cluster_1078,5,0.09549954309858547,0.0946947368421052,0.05811681654343246,0.025142857142857123,0.17404907975460118,0.14890622261174405,False
cluster_1079,6,0.11020507782123456,0.11185114408264771,0.06161308536142624,0.035989717223650415,0.2004895104895105,0.1644997932658601,False
cluster_108,4,0.2500067796610169,0.21501355932203392,0.0803429341920957,0.2,0.37,0.16999999999999998,False
cluster_1080,25,0.5935257877093477,1.0,0.43483519274039867,-0.031518624641833776,1.0,1.0315186246418337,True
cluster_1081,2,0.211010101010101,0.211010101010101,0.012713637075879343,0.20202020202020202,0.22,0.017979797979797985,False
cluster_1082,3,0.2468207059744648,0.22737306843267113,0.04005540651335999,0.22020202020202026,0.29288702928870297,0.07268500908668271,False
cluster_1083,3,0.5245346869712352,0.28680203045685276,0.4117650397012306,0.28680203045685276,1.0,0.7131979695431472,True
cluster_1084,12,0.15032807136259616,0.1686144578313252,0.06401779601788564,0.025094339622641536,0.2306060606060606,0.20551172098341905,False
cluster_1085,11,0.4621381462090579,0.3008767123287671,0.35474464644505493,0.1007194244604316,1.0,0.8992805755395684,True
cluster_1087,5,0.6057572706935123,0.4158333333333333,0.3628205058577101,0.2908053691275168,1.0,0.7091946308724832,True
cluster_1088,2,0.24488964168471045,0.24488964168471045,0.04426121981532083,0.2135922330097087,0.2761870503597122,0.0625948173500035,False
cluster_1089,1,0.4943820224719101,0.4943820224719101,0.0,0.4943820224719101,0.4943820224719101,0.0,False
cluster_109,6,0.24514123535751173,0.14042012269938656,0.6910225238157364,-0.8394648829431437,1.0,1.8394648829431437,True
cluster_1090,4,0.3687732342007434,0.3687732342007434,0.0,0.3687732342007434,0.3687732342007434,0.0,False
cluster_1091,5,0.6858624090192297,1.0,0.4301527853484561,0.21272218334499648,1.0,0.7872778166550035,True
cluster_1092,5,0.2139839050671759,0.202020202020202,0.2335625497936849,-0.07751937984496113,0.5756565656565658,0.6531759455015269,True
cluster_1093,2,0.02476592870010438,0.02476592870010438,0.08498371598854731,-0.03532663316582905,0.08485849056603781,0.12018512373186685,False
cluster_1094,3,0.5211469534050179,0.28172043010752695,0.41469890303082796,0.28172043010752695,1.0,0.7182795698924731,True
cluster_1095,3,0.2933822193380922,0.2907826086956522,0.014794621198693009,0.28005970149253734,0.30930434782608707,0.02924464633354973,False
cluster_1096,1,0.1369874476987447,0.1369874476987447,0.0,0.1369874476987447,0.1369874476987447,0.0,False
cluster_1098,2,0.137864077669903,0.137864077669903,0.013730228760903908,0.12815533980582527,0.14757281553398072,0.019417475728155442,False
cluster_1099,2,0.26262200316417184,0.26262200316417184,0.15728371390751952,0.15140562248995992,0.3738383838383838,0.22243276134842388,True
cluster_11,3,0.10991996332647942,0.16842105263157886,0.14522841605911405,-0.055435356200527634,0.2167741935483871,0.2722095497489147,False
cluster_110,8,0.4614848701313978,0.31135255306942056,0.3347852024314409,0.2030184563758389,1.0,0.7969815436241611,True
cluster_1101,11,0.39561456919930027,0.16513761467889912,0.4014264870690287,0.042553191489361736,1.0,0.9574468085106382,True
cluster_1102,1,-0.041139240506329076,-0.041139240506329076,0.0,-0.041139240506329076,-0.041139240506329076,0.0,False
cluster_1103,4,0.5871306818181818,0.5871212121212122,1.8939393939385967e-05,0.5871212121212122,0.5871590909090909,3.787878787875343e-05,False
cluster_1105,9,0.23370610591016427,0.17610062893081763,0.15066739744431068,0.12164021164021165,0.6075949367088608,0.4859547250686491,True
cluster_1106,5,0.3586593481989709,0.28181818181818186,0.3681142076238978,0.1148301886792453,1.0,0.8851698113207547,True
cluster_1107,1,0.2183406113537118,0.2183406113537118,0.0,0.2183406113537118,0.2183406113537118,0.0,False
cluster_1108,4,0.23244541484716158,0.2183406113537118,0.02823872657152619,0.21829694323144105,0.27480349344978167,0.05650655021834061,False
cluster_1109,7,0.11945569297695494,0.14130434782608695,0.12927271468405585,0.0,0.3532197549770292,0.3532197549770292,False
cluster_111,5,0.1185609537171789,0.16494845360824734,0.07398786474137016,0.0,0.17147928994082845,0.17147928994082845,False
cluster_1111,5,0.06431035863567251,0.14498141263940525,0.1806493656167898,-0.2237106918238993,0.20446096654275087,0.42817165836665017,True
cluster_1112,4,0.8121621621621622,1.0,0.37567567567567567,0.24864864864864875,1.0,0.7513513513513512,True
cluster_1113,3,0.17606220542559894,0.17956310679611656,0.006063739046023994,0.16906040268456377,0.17956310679611656,0.010502704111552796,False
cluster_1114,4,0.3179212426276185,0.24161073825503357,0.18343841925608767,0.20134228187919467,0.5871212121212122,0.3857789302420175,True
cluster_1115,18,0.15183269517792042,0.16807909604519772,0.09627174919418909,-0.06862068965517251,0.29090909090909095,0.35952978056426343,False
cluster_1116,12,0.14647404661658678,0.16666666666666663,0.1324014960054658,-0.20111731843575412,0.32809523809523805,0.5292125565309922,False
cluster_1118,9,-0.028979139976012536,0.12762520193861066,0.3551965875319557,-0.9051575931232091,0.2245557350565429,1.129713328179752,True
cluster_1119,1,0.16491039426523305,0.16491039426523305,0.0,0.16491039426523305,0.16491039426523305,0.0,False
cluster_112,8,0.1947169211199935,0.17564102564102563,0.06824228122450267,0.12251502145922756,0.2946708463949843,0.17215582493575676,False
cluster_1120,5,0.14596993452454513,0.09023337037625027,0.168734480407535,-0.005548341814353306,0.34123232555466143,0.34678066736901475,True
cluster_1121,8,0.5193704379562044,0.3010766423357665,0.40164251733613987,0.1678467153284672,1.0,0.8321532846715328,True
cluster_1123,17,0.20377806080635932,0.18181818181818185,0.2191068355995844,0.03636363636363639,1.0,0.9636363636363636,True
cluster_1124,7,0.22573202727548347,0.20095693779904303,0.16247420462721707,0.02422145328719733,0.46449704142011833,0.440275588132921,True
cluster_1125,3,0.5045710214505715,0.28433691756272406,0.4299332229206161,0.22937614678899076,1.0,0.7706238532110092,True
cluster_1127,3,0.20686625696822367,0.21023359288097893,0.009404003625666764,0.1962421711899791,0.21412300683371288,0.017880835643733772,False
cluster_1128,5,0.8456416184971098,1.0,0.3451558339373086,0.22820809248554916,1.0,0.7717919075144508,True
cluster_1129,17,0.7845437300172593,1.0,0.34462296094715855,0.20003773584905662,1.0,0.7999622641509434,True
cluster_113,6,0.5217868731643794,0.376358110516934,0.38209998518801047,0.13034202898550726,1.0,0.8696579710144927,True
cluster_1130,22,0.4643019033135863,0.30896508515122173,0.3408192304859137,0.156441717791411,1.0,0.843558282208589,True
cluster_1131,9,0.1677304259736786,0.1036789297658863,0.1216340883409686,0.08575250836120407,0.46449704142011833,0.37874453305891426,False
cluster_1132,5,0.536868742645279,0.3465765765765767,0.43315621202006555,0.08379888268156432,1.0,0.9162011173184357,True
cluster_1133,18,0.10303853054312145,0.1356901819191779,0.1656459335935111,-0.5276521739130435,0.24414715719063557,0.771799331103679,True
cluster_1134,3,0.1553013754848617,0.14285714285714277,0.041727099022575084,0.12121212121212122,0.20183486238532117,0.08062274117319995,False
cluster_1136,21,0.7275439802920587,1.0,0.5225520589219413,-1.0881599999999998,1.0,2.08816,True
cluster_1137,2,0.2545395747433099,0.2545395747433099,0.009787103317902644,0.24761904761904757,0.2614601018675722,0.013841054248524609,False
cluster_1138,1,0.16512059369202223,0.16512059369202223,0.0,0.16512059369202223,0.16512059369202223,0.0,False
cluster_1139,5,0.5055182334005863,0.22527472527472533,0.4548940320715344,0.08403361344537805,1.0,0.9159663865546219,True
cluster_114,4,0.18915093778507572,0.1757726692209451,0.1092035373898055,0.07013777777777774,0.33492063492063495,0.2647828571428572,False
cluster_1142,7,0.8902436522185175,1.0,0.29038800104051826,0.23170556552962304,1.0,0.7682944344703769,True
cluster_1143,4,0.1906211488480064,0.15555682794159753,0.09769789906127693,0.12026726057906459,0.33110367892976594,0.21083641835070135,False
cluster_1144,1,0.17026200873362451,0.17026200873362451,0.0,0.17026200873362451,0.17026200873362451,0.0,False
cluster_1147,13,0.3158612767126498,0.18610062893081764,0.31337899244667866,0.08379888268156432,1.0,0.9162011173184357,True
cluster_1148,16,0.3857194597271941,0.32011554621848737,0.4237898555449077,-0.3291139240506329,1.0,1.3291139240506329,True
cluster_115,4,0.1304231324229088,0.12289238516733475,0.12014440098683503,0.013377926421404692,0.262529832935561,0.24915190651415628,False
cluster_1151,11,0.2953432738091877,0.2651006711409396,0.25065881910763116,0.0867469879518073,1.0,0.9132530120481928,True
cluster_1154,3,0.20886922806868088,0.25108786610878664,0.07827680541684467,0.118546845124283,0.256972972972973,0.13842612784869002,False
cluster_1155,5,0.2937384425030933,0.34636871508379896,0.0720924715458477,0.214765100671141,0.34642458100558665,0.13165948033444566,False
cluster_1157,5,0.2729750891700366,0.2604,0.06644735694953867,0.1996402877697841,0.3704604051565377,0.17082011738675362,False
cluster_1158,23,0.17237704116340571,0.1659065934065935,0.20849382646846232,-0.24721603563474373,1.0,1.2472160356347437,True
cluster_116,3,0.768028240040343,1.0,0.4017868741712977,0.30408472012102883,1.0,0.6959152798789712,True
cluster_1162,3,0.5221108844404777,0.30830039525691694,0.4146266109186618,0.25803225806451613,1.0,0.7419677419354839,True
cluster_1163,3,0.22460670233949584,0.2603550295857988,0.06191791907619557,0.1531100478468899,0.2603550295857988,0.10724498173890892,False
cluster_1164,7,0.1153720618245505,0.12281045751633984,0.04811516487780463,0.048896551724137906,0.16454545454545447,0.11564890282131657,False
cluster_1165,3,0.27643938455980505,0.2654028436018957,0.033565282673509625,0.24978197674418604,0.3141333333333333,0.06435135658914728,False
cluster_1166,3,0.17316595683443933,0.20113314447592068,0.04983840448025487,0.11562500000000003,0.2027397260273972,0.08711472602739717,False
cluster_1167,10,0.27110045460196436,0.11129201113782256,0.38956604617804946,0.008640291041382343,1.0,0.9913597089586177,True
cluster_1168,11,0.23705085547598828,0.1610691823899371,0.25978094000098867,0.08032128514056232,1.0,0.9196787148594376,True
cluster_1169,3,0.1264589707694561,0.118675799086758,0.02139236646776111,0.11004784688995205,0.15065326633165832,0.04060541944170627,False
cluster_117,4,0.30556617092751226,0.3095995195246294,0.032659147949879924,0.26335356600910476,0.3397120786516854,0.07635851264258064,False
cluster_1170,2,0.1623093681917211,0.1623093681917211,0.013864838846795088,0.15250544662309362,0.1721132897603486,0.01960784313725497,False
cluster_1171,2,0.3011962467203273,0.3011962467203273,0.0004402319089523809,0.3008849557522124,0.30150753768844224,0.0006225819362298268,False
cluster_1172,2,0.10598120052770449,0.10598120052770449,0.036691658932743905,0.08003627968337731,0.13192612137203166,0.05188984168865435,False
cluster_1173,9,-3.337225739689754,0.024420024420024382,10.057455473185396,-30.155778894472363,0.1388888888888889,30.294667783361252,True
cluster_1175,3,0.6107744107744107,0.4161616161616162,0.337079248072327,0.4161616161616162,1.0,0.5838383838383838,True
cluster_1176,4,0.2540852852233776,0.20172910662824212,0.10807667248876357,0.1967213114754099,0.4161616161616162,0.2194403046862063,False
cluster_1177,10,0.43987783595113444,0.19982547993019203,0.3865210144344303,0.19982547993019203,1.0,0.8001745200698079,True
cluster_1178,2,-0.12887650314945603,-0.12887650314945603,0.3652698489748813,-0.3871612903225807,0.12940828402366858,0.5165695743462493,True
cluster_118,4,1.0,1.0,0.0,1.0,1.0,0.0,False
cluster_1180,19,0.49112728310546716,0.44943820224719105,0.25527975581914225,0.06651376146788991,1.0,0.9334862385321101,True
cluster_1181,6,0.2710203321305617,0.2342507054497285,0.15488565403384932,0.150259067357513,0.538860103626943,0.38860103626943004,True
cluster_1183,9,0.28096734266400075,0.2005141388174807,0.2701310538367967,0.1628106255355613,1.0,0.8371893744644388,True
cluster_1184,4,0.6012658227848101,0.6012658227848101,0.4604185691005876,0.20253164556962028,1.0,0.7974683544303798,True
cluster_1189,2,0.1374559149647257,0.1374559149647257,0.1101598634188885,0.05956112852664575,0.21535070140280566,0.1557895728761599,False
cluster_119,1,0.1414141414141414,0.1414141414141414,0.0,0.1414141414141414,0.1414141414141414,0.0,False
cluster_1190,5,0.8240183246073298,1.0,0.39350698897231245,0.12009162303664916,1.0,0.8799083769633509,True
cluster_1191,3,0.07695498885430506,0.08433734939759052,0.02797894619015568,0.046025104602510594,0.10050251256281405,0.05447740796030345,False
cluster_1192,9,0.42897149836690485,0.3308823529411765,0.22076318074073675,0.31675000000000003,1.0,0.6832499999999999,True
cluster_1193,6,0.41653246402656974,0.4285390928441333,0.29322421254671105,0.10244837758112099,0.699820788530466,0.597372410949345,True
cluster_1194,4,0.3870119770346441,0.22984991277135303,0.42428316226617946,0.08834808259587024,1.0,0.9116519174041298,True
cluster_1195,3,0.24022206889978714,0.24316109422492396,0.07213081087561807,0.16666666666666663,0.31083844580777087,0.14417177914110424,False
cluster_1196,2,0.6047120418848168,0.6047120418848168,0.5590215914092601,0.2094240837696336,1.0,0.7905759162303664,True
cluster_1197,5,0.251539847195012,0.21348314606741578,0.09736372951244672,0.15789473684210517,0.3798449612403101,0.22195022439820491,False
cluster_1198,11,0.17974527102575052,0.18348623853211013,0.16366713349260772,-0.22315384615384617,0.4186046511627907,0.6417584973166369,True
cluster_1199,4,0.1547885391317173,0.16282655415441993,0.03108114795005306,0.1111111111111111,0.18238993710691825,0.07127882599580715,False
cluster_12,5,0.19088934554337741,0.20261531829285817,0.026220072170149048,0.14398545454545447,0.20261531829285817,0.0586298637474037,False
cluster_120,3,-0.12763171905692314,0.13361169102296444,0.6142019778777837,-0.8292682926829269,0.31276144448919313,1.14202973717212,True
cluster_1200,24,0.6374670080310099,0.6807228915662651,0.3710159165688666,0.2198581560283687,1.0,0.7801418439716313,True
cluster_1201,9,0.5676761809517948,0.42753488372093024,0.33727200020549436,0.17822857142857146,1.0,0.8217714285714286,True
cluster_1202,4,0.2726983326359891,0.26781047038689304,0.019733073991572116,0.2570694087403599,0.2981029810298103,0.041033572289450426,False
cluster_1203,26,0.2546764355122165,0.1668742390954507,0.24240618402744754,0.0,1.0,1.0,True
cluster_1204,4,0.16472907657414415,0.1497410780337236,0.051373283604346995,0.12133891213389122,0.23809523809523814,0.11675632596134691,False
cluster_1205,4,0.20245398773006132,0.20245398773006132,0.0,0.20245398773006132,0.20245398773006132,0.0,False
cluster_1206,5,0.24265202702702698,0.20016891891891886,0.06865650184850505,0.179054054054054,0.3260135135135135,0.14695945945945948,False
cluster_1207,12,0.16318663937860117,0.12527557058326286,0.30623344673099395,-0.3871612903225807,1.0,1.3871612903225807,True
cluster_1208,6,0.4469434832756632,0.200062912865681,0.43085086906833375,0.08147216105693614,1.0,0.9185278389430639,True
cluster_1209,5,0.20466462531316218,0.20024271844660194,0.009887684343801825,0.20024271844660194,0.2223522527794032,0.022109534332801273,False
cluster_121,5,0.6820829589976345,1.0,0.4353259282458749,0.20480864018556108,1.0,0.7951913598144389,True
cluster_1210,5,0.377710843373494,0.20998278829604128,0.34892198410783226,0.2000860585197934,1.0,0.7999139414802066,True
cluster_1211,4,0.36487408148716827,0.1605992268041237,0.423562657693531,0.1382978723404256,1.0,0.8617021276595744,True
cluster_1212,3,0.46672403901319565,0.2000860585197934,0.4618305294421318,0.2000860585197934,1.0,0.7999139414802066,True
cluster_1213,5,0.37521463232549457,0.20007465472191113,0.3508034636982584,0.20007465472191113,1.0,0.7999253452780889,True
cluster_1214,3,0.47903780068728513,0.21855670103092778,0.451166499016223,0.21855670103092778,1.0,0.7814432989690723,True
cluster_1215,6,0.049488531801908965,0.1658094681472823,0.18169363162899652,-0.19402985074626866,0.16761363636363633,0.361643487109905,True
cluster_1217,16,0.2767913879734866,0.17594573643410855,0.2855196013947637,0.11583011583011577,1.0,0.8841698841698842,True
cluster_1218,7,0.1189529830008973,0.12785388127853883,0.03324576308349162,0.06688963210702346,0.15899581589958173,0.09210618379255826,False
cluster_122,5,0.19949437608318768,0.05313331498302594,0.32256950368115556,0.05312413982934207,0.7764869029275809,0.7233627630982389,True
cluster_1222,13,0.18575792479946723,0.16778523489932887,0.06132924862189225,0.13826086956521733,0.3836477987421384,0.24538692917692106,False
cluster_1224,6,0.3482567421790723,0.2427184466019418,0.32312047419565704,0.11866666666666666,1.0,0.8813333333333333,True
cluster_1226,12,0.7353622229573271,1.0,0.390895902547666,0.2060866688719815,1.0,0.7939133311280185,True
cluster_1227,8,0.24988078787321308,0.2668969228821071,0.06093638873197221,0.13422818791946306,0.30601156069364166,0.1717833727741786,False
cluster_1228,2,1.0,1.0,0.0,1.0,1.0,0.0,False
cluster_1229,7,0.2887756246371443,0.17084282460136666,0.3136317954864903,0.16703786191536749,1.0,0.8329621380846325,True
cluster_123,4,0.8089660107334526,1.0,0.3820679785330949,0.2358640429338103,1.0,0.7641359570661896,True
cluster_1230,4,0.8243711656441718,1.0,0.3512576687116565,0.29748466257668704,1.0,0.702515337423313,True
cluster_1231,4,0.23769730733519023,0.23769730733519023,0.0,0.23769730733519023,0.23769730733519023,0.0,False
cluster_1232,2,0.20129171151776096,0.20129171151776096,0.0,0.20129171151776096,0.20129171151776096,0.0,False
cluster_1233,4,0.4279801194161875,0.24295714285714284,0.3814302973793723,0.2260061919504644,1.0,0.7739938080495357,True
cluster_1234,3,1.0,1.0,0.0,1.0,1.0,0.0,False
cluster_1235,12,0.1365834933126538,0.1667375584857508,0.0808750737728605,-0.04005340453938582,0.26164912280701763,0.30170252734640346,False
cluster_1236,11,0.02420139659870786,0.05685674547983314,0.17224429469084737,-0.39941569282136896,0.29420600858369095,0.6936217014050599,True
cluster_1237,3,0.46666666666666673,0.2000000000000001,0.46188021535170054,0.2000000000000001,1.0,0.7999999999999999,True
cluster_1238,5,0.20121951219512185,0.20121951219512188,0.0,0.20121951219512188,0.20121951219512188,0.0,False
cluster_1239,7,0.7935169692186267,1.0,0.35285145963729103,0.25600000000000006,1.0,0.744,True
cluster_124,3,0.7662771285475793,1.0,0.4048198882464822,0.29883138564273787,1.0,0.7011686143572622,True
cluster_1241,2,0.3987341772151899,0.3987341772151899,5.551115123125783e-17,0.3987341772151899,0.39873417721518994,5.551115123125783e-17,False
cluster_1242,7,0.22881355932203387,0.22881355932203384,0.0,0.22881355932203384,0.22881355932203384,0.0,False
cluster_1243,5,0.1665867093576571,0.16587677725118477,0.0015420755744949483,0.16528925619834708,0.16853932584269665,0.003250069644349568,False
cluster_1245,5,0.31822928026413916,0.2915082382762991,0.08572483134708235,0.22726666666666667,0.4258555133079847,0.19858884664131804,False
cluster_1247,11,0.4534237613606545,0.25010135135135136,0.35119660753803017,0.21959459459459457,1.0,0.7804054054054055,True
cluster_1248,3,0.4957354276550938,0.2507042253521126,0.4367636598708329,0.2365020576131688,1.0,0.7634979423868312,True
cluster_1249,25,0.23373196283748862,0.1679389312977099,0.24448308684523865,-0.3662626262626263,1.0,1.3662626262626263,True
cluster_125,3,0.2498649665431779,0.2165205479452054,0.06142824640084791,0.2123196347031963,0.32075471698113206,0.10843508227793575,False
cluster_1250,6,0.10078879976456319,0.08801822401201287,0.07560719239630462,0.033313069908814566,0.23601769911504425,0.20270462920622967,False
cluster_1251,3,0.5631720430107526,0.34811827956989255,0.3783190307805798,0.34139784946236557,1.0,0.6586021505376345,True
cluster_1252,12,0.19792193453343856,0.12036336109008339,0.25301591755471653,0.12033195020746901,1.0,0.879668049792531,True
cluster_1253,6,0.09984842543023646,0.16541353383458643,0.165221042394151,-0.2344827586206897,0.20285714285714285,0.4373399014778325,True
cluster_1254,5,0.6845484949832776,0.5050167224080268,0.29042181109142723,0.41270903010033444,1.0,0.5872909698996656,True
cluster_1257,5,0.15909703375069115,0.15049504950495046,0.04695694105514936,0.12525667351129366,0.24040404040404037,0.11514736689274671,False
cluster_1258,3,0.15049504950495046,0.15049504950495046,0.0,0.15049504950495046,0.15049504950495046,0.0,False
cluster_1259,7,0.3272251308900524,0.3272251308900524,0.0,0.3272251308900524,0.3272251308900524,0.0,False
cluster_126,12,0.1667327423205349,0.16318312559923298,0.06674550150670833,0.0671140939597316,0.287841726618705,0.22072763265897338,False
cluster_1260,5,0.05162387047966036,0.045226130653266375,0.14271190981943038,-0.141715976331361,0.20805369127516782,0.34976966760652883,False
cluster_1263,18,0.11696962052511917,0.12556856187290977,0.06565268869271725,0.004126394052044568,0.21035598705501615,0.20622959300297158,False
cluster_1266,11,0.2721781838111721,0.15737430167597768,0.2788520041019958,0.06046979865771817,1.0,0.9395302013422818,True
cluster_1267,3,0.13795784324713253,0.1401257861635221,0.07979251499872653,0.05710344827586206,0.2166442953020134,0.15954084702615134,False
cluster_1268,6,0.41151509147348264,0.29533386170001985,0.2883931641167736,0.28775510204081634,1.0,0.7122448979591837,True
cluster_127,2,0.17470739979445016,0.17470739979445016,0.02484001443476354,0.15714285714285714,0.1922719424460432,0.035129085303186064,False
cluster_1271,6,0.28680203045685276,0.28680203045685276,0.0,0.28680203045685276,0.28680203045685276,0.0,False
cluster_1272,3,0.5168458781362008,0.27526881720430113,0.4184237434772126,0.27526881720430113,1.0,0.7247311827956988,True
cluster_1273,8,0.3091397849462366,0.3091397849462366,0.0,0.3091397849462366,0.3091397849462366,0.0,False
cluster_1274,7,0.4078341013824885,0.3091397849462366,0.26112061710583706,0.3091397849462366,1.0,0.6908602150537634,True
cluster_1275,2,-0.23605232781839175,-0.23605232781839175,0.5917496148829322,-0.6544824932666411,0.1823778376298576,0.8368603308964987,True
cluster_1278,17,0.16323988462638805,0.1949685534591195,0.221465621409939,-0.5861904761904763,0.42953020134228187,1.015720677532758,True
cluster_1279,7,0.18696643200779547,0.16894977168949768,0.11253207148786222,0.0724260355029585,0.4068217054263566,0.3343956699233981,False
cluster_128,4,0.8967459324155194,1.0,0.20650813516896116,0.5869837296620777,1.0,0.4130162703379223,True
cluster_1280,5,-0.5271440587695133,0.292929292929293,1.1449555286126911,-1.8599999999999999,0.315495867768595,2.175495867768595,True
cluster_1281,7,0.28350715378427094,0.16089108910891087,0.31610811698338936,0.1533018867924529,1.0,0.8466981132075471,True
cluster_1285,3,0.7236142748671223,1.0,0.4787141184169107,0.17084282460136666,1.0,0.8291571753986333,True
cluster_1286,13,0.6437139310599229,1.0,0.4005471577782934,0.22734254992319503,1.0,0.772657450076805,True
cluster_129,3,0.4898852274296763,0.2646502835538752,0.4427778099307987,0.2050053987351535,1.0,0.7949946012648466,True
cluster_1292,5,0.33515227460669367,0.17084282460136666,0.37166604640182643,0.16703786191536749,1.0,0.8329621380846325,True
cluster_1293,4,0.16703786191536749,0.16703786191536749,0.0,0.16703786191536749,0.16703786191536749,0.0,False
cluster_1294,6,0.17084282460136666,0.17084282460136666,0.0,0.17084282460136666,0.17084282460136666,0.0,False
cluster_1295,5,0.5291375291375291,0.29603729603729606,0.4326757274338174,0.17482517482517482,1.0,0.8251748251748252,True
cluster_1296,2,0.074576247816895,0.074576247816895,0.07975376723222077,0.018181818181818226,0.13097067745197177,0.11278885927015354,False
cluster_1298,4,0.8090333333333333,1.0,0.38193333333333335,0.2361333333333334,1.0,0.7638666666666666,True
cluster_1299,9,0.5758095888190394,0.2445520581113801,0.40252330773082484,0.21465517241379306,1.0,0.7853448275862069,True
cluster_13,5,0.2898334002871616,0.2657894736842106,0.06547275499390746,0.23617021276595748,0.40192413793103443,0.16575392516507695,False
cluster_130,6,1.0,1.0,0.0,1.0,1.0,0.0,False
cluster_1300,3,0.14640484643561566,0.140952380952381,0.06055805975234613,0.08875739644970404,0.2095047619047619,0.12074736545505785,False
cluster_1302,2,0.06113974867687752,0.06113974867687752,0.026814021565105057,0.04217937219730941,0.08010012515644563,0.03792075295913622,False
cluster_1303,1,0.06024096385542179,0.06024096385542179,0.0,0.06024096385542179,0.06024096385542179,0.0,False
cluster_1304,7,0.7746748413448555,1.0,0.3848873259925531,0.19852551984877131,1.0,0.8014744801512287,True
cluster_1305,7,0.6881183506145403,1.0,0.38913437838149945,0.25069637883008355,1.0,0.7493036211699164,True
cluster_1309,4,0.08593956498668083,0.10905892700087938,0.05403841131414072,0.005277044854881154,0.12036336109008339,0.11508631623520223,False
cluster_131,3,1.0,1.0,0.0,1.0,1.0,0.0,False
cluster_1310,7,0.8962714878482513,1.0,0.2744398470202683,0.27390041493775935,1.0,0.7260995850622407,True
cluster_1311,4,0.6437296875,0.6458593749999999,0.41140022153055616,0.2832,1.0,0.7168,True
cluster_1312,8,0.8160408163265307,1.0,0.34062621956529704,0.2641632653061225,1.0,0.7358367346938774,True
cluster_1314,3,0.14864726901480343,0.12006125574272583,0.04951242737307664,0.12006125574272583,0.20581929555895861,0.08575803981623278,False
cluster_132,5,0.6789278673993276,1.0,0.4426911541957867,0.12401559454191027,1.0,0.8759844054580898,True
cluster_1320,4,0.6000497760079642,0.6000497760079642,0.461822738968506,0.2000995520159283,1.0,0.7999004479840717,True
cluster_1323,7,0.7768752933144748,1.0,0.3812152437710178,0.2000995520159283,1.0,0.7999004479840717,True
cluster_1324,4,0.611444109772423,0.6326104417670684,0.4499951215302375,0.1805555555555556,1.0,0.8194444444444444,True
cluster_1325,4,0.6288981288981289,0.6288981288981289,0.4285115303548782,0.25779625779625776,1.0,0.7422037422037422,True
cluster_1326,12,0.2726876090750436,0.12009162303664916,0.3403393730955317,0.12009162303664916,1.0,0.8799083769633509,True
cluster_1327,6,0.20009640512116209,0.20009483167377898,2.4375742043626934e-06,0.20009483167377898,0.2000995520159283,4.720342149322487e-06,False
cluster_1328,5,0.2002085505735141,0.20020855057351408,0.0,0.20020855057351408,0.20020855057351408,0.0,False
cluster_133,4,0.29631607367722235,0.29750494604947453,0.07064743542885163,0.21911714770797955,0.37113725490196076,0.1520201071939812,False
cluster_1332,7,0.8222429456974494,1.0,0.3039239389632353,0.3527397260273972,1.0,0.6472602739726028,True
cluster_1333,7,0.3395410308782891,0.22497897392767036,0.29143530440830645,0.22161480235492007,1.0,0.77838519764508,True
cluster_1336,3,0.2097354497354497,0.19999999999999998,0.016862293576331913,0.19999999999999998,0.22920634920634916,0.02920634920634918,False
cluster_1337,11,0.3051336149731855,0.2150127226463103,0.23944589614525905,0.20000000000000012,1.0,0.7999999999999998,True
cluster_1339,6,0.32453468697123516,0.2,0.33158216262243306,0.14720812182741122,1.0,0.8527918781725887,True
cluster_134,3,0.47226202646599896,0.20983025610482428,0.45703675139241007,0.20695582329317272,1.0,0.7930441767068273,True
cluster_1340,3,1.0,1.0,0.0,1.0,1.0,0.0,False
cluster_1341,18,0.6749321757984252,1.0,0.38457723135188976,0.1962772785622593,1.0,0.8037227214377407,True
cluster_1342,4,0.6241701990085495,0.6403225806451613,0.43477172275167236,0.2160356347438753,1.0,0.7839643652561247,True
cluster_135,4,0.6228579110898662,0.628125,0.43557110353905676,0.2351816443594647,1.0,0.7648183556405352,True
cluster_136,7,0.06502363155743814,0.1662870159453302,0.24233878395123581,-0.4825751072961374,0.16709183673469383,0.6496669440308313,True
cluster_137,5,0.8439664804469273,1.0,0.348901556489213,0.21983240223463685,1.0,0.7801675977653632,True
cluster_138,3,0.29396922932533354,0.29005959475566157,0.02462235956603702,0.271535593220339,0.3203125,0.04877690677966101,False
cluster_139,5,0.19333536961697162,0.20000000000000004,0.014908349998737597,0.16666666666666669,0.20007900454276126,0.03341233787609457,False
cluster_14,2,1.0,1.0,0.0,1.0,1.0,0.0,False
cluster_140,3,0.28689023600268787,0.20743462246777164,0.1400662130947594,0.204619484749778,0.44861660079051385,0.24399711604073585,False
cluster_141,3,0.3120689655172414,0.3120689655172414,0.0,0.3120689655172414,0.3120689655172414,0.0,False
cluster_142,7,0.7278395529496805,1.0,0.4792137981891328,-0.15458542443420348,1.0,1.1545854244342035,True
cluster_143,3,0.33509581785041737,0.3848101265822785,0.11790328817800977,0.20047732696897372,0.42,0.21952267303102627,False
cluster_144,4,0.6222702702702703,0.6605405405405406,0.4406192247202622,0.16800000000000004,1.0,0.832,True
cluster_145,3,0.31572896204446216,0.2737463126843657,0.15320552406384652,0.18789144050104384,0.48554913294797686,0.297657692446933,True
cluster_147,2,0.5824615384615385,0.5824615384615385,0.5904885551200892,0.1649230769230769,1.0,0.835076923076923,True
cluster_148,3,0.2619397000146492,0.2307692307692309,0.15955774711670775,0.12026726057906459,0.4347826086956522,0.31451534811658766,True
cluster_149,6,0.28271011876878366,0.14375000000000004,0.36607890378605484,-0.022704403666367837,1.0,1.022704403666368,True
cluster_15,5,0.25320833333333337,0.3048208333333333,0.17798488268260781,0.05416666666666667,0.4304208333333333,0.37625416666666667,True
cluster_150,7,0.33561468932873273,0.4265973684210526,0.15802199197840605,0.06153846153846154,0.4410021739130435,0.379463712374582,True
cluster_151,9,0.494792564329766,0.11454545454545449,0.47946880410899323,0.07053178294573648,1.0,0.9294682170542635,True
cluster_152,5,0.5360573049645391,0.24159999999999995,0.42383047239090327,0.2003333333333334,1.0,0.7996666666666666,True
cluster_153,5,0.30495182179999597,0.143714971977582,0.3905083527750526,0.08416666666666663,1.0,0.9158333333333334,True
cluster_154,3,1.0,1.0,0.0,1.0,1.0,0.0,False
cluster_155,5,0.3208373809523809,0.3146999999999999,0.04532707389446692,0.26,0.3797047619047619,0.11970476190476187,False
cluster_156,7,0.36399179831932776,0.27,0.2850940533510439,0.20619600000000005,1.0,0.793804,True
cluster_157,5,0.18298493511850028,0.15651835372636275,0.04631083825354341,0.14975113808801224,0.25796661608497734,0.1082154779969651,False
cluster_158,5,0.11452070621643846,0.024617472434266326,0.2513154390165399,-0.019492177481405436,0.5623529411764705,0.5818451186578759,True
cluster_159,9,0.6848157108119167,1.0,0.3762511257796284,0.21624087591240884,1.0,0.7837591240875912,True
cluster_16,3,0.7638518518518519,1.0,0.40902059070589486,0.29155555555555557,1.0,0.7084444444444444,True
cluster_160,5,1.0,1.0,0.0,1.0,1.0,0.0,False
cluster_161,3,0.3968722290006335,0.27015250544662306,0.23460813115649484,0.2528735632183907,0.6675906183368869,0.4147170551184962,True
cluster_162,8,0.3199136112248323,0.22301664028343132,0.2748206373779192,0.2159227985524728,1.0,0.7840772014475272,True
cluster_163,9,0.8272507936507937,1.0,0.34278857938783514,0.22262857142857148,1.0,0.7773714285714285,True
cluster_164,5,0.08809076329359333,0.036923076923076864,0.10996680249988644,0.008478318701782572,0.27163151097718463,0.26315319227540207,False
cluster_165,3,0.1416666666666667,0.1375,0.007216878364870314,0.1375,0.15,0.012499999999999983,False
cluster_166,5,0.24596833333333334,0.2865347222222222,0.07447239726682771,0.1412333333333333,0.3146541666666666,0.17342083333333333,False
cluster_167,3,0.3066192592592592,0.31,0.015213276419754817,0.29,0.31985777777777774,0.02985777777777776,False
cluster_168,5,0.3307225130250059,0.16317991631799167,0.3795709314870743,0.07769230769230764,1.0,0.9223076923076924,True
cluster_169,3,0.10793090582600351,0.10012674271229405,0.013517207023499702,0.10012674271229405,0.1235392320534224,0.023412489341128356,False
cluster_17,3,0.2545535087719298,0.30359473684210525,0.10601699513359196,0.13289473684210518,0.327171052631579,0.1942763157894738,False
cluster_170,13,1.0,1.0,0.0,1.0,1.0,0.0,False
cluster_171,3,0.45434862838627527,0.20473009568514178,0.47311746581924774,0.15831578947368416,1.0,0.8416842105263158,True
cluster_172,5,0.5533331604382259,0.34545454545454546,0.411455222778078,0.20734762037294738,1.0,0.7926523796270526,True
cluster_173,2,0.5999489187808615,0.5999489187808615,0.5657576647021262,0.19989783756172305,1.0,0.8001021624382769,True
cluster_174,7,0.8878287777204745,1.0,0.29677715840977226,0.21480144404332138,1.0,0.7851985559566786,True
cluster_176,4,0.26618274832556893,0.35874279214362537,0.6942572036100152,-0.652754590984975,1.0,1.652754590984975,True
cluster_178,3,0.36590336658166867,0.3534482758620689,0.03411365063004977,0.33976744186046515,0.4044943820224719,0.06472694016200675,False
cluster_179,8,0.23122500458347023,0.22976880075941353,0.048620340661474866,0.14730819672131143,0.28571428571428564,0.1384060889929742,False
cluster_180,9,0.3075436777894468,0.225,0.2659899084054835,0.12820512820512822,1.0,0.8717948717948718,True
cluster_181,5,0.08231368186874306,0.08870967741935486,0.014301880834954178,0.05672969966629586,0.08870967741935486,0.031979977753059,False
cluster_182,4,0.22679127725856701,0.22928348909657328,0.012049270782438429,0.20996884735202498,0.23862928348909657,0.028660436137071588,False
cluster_183,4,0.22460815047021943,0.22946708463949844,0.009717868338558006,0.21003134796238243,0.22946708463949844,0.01943573667711601,False
cluster_184,3,0.17870308706243287,0.15257457723731713,0.04531846226869966,0.1525023607176582,0.2310323232323233,0.07852996251466512,False
cluster_185,5,1.0,1.0,0.0,1.0,1.0,0.0,False
cluster_186,3,0.49215501022494884,0.2392666666666667,0.4398078781680566,0.23719836400817987,1.0,0.7628016359918202,True
cluster_187,4,0.18628921643237903,0.19605973025048176,0.09864571462355491,0.06015037593984959,0.29288702928870297,0.23273665334885338,False
cluster_188,5,0.1204669864820451,0.1095890410958904,0.04329436851917761,0.08032128514056232,0.16605166051660522,0.0857303753760429,False
cluster_19,3,0.40809523809523807,0.13999999999999996,0.5133609410369209,0.08428571428571437,1.0,0.9157142857142856,True
cluster_191,11,0.27541328040715707,0.26262626262626265,0.05682536505176952,0.1975792988313857,0.36605316973415125,0.16847387090276555,False
cluster_192,11,0.21549798716540144,0.205607476635514,0.0643067213519661,0.10573402417961997,0.3489932885906041,0.2432592644109841,False
cluster_193,6,0.1211010208600959,0.11814090626939795,0.07375818963871386,0.013612903225806527,0.19999999999999993,0.1863870967741934,False
cluster_194,3,0.20337146297411204,0.20000000000000012,0.005839545166999205,0.2,0.21011438892233597,0.01011438892233596,False
cluster_195,6,0.3482979639031854,0.21886682344554176,0.3192719502309463,0.21609403254972878,1.0,0.7839059674502712,True
cluster_196,11,0.33841113489505387,0.2372881355932203,0.2299925750815966,0.14492753623188404,1.0,0.855072463768116,True
cluster_197,1,0.2702702702702703,0.2702702702702703,0.0,0.2702702702702703,0.2702702702702703,0.0,False
cluster_198,20,0.9218798342910597,1.0,0.24044948478522601,0.21702525724976618,1.0,0.7829747427502338,True
cluster_199,4,1.0,1.0,0.0,1.0,1.0,0.0,False
cluster_2,1,1.0,1.0,0.0,1.0,1.0,0.0,False
cluster_20,4,0.1965760610534784,0.17201213458356318,0.07317475384312168,0.13874285714285714,0.3035371179039302,0.16479426076107304,False
cluster_200,2,1.0,1.0,0.0,1.0,1.0,0.0,False
cluster_201,4,0.1482846153846154,0.17735384615384614,0.06294709027087766,0.054,0.1844307692307693,0.1304307692307693,False
cluster_202,7,0.8977033124807712,1.0,0.2706515951215643,0.2839231873653984,1.0,0.7160768126346015,True
cluster_203,5,0.1947498278192473,0.13976565828717513,0.492403470783176,-0.22743609604957393,1.0,1.227436096049574,True
cluster_204,3,0.5238589327494644,0.3011933174224343,0.4126379144596806,0.27038348082595864,1.0,0.7296165191740414,True
cluster_205,5,0.21867886511399628,0.22094361334867665,0.010156047463657124,0.20115606936416186,0.22571428571428573,0.024558216350123868,False
cluster_206,4,0.31174524594735686,0.32945509497744857,0.10780075356276989,0.17237797246558198,0.41569282136894825,0.24331484890336627,False
cluster_207,10,0.8498020499967869,1.0,0.31664545161884167,0.2479829059829059,1.0,0.752017094017094,True
cluster_208,3,0.1265189917827428,0.19156414762741664,0.18649585338788607,-0.0837887067395264,0.2717815344603382,0.3555702411998646,True
cluster_209,3,0.2883478204040925,0.2753820033955857,0.08954328227098313,0.205994277539342,0.3836671802773498,0.17767290273800782,False
cluster_21,5,0.43596548950793307,0.30851063829787234,0.3161776081347163,0.25429553264604815,1.0,0.7457044673539519,True
cluster_210,9,0.1488348989427405,0.1414944356120826,0.01999910063352318,0.12559618441971385,0.1901914580265096,0.06459527360679576,False
cluster_211,6,0.07344341644002318,0.11907538009358089,0.1260770671032206,-0.15025041736227035,0.18158597662771284,0.3318363939899832,False
cluster_212,3,0.23670569318404291,0.3006012024048096,0.1237063101883801,0.09411764705882351,0.31539823008849566,0.22128058302967213,False
cluster_213,4,0.16196529649193872,0.16572754268745357,0.019483592694201,0.13496031746031747,0.18144578313253026,0.04648546567221279,False
cluster_214,4,0.6138507323060022,0.6608863198458574,0.4524539754583509,0.133630289532294,1.0,0.866369710467706,True
cluster_215,10,0.36834901549273036,0.23605001855976243,0.33582877297837965,0.09567198177676527,1.0,0.9043280182232347,True
cluster_216,5,0.21254572302469063,0.15462724935732652,0.08618774562605692,0.15167095115681242,0.34241050119331745,0.19073955003650503,False
cluster_217,5,0.2608789781337951,0.261744966442953,0.01041470945006527,0.2449328859060402,0.27419354838709675,0.02926066248105655,False
cluster_218,5,0.17587321443080586,0.21332046332046325,0.10028605345465053,0.03567839195979897,0.27413127413127414,0.23845288217147517,False
cluster_219,15,0.6167952882481914,0.6268864468864469,0.3846024317409129,0.19413919413919406,1.0,0.8058608058608059,True
cluster_220,3,0.03392072176683369,0.10501193317422443,0.1791996547403697,-0.16991643454039007,0.1666666666666667,0.3365831012070568,True
cluster_222,3,0.42643441972284596,0.14888888888888896,0.49680824582374045,0.13041437027964897,1.0,0.869585629720351,True
cluster_223,3,0.189351290684624,0.19599999999999998,0.03665041260925927,0.14983164983164982,0.2222222222222222,0.0723905723905724,False
cluster_224,3,0.5824803200412956,0.4458536585365854,0.36870748270338743,0.3015873015873015,1.0,0.6984126984126985,True
cluster_225,3,1.0,1.0,0.0,1.0,1.0,0.0,False
cluster_226,3,1.0,1.0,0.0,1.0,1.0,0.0,False
cluster_227,5,0.47417981132075476,0.13396226415094342,0.4800621661257203,0.11318679245283017,1.0,0.8868132075471699,True
cluster_228,5,0.8163333333333334,1.0,0.4106911518674614,0.08166666666666664,1.0,0.9183333333333333,True
cluster_229,4,0.13392340960337867,0.14378666883081748,0.06163720467626061,0.05012531328320806,0.19799498746867167,0.1478696741854636,False
cluster_23,3,0.5698629637656132,0.6669218989280246,0.436919057200839,0.09257606490872208,0.9500909274600929,0.8575148625513709,True
cluster_230,3,0.1318192665671922,0.139433551198257,0.017949977290482505,0.11131725417439697,0.14470699432892256,0.03338974015452559,False
cluster_231,6,1.0,1.0,0.0,1.0,1.0,0.0,False
cluster_232,5,0.3579116465879103,0.2064867541470662,0.3489978731907898,0.11046511627906974,0.9689265536723164,0.8584614373932467,True
cluster_233,2,0.20595097883982866,0.20595097883982866,0.0003422567074038159,0.20570896680111686,0.20619299087854048,0.00048402407742362263,False
cluster_234,5,0.51901328308565,0.20707206000535755,0.43919676415623804,0.18173987941429798,1.0,0.8182601205857021,True
cluster_235,13,0.12565859201298293,0.11851851851851862,0.07866782096126863,-0.043165467625899324,0.22077922077922082,0.26394468840512014,False
cluster_236,7,-0.2044817927170869,0.12605042016806717,0.5644912186663085,-1.030812324929972,0.12605042016806717,1.1568627450980393,True
cluster_237,5,0.18295795600871728,0.18994413407821234,0.09242111679993661,0.05420054200541998,0.3106113537117904,0.2564108117063704,False
cluster_238,5,0.22720709559204533,0.1886821705426357,0.11185893736127087,0.12412060301507533,0.40599999999999997,0.28187939698492465,False
cluster_239,6,0.34384776162808306,0.4041095890410959,0.12221325674657363,0.13155294117647057,0.43150684931506844,0.2999539081385979,False
cluster_24,4,1.0,1.0,0.0,1.0,1.0,0.0,False
cluster_240,3,0.03848887640465647,0.009900990099009866,0.051547463894163474,0.007570093457943881,0.09799554565701567,0.09042545219907179,False
cluster_241,4,0.05570722034875413,0.008889190003011176,0.09773423226917718,0.0028241563055062605,0.2022263450834879,0.19940218877798166,False
cluster_242,3,0.23282783229259585,0.24812030075187969,0.09775358180586266,0.1283292978208232,0.3220338983050847,0.19370460048426152,False
cluster_243,9,0.28442293780025535,0.30364806866952787,0.0878188090869704,0.15248226950354613,0.3950803212851406,0.24259805178159446,False
cluster_244,7,1.0,1.0,0.0,1.0,1.0,0.0,False
cluster_245,12,0.1602982686004095,0.09408138635206362,0.287373491043955,-0.2222807017543859,1.0,1.222280701754386,True
cluster_246,2,0.42805755395683454,0.42805755395683454,0.005087099145226929,0.4244604316546763,0.4316546762589928,0.007194244604316502,False
cluster_247,3,0.7219860279441118,1.0,0.4815343248148325,0.16595808383233535,1.0,0.8340419161676647,True
cluster_248,4,0.08953025879769677,0.08953025879769677,0.04856948372863216,0.04746785204000638,0.13159266555538715,0.08412481351538077,False
cluster_249,5,0.17281872692624572,0.1970050251256281,0.08786093592780546,0.017822277847309175,0.22613065326633158,0.20830837541902242,False
cluster_250,6,0.29388163991568866,0.153281613837528,0.35189099674206886,0.06921241050119342,1.0,0.9307875894988066,True
cluster_251,4,0.6478174603174602,0.6672077922077921,0.4078962469368538,0.2568542568542568,1.0,0.7431457431457432,True
cluster_252,2,0.9266703917995445,0.9266703917995445,0.05736843328299755,0.8861047835990888,0.967236,0.08113121640091114,False
cluster_253,13,0.06525870029702598,0.12732474964234627,0.14552382592727076,-0.1741373801916934,0.2484593837535014,0.4225967639451948,False
cluster_254,1,0.1828275862068966,0.1828275862068966,0.0,0.1828275862068966,0.1828275862068966,0.0,False
cluster_255,5,0.35249201429428617,0.2,0.3625107975564683,0.16357176470588233,1.0,0.8364282352941177,True
cluster_256,11,0.25657376049159913,0.26552475247524754,0.04485880178263653,0.20935412026726066,0.3320235756385069,0.12266945537124621,False
cluster_258,3,0.47435068146230247,0.21531701192718142,0.4552414482036105,0.207735032459726,1.0,0.792264967540274,True
cluster_259,3,1.0,1.0,0.0,1.0,1.0,0.0,False
cluster_26,3,0.13382793102784307,0.09545804464973058,0.09947939827420865,0.059247397918334686,0.24677835051546393,0.18753095259712924,False
cluster_260,4,0.677635732133933,0.7034482758620689,0.3746132156847633,0.3036463768115942,1.0,0.6963536231884058,True
cluster_261,4,0.8280914939242316,1.0,0.34381701215153676,0.3123659756969264,1.0,0.6876340243030736,True
cluster_262,11,0.18122103886872792,0.1907514450867052,0.044310023314857706,0.09843467643467649,0.2549744637385087,0.1565397873038322,False
cluster_263,5,0.09010100772090072,0.10313164145518187,0.05752706983266403,0.03405167281819264,0.17331047292470347,0.13925880010651084,False
cluster_264,6,0.5879505730514376,0.6031460134486072,0.45204345092208187,0.1322222222222223,1.0,0.8677777777777778,True
cluster_265,5,0.6689102913269036,0.9305501365587202,0.4227155360682432,0.19402985074626877,1.0,0.8059701492537312,True
cluster_266,8,0.2571994653356594,0.1386567164179105,0.30099727957191774,0.13731343283582087,1.0,0.8626865671641791,True
cluster_267,11,0.257300432877479,0.16639958376690947,0.2833921136674077,0.005551102204408873,1.0,0.9944488977955911,True
cluster_268,5,0.02869996477067166,0.04444444444444448,0.15635123580505123,-0.14482758620689665,0.18056217246307762,0.32538975866997427,True
cluster_269,8,0.7941082084129174,1.0,0.38123987085390487,0.1739270732494352,1.0,0.8260729267505648,True
cluster_27,4,0.4105207965203729,0.22203156797808904,0.39320316606868727,0.19802005012531335,1.0,0.8019799498746867,True
cluster_270,9,0.12141335858473878,0.16363636363636366,0.29313960038652853,-0.6101694915254238,0.4266442953020135,1.0368137868274372,True
cluster_271,11,0.5814509372586647,1.0,0.48242591570967375,-0.010526315789473648,1.0,1.0105263157894737,True
cluster_272,3,1.0,1.0,0.0,1.0,1.0,0.0,False
cluster_273,4,0.25635338819472897,0.27640939947258947,0.07263489772915292,0.15254237288135594,0.3200523809523809,0.16751000807102498,False
cluster_274,9,0.18091988933016884,0.1797564048719026,0.01966720490812472,0.14812942366026288,0.2000209995800084,0.051891575919745525,False
cluster_275,4,0.16852792019974763,0.15491448322663876,0.030855498346699164,0.1499970000599988,0.21428571428571427,0.06428871422571547,False
cluster_276,3,0.20982824577425888,0.19967987194877945,0.031778297615763756,0.1843636363636364,0.24544122901036078,0.06107759264672438,False
cluster_277,3,0.7284,1.0,0.4704249993357071,0.18519999999999995,1.0,0.8148000000000001,True
cluster_278,3,0.5151315497486262,0.3509996492458787,0.4271467131773729,0.19439499999999993,1.0,0.8056050000000001,True
cluster_279,6,0.48313436234941526,0.2449528841666507,0.4012346285506601,0.20272698446253032,1.0,0.7972730155374697,True
cluster_28,3,0.4126811594202899,0.20833333333333334,0.5164146843709855,0.02971014492753619,1.0,0.9702898550724638,True
cluster_280,3,0.18972822995942798,0.19772800000000004,0.023327503303796668,0.16345335515548284,0.2080033347228011,0.044549979567318265,False
cluster_281,4,0.626293870244155,0.6268507462686567,0.43151962742368327,0.25147398843930635,1.0,0.7485260115606936,True
cluster_282,4,0.12229332985519802,0.12660207506866036,0.013223384069680625,0.1032258064516129,0.13274336283185842,0.029517556380245516,False
cluster_283,3,0.7370638923917613,1.0,0.4554186975218672,0.21119167717528367,1.0,0.7888083228247164,True
cluster_284,3,1.0,1.0,0.0,1.0,1.0,0.0,False
cluster_285,5,0.17235088230153564,0.17711111111111114,0.01098418973965435,0.15789473684210525,0.18181818181818182,0.02392344497607657,False
cluster_286,5,0.1532071234386358,0.15,0.017952579412455632,0.13333333333333336,0.17647266438428688,0.04313933105095352,False
cluster_287,2,0.033339708038503196,0.033339708038503196,0.1743538617727779,-0.08994708994709003,0.15662650602409642,0.24657359597118644,True
cluster_288,5,0.4016555812483012,0.30354231974921636,0.338456872723069,0.19799498746867167,1.0,0.8020050125313283,True
cluster_289,2,0.1525595891312936,0.1525595891312936,3.352246712972261e-05,0.15253588516746408,0.15258329309512314,4.740792765905999e-05,False
cluster_29,10,0.02791498688333982,0.166936790923825,0.3037496979593115,-0.6667224080267559,0.2709030100334448,0.9376254180602006,True
cluster_290,3,0.16246586851501787,0.13043478260869573,0.05547946821135338,0.13043478260869573,0.2265280403276622,0.09609325771896646,False
cluster_291,4,-5.33820178221916,-5.3706544190665335,6.458013951169501,-10.930817610062892,0.31931931931931934,11.250136929382212,True
cluster_292,4,0.13861093130027216,0.13043478260869573,0.06493740045159715,0.068100358422939,0.22547380156075816,0.15737344313781915,False
cluster_293,7,0.7572739989508656,1.0,0.41455579303169254,0.14302325581395345,1.0,0.8569767441860465,True
cluster_294,3,0.7350379840652214,1.0,0.45892767367491105,0.20511395219566414,1.0,0.7948860478043358,True
cluster_295,3,0.33821481481481475,0.33691111111111105,0.1507208955109457,0.18814999999999996,0.4895833333333333,0.30143333333333333,True
cluster_296,4,0.6046186144156752,0.6046186144156752,0.45654709879935423,0.20923722883135049,1.0,0.7907627711686496,True
cluster_297,4,1.0,1.0,0.0,1.0,1.0,0.0,False
cluster_298,3,0.24157970496476577,0.11842105263157894,0.2295754993811303,0.09986400000000004,0.5064540622627183,0.4065900622627182,True
cluster_299,7,0.19560770308123246,0.4001333333333334,0.8089733941291434,-1.5454500000000002,1.0,2.54545,True
cluster_3,1,1.0,1.0,0.0,1.0,1.0,0.0,False
cluster_30,4,0.2081250335318419,0.15515594541910338,0.1321412270479706,0.11851851851851862,0.4036697247706422,0.2851512062521236,False
cluster_300,3,0.18136383354451158,0.10070257611241223,0.13970939607478874,0.10070257611241223,0.3426863484087102,0.24198377229629797,False
cluster_301,5,0.36353438918813047,0.2246443322625057,0.35738869319232247,0.15183414634146344,1.0,0.8481658536585366,True
cluster_302,2,0.6049174174174174,0.6049174174174174,0.5587311465456766,0.20983483483483484,1.0,0.7901651651651651,True
cluster_303,14,-0.10711435591074399,0.44650519031141866,1.6584823166985727,-3.925650557620818,1.0,4.925650557620818,True
cluster_304,5,0.6548809523809525,1.0,0.47258163759821575,0.1333333333333333,1.0,0.8666666666666667,True
cluster_305,4,0.5141237955592795,0.5340909090909091,0.5619882054364853,-0.011686635944700565,1.0,1.0116866359447005,True
cluster_306,5,0.522282474258648,0.21945701357466066,0.43636022353578435,0.17924430955993936,1.0,0.8207556904400606,True
cluster_307,6,0.7647470910081823,1.0,0.38234770373083116,0.11145497912939771,1.0,0.8885450208706023,True
cluster_308,7,0.6793276125418982,1.0,0.40220817574983303,0.2025,1.0,0.7975,True
cluster_309,4,0.6196626784799953,0.6229174147217235,0.4392078699310352,0.23281588447653423,1.0,0.7671841155234658,True
cluster_31,2,0.3709862892525431,0.3709862892525431,0.09207086969540898,0.30588235294117644,0.4360902255639098,0.13020787262273337,False
cluster_310,7,0.1726943185596586,0.1568627450980392,0.05113379132034888,0.1050228310502282,0.27397260273972596,0.16894977168949776,False
cluster_311,3,0.7244897959183674,1.0,0.47719767147305797,0.17346938775510204,1.0,0.826530612244898,True
cluster_312,5,0.17324408163265306,0.17346938775510204,0.0005037998055428019,0.17234285714285716,0.17346938775510204,0.0011265306122448804,False
cluster_313,3,0.7244897959183674,1.0,0.47719767147305797,0.17346938775510204,1.0,0.826530612244898,True
cluster_314,4,1.0,1.0,0.0,1.0,1.0,0.0,False
cluster_315,4,0.7931367346938776,1.0,0.41372653061224496,0.17254693877551017,1.0,0.8274530612244898,True
cluster_316,3,1.0,1.0,0.0,1.0,1.0,0.0,False
cluster_317,7,0.2518149838996285,0.14093959731543623,0.34790024287009014,0.0,1.0,1.0,True
cluster_318,14,0.1623869546369639,0.15827338129496402,0.055739128603736185,0.013529411764705885,0.24879194630872487,0.235262534544019,False
cluster_319,7,0.10809717045750264,0.1744444444444444,0.10563531520566923,-0.04565656565656556,0.189873417721519,0.23552998337808456,False
cluster_32,8,0.16147544328367686,0.14972899728997285,0.0767975000800643,0.07936507936507936,0.27659380692167584,0.19722872755659648,False
cluster_320,14,0.7169520724158882,1.0,0.34069522819073367,0.2392822966507176,1.0,0.7607177033492825,True
cluster_321,2,0.4117231638418079,0.4117231638418079,0.006991168740544916,0.4067796610169492,0.41666666666666663,0.00988700564971745,False
cluster_322,12,0.18924790352809626,0.10635220125786164,0.3071109082344292,-0.27522935779816493,1.0,1.2752293577981648,True
cluster_323,14,0.18826455812609327,0.20487106017191986,0.05835534092870086,0.0974212034383955,0.26332288401253917,0.16590168057414367,False
cluster_324,6,0.3337026726327769,0.23536641221374052,0.33342496763902274,0.0645879732739421,1.0,0.9354120267260579,True
cluster_325,1,0.31688524590163936,0.31688524590163936,0.0,0.31688524590163936,0.31688524590163936,0.0,False
cluster_327,7,0.7869700120566903,1.0,0.36381899690635766,0.2528951747088186,1.0,0.7471048252911814,True
cluster_328,4,0.4865790702144603,0.3224043715846995,0.34242234478964845,0.30150753768844224,1.0,0.6984924623115578,True
cluster_329,10,0.8488764524948735,1.0,0.3186800392306418,0.2288961038961039,1.0,0.7711038961038961,True
cluster_33,3,0.4490181818181818,0.23562597402597402,0.4811880834748425,0.11142857142857139,1.0,0.8885714285714286,True
cluster_330,5,0.06991637630030648,0.08311688311688319,0.027281868195609682,0.040080160320641316,0.09404388714733537,0.05396372682669406,False
cluster_331,12,0.5955712179841534,0.3233830845771143,0.3573369364353645,0.28240740740740744,1.0,0.7175925925925926,True
cluster_333,6,0.5373134328358208,0.3233830845771143,0.35873372285549704,0.2885572139303482,1.0,0.7114427860696517,True
cluster_334,7,0.6084631615275271,0.3240624999999999,0.366460578810225,0.2884134615384616,1.0,0.7115865384615384,True
cluster_335,3,0.5372968490878938,0.3233830845771143,0.40109192418765627,0.28850746268656713,1.0,0.7114925373134329,True
cluster_336,7,0.6615772625160462,0.48702439024390237,0.32113726578056334,0.3124375,1.0,0.6875625000000001,True
cluster_339,6,0.6510033167495853,0.6616666666666666,0.38248763002969294,0.2891542288557213,1.0,0.7108457711442787,True
cluster_34,5,0.1115754414224471,0.20874032258064512,0.3276670434248628,-0.46249999999999997,0.34375,0.8062499999999999,True
cluster_340,4,0.821243961352657,1.0,0.35751207729468604,0.284975845410628,1.0,0.7150241545893721,True
cluster_341,4,0.31553258093747427,0.3224043715846995,0.05626666835792418,0.24043715846994543,0.3768844221105528,0.13644726364060736,False
cluster_342,7,0.7405246309370989,1.0,0.327564388952479,0.3124375,1.0,0.6875625000000001,True
cluster_343,3,1.0,1.0,0.0,1.0,1.0,0.0,False
cluster_348,7,0.24846452606239838,0.11117021276595739,0.3346277474258367,0.06584684684684686,1.0,0.9341531531531532,True
cluster_349,3,1.0,1.0,0.0,1.0,1.0,0.0,False
cluster_35,4,0.6005603755868545,0.6196066666666666,0.46228063043871037,0.16302816901408454,1.0,0.8369718309859154,True
cluster_350,6,-0.3522236677307869,0.3231842105263158,2.0386826077069236,-4.477826086956521,1.0,5.477826086956521,True
cluster_351,8,0.9172932330827068,1.0,0.233930062948933,0.33834586466165417,1.0,0.6616541353383458,True
cluster_352,14,0.4007502276994339,0.3119789081885856,0.2573547347167666,0.17170886075949374,1.0,0.8282911392405062,True
cluster_353,7,0.8147403185382812,1.0,0.3166474980915605,0.3295263157894736,1.0,0.6704736842105263,True
cluster_354,4,0.12869977160670548,0.13397795591182368,0.06188728000395319,0.06349206349206343,0.18335111111111108,0.11985904761904764,False
cluster_355,11,0.33658693333351347,0.37399999999999994,0.10917173044565487,0.13899613899613897,0.4574820143884892,0.3184858753923502,False
cluster_356,3,-0.1546004349717269,-0.2541322314049588,0.17239412839096036,-0.2541322314049588,0.04446315789473681,0.2985953892996956,True
cluster_357,1,0.4497354497354497,0.4497354497354497,0.0,0.4497354497354497,0.4497354497354497,0.0,False
cluster_358,5,0.16461744393137182,0.0751879699248121,0.21911170437799743,-0.023222579492676032,0.5360378706680957,0.5592604501607717,True
cluster_359,3,0.42058224163027663,0.1308733624454149,0.501790498152014,0.1308733624454149,1.0,0.8691266375545851,True
cluster_36,3,0.734228187919463,1.0,0.4603302817431379,0.20268456375838922,1.0,0.7973154362416108,True
cluster_360,7,0.11515245320587367,0.13096069868995636,0.10935926025728913,-0.09003215434083613,0.24401571989996423,0.33404787424080035,False
cluster_361,3,0.6758697239687169,0.9703573809841313,0.510067584152615,0.08689440993788827,0.9703573809841313,0.8834629710462429,True
cluster_362,3,0.14767452906606013,0.12352253756260441,0.046374228812211635,0.118361153262519,0.20113989637305701,0.08277874311053801,False
cluster_363,3,0.06774704556084277,0.056761268781302145,0.06904954657251484,0.004848966613672492,0.14163090128755368,0.1367819346738812,False
cluster_364,1,0.3360377358490566,0.3360377358490566,0.0,0.3360377358490566,0.3360377358490566,0.0,False
cluster_365,1,0.125023923444976,0.125023923444976,0.0,0.125023923444976,0.125023923444976,0.0,False
cluster_366,2,1.0,1.0,0.0,1.0,1.0,0.0,False
cluster_367,4,-4.316906268228114,0.24097007223942213,9.62842396515293,-18.7495652173913,1.0,19.7495652173913,True
cluster_369,2,0.08447432762836184,0.08447432762836184,0.018844655048736843,0.0711491442542787,0.09779951100244497,0.02665036674816626,False
cluster_37,3,1.0,1.0,0.0,1.0,1.0,0.0,False
cluster_370,3,0.5000101737314254,0.2504892367906067,0.4330041505949931,0.24954128440366977,1.0,0.7504587155963303,True
cluster_371,7,0.7395934500282326,1.0,0.44473247703529717,0.08546583850931687,1.0,0.9145341614906831,True
cluster_373,4,0.128992634830126,0.11986220004751731,0.02720143552801372,0.10928961748633889,0.16695652173913042,0.05766690425279153,False
cluster_374,5,0.2726297040013862,0.20483129673536382,0.4627138721613475,-0.2905884861407249,1.0,1.2905884861407249,True
cluster_375,2,0.13914301613800784,0.13914301613800784,0.03892431986364674,0.111619365609349,0.16666666666666669,0.055047301057317685,False
cluster_377,6,0.10456972199430271,0.10340777480767285,0.017506594972162934,0.08585055643879173,0.13642052565707133,0.050569969218279595,False
cluster_378,10,0.18926121992831685,0.16666666666666674,0.04300642528030669,0.14814814814814814,0.27419354838709675,0.1260454002389486,False
cluster_379,2,0.10206844760029762,0.10206844760029762,0.04861174427645992,0.06769475357710647,0.13644214162348878,0.06874738804638231,False
cluster_38,4,0.6103742138988419,0.6194212200386232,0.4501436064711376,0.20265441551812158,1.0,0.7973455844818784,True
cluster_380,3,0.10017121943044167,0.08462867012089814,0.030884280907571872,0.08014571948998185,0.13573926868044509,0.055593549190463235,False
cluster_381,11,0.6226522124498395,1.0,0.4397884047681736,0.09123266563944535,1.0,0.9087673343605547,True
cluster_382,3,0.49109465408565933,0.2528476821192053,0.4410228033443923,0.22043628013777275,1.0,0.7795637198622273,True
cluster_383,6,0.7826232496799969,1.0,0.34831759766114445,0.2071680695085528,1.0,0.7928319304914472,True
cluster_384,3,0.7293175853018372,1.0,0.46883569497264654,0.18795275590551175,1.0,0.8120472440944883,True
cluster_385,17,0.14945398397401072,0.16981132075471697,0.26752166302728037,-0.811743119266055,0.5493562231759657,1.3610993424420208,True
cluster_387,2,0.22083671473458605,0.22083671473458605,0.0027735736365911987,0.21887550200803216,0.2227979274611399,0.003922425453107753,False
cluster_388,6,0.8118966412897448,1.0,0.2937791664255301,0.37679802955665026,1.0,0.6232019704433498,True
cluster_389,6,0.6092434394193188,0.629396984924623,0.4286226045731193,0.19666666666666668,1.0,0.8033333333333333,True
cluster_39,2,1.0,1.0,0.0,1.0,1.0,0.0,False
cluster_390,4,1.0,1.0,0.0,1.0,1.0,0.0,False
cluster_391,9,0.15308534629419634,0.1666666666666667,0.07183649376351284,0.02588996763754048,0.2700977995110024,0.2442078318734619,False
cluster_392,3,0.2031877729257642,0.20397379912663757,0.008585979072397209,0.19423580786026204,0.211353711790393,0.017117903930130962,False
cluster_393,10,0.7099952396041316,1.0,0.3811405280574823,0.11924148606811141,1.0,0.8807585139318885,True
cluster_394,3,0.7388993120700439,1.0,0.4522396573858701,0.21669793621013136,1.0,0.7833020637898687,True
cluster_395,14,0.18185040248907622,0.12514277389277392,0.23934908015355133,0.04580310880829017,1.0,0.9541968911917098,True
cluster_396,5,0.5343063742197629,0.23965141612200427,0.42555877920043556,0.19222903885480563,1.0,0.8077709611451944,True
cluster_397,3,1.0,1.0,0.0,1.0,1.0,0.0,False
cluster_398,8,0.13367582073214673,0.12159984692968201,0.06935041948655835,0.0,0.22414201183431956,0.22414201183431956,False
cluster_399,3,0.19379660809354937,0.25204408817635277,0.10097438343787989,0.07720144752714099,0.2521442885771544,0.1749428410500134,False
cluster_40,3,0.23076193328079853,0.26172,0.07155899638931927,0.14893617021276595,0.2816296296296296,0.13269345941686367,False
cluster_400,1,0.22606382978723397,0.22606382978723397,0.0,0.22606382978723397,0.22606382978723397,0.0,False
cluster_401,11,0.5379336990904323,0.2931752577319587,0.4465009896477253,0.06169665809768643,1.0,0.9383033419023136,True
cluster_402,13,0.6675561818555503,0.5,0.3292237120371003,0.2554347826086956,1.0,0.7445652173913044,True
cluster_404,1,1.0,1.0,0.0,1.0,1.0,0.0,False
cluster_405,7,0.0962071291753167,0.09288508557457205,0.059096591814468,-3.344481605343376e-05,0.19496240601503764,0.19499585083109108,False
cluster_406,3,0.7767497034400949,1.0,0.38668085644657496,0.3302491103202847,1.0,0.6697508896797153,True
cluster_407,8,0.9033404325032766,1.0,0.27339454257396784,0.2267234600262123,1.0,0.7732765399737878,True
cluster_408,14,0.40758329953729294,0.7534246575342465,1.1689968111804554,-3.5,1.0,4.5,True
cluster_409,6,0.6029114347898878,0.6044776494224008,0.4350004432448509,0.20000000000000004,1.0,0.7999999999999999,True
cluster_41,3,0.4904517312542995,0.26326530612244897,0.442143257708937,0.2080898876404494,1.0,0.7919101123595507,True
cluster_410,3,0.4797402601978349,0.22535211267605637,0.4505947347896371,0.21386866791744844,1.0,0.7861313320825516,True
cluster_411,12,0.6061123439043214,0.6112100737100737,0.4114161845712828,0.20954497354497345,1.0,0.7904550264550265,True
cluster_412,3,0.7471644444444445,1.0,0.4379240281821258,0.2414933333333334,1.0,0.7585066666666667,True
cluster_413,1,0.321608040201005,0.321608040201005,0.0,0.321608040201005,0.321608040201005,0.0,False
cluster_414,3,1.0,1.0,0.0,1.0,1.0,0.0,False
cluster_415,3,0.7414500683994528,1.0,0.44782161782560576,0.22435020519835838,1.0,0.7756497948016416,True
cluster_416,4,0.6913318037801813,0.7684660766961652,0.3780219525797435,0.2283950617283951,1.0,0.7716049382716049,True
cluster_417,4,1.0,1.0,0.0,1.0,1.0,0.0,False
cluster_418,3,1.0,1.0,0.0,1.0,1.0,0.0,False
cluster_42,8,0.10117781155015199,0.10053191489361699,0.023799986849624855,0.06079027355623105,0.1306990881458967,0.06990881458966565,False
cluster_420,3,0.5590738849165815,0.4044943820224719,0.3874951896410074,0.27272727272727265,1.0,0.7272727272727273,True
cluster_421,4,0.8078281519861831,1.0,0.38434369602763385,0.23131260794473224,1.0,0.7686873920552677,True
cluster_422,2,0.1361136250387189,0.1361136250387189,0.016792083827854458,0.12423982869379006,0.14798742138364776,0.023747592689857697,False
cluster_423,5,1.0,1.0,0.0,1.0,1.0,0.0,False
cluster_424,6,0.19156582941446787,0.16898379861342827,0.09556202467773116,0.09602194787379975,0.3693693693693694,0.2733474214955697,False
cluster_425,4,0.18729122633865167,0.20821117105372813,0.10563037479375255,0.041666666666666664,0.2910758965804838,0.24940922991381712,False
cluster_426,3,0.22622255932517735,0.17266187050359713,0.12011333617187965,0.14220735785953184,0.36379844961240315,0.2215910917528713,False
cluster_427,3,0.7388439652590596,1.0,0.4523355208745316,0.2165318957771788,1.0,0.7834681042228212,True
cluster_428,4,0.14417413670626694,0.16237979314333367,0.06704970465333461,0.04809619238476958,0.2038407681536308,0.15574457576886122,False
cluster_429,7,0.31892609343576755,0.23901940755873333,0.28134595083836117,0.07821229050279337,0.9149249886346416,0.8367126981318482,True
cluster_43,3,0.1616423059760228,0.15993537964458804,0.010062569017996407,0.1525423728813559,0.17244916540212446,0.019906792520768574,False
cluster_430,9,0.28255971200040275,0.1666666666666667,0.2740319512864943,0.1307102367455818,1.0,0.8692897632544182,True
cluster_431,3,0.11868910202479109,0.10482921083627804,0.04276656950582455,0.08457142857142859,0.16666666666666663,0.08209523809523804,False
cluster_432,3,1.0,1.0,0.0,1.0,1.0,0.0,False
cluster_433,9,0.17364975626471743,0.16143042912873867,0.05394712699970804,0.10532019704433497,0.2626928281461435,0.1573726311018085,False
cluster_434,2,0.15402287021154945,0.15402287021154945,0.06680036548993196,0.10678787878787874,0.20125786163522016,0.09446998284734143,False
cluster_435,4,0.22841651114554382,0.2439810623038996,0.078777714539435,0.11897590361445784,0.3067280163599182,0.18775211274546036,False
cluster_436,5,0.2427139202713049,0.2527777777777778,0.03461057809848781,0.1830065359477124,0.2687074829931973,0.0857009470454849,False
cluster_437,11,0.3995397854248384,0.6534383954154728,0.7649070226104757,-1.7414563106796117,1.0,2.7414563106796117,True
cluster_438,1,0.3395522388059702,0.3395522388059702,0.0,0.3395522388059702,0.3395522388059702,0.0,False
cluster_439,4,0.4116666666666667,0.24000000000000002,0.39374272480051403,0.16666666666666669,1.0,0.8333333333333333,True
cluster_44,4,0.37588038211552643,0.39343520090548956,0.0667690858984111,0.28230769230769237,0.43434343434343436,0.152035742035742,False
cluster_440,3,0.21498309456771322,0.2114093959731544,0.006195640696509851,0.21140268456375844,0.22213720316622687,0.010734518602468435,False
cluster_441,6,0.4846284903889912,0.2510460251046025,0.4001252169467221,0.17682317073170725,1.0,0.8231768292682927,True
cluster_442,2,0.12189715244869062,0.12189715244869062,0.1531175321710128,0.013626707132018124,0.2301675977653631,0.21654089063334497,True
cluster_443,4,0.09429065743944635,0.09429065743944635,0.0,0.09429065743944635,0.09429065743944635,0.0,False
cluster_444,5,0.562992125984252,0.2716535433070866,0.3989317840096683,0.2716535433070866,1.0,0.7283464566929134,True
cluster_445,4,0.42606220846607795,0.23533609576427264,0.3826261917210021,0.23357664233576644,1.0,0.7664233576642335,True
cluster_446,1,0.1672025723472669,0.1672025723472669,0.0,0.1672025723472669,0.1672025723472669,0.0,False
cluster_447,5,0.6553102585667767,1.0,0.4775833343251408,0.035171982489055675,1.0,0.9648280175109443,True
cluster_448,8,0.13611728780527976,0.16588297311544548,0.048468605483146465,0.03420537897310511,0.16774193548387098,0.13353655651076587,False
cluster_449,4,0.49090150250417364,0.4991652754590985,0.01652754590984975,0.466110183639399,0.4991652754590985,0.03305509181969951,False
cluster_45,5,0.17648055968538162,0.14820788530465948,0.10833660546278306,0.0634920634920634,0.3565967365967366,0.29310467310467314,False
cluster_450,4,0.5326377295492487,0.4991652754590985,0.09033570857504958,0.466110183639399,0.666110183639399,0.2,False
cluster_451,4,0.23735138653544102,0.23975266962680267,0.09683528615804185,0.11646586345381527,0.35343434343434343,0.23696847998052817,False
cluster_452,4,0.07883739360922785,0.08611825192802056,0.014561716637585402,0.056994818652849756,0.08611825192802056,0.0291234332751708,False
cluster_453,3,0.10987877062078687,0.10255639097744366,0.05304366724327372,0.06087671232876711,0.1662032085561498,0.1053264962273827,False
cluster_454,7,0.6786613953600041,1.0,0.40196473135814237,0.18854961832061076,1.0,0.8114503816793892,True
cluster_455,7,0.4612699048931132,0.23598820058997058,0.3858891932703721,0.11285266457680247,1.0,0.8871473354231976,True
cluster_456,5,0.5378852803579904,0.23673469387755103,0.421872507311024,0.22594752186588932,1.0,0.7740524781341107,True
cluster_457,3,0.7603748326639893,1.0,0.4150429645981647,0.2811244979919679,1.0,0.7188755020080321,True
cluster_458,4,0.08067237936981864,0.06606787578212847,0.06031432653766074,0.024390243902438987,0.1661635220125786,0.14177327811013962,False
cluster_459,6,0.4868530701754386,0.23029605263157893,0.39748190294582814,0.2302631578947369,1.0,0.769736842105263,True
cluster_46,4,0.1863088265262501,0.19839790978875088,0.11636198808748444,0.05405405405405403,0.29438543247344456,0.24033137841939053,False
cluster_460,11,0.7099090172814574,1.0,0.33349788197261065,0.3358208955223881,1.0,0.664179104477612,True
cluster_461,2,0.6550218340611353,0.6550218340611353,0.4878728009933385,0.31004366812227074,1.0,0.6899563318777293,True
cluster_462,16,0.1077305201254355,0.10627016524708562,0.09514757065475696,-0.1639344262295082,0.2878787878787878,0.451813214108296,False
cluster_463,1,0.9395210578953217,0.9395210578953217,0.0,0.9395210578953217,0.9395210578953217,0.0,False
cluster_464,3,0.14243666966397253,0.1366742596810933,0.09492512516303564,0.05052401746724887,0.2401117318435754,0.18958771437632654,False
cluster_466,3,0.23209981626695178,0.22983298538622135,0.004064031377991075,0.22967479674796745,0.2367916666666666,0.007116869918699142,False
cluster_468,3,0.537454699322979,0.3113425925925926,0.40060922055555365,0.30102150537634415,1.0,0.6989784946236559,True
cluster_469,3,0.5954689265536723,0.4,0.35040010837259267,0.386406779661017,1.0,0.613593220338983,True
cluster_47,4,0.5531658856082948,0.471334906012828,0.3190146601519578,0.2699937304075235,1.0,0.7300062695924765,True
cluster_470,6,0.892120669056153,1.0,0.26424931460526535,0.3527240143369175,1.0,0.6472759856630825,True
cluster_471,9,0.6737574750261482,1.0,0.38735201864147856,0.23241379310344829,1.0,0.7675862068965518,True
cluster_472,4,0.42937686702089684,0.24319133034379675,0.3805462060131942,0.23112480739599384,1.0,0.7688751926040062,True
cluster_473,6,0.8718703976435935,1.0,0.313852146718905,0.23122238586156116,1.0,0.7687776141384388,True
cluster_474,4,0.8223076923076923,1.0,0.3553846153846154,0.28923076923076924,1.0,0.7107692307692308,True
cluster_475,4,0.8535564853556485,1.0,0.2928870292887029,0.4142259414225942,1.0,0.5857740585774058,True
cluster_476,13,0.5371870856967107,0.2690476190476191,0.3820767227204649,0.19540229885057464,1.0,0.8045977011494254,True
cluster_477,5,0.846857142857143,1.0,0.34243783883996776,0.23428571428571437,1.0,0.7657142857142856,True
cluster_478,3,1.0,1.0,0.0,1.0,1.0,0.0,False
cluster_479,3,0.15339436357399333,0.1545012165450122,0.027932577412428383,0.1249248120300752,0.1807570621468926,0.0558322501168174,False
cluster_48,6,0.5002041508424552,0.3181818181818181,0.3920279437501591,0.16491654021244323,1.0,0.8350834597875567,True
cluster_480,4,0.5965617151058485,0.6097900968783638,0.4663509835406137,0.16666666666666666,1.0,0.8333333333333334,True
cluster_482,4,0.15256524689973863,0.15395443167210976,0.08226499737386611,0.05444126074498578,0.24791086350974922,0.19346960276476344,False
cluster_483,6,0.14378215757777535,0.13160016542597192,0.02720445811405711,0.12068100358422938,0.1809056603773585,0.06022465679312912,False
cluster_484,4,0.6253145562510031,0.6268656716417911,0.4326568982081049,0.24752688172043016,1.0,0.7524731182795699,True
cluster_485,5,0.1695545502173513,0.1864406779661017,0.036598078671452865,0.11052631578947376,0.20436507936507936,0.0938387635756056,False
cluster_486,5,0.3247374301675978,0.3189944134078212,0.020674105056646665,0.3016759776536313,0.34636871508379896,0.04469273743016766,False
cluster_487,3,0.7372200323891588,1.0,0.4551482551132809,0.21166009716747639,1.0,0.7883399028325236,True
cluster_488,6,0.7168044101304322,1.0,0.44112149145528134,0.0778048780487804,1.0,0.9221951219512196,True
cluster_489,4,0.13413217752058845,0.11948137517540505,0.03323790104797022,0.1140939597315437,0.183472,0.0693780402684563,False
cluster_49,4,0.8996245583038869,0.9166666666666666,0.034084216725559446,0.8484982332155477,0.9166666666666667,0.068168433451119,False
cluster_490,6,0.2018234318872617,0.17927051671732525,0.09025247653599391,0.1367781155015198,0.3776883116883117,0.24091019618679188,False
cluster_491,3,0.1640782547628712,0.16516709511568126,0.0032716688139486074,0.16040100250626568,0.16666666666666663,0.006265664160400947,False
cluster_492,4,0.8000173913043478,1.0,0.3999652173913043,0.20006956521739136,1.0,0.7999304347826086,True
cluster_493,1,0.17516631929970822,0.17516631929970822,0.0,0.17516631929970822,0.17516631929970822,0.0,False
cluster_494,8,0.9022704837117473,1.0,0.27642081475801855,0.21816386969397836,1.0,0.7818361303060216,True
cluster_495,3,0.13159266555538715,0.13159266555538715,0.0,0.13159266555538715,0.13159266555538715,0.0,False
cluster_496,4,0.13159266555538715,0.13159266555538715,0.0,0.13159266555538715,0.13159266555538715,0.0,False
cluster_497,1,1.0,1.0,0.0,1.0,1.0,0.0,False
cluster_498,8,0.13159266555538715,0.13159266555538715,0.0,0.13159266555538715,0.13159266555538715,0.0,False
cluster_499,3,0.13159266555538715,0.13159266555538715,0.0,0.13159266555538715,0.13159266555538715,0.0,False
cluster_50,4,0.6046844033546097,0.6050238429172511,0.4564714688265986,0.2086899275839368,1.0,0.7913100724160632,True
cluster_500,4,0.09493906578280548,0.06749402599103081,0.15234124934368395,-0.060109837631327476,0.30487804878048774,0.36498788641181523,True
cluster_501,6,0.8877068557919622,1.0,0.27506090492246094,0.326241134751773,1.0,0.6737588652482269,True
cluster_502,5,0.5447063729923685,0.24509803921568626,0.41563792027870367,0.23588709677419353,1.0,0.7641129032258065,True
cluster_503,4,0.2630304626102946,0.29606076664900194,0.08419319238527946,0.1383219954648527,0.3216783216783218,0.1833563262134691,False
cluster_504,4,0.42413988637816824,0.24287267463525092,0.3842060746050469,0.21081419624217124,1.0,0.7891858037578288,True
cluster_505,3,0.7467932489451478,1.0,0.43856695764644854,0.2403797468354431,1.0,0.7596202531645568,True
cluster_506,10,0.7960330882352942,1.0,0.26340845130492324,0.4798529411764706,1.0,0.5201470588235294,True
cluster_507,20,0.7124822329241406,1.0,0.40367832207312804,0.09467966573816146,1.0,0.9053203342618386,True
cluster_508,5,0.694392,1.0,0.41847098838509705,0.23598,1.0,0.76402,True
cluster_509,5,0.3804861062367343,0.23461538461538464,0.34657877275213034,0.2026209677419355,1.0,0.7973790322580645,True
cluster_51,3,0.21350760824664117,0.21074969770253926,0.005933528411981983,0.20945497015312742,0.22031815688425677,0.010863186731129348,False
cluster_510,4,1.0,1.0,0.0,1.0,1.0,0.0,False
cluster_511,4,0.21862270212378795,0.2238412896705641,0.011080203113066095,0.20201602136181582,0.2247922077922078,0.022776186430391976,False
cluster_512,3,0.7318668466036886,1.0,0.46442024487607064,0.1956005398110661,1.0,0.8043994601889339,True
cluster_513,6,1.0,1.0,0.0,1.0,1.0,0.0,False
cluster_514,3,1.0,1.0,0.0,1.0,1.0,0.0,False
cluster_515,3,1.0,1.0,0.0,1.0,1.0,0.0,False
cluster_516,18,0.1919296079685192,0.08900876232201539,0.2979448878556304,-0.035230352303523005,1.0,1.0352303523035231,True
cluster_517,5,0.8465201465201465,1.0,0.34319138555766004,0.23260073260073252,1.0,0.7673992673992674,True
cluster_518,18,0.8639807327100277,1.0,0.31357417180217795,0.14145383104125733,1.0,0.8585461689587427,True
cluster_519,3,1.0,1.0,0.0,1.0,1.0,0.0,False
cluster_52,3,0.19588464087909296,0.16771866546438227,0.048836083704356485,0.16765957446808516,0.2522756827048115,0.08461610823672633,False
cluster_520,8,0.81375,1.0,0.34486798716527545,0.25500000000000006,1.0,0.7449999999999999,True
cluster_521,5,1.0,1.0,0.0,1.0,1.0,0.0,False
cluster_522,3,0.1370456421647475,0.17726657645466842,0.06966470171803231,0.05660377358490563,0.17726657645466842,0.1206628028697628,False
cluster_523,6,0.09844269582019005,0.0849529780564263,0.03643315933090115,0.06037249283667624,0.1580547112462006,0.09768221840952436,False
cluster_524,2,0.15254237288135586,0.15254237288135586,0.0,0.15254237288135586,0.15254237288135586,0.0,False
cluster_525,5,0.2910422496001114,0.2899159663865546,0.0906516366350653,0.20134228187919467,0.396838905775076,0.19549662389588135,False
cluster_527,5,0.5102723788161032,0.2047029972752044,0.4472826287785561,0.16475651189127968,1.0,0.8352434881087203,True
cluster_528,4,0.2659105501385815,0.2520439273394349,0.14552927786154085,0.10475982532751092,0.45479452054794517,0.35003469522043423,False
cluster_529,3,0.7473118279569891,1.0,0.4376687524502002,0.24193548387096772,1.0,0.7580645161290323,True
cluster_53,11,0.6337107536984963,1.0,0.42505217836269127,0.04391328515842138,1.0,0.9560867148415786,True
cluster_530,15,0.2081958100552457,0.16551724137931034,0.15426740943630896,0.050359712230215715,0.5617977528089888,0.5114380405787731,True
cluster_531,5,0.36992443561394495,0.23701186440677965,0.3548533657771294,0.16666666666666666,1.0,0.8333333333333334,True
cluster_532,8,0.6032363841127634,0.7152823529411765,0.44368359252876655,-0.0535714285714287,1.0,1.0535714285714286,True
cluster_533,9,0.6517637425156872,0.4970414201183432,0.3385157985922716,0.23408239700374533,1.0,0.7659176029962547,True
cluster_535,5,0.032914355593709047,0.035312859545092445,0.0032842867960949126,0.029316599666633934,0.035312859545092445,0.005996259878458511,False
cluster_536,3,0.032724432150203965,0.035312859545092445,0.10018752805050433,-0.0687322286498677,0.13159266555538715,0.20032489420525484,False
cluster_537,5,-4.729162422773226,0.17874396135265697,11.84684780397878,-25.907090464547675,1.0,26.907090464547675,True
cluster_538,4,0.23750307906329704,0.23684210526315796,0.001746568473748316,0.23624,0.24008810572687223,0.0038481057268722196,False
cluster_539,4,0.19156356936035795,0.2528735632183908,0.12261998771606561,0.007633587786259549,0.2528735632183908,0.24523997543213122,False
cluster_54,3,0.31065926699050395,0.24491228070175433,0.16727972182261294,0.1862416107382551,0.5008239095315025,0.3145822987932474,True
cluster_541,2,0.6412608405603736,0.6412608405603736,0.5073337846338438,0.2825216811207471,1.0,0.7174783188792528,True
cluster_544,3,0.23533200236508053,0.2091738442608543,0.1250859295654539,0.12539359140581594,0.3714285714285714,0.24603498002275545,False
cluster_545,4,0.2086466165413534,0.20050125313283212,0.6395558336642451,-0.5664160401002506,1.0,1.5664160401002505,True
cluster_546,6,0.3830246974615825,0.3161958867958868,0.3151007017594714,0.14349276974416017,1.0,0.8565072302558399,True
cluster_547,4,0.3412431650553537,0.1936333234291928,0.45722225849803183,-0.022293986636970915,1.0,1.022293986636971,True
cluster_548,7,0.891705069124424,1.0,0.2865214553457045,0.24193548387096772,1.0,0.7580645161290323,True
cluster_549,4,0.22505931685836716,0.2252710027100271,0.03217077463916917,0.19417475728155328,0.2555205047318612,0.061345747450307936,False
cluster_55,2,-0.711891891891892,-0.711891891891892,1.388987050179413,-1.6940540540540543,0.2702702702702703,1.9643243243243247,True
cluster_550,9,0.3390977794824906,0.2223572296476306,0.2642416834003332,0.21941983122362876,1.0,0.7805801687763713,True
cluster_551,4,0.834070796460177,1.0,0.331858407079646,0.336283185840708,1.0,0.663716814159292,True
cluster_552,11,0.6468618367444319,1.0,0.4374502674318019,-0.10913404507710557,1.0,1.1091340450771057,True
cluster_553,18,0.786182283617816,1.0,0.355113743399481,0.2107819181429445,1.0,0.7892180818570556,True
cluster_554,18,0.14618250377782857,0.10357820037559073,0.22822725161004775,-0.19999999999999998,1.0,1.2,True
cluster_555,15,0.46118181412425646,0.23283393501805058,0.3966523514637047,0.08190569744597251,1.0,0.9180943025540275,True
cluster_556,34,0.7474464279549808,1.0,0.3717093331813485,0.09230101302460207,1.0,0.907698986975398,True
cluster_557,4,0.1518565406954795,0.1558573998384689,0.026692605328900845,0.11854103343465049,0.17717032967032972,0.05862929623567924,False
cluster_558,9,0.08455165383595334,0.1247191011235955,0.3118437293750443,-0.379746835443038,0.6060606060606061,0.9858074415036441,True
cluster_559,19,0.1770218299007676,0.16774193548387098,0.07593974420039781,0.012048192771084437,0.36474164133738607,0.35269344856630164,False
cluster_56,3,0.34346072780578424,0.3347058823529412,0.04439677978844081,0.304093567251462,0.3915827338129496,0.08748916656148759,False
cluster_560,6,0.16621956564819346,0.15761397692229734,0.062081469158104426,0.09836065573770482,0.2651971326164875,0.16683647687878267,False
cluster_561,7,0.6179611057248124,1.0,0.48109675929678,0.04213062098501066,1.0,0.9578693790149894,True
cluster_562,11,0.14918486721069749,0.09747368421052632,0.1082107928380042,0.03225806451612898,0.3799283154121864,0.3476702508960574,False
cluster_565,8,0.8973214285714286,1.0,0.2904188565587606,0.17857142857142858,1.0,0.8214285714285714,True
cluster_568,5,0.41056910569105687,0.2764227642276423,0.32976663583007076,0.25000000000000006,1.0,0.75,True
cluster_569,19,0.8394506832634284,1.0,0.31966778314444383,0.21079691516709517,1.0,0.7892030848329048,True
cluster_57,5,0.46291597885623953,0.42355212355212346,0.31837204605413444,0.16949152542372878,1.0,0.8305084745762712,True
cluster_570,6,1.0,1.0,0.0,1.0,1.0,0.0,False
cluster_571,4,0.4078498443339551,0.24195337598354444,0.3972754377974428,0.14749262536873156,1.0,0.8525073746312685,True
cluster_572,3,-0.007746102875636633,0.23143350604490498,0.4483255920234008,-0.5249420849420852,0.2702702702702703,0.7952123552123554,True
cluster_573,2,0.2115428936665449,0.2115428936665449,0.13068531737108466,0.11913441955193484,0.303951367781155,0.18481694822922018,False
cluster_575,3,0.00043311816279339305,0.03139968068121344,0.08158684712678209,-0.09210350584307168,0.062003179650238424,0.1541066854933101,False
cluster_576,6,0.1518266826918102,0.16487713255038108,0.028696658206992475,0.09638554216867477,0.17030567685589526,0.07392013468722049,False
cluster_577,16,0.45123989297307027,0.17102240896358537,0.4410063528061749,0.05012531328320806,1.0,0.949874686716792,True
cluster_578,8,0.35954561553532083,0.2710027100271003,0.2592030513065993,0.248995983935743,1.0,0.751004016064257,True
cluster_579,5,0.18491931507054069,0.19617283950617287,0.04092697328404284,0.117283950617284,0.2210123966942148,0.1037284460769308,False
cluster_58,3,0.22305764411027565,0.22305764411027565,0.0,0.22305764411027565,0.22305764411027565,0.0,False
cluster_580,5,0.7974481658692185,0.8484848484848485,0.23187510993890478,0.4545454545454546,1.0,0.5454545454545454,True
cluster_581,1,0.3252747252747253,0.3252747252747253,0.0,0.3252747252747253,0.3252747252747253,0.0,False
cluster_582,3,1.0,1.0,0.0,1.0,1.0,0.0,False
cluster_583,3,0.05341025404434565,0.05379746835443032,0.00855463405062466,0.04466858789625372,0.061764705882352916,0.017096117986099196,False
cluster_585,3,0.26046176046176045,0.22077922077922077,0.08812430871415862,0.19915584415584417,0.36145021645021647,0.1622943722943723,False
cluster_586,6,1.0,1.0,0.0,1.0,1.0,0.0,False
cluster_587,3,0.12276984977307764,0.15847797062750338,0.10766225150195761,0.001790341578327456,0.2080412371134021,0.20625089553507467,False
cluster_589,9,0.24349213719145504,0.16751269035532998,0.2860105435047597,0.07156312625250501,1.0,0.928436873747495,True
cluster_59,3,0.47769285714285714,0.21867499999999995,0.4523362962279327,0.21440357142857142,1.0,0.7855964285714285,True
cluster_590,4,0.056606465380931614,0.0651629072681704,0.017650350270234223,0.03013698630136983,0.06596306068601583,0.035826074384646,False
cluster_591,2,0.048050023493692834,0.048050023493692834,0.025332860140676854,0.03013698630136983,0.06596306068601583,0.035826074384646,False
cluster_592,4,1.0,1.0,0.0,1.0,1.0,0.0,False
cluster_593,4,0.1802614090799146,0.17147048025515704,0.1038591793703966,0.06920415224913491,0.30890052356020936,0.23969637131107446,False
cluster_594,2,0.3555128736058949,0.3555128736058949,0.15365564552694952,0.2468619246861925,0.4641638225255973,0.2173018978394048,True
cluster_595,8,0.5325182112228953,0.2661287728261898,0.3873034931963073,0.23169340463458116,1.0,0.7683065953654189,True
cluster_596,6,1.0,1.0,0.0,1.0,1.0,0.0,False
cluster_597,6,0.4825739374745901,0.22486033519553075,0.4007975044160107,0.22278481012658236,1.0,0.7772151898734176,True
cluster_598,8,0.5166308810659996,0.2312318794379936,0.4002953333451465,0.22278481012658236,1.0,0.7772151898734176,True
cluster_599,27,0.442437601837192,0.2536443148688047,0.33653649527737955,0.19483568075117363,1.0,0.8051643192488264,True
cluster_6,3,1.0,1.0,0.0,1.0,1.0,0.0,False
cluster_60,3,0.29543941441441446,0.28824324324324324,0.04943192355041014,0.2500000000000001,0.348075,0.09807499999999991,False
cluster_600,6,1.0,1.0,0.0,1.0,1.0,0.0,False
cluster_601,7,0.1291964874937106,0.13821138211382109,0.09491962797918517,-0.011784386617100313,0.26101694915254237,0.27280133576964266,False
cluster_602,4,0.29475810671701486,0.2599816540336986,0.06971420638920321,0.25974025974025966,0.39932885906040266,0.139588599320143,False
cluster_603,7,0.15193355872740563,0.15901170351105334,0.03143509603454315,0.10230383973288815,0.19623318385650226,0.09392934412361412,False
cluster_604,9,0.07538818286917852,0.06304347826086958,0.039357326874301775,0.018223234624145802,0.1656626506024096,0.1474394159782638,False
cluster_605,5,0.3672322995904037,0.20011702750146285,0.354065395375405,0.20011702750146285,1.0,0.7998829724985371,True
cluster_606,6,0.05387658367659868,0.04624277456647403,0.026311328397125296,0.02902902902902912,0.08635794743429291,0.05732891840526379,False
cluster_607,7,0.781896551724138,1.0,0.37248938313026575,0.23272988505747122,1.0,0.7672701149425287,True
cluster_608,8,0.1870616415130597,0.14301308949634406,0.09926237994830536,0.08610200364298735,0.3559306803594352,0.26982867671644784,False
cluster_609,4,0.3857242484291664,0.36993334534318134,0.062217191582574966,0.33333333333333326,0.4696969696969698,0.13636363636363652,False
cluster_61,5,0.36841768359372945,0.20414267834793498,0.3533008721676764,0.20200250312891121,1.0,0.7979974968710888,True
cluster_610,37,0.7652189402781286,1.0,0.28409434276833745,0.3384615384615385,1.0,0.6615384615384615,True
cluster_611,12,0.6283864606361198,0.6320246478873239,0.3881718512090531,0.24736979166666667,1.0,0.7526302083333334,True
cluster_612,13,0.588486026269446,0.24339759036144587,0.3965528706147617,0.2332549728752261,1.0,0.7667450271247739,True
cluster_613,5,0.7026138613861386,1.0,0.407212741020425,0.25653465346534654,1.0,0.7434653465346535,True
cluster_614,12,0.8722730042656917,1.0,0.2983059939602472,0.23363802559414984,1.0,0.7663619744058502,True
cluster_615,3,0.7450605481198216,1.0,0.44156808351022997,0.2351816443594647,1.0,0.7648183556405352,True
cluster_616,2,0.6320986622073579,0.6320986622073579,0.5202910615215598,0.2641973244147158,1.0,0.7358026755852842,True
cluster_617,2,0.19999999999999996,0.19999999999999996,0.0,0.19999999999999996,0.19999999999999996,0.0,False
cluster_618,21,0.791064356450858,1.0,0.38462291508159646,0.02723951285520972,1.0,0.9727604871447902,True
cluster_619,18,0.6952876074890519,1.0,0.39396991070754495,0.15293849658314346,1.0,0.8470615034168565,True
cluster_62,6,0.8759269662921348,1.0,0.3039156234234072,0.255561797752809,1.0,0.7444382022471909,True
cluster_620,14,0.8232907751707751,1.0,0.3519552530025515,0.11538461538461527,1.0,0.8846153846153847,True
cluster_621,11,0.7134875223053474,1.0,0.39893103500308674,0.15274463007159916,1.0,0.8472553699284009,True
cluster_622,3,0.7266514806378132,1.0,0.47345352370903254,0.17995444191343957,1.0,0.8200455580865604,True
cluster_623,8,0.11590322063776426,0.10229918617978329,0.09476446225514835,-0.0377443609022556,0.23506743737957614,0.2728117982818317,False
cluster_624,5,0.3489350938700414,0.3203559510567297,0.06977907935303282,0.2755004766444233,0.45677888989990906,0.18127841325548577,False
cluster_625,3,0.05910379322058182,0.05964771817453971,0.0009421056557596365,0.058015943312666025,0.05964771817453971,0.001631774861873686,False
cluster_626,4,0.22413606224844546,0.26294638370956397,0.09830791788173446,0.07839866555462882,0.2922528160200251,0.2138541504653963,False
cluster_627,4,0.20342391488075387,0.20686812768999135,0.11593920876245502,0.08450704225352117,0.3154523618895116,0.2309453196359904,False
cluster_628,10,0.5947282991089807,0.38352790279027904,0.35966587513864157,0.08666666666666663,1.0,0.9133333333333333,True
cluster_629,3,1.0,1.0,0.0,1.0,1.0,0.0,False
cluster_63,3,0.2023086379227086,0.1279254138390309,0.13065590417490344,0.12582827770687266,0.3531722222222223,0.22734394451534962,False
cluster_630,5,0.15094339622641512,0.15094339622641512,0.0,0.15094339622641512,0.15094339622641512,0.0,False
cluster_631,5,0.1268166128430012,0.22926829268292673,0.7427445071960107,-1.0603015075376883,1.0,2.0603015075376883,True
cluster_632,3,0.17390445811498442,0.20000000000000004,0.0861784563164317,0.07769423558897244,0.24401913875598077,0.16632490316700832,False
cluster_634,4,0.06195345550508632,0.05319862681099294,0.08003470962243364,-0.026282853566958583,0.16769942196531798,0.19398227553227657,False
cluster_635,3,0.484600863969761,0.22845047923322676,0.4463514333284573,0.2253521126760563,1.0,0.7746478873239437,True
cluster_636,4,0.39765429419289927,0.19794735089717247,0.40156839504240194,0.1947224749772521,1.0,0.805277525022748,True
cluster_637,3,0.23805986144190575,0.22370617696160264,0.09352411537250656,0.15254237288135597,0.33793103448275863,0.18538866160140266,False
cluster_638,5,-0.1648018672097509,0.14389799635701275,0.6000985887184159,-1.2240802675585283,0.16211293260473597,1.3861932001632642,True
cluster_639,15,0.7947302315299076,1.0,0.3523881270366776,0.21805273833671396,1.0,0.7819472616632861,True
cluster_64,6,0.3404660652423612,0.20783051756503082,0.3231725401181097,0.2035398230088495,1.0,0.7964601769911505,True
cluster_640,9,0.9136263128800441,1.0,0.25912106135986734,0.22263681592039794,1.0,0.777363184079602,True
cluster_641,5,0.12574394337724884,0.1221822849807446,0.14370677466785595,-0.055285053929121655,0.33456140350877195,0.3898464574378936,False
cluster_642,12,0.12686937487796035,0.11803063379446174,0.08881058979646762,-0.003987975951903769,0.32253521126760565,0.3265231872195094,False
cluster_643,4,0.04768545392945117,0.0291173794358508,0.09357375322328879,-0.04349070100143052,0.1759977578475336,0.21948845884896412,False
cluster_644,9,0.9146825396825398,1.0,0.255952380952381,0.23214285714285712,1.0,0.7678571428571429,True
cluster_645,10,0.7766813677514068,1.0,0.36011670532649065,0.2073360655737705,1.0,0.7926639344262295,True
cluster_646,3,1.0,1.0,0.0,1.0,1.0,0.0,False
cluster_647,2,0.36783590056428245,0.36783590056428245,0.21587408183303808,0.21518987341772153,0.5204819277108433,0.3052920542931218,True
cluster_648,4,0.8158665338645419,1.0,0.36826693227091634,0.26346613545816727,1.0,0.7365338645418327,True
cluster_65,7,0.7869629430719656,1.0,0.26589413217779423,0.4928571428571428,1.0,0.5071428571428571,True
cluster_650,5,0.44943820224719105,0.44943820224719105,0.0,0.44943820224719105,0.44943820224719105,0.0,False
cluster_651,11,0.06863101089165763,0.08526881720430116,0.3929710099256134,-0.4957553956834533,1.0,1.4957553956834533,True
cluster_652,4,0.14873962053689016,0.16690198542347326,0.05122026845770812,0.0733496332518337,0.1878048780487804,0.1144552447969467,False
cluster_653,2,0.1898382680964799,0.1898382680964799,0.075799705937187,0.1362397820163488,0.24343675417661106,0.10719697216026228,False
cluster_655,5,0.1939393939393939,0.202020202020202,0.09539974911610177,0.101010101010101,0.3434343434343434,0.24242424242424243,False
cluster_656,5,0.2237305057668138,0.23129941901657922,0.04479765645524747,0.1554493499071295,0.2669491525423729,0.1114998026352434,False
cluster_657,33,0.5874439796989223,0.30882352941176466,0.36020593753950836,0.23739495798319327,1.0,0.7626050420168067,True
cluster_658,4,0.6172480620155039,0.6172480620155039,0.4419638688563996,0.23449612403100775,1.0,0.7655038759689923,True
cluster_659,5,0.20008098389622253,0.21561881188118817,0.06825190733934718,0.09453367875647668,0.2651757188498403,0.17064204009336364,False
cluster_66,6,0.4205332407761753,0.24915040441074943,0.4673396767174114,-0.10242611380679308,1.0,1.102426113806793,True
cluster_661,8,0.12717198510902453,0.10355010607792042,0.09393584414586302,0.0075062552126772195,0.27018012008005343,0.2626738648673762,False
cluster_662,1,0.2242595204513399,0.2242595204513399,0.0,0.2242595204513399,0.2242595204513399,0.0,False
cluster_663,3,0.30113572680534867,0.2727272727272727,0.10509844922585843,0.21316165951359087,0.4175182481751824,0.20435658866159154,False
cluster_664,8,0.6636083217724802,0.8792270531400966,0.40651341427256865,0.1522988505747126,1.0,0.8477011494252874,True
cluster_665,7,0.28588441279810173,0.16582914572864324,0.31716382668997156,0.1404011461318052,1.0,0.8595988538681948,True
cluster_666,6,0.17438627678570987,0.1673850574712643,0.03687873148480687,0.11593886462882089,0.21690763052208845,0.10096876589326756,False
cluster_667,3,0.5310106837022658,0.34177215189873417,0.40867022288496513,0.25125989920806335,1.0,0.7487401007919366,True
cluster_669,9,0.9148294434470378,1.0,0.25551166965888683,0.23346499102333942,1.0,0.7665350089766606,True
cluster_67,6,0.5146457895993278,0.37907349275362323,0.3925338369706684,0.1229277520887205,1.0,0.8770722479112795,True
cluster_670,7,0.06072729999450618,0.06713780918727918,0.05111587268674968,-0.023255813953488334,0.13148371531966213,0.15473952927315046,False
cluster_671,12,0.15591614518626093,0.07655038759689924,0.2661516266901586,0.06648936170212766,1.0,0.9335106382978724,True
cluster_672,3,0.07736407736407734,0.08108108108108107,0.006438039289772821,0.0699300699300699,0.08108108108108107,0.011151011151011178,False
cluster_673,4,1.0,1.0,0.0,1.0,1.0,0.0,False
cluster_674,1,0.17546365914786977,0.17546365914786977,0.0,0.17546365914786977,0.17546365914786977,0.0,False
cluster_675,8,0.26469872209764334,0.2311017187940265,0.34262867575333217,-0.23204761904761897,1.0,1.232047619047619,True
cluster_676,5,0.6423158416064474,1.0,0.4944454071927574,0.009950248756218805,1.0,0.9900497512437811,True
cluster_677,5,1.0,1.0,0.0,1.0,1.0,0.0,False
cluster_678,17,0.6978286233947059,1.0,0.3723535477466534,0.24177966101694906,1.0,0.758220338983051,True
cluster_679,14,0.7736827997311474,1.0,0.37139677402599,0.196927374301676,1.0,0.803072625698324,True
cluster_68,3,0.5170123456790123,0.364,0.42753570404707153,0.18703703703703706,1.0,0.8129629629629629,True
cluster_680,5,1.0,1.0,0.0,1.0,1.0,0.0,False
cluster_681,7,0.5743221842490421,0.3265972222222222,0.39961058762345053,0.23089983022071298,1.0,0.769100169779287,True
cluster_682,5,0.8478935698447894,1.0,0.3401203176418749,0.2394678492239467,1.0,0.7605321507760533,True
cluster_683,5,1.0,1.0,0.0,1.0,1.0,0.0,False
cluster_684,3,0.7739954337899544,1.0,0.3914513914183634,0.321986301369863,1.0,0.678013698630137,True
cluster_685,5,1.0,1.0,0.0,1.0,1.0,0.0,False
cluster_686,3,1.0,1.0,0.0,1.0,1.0,0.0,False
cluster_687,2,-0.016673283048828855,-0.016673283048828855,0.23355015559635076,-0.18181818181818177,0.14847161572052406,0.3302897975387058,True
cluster_688,4,0.22900338154696676,0.23379907597323224,0.07099264432986835,0.13755900202292656,0.310856372218476,0.17329737019554944,False
cluster_689,7,0.12237008985292921,0.08908908908908915,0.08929915677210658,0.01685985247629085,0.23098880597014915,0.2141289534938583,False
cluster_69,5,0.07100947089486045,0.078125,0.029998534132524898,0.02479851208927464,0.1052173913043479,0.08041887921507326,False
cluster_690,4,0.20727421327515066,0.20300553288375642,0.10182533731270577,0.11913441955193484,0.303951367781155,0.18481694822922018,False
cluster_691,14,0.6858840428599766,0.6938775510204082,0.32602237008027724,0.3633636363636364,1.0,0.6366363636363637,True
cluster_692,6,1.0,1.0,0.0,1.0,1.0,0.0,False
cluster_693,6,0.507620490175943,0.2698706099815157,0.3816195809721303,0.2361111111111111,1.0,0.7638888888888888,True
cluster_694,12,0.6349982304329017,0.6357798165137615,0.3812341039365726,0.266173752310536,1.0,0.7338262476894639,True
cluster_695,5,1.0,1.0,0.0,1.0,1.0,0.0,False
cluster_696,4,0.6196686835891382,0.6205357142857143,0.43917105813456747,0.23760330578512395,1.0,0.7623966942148761,True
cluster_697,17,0.5103782962731175,0.24801608579088472,0.43693094762633516,-0.11510791366906487,1.0,1.115107913669065,True
cluster_699,28,0.6872228677474562,1.0,0.38006488092103824,-0.006033057851239739,1.0,1.0060330578512398,True
cluster_70,6,0.19994005602240897,0.19152424242424243,0.056047610408724094,0.1414141414141414,0.30144033613445376,0.16002619472031235,False
cluster_700,3,1.0,1.0,0.0,1.0,1.0,0.0,False
cluster_701,15,0.5841474289933847,0.24624685138539049,0.4050598741304055,0.06656338028169013,1.0,0.9334366197183098,True
cluster_702,4,1.0,1.0,0.0,1.0,1.0,0.0,False
cluster_703,3,0.18062527787210717,0.11653116531165317,0.12712593928906668,0.09830466830466833,0.32704000000000005,0.22873533169533172,False
cluster_704,45,0.8478388972504292,1.0,0.2927044141590621,0.10769230769230767,1.0,0.8923076923076924,True
cluster_705,7,0.6995351042434865,1.0,0.37670251266189325,0.25696594427244585,1.0,0.7430340557275541,True
cluster_706,8,0.8075959933222037,1.0,0.35626299331815214,0.23038397328881466,1.0,0.7696160267111853,True
cluster_707,70,0.4143665636002064,1.0,2.3781823063251077,-19.00173913043478,1.0,20.00173913043478,True
cluster_708,8,0.6774775784753363,0.7085201793721974,0.34797043967558333,0.2928699551569507,1.0,0.7071300448430493,True
cluster_709,7,1.0,1.0,0.0,1.0,1.0,0.0,False
cluster_71,3,1.0,1.0,0.0,1.0,1.0,0.0,False
cluster_710,3,0.7315555555555555,1.0,0.4649594167873786,0.19466666666666665,1.0,0.8053333333333333,True
cluster_711,29,0.7260446905176384,1.0,0.36499041981487074,0.0362903225806451,1.0,0.9637096774193549,True
cluster_712,10,0.33427812032667037,0.3125,0.12558292530691922,0.17553191489361694,0.5416249999999999,0.36609308510638294,False
cluster_713,9,0.751959428307976,1.0,0.49219025081353723,-0.11618257261410779,1.0,1.1161825726141077,True
cluster_714,8,0.9278488372093023,1.0,0.2040743059191873,0.42279069767441857,1.0,0.5772093023255814,True
cluster_715,8,0.9136029411764706,1.0,0.2443677846747628,0.30882352941176466,1.0,0.6911764705882353,True
cluster_716,46,0.8301024263818654,1.0,0.25447829513733,0.3657009345794393,1.0,0.6342990654205607,True
cluster_717,26,0.9141608391608392,1.0,0.20755760516039215,0.338235294117647,1.0,0.661764705882353,True
cluster_718,21,0.4029702181876094,1.0,2.5775694357055854,-10.82608695652174,1.0,11.82608695652174,True
cluster_719,5,0.20027063599458722,0.20027063599458722,0.0,0.20027063599458722,0.20027063599458722,0.0,False
cluster_72,5,0.1718899428869217,0.15508559919436044,0.06141275840535668,0.120845921450151,0.26686807653575023,0.14602215508559924,False
cluster_720,4,0.257676468830315,0.12116101846871073,0.322445590327473,0.055050505050505044,0.7333333333333334,0.6782828282828284,True
cluster_721,1,0.5633187772925764,0.5633187772925764,0.0,0.5633187772925764,0.5633187772925764,0.0,False
cluster_722,4,0.8123287671232877,1.0,0.37534246575342467,0.2493150684931506,1.0,0.7506849315068493,True
cluster_723,6,-0.01319748494397808,0.03935083091532573,0.18843096210533447,-0.32874673629242823,0.18532246108228317,0.5140691973747114,True
cluster_724,5,0.5487906066536203,0.2514285714285714,0.41191753776636975,0.24109589041095889,1.0,0.7589041095890411,True
cluster_725,6,0.869054525919957,1.0,0.32074959562294575,0.21432715551974219,1.0,0.7856728444802579,True
cluster_726,4,0.19226319992390165,0.22005168523185037,0.062497310126769796,0.09883098591549293,0.2301184433164129,0.13128745740091996,False
cluster_727,15,1.0,1.0,0.0,1.0,1.0,0.0,False
cluster_728,12,0.8538825275193976,1.0,0.2782494833957106,0.2716535433070866,1.0,0.7283464566929134,True
cluster_729,6,0.7389476318423687,1.0,0.40463851577766335,0.19584795321637427,1.0,0.8041520467836257,True
cluster_73,1,1.0,1.0,0.0,1.0,1.0,0.0,False
cluster_730,3,0.10033444816053515,0.10033444816053515,0.0,0.10033444816053515,0.10033444816053515,0.0,False
cluster_731,7,0.2203905012577081,0.19678714859437757,0.17838395754440922,0.016064257028112462,0.4699140401146132,0.4538497830865007,True
cluster_732,19,0.8384374834062702,1.0,0.3220550533367225,0.1919831223628692,1.0,0.8080168776371308,True
cluster_733,4,0.6270912416690815,0.6355375253549695,0.43081878859695744,0.23728991596638652,1.0,0.7627100840336135,True
cluster_734,4,0.3540172270395637,0.17974278577725536,0.4144869984228802,0.08915662650602417,0.9674267100977199,0.8782700835916957,True
cluster_735,3,0.7497741644083108,1.0,0.43340386061118247,0.24932249322493225,1.0,0.7506775067750677,True
cluster_736,8,0.09559592399049197,0.11428335936144368,0.08409449870944931,-0.058455114822547026,0.167032967032967,0.22548808185551403,False
cluster_737,24,0.7923938702668251,1.0,0.3678487329070559,0.11665488810365138,1.0,0.8833451118963487,True
cluster_738,17,0.768971901378503,1.0,0.3694742828379459,0.1423001949317738,1.0,0.8576998050682262,True
cluster_739,36,0.13333015226040723,0.12326656394453002,0.0662135412211788,0.016393442622950793,0.31769722814498935,0.30130378552203857,False
cluster_740,3,0.11611710534017528,0.09686847599164936,0.043469738634518466,0.08559498956158666,0.1658878504672898,0.08029286090570313,False
cluster_741,11,0.18337407292333224,0.0974212034383955,0.27489254773922367,0.00752508361204027,1.0,0.9924749163879597,True
cluster_742,9,0.8199335887611751,1.0,0.3573082077103628,0.18970114942528732,1.0,0.8102988505747126,True
cluster_743,41,0.5129480573881211,0.2350860420650097,0.4178957475229602,0.05554565701559031,1.0,0.9444543429844097,True
cluster_744,13,0.09772584490626404,0.07095115681233939,0.10699092643908562,-0.04556390977443608,0.3290488431876607,0.3746127529620968,False
cluster_745,5,0.09548983161448375,0.07651715039577837,0.06944722546391283,0.011904761904761862,0.1675977653631285,0.15569300345836665,False
cluster_746,5,1.0,1.0,0.0,1.0,1.0,0.0,False
cluster_747,29,0.6836836012150865,1.0,0.38615819061816165,0.1288782816229118,1.0,0.8711217183770882,True
cluster_748,6,0.8429817534490431,1.0,0.38461458435636886,0.05789052069425904,1.0,0.942109479305741,True
cluster_749,4,0.3023121553967106,0.12589296750983908,0.4718715210901011,-0.042537313432835844,1.0,1.042537313432836,True
cluster_75,1,0.20873106060606061,0.20873106060606061,0.0,0.20873106060606061,0.20873106060606061,0.0,False
cluster_750,4,0.048876938936028944,0.08541343647629288,0.0997790376635122,-0.09603340292275574,0.12071428571428573,0.21674768863704147,False
cluster_751,9,0.06562885098588092,0.04428904428904438,0.07610886140272359,-0.027568922305764267,0.16701298701298706,0.19458190931875133,False
cluster_752,15,0.23871010143547183,0.18264840182648398,0.24674603934056968,-0.0419213973799127,1.0,1.0419213973799126,True
cluster_753,3,0.2504268492807175,0.25787965616045855,0.012908640174710318,0.2355212355212355,0.25787965616045855,0.022358420639223053,False
cluster_754,8,0.29300941207931513,0.339068511198946,0.12022041773045516,0.09183673469387751,0.4245637583892617,0.3327270236953842,False
cluster_755,6,0.6901836596096494,1.0,0.49899952032002226,-0.14528301886792444,1.0,1.1452830188679244,True
cluster_756,3,0.46234848484848484,0.19916666666666671,0.46565407531817266,0.18787878787878778,1.0,0.8121212121212122,True
cluster_757,3,0.4022838641387254,0.11488372093023251,0.5177641532016662,0.0919678714859438,1.0,0.9080321285140562,True
cluster_758,9,0.842003367003367,1.0,0.314618191086651,0.23636363636363644,1.0,0.7636363636363636,True
cluster_759,21,0.9671504965622612,1.0,0.1505353360451498,0.31016042780748665,1.0,0.6898395721925134,True
cluster_76,4,0.7932237169905332,1.0,0.41355256601893375,0.17289486796213246,1.0,0.8271051320378675,True
cluster_760,9,0.4044672598916282,0.40625000000000006,0.12823601897489673,0.214765100671141,0.5554325259515571,0.34066742528041616,False
cluster_761,4,-0.0953962048958563,-0.01561872909698988,0.2983092933471321,-0.5170140280561121,0.16666666666666666,0.6836806947227787,True
cluster_762,12,0.40320653817093777,0.2336065573770491,0.3621281894946838,0.11298876404494385,1.0,0.8870112359550562,True
cluster_763,6,0.2685561260714041,0.14753243903108113,0.3661845212079161,-0.018897243107769458,0.9351891615541922,0.9540864046619616,True
cluster_764,14,0.21040383405383503,0.09570891514500543,0.3322166241167013,-0.05090909090909095,1.0,1.050909090909091,True
cluster_766,8,0.703093432579815,1.0,0.4097705120945304,0.20742367210372223,1.0,0.7925763278962777,True
cluster_767,5,0.263840141809908,0.2444559585492228,0.03619459861784272,0.2320534223706178,0.32021466905187834,0.08816124668126055,False
cluster_768,3,0.09463445953527772,0.16765591397849466,0.1539823935840111,-0.08227383863080685,0.19852130325814535,0.2807951418889522,True
cluster_769,7,0.43314471675518545,0.20584498094027956,0.38723721688748575,0.20584498094027956,1.0,0.7941550190597204,True
cluster_77,6,0.617242906569985,0.6556905487804878,0.42142402513554733,0.1888353162179086,1.0,0.8111646837820914,True
cluster_770,6,0.29071540585059685,0.296722758393137,0.06993805001978323,0.1641641641641642,0.36218678815489747,0.19802262399073325,False
cluster_771,10,0.44862376378050006,0.21189252252252253,0.3804901846666325,0.2110148514851485,1.0,0.7889851485148515,True
cluster_772,7,1.0,1.0,0.0,1.0,1.0,0.0,False
cluster_773,4,0.610572645477854,0.6118335500650195,0.44967669009466954,0.2186234817813766,1.0,0.7813765182186234,True
cluster_774,9,0.5580914751981253,0.23427866831072744,0.41951161445269264,0.18485237483953793,1.0,0.8151476251604621,True
cluster_775,10,0.20164614629080915,0.2210844976187466,0.05485494851976899,0.05685618729097002,0.2387096774193549,0.18185349012838486,False
cluster_776,1,0.16306483300589392,0.16306483300589392,0.0,0.16306483300589392,0.16306483300589392,0.0,False
cluster_777,4,0.1765819815540047,0.17621776504297998,0.009974222588897156,0.16706443914081148,0.18682795698924737,0.019763517848435885,False
cluster_778,1,0.04233898305084753,0.04233898305084753,0.0,0.04233898305084753,0.04233898305084753,0.0,False
cluster_779,4,1.0,1.0,0.0,1.0,1.0,0.0,False
cluster_78,4,0.1526196406509408,0.14308823529411768,0.037388222445781556,0.1223020920155279,0.20200000000000004,0.07969790798447214,False
cluster_781,3,0.43951169373537685,0.1661040693795864,0.4854452535768083,0.15243101182654403,1.0,0.8475689881734559,True
cluster_782,17,0.5281352383029043,0.2225063291139241,0.4085172455690747,0.07293795620437958,1.0,0.9270620437956204,True
cluster_783,6,0.3305065208966943,0.21513925380977406,0.3332329958550856,0.11833333333333323,1.0,0.8816666666666668,True
cluster_784,4,0.08518081002346603,0.08621761121635524,0.03313640323852342,0.05007153075822611,0.11821648690292756,0.06814495614470145,False
cluster_785,4,0.27710907094973203,0.23021407685881373,0.13589347344043173,0.1741418247515808,0.47386630532971996,0.29972448057813916,False
cluster_786,3,0.7950627615062761,1.0,0.35496170943398997,0.38518828451882847,1.0,0.6148117154811715,True
cluster_787,5,0.549090996642145,0.2521739130434783,0.41162911203356933,0.24523929471032752,1.0,0.7547607052896725,True
cluster_788,3,0.11970251970251976,0.06990675990675992,0.09439728267636277,0.06062937062937073,0.2285714285714286,0.16794205794205785,False
cluster_789,3,0.12226352746798841,0.1666666666666666,0.07690849310766391,0.03345724907063192,0.16666666666666669,0.13320941759603477,False
cluster_79,5,0.8436873747494991,1.0,0.34952565580157036,0.21843687374749496,1.0,0.781563126252505,True
cluster_790,4,0.11067853005650788,0.11236426081561796,0.027601563106495232,0.07544662309368198,0.1425389755011136,0.06709235240743162,False
cluster_791,3,0.12902063253380666,0.12026726057906459,0.03676611206210981,0.0974212034383955,0.16937343358395993,0.07195223014556443,False
cluster_792,7,0.12838783970800677,0.10256410256410255,0.03643393808694735,0.0974212034383955,0.18546365914786972,0.08804245570947422,False
cluster_793,5,0.08117928815473308,0.10256410256410255,0.10240308770836554,-0.09610315186246415,0.15567282321899734,0.2517759750814615,False
cluster_794,11,0.1401682502986392,0.1404011461318052,0.044699975649564655,0.05775075987841943,0.21580547112462004,0.1580547112462006,False
cluster_795,5,0.16366344259530047,0.12979351032448375,0.09441458963742404,0.06688963210702346,0.30297734627831713,0.23608771417129365,False
cluster_796,25,0.7021110043742459,0.5538461538461539,0.3004507183564844,0.32432432432432434,1.0,0.6756756756756757,True
cluster_797,19,0.0954947748063772,0.12539184952978052,0.09916066265155789,-0.21943573667711605,0.18055555555555552,0.3999912922326716,False
cluster_798,4,0.07449250219942519,0.04103490166173056,0.07819031674921711,0.02605210420841681,0.18984810126582283,0.16379599705740602,False
cluster_799,4,0.06660805128552938,0.043911445183680536,0.049405777188764974,0.038208168642951255,0.1404011461318052,0.10219297748885395,False
cluster_8,1,0.0842490842490842,0.0842490842490842,0.0,0.0842490842490842,0.0842490842490842,0.0,False
cluster_80,3,0.1277957189370816,0.12752276867030965,0.024806828679190904,0.10312649164677817,0.15273789649415698,0.049611404847378804,False
cluster_800,5,0.6986013986013986,1.0,0.4164392911480532,0.16783216783216784,1.0,0.8321678321678322,True
cluster_801,4,0.424812030075188,0.2669172932330828,0.38643251952658225,0.16541353383458643,1.0,0.8345864661654135,True
cluster_802,7,0.6802974020820446,1.0,0.3991394249181062,0.21843003412969286,1.0,0.7815699658703071,True
cluster_803,7,-0.10308187504274739,0.09774436090225566,0.37723712003567367,-0.7095115681233933,0.16512059369202223,0.8746321618154156,True
cluster_804,3,0.48044579819687705,0.3124065769805681,0.4592039470949766,0.12893081761006292,1.0,0.871069182389937,True
cluster_805,15,0.14205476225343688,0.14389799635701275,0.06607154533698426,0.04400606980273142,0.2984409799554566,0.2544349101527252,False
cluster_806,5,0.1474524425614336,0.13439635535307515,0.032786965342612516,0.10675381263616562,0.18546365914786972,0.0787098465117041,False
cluster_807,4,-0.017867163022406946,-0.02701541293195573,0.08860540971450111,-0.11358574610244984,0.09614791987673352,0.20973366597918336,False
cluster_808,5,0.06748651127313555,0.06621392190152796,0.0640686975478541,0.010025062656641612,0.17177914110429446,0.16175407844765285,False
cluster_809,8,0.1075854871869885,0.1050907653315426,0.02335030709810224,0.07717996289424851,0.1414944356120826,0.0643144727178341,False
cluster_81,3,0.26612523540489647,0.2708333333333333,0.11130352018418926,0.152542372881356,0.375,0.222457627118644,False
cluster_810,8,0.1692677466050289,0.177860795499944,0.02812599814511906,0.11306889352818368,0.19541353383458648,0.0823446403064028,False
cluster_811,3,0.13645116153080436,0.13043478260869573,0.01915753279909151,0.12102396514161208,0.15789473684210525,0.036870771700493174,False
cluster_812,10,0.09511907658924958,0.11881130594347024,0.06794594918743167,-0.08591885441527432,0.15294117647058822,0.23886003088586255,False
cluster_813,4,0.05484422939470266,0.051359549820851585,0.013199241242254923,0.04293381037567088,0.07372400756143661,0.030790197185765734,False
cluster_814,6,0.16089527147358423,0.16450081769910446,0.036116448012009625,0.10913140311804014,0.20844990548204168,0.09931850236400154,False
cluster_815,6,0.13538367838678791,0.13965055408828214,0.02089932954940827,0.10801405975395434,0.16272577996715923,0.05471172021320489,False
cluster_816,3,0.039910349835975266,0.04793028322440082,0.0167214157302429,0.02068965517241376,0.051111111111111204,0.030421455938697443,False
cluster_817,5,0.844471445929526,1.0,0.3477724193438312,0.2223572296476306,1.0,0.7776427703523694,True
cluster_818,3,0.11645589379070305,0.23420074349442377,0.23794821602016794,-0.15740831295843513,0.2725752508361205,0.4299835637945556,True
cluster_82,3,0.7060935483870967,1.0,0.5090609068658322,0.11828064516129028,1.0,0.8817193548387097,True
cluster_820,1,0.0712716763005781,0.0712716763005781,0.0,0.0712716763005781,0.0712716763005781,0.0,False
cluster_821,6,0.14626302660664464,0.16907514450867056,0.05550782747621285,0.04538341158059469,0.19866444073455766,0.15328102915396297,False
cluster_822,6,0.12527803995236764,0.16635633414932682,0.10089938941997233,-0.08068136272545082,0.16692426584234932,0.24760562856780013,False
cluster_824,3,0.7394755003450655,1.0,0.4512416700188069,0.21842650103519673,1.0,0.7815734989648033,True
cluster_825,5,0.5332689433192023,0.23145077720207247,0.4261607336562766,0.20757575757575747,1.0,0.7924242424242425,True
cluster_826,6,0.07413197213096083,0.07477276073670522,0.037658591969483575,0.029379968203497628,0.11764705882352941,0.08826709062003178,False
cluster_827,10,0.2916686862966217,0.22712176712176713,0.2501139841859926,0.16011111111111115,1.0,0.8398888888888889,True
cluster_828,1,0.38759689922480617,0.38759689922480617,0.0,0.38759689922480617,0.38759689922480617,0.0,False
cluster_829,5,0.15161199179063467,0.1659513590844063,0.03895569447701394,0.10304609218436886,0.20036429872495456,0.0973182065405857,False
cluster_83,4,0.1414555052875534,0.1497212045562616,0.08953439709552394,0.03903849443969211,0.22734111759799833,0.1883026231583062,False
cluster_830,3,0.22389300909007562,0.22443559096945556,0.0022346938546739963,0.22143698468786807,0.22580645161290328,0.004369466925035204,False
cluster_831,6,0.15642277644987798,0.15704865107661214,0.0959889104299946,0.04142011834319517,0.32165829145728636,0.28023817311409116,False
cluster_832,1,0.20888888888888887,0.20888888888888887,0.0,0.20888888888888887,0.20888888888888887,0.0,False
cluster_833,4,0.3799395527499032,0.17806092368162466,0.41345001544271465,0.16363636363636366,1.0,0.8363636363636363,True
cluster_834,4,0.09947846380744488,0.10694068707087032,0.05361773748892789,0.02764607679465783,0.15638640429338105,0.12874032749872322,False
cluster_835,4,0.06621007965458202,0.06621007965458202,0.28645306886734284,-0.1818655549765502,0.3142857142857142,0.4961512692622644,True
cluster_836,3,0.136689951412772,0.1413237924865832,0.0325420232147889,0.10207939508506617,0.16666666666666666,0.06458727158160049,False
cluster_837,3,0.1288661254455982,0.14933837429111532,0.052684739686778365,0.06901803607214434,0.1682419659735349,0.09922392990139058,False
cluster_838,5,0.11021057078059844,0.14425427872860633,0.08897061290255809,-0.04584527220630363,0.16666666666666663,0.21251193887297026,False
cluster_839,8,0.10803282491412242,0.12042032783515752,0.06557450656205101,0.02239263803680976,0.1882556131260794,0.16586297508926964,False
cluster_84,3,0.7255142155142155,1.0,0.4754233246847799,0.17654264654264648,1.0,0.8234573534573535,True
cluster_840,8,0.12745339809551187,0.1659482758620689,0.24913966779343955,-0.39582260371959943,0.49601001669449085,0.8918326204140903,True
cluster_841,8,0.5175975488285479,0.335195530726257,0.4063618535703315,0.1351937984496125,1.0,0.8648062015503875,True
cluster_842,3,1.0,1.0,0.0,1.0,1.0,0.0,False
cluster_843,6,0.13854257922171276,0.13546106092944643,0.06204414639483412,0.05646983311938379,0.23182441700960224,0.17535458389021846,False
cluster_844,7,0.100800633194807,0.06217070600632243,0.08188127916493593,0.024759945130315545,0.25609348914858093,0.2313335440182654,False
cluster_845,61,0.6390192302654183,1.0,0.4277142350542022,-0.10956521739130433,1.0,1.1095652173913044,True
cluster_846,15,0.32232759256716625,0.13072055427251725,0.3521176299030944,0.12669141531322506,1.0,0.873308584686775,True
cluster_85,3,0.10697674418604654,0.10697674418604654,0.0,0.10697674418604654,0.10697674418604654,0.0,False
cluster_850,2,0.6141872427983539,0.6141872427983539,0.5456216337711259,0.22837448559670784,1.0,0.7716255144032922,True
cluster_851,9,0.12617731429129503,0.06675567423230976,0.12469490299028009,0.06675567423230976,0.4481743227326266,0.3814186485003168,False
cluster_855,6,0.20425715307854564,0.02097902097902095,0.3679124632604153,0.009324009324009263,0.9376720901126407,0.9283480807886315,True
cluster_857,3,0.12082471267424248,0.08288288288288288,0.07916805069479334,0.06776859504132234,0.2118226600985222,0.14405406505719986,False
cluster_858,5,0.08438132971612454,0.12385964912280706,0.12681987629187813,-0.13712374581939787,0.1661341853035144,0.30325793112291227,False
cluster_859,1,0.2984409799554566,0.2984409799554566,0.0,0.2984409799554566,0.2984409799554566,0.0,False
cluster_86,5,0.15337423312883436,0.15337423312883436,0.0,0.15337423312883436,0.15337423312883436,0.0,False
cluster_861,1,0.17191977077363899,0.17191977077363899,0.0,0.17191977077363899,0.17191977077363899,0.0,False
cluster_862,1,0.0,0.0,0.0,0.0,0.0,0.0,False
cluster_863,3,0.46767001114827206,0.23913043478260865,0.4625441436850817,0.16387959866220742,1.0,0.8361204013377925,True
cluster_864,3,1.0,1.0,0.0,1.0,1.0,0.0,False
cluster_865,6,0.8594344042838019,1.0,0.3443139848950343,0.15660642570281133,1.0,0.8433935742971886,True
cluster_867,6,0.03994053069577668,0.05575544527157433,0.04937450468888866,-0.05142517814726839,0.07910669975186115,0.13053187789912954,False
cluster_868,3,0.7621359223300971,1.0,0.41199266781978144,0.2864077669902913,1.0,0.7135922330097086,True
cluster_869,9,1.0,1.0,0.0,1.0,1.0,0.0,False
cluster_87,8,0.7783076326364583,1.0,0.4105652667999393,0.09896991724379034,1.0,0.9010300827562097,True
cluster_870,16,0.5252396666468694,0.2556547619047619,0.38024186822545164,0.19740259740259747,1.0,0.8025974025974025,True
cluster_871,6,0.503849798625918,0.257818052594172,0.3843293302753757,0.2537313432835821,1.0,0.7462686567164178,True
cluster_872,4,0.8016120576671035,1.0,0.3967758846657929,0.2064482306684141,1.0,0.7935517693315859,True
cluster_873,8,0.3218142698679687,0.23613523800635922,0.2958637678216043,0.0,1.0,1.0,True
cluster_874,3,0.7506702412868632,1.0,0.43185180993004174,0.2520107238605898,1.0,0.7479892761394102,True
cluster_875,3,1.0,1.0,0.0,1.0,1.0,0.0,False
cluster_876,4,0.8087084148727984,1.0,0.38258317025440314,0.23483365949119375,1.0,0.7651663405088063,True
cluster_877,3,0.5366278077391003,0.3160919540229885,0.40144696950706027,0.29379146919431276,1.0,0.7062085308056872,True
cluster_878,4,0.8091563786008231,1.0,0.38168724279835387,0.23662551440329224,1.0,0.7633744855967077,True
cluster_879,15,0.4783393305185201,0.28,0.39295546202677606,0.08987945959064798,1.0,0.910120540409352,True
cluster_88,4,0.34237609072849345,0.3413436601537288,0.13421775680185447,0.2255889724310777,0.4612280701754386,0.2356390977443609,False
cluster_881,3,0.7670265151515152,1.0,0.40352191257395376,0.30107954545454546,1.0,0.6989204545454546,True
cluster_884,9,0.6213644500710311,0.5688073394495413,0.22138137245334316,0.4295882352941176,1.0,0.5704117647058824,True
cluster_885,5,0.08167697614918332,0.06876790830945564,0.05833812175721793,0.00647249190938512,0.1643454038997214,0.1578729119903363,False
cluster_886,6,0.483663092067043,0.24485762312074075,0.400337644607125,0.205989847715736,1.0,0.794010152284264,True
cluster_887,11,0.09766473561332036,0.16574585635359118,0.12489102755130192,-0.23690423162583515,0.21112474437627804,0.4480289760021132,False
cluster_888,5,0.11971270792158491,0.12359550561797758,0.048182753193812836,0.06175771971496432,0.18265168539325846,0.12089396567829414,False
cluster_889,3,0.7369386539606908,1.0,0.4556356168475412,0.21081596188207258,1.0,0.7891840381179274,True
cluster_89,4,0.21926335527326649,0.21609026133074236,0.19471193571843307,0.02654867256637177,0.4183242258652095,0.39177555329883773,True
cluster_890,13,0.06494982055727908,0.16666666666666663,0.27730831564492614,-0.5353535353535354,0.38375838926174494,0.9191119246152804,True
cluster_891,20,0.6680155348792225,1.0,0.41965591173035455,0.0009375000000000018,1.0,0.9990625,True
cluster_892,7,0.2547971964753649,0.2702702702702703,0.0641792153519832,0.14821428571428574,0.33221476510067116,0.18400047938638542,False
cluster_893,5,0.7450866116237655,1.0,0.34996484633147806,0.3270422535211267,1.0,0.6729577464788733,True
cluster_894,3,0.20154488082198938,0.22077922077922082,0.06195981667554251,0.13224899598393589,0.25160642570281133,0.11935742971887545,False
cluster_895,5,0.21486503198139068,0.17475728155339806,0.0638743207569687,0.16832826747720359,0.3089430894308943,0.14061482195369074,False
cluster_896,4,0.32071658844166306,0.3429099701322713,0.11518399003356192,0.16666666666666663,0.43037974683544306,0.2637130801687764,False
cluster_897,2,0.21961655626793244,0.21961655626793244,0.012172676298708822,0.21100917431192667,0.22822393822393822,0.017214763912011544,False
cluster_898,2,0.238469822540619,0.238469822540619,0.03688331480272585,0.21238938053097337,0.2645502645502646,0.052160884019291226,False
cluster_899,6,0.11846801346801346,0.1054040404040404,0.03375130763286876,0.09090909090909088,0.1666666666666666,0.07575757575757572,False
cluster_90,3,0.1834095674006028,0.20623671155209064,0.0418274060456893,0.13513513513513514,0.20885685551458263,0.07372172037944749,False
cluster_900,5,0.32512644889614045,0.24806201550387602,0.16617449317534064,0.1768027101145346,0.5616853932584269,0.3848826831438923,True
cluster_901,4,0.33932025405786875,0.33540461067984007,0.149616836838057,0.16159999999999997,0.5248717948717949,0.36327179487179495,False
cluster_902,4,0.2635522494383254,0.23150072150072148,0.07962375434026903,0.21158730158730155,0.379620253164557,0.16803295157725545,False
cluster_903,2,0.060472778091641644,0.060472778091641644,0.09079334331202225,-0.0037278106508875576,0.12467336683417085,0.12840117748505842,False
cluster_904,2,0.11991865474185993,0.11991865474185993,0.10511276592478072,0.045592705167173224,0.19424460431654664,0.1486518991493734,False
cluster_905,4,0.4010377324681786,0.24290879826969053,0.4039368235486715,0.11833333333333323,1.0,0.8816666666666668,True
cluster_907,4,0.16895371198254863,0.08965164939353323,0.21505104588927182,0.010025062656641612,0.48648648648648646,0.47646142382984485,True
cluster_909,6,0.14852002749836243,0.1425982364729459,0.05674269969206855,0.0694188376753507,0.21000000000000005,0.14058116232464934,False
cluster_91,3,0.13286833820263352,0.11952191235059755,0.026140709453629476,0.11609498680738785,0.16298811544991512,0.046893128642527274,False
cluster_910,7,0.06095935038457561,0.08392801251956178,0.12658873792841813,-0.1804901960784315,0.16708229426433915,0.34757249034277066,False
cluster_911,16,0.15463338765738852,0.12659652874451494,0.24448213299602908,-0.13003081664098606,1.0,1.130030816640986,True
cluster_912,28,0.7829665646865408,1.0,0.3497702221788462,0.21840909090909086,1.0,0.7815909090909091,True
cluster_913,11,0.09152690068444685,0.0987654320987654,0.11580222311952618,-0.19817453963170528,0.21653819201121233,0.4147127316429176,False
cluster_914,7,-0.11300408678385912,0.03502501786990709,0.3885653460226632,-0.8596866485013624,0.1942752562225476,1.0539619047239102,True
cluster_915,6,0.4028320659781334,0.2696067415730337,0.30478525607926393,0.19101123595505623,1.0,0.8089887640449438,True
cluster_916,8,0.6952659538038267,1.0,0.4395540113444752,-0.07876404494382015,1.0,1.07876404494382,True
cluster_917,3,0.5645645645645646,0.36036036036036045,0.3773402030954498,0.3333333333333334,1.0,0.6666666666666665,True
cluster_918,3,1.0,1.0,0.0,1.0,1.0,0.0,False
cluster_919,4,0.33465832856684496,0.34786596739154285,0.07769427696740099,0.22819095477386933,0.4147104247104247,0.18651946993655535,False
cluster_92,5,0.5528040071012666,0.40857142857142864,0.4193500046975785,0.15245981490501706,1.0,0.847540185094983,True
cluster_920,16,0.6329810796559135,1.0,0.43374932700553465,0.040295275590551155,1.0,0.9597047244094489,True
cluster_921,3,0.13154856585016916,0.13382899628252784,0.06711287622384728,0.06332453825857526,0.19749216300940436,0.1341676247508291,False
cluster_922,5,-7.774298487328444,0.11851419031719536,17.735380098477048,-39.5,0.27839643652561247,39.77839643652561,True
cluster_923,3,0.5039934795374926,0.27845878136200714,0.4301414738627824,0.2335216572504707,1.0,0.7664783427495293,True
cluster_924,5,0.24624990179637854,0.2438837209302325,0.005684888263548701,0.24082568807339455,0.2534651162790697,0.012639428205675152,False
cluster_925,10,0.7701997129454596,1.0,0.3700137165148142,0.23333333333333345,1.0,0.7666666666666666,True
cluster_926,3,0.167292089249493,0.12925287356321846,0.06745235665277796,0.1274509803921569,0.2451724137931035,0.1177214334009466,False
cluster_927,4,0.14329250224480938,0.14875505426686533,0.023161334165544445,0.11053540587219338,0.16512449457331346,0.054589088701120086,False
cluster_928,7,0.2793315088871847,0.18994413407821234,0.2819375759775885,0.0848484848484848,0.8876404494382023,0.8027919645897175,True
cluster_929,4,0.2701889536754579,0.27041742286751363,0.0004569383841114657,0.2695035460992907,0.27041742286751363,0.0009138767682229099,False
cluster_93,2,0.16651917404129796,0.16651917404129796,0.00020858607114643003,0.16637168141592926,0.16666666666666666,0.00029498525073740067,False
cluster_930,8,0.12618684731912597,0.14448441247002394,0.42165558158061667,-0.2650335570469799,1.0,1.26503355704698,True
cluster_931,1,0.217391304347826,0.217391304347826,0.0,0.217391304347826,0.217391304347826,0.0,False
cluster_932,6,0.7565011820330968,1.0,0.3772267467228028,0.2695035460992907,1.0,0.7304964539007093,True
cluster_933,6,0.2700885988510037,0.27034482758620687,0.00045665531672475985,0.2695035460992907,0.27041742286751363,0.0009138767682229099,False
cluster_934,5,0.2478405293948231,0.2499596774193548,0.06354016818193607,0.16778523489932887,0.34357859531772583,0.17579336041839697,False
cluster_935,3,0.5133069896556014,0.27041742286751363,0.4214887584874079,0.2695035460992907,1.0,0.7304964539007093,True
cluster_937,4,0.6256717316034032,0.6352087114337568,0.4325175302641713,0.23226950354609924,1.0,0.7677304964539008,True
cluster_938,5,0.24392014519056252,0.23230490018148808,0.015904829256048404,0.23230490018148808,0.26134301270417415,0.029038112522686066,False
cluster_939,9,0.837870538415003,1.0,0.3217156766630265,0.27041742286751363,1.0,0.7295825771324864,True
cluster_94,4,0.2996848351808451,0.3072823656411443,0.10428846880698882,0.16806722689075626,0.4161073825503356,0.24804015565957932,False
cluster_940,10,0.41209216045146035,0.2695035460992907,0.3100763182279146,0.23226950354609924,1.0,0.7677304964539008,True
cluster_941,9,0.27009666499337115,0.27041742286751363,0.00044730051664751576,0.2695035460992907,0.27041742286751363,0.0009138767682229099,False
cluster_942,12,0.9382613510520487,1.0,0.21386895353702084,0.2591362126245847,1.0,0.7408637873754154,True
cluster_943,5,0.6511534600379523,0.6084986595174263,0.3390797804321676,0.3148148148148148,1.0,0.6851851851851851,True
cluster_944,18,0.3087466333021687,0.27041742286751363,0.17274611733657666,0.23230490018148808,1.0,0.7676950998185119,True
cluster_945,4,0.196354748603352,0.19041899441340787,0.012196301854622994,0.18994413407821234,0.21463687150837993,0.02469273743016759,False
cluster_946,12,0.5637962962962962,0.31749206349206344,0.39372123804324066,0.08888888888888882,1.0,0.9111111111111112,True
cluster_947,18,0.3087466333021687,0.27041742286751363,0.17274611733657663,0.23230490018148808,1.0,0.7676950998185119,True
cluster_948,4,0.2601950354609929,0.2695035460992907,0.018617021276595744,0.23226950354609924,0.2695035460992907,0.03723404255319149,False
cluster_949,9,0.35039543964381165,0.22955315870570103,0.2796181529959466,0.07288014311270125,1.0,0.9271198568872987,True
cluster_95,2,0.5830827067669173,0.5830827067669173,0.5896100904781061,0.16616541353383465,1.0,0.8338345864661654,True
cluster_951,7,0.4832019704433498,0.32183908045977017,0.35658615476967725,0.2327586206896552,1.0,0.7672413793103448,True
cluster_952,4,0.653933908045977,0.6810344827586207,0.4020458055161401,0.25366666666666665,1.0,0.7463333333333333,True
cluster_953,10,0.5433850574712643,0.2772988505747127,0.39445605594382305,0.18103448275862066,1.0,0.8189655172413793,True
cluster_954,3,0.5606416244327405,0.3620689655172413,0.3810804668264789,0.31985590778097983,1.0,0.6801440922190202,True
cluster_955,4,0.15546853407208097,0.16649147953495777,0.04033844347038641,0.09973913043478264,0.18915204678362574,0.0894129163488431,False
cluster_956,3,0.2813147926251374,0.2936936936936937,0.043702024850526947,0.2327586206896552,0.31749206349206344,0.08473344280240824,False
cluster_957,4,0.24530423217286546,0.24561725060451717,0.008456976716801456,0.23700623700623696,0.2529761904761905,0.015969953469953557,False
cluster_958,4,0.24735053824885606,0.2624457937410575,0.04598161745070514,0.18015037593984964,0.28436018957345965,0.10420981363361001,False
cluster_959,5,0.14330893704061173,0.10640759930915376,0.11669171988034666,0.04370179948586116,0.3132688927943761,0.2695670933085149,False
cluster_96,3,0.1493106881190741,0.12164192214299673,0.04831726156519092,0.12118810139789914,0.20510204081632646,0.08391393941842733,False
cluster_960,5,0.2635326510481337,0.2702702702702703,0.020012465584304067,0.22794238683127574,0.2745901639344262,0.04664777710315046,False
cluster_961,3,0.2835840741584986,0.30841121495327106,0.07318081313498685,0.20121951219512188,0.3411214953271029,0.13990198313198102,False
cluster_962,3,0.5241961199995584,0.32183908045977017,0.4135884900675405,0.25074927953890497,1.0,0.749250720461095,True
cluster_963,4,0.5888493253373314,0.6130434782608696,0.47639702118708044,0.12931034482758627,1.0,0.8706896551724137,True
cluster_964,4,0.0378813390507544,0.03134796238244517,0.05708202020050089,-0.02488294314381264,0.11371237458193989,0.13859531772575254,False
cluster_965,3,0.08488542272586917,0.1276691729323309,0.07791079881512031,-0.005042979942693363,0.13203007518796997,0.13707305513066334,False
cluster_966,5,0.13288177606558055,0.1519886363636364,0.03721352030479839,0.06915760869565221,0.15653799758745465,0.08738038889180244,False
cluster_967,4,0.8477941176470588,1.0,0.3044117647058824,0.39117647058823535,1.0,0.6088235294117647,True
cluster_968,5,0.20219620353610512,0.22999999999999998,0.07643972755812281,0.06885758998435047,0.26334519572953746,0.19448760574518698,False
cluster_969,21,0.42079213156812745,0.21241176470588236,0.3815052015394703,-0.002597402597402542,1.0,1.0025974025974025,True
cluster_97,21,0.7859447039001717,1.0,0.34687543275418625,0.23647294589178358,1.0,0.7635270541082164,True
cluster_970,4,0.04536862003780722,0.04536862003780722,0.0,0.04536862003780722,0.04536862003780722,0.0,False
cluster_971,3,0.43816472916151367,0.19230769230769232,0.48782517282360705,0.12218649517684885,1.0,0.8778135048231511,True
cluster_972,4,0.18800144811516223,0.21282533256217473,0.10393347244030805,0.04115226337448557,0.2852028639618139,0.2440506005873283,False
cluster_973,4,0.298162100456621,0.2972374429223744,0.0021772651623904573,0.2968036529680365,0.3013698630136986,0.0045662100456621,False
cluster_975,4,0.15985212189673473,0.158606132135013,0.007853271568642302,0.15178571428571422,0.17041050903119867,0.018624794745484452,False
cluster_976,7,0.24080725623582766,0.08888888888888882,0.3366944964822194,0.08885714285714287,1.0,0.9111428571428571,True
cluster_977,12,0.35261111111111115,0.13630158730158728,0.3952615349424504,0.08885714285714287,1.0,0.9111428571428571,True
cluster_978,5,0.021197633158019192,0.030623818525519833,0.11780917549757727,-0.0966010733452594,0.16666666666666663,0.26326774001192604,False
cluster_980,3,0.18157182946315567,0.1545620437956205,0.15962514947543374,0.037174721189591114,0.3529787234042554,0.3158040022146643,True
cluster_981,3,0.1314635017093719,0.1287878787878789,0.01338616459427647,0.11961722488038268,0.14598540145985414,0.026368176579471464,False
cluster_982,4,1.0,1.0,0.0,1.0,1.0,0.0,False
cluster_983,4,0.4862248707464771,0.3315397210430564,0.34352127627812984,0.2818200408997955,1.0,0.7181799591002045,True
cluster_984,8,0.370997565201236,0.22280717020536023,0.3982056000076723,-0.009646302250803939,1.0,1.009646302250804,True
cluster_985,3,0.08542713567839193,0.08542713567839193,0.0,0.08542713567839193,0.08542713567839193,0.0,False
cluster_986,6,0.005884244372990274,-0.009646302250803939,0.03807342803577508,-0.009710610932475957,0.08360128617363337,0.09331189710610932,False
cluster_987,6,0.4780150450766889,0.242,0.40585384286272136,0.1918082191780822,1.0,0.8081917808219178,True
cluster_988,3,0.4547372201049498,0.2179190751445087,0.47356753781341826,0.14629258517034077,1.0,0.8537074148296593,True
cluster_989,10,0.21716794218908103,0.19579452054794516,0.031099160801030815,0.19117647058823528,0.2591362126245847,0.06795974203634941,False
cluster_99,5,0.41425620015040054,0.322,0.36423682954581804,0.12200604059844074,1.0,0.8779939594015592,True
cluster_990,3,0.33557887463833835,0.3440860215053764,0.031008419702083678,0.3012048192771085,0.3614457831325302,0.06024096385542166,False
cluster_991,3,0.5112874108690008,0.33472803347280333,0.4286331975699092,0.1991341991341991,1.0,0.800865800865801,True
cluster_992,5,0.1436642123044743,0.14345991561181445,0.0919269267071157,-0.0025714285714285765,0.24292452830188685,0.24549595687331544,False
cluster_993,5,0.1973520747342247,0.2009132420091324,0.02175967479704429,0.17702325581395342,0.23009132420091324,0.05306806838695982,False
cluster_994,3,0.08542713567839193,0.08542713567839193,0.0,0.08542713567839193,0.08542713567839193,0.0,False
cluster_995,4,0.2356963903932465,0.21517241379310342,0.07694309981789738,0.16664634146341456,0.3457943925233646,0.17914805105995002,False
cluster_996,10,0.19729140555982316,0.20771593007773906,0.03922274063831735,0.12048192771084347,0.2535885167464114,0.13310658903556793,False
cluster_997,11,0.2985039248301336,0.2529411764705882,0.23821877112102502,0.15887459807073956,1.0,0.8411254019292604,True
cluster_998,6,0.3641518061039677,0.27025,0.3156737881131851,0.17168674698795178,1.0,0.8283132530120483,True
cluster_999,3,0.3227435670843167,0.1724137931034483,0.30374691383900504,0.12347648261758686,0.672340425531915,0.5488639429143282,True
