product_code,cluster,cluster_id,probability,product_description
920207,169,cluster_169,0.7606640432126943,#1 assorted meat box
184001,-1,unclustered,0.0,"#1 special trim, ch"
89021,148,cluster_148,0.830130661076175,#2 tray ps white 8.25x5.75x1 75001429
89042,-1,unclustered,0.0,#4d tray white
95032680,119,cluster_119,1.0,(12280009) 8oz vanilla bundt cake (24oz)
95022680,119,cluster_119,1.0,(12280609) 8oz chocolate bundt cake (24o
95012680,119,cluster_119,0.7458502780777363,(303025) triple chocolate mini crumb cak
95002680,119,cluster_119,0.7458502780777363,(3034311) cinnamon apple mini crumb cake
95052680,119,cluster_119,0.7025073710132198,(5260110) louisiana crunch crumb bundt c
95042680,119,cluster_119,1.0,(928064) triple chocolate bundt cake (28
83323,190,cluster_190,0.8998413897673601,*aroy-d * coconut milk only
53154,-1,unclustered,0.0,*fulton* pallet for delivery
31311,-1,unclustered,0.0,*jerry only* ginger by pc
83191,132,cluster_132,1.0,*maesri* green curry paste 6/1kg
83251,132,cluster_132,1.0,*maesri* panang curry paste 6/1kg
83291,132,cluster_132,1.0,*maesri* red curry paste 6/35oz
41254159,3,cluster_3,1.0,-
13199427,3,cluster_3,1.0,.
211711,3,cluster_3,1.0,/
22654601,-1,unclustered,0.0,1
83441,66,cluster_66,0.8141731665133928,1 ply 1/4 fold dinner napkin 10000016
72790,417,cluster_417,1.0,1-2 fresh water prawn head on
62720,-1,unclustered,0.0,1-oz portion cup verde/green sticker
84600,-1,unclustered,0.0,1/6 large t - sacks
84610,-1,unclustered,0.0,1/8 medium t-sacks iedal
590012,-1,unclustered,0.0,10-12oz walleye fillets-frozen
70780,180,cluster_180,0.8698779846503465,100-200 cooked pnd *pentgld*
78016,180,cluster_180,0.9912258491203211,100/200 pld cooked t/off 5/2#
71009,180,cluster_180,0.9912258491203211,100/200 pud t/off 10/1# cooked
420110,1232,cluster_1232,0.8791445117635894,10oz lamb t-bone chop
620054,1212,cluster_1212,0.9569322099463862,10oz smoked pork chop
71570,-1,unclustered,0.0,110/130 pud usa 10/5#
18130181,-1,unclustered,0.0,111
620120,877,cluster_877,1.0,12-14 # hen turkey
20480,-1,unclustered,0.0,12/1# longhorn hot link 35625
115,75,cluster_75,0.8179876774137065,12/14 vac bags 3m
454050,-1,unclustered,0.0,12oz buffalo ribeye steaks-10#
57,73,cluster_73,1.0,12x22 vac
41,-1,unclustered,0.0,12x6x14liners
250366,-1,unclustered,0.0,13 farms berkshire pork tomahawk rack
73820,-1,unclustered,0.0,13/15 ez peel white 10/2#
72820,331,cluster_331,0.6678491173797092,13/15 shell on 6/4#
72830,-1,unclustered,0.0,13/15 shirmp s/on 10/4# case
71571,-1,unclustered,0.0,130/150 pud usa 10/5#
410066,1228,cluster_1228,0.9212420954865426,14-16oz frenched veal rib chop
144146,491,cluster_491,1.0,14oz choice kc strip stk
410140,-1,unclustered,0.0,14oz french veal rib chop
52,73,cluster_73,1.0,14x24 vac
531620,881,cluster_881,0.5588246383391484,16-20 shell on headless shrimp
72989,878,cluster_878,0.8848681891749982,16/20 easy peel shrimp 10/2#
72010,180,cluster_180,0.826571982590919,16/20 p&d iqf - 10# t/off
72011,181,cluster_181,1.0,16/20 p&d iqf tail on 5/2#
72015,180,cluster_180,1.0,16/20 p&d t/off cooked 5/2#
72012,-1,unclustered,0.0,16/20 p&d white 10/2#
78001,180,cluster_180,1.0,16/20 pld cooked t/off 5/2#
78000,180,cluster_180,1.0,16/20 pld cooked t/on 5/2#
72850,331,cluster_331,0.6281852737032726,16/20 shell on 6/4# (24#/case)
72013,881,cluster_881,0.6156636095613988,16/20 shell on red shrimp 10/2#
54,73,cluster_73,1.0,16x20 vac
48,73,cluster_73,0.8057826821626832,17x18x vac
45,-1,unclustered,0.0,17x18x2o linrs
62730,158,cluster_158,1.0,1oz portion - lid*
13800500,-1,unclustered,0.0,2
84110,158,cluster_158,1.0,2 oz lid ( 1.5/2oz )
84091,-1,unclustered,0.0,2 oz portion cup clear *pac-link*
84092,-1,unclustered,0.0,2 oz portion lid - pli 162 pac-link
520023,-1,unclustered,0.0,2-3oz beer battered cod portio
72800,417,cluster_417,1.0,2-4 fresh water prawn head on
84090,158,cluster_158,0.8907967860482422,2-oz portion cup
72550,-1,unclustered,0.0,20# 71/90 iqf pnd 4/5#
70872,330,cluster_330,0.8908143186865184,20# scallop 10/20 - block 20# case
70871,-1,unclustered,0.0,20# scallop 10/20 u.s.a. 4/5#
900003,352,cluster_352,1.0,20/6oz cordon bleu
620056,-1,unclustered,0.0,20031 beef smoked rope sausage
72450,888,cluster_888,0.8057746774707341,21/25 breaded butterfly shrimp
72451,888,cluster_888,0.7702994036056139,21/25 coconut breaded shrimp
71310,878,cluster_878,1.0,21/25 easy peel shrimp 10/2#
72130,180,cluster_180,0.9138913562279353,21/25 p& d 10# iqf t/off {small box 10#}
72131,180,cluster_180,1.0,21/25 p&d iqf t/off 10x2 {20#/case}
74001,181,cluster_181,1.0,21/25 p&d tail on 10/2#
74000,181,cluster_181,1.0,21/25 p&d tail on 5/2#
78003,180,cluster_180,1.0,21/25 pld cooked t/off 5/2#
78002,180,cluster_180,1.0,21/25 pld cooked t/on 5/2#
70300,-1,unclustered,0.0,21/25 s/ on *ocean garden* 30#
70020,331,cluster_331,0.6637152099511215,21/25 shell on 40# /case
70301,331,cluster_331,0.9934562281241961,21/25 shell on 6/4#
70130,331,cluster_331,1.0,21/25 shell on- (10/4#)
1220,-1,unclustered,0.0,220 lunch meats
84410,-1,unclustered,0.0,222 rice stick-bun tuoi dac biet
56,-1,unclustered,0.0,23/18/34 blue liners
49,71,cluster_71,0.7612064790236888,23x17x32x liners
44,71,cluster_71,0.8101819186490502,23x18x34 liners
24565868,-1,unclustered,0.0,24565869
532630,-1,unclustered,0.0,26-30ct cooked tail on shrimp-5/2#
72992,878,cluster_878,1.0,26/30 easy peel shrimp 10/2#
71050,-1,unclustered,0.0,26/30 p & d block 10/4#
72991,180,cluster_180,0.9676197776252559,26/30 p&d t/off 10x2 ( 20# /case)
72990,180,cluster_180,0.9588246646405008,26/30 p&d t/off 5/2#
78005,180,cluster_180,1.0,26/30 pld cooked t/off 5/2#
71910,331,cluster_331,0.5956780805734961,26/30 shell on -- 10/5# mexican
71900,331,cluster_331,1.0,26/30 shell on 10/4#
71051,331,cluster_331,0.9671256890899985,26/30 shell on p&d 6/4#
70890,331,cluster_331,1.0,26/30 shell-on 6/4#
620032,-1,unclustered,0.0,2oz british bangers 10# bx
620057,-1,unclustered,0.0,2oz homemade bratwurst links
83440,66,cluster_66,0.9289857187515629,2ply 1/8 fold dinner napkin 15x17
89103,148,cluster_148,1.0,2s meat tray white 8.25x5.75x.625
620831,199,cluster_199,1.0,3-1 mac & cheese brat links
40,-1,unclustered,0.0,3.5/5.25 label
745123,-1,unclustered,0.0,"3/8"" diced ham-riverside"
30200,-1,unclustered,0.0,3021 rex sole round 4l 800/1000
72081,-1,unclustered,0.0,31/35 p & d - (each) 4#
71180,180,cluster_180,1.0,31/35 p & d t/off 10/4#
72321,-1,unclustered,0.0,31/35 p&d t/off - america`s 5/2#
72360,180,cluster_180,1.0,31/35 p&d t/off 6/4# (24#/case)
72180,181,cluster_181,0.9601304046244321,31/35 p&d tail on 24#/case
70060,331,cluster_331,0.686381671414249,31/35 shell on 10/4# case
72993,878,cluster_878,1.0,31/40 easy peel shrimp 10/2#
73330,180,cluster_180,1.0,31/40 p&d iqf t/off - 10/2# { 20#/case}
72322,-1,unclustered,0.0,31/40 p&d t/off (10/2# ) seamazz 20#
72320,180,cluster_180,1.0,31/40 p&d t/off (5/2#) 10#
72323,180,cluster_180,0.9726499143570434,31/40 p&d t/on (5/2#) 10#
72420,180,cluster_180,1.0,31/40 pd cooked t/off (5/2#)
78007,180,cluster_180,1.0,31/40 pld cooked t/off 5/2#
78006,180,cluster_180,1.0,31/40 pld cooked t/on 5/2#
72330,-1,unclustered,0.0,31/40 pnd iqf shrimp 30gw/24nw rcky
70381,180,cluster_180,1.0,36/40 p&d t/off 10/4#
70380,331,cluster_331,0.8545990945870187,36/40 shell on 10/4#
38210130,-1,unclustered,0.0,38301078
310130,-1,unclustered,0.0,3oz fresh bnls/skls chicken brst
410031,1090,cluster_1090,1.0,3oz veal cutlet
FEE,-1,unclustered,0.0,3rd party fee
620051,-1,unclustered,0.0,4-1 all beef hot dogs
620060,200,cluster_200,1.0,4-1 h.m. pre-cook brat link 10
620033,-1,unclustered,0.0,4-1 h.m. pre-cook italian link
620061,199,cluster_199,0.6145083658450016,4-1 homemade brat links 10# b
620662,-1,unclustered,0.0,4-1 ital.saus.link homemade
620841,199,cluster_199,1.0,4-1 mac & cheese brat links
620164,-1,unclustered,0.0,4-1 smoked andouillie sausage
71510,417,cluster_417,1.0,4-6 fresh water prawn head on 10/2
539989,380,cluster_380,0.3464566175420957,4-6ct head on shrimp-12/2#
11014,211,cluster_211,1.0,4.5# duck buddhist (h/o f/o) blue
620058,-1,unclustered,0.0,4/1 h.m. smoked polish
620059,-1,unclustered,0.0,4/1 hungarian smoked brat
32,59,cluster_59,0.7092394047058218,40 lb wax boxes
99995,-1,unclustered,0.0,404 a 24# bottle
72994,878,cluster_878,0.7615296860755266,41/50 easy peel shrimp 10/2#
72272,180,cluster_180,0.9138913562279353,41/50 p&d t/off 2/10# (20#/box)
72270,180,cluster_180,1.0,41/50 p&d t/off 5/2#
78009,180,cluster_180,1.0,41/50 pld cooked t/off 5/2#
78008,180,cluster_180,1.0,41/50 pld cooked t/on 5/2#
70160,180,cluster_180,0.8526826240488576,41/50 pnd 10/5#
72390,331,cluster_331,0.8346878332805386,41/50 shell on 10/4#
140241,-1,unclustered,0.0,4oz cho. philly stk.
520040,-1,unclustered,0.0,4oz cod loin 10# bx
85440,-1,unclustered,0.0,4oz cup - ys400 *pactiv*
85441,158,cluster_158,0.9118707688121783,4oz flat lid-yls 3fr size f pactiv
590034,-1,unclustered,0.0,4oz flathead sole-origin pacific-10#
590304,-1,unclustered,0.0,4oz flounder-origin pacific-10#
62750,158,cluster_158,1.0,4oz portion - lid*
62740,158,cluster_158,0.9776489953017682,4oz portion cup
620064,1212,cluster_1212,1.0,4oz smoked pork chop
190444,-1,unclustered,0.0,4oz special trim steak ribeye
410041,1090,cluster_1090,1.0,4oz veal cutlet
88134,148,cluster_148,1.0,4s meat tray white 7.2 x 9.3 x.4 500ct
22177240,-1,unclustered,0.0,5
623897,-1,unclustered,0.0,5-1 bratwurst
620160,200,cluster_200,1.0,5-1 h.m. pre-cook brat link 10
620160,200,cluster_200,1.0,5-1 h.m. pre-cook brat link 10
621032,-1,unclustered,0.0,5-1 lamb merguez sausage-12/12oz
620861,199,cluster_199,1.0,5-1 mac & cheese brat links
620158,1000,cluster_1000,0.5661003614675804,5-8# bi turkey breast
550030,-1,unclustered,0.0,5-8ct canadian snow crab legs-30#
620558,-1,unclustered,0.0,5/1 h.m. smoked polish
190087,15,cluster_15,0.9394921319431913,50 combo
70340,331,cluster_331,0.8164339313462443,50# 36/40 shell on 10/5#
19990550,-1,unclustered,0.0,50% brisket trim
180034,-1,unclustered,0.0,50% frozen beef fat
70700,-1,unclustered,0.0,51/60 cooked shrimp t/off
72630,-1,unclustered,0.0,51/60 p&d t/off -la fresh- 5/2#
72632,180,cluster_180,1.0,51/60 p&d t/off 4/5# 20# case
78011,180,cluster_180,1.0,51/60 pld cooked t/off 5/2#
72150,331,cluster_331,0.5779393892027181,51/60 shell on - 10/5# arctic
70250,-1,unclustered,0.0,51/60 shell on - s. america 10/4#
905231,1208,cluster_1208,0.9502585447575308,52/3.1oz rib shaped patty-cooked
720527,-1,unclustered,0.0,"527 cooked corned beef brisket, ressler"
720008,-1,unclustered,0.0,"555 corned beef flat, ressler"
420050,1232,cluster_1232,0.879173360913696,5oz lamb t-bone chop
620065,1212,cluster_1212,1.0,5oz smoked pork chop
410051,1090,cluster_1090,0.9194567827809405,5oz veal cutlet
11018,-1,unclustered,0.0,6# duck buddhist wog blue* 144-001
72811,417,cluster_417,0.7430954551110854,6-8 fresh water prawn h/o each
72810,417,cluster_417,0.8446623746077514,6-8 fresh water prawn head on c-bay
591068,42,cluster_42,0.6077449125539136,6-8ct frog legs
590068,-1,unclustered,0.0,6-8oz walleye fillets-frozen
70760,-1,unclustered,0.0,61-70 cooked pdf golden sea
72671,180,cluster_180,1.0,61/70 p&d t/off 10/2# ** ( 20#/case ) **
72670,180,cluster_180,1.0,61/70 p&d t/off 5/2#
70240,-1,unclustered,0.0,61/70 shell on-10/4# maximus sea
190082,15,cluster_15,1.0,65 combo
144142,491,cluster_491,1.0,6oz cho ny strip stk spec trim
420060,1232,cluster_1232,1.0,6oz lamb t-bone chop
620067,1212,cluster_1212,1.0,6oz smoked pork chop
410061,1090,cluster_1090,1.0,6oz veal cutlet
430156,307,cluster_307,1.0,6way goat cut 1.5in bonein
99999997,59,cluster_59,0.6889318960604515,70# wax chicken boxes
70770,417,cluster_417,0.7358248047700798,70-90 cooked white shrimp
71260,-1,unclustered,0.0,70/90 peeled & deveined 10/4#
70830,-1,unclustered,0.0,7087 scallop 10/20 (japan)
71550,180,cluster_180,1.0,71/90 p&d t/off 5/2#
78014,180,cluster_180,0.95120258697567,71/90 pld cooked t/off 5/2#
190732,1186,cluster_1186,1.0,73/27 ground beef-frozen 24/2# excel
190731,1186,cluster_1186,1.0,73/27 ground beef-frozen 36/1# excel
420070,1232,cluster_1232,1.0,7oz lamb t-bone chop
450083,-1,unclustered,0.0,8 bone frenched elk rack
52301220,-1,unclustered,0.0,"8 piece cut up, marinated pilgrim`s"
399810,-1,unclustered,0.0,8-10oz pheasant airline breasts
190081,15,cluster_15,0.9763284353179049,80 combo
190801,1186,cluster_1186,1.0,80/20 ground beef-frozen 36/1#
83090,-1,unclustered,0.0,8134 lane sanpper wggs 2-3#
83470,-1,unclustered,0.0,8338 panda * 0yster sauce -rojo
190085,15,cluster_15,1.0,85/15 combo
164086,-1,unclustered,0.0,8oz choice ribeye steak
140119,-1,unclustered,0.0,8oz end cut ny strip steak
420080,1232,cluster_1232,1.0,8oz lamb t-bone chop
620068,1212,cluster_1212,0.925395327942685,8oz smoked pork chops
88144,148,cluster_148,1.0,8p meat tray white 8x10.5x1.1 200ct
451047,-1,unclustered,0.0,90% lean wild boar trim
190090,15,cluster_15,1.0,90/10 combo
73550,-1,unclustered,0.0,90/110 peeled & deveined 40#
71590,417,cluster_417,0.7430954551110854,90/120 cold water prawns cooked
72571,-1,unclustered,0.0,91/110 pud iqf 5/2#
70560,-1,unclustered,0.0,91/110 pud shrimp gulf white 50#
88782,150,cluster_150,1.0,9828b 2 cmpt. black.container 32oz
13651400,5,cluster_5,1.0,\x
AS,-1,unclustered,0.0,a
620034,-1,unclustered,0.0,abbyland slicing summer 2pc
96041,-1,unclustered,0.0,ackee
ADJ,-1,unclustered,0.0,adjustment
94084730,-1,unclustered,0.0,adobo para chorizo el gallo de oro 45#
410034,1090,cluster_1090,0.5697629451243416,advance 3oz pound veal cutlet
410054,-1,unclustered,0.0,advance 5oz veal cutlets
900076,-1,unclustered,0.0,advance ctry fried steak-3.8oz
94705080,321,cluster_321,0.8558828895283647,aguila mexican chorizo mini chub 24/8oz
94635080,321,cluster_321,1.0,aguila mexican hot 12/12oz.
94645080,321,cluster_321,1.0,aguila mexican mild 12/12oz.
94595080,321,cluster_321,1.0,aguila mexicana soy chorizo 24/8 oz
55663,-1,unclustered,0.0,airline bst 10z sngl t/in
83370,-1,unclustered,0.0,ajinomoto - m.s.g. (50#) red
900012,12,cluster_12,1.0,aladdin garlic/pesto wrap 12in
900015,12,cluster_12,0.9307939120598411,aladdin plain wrap 12in
900014,12,cluster_12,0.9339207610892469,aladdin spinach wrap 12in
900013,12,cluster_12,1.0,aladdin sundried tomato wrap 12in
900016,12,cluster_12,1.0,aladdin whole wheat wrap 12in
740888,-1,unclustered,0.0,alexander hornung b-in half hams-50#
81010,-1,unclustered,0.0,alexia whole potato rosemary/garlic
920266,-1,unclustered,0.0,all filets
6,-1,unclustered,0.0,all michigan tureky breast layer of 10
920203,-1,unclustered,0.0,all occasions box
10000001,-1,unclustered,0.0,all prices are subject to change
920205,-1,unclustered,0.0,all steaks box
78532109,23,cluster_23,1.0,"alligator meat, cleaned (12/1#)"
78539980,23,cluster_23,1.0,"alligator meat, cleaned (24/1#)"
450006,23,cluster_23,1.0,alligator-whole
22080182,-1,unclustered,0.0,allspice ground 16 oz
22080217,-1,unclustered,0.0,allspice ground 5#
96622900,-1,unclustered,0.0,"alpple pie 6/cs 10"""
84330,67,cluster_67,1.0,aluminum foil roll 18 x500
85240,-1,unclustered,0.0,ameramelt cheese block
84243,-1,unclustered,0.0,america medium grain rice 50# 02075
85242,-1,unclustered,0.0,american cheese slices
31000,-1,unclustered,0.0,american eggplant
38173188,-1,unclustered,0.0,andouille 8/1 chicken sausage amylou
86700,-1,unclustered,0.0,andouille sausage seasoning
310140,-1,unclustered,0.0,anmar 4oz marinated b/s chicken breast
190303,-1,unclustered,0.0,anmar 4oz salisbury steak patties-10#
190313,-1,unclustered,0.0,anmar raw meatloaves-15#
40172008,-1,unclustered,0.0,annato achiote paste 12/15-oz
84350,51,cluster_51,0.890144588835296,aoki sesame oil blend 4x1gallon *aoki*
31010,-1,unclustered,0.0,apple 88ct
96531220,-1,unclustered,0.0,apple caramel chudleigh
83990,-1,unclustered,0.0,apple sauce sweetened - hunsty
720115,-1,unclustered,0.0,applegate precooked roast beef
610001,-1,unclustered,0.0,applegate smoked turkey breast
50140201,-1,unclustered,0.0,apples gransmith 72ct
96404740,-1,unclustered,0.0,"arepa cheese, 2ct, mambo (12x14z)"
80019,-1,unclustered,0.0,arln brst 10/12oz amish
13159984,-1,unclustered,0.0,"arm portion b/in, (ch)"
13153790,-1,unclustered,0.0,"arm portion bone in, black mountain (ch)"
190067,-1,unclustered,0.0,armour 1/2oz meatballs-6/4# bags
83321,190,cluster_190,0.9266325856108562,aroy-d coconut milk for dessert
31020,-1,unclustered,0.0,asparagus 11#
50133403,-1,unclustered,0.0,asparagus lrg 11#
90466162,170,cluster_170,0.569615829355633,ath chs puff 1-oz 3/48 144ct
90466158,170,cluster_170,1.0,ath spinach puff 1-oz 3/48 144ct
90466159,170,cluster_170,1.0,ath spinach puff 3-oz 3/24
90466156,170,cluster_170,1.0,ath spinach puff 8-oz 3/10 30ct
520040,859,cluster_859,1.0,4oz cod loin 10# bx
420002,-1,unclustered,0.0,ausi brt lamb legs
430105,174,cluster_174,0.9958875748914113,aussie retail goat cubes
420320,-1,unclustered,0.0,aust 32oz & up french lamb rack
420260,-1,unclustered,0.0,aust.26/28oz french lamb rack
620941,-1,unclustered,0.0,avli greek sausage
50130588,95,cluster_95,0.8862930439735124,avocado green 60 ct
31031,95,cluster_95,0.6564069640800607,avocado haas 48ct (green)
31030,95,cluster_95,0.6392265424056919,avocado haas 60ct green
50130593,95,cluster_95,1.0,avocado ripe 12 ct
50130581,95,cluster_95,1.0,avocado ripe 48 ct
50130570,95,cluster_95,0.9486666912531705,avocado ripe 48 ct jimmy brand
50130584,95,cluster_95,1.0,avocado ripe 60 ct
50130595,95,cluster_95,1.0,avocado ripe 70 ct
50130590,95,cluster_95,0.8968515265643694,avocado-alej green 48 ct
50130599,95,cluster_95,1.0,avocado-alej ripe 36ct
50130619,95,cluster_95,1.0,avocado-alej ripe 48 ct
50130611,95,cluster_95,1.0,avocado-alej ripe 60 ct
5051,-1,unclustered,0.0,b
440150,-1,unclustered,0.0,b-in mutton cubes-15#
620148,-1,unclustered,0.0,b-in smoked pork loin
620069,242,cluster_242,1.0,b.park 5-1 all beef hot dog
620169,242,cluster_242,1.0,b.park 6-1 all beef hot dog
620070,242,cluster_242,1.0,b.park 8-1 all beef hot dogs
44521010,1125,cluster_1125,1.0,"baby backribs (1pc) vp, pork ibp"
44021010,1125,cluster_1125,1.0,"baby backribs (2pc) vp, pork ibp"
44341010,1125,cluster_1125,1.0,"baby backribs (3pc) vp, pork ibp"
44525240,-1,unclustered,0.0,"baby backribs 1.25, pork chefs choice"
44623570,1125,cluster_1125,0.3743807892384956,"baby backribs 2/dn, pork ibp"
44622090,-1,unclustered,0.0,"baby backribs, pork amity"
84650,-1,unclustered,0.0,baby corn cut 6/5
62052,176,cluster_176,0.9037363959199596,baby octopus 16-25 -oceanika- 12/2#
280140,-1,unclustered,0.0,"bac apple d.s., webster city, 14-18, 15#"
33662008,-1,unclustered,0.0,back rib 3.3lb 2 pack
250125,-1,unclustered,0.0,"back rib peeled, wichita, 1.25#"
250020,258,cluster_258,1.0,"back rib, seaboard, #2"
240340,-1,unclustered,0.0,"back ribs 3-4 bone, berkshire"
82185810,-1,unclustered,0.0,"backfat salted cov, pork alex deli"
82181440,-1,unclustered,0.0,"backfat salted, pork belmont"
44341150,258,cluster_258,1.0,"backribs 2.5/up, pork seaboard"
44341570,-1,unclustered,0.0,"backribs 2/up, pork, 1pcvp peeled jasper"
17203334,-1,unclustered,0.0,"backribs beef, upper iowa (ch)"
17203574,-1,unclustered,0.0,"backribs beef, vp, ibp (ch)"
17201024,-1,unclustered,0.0,"backribs cntr cut, beef national (ch)"
44442080,-1,unclustered,0.0,"backribs, #2 pork dekalb"
44343630,-1,unclustered,0.0,"backribs, 1/12 vac, pork pine ridge"
44341980,-1,unclustered,0.0,"backribs, 2.5/up 1pc vp, pork smithfield"
44341060,-1,unclustered,0.0,"backribs, 2/up (1pc) vp, pork indiana"
17209980,312,cluster_312,0.8272292151952915,"backribs, beef"
17203694,-1,unclustered,0.0,"backribs, beef black aurora (ch)"
17203794,-1,unclustered,0.0,"backribs, beef black mountain (ch)"
17201176,-1,unclustered,0.0,"backribs, beef demkota (n/r)"
17201376,312,cluster_312,0.8272292151952915,"backribs, beef evp (nr)"
17204496,312,cluster_312,1.0,"backribs, beef harmony"
17204495,312,cluster_312,1.0,"backribs, beef harmony (aa)"
17204494,312,cluster_312,1.0,"backribs, beef harmony (aaa)"
17201030,312,cluster_312,0.7500630944871969,"backribs, beef jbs"
17201320,313,cluster_313,1.0,"backribs, beef mex gusi"
17201120,313,cluster_313,1.0,"backribs, beef mex praderas"
17201130,313,cluster_313,1.0,"backribs, beef mex sukarne"
44342080,-1,unclustered,0.0,"backribs, pork dekalb"
50003390,-1,unclustered,0.0,"backs, chicken mountaire (40#)"
58011850,-1,unclustered,0.0,"backs, yellow chicken harrison (40#)"
920221,-1,unclustered,0.0,backyard bbq box
13852,-1,unclustered,0.0,bacon *__
37410401,553,cluster_553,0.9949427032328899,bacon 10/14 single peer hotel- gourmet
37312105,-1,unclustered,0.0,bacon 13/17platter 15lb/cs - mariah
20391,548,cluster_548,1.0,bacon 14-18ct indiana platter 30#
20390,548,cluster_548,0.9914397192048722,bacon 14-18ct indiana platter 30# fzn
37410850,553,cluster_553,1.0,bacon 14/18 single peer hotel-
37312104,-1,unclustered,0.0,bacon 18/22 platter 15lb/cs - mariah
37410400,553,cluster_553,1.0,bacon 18/22 single peer hotel
37410450,553,cluster_553,0.8473035570081617,bacon 22/26 hotel 12lb/cs peer
37411000,553,cluster_553,0.83784489934304,bacon 22/26 hotel 15 b/cs peer 11000
37412002,553,cluster_553,1.0,bacon 9/11 single peer hotel-
13853,-1,unclustered,0.0,bacon andy smk rib 25#
13874BS,583,cluster_583,0.9997377894966688,bacon andy-can-styl 20#
290257,553,cluster_553,0.7973129565894298,"bacon apple, wc hotel, d.s. 18-22"
37880523,552,cluster_552,1.0,bacon applewood smoked 10/14 layout
37880513,551,cluster_551,0.7892118662634013,bacon applewood smoked 10/14 platter
37880519,552,cluster_552,1.0,bacon applewood smoked 14/18 layout
37880514,551,cluster_551,0.7544763561648172,bacon applewood smoked 14/18 platter
37880518,552,cluster_552,1.0,bacon applewood smoked 18/22 layout
290266,-1,unclustered,0.0,"bacon bits ckd, windy hill"
94219,-1,unclustered,0.0,bacon breakfast beef 12oz alsafa halal
94741,550,cluster_550,0.9580878900279436,bacon breakfast turkey 12oz deen halal
290263,549,cluster_549,0.7588285095907422,"bacon bulk, wright, 14-18ct"
290264,549,cluster_549,0.7791323828974657,"bacon bulk, wright, 18-22ct, 15#"
290224,583,cluster_583,1.0,bacon canadian
37255410,583,cluster_583,0.9997377894966688,bacon canadian hof haus
13879C,-1,unclustered,0.0,bacon celeb slab derind 4/7#-z
20487,241,cluster_241,0.9873216854693436,"bacon cheddar bratwurst 7"" rpc496"
907505,-1,unclustered,0.0,bacon cheddar mac and cheese
13321117,561,cluster_561,0.9866593027247634,bacon com sl-lf aw10-12 15#-z
13832205,561,cluster_561,0.9108002091052745,bacon com sl-lf aw18-22 15#-z
1382162,560,cluster_560,1.0,bacon com sl-r aw05-06 32162 12/1#
1382162,561,cluster_561,1.0,bacon com sl-r aw05-06 32162 12/1#
13832163,560,cluster_560,1.0,bacon com sl-r aw10-12 32163 12/1#
13832163,561,cluster_561,1.0,bacon com sl-r aw10-12 32163 12/1#
13832010,560,cluster_560,1.0,bacon com sl-r aw14-18 32161 12/1#
13832010,561,cluster_561,1.0,bacon com sl-r aw14-18 32161 12/1#
1332147,-1,unclustered,0.0,bacon com slab-dr aw 32147 2/10#
1332147,-1,unclustered,0.0,bacon com slab-dr aw 32147 2/10#
134325,-1,unclustered,0.0,bacon com-can-styl 4325 4-7/2-4#-z
13860154,-1,unclustered,0.0,bacon com-end/pcs-z aplw 6/5#
232300,-1,unclustered,0.0,"bacon cooked, jones farm, 300ct, 4.7"
290258,-1,unclustered,0.0,"bacon doub smoked, wc hotel, 12-14 (15#)"
290259,-1,unclustered,0.0,"bacon double smoked, 12-14 5#bx"
290260,-1,unclustered,0.0,"bacon double smoked, bell mills, 12/14"
290242,-1,unclustered,0.0,"bacon economy, pritzlaff, 15# l"
290650,-1,unclustered,0.0,"bacon ends & pieces, 6/5# box per case"
82331060,-1,unclustered,0.0,"bacon ends/pcs, indiana (30#)"
82331060,-1,unclustered,0.0,"bacon ends/pcs, indiana (30#)"
138PB351,-1,unclustered,0.0,bacon fml z 24/1#vp
290226,-1,unclustered,0.0,bacon ground
97095740,519,cluster_519,1.0,"bacon hardwood smkd, bar s (24/12oz)"
37880500,552,cluster_552,0.5802613908828198,bacon hardwood smoked 10/14 layout
37880502,552,cluster_552,0.6269831009813753,bacon hardwood smoked 14/18 layout
37880508,551,cluster_551,1.0,bacon hardwood smoked 18/22 platter
82724530,550,cluster_550,1.0,"bacon harwood smoked, 24/12oz, top value"
82725530,550,cluster_550,1.0,"bacon harwood smoked, 24/16oz, top value"
13884BS,583,cluster_583,0.9997377894966688,bacon hof-can-styl 4/4#
290256,-1,unclustered,0.0,"bacon honey jalapeno, wc, 14-18"
290265,-1,unclustered,0.0,"bacon hotelpak, pritzlaff, 18-2"
236483,-1,unclustered,0.0,"bacon hri, daily`s 18-22"
138880,564,cluster_564,0.7105018957872358,bacon ind sl08-10 80721 pl 15#
13888S,564,cluster_564,0.7629658550602522,bacon ind sl10-14 80110 pl 15#
13888S,564,cluster_564,0.7629658550602522,bacon ind sl10-14 80110 pl 15#
13818123,565,cluster_565,1.0,bacon ind sl10-14 80129 lf 15#
13818123,565,cluster_565,0.8032257543136626,bacon ind sl10-14 80129 lf 15#
1380283,564,cluster_564,0.8595252727363066,bacon ind sl14-18 80100 pl 30#
1380283,564,cluster_564,0.973773551338996,bacon ind sl14-18 80100 pl 30#
1380289,564,cluster_564,0.8881284813789879,bacon ind sl14-18 80105 pl 15#
13818121,565,cluster_565,1.0,bacon ind sl14-18 80126 lf 15#
13803887,565,cluster_565,1.0,bacon ind sl18-22 80103 lf 15#
1380280,564,cluster_564,0.9550104465387913,bacon ind sl18-22 80104 pl 30#
1380280,564,cluster_564,1.0,bacon ind sl18-22 80104 pl 30#
1380282,564,cluster_564,1.0,bacon ind sl18-22 80108 pl 15#
1380282,564,cluster_564,1.0,bacon ind sl18-22 80108 pl 15#
13888047,-1,unclustered,0.0,bacon ind-aw sl10-14 80523 lf 15#
13888049,564,cluster_564,0.8250313095863454,bacon ind-aw sl14-18 80514 pl 15#
1380286,-1,unclustered,0.0,bacon ind-prem sl14-18 80507 pl 15#
1380285,-1,unclustered,0.0,bacon ind-prem sl18-22 80508 pl 15#
13887S,-1,unclustered,0.0,bacon ind-slab r/on sl10 80204 15#
37880129,-1,unclustered,0.0,bacon indiana 10/14 layout
13802014,-1,unclustered,0.0,bacon jones sl09-11 33595 lf 15#
SP2002,549,cluster_549,1.0,bacon layout 18/22 15#
235223,549,cluster_549,0.6867419169893073,"bacon layout, daily`s 18-22, 15#"
290234,549,cluster_549,0.8272617650807159,"bacon layout, p. label, 14-18ct"
290235,549,cluster_549,0.9616267671735357,"bacon layout, patuxent, 14-18ct"
290244,549,cluster_549,1.0,"bacon layout, pritzlaff, 14-18 (15#)"
290245,549,cluster_549,1.0,"bacon layout, pritzlaff, 18-22 (15#)"
292091,549,cluster_549,0.9955138180617386,"bacon layout, wright, 14-18ct"
290262,549,cluster_549,0.9955138180617386,"bacon layout, wright, 18-22, 15#"
920234,-1,unclustered,0.0,bacon lovers dream
97105740,519,cluster_519,1.0,"bacon low s hardwood smkd, bar s 24/12oz"
138309,-1,unclustered,0.0,bacon mar sl13-17 3318 pl16/1.5#
138325,-1,unclustered,0.0,bacon mar sl18-22-03327-z 15#
138871,-1,unclustered,0.0,bacon nea-slab r/on sl10 80204 25#
13830483,-1,unclustered,0.0,bacon nueske sl16-20 2174 2/5#
290137,-1,unclustered,0.0,"bacon pecan, hormel, 13-17ct"
13834,559,cluster_559,0.8490938338094394,bacon peer sl#2 pomeroy-13100 12#
13810800,559,cluster_559,0.8774598863290068,bacon peer sl-lf05-07 10800 15#
13830458,559,cluster_559,1.0,bacon peer sl09-11 10850 lf 15#
13830481,559,cluster_559,0.946742776590785,bacon peer sl09-11 20002 pl 10/1#vp
13830,559,cluster_559,1.0,bacon peer sl10-14 3398 pl 9/2.5#vp
13836,559,cluster_559,1.0,bacon peer sl10-14 3398-z pl 9/2.5
138026,559,cluster_559,1.0,bacon peer sl14-18 10400 pl 12#
13818,559,cluster_559,1.0,bacon peer sl14-18 10900 lf 15#
13830482,-1,unclustered,0.0,bacon peer sl14-18 20001 pl10/12-oz
138027,-1,unclustered,0.0,bacon peer sl14-18 pl (cozy corner)
138067,559,cluster_559,1.0,bacon peer sl18-22 10450 pl 12#
13842,559,cluster_559,1.0,bacon peer sl18-22 10950 lf 15#
13810,559,cluster_559,1.0,bacon peer sl22-26 10500 pl 12#
1387430,-1,unclustered,0.0,bacon peer-can-styl slcd 12/1.5#-z
290253,-1,unclustered,0.0,"bacon pepper, w.c., 14-18, 15#"
37880108,551,cluster_551,1.0,bacon platter hardwood smoked 18/22
18064765,-1,unclustered,0.0,bacon platter ranch smith packing (25lb)
82311060,-1,unclustered,0.0,"bacon platter thick sliced, 10-14ct 15#"
290300,-1,unclustered,0.0,"bacon preckd, jimmy dean, 300ct"
1387482,-1,unclustered,0.0,bacon rose-can-styl 400101
37880503,-1,unclustered,0.0,bacon single slice 18/22 80503
290249,-1,unclustered,0.0,"bacon slab, 9-11# avg derind"
96715880,177,cluster_177,0.7078942281505035,"bacon slcd smk apewd, kentucky l (12/1#"
82371060,548,cluster_548,1.0,"bacon slicd platter, 14-18ct indiana 15#"
82321060,548,cluster_548,1.0,"bacon slicd platter, 14-18ct indiana 30#"
292171,-1,unclustered,0.0,"bacon sliced applewood, dailys, 13-15ct"
290251,-1,unclustered,0.0,"bacon sliced, top value, 24/1#"
97155740,519,cluster_519,0.41964103280935433,"bacon thick applewood smkd, bar s 24/12z"
97115740,519,cluster_519,1.0,"bacon thick hardwood smkd, bar s 24/12oz"
13832015,-1,unclustered,0.0,bacon thm-pre-cooked-z #12500
14006,-1,unclustered,0.0,bacon trky jennie o 12#
138941,-1,unclustered,0.0,bacon web-slab derind aw 2/14#
37999101,-1,unclustered,0.0,"bacon, applegate, sunday natural"
290261,549,cluster_549,0.6548013010925762,"bacon, bell mills, 18-22"
37880110,551,cluster_551,1.0,"bacon, hardwood smoked platter 10/14"
37215268,-1,unclustered,0.0,"bacon, jones 9-11"
37951252,-1,unclustered,0.0,"bacon, natural choice hormel 13-17"
82739990,-1,unclustered,0.0,"bacon, sliced hardw smkd moesle (10#)"
290250,549,cluster_549,0.7152975962911399,"bacon, smithfield, 14-18ct, 15#"
290252,-1,unclustered,0.0,"bacon, top value, 15/1#"
290254,553,cluster_553,0.8473035570081617,"bacon, w.c. hotel, 1# cov pkg"
290255,553,cluster_553,0.8320488613750006,"bacon, w.c. hotel, d.s. 7-9"
290267,549,cluster_549,0.7791323828974657,"bacon, wright, 10-14ct, 15#"
37880105,548,cluster_548,0.7030661706436049,"bacon,14/18 indiana platter"
37880103,548,cluster_548,0.6022947801557671,"bacon,18/22 indiana lay -out"
37181340,-1,unclustered,0.0,"bacon,beef ends and pcs"
104306,-1,unclustered,0.0,bacon-beef devanco slc hal 10#-z
104308,-1,unclustered,0.0,bacon-beef slab-z city food 3/7#
104315,-1,unclustered,0.0,bacon-beef slcd-z smk hal bea
13955008,-1,unclustered,0.0,bacon-chkn amy uc hkry smkd-12/8-oz
13857A,-1,unclustered,0.0,bacon-end/pcs-z mar-3367 8/3#
14005,-1,unclustered,0.0,bacon-trky oscar mayer 54860 12#
13860140,-1,unclustered,0.0,bacon-z$ bigbuy sl#2 60140 24/1#
13860145,-1,unclustered,0.0,bacon-z$ bigbuy sl#2 60145 lf 15#
13860320,-1,unclustered,0.0,bacon-z$ bigbuy sl#2 pepper 24/1#
1302222,-1,unclustered,0.0,bacon-z$ clm sl10-12 15# platter
13750D,-1,unclustered,0.0,bacon-z$ daily sl.5-in 37750 lf 15#
13722D,558,cluster_558,0.6049573095633034,bacon-z$ daily sl09-11 37722 lf 15#
13911D,558,cluster_558,1.0,bacon-z$ daily sl10-12 37211 pl 15#
13915D,558,cluster_558,1.0,bacon-z$ daily sl14-16 37215 pl 15#
13435D,558,cluster_558,0.5812533596171101,bacon-z$ daily sl14-16 37435 lf 15#
13919D,558,cluster_558,1.0,bacon-z$ daily sl18-20 37219 pl 15#
13760D,558,cluster_558,0.8735447582692997,bacon-z$ daily sl3/16 37760 pl 15#
13832407,557,cluster_557,1.0,bacon-z$ daily-apl p32407 24/1#
13832410,557,cluster_557,1.0,bacon-z$ daily-chr p32410 24/1#
13832413,557,cluster_557,0.8369109443622879,bacon-z$ daily-hky p32413 24/1#
13832309,557,cluster_557,1.0,bacon-z$ daily-pep p32309 24/1#
13888D,562,cluster_562,1.0,bacon-z$ dbuf sl10-14 33170 pl 15#
13890D,563,cluster_563,1.0,bacon-z$ dbuf sl10-14 33740 lf 15#
13887D,562,cluster_562,1.0,bacon-z$ dbuf sl14-18 33180 pl 15#
13891D,563,cluster_563,1.0,bacon-z$ dbuf sl14-18a 33750 lf 15#
13886D,562,cluster_562,1.0,bacon-z$ dbuf sl18-22 33190 pl 15#
13892D,563,cluster_563,1.0,bacon-z$ dbuf sl18-22a 33760 lf 15#
13845103,-1,unclustered,0.0,bacon-z$ om-02132# 12/16-oz 12#
13842650,555,cluster_555,0.8573475607244219,bacon-z$-ckd daily aw-thk42650 5.5#
13847106,555,cluster_555,0.9544750578023928,bacon-z$-ckd daily d3/4 47106 10#
13847104,555,cluster_555,1.0,bacon-z$-ckd daily d3/8 47104 10#
13847128,555,cluster_555,1.0,bacon-z$-ckd daily d3/8 jalp 10#
13840400,555,cluster_555,0.8408048465730114,bacon-z$-ckd daily slab300
13840600,555,cluster_555,1.0,bacon-z$-ckd daily thk300 4.3$
994961,69,cluster_69,0.9629752838266823,bag #01 brown 500ct
99493,69,cluster_69,0.9629752838266823,bag #04 brown 500ct
99415,69,cluster_69,0.9629752838266823,bag #04 white 500ct
99492B,69,cluster_69,0.5593899105270476,bag #06 brown bail
99416,69,cluster_69,1.0,bag #06 white - 500ct
99492W,69,cluster_69,0.7380933603255453,bag #08 brown
99491W,69,cluster_69,0.7380933603255453,bag #08 white
99414,69,cluster_69,0.6993792118854754,bag #10 white 500 ct
99413212,69,cluster_69,0.8505200833692824,bag #12 brown 500ct
99413,69,cluster_69,1.0,bag #12 white 500ct
99417,69,cluster_69,1.0,bag #16 white 500ct
994979,69,cluster_69,0.5368028702960427,bag paper sandwch 1000ct thumann
99497B,-1,unclustered,0.0,bag paper sandwch 12x15 1000ct
99492,69,cluster_69,0.9164081649704569,bag plain #06 brown 500ct
88418,74,cluster_74,0.8778778492108743,bag poly 8x4x18 clear 1000ct
99486,74,cluster_74,0.9742024871630232,bag poly clr 10x14 1000
99511,74,cluster_74,0.8616860735534906,bag poly clr 10x15
994861,74,cluster_74,1.0,bag poly clr 10x8x24 500ct
99400510,74,cluster_74,0.9746304211934514,bag poly clr 18x24 250ct
994841,74,cluster_74,1.0,bag poly clr 21x16x24 500ct
9948611,74,cluster_74,0.6646101406830601,bag poly clr 6.5x8 roll 2000ct
994015,74,cluster_74,1.0,bag poly clr 8x4x18 1000ct 1218hc13
994892,75,cluster_75,1.0,bag poly vac 14x20 500ct
994881,75,cluster_75,1.0,bag poly vac clr 39.5x27.5x3 250ct
99491,-1,unclustered,0.0,bag t-shirt 500-1000ct
18416356,-1,unclustered,0.0,bagel dog cocktail franks vienna #16356
24090,99,cluster_99,0.7325804238661514,baily dry noodle -small 20#/cs 20#
52024710,-1,unclustered,0.0,"baking hen (gallina) 6 hd, southern hens"
52121640,-1,unclustered,0.0,"baking hen (gallina) frzn, kikiri"
82330,28,cluster_28,1.0,baking powder 10lbx4 *hill top*
82300,28,cluster_28,1.0,baking powder 4/10# *eagle*
82570,28,cluster_28,1.0,baking soda 1lbx24 *hearth club*
207900018,-1,unclustered,0.0,"ball park beef franks, 5:1, 6"", (2/5lb)"
144022,824,cluster_824,1.0,"ball tip, ch, 2up"
144021,824,cluster_824,1.0,"ball tip, ch, 2up, cs lo"
146020,824,cluster_824,1.0,"ball tip, no roll, 2up, cs lot"
15195004,825,cluster_825,0.995662392893713,"ball-tip bnls, black canyon (ch)"
15191204,825,cluster_825,1.0,"ball-tip bnls, creekstone (ch)"
15191002,825,cluster_825,0.9161911227235504,"ball-tip bnls, greateromaha (cangus)"
15191004,825,cluster_825,0.9677578385195117,"ball-tip bnls, greateromaha (ch)"
15191001,825,cluster_825,0.9352908118189711,"ball-tip bnls, greateromaha (prime)"
15191012,825,cluster_825,1.0,"ball-tip bnls, ibp (cangus)"
15191014,825,cluster_825,1.0,"ball-tip bnls, ibp (ch)"
15191022,825,cluster_825,1.0,"ball-tip bnls, national (cangus)"
15191024,825,cluster_825,1.0,"ball-tip bnls, national (ch)"
15193354,825,cluster_825,0.9161874295933724,"ball-tip bnls, swift (ch)"
15191142,825,cluster_825,1.0,"ball-tip bnls, western reserve (cangus)"
15191144,825,cluster_825,1.0,"ball-tip bnls, western reserve (ch)"
15191146,825,cluster_825,1.0,"ball-tip bnls, western reserve (n/r)"
15191141,825,cluster_825,0.8968169136468414,"ball-tip bnls, western reserve (prime)"
83300,-1,unclustered,0.0,bamboo chopsticks white envelope
82310,44,cluster_44,1.0,bamboo shoots - diced
82370,44,cluster_44,1.0,bamboo shoots - sliced - vesin
82320,44,cluster_44,1.0,bamboo shoots halves
82360,44,cluster_44,0.964415832507548,"bamboo skewer - 8"" -200 mm"
82350,-1,unclustered,0.0,"bamboo skewer 3.0x150mm -6"" 6""only"
82380,44,cluster_44,0.9688239129768496,bamboo strips 6/5
31100,-1,unclustered,0.0,banana
50120136,111,cluster_111,1.0,bananas 24ct green
50120145,111,cluster_111,1.0,bananas green plaintain 40#
50120146,111,cluster_111,1.0,bananas yellow plaintain 50#
909091,-1,unclustered,0.0,bang bang broccoli-12#
85390,25,cluster_25,1.0,banh pho noodle (l) - *erawan* red
85380,25,cluster_25,1.0,banh pho noodle (m)*erawan*green
85370,25,cluster_25,1.0,banh pho noodle (s) *erwan* blue
85400,25,cluster_25,0.9575796194387022,banh pho noodle- xl *erwan* brown
900247,-1,unclustered,0.0,barber chicken kiev-24/7oz
900407,-1,unclustered,0.0,barber homestyl chicken kiev-36/4oz
620071,-1,unclustered,0.0,bars 8/1 bunlength wiener 24#
99521B,66,cluster_66,0.7612964449253423,bathroom tissue rolls 4x4 96ct
84460,-1,unclustered,0.0,bathroom tissues 96 counts
901091,-1,unclustered,0.0,battered cauliflower wings-4/3#
85070,-1,unclustered,0.0,battered corn nuggets 6/2
900094,-1,unclustered,0.0,"battered onion rings 1/4"""
83313,-1,unclustered,0.0,bay leaf (1#/bag)
83312,-1,unclustered,0.0,bay leaf - 55#/case
94109,-1,unclustered,0.0,bay leaves 1#
718753,-1,unclustered,0.0,bb turkey ham 20% - 2 per case
710014,256,cluster_256,1.0,bball turkey pastrami
610002,-1,unclustered,0.0,bball turkey smkoke sausage
920269,-1,unclustered,0.0,bbq box
970022,94,cluster_94,1.0,bc ginger ale 24/12-oz blood orange
970044,94,cluster_94,0.7922442689189132,bc ginger ale 24/12-oz jasmine gtea
970042,94,cluster_94,1.0,bc ginger ale 24/12-oz original
970021,94,cluster_94,1.0,bc ginger ale 24/12-oz passio fruit
970043,94,cluster_94,0.9430037056187407,bc ginger ale 24/12-oz pomegranate
82341060,32,cluster_32,1.0,"bcn slicd platter, 18-22ct ind #80104(30"
82341060,32,cluster_32,1.0,"bcn slicd platter, 18-22ct ind #80104(30"
82361060,32,cluster_32,0.7983603368930704,"bcn slicd rind on,10-14ct ind #80204(15#"
82311060,32,cluster_32,1.0,"bacon platter thick sliced, 10-14ct 15#"
31150,-1,unclustered,0.0,bean sprout (10#)
50141021,-1,unclustered,0.0,bean sprout 10#
31151,-1,unclustered,0.0,bean sprouts 1#/25 bags/case
SPV1054,-1,unclustered,0.0,bean&ch burrito-4.5oz 96pc 27#
84051,277,cluster_277,0.9758339527299721,beans - black 50#/sack
84052,277,cluster_277,0.9592043312516172,beans - mayocoba 50# /sack - mex
96324740,-1,unclustered,0.0,"beans baby lima, mambo (6x2#)"
97215600,-1,unclustered,0.0,beans baked can
80127904,277,cluster_277,1.0,beans black 50#
801279,277,cluster_277,1.0,beans black 6/#10
80127001,277,cluster_277,1.0,beans dry 20#
90302,277,cluster_277,1.0,beans dry pinto frijoles 100#
90304,277,cluster_277,1.0,beans dry pinto frijoles 20
80127003,277,cluster_277,1.0,beans green 6/#10
50120152,277,cluster_277,0.8995668109248669,beans green whl skinny 30#-z
80127005,277,cluster_277,0.9293539595770769,beans mayocoba peru bulk 50#
801282,277,cluster_277,1.0,beans pinto pref 6/#10
8012823,277,cluster_277,1.0,beans pinto whl 24/15oz
90305,277,cluster_277,0.9293539595770769,beans rojo ceda 50#
SP1949,623,cluster_623,1.0,beef - taco meat*
SP120,-1,unclustered,0.0,beef -roast- inside rounds*
40400,-1,unclustered,0.0,beef 0x1 strip nr 10-14 *palo duro*
42100,-1,unclustered,0.0,beef 90% imported bnls beef
190038,1068,cluster_1068,0.395940787922493,beef 90% trim
10251050,445,cluster_445,0.9226356428846157,"beef achilles tendons, afg (30#)"
34097,346,cluster_346,1.0,beef and lamb gyro cone 1/20
42603,-1,unclustered,0.0,beef angus gold chuckroll
42604,1048,cluster_1048,1.0,beef angus gold chuckroll halal
45303,1048,cluster_1048,0.9458041744442781,beef angus gold eye of round
45304,1048,cluster_1048,1.0,beef angus gold eye of round halal
41603,-1,unclustered,0.0,beef angus gold knuckle
41604,1048,cluster_1048,0.989814128901027,beef angus gold knuckle halal
46703,-1,unclustered,0.0,"beef angus gold xt clod 1/4"""
46704,1048,cluster_1048,1.0,"beef angus gold xt clod 1/4"" halal"
41303,-1,unclustered,0.0,beef angus gold xt inside round
41304,1048,cluster_1048,0.9115047411140568,beef angus gold xt inside round halal
SP1314,-1,unclustered,0.0,beef b/i ribeye -choice 20 oz*
SP1321,-1,unclustered,0.0,beef b/i ribeye steak ch 22oz*
49030,-1,unclustered,0.0,beef back rib cov ibp/national
49030,-1,unclustered,0.0,beef back rib cov ibp/national
160002,-1,unclustered,0.0,beef back ribs as is
12941000,-1,unclustered,0.0,beef back ribs cut to weigh 1 1/2 dwn
12940000,-1,unclustered,0.0,beef back ribs whole -creekstone
160006,-1,unclustered,0.0,"beef back ribs, split"
12990000,-1,unclustered,0.0,beef back spare ribs
160005,-1,unclustered,0.0,"beef back spareribs, split"
13800102,993,cluster_993,1.0,beef ball tip 2 up
13802713,1219,cluster_1219,0.6770671490487317,beef ball tip steak
13801410,1219,cluster_1219,1.0,beef ball tip steak choice 10oz
13801416,1219,cluster_1219,1.0,beef ball tip steak choice 16oz
13801505,1219,cluster_1219,1.0,beef ball tip steak choice angus 5oz
144023,-1,unclustered,0.0,"beef ball tip, diced, 0.5"" 2/5# pk"
144019,-1,unclustered,0.0,"beef ball tip, diced, 1"" 2/5# pk"
44003,-1,unclustered,0.0,beef ball tips *palo duro*
44002,993,cluster_993,1.0,beef ball tips 2 up
44300,993,cluster_993,0.8226095400418363,beef ball tips ibp ch
43340,-1,unclustered,0.0,beef balls 30/8oz *venus*
42190,-1,unclustered,0.0,beef banana shank *fc beef* bnls fz
14240502,-1,unclustered,0.0,beef bell knuckle choice (ui)
190037,-1,unclustered,0.0,beef bench trim
34094,-1,unclustered,0.0,beef bites 32oz
198002,1224,cluster_1224,0.4863643771917956,"beef blend puck, ground wagyu, 2oz"
198003,1224,cluster_1224,0.4808509608638562,"beef blend puck, ground wagyu, 3oz"
42901,-1,unclustered,0.0,beef bone center cut femur paloduro
40380,-1,unclustered,0.0,beef bone-in ribeye tomahawk
11000001,1197,cluster_1197,1.0,beef boneless chuck 2pc
1000002,-1,unclustered,0.0,beef boneless clod xt cmb
12410406,-1,unclustered,0.0,beef boneless rib cap meat choice 6oz
12410400,-1,unclustered,0.0,beef boneless rib cap meat prime
12400400,997,cluster_997,1.0,beef boneless rib lifter meat choice
41580,-1,unclustered,0.0,beef boneless short rib ibp
42920,-1,unclustered,0.0,beef bones - whole
19150001,843,cluster_843,1.0,beef bones cut anmar 50# cw
19100006,579,cluster_579,1.0,"beef bones cut pipe bones 6"""
19100007,579,cluster_579,1.0,"beef bones cut pipe bones 7"""
19110001,-1,unclustered,0.0,beef bones cut-knuckles only
19110013,579,cluster_579,1.0,"beef bones cut-pipe bones 3"""
180015,-1,unclustered,0.0,beef bones meaty
15441,-1,unclustered,0.0,beef bones nichalas#
42900,-1,unclustered,0.0,beef bones soup - cut 21135
180023,-1,unclustered,0.0,"beef bones, custom smoked"
180013,-1,unclustered,0.0,"beef bones, local grass fed"
43330,-1,unclustered,0.0,beef bottom round flat
30371,-1,unclustered,0.0,beef bottom round flat ch gop
43331,-1,unclustered,0.0,beef bottom round flat ibp
43870,486,cluster_486,0.9306455811966468,beef bottom sirloin tri tip ch angs
SP1214,1129,cluster_1129,1.0,beef brisket - prime*
15000500,-1,unclustered,0.0,beef brisket 120 choice (ui)
15000590,1130,cluster_1130,0.9151393899564987,beef brisket 120 choice angus
15000910,-1,unclustered,0.0,beef brisket 120 choice light
15000400,-1,unclustered,0.0,beef brisket 120 choice-ibp
15000600,1129,cluster_1129,1.0,beef brisket 120 prime
40367,-1,unclustered,0.0,beef brisket ad code
SP121,-1,unclustered,0.0,beef brisket choice*
40367,1130,cluster_1130,1.0,beef brisket ad code
15100500,-1,unclustered,0.0,beef brisket flat angus choice
41700,-1,unclustered,0.0,beef brisket flat choice
15100600,1129,cluster_1129,1.0,beef brisket flat prime
41710,787,cluster_787,1.0,beef brisket fresh *palo duro*
41710,787,cluster_787,1.0,beef brisket fresh *palo duro*
10171072,-1,unclustered,0.0,beef brisket fully cooked -vienna-21400
15280000,-1,unclustered,0.0,beef brisket pastrami vienna
41723,991,cluster_991,1.0,beef brisket points
41720,-1,unclustered,0.0,beef brisket points fzn *palo duro*
19090000,-1,unclustered,0.0,beef brisket points raw
15000800,667,cluster_667,0.9986155657664619,beef brisket wagyu 4/5
40368,1130,cluster_1130,1.0,beef brisket waygu creekstone
41770,-1,unclustered,0.0,beef brisket }fc beef{ mex frozen
118003,615,cluster_615,0.8102798922680897,"beef brisket, imported wagyu, bms 3"
18200301,-1,unclustered,0.0,beef btft
41220,-1,unclustered,0.0,beef btm sirl flap meat star ranch angus
18100808,-1,unclustered,0.0,beef burger kobe-8oz 10# case
94700,-1,unclustered,0.0,beef burger patties halal
18134610,-1,unclustered,0.0,beef burger prime 10 oz 77/23
18119002,1230,cluster_1230,0.9636711380083267,beef burger slider -2oz
4047,827,cluster_827,0.9527393356023983,beef butt tenderloin
19202000,-1,unclustered,0.0,beef cachett de res american
19192620,-1,unclustered,0.0,beef casings 50/55
19202620,-1,unclustered,0.0,beef casings 55/60
40367,1126,cluster_1126,1.0,beef brisket ad code
43870,-1,unclustered,0.0,beef bottom sirloin tri tip ch angs
SP135,-1,unclustered,0.0,beef ch skirt stk-outr peeled*
44200,-1,unclustered,0.0,beef ch xt top butt
37584,-1,unclustered,0.0,beef ch xt top butt cc gop
190602,-1,unclustered,0.0,"beef cheak meat, 60#"
43313,792,cluster_792,1.0,beef cheek meat
90150,-1,unclustered,0.0,beef cheek meat gop 60#
190310,-1,unclustered,0.0,"beef cheek meat, 3-10# cs"
19200000,-1,unclustered,0.0,beef cheek meat-60lb cs
190010,-1,unclustered,0.0,"beef chili, bg, 2/10#"
48310,337,cluster_337,1.0,beef choice chuck blade
19009400,-1,unclustered,0.0,beef choice chuck roll for taco meat
140333,-1,unclustered,0.0,"beef choice tenderloin drop filet, 3oz"
19204004,1275,cluster_1275,0.5595478070706436,beef chopped steak 4oz
19010001,-1,unclustered,0.0,beef chopped steak 80/20
11000502,1197,cluster_1197,1.0,beef chuck 2pc angus
11000202,-1,unclustered,0.0,beef chuck 2pc nr evp
11001302,1197,cluster_1197,1.0,beef chuck 2pc select
11100500,-1,unclustered,0.0,beef chuck clod choice xt hearts
11100201,-1,unclustered,0.0,beef chuck clod nr xt
11100600,-1,unclustered,0.0,beef chuck clod prime
11100300,-1,unclustered,0.0,beef chuck clod select
11400400,-1,unclustered,0.0,beef chuck clod tender choice
11400200,-1,unclustered,0.0,beef chuck clod tender nr
11110401,-1,unclustered,0.0,beef chuck clods choice cut 1/2 inch
11300410,865,cluster_865,0.7562829316986479,beef chuck flap tail 10oz
11300412,865,cluster_865,0.7944087875155187,beef chuck flap tail 12oz
11300003,865,cluster_865,0.9707706839280821,beef chuck flap tail 3oz
11300004,865,cluster_865,1.0,beef chuck flap tail 4oz
11300005,865,cluster_865,1.0,beef chuck flap tail 5oz
11300006,865,cluster_865,1.0,beef chuck flap tail 6oz
11300007,865,cluster_865,0.9791163430903932,beef chuck flap tail 7oz
11320400,-1,unclustered,0.0,beef chuck flap tail choice
11300490,1005,cluster_1005,1.0,beef chuck flap tail choice (ui)angus
11300800,-1,unclustered,0.0,beef chuck flap tail wagyu
43050,1070,cluster_1070,1.0,beef chuck neck bones
190861,1271,cluster_1271,0.5912672315501748,"beef chuck patty, 80/20, 5oz"
11910000,-1,unclustered,0.0,beef chuck pectoral meat choice
11200010,-1,unclustered,0.0,beef chuck ribletts excel 10428
11399000,-1,unclustered,0.0,beef chuck roast 6lb
42601,994,cluster_994,1.0,"beef chuck roll 1/4"" n\off ibp choice"
13116,994,cluster_994,0.8211910594390789,"beef chuck roll cab gop 1/4"" n\off"
33116,994,cluster_994,0.9791052491286775,"beef chuck roll ch gop 1/4"" n\off"
42600,994,cluster_994,1.0,"beef chuck roll choice 1/4"" n\off"
11200600,-1,unclustered,0.0,beef chuck roll prime
42602,994,cluster_994,1.0,"beef chuck roll select 1/4"" n\off"
42620,-1,unclustered,0.0,beef chuck roll xt star ranch angus
11200500,-1,unclustered,0.0,beef chuck roll-neckoff choice (ui)
11202012,994,cluster_994,0.82257188373197,"beef chuck roll-neckoff cut 1.5 x 1.5"""
112002JB,994,cluster_994,0.8910074685295933,beef chuck roll-neckoff nr
11202018,994,cluster_994,0.8910074685295933,"beef chuck roll-neckoff sliced 1/8 """
11100400,-1,unclustered,0.0,beef chuck rolls/ clods prime
48400,694,cluster_694,1.0,beef chuck semi-bnls (arm) n/off
11310500,-1,unclustered,0.0,beef chuck short ribs (ui)
11310510,-1,unclustered,0.0,beef chuck short ribs (ui)-pack 1per
11105110,1250,cluster_1250,0.8982446616063521,beef chuck short ribs 10 oz
11310412,1250,cluster_1250,0.9624402783701977,beef chuck short ribs 12oz
11310414,1250,cluster_1250,0.8375370434394234,beef chuck short ribs 14 oz
11311414,1250,cluster_1250,0.651004214702002,beef chuck short ribs 14 oz long bone
11321804,1250,cluster_1250,1.0,beef chuck short ribs 4oz
11310406,1250,cluster_1250,1.0,beef chuck short ribs 6oz
11310408,1250,cluster_1250,1.0,beef chuck short ribs 8oz
11310410,1250,cluster_1250,0.9914069796641461,beef chuck short ribs 9oz
11310400,1244,cluster_1244,0.9353423275961641,beef chuck short ribs bone in
11310422,-1,unclustered,0.0,"beef chuck short ribs bone in 1.5 x 1.5"""
11321000,-1,unclustered,0.0,beef chuck short ribs boneless
11321410,1250,cluster_1250,1.0,beef chuck short ribs boneless 10oz
11321403,1250,cluster_1250,1.0,beef chuck short ribs boneless 3oz
11321404,1250,cluster_1250,1.0,beef chuck short ribs boneless 4oz
11321405,1250,cluster_1250,1.0,beef chuck short ribs boneless 5oz
11321406,1250,cluster_1250,1.0,beef chuck short ribs boneless 6oz
11321407,1250,cluster_1250,1.0,beef chuck short ribs boneless 7oz
11321409,1250,cluster_1250,1.0,beef chuck short ribs boneless 8oz
11321413,1250,cluster_1250,1.0,beef chuck short ribs boneless 9oz
11321440,-1,unclustered,0.0,beef chuck short ribs choice boneless
11321441,1244,cluster_1244,0.9353423275961641,beef chuck short ribs- bone in
41500,-1,unclustered,0.0,beef chuck shortrib (4 bone)
30332,-1,unclustered,0.0,beef chuck shortrib ch gop
48500,-1,unclustered,0.0,beef chuck tender
11400510,-1,unclustered,0.0,beef chuck tender choice ind pack
48501,-1,unclustered,0.0,beef chuck tender ibp
11600400,-1,unclustered,0.0,beef chuck tender scotties choice
11600404,1299,cluster_1299,0.6782780572367169,beef chuck tender steak choice 4oz
11600408,1299,cluster_1299,0.6848357862399777,beef chuck tender steak choice 8oz
11403400,-1,unclustered,0.0,beef chuck tenderloin choice
11401003,1299,cluster_1299,0.8825860146622465,beef chuck tenderloin choice 3oz
11401004,1299,cluster_1299,1.0,beef chuck tenderloin choice 4oz
11401005,1299,cluster_1299,0.9064247502969253,beef chuck tenderloin choice 5oz
11401006,1299,cluster_1299,1.0,beef chuck tenderloin choice 6oz
11401007,1299,cluster_1299,1.0,beef chuck tenderloin choice 7oz
11401008,1299,cluster_1299,0.9377823908445853,beef chuck tenderloin choice 8oz
11101490,337,cluster_337,1.0,beef chuck top blade choice
11101300,337,cluster_337,1.0,beef chuck top blade choice (ui)
11500404,-1,unclustered,0.0,beef chuck under blade (denver cut)
48500,-1,unclustered,0.0,beef chuck tender
11300408,-1,unclustered,0.0,beef chuckflap bnls choice 8oz
128003,615,cluster_615,0.8566755600905916,"beef chucktail flap, imported wagyu"
11401009,-1,unclustered,0.0,"beef chunks (teres major) 1 1/2"""
42610,-1,unclustered,0.0,beef clod blade rollstock (patio steak)
42608,-1,unclustered,0.0,beef clod choice (flat iron out)
42609,-1,unclustered,0.0,beef clod select (flat iron out)
15110000,-1,unclustered,0.0,beef corned briskets cooked-18919
15122002,-1,unclustered,0.0,beef corned briskets raw-2 pc /cs
15124335,-1,unclustered,0.0,beef corned briskets raw-box
15126100,777,cluster_777,1.0,beef corned cooked
15110100,777,cluster_777,0.9976252661189363,beef corned flat round cooked
15110101,777,cluster_777,0.877194233427731,beef corned round cooked vienna
15110200,777,cluster_777,1.0,beef corned sliced cooked
SP126,777,cluster_777,1.0,beef corned*
44215,-1,unclustered,0.0,beef coulotte choice(butt cap)
148002,615,cluster_615,0.990192029349943,"beef coulotte, imported wagyu"
43312,-1,unclustered,0.0,beef cow cheek meat +palo duro+ 60#
12000412,-1,unclustered,0.0,beef cowboy cut rib choice angus
12000612,-1,unclustered,0.0,beef cowboy cut rib prime
190035,-1,unclustered,0.0,"beef crumbles precooked, 15#"
190036,-1,unclustered,0.0,"beef crumbles quality ckd, 40#"
190025,-1,unclustered,0.0,"beef cube in brown sauce, ckd"
19510005,1275,cluster_1275,1.0,beef cube steak 4oz
19510006,1275,cluster_1275,1.0,beef cube steak 5oz
19510010,1275,cluster_1275,1.0,beef cube steak 8oz
19510004,1275,cluster_1275,0.5692094810031436,beef cube steak top butt 4oz
19510008,1275,cluster_1275,0.5830940100692016,beef cube steak top butt 8oz
19530001,521,cluster_521,1.0,beef cut for stir fry
19530000,-1,unclustered,0.0,beef cut for stroganoff
19500002,-1,unclustered,0.0,beef cut for stroganoff-tenderloin
15000418,-1,unclustered,0.0,beef denver steaks 10oz
SP1402,1062,cluster_1062,0.8381428737130585,beef diced
19540011,1062,cluster_1062,0.9907082460307104,beef diced 1x1
19540022,1062,cluster_1062,1.0,"beef diced 2""x2"""
19540134,1062,cluster_1062,1.0,"beef diced- 3/4"" x 3/4"""
19540112,1062,cluster_1062,0.9742660943982604,"beef diced-1 1/2"" x 1 1/2"""
19540000,1062,cluster_1062,0.9543405242524667,beef diced-1-1/2
19550000,-1,unclustered,0.0,beef dried bresaola
907801,-1,unclustered,0.0,beef empanada
12000410,699,cluster_699,1.0,beef export rib
40360,699,cluster_699,1.0,beef export rib choice
40359,699,cluster_699,1.0,beef export rib select
45350,-1,unclustered,0.0,beef eye of round *palo duro* only
45300,1048,cluster_1048,0.9458041744442781,beef eye of round choice
30271,-1,unclustered,0.0,beef eye of round choice gop halal
45301,-1,unclustered,0.0,beef eye of round ibp choice
SP1231,-1,unclustered,0.0,beef eye rounds ch*
19541000,737,cluster_737,1.0,beef fajita meat choice
194085,-1,unclustered,0.0,"beef fajita strip, 2/5#"
13802714,-1,unclustered,0.0,"beef fajita strips 1/4"" x 1/4"" x3"""
82171250,-1,unclustered,0.0,beef fajita strips full ckd season (10#)
19980002,-1,unclustered,0.0,beef fat- rendered (tallow)
19980000,1143,cluster_1143,0.9488302532303309,beef fat-suet
180001,610,cluster_610,0.8964498328431382,beef feet
42890,610,cluster_610,1.0,beef feet cut
180006,610,cluster_610,1.0,beef feet cut 6pc
90114,-1,unclustered,0.0,beef feet gop 30#
80114,778,cluster_778,0.8160236805378465,beef feet gop 30# halal
42800,610,cluster_610,0.8964498328431382,beef feet ibp/national
42980,-1,unclustered,0.0,beef femur bones center cut liffey
42950,843,cluster_843,1.0,beef femur bones cut w/meat //ibp//
19100003,-1,unclustered,0.0,beef femur c/c bone
10159980,-1,unclustered,0.0,beef femur/knuckles bones
13515006,-1,unclustered,0.0,beef fillet peeled 6oz-choice
40820,1102,cluster_1102,1.0,beef flank steak
40083,-1,unclustered,0.0,beef flank steak *i.b.p.*frozen !!
40800,1102,cluster_1102,1.0,beef flank steak - *national*
40830,1102,cluster_1102,0.9082044221149841,beef flank steak //ibp//ch angus
17101412,1102,cluster_1102,0.9799686521361223,beef flank steak choice
17100500,1102,cluster_1102,1.0,beef flank steak choice (ui)
17101512,1284,cluster_1284,1.0,beef flank steak choice 12oz
17101405,1284,cluster_1284,1.0,beef flank steak choice 5oz
17101406,1284,cluster_1284,1.0,beef flank steak choice 6oz
17100515,-1,unclustered,0.0,beef flank steak choice angus 10lb/cs
17101611,1102,cluster_1102,0.9348222447338908,beef flank steak prime
41940,1102,cluster_1102,1.0,beef flank steak select
17100514,-1,unclustered,0.0,beef flank steak use 17100515
17100200,-1,unclustered,0.0,beef flank steak utility
41400,-1,unclustered,0.0,"beef flank, rough flank- frozen pd"
41270,-1,unclustered,0.0,beef flap meat -su karne- mex
41211,1005,cluster_1005,0.9884453969097218,beef flap meat choice
41210,1005,cluster_1005,1.0,beef flap meat select
41220,-1,unclustered,0.0,beef btm sirl flap meat star ranch angus
14449000,-1,unclustered,0.0,beef flat eye denuded
11111407,-1,unclustered,0.0,beef flat iron 7oz
11101510,1215,cluster_1215,0.9824597973410605,beef flat iron steak angus choice 10oz
11101506,1215,cluster_1215,1.0,beef flat iron steak angus choice 6oz
11101508,1215,cluster_1215,1.0,beef flat iron steak angus choice 8oz
11101509,1215,cluster_1215,1.0,beef flat iron steak angus choice 9oz
11101410,1214,cluster_1214,0.9082041562133881,beef flat iron steak choice 10oz
11101512,1214,cluster_1214,0.9308943954503921,beef flat iron steak choice 12oz
11101404,1214,cluster_1214,1.0,beef flat iron steak choice 4oz
11101405,1214,cluster_1214,0.9878123638413565,beef flat iron steak choice 5oz
11101406,1214,cluster_1214,1.0,beef flat iron steak choice 6oz
11101408,1214,cluster_1214,1.0,beef flat iron steak choice 8oz
11101610,-1,unclustered,0.0,beef flat iron steak prime 10oz
43330,-1,unclustered,0.0,beef bottom round flat
154120,-1,unclustered,0.0,"beef flats, ch, 8-12#avg"
154080,-1,unclustered,0.0,"beef flats, ch, cs, 8-12#avg"
170001,-1,unclustered,0.0,"beef flats, grass run farms, ch"
83780,-1,unclustered,0.0,beef flavor paste 490115 *por kwan*
190034,737,cluster_737,1.0,"beef for fajitas, eddy raw, 10#"
19007012,664,cluster_664,1.0,beef for peppersteak sliced
19007412,664,cluster_664,1.0,beef for peppersteak sliced choice
19007624,664,cluster_664,0.9515545001782049,beef for peppersteak sliced prime 2-4 oz
10150000,494,cluster_494,1.0,beef for pot roast
19840001,494,cluster_494,1.0,beef for stewing
19008400,494,cluster_494,0.9586253688213227,beef for stewing choice
190210,509,cluster_509,1.0,"beef for stir fry, 2/10#"
19009000,623,cluster_623,1.0,beef for taco meat
19009100,-1,unclustered,0.0,beef for taco meat cvp
19009145,-1,unclustered,0.0,"beef for taco meat diced 1/4 x 1/4"""
18481061,621,cluster_621,1.0,"beef franks "" 6/1 skinless vienna"
18481081,621,cluster_621,1.0,"beef franks "" 8/1 skinless vienna"
18481009,621,cluster_621,1.0,"beef franks "" 9/1 skinless vienna"
18480041,-1,unclustered,0.0,beef franks 10/1 ward`s
18481062,622,cluster_622,1.0,beef franks 4/1 vienna
18411048,622,cluster_622,1.0,"beef franks 4/1 vienna-( 8"")"
18480051,-1,unclustered,0.0,beef franks 5/1 leons
18480071,-1,unclustered,0.0,beef franks 6/1 leons
18481161,622,cluster_622,1.0,beef franks 8/1 vienna
97605880,-1,unclustered,0.0,"beef franks jumbo, scott pete (16/14z)"
18481001,-1,unclustered,0.0,beef franks mini vienna pups
18481181,-1,unclustered,0.0,beef franks n/c -6/1-10lb vienna
18481041,620,cluster_620,1.0,beef franks skls -4/1-10# cs vienna
18481047,620,cluster_620,1.0,"beef franks skls -4/1-10# cs vienna 7"""
18481091,-1,unclustered,0.0,beef franks skls 10/1-
18481241,620,cluster_620,1.0,beef franks skls 4/1-10# cs vienna
18481051,-1,unclustered,0.0,beef franks snls 5/1-10lb vienna
18488051,-1,unclustered,0.0,beef franks wagyu 5/1
10251030,445,cluster_445,1.0,"beef front leg tendons, swift (22#)"
43335,-1,unclustered,0.0,beef gooseneck btm round
190211,-1,unclustered,0.0,"beef goulash, 2/10# pkg"
19971000,-1,unclustered,0.0,beef gravy au jus gallon
990610,-1,unclustered,0.0,beef gravy-canned
18200012,1197,cluster_1197,0.9797494803966612,beef ground
18200015,997,cluster_997,1.0,"beef ground 1"" lifter meat-choice"
18100600,-1,unclustered,0.0,beef ground 1# roll stock
18104021,-1,unclustered,0.0,beef ground 70-30% pork
18273230,-1,unclustered,0.0,beef ground 73 lean -cvp 10lb bags
18273000,1260,cluster_1260,0.8630084921082474,beef ground 75/25
18278000,1260,cluster_1260,1.0,beef ground 78/22 fresh
18200008,1260,cluster_1260,0.9214418915671402,beef ground 80/20
18200101,-1,unclustered,0.0,beef ground 80/20 1# roll stock
18200106,1162,cluster_1162,1.0,beef ground 80/20 10# cvp halal
18260005,-1,unclustered,0.0,beef ground 80/20 5#
18200500,-1,unclustered,0.0,beef ground 80/20 angus
18250010,1260,cluster_1260,1.0,beef ground 80/20 fresh
18200100,1254,cluster_1254,1.0,beef ground 80/20 fresh 10# cvp
18200900,1254,cluster_1254,1.0,beef ground 80/20 fresh cvp
18200400,1224,cluster_1224,0.4222675331472603,beef ground 80/20 frozen-1lb rs
190039,-1,unclustered,0.0,"beef ground 80/20, 10/1#"
190801,1261,cluster_1261,0.9153369633877804,80/20 ground beef-frozen 36/1#
18260001,-1,unclustered,0.0,beef ground 81/19 60 lb cs go
18260002,-1,unclustered,0.0,beef ground 81/19 fresh pattie mix
18208416,1254,cluster_1254,1.0,beef ground 84/16 cvp fresh
190020,1173,cluster_1173,0.843853980109093,"beef ground 85%, organic prairie"
18230085,1260,cluster_1260,1.0,beef ground 85/15 fresh
18200185,-1,unclustered,0.0,beef ground 85/15 fresh 10lb bag anmar
18230008,-1,unclustered,0.0,beef ground 8oz frz
18260003,-1,unclustered,0.0,beef ground 90% frz
1810091,-1,unclustered,0.0,beef ground 90/10
18160004,-1,unclustered,0.0,beef ground 90/10 fresh rollstock
18210500,1197,cluster_1197,0.9858294219855644,beef ground angus
18265005,-1,unclustered,0.0,beef ground angus-81/19 5# vac pac
18120000,-1,unclustered,0.0,beef ground brisket 80/20
190600,-1,unclustered,0.0,"beef ground brisket and chuck, 80/20"
18218000,-1,unclustered,0.0,beef ground bulk custom blend - cvp
18230080,-1,unclustered,0.0,beef ground bulk double blend fine grind
18208000,-1,unclustered,0.0,beef ground bulk triple special blend
18230015,-1,unclustered,0.0,beef ground chuck 85/15
18140090,-1,unclustered,0.0,beef ground chuck 90/10 fresh
18200300,-1,unclustered,0.0,beef ground coarse - fine
18100400,-1,unclustered,0.0,beef ground coarse fresh
18230000,-1,unclustered,0.0,beef ground coarse fresh protein added
18100601,-1,unclustered,0.0,beef ground cvp
18140091,-1,unclustered,0.0,beef ground cvp 90/10
SP1101,-1,unclustered,0.0,beef ground fresh
SP11025,-1,unclustered,0.0,beef ground fresh 2 - 5#
SP11042,-1,unclustered,0.0,beef ground fresh 4 - 2.5#
SP100,-1,unclustered,0.0,beef ground frozen
190033,1224,cluster_1224,0.43545406653672974,"beef ground frozen, 54/10oz"
18240001,1173,cluster_1173,1.0,beef ground grass fed
18242000,-1,unclustered,0.0,beef ground grass fed-2/5 frozen
18500003,1268,cluster_1268,0.8222059384623925,beef ground pattie 3oz 10.125 lb/cs
18180100,1267,cluster_1267,1.0,beef ground patties 10oz-fresh
18188021,1266,cluster_1266,1.0,beef ground patties 2/1
18109021,1268,cluster_1268,1.0,beef ground patties 2/1 -10lb/cs
18140421,-1,unclustered,0.0,beef ground patties 2/1 80/20 vac pac
18135021,1245,cluster_1245,1.0,beef ground patties 2/1 cvp
18188121,1245,cluster_1245,1.0,beef ground patties 2/1 fresh cvp
18110621,1265,cluster_1265,1.0,beef ground patties 2/1 pure
18180031,1266,cluster_1266,1.0,beef ground patties 3/1
18105031,1268,cluster_1268,1.0,beef ground patties 3/1 -5 lb/cs
18130031,1265,cluster_1265,1.0,beef ground patties 3/1 -pure
18100631,1265,cluster_1265,1.0,beef ground patties 3/1 pure
18140004,-1,unclustered,0.0,"beef ground patties 4""/4oz/73/27"
18180041,1266,cluster_1266,1.0,beef ground patties 4/1
18110441,-1,unclustered,0.0,beef ground patties 4/1 10# cs
18103041,-1,unclustered,0.0,beef ground patties 4/1 fresh
18115041,1259,cluster_1259,1.0,beef ground patties 4/1 frozen 5# cs
18198041,-1,unclustered,0.0,beef ground patties 4/1 thin
18100159,1268,cluster_1268,0.7985083525912458,"beef ground patties 5""x9"" 10lb/cs 70/30"
18180051,1266,cluster_1266,0.9384874624449392,beef ground patties 5/1
18111051,1245,cluster_1245,0.8661206004286929,beef ground patties 5/1 fresh cvp 10# c
18107005,1268,cluster_1268,1.0,beef ground patties 5oz 10lb/cs
18180061,1266,cluster_1266,0.8414445189048243,beef ground patties 6/1
18100006,-1,unclustered,0.0,beef ground patties 6/oz 28per cs
18160032,-1,unclustered,0.0,beef ground patties 6oz-pub style 27/cs
18160031,-1,unclustered,0.0,beef ground patties 6oz-pub style-27cs
18107007,1268,cluster_1268,0.910609539633022,beef ground patties 7oz 10lb/cs
18180070,1267,cluster_1267,1.0,beef ground patties 7oz-fresh
18180081,1266,cluster_1266,0.8058442125681241,beef ground patties 8/1
18100503,-1,unclustered,0.0,beef ground patties 80/20
18210030,-1,unclustered,0.0,beef ground patties 80/20 3/1
18100406,-1,unclustered,0.0,beef ground patties 80/20 6oz
18119073,-1,unclustered,0.0,beef ground patties 80/20 prime 6/1
18100641,1265,cluster_1265,0.5564947804210153,beef ground patties 80/20 pure 4/1
18180090,1267,cluster_1267,1.0,beef ground patties 9oz-fresh
18110541,-1,unclustered,0.0,beef ground patties angus 4/1
18100531,-1,unclustered,0.0,beef ground patties angus steak blend
18100421,1252,cluster_1252,1.0,beef ground patties choice blend 2/1
18100431,1252,cluster_1252,1.0,beef ground patties choice blend 3/1
18101106,-1,unclustered,0.0,beef ground patties chuck round-32/6oz
18140541,-1,unclustered,0.0,beef ground patties chuck trim
18218007,-1,unclustered,0.0,beef ground patties custom blend 7oz
18130141,1252,cluster_1252,0.9812826251486648,beef ground patties double special blend
18100010,1267,cluster_1267,0.7644185845150888,beef ground patties pure 10 oz
18101031,1265,cluster_1265,1.0,beef ground patties pure 2/1
18100921,1265,cluster_1265,0.6564703198283989,beef ground patties pure 2/1 sb
18117531,1265,cluster_1265,1.0,beef ground patties pure 3-1
18110031,1265,cluster_1265,1.0,beef ground patties pure 3/1
18110631,1245,cluster_1245,1.0,beef ground patties pure 3/1 cvp
18117541,1265,cluster_1265,1.0,beef ground patties pure 4-1
18110041,1265,cluster_1265,1.0,beef ground patties pure 4/1
18110051,1265,cluster_1265,0.8326675179010937,beef ground patties pure 5/1
18117561,1259,cluster_1259,1.0,beef ground patties pure 6-1 -frozen
18110061,1265,cluster_1265,0.7111573078919929,beef ground patties pure 6/1
18100007,1267,cluster_1267,0.8868074147722308,beef ground patties pure 7oz
18110081,1265,cluster_1265,0.7295995249629839,beef ground patties pure 8/1
18100121,-1,unclustered,0.0,beef ground patties pure oval 2/1
13820121,-1,unclustered,0.0,beef ground patties sirloin 2/1
18534802,1230,cluster_1230,1.0,beef ground patties sliders 2oz fresh
18900300,-1,unclustered,0.0,beef ground patties steak burger
18135008,1252,cluster_1252,1.0,beef ground patties triple special blend
18100610,-1,unclustered,0.0,beef ground patties usda prime
19980001,1143,cluster_1143,1.0,beef ground raw suet
18180010,-1,unclustered,0.0,beef ground sirloin 80/20
18534002,-1,unclustered,0.0,beef ground triple blend 2oz slider
18534003,1224,cluster_1224,0.4727477046649497,beef ground triple blend 3oz
190751,-1,unclustered,0.0,"beef ground, 75/25, 10lb bag"
190750,1261,cluster_1261,1.0,"beef ground, 75/25, 5lb"
190803,-1,unclustered,0.0,"beef ground, 80/20 w/3%, pro, 5lb"
190802,-1,unclustered,0.0,"beef ground, 80/20, 2# tubes"
190805,1261,cluster_1261,1.0,"beef ground, 80/20, 5lb"
190855,1261,cluster_1261,1.0,"beef ground, 85/15, 5lb"
190901,1261,cluster_1261,0.9153369633877804,"beef ground, 90/10, 10lb"
190900,1261,cluster_1261,1.0,"beef ground, 90/10, 5lb"
180112,-1,unclustered,0.0,"beef ground, empire kosher, 12/1#"
190018,1173,cluster_1173,0.8620726362797606,"beef ground, grass fed, 2/10#"
190812,1173,cluster_1173,1.0,"beef ground, grass fed, o. prairie"
190021,1173,cluster_1173,1.0,"beef ground, grass fed, organic prairie"
190007,-1,unclustered,0.0,"beef ground, special blend"
198425,667,cluster_667,1.0,"beef ground, wagyu, 4/2.5#"
18130211,246,cluster_246,0.9225566377034666,beef hamburger with pork fat added
12500410,1283,cluster_1283,0.8581567537876242,beef hanger steak choice 10oz
12500412,1283,cluster_1283,0.8604586785057344,beef hanger steak choice 12oz
12500416,1283,cluster_1283,0.9488508648169444,beef hanger steak choice 16oz
12500404,1283,cluster_1283,0.9847042552373174,beef hanger steak choice 4oz
12500405,1283,cluster_1283,0.8862102914542912,beef hanger steak choice 5oz
12500406,1283,cluster_1283,1.0,beef hanger steak choice 6oz
12500407,1283,cluster_1283,1.0,beef hanger steak choice 7oz
12500408,1283,cluster_1283,1.0,beef hanger steak choice 8oz
12500610,1283,cluster_1283,0.5050867131441227,beef hanger steak prime 10oz
12500606,-1,unclustered,0.0,beef hanger steak prime 6oz
46160,-1,unclustered,0.0,beef hanging tender +creekstone+
46100,673,cluster_673,0.8815885209826485,beef hanging tender =national=
12510400,673,cluster_673,1.0,beef hanging tender choice
12510500,673,cluster_673,1.0,beef hanging tender choice (ui)
12510510,673,cluster_673,1.0,beef hanging tender choice ind pack
12510200,-1,unclustered,0.0,beef hanging tender no roll
46200,-1,unclustered,0.0,beef hanging tender palo duro 42365
12511400,673,cluster_673,0.9656259793140641,beef hanging tender peeled choice
12510600,673,cluster_673,0.8810736417106753,beef hanging tender prime (ui)
12530000,673,cluster_673,0.8957893528500659,beef hanging tenderloin
12511000,-1,unclustered,0.0,beef hanging tenderloin pieces
40617,-1,unclustered,0.0,beef hanging tenders frozen *jbs*
180004,-1,unclustered,0.0,beef head
41019,-1,unclustered,0.0,beef head (2pc/cs)
19100000,792,cluster_792,1.0,beef head meat
49910,779,cluster_779,0.892220424613717,beef head meat +greater omaha+
10095470,-1,unclustered,0.0,"beef heads, w/tongue, 2pcs iowa best"
45400,-1,unclustered,0.0,beef hearts
190601,-1,unclustered,0.0,"beef hearts, bulk frozen, 60#"
45910,373,cluster_373,0.7518926063866984,beef heel meat 45#
46970,-1,unclustered,0.0,beef hind shank //ibp// bone-in
46900,-1,unclustered,0.0,beef hind shank bone-in *palo duro*
14910002,834,cluster_834,1.0,"beef hind shank cut 2.-3"""
190001,834,cluster_834,0.916866526856167,"beef hind shank, cc"
194001,834,cluster_834,0.9625512075810643,"beef hind shank, cut up, ch"
14910000,-1,unclustered,0.0,beef hindshank bone in (ui)
14920000,528,cluster_528,0.9676005525842385,"beef hindshank bone in cut 1"" osso bucco"
190003,-1,unclustered,0.0,"beef hindshank, ch"
19010000,-1,unclustered,0.0,beef hoagie steak 5oz
18090606,-1,unclustered,0.0,beef hoagie y kit jtm(4-2.5oz)
98765830,630,cluster_630,1.0,"beef hot smkd sausage l,motor c (2 lbs)"
190023,-1,unclustered,0.0,"beef hot sticks, 6-7 in 5/1# cs"
16140210,1218,cluster_1218,0.462802424017689,beef inner skirt 10oz choice
16140001,1056,cluster_1056,0.9934068090138726,beef inner skirts
16140208,1218,cluster_1218,0.31572648461314284,beef inner skirts 14oz
16180300,1056,cluster_1056,1.0,beef inner skirts choice
16180500,-1,unclustered,0.0,beef inner skirts choice (ui)
16180501,-1,unclustered,0.0,beef inner skirts choice (ui) peeled
16100401,1056,cluster_1056,0.9060059501980646,beef inner skirts choice thin cut
11000002,-1,unclustered,0.0,beef inside caps boneless
12168,-1,unclustered,0.0,"beef inside round cab gop xt 1/4"""
32168,-1,unclustered,0.0,"beef inside round ch gop xt 1/4"""
14500800,1063,cluster_1063,1.0,beef inside round choice
19541400,1063,cluster_1063,0.9567177530036605,beef inside round choice diced-1x1
41300,1063,cluster_1063,1.0,"beef inside round choice xt 1/4"""
41305,-1,unclustered,0.0,beef inside round commodity
33168,-1,unclustered,0.0,beef inside round denuded ch gop
41320,-1,unclustered,0.0,beef inside round xtstar ranch angus
46610,1056,cluster_1056,1.0,beef inside skirt
46600,-1,unclustered,0.0,beef inside skirt angus
46670,1056,cluster_1056,1.0,beef inside skirt choice
19210015,365,cluster_365,0.7887819906983964,beef intestine s 15#trm
19240000,365,cluster_365,1.0,beef intestine small
19800000,-1,unclustered,0.0,beef jerky peppered
SP141,-1,unclustered,0.0,beef julienne
190043,-1,unclustered,0.0,"beef kabob 0.75 sirloin nr, 4oz"
144100,-1,unclustered,0.0,"beef kabob, 3oz"
45800,524,cluster_524,0.8846910668392876,beef kidneys
170002,-1,unclustered,0.0,"beef knuckes, grass run farms, ch"
30267,-1,unclustered,0.0,beef knuckle ch gop
14240802,-1,unclustered,0.0,beef knuckle cleaned and trimmed
80267,-1,unclustered,0.0,beef knuckle gop ch halal
14240500,681,cluster_681,1.0,beef knuckle peeled choice (ui)
14240503,681,cluster_681,1.0,beef knuckle peeled choice sliced
14240400,-1,unclustered,0.0,beef knuckle peeled halal
14240000,-1,unclustered,0.0,beef knuckle peeled no roll
190022,-1,unclustered,0.0,"beef knuckle, organic prairie, premium"
194813,-1,unclustered,0.0,"beef knuckle, peeled, ch, 8/13#"
194830,-1,unclustered,0.0,"beef knuckle, peeled, ch, 8/13#cas"
19252000,365,cluster_365,1.0,beef large intestine
180007,843,cluster_843,1.0,beef leg bones-cut
42710,-1,unclustered,0.0,beef leg tendon *palo duro*
42700,-1,unclustered,0.0,beef leg tendon 11# *ibp* only
41952,997,cluster_997,0.9412278559772175,beef lifter meat
43725,997,cluster_997,1.0,beef lifter meat choice
41952,-1,unclustered,0.0,beef lifter meat
32212,-1,unclustered,0.0,beef lipon choice dn gop
43720,-1,unclustered,0.0,beef lipon choice frozen
43710,-1,unclustered,0.0,beef lipon select down
43711,-1,unclustered,0.0,beef lipon select up
98190,778,cluster_778,0.8199583771654958,beef liver gop 30#
88190,778,cluster_778,0.8348637030070581,beef liver gop 30# halal
19210100,604,cluster_604,0.23245846663896705,beef liver s&d
43120,-1,unclustered,0.0,beef liver s&d //ibp// frozen
19320031,604,cluster_604,0.3672121449129369,beef liver sliced 3/1
19320041,604,cluster_604,1.0,beef liver sliced 4oz
19320006,604,cluster_604,1.0,beef liver sliced 6oz
19301000,604,cluster_604,0.22898190321713505,beef liver whole fresh
180040,604,cluster_604,1.0,"beef liver, sliced, 4oz"
190181,604,cluster_604,0.2353324321214261,"beef liver, sliced, o. prairie"
180021,604,cluster_604,0.2353324321214261,"beef liver, whole"
180150,604,cluster_604,0.22898190321713505,"beef liver, whole 1pc, 15# ave"
96715890,-1,unclustered,0.0,beef lof delishaved 8/7.5oz (3.75#)
13800408,1219,cluster_1219,0.69063335926988,beef loin ball tip boneless choice 8oz
13800405,-1,unclustered,0.0,beef loin ball tip choice pinned
13800403,993,cluster_993,1.0,beef loin ball tip choice-2 up
44380,-1,unclustered,0.0,beef loin bottom ball tips ch frozen
13324516,1296,cluster_1296,1.0,beef loin porterhouse angus choice 16oz
13324524,1296,cluster_1296,1.0,beef loin porterhouse angus choice 24oz
13324548,1296,cluster_1296,1.0,beef loin porterhouse angus choice 48oz
13329622,-1,unclustered,0.0,beef loin porterhouse prime dry aged
13320614,1313,cluster_1313,1.0,beef loin porterhouse steak 14oz
13320324,-1,unclustered,0.0,beef loin porterhouse steak choice
13320410,1314,cluster_1314,0.8293563297734926,beef loin porterhouse steak choice 10oz
13320412,1314,cluster_1314,0.9503840129293454,beef loin porterhouse steak choice 12oz
13320414,1314,cluster_1314,1.0,beef loin porterhouse steak choice 14oz
13320416,1314,cluster_1314,1.0,beef loin porterhouse steak choice 16oz
13320418,1314,cluster_1314,1.0,beef loin porterhouse steak choice 18oz
13320420,1314,cluster_1314,0.8525934002967757,beef loin porterhouse steak choice 20oz
13320422,1314,cluster_1314,0.9899584467746573,beef loin porterhouse steak choice 22oz
13320424,1314,cluster_1314,0.9813263385964538,beef loin porterhouse steak choice 24oz
13320428,1314,cluster_1314,0.9899584467746573,beef loin porterhouse steak choice 28oz
13320432,1314,cluster_1314,0.9899584467746573,beef loin porterhouse steak choice 32oz
13322440,1314,cluster_1314,0.9189433322411722,beef loin porterhouse steak choice 40oz
13320532,-1,unclustered,0.0,beef loin porterhouse steak choice angus
13320618,1313,cluster_1313,1.0,beef loin porterhouse steak prime 18oz
13324622,1313,cluster_1313,1.0,beef loin porterhouse steak prime 22oz
40720,-1,unclustered,0.0,beef loin strip 100l \abf\
13410600,-1,unclustered,0.0,beef loin strip loin bone in prime (ui)
13319624,-1,unclustered,0.0,beef loin t-bone prime dry aged 24oz
13319642,-1,unclustered,0.0,beef loin t-bone prime dry aged 42oz
13310422,1312,cluster_1312,1.0,beef loin t-bone steak 22oz
13310516,-1,unclustered,0.0,beef loin t-bone steak angus 16oz
13310520,-1,unclustered,0.0,beef loin t-bone steak angus 20oz
13310410,1309,cluster_1309,0.8579873224643982,beef loin t-bone steak choice 10oz
13310412,1309,cluster_1309,0.9193902852607453,beef loin t-bone steak choice 12oz
13310414,1309,cluster_1309,0.953919051247198,beef loin t-bone steak choice 14oz
13310415,1309,cluster_1309,0.9435762651733347,beef loin t-bone steak choice 15oz
13310416,1309,cluster_1309,1.0,beef loin t-bone steak choice 16oz
13310418,1309,cluster_1309,1.0,beef loin t-bone steak choice 18oz
13310524,1309,cluster_1309,1.0,beef loin t-bone steak choice 24oz
13310428,1309,cluster_1309,0.8837430899069041,beef loin t-bone steak choice 28oz
13310616,1312,cluster_1312,1.0,beef loin t-bone steak prime 16oz
13310624,1312,cluster_1312,1.0,beef loin t-bone steak prime 24oz
13000906,1194,cluster_1194,0.8297650334406134,beef loin tenderloin psmo choice
144014,-1,unclustered,0.0,"beef loin top butt hearts, cc, ch"
13720400,486,cluster_486,1.0,beef loin tri tips choice
13701400,486,cluster_486,1.0,beef loin tri tips no roll
13700500,486,cluster_486,1.0,beef loin tri tips peeled (ui)
40700,-1,unclustered,0.0,"beef loin, strip 100l - palo duro"
13420005,1166,cluster_1166,1.0,beef manhatten choice 5oz
13420007,1166,cluster_1166,1.0,beef manhatten choice 6oz
13420008,1166,cluster_1166,1.0,beef manhatten choice 8oz
13420006,-1,unclustered,0.0,beef manhhattan strip prime 4oz
180008,-1,unclustered,0.0,beef marrow bones centers
180008,-1,unclustered,0.0,beef marrow bones centers
180024,-1,unclustered,0.0,"beef marrow bones, cut smoked"
42903,-1,unclustered,0.0,beef marrow pipe bone cc
SP133,-1,unclustered,0.0,beef meatballs 1oz fc (20#)
SP1333,-1,unclustered,0.0,beef meatballs 1oz/4-5# bags
19020001,857,cluster_857,0.9579549005187744,beef meatballs 2oz- traditional-rosina
94572,-1,unclustered,0.0,beef meatballs al safa halal
SP1332,857,cluster_857,1.0,beef meatballs italian 1/2 oz
19020040,-1,unclustered,0.0,beef meatballs triple special blend
SP132,-1,unclustered,0.0,beef meatloaf
180009,1070,cluster_1070,1.0,beef meaty neck bones
99999908,-1,unclustered,0.0,beef mild jamaican patties mambo (12/9z)
97775830,630,cluster_630,1.0,"beef mild smkd sausage l,motor c (2 lbs)"
42430,-1,unclustered,0.0,beef minced chuck meat diced 25#
190026,342,cluster_342,0.7208528180087653,"beef mini corndogs, state fair"
156000,-1,unclustered,0.0,beef naval
19900002,-1,unclustered,0.0,beef navel b/in w/skirt
180010,1070,cluster_1070,1.0,beef neck bones
SP131,-1,unclustered,0.0,beef ny strip steaks ch 8/9oz*
14910112,528,cluster_528,1.0,"beef osso bucco 1 1/2"""
19210000,528,cluster_528,1.0,"beef osso bucco 1-1/4 """
16606139,-1,unclustered,0.0,beef outerskirt jbs-peeled cargill
16240000,1056,cluster_1056,0.9303192053689665,beef outside skirt choice
16280500,1057,cluster_1057,1.0,beef outside skirt choice (ui)
16200410,1218,cluster_1218,0.8233388120825549,beef outside skirt choice 10oz
16200412,1218,cluster_1218,0.9566692976776673,beef outside skirt choice 12oz
16200414,1218,cluster_1218,0.9655319069717693,beef outside skirt choice 14oz
16200416,1218,cluster_1218,0.9655319069717693,beef outside skirt choice 16oz
16200404,1218,cluster_1218,0.9670740400893402,beef outside skirt choice 4oz
16200405,1218,cluster_1218,0.9670740400893402,beef outside skirt choice 5oz
16200406,1218,cluster_1218,1.0,beef outside skirt choice 6oz
16200407,1218,cluster_1218,1.0,beef outside skirt choice 7oz
16200498,1218,cluster_1218,1.0,beef outside skirt choice 8oz
16200409,1218,cluster_1218,0.9722887368454941,beef outside skirt choice 9oz
16290110,-1,unclustered,0.0,beef outside skirt fajitas
16290090,-1,unclustered,0.0,beef outside skirt grass fed
16280200,1056,cluster_1056,0.9094688339472305,beef outside skirt no roll
16291010,-1,unclustered,0.0,beef outside skirt peeled
16210500,1057,cluster_1057,1.0,beef outside skirt peeled choice (ui)
16210410,1057,cluster_1057,1.0,beef outside skirt peeled- nr
16290100,1056,cluster_1056,0.9498497689203084,beef outside skirt pieces
46671,1056,cluster_1056,0.9303192053689665,beef outside skirt pld
16200600,-1,unclustered,0.0,beef outside skirt prime
16200067,-1,unclustered,0.0,beef outside skirt steak 6-7oz
16200508,-1,unclustered,0.0,beef outside skirt steak angus 8oz
19410001,-1,unclustered,0.0,beef ox lips
46800,-1,unclustered,0.0,beef oxlips 40-60#
19410000,-1,unclustered,0.0,beef oxlips-c
43541,-1,unclustered,0.0,beef oxtail cut jbs/swift
43540,-1,unclustered,0.0,beef oxtail cut mexican
19440012,607,cluster_607,1.0,beef oxtails
19450000,607,cluster_607,1.0,beef oxtails (ui)
43500,607,cluster_607,1.0,beef oxtails *caviness* only
43520,-1,unclustered,0.0,beef oxtails 15# ibp
19470000,607,cluster_607,0.9967842228823617,beef oxtails packerland
19480000,607,cluster_607,0.9816494179858977,beef oxtails sukarne
43521,607,cluster_607,0.8564265895177531,beef oxtails swift
19400011,-1,unclustered,0.0,beef oxtails valley
SP139,-1,unclustered,0.0,beef oxtails* erb cut
15910000,-1,unclustered,0.0,beef pastrami brisket cooked
43478612,-1,unclustered,0.0,beef pastrami flat round cooked
190016,-1,unclustered,0.0,"beef pastrami, crescent city"
190809,1173,cluster_1173,0.8380052228430017,"beef pasture ground, o.prairie"
920238,-1,unclustered,0.0,beef pattie box
18106021,1268,cluster_1268,0.8102293108263243,beef patties 2/1 -10lb/cs
19142250,-1,unclustered,0.0,"beef patties 4/1 jemm, (8/4#)"
49010,-1,unclustered,0.0,beef patties 4:1 iqf pucks creekstone
190032,-1,unclustered,0.0,"beef patties ckd, 160/3oz"
19152250,-1,unclustered,0.0,"beef patties, 2/1 jemm (8/4#)"
19231250,1268,cluster_1268,0.8102293108263243,"beef patties, 4/1, (#10 lb)"
19149980,-1,unclustered,0.0,"beef patties, 4/1, (5 lb)"
SP1027,-1,unclustered,0.0,beef patty 2/1 thick kirby
SP114,-1,unclustered,0.0,beef patty 4oz
SP1141,-1,unclustered,0.0,"beef patty 4oz wh 5"" hly"
190872,1270,cluster_1270,0.8796617673169488,beef patty 5oz 85/15 jumbo
190763,1273,cluster_1273,0.9573404149098497,beef patty 75/25 6oz
190755,1239,cluster_1239,0.4674335921115275,"beef patty 75/25, 5-1"
190103,1239,cluster_1239,0.4637900715906639,beef patty 80/20
190849,1269,cluster_1269,1.0,beef patty 80/20 5oz oval
190807,-1,unclustered,0.0,beef patty 80/20 6.5oz wide
190072,-1,unclustered,0.0,"beef patty 80/20 thick, 7oz"
190061,1271,cluster_1271,1.0,"beef patty 80/20, 6oz"
190071,1271,cluster_1271,0.9480621238971262,"beef patty 80/20, 7oz"
190871,1239,cluster_1239,0.5852503427379083,beef patty 85/15 6-1
190817,1269,cluster_1269,1.0,beef patty 8oz oval
190031,-1,unclustered,0.0,"beef patty ckd, cti, 3oz-20#"
47001,-1,unclustered,0.0,beef patty flanders 4/10#
47000,-1,unclustered,0.0,beef patty flanders 4oz 8/4#
190080,-1,unclustered,0.0,beef patty grass fed 8oz- round 80/20
190041,-1,unclustered,0.0,"beef patty ground chuck, angus, 4oz"
190504,-1,unclustered,0.0,beef patty ground steak burger
90004,-1,unclustered,0.0,beef patty jamaican halal
190095,1270,cluster_1270,0.9801934858603232,"beef patty jumbo 75/25, 5oz"
49015,-1,unclustered,0.0,beef patty la 4oz 16/2#
49016,-1,unclustered,0.0,beef patty la 4oz 8/4#
190011,-1,unclustered,0.0,"beef patty natural, 5oz"
193001,-1,unclustered,0.0,"beef patty natural, creekstone, 8oz"
SP1026,-1,unclustered,0.0,"beef patty pb 2/1 round 5""kirby"
190100,1264,cluster_1264,1.0,"beef patty special blend, 10oz"
190042,1264,cluster_1264,1.0,"beef patty special blend, 40/4oz"
190070,-1,unclustered,0.0,"beef patty thick, prime, 7oz"
190754,1270,cluster_1270,1.0,"beef patty, 75/25 jumbo, 4oz"
190752,1273,cluster_1273,1.0,"beef patty, 75/25, 4oz"
190756,1273,cluster_1273,0.8696125803869011,"beef patty, 75/25, 5oz"
190757,1273,cluster_1273,1.0,"beef patty, 75/25, 7oz"
190758,1273,cluster_1273,1.0,"beef patty, 75/25, 8oz"
190880,1270,cluster_1270,1.0,"beef patty, 80/20 jumbo, 8oz"
190821,1271,cluster_1271,0.7787883545428477,"beef patty, 80/20, 10oz"
190824,1271,cluster_1271,1.0,"beef patty, 80/20, 4oz"
190851,1239,cluster_1239,0.9423980664014022,"beef patty, 80/20, 5-1"
190850,1271,cluster_1271,0.9797768297887975,"beef patty, 80/20, 5oz"
190806,1239,cluster_1239,1.0,"beef patty, 80/20, 6-1"
190827,1239,cluster_1239,1.0,"beef patty, 80/20, 7-1"
190810,1239,cluster_1239,1.0,"beef patty, 80/20, 8-1"
190808,1271,cluster_1271,1.0,"beef patty, 80/20, 8oz"
190888,1269,cluster_1269,1.0,"beef patty, 85/15 oval, 8oz"
190854,1274,cluster_1274,1.0,"beef patty, 85/15, 4oz"
190853,1239,cluster_1239,0.5223701099122893,"beef patty, 85/15, 5-1"
190858,1274,cluster_1274,0.9772096919584585,"beef patty, 85/15, 5oz"
190870,1274,cluster_1274,1.0,"beef patty, 85/15, 7oz"
190859,1274,cluster_1274,1.0,"beef patty, 85/15, 8oz"
190179,-1,unclustered,0.0,"beef patty, 9.625# case, 7oz"
190017,-1,unclustered,0.0,"beef patty, grass fed, 4oz"
190831,1243,cluster_1243,1.0,"beef patty, jumbo 80/20, 3/1"
190844,1270,cluster_1270,1.0,"beef patty, jumbo 80/20, 4oz"
190852,1243,cluster_1243,1.0,"beef patty, jumbo 80/20, 5-1"
190856,1270,cluster_1270,0.9140382851691702,"beef patty, jumbo 85/15, 4oz"
190857,1243,cluster_1243,1.0,"beef patty, jumbo 85/15, 5-1"
190006,-1,unclustered,0.0,"beef patty, special blend"
190079,-1,unclustered,0.0,"beef patty, thick, prime, 7oz"
198050,1225,cluster_1225,1.0,"beef patty, wagyu, 5oz"
198080,1225,cluster_1225,1.0,"beef patty, wagyu, 8oz"
41950,793,cluster_793,0.9432256020895714,beef pectoral meat
11910404,-1,unclustered,0.0,beef pectoral meat chunks 3oz
41600,681,cluster_681,1.0,beef peeled knuckle choice
41601,-1,unclustered,0.0,beef peeled knuckle ibp choice
41620,-1,unclustered,0.0,beef peeled knuckles star ranch angus
19240012,664,cluster_664,1.0,"beef peppersteak sliced 1""x2"" choice"
18070606,-1,unclustered,0.0,beef philly kit jtm(4-2.25oz)
19550066,-1,unclustered,0.0,beef philly steak -bulk pack
19550004,1249,cluster_1249,0.45347684841043634,beef philly steak 4oz
19550006,1249,cluster_1249,0.43410446323583934,beef philly steak 6oz
42902,579,cluster_579,0.3912585612811804,beef pipe bone abf cut
41740,-1,unclustered,0.0,beef plate short plate navel
16312000,-1,unclustered,0.0,beef plate short rib fingers
16308000,1244,cluster_1244,0.9045000402029387,beef plate short rib pieces
16330000,1244,cluster_1244,1.0,"beef plate short ribs 1 1/2"""
16300010,1251,cluster_1251,1.0,beef plate short ribs 10 oz
16310011,1251,cluster_1251,1.0,beef plate short ribs 10-12 oz
16310010,1251,cluster_1251,1.0,beef plate short ribs 10oz
16310013,1251,cluster_1251,0.9015737454083643,beef plate short ribs 12-14 oz
16310015,1251,cluster_1251,1.0,beef plate short ribs 14-16oz
16310039,1251,cluster_1251,1.0,beef plate short ribs 16oz
16310018,1251,cluster_1251,1.0,beef plate short ribs 18oz
16310020,1251,cluster_1251,0.9877970162426976,beef plate short ribs 20oz
16300514,1244,cluster_1244,1.0,beef plate short ribs 3 bone
16310008,1251,cluster_1251,0.8232833737013537,beef plate short ribs 3 bone 8oz
16310033,1244,cluster_1244,1.0,"beef plate short ribs 3"""
16300038,1244,cluster_1244,1.0,"beef plate short ribs 3/8"""
16310404,1251,cluster_1251,1.0,beef plate short ribs 4oz
16311005,1251,cluster_1251,1.0,beef plate short ribs 5oz
16310096,1251,cluster_1251,1.0,beef plate short ribs 6oz
16310437,1251,cluster_1251,1.0,beef plate short ribs 7oz
16311008,1251,cluster_1251,1.0,beef plate short ribs 8oz
16311009,1251,cluster_1251,1.0,beef plate short ribs 9oz
16310005,1251,cluster_1251,0.753401277963012,beef plate short ribs bnls 5oz
16310001,1244,cluster_1244,1.0,beef plate short ribs bone in
16311090,1244,cluster_1244,1.0,beef plate short ribs boneless
16210010,1251,cluster_1251,0.9092807126265372,beef plate short ribs boneless 10oz
16312400,1244,cluster_1244,1.0,beef plate short ribs boneless choice
16311400,1244,cluster_1244,0.9695182123885118,beef plate short ribs choice
16310412,1244,cluster_1244,0.9695182123885118,"beef plate short ribs choice 1/2"""
16311401,1244,cluster_1244,0.9229015058560249,beef plate short ribs choice denuted go
16310300,1244,cluster_1244,1.0,"beef plate short ribs cut 3"""
16310023,1244,cluster_1244,0.9210511010637479,"beef plate short ribs frenched ""6"
16310804,-1,unclustered,0.0,beef plate short ribs wagyu 4
16300000,1244,cluster_1244,1.0,beef plate short ribs whole
16300500,1244,cluster_1244,0.8666869584362011,beef plate short ribs whole 3 bone (ui)
16310003,1244,cluster_1244,1.0,beef plate short ribs-
16300012,1244,cluster_1244,1.0,beef plate short ribs-bone- in
97615880,616,cluster_616,1.0,beef polish sausage scott pete (12/20z)
141240,-1,unclustered,0.0,"beef porterhouse, prime, 24oz"
141832,-1,unclustered,0.0,"beef porterhouse, prime, 8/32oz"
10151400,494,cluster_494,0.9570780189114031,beef pot roast raw 15#
190028,406,cluster_406,1.0,"beef pot roast, ckd, hillshire"
SP1460,836,cluster_836,0.6944177953291137,beef prime rib-ch bnls lip-on
190046,1224,cluster_1224,1.0,"beef puck ground 75/25, 4oz"
190122,1224,cluster_1224,1.0,"beef puck ground 80/20, 2oz"
190142,1224,cluster_1224,1.0,"beef puck ground 80/20, 4oz"
999901,1224,cluster_1224,0.9819366079993307,"beef puck ground, 40-4oz"
190053,1224,cluster_1224,0.8827371133954423,"beef puck ground, 55/3oz"
190092,1224,cluster_1224,0.4863643771917956,"beef puck ground, special blend, 2oz"
190094,1224,cluster_1224,0.4882934063692805,"beef puck ground, special blend, 4oz"
19630025,-1,unclustered,0.0,beef pulmunary hearts
190009,-1,unclustered,0.0,"beef r ground , 10#"
97735830,-1,unclustered,0.0,"beef red hots links,motor city (20/16oz)"
164230,700,cluster_700,1.0,"beef rib #109, ch, 23#dn"
164109,700,cluster_700,1.0,"beef rib 109, ch, 23#up"
12000401,699,cluster_699,0.6816226532149307,beef rib export choice light
12000400,699,cluster_699,0.9729826741489006,beef rib export choice up
12000600,699,cluster_699,0.6885089283026813,beef rib export prime
164164,699,cluster_699,0.8563106812789568,"beef rib export, ch, 16up"
164181,699,cluster_699,0.7387912274865281,"beef rib export, ch, 18dn"
164210,700,cluster_700,1.0,"beef rib, 109 spec trim, ch, 23#dn"
164231,700,cluster_700,1.0,"beef rib, 109 spec trim, ch, 23#up"
43770,-1,unclustered,0.0,"beef rib, ribeye 100 l*palo duro"
40200,-1,unclustered,0.0,beef ribeye (cow) 6-8 fresh *pd*
40201,-1,unclustered,0.0,beef ribeye (cow) 8up frozen *pd*
12321414,-1,unclustered,0.0,beef ribeye 14.5 down choice
40200,787,cluster_787,1.0,beef ribeye (cow) 6-8 fresh *pd*
12115516,1303,cluster_1303,1.0,beef ribeye b/in angus choice 16oz
12115518,1303,cluster_1303,1.0,beef ribeye b/in angus choice 18oz
12115412,1302,cluster_1302,0.9993556044867815,beef ribeye b/in choice 12oz
12115414,1302,cluster_1302,1.0,beef ribeye b/in choice 14oz
12110416,1302,cluster_1302,1.0,beef ribeye b/in choice 16oz
12110418,1302,cluster_1302,1.0,beef ribeye b/in choice 18oz
12110420,1302,cluster_1302,1.0,beef ribeye b/in choice 20oz
12115422,1302,cluster_1302,1.0,beef ribeye b/in choice 22oz
12110422,1302,cluster_1302,1.0,beef ribeye b/in choice 22oz-
12120424,1302,cluster_1302,0.9553850041458781,beef ribeye b/in choice 24oz
12110408,1302,cluster_1302,0.8815007555713841,beef ribeye b/in choice 8oz
12110516,1303,cluster_1303,1.0,beef ribeye b/in choice angus 16oz
12115520,1303,cluster_1303,0.8200545093477672,beef ribeye b/in choice angus 20oz
12115538,1303,cluster_1303,0.825173996515984,beef ribeye b/in choice angus 28oz
12140432,1303,cluster_1303,0.825173996515984,beef ribeye b/in choice angus 32oz
12140440,1303,cluster_1303,0.825173996515984,beef ribeye b/in choice angus 40oz
12110116,-1,unclustered,0.0,beef ribeye b/in nr 16oz
12110613,1297,cluster_1297,0.5463799666285007,beef ribeye b/in prime 12-14 oz
12110614,1297,cluster_1297,1.0,beef ribeye b/in prime 14oz
12110616,1297,cluster_1297,1.0,beef ribeye b/in prime 16oz
12115618,1297,cluster_1297,1.0,beef ribeye b/in prime 18oz
12115622,1297,cluster_1297,0.9384209708031424,beef ribeye b/in prime 22oz
12110622,1297,cluster_1297,0.5349498043821429,beef ribeye b/in prime 22oz frenched
12140430,-1,unclustered,0.0,beef ribeye b/in prime angus 32-34 oz
12140540,-1,unclustered,0.0,beef ribeye b/in prime angus 40oz
12119622,1297,cluster_1297,0.5045717582760758,beef ribeye b/in prime dry aged 22oz
12119628,1297,cluster_1297,0.49585709710048453,beef ribeye b/in prime dry aged 28oz
12101514,836,cluster_836,0.6851686953790457,beef ribeye boneless lip on 5# netted
12100514,836,cluster_836,0.7924594843648894,beef ribeye boneless lip on choice (ui)
12100414,836,cluster_836,0.9820009491528278,beef ribeye boneless lip on choice dwn
12100700,836,cluster_836,1.0,beef ribeye boneless lip on choice up
12100200,836,cluster_836,0.7341990075737604,beef ribeye boneless lip on no roll
12100600,836,cluster_836,0.7186490760001868,beef ribeye boneless lip on prime
12100300,836,cluster_836,0.9240600746223483,beef ribeye boneless lip on select
12100800,-1,unclustered,0.0,beef ribeye cap on wagyu 6/7
12320110,-1,unclustered,0.0,beef ribeye finger off
43700,-1,unclustered,0.0,beef ribeye l/o boneless nr
43720,836,cluster_836,1.0,beef lipon choice frozen
43730,836,cluster_836,1.0,beef ribeye lip-on boneless prime
12350106,1223,cluster_1223,1.0,beef ribeye rolls 10 up
12350101,1223,cluster_1223,0.6884977138331035,beef ribeye rolls 10oz
12370068,1223,cluster_1223,0.8179121116740267,beef ribeye rolls 6 up
12350110,1223,cluster_1223,1.0,beef ribeye rolls ute 10 up
12350131,1223,cluster_1223,0.9502415943089348,beef ribeye rolls ute 3/1
12350141,1223,cluster_1223,1.0,beef ribeye rolls ute 4/1
12350180,1223,cluster_1223,1.0,beef ribeye rolls ute 8 up
12350108,1223,cluster_1223,0.8128167024371373,beef ribeye rolls ute 8oz
12350118,1223,cluster_1223,0.8128167024371373,"beef ribeye rolls ute sliced 1/8 """
12132512,1291,cluster_1291,1.0,beef ribeye steak boneless 12oz
12130012,1291,cluster_1291,0.8731068046510934,beef ribeye steak boneless 12oz nr
12131055,1291,cluster_1291,1.0,beef ribeye steak boneless 5-6oz
12130005,1291,cluster_1291,1.0,beef ribeye steak boneless 5oz
12130006,1291,cluster_1291,1.0,beef ribeye steak boneless 6oz
12131008,1291,cluster_1291,1.0,beef ribeye steak boneless 8oz
12131477,1226,cluster_1226,1.0,"beef ribeye steak boneless aa -cut 1/4 """
12131506,1291,cluster_1291,0.9003739891968734,beef ribeye steak boneless angus 6oz
1213509,1291,cluster_1291,0.8791034082321996,beef ribeye steak boneless angus 8oz
12131415,-1,unclustered,0.0,beef ribeye steak boneless choice
13142005,1226,cluster_1226,0.8077343025803387,beef ribeye steak boneless choice 1-1/2
12130410,1291,cluster_1291,1.0,beef ribeye steak boneless choice 10oz
12130412,1291,cluster_1291,1.0,beef ribeye steak boneless choice 12oz
12131414,1291,cluster_1291,1.0,beef ribeye steak boneless choice 14oz
12131516,1291,cluster_1291,1.0,beef ribeye steak boneless choice 16oz
12131418,1291,cluster_1291,1.0,beef ribeye steak boneless choice 18oz
12135420,1291,cluster_1291,0.9212922463353447,beef ribeye steak boneless choice 20 oz
12131420,1291,cluster_1291,1.0,beef ribeye steak boneless choice 24oz
12130405,1291,cluster_1291,1.0,beef ribeye steak boneless choice 5oz
12131406,1291,cluster_1291,1.0,beef ribeye steak boneless choice 6oz
12131407,1291,cluster_1291,1.0,beef ribeye steak boneless choice 7oz
12131408,1291,cluster_1291,1.0,beef ribeye steak boneless choice 8oz
12131409,1291,cluster_1291,1.0,beef ribeye steak boneless choice 9oz
12130112,1226,cluster_1226,1.0,"beef ribeye steak boneless cut 1"""
12131044,1291,cluster_1291,0.74559531777639,beef ribeye steak boneless no tail 4oz
12131610,1291,cluster_1291,1.0,beef ribeye steak boneless prime 10oz
12131612,1291,cluster_1291,1.0,beef ribeye steak boneless prime 12oz
12131614,1291,cluster_1291,1.0,beef ribeye steak boneless prime 14oz
12131616,1291,cluster_1291,1.0,beef ribeye steak boneless prime 16oz
12130606,1291,cluster_1291,1.0,beef ribeye steak boneless prime 6oz
12130607,1291,cluster_1291,1.0,beef ribeye steak boneless prime 7oz
12130608,1291,cluster_1291,1.0,beef ribeye steak boneless prime 8oz
12131310,1291,cluster_1291,1.0,beef ribeye steak boneless select 10oz
12131312,1291,cluster_1291,1.0,beef ribeye steak boneless select 12oz
12131309,1291,cluster_1291,1.0,beef ribeye steak boneless select 9oz
12130514,1226,cluster_1226,1.0,"beef ribeye steak boneless sliced 1/4"""
12130503,1226,cluster_1226,0.8781741699569124,"beef ribeye steak boneless sliced 3/16"""
SP1322,-1,unclustered,0.0,beef ribeye steak ch 8/9 oz*
SP1822,-1,unclustered,0.0,beef ribeye ute 5.3 oz(3/1)
41552,700,cluster_700,0.8301757894534358,beef riblets b/i - 32102 national beef
10110000,494,cluster_494,0.999709265223893,beef roast -fully cooked
10120000,494,cluster_494,1.0,beef roast cooked medium rare
10121000,494,cluster_494,1.0,beef roast cooked medium sara lee
SP1202,-1,unclustered,0.0,beef roast inside round1/4cut*
SP1201,-1,unclustered,0.0,beef roast inside roundcut1/2*
10122000,494,cluster_494,0.9424390571250648,beef roast medium rare sara lee
10130000,-1,unclustered,0.0,beef roast sliced
10100006,-1,unclustered,0.0,beef roast sliced 6oz frozen
10140000,-1,unclustered,0.0,beef roast sliced fresh 4/5 /cs
46300,422,cluster_422,0.6556602244698249,beef rose meat (suadero)
14100400,-1,unclustered,0.0,beef round 160 choice
14300420,-1,unclustered,0.0,beef round eyes choice
14300200,-1,unclustered,0.0,beef round eyes no roll evp
14110200,-1,unclustered,0.0,beef round flat /eyes no roll
14400500,-1,unclustered,0.0,beef round flat choice (ui)
14400512,-1,unclustered,0.0,beef round flat usda choice angus
14450400,-1,unclustered,0.0,beef round flats
14401414,-1,unclustered,0.0,beef round flats choice
14440414,-1,unclustered,0.0,"beef round flats choice sliced 1/8"""
14472300,-1,unclustered,0.0,beef round flats strap -off de nuted
14400200,-1,unclustered,0.0,beef round flats ute
14110400,-1,unclustered,0.0,beef round gooseneck choice
14110300,-1,unclustered,0.0,beef round gooseneck select
14510418,950,cluster_950,1.0,beef round inside cap off choice
14510100,950,cluster_950,1.0,beef round inside cap-off choice
14510200,950,cluster_950,1.0,beef round inside cap-off no roll
14500401,1063,cluster_1063,1.0,beef round inside choice
14500500,-1,unclustered,0.0,beef round inside choice xt (ui)
14500200,-1,unclustered,0.0,beef round inside no roll
14500300,-1,unclustered,0.0,beef round inside select
14600000,-1,unclustered,0.0,beef round outside
14010400,185,cluster_185,1.0,beef round steamship choice
174002,185,cluster_185,1.0,"beef round steamship, no ha, ch"
174003,185,cluster_185,1.0,"beef round steamship, w/hand, ch"
14000400,-1,unclustered,0.0,beef round whole choice
10010000,-1,unclustered,0.0,beef salisbury steak
SP130,-1,unclustered,0.0,beef salisbury steak 4oz
45500,464,cluster_464,0.9064809994790601,beef scalded tripe //ibp//
45530,464,cluster_464,1.0,beef scalded tripe 60#
90142,464,cluster_464,1.0,beef scalded tripe gop 60#
34098,-1,unclustered,0.0,beef seekh family pack
40366,1126,cluster_1126,0.9722018384056137,beef sel brisket
44260,-1,unclustered,0.0,beef sel xt top butt
48420,694,cluster_694,1.0,beef semi-bnls chuck n/off
14900000,834,cluster_834,0.8041899360029195,beef shank boneless
14910001,834,cluster_834,1.0,"beef shank cut 1"""
14910005,834,cluster_834,1.0,"beef shank cut 1/2"""
46920,-1,unclustered,0.0,beef shank trimmed bnls pd
42110,-1,unclustered,0.0,"beef shank, banana bnls 13275 *pd*"
13301900,-1,unclustered,0.0,beef short loin
35174,-1,unclustered,0.0,beef short loin 0x1 ch gop
46020,-1,unclustered,0.0,beef short loin 0x1 choice
46000,-1,unclustered,0.0,beef short loin 0x1 select
46000,-1,unclustered,0.0,beef short loin 0x1 select
46030,-1,unclustered,0.0,beef short loin 0x1 ~prime~
13305416,-1,unclustered,0.0,beef short loin choice
13301501,-1,unclustered,0.0,beef short loin choice 0x1
13309602,-1,unclustered,0.0,"beef short loin cut 2"" thick prime"
11301000,-1,unclustered,0.0,beef short loin mexico arias
13301600,-1,unclustered,0.0,beef short loin prime 0x1
13301623,-1,unclustered,0.0,beef short loin prime 2x3
11912393,-1,unclustered,0.0,beef short rib tips (ui)
41501,-1,unclustered,0.0,beef short ribs choice 3 bone
160007,-1,unclustered,0.0,"beef short ribs, bone-in sliced"
160003,-1,unclustered,0.0,"beef short ribs, bone-in, 3 bone"
160004,-1,unclustered,0.0,"beef short ribs, bone-in, 4rib"
46700,-1,unclustered,0.0,"beef shoulder clod 1/4"" choice"
46721,-1,unclustered,0.0,beef shoulder clod heart star ranch
46720,-1,unclustered,0.0,beef shoulder clod xt star ranch angus
128004,-1,unclustered,0.0,"beef shoulder clods, imported wagyu"
13810400,-1,unclustered,0.0,beef sirloin cubes choice
40335,467,cluster_467,0.6415267099966236,beef sirloin culotte fat on choice
19540001,1062,cluster_1062,1.0,"beef sirloin diced 1"" x 1"""
19540174,-1,unclustered,0.0,"beef sirloin diced 1.5"" x 1.5"" 50# case"
19540175,1062,cluster_1062,0.9389084663220897,"beef sirloin diced 1.5"" x 1.5"" hand cut"
19541438,1062,cluster_1062,1.0,"beef sirloin diced 1/4"" x 3/8"""
142113,-1,unclustered,0.0,"beef sirloin filet, angus, ch, 8oz"
140087,-1,unclustered,0.0,"beef sirloin filet, ch, 8oz"
11300406,-1,unclustered,0.0,beef sirloin flap bnls choice 6oz
13808000,1005,cluster_1005,1.0,beef sirloin flap meat choice angus ui
19900000,-1,unclustered,0.0,beef sirloin kabobs 1x1
12830006,-1,unclustered,0.0,beef sirloin steaks choice 6oz
19540034,-1,unclustered,0.0,"beef sirloin tips diced - 3/4""x 3/4"" cvp"
19540012,-1,unclustered,0.0,"beef sirloin tips diced- 1/2""x 1/2"""
44220,-1,unclustered,0.0,beef sirloin top butt *palo duro*
13600210,-1,unclustered,0.0,beef sirloin top butt american foods
18500502,1230,cluster_1230,1.0,beef slider burgers 2oz
190030,1230,cluster_1230,1.0,"beef slider patties, jb, 2oz-10#"
198020,-1,unclustered,0.0,"beef slider patties, wagyu, 2oz"
190098,1230,cluster_1230,0.9936559075420461,"beef slider patties-10#, jb, 5oz"
190008,-1,unclustered,0.0,"beef slider patty, 5#, 2oz"
19500001,-1,unclustered,0.0,beef slim jims
10001000,-1,unclustered,0.0,beef small bits and pieces
19220001,365,cluster_365,1.0,beef small intestine
44000,365,cluster_365,0.869976579834167,beef small intestines - national
97878895,314,cluster_314,0.905593971552163,beef smkd saus8/1.5lb)roger wood
190002,521,cluster_521,1.0,"beef spec trim, sliced, for stirfry"
190044,1264,cluster_1264,1.0,"beef special blend patty, 4oz"
190054,1264,cluster_1264,0.9609896846954886,"beef special blend patty, 5oz"
41951,-1,unclustered,0.0,beef special trim 93-95%
19080000,-1,unclustered,0.0,beef special trim boneless-loin tails
190040,521,cluster_521,1.0,beef special trim sliced for taco
190050,-1,unclustered,0.0,"beef special trim, pritzlaff, 50#cs"
99999909,-1,unclustered,0.0,beef spicy jamaican patties mambo 12/9z
19360000,-1,unclustered,0.0,beef spleen (ui)
42970,-1,unclustered,0.0,beef split cc femur bone //ibp//
19081000,-1,unclustered,0.0,beef steak ends choice salads
19550100,-1,unclustered,0.0,beef steak fritter 5.3oz texas style
190060,-1,unclustered,0.0,"beef steak shldr tender butterfly, 6oz"
SP1312,-1,unclustered,0.0,beef steak strip choice -14oz*
194100,657,cluster_657,1.0,"beef stew 1, ch, 10#pkg"
194101,657,cluster_657,1.0,"beef stew 1/2, ch, 10#pkg"
13114800,-1,unclustered,0.0,"beef stew, delta sunrise (6/1lb)"
190091,-1,unclustered,0.0,"beef stew, o.prairie retail"
19540025,-1,unclustered,0.0,beef stir fry choice
19541060,-1,unclustered,0.0,beef stir fry strip
45900,-1,unclustered,0.0,beef strip 0x1 *excel* choice
40470,-1,unclustered,0.0,beef strip 0x1 -14-18 *palo duro*
46061,-1,unclustered,0.0,beef strip loin #2 choice
40450,1289,cluster_1289,1.0,beef strip loin 0x1 #ii select
40440,-1,unclustered,0.0,beef strip loin 0x1 angus
40461,1295,cluster_1295,1.0,beef strip loin 0x1 bone in choice
14280,-1,unclustered,0.0,beef strip loin 0x1 cab gop
40460,1294,cluster_1294,1.0,beef strip loin 0x1 choice
12410412,-1,unclustered,0.0,beef strip loin 0x1 choice 12oz
13410407,-1,unclustered,0.0,beef strip loin 0x1 choice 14oz
13400401,1294,cluster_1294,0.9389732738888309,beef strip loin 0x1 choice-1/2
1568413,-1,unclustered,0.0,beef strip loin 0x1 evp n/r
40462,-1,unclustered,0.0,beef strip loin 0x1 prime
40410,1289,cluster_1289,1.0,beef strip loin 0x1 select
40401,1289,cluster_1289,1.0,beef strip loin 0x1 ~select~
40510,-1,unclustered,0.0,beef strip loin 1x1 boneless
13400432,1295,cluster_1295,1.0,beef strip loin bone in choice
13440412,1295,cluster_1295,1.0,beef strip loin bone in choice 1x1
13400617,-1,unclustered,0.0,beef strip loin bone in choice vein end
13430620,-1,unclustered,0.0,beef strip loin bone-in prime 20oz
13400499,-1,unclustered,0.0,beef strip loin boneles choice 0x0
13400511,-1,unclustered,0.0,beef strip loin boneless angus 1x1
13400701,1294,cluster_1294,1.0,beef strip loin boneless choice 0x1
13400501,-1,unclustered,0.0,beef strip loin boneless choice 0x1 (ui)
13400421,1294,cluster_1294,1.0,beef strip loin boneless choice 1x1
13400900,-1,unclustered,0.0,beef strip loin boneless kobe
13400201,-1,unclustered,0.0,beef strip loin boneless n/r 0x1
13400322,-1,unclustered,0.0,beef strip loin boneless n/r 1x1
13400600,-1,unclustered,0.0,beef strip loin boneless prime 0x1
13400606,-1,unclustered,0.0,beef strip loin boneless prime dry aged
13400300,-1,unclustered,0.0,beef strip loin boneless select 0x0
13400800,615,cluster_615,0.8411073934061308,beef strip loin boneless wagyu
13400011,-1,unclustered,0.0,beef strip loin choice 0x1 cut vp-1
13421401,-1,unclustered,0.0,"beef strip loin steak 1.5"" thick"
13410010,1315,cluster_1315,0.7839661373312111,beef strip loin steak 10oz
13410060,1315,cluster_1315,0.7281017441520693,beef strip loin steak 6oz
13410080,1315,cluster_1315,0.9145203515723357,beef strip loin steak 8oz
13421512,1317,cluster_1317,1.0,beef strip loin steak angus 12oz
13420514,1317,cluster_1317,1.0,beef strip loin steak angus 14oz
13420516,1317,cluster_1317,1.0,beef strip loin steak angus 16oz
13420509,1317,cluster_1317,0.9500853083152855,beef strip loin steak angus 9oz
13410401,-1,unclustered,0.0,"beef strip loin steak choice !"""
13420511,1316,cluster_1316,0.7697254022797113,beef strip loin steak choice 10oz
13420411,1316,cluster_1316,0.8415345489081661,beef strip loin steak choice 11oz
13430412,1316,cluster_1316,1.0,beef strip loin steak choice 12oz
13420413,1316,cluster_1316,1.0,beef strip loin steak choice 13oz
13410414,1316,cluster_1316,1.0,beef strip loin steak choice 14oz
13450416,1316,cluster_1316,0.9142835475049256,beef strip loin steak choice 16oz
13430518,1316,cluster_1316,0.8585636858149046,beef strip loin steak choice 18-20oz
13420518,1316,cluster_1316,0.9142835475049256,beef strip loin steak choice 18oz
13450418,-1,unclustered,0.0,"beef strip loin steak choice 2"" thick"
13420420,1316,cluster_1316,0.8033000475720665,beef strip loin steak choice 20oz
13420406,1316,cluster_1316,0.8175295448416391,beef strip loin steak choice 6oz
13420407,1316,cluster_1316,0.8937764394547412,beef strip loin steak choice 7oz
13420408,1316,cluster_1316,0.8954009760504189,beef strip loin steak choice 8oz
13420508,-1,unclustered,0.0,beef strip loin steak choice 8oz angus
13420409,1316,cluster_1316,0.7919990490209708,beef strip loin steak choice 9oz
13450516,1317,cluster_1317,0.8133089543810964,beef strip loin steak choice angus 16oz
13439616,-1,unclustered,0.0,beef strip loin steak choice kc 12-14 oz
13420606,-1,unclustered,0.0,"beef strip loin steak prime 1 1/4"""
13420610,1315,cluster_1315,0.898659131838203,beef strip loin steak prime 10oz
13429612,1315,cluster_1315,1.0,beef strip loin steak prime 12oz
13420614,1315,cluster_1315,1.0,beef strip loin steak prime 14oz
13424616,1315,cluster_1315,1.0,beef strip loin steak prime 16oz
13420618,1315,cluster_1315,0.9507287253022718,beef strip loin steak prime 18oz
13420620,1315,cluster_1315,0.8668612325416251,beef strip loin steak prime 20oz
13420607,1315,cluster_1315,0.7611401625986707,beef strip loin steak prime 7oz
13420609,1315,cluster_1315,1.0,beef strip loin steak prime 8oz
13439618,-1,unclustered,0.0,beef strip loin steak prime kc 14oz
13430512,1315,cluster_1315,0.9754532356057322,beef strip loin steak prime12oz
13420314,1315,cluster_1315,0.685938733593432,beef strip loin steak select 14oz
13490400,-1,unclustered,0.0,beef strip loin vein ends choice
13490406,1306,cluster_1306,1.0,beef strip loin vein steak 6oz
13490408,1306,cluster_1306,1.0,beef strip loin vein steak 8oz
13490416,1306,cluster_1306,1.0,beef strip loin vein steak choice 16oz
190178,737,cluster_737,1.0,"beef strip sirloin fajita, raw, ch"
140001,-1,unclustered,0.0,"beef strip steak, ny, ungraded"
140981,-1,unclustered,0.0,"beef striploin, grass fed, pure angus"
194102,-1,unclustered,0.0,"beef stroganoff, ch, 10#pkg"
180003,1143,cluster_1143,1.0,beef suet
1378,778,cluster_778,0.7898658116909397,beef suet gop 30#
81378,778,cluster_778,0.8160236805378465,beef suet gop 30# halal
180017,1143,cluster_1143,1.0,beef suet ground
184002,-1,unclustered,0.0,"beef suey, ch"
42801,336,cluster_336,1.0,beef sweetbread 8/3#
42801,336,cluster_336,0.921235984431684,beef sweetbread 8/3#
19955050,336,cluster_336,1.0,beef sweetbreads
19511000,-1,unclustered,0.0,beef swiss/cube steak-spec size
40610,-1,unclustered,0.0,beef t-bone 12oz steak moesle 12#
13300410,1309,cluster_1309,0.6539234978069006,beef t-bone steak choice 10oz
19019000,-1,unclustered,0.0,beef taco meat sirlion
140010,-1,unclustered,0.0,"beef tender tips 1.25-1.5"" cubes"
144059,-1,unclustered,0.0,"beef tender, top shelf, 190a, ch"
13000940,1253,cluster_1253,1.0,beef tenderloin # 2 choice
95240,1299,cluster_1299,0.6725813144690022,beef tenderloin 4oz choice
13000950,-1,unclustered,0.0,beef tenderloin 5 up /down
13101206,-1,unclustered,0.0,beef tenderloin 5/dwn cut 6oz s/all
13000409,-1,unclustered,0.0,beef tenderloin barrell only choice
13000609,-1,unclustered,0.0,beef tenderloin barrell only prime
SP1851,1253,cluster_1253,1.0,beef tenderloin choice*
13000201,-1,unclustered,0.0,beef tenderloin commercial side muscle
140343,-1,unclustered,0.0,"beef tenderloin drop filet, 4oz, choice"
13101110,-1,unclustered,0.0,beef tenderloin filet 10oz no roll
13101204,1305,cluster_1305,1.0,beef tenderloin filet 4oz
13101105,1304,cluster_1304,0.8156906135276345,beef tenderloin filet 5oz
13101106,-1,unclustered,0.0,beef tenderloin filet 6oz-n-r
13101208,1305,cluster_1305,1.0,beef tenderloin filet 8oz
13101108,1305,cluster_1305,1.0,beef tenderloin filet 8oz -n/r
13102408,-1,unclustered,0.0,beef tenderloin filet 8oz banquet cut
13101510,1298,cluster_1298,0.9342242013887272,beef tenderloin filet angus choice 10oz
13101511,1298,cluster_1298,0.9348068202634812,beef tenderloin filet angus choice 11oz
13101512,1298,cluster_1298,0.9342242013887272,beef tenderloin filet angus choice 12oz
13101504,1298,cluster_1298,0.9950537141616442,beef tenderloin filet angus choice 4oz
13101505,1298,cluster_1298,0.9950537141616442,beef tenderloin filet angus choice 5oz
13101506,1298,cluster_1298,1.0,beef tenderloin filet angus choice 6oz
13101507,1298,cluster_1298,1.0,beef tenderloin filet angus choice 7oz
13101508,1298,cluster_1298,1.0,beef tenderloin filet angus choice 8oz
13101509,1298,cluster_1298,0.9742570585293536,beef tenderloin filet angus choice 9oz
13111422,-1,unclustered,0.0,beef tenderloin filet bone in 12oz
13101410,1304,cluster_1304,0.8890163851072482,beef tenderloin filet choice 10oz
13101411,1304,cluster_1304,0.9187367604317365,beef tenderloin filet choice 11oz
13101412,1304,cluster_1304,0.97163042624705,beef tenderloin filet choice 12oz
13111514,1304,cluster_1304,0.9987456620242047,beef tenderloin filet choice 14oz
13101416,1304,cluster_1304,0.9987456620242047,beef tenderloin filet choice 16oz
13101403,1304,cluster_1304,0.8882470521853894,beef tenderloin filet choice 3oz
13105404,1304,cluster_1304,1.0,beef tenderloin filet choice 4oz
13101405,1304,cluster_1304,0.9045591124310249,beef tenderloin filet choice 5oz
13101406,1304,cluster_1304,1.0,beef tenderloin filet choice 6oz
13101407,1304,cluster_1304,1.0,beef tenderloin filet choice 7oz
13111607,1298,cluster_1298,0.7470101165517238,beef tenderloin filet choice 7oz angus
13101408,1304,cluster_1304,1.0,beef tenderloin filet choice 8oz
13101409,1304,cluster_1304,0.9084315708934192,beef tenderloin filet choice 9oz
13111420,-1,unclustered,0.0,"beef tenderloin filet choice cut 2"""
13101705,-1,unclustered,0.0,beef tenderloin filet halal choice 5oz
13101708,-1,unclustered,0.0,beef tenderloin filet halal choice 8oz
13101308,1305,cluster_1305,1.0,beef tenderloin filet n/r 8oz
13104208,-1,unclustered,0.0,beef tenderloin filet nr 8oz silver on
13101610,1300,cluster_1300,0.8465399873060909,beef tenderloin filet prime 10oz
13101611,1300,cluster_1300,0.8402448854796525,beef tenderloin filet prime 11oz
13101612,1300,cluster_1300,0.866754669366395,beef tenderloin filet prime 12oz
13101114,1300,cluster_1300,0.8056164274064135,beef tenderloin filet prime 14oz cc
13101604,1300,cluster_1300,0.9691989802149195,beef tenderloin filet prime 4oz
13101605,1300,cluster_1300,0.9691989802149195,beef tenderloin filet prime 5oz
13105606,1300,cluster_1300,1.0,beef tenderloin filet prime 6oz
13101607,1300,cluster_1300,1.0,beef tenderloin filet prime 7oz
13101608,1300,cluster_1300,1.0,beef tenderloin filet prime 8oz
13101100,1300,cluster_1300,0.9073022967681178,beef tenderloin filet prime 9oz
142080,1298,cluster_1298,0.69831056314078,"beef tenderloin filet, angus, ch, 8oz"
140100,-1,unclustered,0.0,"beef tenderloin filet, cc, 10oz"
141081,1300,cluster_1300,0.9272442480037425,"beef tenderloin filet, cc, prime, 10oz"
141086,1300,cluster_1300,0.9314532463620427,"beef tenderloin filet, cc, prime, 6oz"
141080,1300,cluster_1300,0.9272442480037425,"beef tenderloin filet, cc, prime, 8oz"
13000840,1253,cluster_1253,1.0,beef tenderloin full choice
13000780,-1,unclustered,0.0,beef tenderloin halal
13001002,1209,cluster_1209,1.0,beef tenderloin medallions 2oz
13001003,1209,cluster_1209,1.0,beef tenderloin medallions 3oz
13001004,1209,cluster_1209,1.0,beef tenderloin medallions 4oz
13001005,1209,cluster_1209,1.0,beef tenderloin medallions 5oz
13001006,1209,cluster_1209,1.0,beef tenderloin medallions 5oz choice
13001402,1209,cluster_1209,1.0,beef tenderloin medallions choice 2oz
13001403,1209,cluster_1209,1.0,beef tenderloin medallions choice 3oz fr
13001404,1209,cluster_1209,1.0,beef tenderloin medallions choice 4oz
13001604,1209,cluster_1209,0.8418232316821905,beef tenderloin medallions prime 4-5 oz
13001304,1209,cluster_1209,0.9433082093596583,beef tenderloin medallions- 4 oz-fresh
13001405,1209,cluster_1209,0.9475208838107565,beef tenderloin medallions-5 oz-choice
4084,-1,unclustered,0.0,beef tenderloin pleeled -barroll
13000499,1194,cluster_1194,1.0,beef tenderloin psmo #2
40000,-1,unclustered,0.0,beef tenderloin psmo - palo duro
40010,1194,cluster_1194,0.970449620672385,beef tenderloin psmo 5up choice
40070,1194,cluster_1194,1.0,beef tenderloin psmo 5up ii
40011,1194,cluster_1194,1.0,beef tenderloin psmo 5up prime
40012,1194,cluster_1194,0.970449620672385,beef tenderloin psmo 5up select
13000001,1194,cluster_1194,0.7868348891895907,beef tenderloin psmo 6/up aaa
13000415,1194,cluster_1194,0.8494344387287865,beef tenderloin psmo choice 5 down
13000905,1194,cluster_1194,1.0,beef tenderloin psmo choice 5 up
13000405,1194,cluster_1194,0.7805132962067345,beef tenderloin psmo light 5 down
13000410,1194,cluster_1194,1.0,beef tenderloin psmo n.r
13000606,1194,cluster_1194,1.0,beef tenderloin psmo prime
13000600,1194,cluster_1194,1.0,beef tenderloin psmo prime 7/up
13000411,1194,cluster_1194,0.8631048031564496,beef tenderloin psmo ss & sm off
13191000,-1,unclustered,0.0,beef tenderloin strap cleaned
13105704,-1,unclustered,0.0,beef tenderloin tail
13190000,-1,unclustered,0.0,beef tenderloin tip cubes
140015,-1,unclustered,0.0,"beef tenderloin tip, 2oz bias"
140002,-1,unclustered,0.0,beef tenderloin tips
13105714,-1,unclustered,0.0,beef tenderloin tips 1-4oz
207900015,-1,unclustered,0.0,beef tenderloin tips thomas
140099,-1,unclustered,0.0,"beef tenderloin tips, retail, o.prairie"
14300800,615,cluster_615,1.0,beef tenderloin wagyu
3691,-1,unclustered,0.0,"beef tenderloin, 6oz filletts"
142060,1298,cluster_1298,0.6347924041087257,"beef tenderloin, angus, cc, ch, 6oz"
142120,-1,unclustered,0.0,"beef tenderloin, angus, ch, cc, 12oz"
140091,-1,unclustered,0.0,"beef tenderloin, butterfly comm, 27/6oz"
140023,1272,cluster_1272,0.5098382316004919,"beef tenderloin, diamond cut, 2oz"
140050,1272,cluster_1272,0.9207769941393475,"beef tenderloin, diamond cut, cc 5oz"
140120,1272,cluster_1272,0.8868671228041772,"beef tenderloin, diamond cut, cc, 12oz"
140140,1272,cluster_1272,0.8402781028820551,"beef tenderloin, diamond cut, cc, 14oz"
140160,1272,cluster_1272,0.8534198677855936,"beef tenderloin, diamond cut, cc, 16oz"
140040,1272,cluster_1272,1.0,"beef tenderloin, diamond cut, cc, 4oz"
140060,1272,cluster_1272,1.0,"beef tenderloin, diamond cut, cc, 6oz"
140070,1272,cluster_1272,1.0,"beef tenderloin, diamond cut, cc, 7oz"
140080,1272,cluster_1272,0.9940681195546779,"beef tenderloin, diamond cut, cc, 8oz"
140090,1272,cluster_1272,1.0,"beef tenderloin, diamond cut, cc, 9oz"
142000,-1,unclustered,0.0,"beef tenderloin, full trim, angus"
144005,-1,unclustered,0.0,"beef tenderloin, full trim, choice"
140004,-1,unclustered,0.0,"beef tenderloin, full trim, diamond cut"
141005,-1,unclustered,0.0,"beef tenderloin, full trim, prime"
140801,-1,unclustered,0.0,"beef tenderloin, grass fed, cc, 8oz"
140980,-1,unclustered,0.0,"beef tenderloin, grass fed, pure angus"
148000,615,cluster_615,1.0,"beef tenderloin, imported wagyu"
140005,-1,unclustered,0.0,"beef tenderloin, nr, full trim, tornado"
142050,-1,unclustered,0.0,"beef tenderloin, peeled, angus, ch, 5up"
140033,-1,unclustered,0.0,"beef tenderloin, processed, ss 3-4#"
140047,-1,unclustered,0.0,"beef tenderloin, processed, ss, 4up"
140021,1194,cluster_1194,1.0,"beef tenderloin, psmo, #2, ch"
141050,1194,cluster_1194,1.0,"beef tenderloin, psmo, 5up, prime"
144051,1194,cluster_1194,1.0,"beef tenderloin, psmo, ch, 5up"
144053,1194,cluster_1194,1.0,"beef tenderloin, psmo, ch, 5up, cs lo"
144054,1194,cluster_1194,1.0,"beef tenderloin, psmo, ch, 5up, pc"
140054,-1,unclustered,0.0,"beef tenderloin, psmo, diamond cut, 5up"
140019,-1,unclustered,0.0,"beef tenderloin, retail, o.prairie"
140017,-1,unclustered,0.0,"beef tenderloin, silver skin diamond cut"
140340,-1,unclustered,0.0,"beef tenderloin, ss, 3-4#"
140341,-1,unclustered,0.0,"beef tenderloin, ss, 3-4# case lo"
140149,-1,unclustered,0.0,"beef tenderloin, ss, 4up"
140150,-1,unclustered,0.0,"beef tenderloin, ss, 4up, case lo"
140049,-1,unclustered,0.0,"beef tenderloin, ss, 4up, cs lot"
141006,-1,unclustered,0.0,"beef tenderloin, ss, prime"
140003,-1,unclustered,0.0,"beef tenderloin, tornado"
140046,-1,unclustered,0.0,"beef tenderloin, trimmed, ss, 4up"
3614,-1,unclustered,0.0,"beef tenderloin,12oz filletts bone in"
13000407,-1,unclustered,0.0,beef tenderloins choice 5 up
140052,-1,unclustered,0.0,"beef tenderloins, ss, 5up"
140030,1272,cluster_1272,0.46723123871690164,"beef tenderloint, diamond cut, 3oz"
42760,445,cluster_445,1.0,beef tendon flexor (hind) *swift*
180005,445,cluster_445,1.0,beef tendons
19350001,-1,unclustered,0.0,beef tendons frozen
10259980,445,cluster_445,0.960845098323091,"beef tendons, st. helens"
46420,-1,unclustered,0.0,beef teres major *ibp* frozen
46450,-1,unclustered,0.0,beef teres major choice
46450,-1,unclustered,0.0,beef teres major choice
128008,-1,unclustered,0.0,"beef teres major, imported wagyu, mbs #5"
140011,-1,unclustered,0.0,"beef tips w/gravy, dans prize"
163002,-1,unclustered,0.0,"beef tomahawk chop, ch"
163003,-1,unclustered,0.0,"beef tomahawk chop, prime"
19610000,-1,unclustered,0.0,beef tongue 1#- white
19623000,-1,unclustered,0.0,beef tongue black small aurora
43201,-1,unclustered,0.0,beef tongue tips
19630010,-1,unclustered,0.0,beef tongue tips excel
180340,-1,unclustered,0.0,"beef tongue, fresh, 3/4# ave"
43200,-1,unclustered,0.0,beef tongues
13630600,-1,unclustered,0.0,beef top butt hearts prime
13620403,1209,cluster_1209,0.5230795648658189,beef top butt medallions choice 3oz
54184,-1,unclustered,0.0,beef top butt xt pr gop
13630400,1191,cluster_1191,1.0,beef top sirloin butt choice
13600513,-1,unclustered,0.0,beef top sirloin butt choice (ui)
13600713,1191,cluster_1191,1.0,beef top sirloin butt choice 13 up
13699222,-1,unclustered,0.0,beef top sirloin butt cleaned + trimmed
13600214,-1,unclustered,0.0,beef top sirloin butt n/r 14 up evp
13600613,-1,unclustered,0.0,beef top sirloin butt prime 13 up
13630200,1191,cluster_1191,1.0,beef top sirloin butt select
13631401,-1,unclustered,0.0,"beef top sirloin butt steak 1"" thick"
13631406,-1,unclustered,0.0,"beef top sirloin butt steak 1/2"" thick"
13610410,1285,cluster_1285,0.8652349936033242,beef top sirloin butt steak choice 10oz
13620511,1285,cluster_1285,0.971523951626671,beef top sirloin butt steak choice 11oz
13620412,1285,cluster_1285,0.8749085105865286,beef top sirloin butt steak choice 12oz
13610496,1285,cluster_1285,0.7972703440548402,beef top sirloin butt steak choice 22oz
13610404,1285,cluster_1285,0.943694989262787,beef top sirloin butt steak choice 4oz
13610405,1285,cluster_1285,0.943694989262787,beef top sirloin butt steak choice 5oz
13640406,1285,cluster_1285,0.9903608654645896,beef top sirloin butt steak choice 6oz
13610407,1285,cluster_1285,1.0,beef top sirloin butt steak choice 7oz
13620608,1285,cluster_1285,1.0,beef top sirloin butt steak choice 8oz
13610409,1285,cluster_1285,1.0,beef top sirloin butt steak choice 9oz
13610610,1286,cluster_1286,0.8081241533827858,beef top sirloin butt steak prime 10oz
13610612,1286,cluster_1286,0.818622620549766,beef top sirloin butt steak prime 12oz
13620616,1286,cluster_1286,0.818622620549766,beef top sirloin butt steak prime 16oz
13610605,1286,cluster_1286,0.9062761032689056,beef top sirloin butt steak prime 5oz
13610606,1286,cluster_1286,0.9839830587208075,beef top sirloin butt steak prime 6oz
13610607,1286,cluster_1286,1.0,beef top sirloin butt steak prime 7oz
13610608,1286,cluster_1286,1.0,beef top sirloin butt steak prime 8oz
13610609,1286,cluster_1286,1.0,beef top sirloin butt steak prime 9oz
13620308,1285,cluster_1285,0.6661609361116343,beef top sirloin butt steak select 8oz
13600410,1191,cluster_1191,0.8818524022166125,beef top sirloin butt xt choice
44210,-1,unclustered,0.0,beef top sirloin butts angus
44201,-1,unclustered,0.0,beef top sirloin butts cab -frozen-
13641607,-1,unclustered,0.0,beef top sirloin coullotte prime 7oz
13651401,-1,unclustered,0.0,beef top sirloin coulotte
13640410,-1,unclustered,0.0,beef top sirloin coulotte choice
13641510,1288,cluster_1288,0.7895005452258882,beef top sirloin coulotte choice 10oz
13641511,1288,cluster_1288,0.821927709726099,beef top sirloin coulotte choice 11oz
13541511,1288,cluster_1288,0.821927709726099,beef top sirloin coulotte choice 12oz
13641503,1288,cluster_1288,0.7696574542045894,beef top sirloin coulotte choice 3oz
13641506,1288,cluster_1288,0.7474324602520008,beef top sirloin coulotte choice 5/6oz
13641507,1288,cluster_1288,1.0,beef top sirloin coulotte choice 7oz
13641508,1288,cluster_1288,1.0,beef top sirloin coulotte choice 8oz
13641509,1288,cluster_1288,1.0,beef top sirloin coulotte choice 9oz
13640600,-1,unclustered,0.0,beef top sirloin coulotte prime
13641610,1287,cluster_1287,1.0,beef top sirloin coulotte prime 10oz
13641606,1287,cluster_1287,1.0,beef top sirloin coulotte prime 6oz
13641609,1287,cluster_1287,1.0,beef top sirloin coulotte prime 9oz
141001,-1,unclustered,0.0,"beef top sirloin filet, prime"
13621496,-1,unclustered,0.0,beef top sirloin steak choice 6oz
148001,615,cluster_615,0.990192029349943,"beef top sirloin, imported wagyu"
13710400,486,cluster_486,1.0,beef tri tips (peeled) choice
13700410,1219,cluster_1219,0.6986137384804536,beef tri tips steak choice 10oz
190019,-1,unclustered,0.0,"beef trim 85%, organic prairie"
19955000,1068,cluster_1068,0.366155632722979,beef trimmings 100% grass fed
19990040,1068,cluster_1068,0.44534295608015295,beef trimmings 50% -
19990050,1068,cluster_1068,0.4165202834032237,beef trimmings 50% lean-navel
SP125,1068,cluster_1068,0.3904201921097554,beef trimmings 50/50
19990000,1068,cluster_1068,0.4673836018055543,beef trimmings 70%
19990080,1068,cluster_1068,1.0,beef trimmings 80% lean
19990086,1068,cluster_1068,1.0,beef trimmings 85% lean
19990085,1068,cluster_1068,1.0,beef trimmings 90% lean
19990090,1068,cluster_1068,0.37233060727198997,beef trimmings 95% untested
180011,-1,unclustered,0.0,beef tripas
44001,-1,unclustered,0.0,beef tripas jbs
45002,-1,unclustered,0.0,"beef tripe 1.5"" cubed 20#"
19960000,-1,unclustered,0.0,beef tripe circle t frozen cargill
19910000,-1,unclustered,0.0,beef tripe ckd evp 15# cs
19960114,833,cluster_833,1.0,"beef tripe cut 1 1/4"" x 1 1/4"""
19960012,833,cluster_833,1.0,"beef tripe cut 1/2x1/2"""
19960011,833,cluster_833,1.0,"beef tripe cut 1x1"""
180002,453,cluster_453,0.8519802441379639,beef tripe honesycomb
180002,453,cluster_453,1.0,beef tripe honesycomb
44800,453,cluster_453,1.0,beef tripe honeycomb 10#
44801,453,cluster_453,1.0,beef tripe honeycomb 20#
19911000,464,cluster_464,0.8239980460368148,beef tripe scald fz
19940000,464,cluster_464,0.8673687239915406,beef tripe scalded
19950000,-1,unclustered,0.0,beef tripe scalded bleach/333
19960115,-1,unclustered,0.0,beef tripe yellow 1.5 lb. pac
180199,-1,unclustered,0.0,"beef tripe, ommasum"
43401,-1,unclustered,0.0,beef tripe-bible (omasum)- aa 22#
43402,-1,unclustered,0.0,beef tripe-bible (omasum)- aa 30#
SP124,694,cluster_694,1.0,beef two way chuck n/r
13490410,-1,unclustered,0.0,beef vein steaks choice 10oz
13490412,1306,cluster_1306,0.9501438379672302,beef vein steaks choice 12oz
12000103,-1,unclustered,0.0,beef whole ribs tomahawkui choice
12500106,-1,unclustered,0.0,beef whole ribs tomahawkui prime
46701,867,cluster_867,1.0,beef xt clod ibp choice
46702,867,cluster_867,1.0,beef xt clod ibp select
40301,867,cluster_867,1.0,beef xt inside ibp choice
18218920,245,cluster_245,1.0,"beef,pork,veal,pancetta 2x grind"
18218900,245,cluster_245,0.9137276519560584,"beef,pork,veal,pancetta blend grind 1x"
18218902,245,cluster_245,1.0,"beef,pork,veal,pancetta fatback 2x"
18218910,245,cluster_245,1.0,"beef,pork,veal,pancetta grd 1/4"" 2x"
19011001,-1,unclustered,0.0,"beef/pork binici, meatball 1oz"
97415880,-1,unclustered,0.0,"beefpolish sauge , scott pete (12/20z)"
22107,-1,unclustered,0.0,beelers 9 rib loin rack frenched
22103,56,cluster_56,0.9526750231301712,beelers apple cranberry li`l bites
22106,56,cluster_56,1.0,beelers b/i butts skinless
22108,56,cluster_56,1.0,beelers belly & back fat skins
22105,-1,unclustered,0.0,beelers bnls sirloin
22101,-1,unclustered,0.0,beelers breakfast sausage 2/5#
22112,414,cluster_414,1.0,beelers british back bacon 12oz
22113,56,cluster_56,0.9526750231301712,beelers fresh #1 ends & pieces
22114,414,cluster_414,1.0,beelers garlic/pepper bacon 12oz
22100,-1,unclustered,0.0,beelers ground pork bulk
22110,-1,unclustered,0.0,beelers hickory smk 14/18 layout poly
22109,-1,unclustered,0.0,beelers natural dinner sliced ham
22102,-1,unclustered,0.0,beelers natural retail weiners
22174,-1,unclustered,0.0,beelers non gmo ground pork bulk
22111,414,cluster_414,1.0,beelers pepper bacon 12oz
22104,56,cluster_56,1.0,beelers whole loins (strap off)
97535850,-1,unclustered,0.0,"beer brats, swaggertys farms (8/19oz)"
20483,241,cluster_241,0.8924694620226988,"beer bratwurst link 7"" rpc076"
31022,-1,unclustered,0.0,beets
350351,-1,unclustered,0.0,bell & evan chicken tenderloins-4/#10
340440,-1,unclustered,0.0,bell & evans b/s chicken thighs-4/10#
43022010,-1,unclustered,0.0,"belli rib, morris"
43021190,1060,cluster_1060,1.0,"belli rib, skin on, combo pork"
43022080,1060,cluster_1060,0.8761965940556808,"belli rib, skin on, pork, dekalb"
43029990,1060,cluster_1060,1.0,"belli rib, skin on, pork, moesle"
43022430,1060,cluster_1060,0.8761965940556808,"belli rib, skin on, pork, peoria"
82085810,-1,unclustered,0.0,"belli salted cov, pork alex deli"
82081440,-1,unclustered,0.0,"belli salted, pork belmont #10570"
43251060,1060,cluster_1060,0.80374830212885,"belli skin on 12/14, pork, indiana"
43006020,175,cluster_175,1.0,belli skin on berkshire
43001190,1060,cluster_1060,0.8956800669100342,belli skin on combo pork
43001090,-1,unclustered,0.0,belli skin on danish crown (denmark)
43005700,1060,cluster_1060,0.8393246104314562,"belli skin on trimmed, ivp pork, patel"
43001010,1060,cluster_1060,0.8839635991770585,"belli skin on trimmed, pork, ibp"
43009990,1060,cluster_1060,1.0,"belli skin on trimmed, pork, moesle"
43004770,1060,cluster_1060,0.8674862277302413,"belli skin on trimmed, pork, orviande"
43005650,1060,cluster_1060,0.7764629024177157,"belli skin on trimmed, pork, seara"
43005500,1060,cluster_1060,0.7874028284051544,"belli skin on trimmed, pork, skiba"
43002010,175,cluster_175,1.0,"belli skin on, morris"
43002010,175,cluster_175,1.0,"belli skin on, morris"
43004160,175,cluster_175,1.0,"belli skin on, peoria"
43004820,-1,unclustered,0.0,"belli skin on, pork, animex"
43004510,1060,cluster_1060,0.7336117364626368,"belli skin on, pork, aurora"
43005490,1060,cluster_1060,0.8509817586216892,"belli skin on, pork, costa brava"
43005170,1060,cluster_1060,0.9414532807886672,"belli skin on, pork, goodvalley"
43005200,1060,cluster_1060,0.9473894550112096,"belli skin on, pork, westfort"
43019990,1061,cluster_1061,1.0,"belli skinless trimmed, pork, moesle"
43011190,1061,cluster_1061,1.0,"belli skinless, combo pork"
43011640,1061,cluster_1061,1.0,"belli skinless, pork"
43011010,1061,cluster_1061,0.7594657752375058,"belli skinless, pork ibp"
43014650,-1,unclustered,0.0,"belli skinless, pork seara"
84421,128,cluster_128,0.4041562667975956,bells & flower - medium rice stick
50141022,-1,unclustered,0.0,berry black 12/6oz
50141020,316,cluster_316,0.9012367804426301,berry blue 12/6oz
971121599,-1,unclustered,0.0,best`s 5-7pc smoked beef slab bacon
971121599,-1,unclustered,0.0,best`s 5-7pc smoked beef slab bacon
10439,-1,unclustered,0.0,bf blood-z 4/1 gal
10424IB,255,cluster_255,1.0,bf bones knuckle mix fmc 40#-z
1042400,255,cluster_255,1.0,bf bones knuckle mix fmc-10#-z
1042488,255,cluster_255,1.0,bf bones knuckle mix pva 50#-z
10429920,341,cluster_341,1.0,bf bones pipe cc 02-in-10#-z
10429921,341,cluster_341,1.0,bf bones pipe cc 03-in-10#-z
10429923,341,cluster_341,1.0,bf bones pipe cc 05-in-10#-z
10429917,341,cluster_341,1.0,bf bones pipe cc 07-in 40#-z
10429925,341,cluster_341,1.0,bf bones pipe cc 07-in-10#-z
1043003,341,cluster_341,1.0,bf bones pipe cc 4st 50#-z
10430002,341,cluster_341,1.0,bf bones pipe cc blm 50#-z
10430004,341,cluster_341,1.0,bf bones pipe cc clr 30#-z
10430001,341,cluster_341,0.9593612554820076,bf bones pipe cc crk46985 60#-z
10429999,341,cluster_341,1.0,bf bones pipe cc evp 50#-z
10430007,341,cluster_341,1.0,bf bones pipe cc exc 40#-z
1044020,341,cluster_341,0.6663780481703081,bf bones pipe cc me suk-z
10430003,341,cluster_341,1.0,bf bones pipe cc nic 60#-z
10430005,341,cluster_341,1.0,bf bones pipe cc stx 60#-z
10430006,341,cluster_341,1.0,bf bones pipe cc swi 60#-z
10429980,341,cluster_341,1.0,bf bones pipe-ccsplit 03-in-10#-z
10429981,341,cluster_341,1.0,bf bones pipe-ccsplit 04-in-10#-z
10429971,341,cluster_341,1.0,bf bones pipe-ccsplit 04-in-40#-z
10429975,341,cluster_341,1.0,bf bones pipe-ccsplit 05-in-10#-z
10429983,341,cluster_341,1.0,bf bones pipe-ccsplit 06-in-10#-z
10429974,341,cluster_341,1.0,bf bones pipe-ccsplit 07-in 40#-z
10429984,341,cluster_341,1.0,bf bones pipe-ccsplit 07-in-10#-z
1042980,340,cluster_340,0.5398758522615572,bf bones whl femur split 40#-z
1042979,340,cluster_340,0.5406424041867542,bf bones whl femur-z comb
1042978,340,cluster_340,0.5675400297456109,bf bones whl femur-z**
41770,-1,unclustered,0.0,beef brisket }fc beef{ mex frozen
1010884,1132,cluster_1132,0.4932973156758317,bf brisket bnl ang omc
1004118C,1132,cluster_1132,0.5617899674467793,bf brisket bnl cab fm cts
101082,1132,cluster_1132,0.7636588307213632,bf brisket bnl cab oma
1004A2IB,1132,cluster_1132,0.5251242640268423,bf brisket bnl ch ibp d7107ah
10108,1132,cluster_1132,1.0,bf brisket bnl ch oma
101012,1132,cluster_1132,1.0,bf brisket bnl ch oma-hal
1004A2I1,1132,cluster_1132,0.861315189284185,bf brisket bnl ch str
1010832,1132,cluster_1132,0.9530078068877225,bf brisket bnl ch wre
10040234,1132,cluster_1132,0.9530078068877225,bf brisket bnl ch-aaa sth
10040259,1132,cluster_1132,1.0,bf brisket bnl nr oma
1010880,1132,cluster_1132,0.8311923217080642,bf brisket bnl oma-hrf
10108A,1132,cluster_1132,0.9165453290300123,bf brisket bnl pr oma
1010810,1132,cluster_1132,0.9165453290300123,bf brisket bnl pr oma-hal
10040256,1132,cluster_1132,0.6027326351421041,bf brisket bnl se oma
1003840,1132,cluster_1132,0.8911804856994204,bf brisket bnl-z ch grf
10040234,1132,cluster_1132,0.9530078068877225,bf brisket bnl ch-aaa sth
10660931,1132,cluster_1132,0.6408178243010082,bf brisket bnl-z ch-gf wgf 9#
10040256,1132,cluster_1132,0.5712933922176787,bf brisket bnl se oma
1004118F,984,cluster_984,0.6220248573797584,bf brisket flats/nose off ** fmc
10060168,984,cluster_984,0.7845426234455725,bf brisket flats/nose off cab oma
1006A1XX,984,cluster_984,1.0,bf brisket flats/nose off ch *__
10060157,984,cluster_984,0.8876473786220727,bf brisket flats/nose off ch blm
1004A3IB,984,cluster_984,1.0,bf brisket flats/nose off ch neb
10060155,984,cluster_984,0.9700490847217476,bf brisket flats/nose off ch oma
10060160,984,cluster_984,1.0,bf brisket flats/nose off ch oma-h
10060156,984,cluster_984,0.6455752950019653,bf brisket flats/nose off gohrf
10060158,984,cluster_984,0.7911810589412215,bf brisket flats/nose off pr oma
10028A,784,cluster_784,0.8399359614834295,bf cheek meat aur 60#
10027T1,784,cluster_784,0.8875766937561776,bf cheek meat-z ame 30#
10027TL,784,cluster_784,1.0,bf cheek meat-z ame 60#
10028A,784,cluster_784,1.0,bf cheek meat aur 60#
10027CT,784,cluster_784,0.8217164028717641,bf cheek meat-z car-tay 60#
1002A1E,784,cluster_784,0.7546956643917033,bf cheek meat-z evp 15#
1002710,784,cluster_784,0.9303041258802405,bf cheek meat-z iap 60#
10028GO,784,cluster_784,1.0,bf cheek meat-z oma 60#
10028G1,784,cluster_784,0.9551841955191256,bf cheek meat-z oma 60#-h
10029SW,784,cluster_784,0.7494060303586015,bf cheek meat-z wgf
10019891,764,cluster_764,0.5874040852528003,bf chuck bi arm/sec ch *__
10019887,764,cluster_764,0.78788979113588,bf chuck bi arm/sec ch aur
10086000,764,cluster_764,1.0,bf chuck bi blad/sec-n/o ch *__
10087S,764,cluster_764,1.0,bf chuck bi blad/sec-n/o ch aur
10089S,-1,unclustered,0.0,bf chuck bi blad/sec-n/o me suk 50#
10087S,764,cluster_764,1.0,bf chuck bi blad/sec-n/o ch aur
100892,764,cluster_764,0.8247000650191052,bf chuck bi blad/sec-n/o-z me suk
10388108,748,cluster_748,0.890824425517844,bf chuck flap ang omc
10388111,748,cluster_748,0.9823343882020453,bf chuck flap ang omc-h
10388100,748,cluster_748,0.872939205294832,bf chuck flap cab oma
1038865N,748,cluster_748,1.0,bf chuck flap ch nat
10388NXL,748,cluster_748,1.0,bf chuck flap ch oma
10388656,748,cluster_748,0.8193438336926215,bf chuck flap ch-aaa exc
10388654,748,cluster_748,0.9997387274167975,bf chuck flap ch-aaa har
10388NX3,748,cluster_748,1.0,bf chuck flap hrf-cls
10388NX5,748,cluster_748,0.9997387274167975,bf chuck flap hrf-cls-h
10380183,748,cluster_748,1.0,bf chuck flap nr oma
10388NX1,748,cluster_748,1.0,bf chuck flap oma-hrf
10388103,748,cluster_748,0.9446650809542743,bf chuck flap pr oma 12/3#
1038870,748,cluster_748,1.0,bf chuck flap se nat
10388106,748,cluster_748,0.8889388692182963,bf chuck flap se oma
10388048,-1,unclustered,0.0,bf chuck flap->ch 00-oz 10#-vp
1038865N,748,cluster_748,1.0,bf chuck flap ch nat
10380188,748,cluster_748,1.0,bf chuck flap-z nr uib
10388103,748,cluster_748,0.8412527874476621,bf chuck flap pr oma 12/3#
1038870,748,cluster_748,1.0,bf chuck flap se nat
10878769,-1,unclustered,0.0,bf chuck roll n/off ca aur #61620
10871162,752,cluster_752,0.8073051234877104,bf chuck roll n/off ca iap
10871162,752,cluster_752,0.8952343406061951,bf chuck roll n/off ca iap
10871004,752,cluster_752,0.8080147335470672,bf chuck roll n/off ca ibp str
1087A1CS,752,cluster_752,0.6896250968017962,bf chuck roll n/off cab ibp
1087876,752,cluster_752,0.6896250968017962,bf chuck roll n/off cab oma
1087HCAN,-1,unclustered,0.0,bf chuck roll n/off can-her
1087AAIC,752,cluster_752,0.6716081995051527,bf chuck roll n/off ch aur #21620
10877660,752,cluster_752,1.0,bf chuck roll n/off ch crk-ct
1087765A,752,cluster_752,0.9065351751320303,bf chuck roll n/off ch crk-mc
1087A2EX,752,cluster_752,0.6886034766732338,bf chuck roll n/off ch exc
1003830,752,cluster_752,0.8915477192431596,bf chuck roll n/off ch grf
1087AAIB,752,cluster_752,0.6716081995051527,bf chuck roll n/off ch ibp d1307ah
1087A2NA,752,cluster_752,0.7955374526390855,bf chuck roll n/off ch nat
1087A2GB,752,cluster_752,0.8915477192431596,bf chuck roll n/off ch oma
1087A210,752,cluster_752,0.8165909762452701,bf chuck roll n/off ch oma-hal
10871274,752,cluster_752,0.9365904949940914,bf chuck roll n/off nr amh
1087456,752,cluster_752,0.7428982991077513,bf chuck roll n/off nr dmk
1087NPL,752,cluster_752,0.9141537126993686,bf chuck roll n/off nr ibp
108774,752,cluster_752,0.7779243511323192,bf chuck roll n/off nr nat
1087108,752,cluster_752,0.8898437375109357,bf chuck roll n/off oma-hrf
1087A5AR,752,cluster_752,0.7187306672649244,bf chuck roll n/off pr *__
1087A2CS,752,cluster_752,0.7187306672649244,bf chuck roll n/off pr crk-mc
10879898,752,cluster_752,0.8898437375109357,bf chuck roll n/off pr oma
1087A116,752,cluster_752,0.8571969117984849,bf chuck roll n/off-ca cad aaa
1087A114,752,cluster_752,0.886223395296541,bf chuck roll n/off-ca har aaa
1087A118,752,cluster_752,0.7141291478585653,bf chuck roll n/off-ca jbs aaa
10872014,752,cluster_752,0.9365904949940914,bf chuck roll n/off-ca sth aaa
10802024,752,cluster_752,0.6883481693439913,bf chuck roll n/off-me pra
1087A5AM,752,cluster_752,0.7151104831976459,bf chuck roll n/off-me suk
10870577,-1,unclustered,0.0,bf chuck roll->1/8-in slc 3ct-vp
10870544,-1,unclustered,0.0,bf chuck roll->3/8-in apolis~*
10870531,-1,unclustered,0.0,bf chuck roll->3x3 sqc/jac 10#
10870532,752,cluster_752,0.6125968905568682,bf chuck roll->cts g/w
10870522,-1,unclustered,0.0,bf chuck roll->roast 2/5#
10877660,752,cluster_752,1.0,bf chuck roll n/off ch crk-ct
1087AAIB,752,cluster_752,0.9392766749790438,bf chuck roll n/off ch ibp d1307ah
10871274,752,cluster_752,1.0,bf chuck roll n/off nr amh
1087A1IC,752,cluster_752,0.9044446388366438,bf chuck roll-z n/off se ibp
1087A116,752,cluster_752,0.7322186681205933,bf chuck roll n/off-ca cad aaa
1087A5AM,752,cluster_752,0.7401862160032462,bf chuck roll n/off-me suk
1087A2CF,-1,unclustered,0.0,bf chuck roll-z roast ch-gf wgf 9#
10090873,747,cluster_747,0.53496846146976,bf chuck scotch tender cab oma-h
10090067,747,cluster_747,1.0,bf chuck scotch tender ch *__
10090072,747,cluster_747,1.0,bf chuck scotch tender ch ame
1009079,747,cluster_747,1.0,bf chuck scotch tender ch aur
100913,747,cluster_747,0.6677080640284899,bf chuck scotch tender ch blm
100904,747,cluster_747,0.5272148946422939,bf chuck scotch tender ch excel
100907,747,cluster_747,0.5728529909642525,bf chuck scotch tender ch ibp d1187ah
10090870,747,cluster_747,0.8855323543658655,bf chuck scotch tender ch oma
10090872,747,cluster_747,0.8855323543658655,bf chuck scotch tender ch oma-h
100915,747,cluster_747,0.7376632109957701,bf chuck scotch tender ch-str ibp
100101,747,cluster_747,0.6981059533766916,bf chuck scotch tender nr ame
100104,747,cluster_747,0.819658380801527,bf chuck scotch tender nr oma
1009010,747,cluster_747,0.6623999076122091,bf chuck scotch tender pr crk
10104,747,cluster_747,0.7440830098510561,bf chuck scotch tender sel oma
10090070,-1,unclustered,0.0,bf chuck scotch tender ute lpr
10090070,747,cluster_747,0.4591289185568594,bf chuck scotch tender ute lpr
10089858,771,cluster_771,0.8448344862836493,bf chuck shl clod ch oma
10089862,771,cluster_771,0.8448344862836493,bf chuck shl clod cls oma
1008A2G1,758,cluster_758,1.0,bf chuck shl clod xt ang omc
10088988,-1,unclustered,0.0,bf chuck shl clod xt cab oma
1086A2IB,771,cluster_771,0.9180406075118843,bf chuck shl clod xt ch ibp
10089894,-1,unclustered,0.0,bf chuck shl clod xt ch nat
1008A2GO,771,cluster_771,1.0,bf chuck shl clod xt ch oma
10078012,771,cluster_771,1.0,bf chuck shl clod xt ch-comb-oma
1008A210,771,cluster_771,1.0,bf chuck shl clod xt oma-hrf
10081223,771,cluster_771,1.0,bf chuck shl clod xt pr oma
10078010,771,cluster_771,0.9471826935336056,bf chuck shl clod xt pr-comb-oma
10081223,771,cluster_771,1.0,bf chuck shl clod xt pr oma
10089856,771,cluster_771,0.8515358735978579,bf chuck shl clod xt se oma
1008A2G1,758,cluster_758,1.0,bf chuck shl clod xt ang omc
1086A2IB,771,cluster_771,1.0,bf chuck shl clod xt ch ibp
1008A2GO,771,cluster_771,1.0,bf chuck shl clod xt ch oma
10078012,771,cluster_771,1.0,bf chuck shl clod xt ch-comb-oma
1008A210,771,cluster_771,1.0,bf chuck shl clod xt oma-hrf
10089856,771,cluster_771,0.945503666615507,bf chuck shl clod xt se oma
100761,758,cluster_758,1.0,bf chuck shl-clod tendr/tm ang oma
10074080,772,cluster_772,1.0,bf chuck shl-clod tendr/tm ch *__
100741,772,cluster_772,0.790301857840753,bf chuck shl-clod tendr/tm ch crk-m
100743,772,cluster_772,1.0,bf chuck shl-clod tendr/tm ch oma
1007410,772,cluster_772,0.8737205322654426,bf chuck shl-clod tendr/tm ch wsh
1007412,772,cluster_772,0.8535834241279643,bf chuck shl-clod tendr/tm pr oma
10074086,772,cluster_772,1.0,bf chuck shl-clod tendr/tm sel oma
10038189,771,cluster_771,0.9161492249094569,bf chuck shl-clod-hrt-z ch grf
10074944,450,cluster_450,1.0,bf clod top blade ch *__
10075024,450,cluster_450,1.0,bf clod top blade ch nat
10075015,450,cluster_450,1.0,bf clod top blade ch oma
1007545,463,cluster_463,0.556886818799179,bf clod top bld-flat iron ch blm
103672,-1,unclustered,0.0,bf diced sirl 1/4-3/8 in 4/2.5#-vp
10038176,-1,unclustered,0.0,bf diced stew meat-z gf grf-8/16-oz
10660951,-1,unclustered,0.0,bf diced stew meat-z gf wgf12/1#
10870510,187,cluster_187,1.0,bf diced stew/chuck 00-in 2/5#-vp
10870526,187,cluster_187,1.0,bf diced stew/chuck 01-in 5/1#-vp
10870538,187,cluster_187,1.0,bf diced stew/rnd-knu 00-in 2/5#-vp
10424G,-1,unclustered,0.0,bf fat ground-z 10#
10436660,-1,unclustered,0.0,bf fat kidney-z suet 30#
10436661,-1,unclustered,0.0,bf fat kidney-z suet blm
104361,-1,unclustered,0.0,bf fat suet halal 60# bea-z
10436R,-1,unclustered,0.0,bf fat tallow col 50#
1047NRVZ,355,cluster_355,1.0,bf feet-z whl *__ 25#
104710,355,cluster_355,0.9429049767380648,bf feet-z whl ame 50#
1047AU,355,cluster_355,0.8721422316683966,bf feet-z whl aur 55#
10467602,355,cluster_355,0.7879836292172647,bf feet-z whl fpl 60#
10467899,355,cluster_355,0.7672744637090356,bf feet-z whl gus 70#
10467603,355,cluster_355,0.9100176283027598,bf feet-z whl ibb 25#
1046NRIB,355,cluster_355,0.9229697165150286,bf feet-z whl ibp 25#
10125950,355,cluster_355,0.7255839862420175,bf feet-z whl moe
10470012,355,cluster_355,0.9828410458247202,bf feet-z whl nat 30#
1046NRIE,355,cluster_355,1.0,bf feet-z whl oma 24#
1046NRI1,355,cluster_355,0.8334612510577794,bf feet-z whl oma-hal 24#
1046NRI2,355,cluster_355,1.0,bf feet-z whl swi 25#
10129980,355,cluster_355,0.6207923975280605,bf feet-z-cut 30#
1046A310,355,cluster_355,0.5547912888036594,bf feet-z-sliced 1-in fmc-mex 30#
1046A4PL,355,cluster_355,0.5529707489841039,bf feet-z-sliced me 1-in suk 30#
41010,1102,cluster_1102,0.8400068098019166,bf flank steak *lp-afg*
41000,-1,unclustered,0.0,bf flank steak *palo duro* 425155
1039031,492,cluster_492,0.6896263637316687,bf flank stk ang oma
10390548,492,cluster_492,1.0,bf flank stk cab ibp
1039A2CM,492,cluster_492,1.0,bf flank stk ch *__
1039972,492,cluster_492,1.0,bf flank stk ch aur
10390547,492,cluster_492,1.0,bf flank stk ch blm
10390544,492,cluster_492,1.0,bf flank stk ch ibp
1039A010,492,cluster_492,1.0,bf flank stk ch nb
1039A0PK,492,cluster_492,1.0,bf flank stk ch oma
1039A0P1,492,cluster_492,0.9844843216258455,bf flank stk ch oma-hal
10422012,492,cluster_492,0.5498910605897676,bf flank stk ch->16-oz ivp
10390555,492,cluster_492,1.0,bf flank stk ch-str ibp
1039922,492,cluster_492,1.0,bf flank stk me cvr
10399894,492,cluster_492,1.0,bf flank stk me fcb
1039NRAM,492,cluster_492,1.0,bf flank stk pr oma
10390400,492,cluster_492,0.8976814536111438,bf flank stk se *__
1040A0PK,492,cluster_492,0.8309210254442572,bf flank stk ute lpr
1039A100,492,cluster_492,1.0,bf flank stk-oma-hrf
10399892,492,cluster_492,1.0,bf flank stk-z brz mf
103991,492,cluster_492,1.0,bf flank stk-z ch wgf
1039922,492,cluster_492,1.0,bf flank stk me cvr
10399894,492,cluster_492,1.0,bf flank stk me fcb
10399887,492,cluster_492,0.7804266488981169,bf flank stk-z me gus
10401237,492,cluster_492,1.0,bf flank stk-z nr clr
10390107,492,cluster_492,0.7501038015242667,bf flank stk-z nr palo 2/15#
10406600,492,cluster_492,0.7971950091516699,bf flank stk-z ute 4st 3/12#
1040A0PK,492,cluster_492,1.0,bf flank stk ute lpr
10426F,-1,unclustered,0.0,bf fries bull afg-06241 20#-z
1040948,724,cluster_724,0.8312733378233815,bf grnd 73 fine ibp 8/10#
1041928,703,cluster_703,0.6470980240586605,bf grnd 73 fine nat 8/10#
10500035,-1,unclustered,0.0,bf grnd 75 fine and 4/10#
10500043,727,cluster_727,0.9151563957683767,bf grnd 75 fine oma-h 6/10#
104170,-1,unclustered,0.0,bf grnd 80 fine excel 8/10#
1041615,724,cluster_724,0.8560709715711772,bf grnd 80 fine ibp 8/10#
10416G,724,cluster_724,0.5954334052557462,bf grnd 80 fine ibp 8/10# d0231bh
10416G,724,cluster_724,0.8935277268919448,bf grnd 80 fine ibp 8/10# d0231bh
104223,727,cluster_727,1.0,bf grnd 80 fine oma-hal 6/10#
10417202,727,cluster_727,1.0,bf grnd 80 fine oma-hal 8/10#
104164,-1,unclustered,0.0,bf grnd 81 fine ame 6/10#
104230,-1,unclustered,0.0,bf grnd 81 fine cab oma 6/10#
104226,727,cluster_727,1.0,bf grnd 81 fine oma 6/10#
104226,727,cluster_727,1.0,bf grnd 81 fine oma 6/10#
1040993,-1,unclustered,0.0,bf grnd chuck 80 fine cab ibp 80#
10416,701,cluster_701,1.0,bf grnd chuck 80 fine fmc 10# vp
1041613,701,cluster_701,0.7040091074013669,bf grnd chuck 80 fine fmc 10#bg
10486045,701,cluster_701,1.0,bf grnd chuck 80 fine fmc 3# vp
10486044,701,cluster_701,1.0,bf grnd chuck 80 fine fmc 5# vp
10416615,701,cluster_701,0.6414072113511691,bf grnd chuck 80 fine fmc 5#bg
10486CP,701,cluster_701,0.4634193906670528,bf grnd chuck 80-coarse fmc 5#
10486C,701,cluster_701,0.5240615902139256,bf grnd chuck 80-coarse fmc10#vp
10487C,701,cluster_701,0.4999728437267271,bf grnd chuck 80/20 fmc 2#
1048656,701,cluster_701,0.9353831457865476,bf grnd chuck 90 fine fmc 5#vp
104865,701,cluster_701,0.8849857468791272,bf grnd chuck 90 fine fmc10# vp
104866,701,cluster_701,0.7040091074013669,bf grnd chuck 90 fine fmc10#bg
10486501,701,cluster_701,0.47638065847848604,bf grnd chuck 90 fine fmc10/1#-ivp
10416107,697,cluster_697,1.0,bf grnd prime 80 fine fmc-2/5#vp
10416105,697,cluster_697,1.0,bf grnd prime 80 fine fmc-5#vp
10416108,697,cluster_697,1.0,bf grnd prime 80 fine fmc10# vp
10416104,697,cluster_697,0.6712737210834357,bf grnd prime 80 fine fmc10#bg
10416999,697,cluster_697,1.0,bf grnd prime 80 fine fmc10/1# vp
10416110,697,cluster_697,0.6218730497814304,bf grnd prime 80-coarse fmc-5#vp
1040958,-1,unclustered,0.0,bf grnd- chuck 75 coarse oma-hal
1040959,-1,unclustered,0.0,bf grnd- chuck 85 coarse oma-hal
10500034,725,cluster_725,1.0,bf grnd-z 73 fine exc 8/10#
10500032,724,cluster_724,0.9808242832422792,bf grnd-z 73 fine ibp 12/3#
1040948,724,cluster_724,1.0,bf grnd 73 fine ibp 8/10#
10500026,724,cluster_724,1.0,bf grnd-z 73 fine ibp 8/5#
1041928,703,cluster_703,1.0,bf grnd 73 fine nat 8/10#
10500044,726,cluster_726,1.0,bf grnd-z 73 fine neb 8/10#
104245,727,cluster_727,1.0,bf grnd-z 73 fine oma 6/10#
10500040,726,cluster_726,1.0,bf grnd-z 73 fine swi 8/10#
10500035,-1,unclustered,0.0,bf grnd 75 fine and 4/10#
10500001,725,cluster_725,1.0,bf grnd-z 75 fine exc 6/10#
10500043,727,cluster_727,1.0,bf grnd 75 fine oma-h 6/10#
104170,-1,unclustered,0.0,bf grnd 80 fine excel 8/10#
1041615,724,cluster_724,1.0,bf grnd 80 fine ibp 8/10#
1040920,724,cluster_724,0.8059321907908178,bf grnd-z 80 fine ibp 8/5# ctlmn
10500018,703,cluster_703,1.0,bf grnd-z 80 fine nat 12/5#
10500041,703,cluster_703,1.0,bf grnd-z 80 fine nat 8/10#
104223,727,cluster_727,1.0,bf grnd 80 fine oma-hal 6/10#
10500042,-1,unclustered,0.0,bf grnd-z 80 fine swi 8/10#
1042234,-1,unclustered,0.0,bf grnd-z 80 jr`s 4/10#
104165,726,cluster_726,1.0,bf grnd-z 81 fine ame 8/10#
104233,-1,unclustered,0.0,bf grnd-z 81 fine cab oma- 6/10#
10500038,725,cluster_725,1.0,bf grnd-z 81 fine exc 6/10#
104228,727,cluster_727,1.0,bf grnd-z 81 fine oma- 6/10#
10500039,725,cluster_725,0.9308044574796591,bf grnd-z 86 fine exc 6/10#
10418,727,cluster_727,0.9134284592018679,bf grnd-z 93 fine oma-hal 6/10#
1040995,701,cluster_701,0.4179929757664074,bf grnd-z chuck 73 fine ibp-heb 60#
1040988,701,cluster_701,0.4179929757664074,bf grnd-z chuck 80 fine cab ibp 60#
1040953,701,cluster_701,0.4103343834041463,bf grnd-z chuck nat 80 coarse ibp
10038115,708,cluster_708,1.0,bf grnd-z grf 85 fine 12/1#
10038308,708,cluster_708,1.0,bf grnd-z-grf 80 fine 12/1#
10038206,708,cluster_708,1.0,bf grnd-z-grf 92 fine 12/1#
10660939,708,cluster_708,0.9415178627042752,bf grnd-z-wgf 80 fine 12/1#
10660928,708,cluster_708,0.7646550759215368,bf grnd-z-wgf 90 fine 12/1#
97351900,-1,unclustered,0.0,bf ham/bf turkey(6/20 oz))lof
10181519,215,cluster_215,0.9883985775608644,bf hanging tender ch nat
10181602,215,cluster_215,1.0,bf hanging tender ch neb
10164575,215,cluster_215,1.0,bf hanging tender ch oma
10164583,215,cluster_215,0.7883874310650385,bf hanging tender hrf
10164677,215,cluster_215,1.0,bf hanging tender nr 4st
10164NRC,215,cluster_215,1.0,bf hanging tender nr ame
10164072,215,cluster_215,0.9338632094650252,bf hanging tender nr dmk
10161000,215,cluster_215,1.0,bf hanging tender nr-a hel
10164577,215,cluster_215,1.0,bf hanging tender pr oma
10164588,215,cluster_215,1.0,bf hanging tender sel oma
10388055,215,cluster_215,0.6736579387274277,bf hanging tender-z >ch 6oz
1016A213,215,cluster_215,1.0,bf hanging tender-z ch ibp
1066092F,215,cluster_215,0.9709624758532017,bf hanging tender-z ch wgf
10164677,215,cluster_215,1.0,bf hanging tender nr 4st
10164NRC,215,cluster_215,1.0,bf hanging tender nr ame
10164072,215,cluster_215,1.0,bf hanging tender nr dmk
10164952,215,cluster_215,1.0,bf hanging tender-z nr evp
10189894,215,cluster_215,0.9111131737867137,bf hanging tender-z nr exc #1
10165AIB,215,cluster_215,1.0,bf hanging tender-z nr ibp
10181523,215,cluster_215,1.0,bf hanging tender-z nr nat
10161000,215,cluster_215,1.0,bf hanging tender nr-a hel
13005A,785,cluster_785,1.0,bf head meat-z aur
130045,785,cluster_785,0.9987130838530309,bf head meat-z ibb
13004ASW,785,cluster_785,1.0,bf head meat-z iow
13004AL1,-1,unclustered,0.0,bf head meat-z ram
1014044,785,cluster_785,1.0,bf head meat-z wre
13005ASW,690,cluster_690,1.0,bf head whl w/ tongue-z ibb
13005432,690,cluster_690,1.0,bf head whl w/ tongue-z row
13005412,690,cluster_690,1.0,bf head whl w/ tongue-z uib 2pc
10437IB,733,cluster_733,0.8133093032072972,bf heart bnls-z aur 30#
1043711,733,cluster_733,0.9969684242459456,bf heart bnls-z aur 60#
10437773,-1,unclustered,0.0,bf heart bnls-z grass-fed-wgf 16#
10438001,733,cluster_733,0.7111910639214073,bf heart bnls-z ibp
10437100,733,cluster_733,1.0,bf heart bnls-z oma 60#
1043713,733,cluster_733,1.0,bf heart bnls-z swi 60#
1043712,733,cluster_733,1.0,bf heart bnls-z uib 60#
10192,-1,unclustered,0.0,bf intes/tripas lg-z afg split 30#
10190,-1,unclustered,0.0,bf intes/tripas lg-z oma 30#
10180A,802,cluster_802,1.0,bf intes/tripas sm-ckd-z elm 30#
101801,802,cluster_802,0.8278511889167952,bf intes/tripas sm-ckd-z unico 30#
10174699,802,cluster_802,0.799250528861507,bf intes/tripas sm-z ame 15#
10176,802,cluster_802,0.8905961182934272,bf intes/tripas sm-z aur 45#
1018303,802,cluster_802,0.8546889477721037,bf intes/tripas sm-z evp 20#
10176B,802,cluster_802,0.8044007265196732,bf intes/tripas sm-z nat-18433 30#
10177B,802,cluster_802,1.0,bf intes/tripas sm-z oma 30#
10177B1,802,cluster_802,1.0,bf intes/tripas sm-z oma-hal 30#
1017513,802,cluster_802,0.9160530288474916,bf intes/tripas sm-z swi 30# 82220
10431K,-1,unclustered,0.0,bf kidneys-z ame 30#
10433K,-1,unclustered,0.0,bf kidneys-z aur 40#
10443Z,783,cluster_783,1.0,bf lips-z *__
10443P2,783,cluster_783,1.0,bf lips-z agri
10443PK,782,cluster_782,1.0,bf lips-z ame 60#
10443A,782,cluster_782,1.0,bf lips-z aur 60#
10443565,-1,unclustered,0.0,bf lips-z car-tay 60#
10443876,-1,unclustered,0.0,bf lips-z evp 15#
10148777,782,cluster_782,0.9877084763788394,bf lips-z oma 60#
1044309,-1,unclustered,0.0,bf lips-z ram 60#
10443566,-1,unclustered,0.0,bf lips-z row 30#
10443P1,782,cluster_782,1.0,bf lips-z st. hel 60#
104435,783,cluster_783,1.0,bf lips-z wmb
10439F,449,cluster_449,0.947102071809844,bf liver whole fresh aur 30#
10439F,449,cluster_449,1.0,bf liver whole fresh aur 30#
10439019,449,cluster_449,0.9644090229540079,bf liver whole-z oma-halal #30
10439848,449,cluster_449,0.8583826044832159,bf liver whole-z row 60#
10439846,449,cluster_449,1.0,bf liver whole-z wre 30#
10438999,449,cluster_449,0.9427113531373725,bf liver-z s&d evp 30#
10438,449,cluster_449,1.0,bf liver-z s&d ibp 30#
10439IB,449,cluster_449,0.8276007281694838,bf liver-z slcd 4-1 ibp-v1110ca-z
1032A323,819,cluster_819,0.6472968051356683,bf loin bb baltip cab ang-h
1032A322,819,cluster_819,0.8086821060802587,bf loin bb baltip cab dem-h
10324430,819,cluster_819,0.6903365740323163,bf loin bb baltip cab ibp
1032A321,819,cluster_819,1.0,bf loin bb baltip cab oma-h
13083790,819,cluster_819,1.0,bf loin bb baltip ch dem-h
1032A2IB,819,cluster_819,0.6405176906529878,bf loin bb baltip ch ibp d4497ah
1032A210,819,cluster_819,0.7560157856651609,bf loin bb baltip ch ibp str
10329945,819,cluster_819,0.7560157856651609,bf loin bb baltip ch nat
1032A3I1,819,cluster_819,1.0,bf loin bb baltip ch oma-h
10328926,819,cluster_819,0.7433275229009435,bf loin bb baltip cls oma
10328924,819,cluster_819,0.8092933977089289,bf loin bb baltip cls oma-hal
1035A2IC,819,cluster_819,0.5623135890951004,bf loin bb baltip nr evp
1032A310,819,cluster_819,0.9581231046655069,bf loin bb baltip pr oma-h
1032404,819,cluster_819,0.7914621621985516,bf loin bb baltip-z cab oma
10328976,819,cluster_819,0.6271068662999413,bf loin bb baltip-z se crk-z
1001305,743,cluster_743,0.788675704044889,bf loin bb flap meat a har
1001624,743,cluster_743,0.42184034125544,bf loin bb flap meat ang oma
10016B,743,cluster_743,1.0,bf loin bb flap meat ch *__
10017D,743,cluster_743,1.0,bf loin bb flap meat ch aur
1001619,743,cluster_743,0.8293444454683765,bf loin bb flap meat ch blm
100175,743,cluster_743,0.7025790233452279,bf loin bb flap meat ch exc
10016D,743,cluster_743,0.8427093629519,bf loin bb flap meat ch ibp
1001A2N,743,cluster_743,0.9171537272438332,bf loin bb flap meat ch nat
100174,743,cluster_743,1.0,bf loin bb flap meat ch wr
1001626,743,cluster_743,0.5954136458350268,bf loin bb flap meat oma-hrf
100164,743,cluster_743,0.8506285141689833,bf loin bb flap meat-z brz min
1033A2B3,349,cluster_349,0.8929416193075919,bf loin bb tri-tip fat-on ch blm
10331210,349,cluster_349,0.9718547632514304,bf loin bb tri-tip fat-on ch iap
1033A2BP,349,cluster_349,0.7335851647226184,bf loin bb tri-tip fat-on ch ibp d4527ah
103330,349,cluster_349,1.0,bf loin bb tri-tip fat-on ch oma
103337,349,cluster_349,1.0,bf loin bb tri-tip fat-on ch oma-h
103333,349,cluster_349,0.7774133870702361,bf loin bb tri-tip fat-on hrf
103332,349,cluster_349,1.0,bf loin bb tri-tip fat-on pr oma
103347,349,cluster_349,0.7287188895797287,bf loin bb tri-tip fat-on-z me ram
103332,349,cluster_349,1.0,bf loin bb tri-tip fat-on pr oma
1033A211,350,cluster_350,1.0,bf loin bb tri-tip-pld ch fmc
1033A413,350,cluster_350,1.0,bf loin bb tri-tip-pld me lft
1033A414,350,cluster_350,1.0,bf loin bb tri-tip-pld-z me pra
1026174H,765,cluster_765,0.6920220258446992,bf loin short 0x1 ca om1920 hal
10261021,765,cluster_765,0.7862553043431367,bf loin short 0x1 cab oma
1026ARI9,765,cluster_765,1.0,bf loin short 0x1 ch aur
1026AR2,765,cluster_765,0.9091292924527088,bf loin short 0x1 ch blm
10261061,765,cluster_765,1.0,bf loin short 0x1 ch crk-ct
1026ARI,765,cluster_765,0.6782013387274536,bf loin short 0x1 ch ibp d4377ac
1026100,765,cluster_765,0.8204567688681699,bf loin short 0x1 ch ibp-sra
10260840,765,cluster_765,1.0,bf loin short 0x1 ch oma
10260845,765,cluster_765,1.0,bf loin short 0x1 ch oma-hal
10260112,765,cluster_765,0.9616423118374324,bf loin short 0x1 me fcb
1026A20,765,cluster_765,0.8530598042289901,bf loin short 0x1 me gus
10260119,765,cluster_765,1.0,bf loin short 0x1 me lft
10260120,765,cluster_765,1.0,bf loin short 0x1 me pra
1026A1S,765,cluster_765,1.0,bf loin short 0x1 me suk
10260843,765,cluster_765,0.9775848868239201,bf loin short 0x1 oma-hrf
1026009,765,cluster_765,0.8884278502989682,bf loin short 0x1 pr ibp
10261020,765,cluster_765,1.0,bf loin short 0x1 pr oma
10261026,765,cluster_765,1.0,bf loin short 0x1 pr oma-hal
10261972,-1,unclustered,0.0,bf loin short 0x1-dry age mbl rsv
1026ARI,765,cluster_765,1.0,bf loin short 0x1 ch ibp d4377ac
10260840,765,cluster_765,1.0,bf loin short 0x1 ch oma
10260112,765,cluster_765,1.0,bf loin short 0x1 me fcb
1026A20,765,cluster_765,0.9167318045137582,bf loin short 0x1 me gus
10260118,765,cluster_765,0.9167555688951927,bf loin short-z 0x1 me san
1026A1S,765,cluster_765,1.0,bf loin short 0x1 me suk
10261051,765,cluster_765,0.8884278502989682,bf loin short-z 0x1 pr ibb
10261026,765,cluster_765,0.9050044758189958,bf loin short 0x1 pr oma-hal
1026953,765,cluster_765,0.8792499997593561,bf loin short-z 2x3 ch ibp
10278016,822,cluster_822,0.7036305003624544,bf loin strip 0x1 ang ch omc
10278015,822,cluster_822,0.7030084337069179,bf loin strip 0x1 ang omc
10277504,822,cluster_822,0.8324380228659297,bf loin strip 0x1 cab *__
10278010,822,cluster_822,0.9648012959808376,bf loin strip 0x1 cab oma
1027776,822,cluster_822,1.0,bf loin strip 0x1 ch aur
1027774,822,cluster_822,0.9768353517094176,bf loin strip 0x1 ch blm
10235061,822,cluster_822,1.0,bf loin strip 0x1 ch crk-ct
1027767,822,cluster_822,0.7218647178787888,bf loin strip 0x1 ch ibp d4277ah
10277003,822,cluster_822,1.0,bf loin strip 0x1 ch oma
10277010,822,cluster_822,1.0,bf loin strip 0x1 ch oma-hal
1027483,822,cluster_822,1.0,bf loin strip 0x1 me lft
1027491,822,cluster_822,1.0,bf loin strip 0x1 me pe
10278350,822,cluster_822,1.0,bf loin strip 0x1 me suk
10283989,822,cluster_822,1.0,bf loin strip 0x1 pr *__
10277516,822,cluster_822,1.0,bf loin strip 0x1 pr aur
10277507,822,cluster_822,0.9764244804746399,bf loin strip 0x1 pr crk-mc
10277502,822,cluster_822,1.0,bf loin strip 0x1 pr oma
10277512,822,cluster_822,1.0,bf loin strip 0x1 pr oma-hal
10277530,822,cluster_822,1.0,bf loin strip 0x1 sel *__
10286,822,cluster_822,0.7813299714470234,bf loin strip 0x1_no.2 exc
1028A2IB,822,cluster_822,0.8397993431060191,bf loin strip 1x1 ch ibp
10284,822,cluster_822,1.0,bf loin strip 1x1 pr oma
10287,-1,unclustered,0.0,bf loin strip ch no.2 exc
1028234,822,cluster_822,0.8700234046065204,bf loin strip-bi 1x1 cab oma
1028235,822,cluster_822,0.9639813316954088,bf loin strip-bi 1x1 ch oma
10283073,822,cluster_822,1.0,bf loin strip-bi 1x1 pr oma
10278350,822,cluster_822,0.8268536477091326,bf loin strip 0x1 me suk
10288,-1,unclustered,0.0,bf loin strip-z 0x1_no.2 nat
1035A212,813,cluster_813,0.8434634797276558,bf loin tend psmo 5+ cab ibp
1035A215,813,cluster_813,0.9392872596429971,bf loin tend psmo 5+ cab oma
10357012,813,cluster_813,1.0,bf loin tend psmo 5+ ch *__
1035A2AU,813,cluster_813,1.0,bf loin tend psmo 5+ ch aur
1035A2B5,813,cluster_813,1.0,bf loin tend psmo 5+ ch blm
10350457,813,cluster_813,0.9359618006758256,bf loin tend psmo 5+ ch exc
1035A2BP,813,cluster_813,0.8505996020305309,bf loin tend psmo 5+ ch ibp d4087ah
1035A2GO,813,cluster_813,1.0,bf loin tend psmo 5+ ch oma
1035A2G1,813,cluster_813,1.0,bf loin tend psmo 5+ ch oma-hal
1035A2B7,813,cluster_813,1.0,bf loin tend psmo 5+ ch upi
1035A2B3,813,cluster_813,1.0,bf loin tend psmo 5+ ch was
1035A2B1,813,cluster_813,0.9417026608326148,bf loin tend psmo 5+ ch-aaa sth
10350010,813,cluster_813,0.9990789701741287,bf loin tend psmo 5+ me suk
1036862,813,cluster_813,0.9359618006758256,bf loin tend psmo 5+ nr fmc 6p
10357748,813,cluster_813,0.9469276102488585,bf loin tend psmo 5+ pr crk
1035A3GO,813,cluster_813,1.0,bf loin tend psmo 5+ pr oma
10356030,813,cluster_813,1.0,bf loin tend psmo 5+ pr oma-hal
10350349,813,cluster_813,1.0,bf loin tend psmo 5+ se oma-hal
10350452,813,cluster_813,0.9323591457616304,bf loin tend psmo misc sel-aa exc
10357022,813,cluster_813,1.0,bf loin tend psmo-#2 ch ibp
10357015,813,cluster_813,1.0,bf loin tend psmo-#2 ibp
10357026,813,cluster_813,1.0,bf loin tend psmo-#2 se ibp
10311293,813,cluster_813,0.7653028467570024,bf loin tend psmo-z 5+ ch-gf wgf
10352,-1,unclustered,0.0,bf loin tend ssr ch fmc
1035280,-1,unclustered,0.0,bf loin tend ssr ch fmc s/a
103716,-1,unclustered,0.0,bf loin tend ssr me pra
1036805,-1,unclustered,0.0,bf loin tenderute 4+ car w59080
10347PV1,-1,unclustered,0.0,bf loin tenderute 4+ pva
1036800,-1,unclustered,0.0,bf loin tenderute 5+ car w59090
10347PV,-1,unclustered,0.0,bf loin tenderute 6+ pva
10304RP1,754,cluster_754,1.0,bf loin tendr butt pld cab oma
10359976,754,cluster_754,0.8497093940456675,bf loin tendr butt pld me suk-hvy
10304RP3,754,cluster_754,1.0,bf loin tendr butt pld pr oma
10359976,754,cluster_754,0.9603205320788831,bf loin tendr butt pld me suk-hvy
10304T1,754,cluster_754,1.0,bf loin tendr butt-z pld ch aur
1035951,754,cluster_754,0.7794061848247319,bf loin tendr butt-z pld me gus
10308738,816,cluster_816,0.8463944605337015,bf loin top but ca oma
1030A2I1,-1,unclustered,0.0,bf loin top but ch blm
1030A2IB,-1,unclustered,0.0,bf loin top but ch ibp d4427ac
1030A2GO,816,cluster_816,0.9949308756833043,bf loin top but ch oma
10308862,-1,unclustered,0.0,bf loin top but ch->jac
1033NRSK,-1,unclustered,0.0,bf loin top but me gus
1030NRSK,814,cluster_814,1.0,bf loin top but me suk
10295,-1,unclustered,0.0,bf loin top but nr ame
1030A1GO,816,cluster_816,0.8681226382962786,bf loin top but nr oma
1030A3NB,-1,unclustered,0.0,bf loin top but pr->jac
1030A6G3,-1,unclustered,0.0,bf loin top but xt ang omc
10300133,816,cluster_816,1.0,bf loin top but xt ch aur
1030A1C1,816,cluster_816,1.0,bf loin top but xt ch crk
10300130,816,cluster_816,0.9695741892123683,bf loin top but xt ch ibp
1030A6GO,816,cluster_816,1.0,bf loin top but xt ch oma
1030A6G5,816,cluster_816,1.0,bf loin top but xt ch oma-h
103738,816,cluster_816,0.9148306558688875,bf loin top but xt hrf oma
1030A1G1,816,cluster_816,1.0,bf loin top but xt nr oma
10300136,816,cluster_816,1.0,bf loin top but xt pr aur
103001GO,816,cluster_816,1.0,bf loin top but xt pr oma
103001G1,816,cluster_816,1.0,bf loin top but xt pr oma-h
1031040,816,cluster_816,0.9950135007471745,bf loin top but xt se oma
1031042,-1,unclustered,0.0,bf loin top but xt se oma-hal
10310963,-1,unclustered,0.0,bf loin top but-cchrt cab oma
10310962,816,cluster_816,1.0,bf loin top but-cchrt ch oma
10310994,816,cluster_816,0.986407246634083,bf loin top but-cchrt pr oma
10310787,816,cluster_816,0.89001913898001,bf loin top but-coulot f/on cab-oma
1031076,816,cluster_816,1.0,bf loin top but-coulot f/on ch *__
1031176,816,cluster_816,0.9408324437107297,bf loin top but-coulot f/on ch fmc
10310788,816,cluster_816,1.0,bf loin top but-coulot f/on ch oma
1031085,816,cluster_816,1.0,bf loin top but-coulot f/on pr oma
10310802,816,cluster_816,0.8838146167317703,bf loin top but-coulot f/on-z pr om
1031082,815,cluster_815,0.9597808732425526,bf loin top but-coulot pld cab ibp
1031105,815,cluster_815,0.8354267327595996,bf loin top but-coulot pld cab oma
1031078,815,cluster_815,1.0,bf loin top but-coulot pld ch ibp
10310791,815,cluster_815,0.9980510293168487,bf loin top but-coulot pld ch oma
10310789,815,cluster_815,0.8655514451996988,bf loin top but-coulot pld pr oma_
1031087,815,cluster_815,1.0,bf loin top but-coulot pld-z ca ibp
1031078,815,cluster_815,1.0,bf loin top but-coulot pld ch ibp
103413,814,cluster_814,1.0,bf loin top but-z me lft
1030NRSK,814,cluster_814,1.0,bf loin top but me suk
1003857,-1,unclustered,0.0,bf loin top but-z xt ch-gf wgf
10300111,-1,unclustered,0.0,bf loin top but-z xt pr ibp
10600103,-1,unclustered,0.0,bf meat tenderizer 4/9.18#
104260,340,cluster_340,0.8234445299818294,bf neck bones aur
104253,340,cluster_340,1.0,bf neck bones-z *__
104282,340,cluster_340,0.7626074076091542,bf neck bones-z 5st
104260,340,cluster_340,0.8402830510646615,bf neck bones aur
104263,340,cluster_340,1.0,bf neck bones-z hel
104249,340,cluster_340,0.849440974717924,bf neck bones-z iap
104258,340,cluster_340,0.8166280366121739,bf neck bones-z me lft
104261,340,cluster_340,1.0,bf neck bones-z me suk
104356,419,cluster_419,1.0,bf oxtail - cut 25#
10433BM,419,cluster_419,1.0,bf oxtail afg 20#
10432I,419,cluster_419,1.0,bf oxtail fresh aur 25#
10433BM,419,cluster_419,1.0,bf oxtail afg 20#
10432999,419,cluster_419,1.0,bf oxtail-z aur 25#
104321Z,-1,unclustered,0.0,bf oxtail-z ibp 15# v1510db
1043202,-1,unclustered,0.0,bf oxtail-z ibp-xt 2pk 12.2#
1043334,419,cluster_419,1.0,bf oxtail-z oma
10435H,419,cluster_419,1.0,bf oxtail-z-cut ibp-1510 15#
10433000,419,cluster_419,1.0,bf oxtail-z-cut lft 2-in 26#
10516014,797,cluster_797,1.0,bf pat 100% -z rnd-st 2-1 10#
10516101,-1,unclustered,0.0,bf pat 100% oval-st 2-1 5#
10540052,-1,unclustered,0.0,bf pat 100% rnd-st 07-oz 10#
1051698,-1,unclustered,0.0,bf pat 100% rnd-st 10-oz 5#
10516016,803,cluster_803,1.0,bf pat 100% rnd-st 2-1 10#
10516022,-1,unclustered,0.0,bf pat 100% rnd-st 2-1 10#-ivp
10516023,804,cluster_804,1.0,bf pat 100% rnd-st 2-1 2/5#-vp
10516,803,cluster_803,1.0,bf pat 100% rnd-st 2-1 5#
10516024,-1,unclustered,0.0,bf pat 100% rnd-st 2-1 5/4ct-vp
10516720,803,cluster_803,1.0,bf pat 100% rnd-st 3-1 10#
10516710,804,cluster_804,1.0,bf pat 100% rnd-st 3-1 2/5#-vp
10540C5,803,cluster_803,1.0,bf pat 100% rnd-st 3-1 5#
10544070,803,cluster_803,1.0,bf pat 100% rnd-st 4-1 10#
10544080,804,cluster_804,1.0,bf pat 100% rnd-st 4-1 2/5#-vp
10544A1,803,cluster_803,1.0,bf pat 100% rnd-st 4-1 5#
10544082,-1,unclustered,0.0,bf pat 100% rnd-st 4-1 5#-ivp
10544012,803,cluster_803,1.0,bf pat 100% rnd-st 5-1 10#
10544011,803,cluster_803,0.9886781268806415,bf pat 100% rnd-st 5-1 5#
10528,803,cluster_803,1.0,bf pat 100% rnd-st 6-1 10#
10527,803,cluster_803,1.0,bf pat 100% rnd-st 6-1 5#
10557,-1,unclustered,0.0,bf pat 100% rnd-st 8-1 mini 5#
10516454,788,cluster_788,1.0,bf pat 100% rnd-whop 4-1 10#
10516455,788,cluster_788,0.8970289897292408,bf pat 100% rnd-whop 4-1 2/5#-vp
10516444,788,cluster_788,1.0,bf pat 100% rnd-whop 4-1 5#
10544412,-1,unclustered,0.0,bf pat 100% smash 5-1
10544413,-1,unclustered,0.0,bf pat 100% smash 5-1 vp
10516101,-1,unclustered,0.0,bf pat 100% oval-st 2-1 5#
10544A19,797,cluster_797,0.7475281750570607,bf pat 100%-z pr rnd-st 4-1 5#
10516,797,cluster_797,1.0,bf pat 100% rnd-st 2-1 5#
10516720,797,cluster_797,1.0,bf pat 100% rnd-st 3-1 10#
10540C5,797,cluster_797,1.0,bf pat 100% rnd-st 3-1 5#
10544070,797,cluster_797,1.0,bf pat 100% rnd-st 4-1 10#
10544A1,797,cluster_797,1.0,bf pat 100% rnd-st 4-1 5#
10544012,797,cluster_797,0.9935109422666547,bf pat 100% rnd-st 5-1 10#
10544011,797,cluster_797,0.9791669945969826,bf pat 100% rnd-st 5-1 5#
10527,797,cluster_797,0.9086562285435414,bf pat 100% rnd-st 6-1 5#
10557,-1,unclustered,0.0,bf pat 100% rnd-st 8-1 mini 5#
10516454,788,cluster_788,1.0,bf pat 100% rnd-whop 4-1 10#
10516444,788,cluster_788,0.9752658688244318,bf pat 100% rnd-whop 4-1 5#
10540056,790,cluster_790,1.0,bf pat ch rnd-st 10-oz 2/5#vp
10516013,808,cluster_808,0.6334842943417252,bf pat ch rnd-st 2-1-2/5#-vp
10516017,808,cluster_808,0.6522409363492425,bf pat ch rnd-st 3-1 2/5#-vp
10540049,790,cluster_790,1.0,bf pat ch rnd-st 6-oz 10#
1054012,790,cluster_790,1.0,bf pat ch rnd-st 6-oz 2/5#vp
10516018,-1,unclustered,0.0,bf pat ch rnd-thick 10-oz 4/4ct
10516012,786,cluster_786,1.0,bf pat ch rnd-thick 2-1 2/5#-vp
10516170,-1,unclustered,0.0,bf pat ch-oval-st 07-oz 2/5#-vp
10512100,-1,unclustered,0.0,bf pat gf ch rnd-st 2-1 5/1#-vp
10517823,-1,unclustered,0.0,bf pat pr ***prime ***
10517166,-1,unclustered,0.0,bf pat pr rnd smash 10#
10517138,795,cluster_795,1.0,bf pat pr rnd-st 06-oz 10#
10517130,796,cluster_796,1.0,bf pat pr rnd-st 06-oz 2/5#-vp
10517133,796,cluster_796,1.0,bf pat pr rnd-st 06-oz 4/3#vp
10517136,796,cluster_796,0.6880852495014261,bf pat pr rnd-st 06-oz 5/2p 4.5#
10517102,795,cluster_795,1.0,bf pat pr rnd-st 07-oz 10#
10501711,796,cluster_796,1.0,bf pat pr rnd-st 07-oz 2/5#-vp
10517132,790,cluster_790,0.8849684460574704,bf pat pr rnd-st 10-oz 5/2.5#
10517,807,cluster_807,1.0,bf pat pr rnd-st 2-1 10#
10517465,808,cluster_808,1.0,bf pat pr rnd-st 2-1 2/5#-vp
10517163,808,cluster_808,0.4714924959942921,bf pat pr rnd-st 2-1 5# fmc
10517402,808,cluster_808,0.641932666867997,bf pat pr rnd-st 2-1 5/2p-vp
10517472,-1,unclustered,0.0,bf pat pr rnd-st 2-1 5/4ct-vp
10517120,807,cluster_807,1.0,bf pat pr rnd-st 3-1 10#
10517063,808,cluster_808,1.0,bf pat pr rnd-st 3-1 2/5#-vp
10517164,808,cluster_808,0.4640116973768005,bf pat pr rnd-st 3-1 5# fmc
10517068,808,cluster_808,0.9744130066004979,bf pat pr rnd-st 3-1 5/2#-vp
10517177,807,cluster_807,1.0,bf pat pr rnd-st 4-1 10#
10517818,808,cluster_808,0.45073878663756517,bf pat pr rnd-st 4-1 10/1#-vp
10517817,808,cluster_808,1.0,bf pat pr rnd-st 4-1 2/5#-vp
10517178,808,cluster_808,0.4759303736920857,bf pat pr rnd-st 4-1 5#
10517162,808,cluster_808,0.9147354922633236,bf pat pr rnd-st 5-1 2/5#-vp
10517951,808,cluster_808,0.7703914043485902,bf pat pr rnd-st 6-1 2/5#-vp
10517131,-1,unclustered,0.0,bf pat pr rnd-st 6-1 5#
10517499,789,cluster_789,0.8436106246465653,bf pat pr rnd-st 8-1 mini 10#
10517222,789,cluster_789,1.0,bf pat pr rnd-st 8-1 mini 2/5#-vp
10517224,789,cluster_789,1.0,bf pat pr rnd-st 8-1 mini 5#-vp
10517102,795,cluster_795,1.0,bf pat pr rnd-st 07-oz 10#
10517,-1,unclustered,0.0,bf pat pr rnd-st 2-1 10#
10517163,-1,unclustered,0.0,bf pat pr rnd-st 2-1 5# fmc
10517120,-1,unclustered,0.0,bf pat pr rnd-st 3-1 10#
10517016,-1,unclustered,0.0,bf pat pr rnd-thick 10-oz 4/4ct
10517012,786,cluster_786,0.7126145895218654,bf pat pr rnd-thick 2-1 10# bb
10517015,786,cluster_786,1.0,bf pat pr rnd-thick 2-1 5/1#-vp
10517014,786,cluster_786,1.0,bf pat pr rnd-thick 2-1 5/2#-vp
10517224,789,cluster_789,1.0,bf pat pr rnd-st 8-1 mini 5#-vp
10544C1,-1,unclustered,0.0,bf pat rnd oma 2-1 8oz hal-z
10544C2,-1,unclustered,0.0,bf pat rnd oma 2-1 8oz-z
10548013,-1,unclustered,0.0,bf pat sb grass-fed-z 10#
50088B,520,cluster_520,1.0,bf pat soy 2-1 5#
50088B,520,cluster_520,1.0,bf pat soy 2-1 5#
5009977,520,cluster_520,1.0,bf pat soy 3-1 10#
5009977,520,cluster_520,1.0,bf pat soy 3-1 10#
50088042,520,cluster_520,1.0,bf pat soy 3-1 5#
50099102,520,cluster_520,1.0,bf pat soy 4-1 5#
5009910,520,cluster_520,1.0,bf pat soy 5-1 5#
50088041,520,cluster_520,0.4766841106973228,bf pat soy oval 2-1 5#
5009988,520,cluster_520,0.78976957669559,bf pat soy whop 4-1 5#
50088042,520,cluster_520,1.0,bf pat soy 3-1 5#
50099102,520,cluster_520,1.0,bf pat soy 4-1 5#
5009910,520,cluster_520,1.0,bf pat soy 5-1 5#
50099131,520,cluster_520,1.0,bf pat soy-z 6-1 5#
50088041,520,cluster_520,0.48680931990214366,bf pat soy oval 2-1 5#
5009988,520,cluster_520,0.8906851944976475,bf pat soy whop 4-1 5#
10590019,-1,unclustered,0.0,bf pat spec-bl -z .60 8-1 10#
1088385,-1,unclustered,0.0,bf pat-crk nba 81% 3-oz 22.5#-z
10544803,-1,unclustered,0.0,bf pat-crk pba 81% 3-1 6/2# hal-z
10038114,-1,unclustered,0.0,bf pat-grf 80% 2-1 4/3#-z
10038120,-1,unclustered,0.0,bf pat-grf 80% 3-1 6/2# iqf-z
1088386,-1,unclustered,0.0,bf pat-oma 81% 5.33-oz 12# hal-z
10545002,-1,unclustered,0.0,bf pat.jem pepper 4-1 6/3#-z
1016316,753,cluster_753,0.9604248638324824,bf pectoral meat ang oma
1016310,753,cluster_753,0.9379780582381573,bf pectoral meat cab oma
10162XL,753,cluster_753,0.8860579155388668,bf pectoral meat ch *__
1016366,753,cluster_753,0.7813776147286533,bf pectoral meat ch crk-mc
10163XL,753,cluster_753,1.0,bf pectoral meat ch oma
1016314,753,cluster_753,1.0,bf pectoral meat oma-hrf
1016313,753,cluster_753,1.0,bf pectoral meat pr oma
10425,-1,unclustered,0.0,bf pizzles
10426,-1,unclustered,0.0,bf pizzles car 30#-z
97405880,-1,unclustered,0.0,"bf polish sauge hot, scott pete (12/20z)"
1016491,794,cluster_794,0.7837638799439727,bf rib back rib me suk
10169749,794,cluster_794,0.8908296290331199,bf rib back rib-z ch crk-mc-hal
10169900,794,cluster_794,0.9792637139515692,bf rib back rib-z ch ibp
10169751,794,cluster_794,1.0,bf rib back rib-z ch oma
10169750,794,cluster_794,0.9826881444877993,bf rib back rib-z ch oma-hal
10169903,794,cluster_794,1.0,bf rib back rib-z ch_*
10169901,794,cluster_794,0.655774318069953,bf rib back rib-z gf wgf 22#
10169437,794,cluster_794,0.8412501015787682,bf rib back rib-z me gus
10169433,794,cluster_794,0.9690376914701758,bf rib back rib-z me lft
10169436,794,cluster_794,0.9690376914701758,bf rib back rib-z me pev
1016491,794,cluster_794,0.9804854312717051,bf rib back rib me suk
10169907,794,cluster_794,1.0,bf rib back rib-z nr har
1015283,-1,unclustered,0.0,bf rib back riblet bbcue 20/2#vp
1060A117,376,cluster_376,0.6899108637556778,bf rib meat lifter/blade ang omc
1060A107,376,cluster_376,0.9185137353780007,bf rib meat lifter/blade cab oma
1060A1XL,376,cluster_376,0.8750612259942002,bf rib meat lifter/blade ch *__
1060A115,376,cluster_376,0.808190960207311,bf rib meat lifter/blade ch crk
1060A100,376,cluster_376,0.9398374127665949,bf rib meat lifter/blade ch oma
1060A118,376,cluster_376,0.48844101027357584,bf rib meat lifter/blade ch us 212
1060A109,376,cluster_376,0.9450151023524941,bf rib meat lifter/blade oma-hrf
1060A105,376,cluster_376,0.9398374127665949,bf rib meat lifter/blade pr oma
1060A107,376,cluster_376,1.0,bf rib meat lifter/blade cab oma
1060A100,376,cluster_376,1.0,bf rib meat lifter/blade ch oma
1060A109,376,cluster_376,1.0,bf rib meat lifter/blade oma-hrf
10039010,837,cluster_837,0.8134224097790618,bf ribeye bi hvy cab *__
10031923,837,cluster_837,1.0,bf ribeye bi hvy cab oma
1003A2I1,837,cluster_837,1.0,bf ribeye bi hvy ch blm
1003A2IB,-1,unclustered,0.0,bf ribeye bi hvy ch ibp d2347ac
1003A2GO,837,cluster_837,1.0,bf ribeye bi hvy ch oma
10065SUK,837,cluster_837,1.0,bf ribeye bi hvy me suk
10065SUK,837,cluster_837,1.0,bf ribeye bi hvy me suk
10049998,837,cluster_837,1.0,bf ribeye bi hvy pr ibp
1005001,837,cluster_837,1.0,bf ribeye bi hvy pr nb
100399,837,cluster_837,1.0,bf ribeye bi hvy pr oma
100404,837,cluster_837,1.0,bf ribeye bi hvy pr oma-hal
10040015,-1,unclustered,0.0,bf ribeye bi hvy-dry age mbl rsv
10040009,837,cluster_837,1.0,bf ribeye bi hvy-frc cab oma
10040004,837,cluster_837,1.0,bf ribeye bi hvy-frc ch ibp
10040012,837,cluster_837,1.0,bf ribeye bi hvy-frc ch oma-hal
1003A2IB,837,cluster_837,1.0,bf ribeye bi hvy ch ibp d2347ac
1003A2GO,837,cluster_837,1.0,bf ribeye bi hvy ch oma
10040004,837,cluster_837,1.0,bf ribeye bi hvy-frc ch ibp
10040002,837,cluster_837,1.0,bf ribeye bi-z hvy-frc ch thwk fm
10040010,837,cluster_837,1.0,bf ribeye bi-z hvy-frc pr oma
10065871,837,cluster_837,0.8600166098374339,bf ribeye bnl l/o-hvy ang omc
10065860,837,cluster_837,1.0,bf ribeye bnl l/o-hvy cab oma
1003816,837,cluster_837,1.0,bf ribeye bnl l/o-hvy ch grf
1056A2IB,-1,unclustered,0.0,bf ribeye bnl l/o-hvy ch ibp d2147ac
1056A2GO,837,cluster_837,1.0,bf ribeye bnl l/o-hvy ch oma
1056A4GO,837,cluster_837,1.0,bf ribeye bnl l/o-hvy ch oma-hal
1006532,837,cluster_837,0.8004598659797647,bf ribeye bnl l/o-hvy her omc
1006534,-1,unclustered,0.0,bf ribeye bnl l/o-hvy her omc 1881
1056766,837,cluster_837,1.0,bf ribeye bnl l/o-hvy me *__
10065204,837,cluster_837,1.0,bf ribeye bnl l/o-hvy me fcb
1006512,837,cluster_837,0.8337279256341756,bf ribeye bnl l/o-hvy me gus
10065000,837,cluster_837,1.0,bf ribeye bnl l/o-hvy me pra
1056769,837,cluster_837,1.0,bf ribeye bnl l/o-hvy me san
10065SU1,837,cluster_837,1.0,bf ribeye bnl l/o-hvy me suk
10061,837,cluster_837,1.0,bf ribeye bnl l/o-hvy nr evp
100662,837,cluster_837,1.0,bf ribeye bnl l/o-hvy nr neb
100613,837,cluster_837,1.0,bf ribeye bnl l/o-hvy nr was
10569954,837,cluster_837,1.0,bf ribeye bnl l/o-hvy pr oma-hal
1056680,837,cluster_837,1.0,bf ribeye bnl l/o-hvy se oma
10065873,-1,unclustered,0.0,bf ribeye bnl l/o-lgt ang omc
10065862,837,cluster_837,1.0,bf ribeye bnl l/o-lgt ca oma
10065864,837,cluster_837,1.0,bf ribeye bnl l/o-lgt ch oma
1006A200,837,cluster_837,1.0,bf ribeye bnl-z l/o-hvy ch nat
1003816,837,cluster_837,0.9033712729139327,bf ribeye bnl l/o-hvy ch grf
10065204,837,cluster_837,1.0,bf ribeye bnl l/o-hvy me fcb
10065290,837,cluster_837,1.0,bf ribeye bnl-z l/o-hvy me lft
10065000,837,cluster_837,1.0,bf ribeye bnl l/o-hvy me pra
1056769,837,cluster_837,0.9929434511195607,bf ribeye bnl l/o-hvy me san
1056773,837,cluster_837,1.0,bf ribeye bnl-z l/o-hvy me vib
10065862,837,cluster_837,1.0,bf ribeye bnl l/o-lgt ca oma
10069LP,820,cluster_820,0.895378385429497,bf ribeye ute 08+ lpr
100693PL,820,cluster_820,1.0,bf ribeye ute 10+ *__
10069100,-1,unclustered,0.0,bf ribeye ute 10+ 4st
10069CGG,820,cluster_820,1.0,bf ribeye ute 10+ lpr
10069CGG,820,cluster_820,1.0,bf ribeye ute 10+ lpr
10069014,820,cluster_820,0.865419463514614,bf ribeye ute-z 10+ fpl
1019A1GO,272,cluster_272,0.690406227784824,bf round 160-cp cab oma
1018A2AR,272,cluster_272,1.0,bf round 160-cp ch *__
10180550,272,cluster_272,1.0,bf round 160-cp ch aur
1019A2GO,272,cluster_272,0.9567197376432817,bf round 160-cp ch oma
10180553,272,cluster_272,1.0,bf round 160-cp ch uib
10194,272,cluster_272,0.6221458348505781,bf round 160-cp-handle-on ch ~m
1018A3GR,272,cluster_272,0.8386751937256784,bf round 161 2 pc bnls ch aur
10225786,759,cluster_759,0.6350937016862765,bf round bot goosenk cab oma
10225A,759,cluster_759,1.0,bf round bot goosenk ch *__
1022578,759,cluster_759,1.0,bf round bot goosenk ch aur
10225790,759,cluster_759,0.7241767589007044,bf round bot goosenk ch ibp
10225784,759,cluster_759,1.0,bf round bot goosenk ch oma
10225787,759,cluster_759,0.7517812240084957,bf round bot goosenk hrf
10225785,759,cluster_759,0.6963806912086713,bf round bot goosenk oma-cls
102251,759,cluster_759,0.6963806912086713,bf round bot goosenk pr oma
10038191,-1,unclustered,0.0,bf round bot rump-rst gf-zch grf 8#
1710A28,762,cluster_762,0.5272458808050289,bf round eye rnds ang oma-h
1710A26,762,cluster_762,0.7306591399595039,bf round eye rnds ca aur
1710A23,762,cluster_762,0.8616325848815114,bf round eye rnds ca oma
1710610,762,cluster_762,0.6337200088067488,bf round eye rnds ca-swi-sba
1710A110,762,cluster_762,0.5372633238780007,bf round eye rnds cab ibp
1710A111,762,cluster_762,0.6831563866799062,bf round eye rnds cab oma
1710AZ1,762,cluster_762,0.8604182296637417,bf round eye rnds ch *__
1710A1AR,762,cluster_762,0.8621812312995849,bf round eye rnds ch aur
1710A1I1,762,cluster_762,0.8213866401535113,bf round eye rnds ch blm
1710852,762,cluster_762,0.6546811822066072,bf round eye rnds ch fm cts
1710A1IB,762,cluster_762,0.5305981688804626,bf round eye rnds ch ibp d6257ah
1710A2GO,762,cluster_762,1.0,bf round eye rnds ch oma
1710A2H,762,cluster_762,1.0,bf round eye rnds ch oma-h
1710B2GO,762,cluster_762,1.0,bf round eye rnds nr oma
1710B2G1,762,cluster_762,0.6225612060673354,bf round eye rnds nr xt ame
1710A3G1,762,cluster_762,0.9742731836158394,bf round eye rnds pr oma
1710A3G3,762,cluster_762,0.9742731836158394,bf round eye rnds pr oma-h
1710A4G2,762,cluster_762,0.871134498042635,bf round eye rnds sel oma
1020662,-1,unclustered,0.0,bf round knuckle pld aaa exc
1026656,529,cluster_529,1.0,bf round knuckle pld ang ch oma
1026655,529,cluster_529,1.0,bf round knuckle pld ang oma
1026658,529,cluster_529,1.0,bf round knuckle pld ang oma-hal
1026902,530,cluster_530,0.7849580921329499,bf round knuckle pld ca dmk
10260554,-1,unclustered,0.0,bf round knuckle pld cab ibp
1026654,530,cluster_530,0.5844765637059004,bf round knuckle pld cab oma
10268024,530,cluster_530,0.6327583025217806,bf round knuckle pld cab oma-hal
1085A1AM,-1,unclustered,0.0,bf round knuckle pld ch * halal
1026A25S,-1,unclustered,0.0,bf round knuckle pld ch 5st
1085A2AM,530,cluster_530,1.0,bf round knuckle pld ch ame
10209,530,cluster_530,0.954701999485974,bf round knuckle pld ch aur
10212,530,cluster_530,1.0,bf round knuckle pld ch bmt
1024023,530,cluster_530,0.9343047690282731,bf round knuckle pld ch crk-ct
1026903,530,cluster_530,0.9343047690282731,bf round knuckle pld ch dmk
1003890,530,cluster_530,0.8770489443478116,bf round knuckle pld ch grf
10206,530,cluster_530,0.5095061382987494,bf round knuckle pld ch ibp d6307ah
1020612,530,cluster_530,0.5326558397170977,bf round knuckle pld ch ibp-sra
1024A2NT,530,cluster_530,0.5542148164750337,bf round knuckle pld ch nat
10210,530,cluster_530,0.6464644550963562,bf round knuckle pld ch nbf
1026A2GO,530,cluster_530,0.88557113235514,bf round knuckle pld ch oma
10268020,530,cluster_530,0.6752374717007137,bf round knuckle pld ch oma-hal
10209CE,530,cluster_530,1.0,bf round knuckle pld ch wre
1023NRS1,530,cluster_530,0.5202310421174681,bf round knuckle pld me fcb
1023NRSK,530,cluster_530,0.5600058071747849,bf round knuckle pld me suk
10201112,530,cluster_530,0.5146780892195013,bf round knuckle pld nr evp
1026A218,530,cluster_530,0.7801394135146738,bf round knuckle pld nr oma
1024A2C1,530,cluster_530,0.7849580921329499,bf round knuckle pld pr crk
1026A8GO,530,cluster_530,0.7801394135146738,bf round knuckle pld pr oma
1026A2H,530,cluster_530,0.7585698405366225,bf round knuckle pld pr oma-h
1026A202,530,cluster_530,0.5151578603615915,bf round knuckle pld se oma
10240190,-1,unclustered,0.0,bf round knuckle pld->sl-thin 10#
1084165,-1,unclustered,0.0,bf round knuckle pld-z brazil
1021AAG1,774,cluster_774,0.532282568732495,bf round os flat ang oma
10230886,774,cluster_774,0.5362089560002279,bf round os flat ca aur
1006A13,768,cluster_768,1.0,bf round os flat cab bmt
1023B2IB,768,cluster_768,1.0,bf round os flat cab ibp
1021AAGO,768,cluster_768,1.0,bf round os flat cab oma
10230AAA,774,cluster_774,1.0,bf round os flat ch aur
1023A2IB,-1,unclustered,0.0,bf round os flat ch ibp d6277ah
10229080,774,cluster_774,0.5941015433945571,bf round os flat ch nat
1021AAGB,774,cluster_774,1.0,bf round os flat ch oma
1023212,-1,unclustered,0.0,bf round os flat ch us2
10233AIW,774,cluster_774,1.0,bf round os flat ch wre
1023A2I1,774,cluster_774,0.9484222117095801,bf round os flat ch wsh
10211000,774,cluster_774,0.8746427885444847,bf round os flat oma-hrf
1023AAGO,774,cluster_774,0.8432794467667275,bf round os flat pr oma
10211002,774,cluster_774,0.5557671370272518,bf round os flat xt ang omc
10235,774,cluster_774,0.6813069764687072,bf round os flat xt nr oma
10231B,774,cluster_774,0.8616610877416343,bf round os flat->ch cts
10230450,774,cluster_774,0.5572060490938645,bf round os flat-s/off nr afg
1023A203,-1,unclustered,0.0,bf round os flat-s/off nr lpr
1060A110,773,cluster_773,0.49493419358778085,bf round os heel meat ca aur
1060A200,773,cluster_773,0.6433411721211356,bf round os heel meat cab oma
1060A203,773,cluster_773,1.0,bf round os heel meat ch *__
10601200,773,cluster_773,0.8501275197965815,bf round os heel meat ch agri
1060A1AU,773,cluster_773,1.0,bf round os heel meat ch aur
10601199,773,cluster_773,0.8021841283898518,bf round os heel meat ch blm
10601201,773,cluster_773,0.9746799479827388,bf round os heel meat ch ibb
1060A204,773,cluster_773,0.9724888537335329,bf round os heel meat ch uib
1060A189,773,cluster_773,1.0,bf round os heel meat ch wre
1060A201,773,cluster_773,0.8119922302809092,bf round os heel meat hrf
1060A193,773,cluster_773,0.5535179139787706,bf round os heel meat nr evp
1060A208,773,cluster_773,0.830585719036399,bf round os heel meat nr ibb
1060A206,773,cluster_773,0.6971824789646718,bf round os heel meat nr oma
1060A192,773,cluster_773,0.982481214757179,bf round os heel meat nr wre
10223B,756,cluster_756,0.877756360429207,bf round top inside cab *__
1021A1ZZ,755,cluster_755,1.0,bf round top inside ch *__
1021A1Z1,755,cluster_755,1.0,bf round top inside ch exc
10214B,755,cluster_755,0.7485847673515457,bf round top inside ch ibp d6137ah
1021412,755,cluster_755,0.8874126224632831,bf round top inside ch+ oma-hef-h
1021410,755,cluster_755,0.9216587599369236,bf round top inside ch+ oma-hef_
102145,-1,unclustered,0.0,bf round top inside ch-gf pre
1024170,755,cluster_755,1.0,bf round top inside xt ang omc
1024172,755,cluster_755,1.0,bf round top inside xt ang omc-h
1024173,755,cluster_755,1.0,bf round top inside xt ang-ch omc
1021A110,756,cluster_756,1.0,bf round top inside xt cab ibp
10219833,756,cluster_756,1.0,bf round top inside xt cab oma
10219836,756,cluster_756,1.0,bf round top inside xt cab oma-hal
10214022,755,cluster_755,1.0,bf round top inside xt ch ame
1021A3CS,755,cluster_755,1.0,bf round top inside xt ch crk
10212012,755,cluster_755,1.0,bf round top inside xt ch exc
1021A1IB,755,cluster_755,0.8899846474951016,bf round top inside xt ch ibp 6117
10292,755,cluster_755,0.9481161259871158,bf round top inside xt ch ibp-sra
1713A2NT,755,cluster_755,0.7706150748931003,bf round top inside xt ch nat6472
1021A2GM,755,cluster_755,1.0,bf round top inside xt ch oma
10216010,755,cluster_755,1.0,bf round top inside xt ch oma-hal
10213A2I,755,cluster_755,1.0,bf round top inside xt ch wre
1021450,755,cluster_755,1.0,bf round top inside xt nr wre
1021414,755,cluster_755,1.0,bf round top inside xt oma-hef-h
1021232,755,cluster_755,1.0,bf round top inside xt pr neb
10212575,755,cluster_755,1.0,bf round top inside xt pr oma
10212572,755,cluster_755,1.0,bf round top inside xt pr oma-h
10212582,755,cluster_755,1.0,bf round top inside xt pr wre
10210123,755,cluster_755,1.0,bf round top inside->ch cts
1021085,755,cluster_755,0.7039859669921172,bf round top inside->sl-00-in
1021419,-1,unclustered,0.0,bf round top inside-cosmo ch nat
102143,755,cluster_755,0.8422060739760909,bf round top inside-den ch ibp
10231683,755,cluster_755,0.8219038181240129,bf round top inside-pld ch oma
10210240,755,cluster_755,0.8422060739760909,bf round top inside-pld-co ch ibp
1021A112,755,cluster_755,0.6987542919868784,bf round top inside-pld-co jrm
1060A616,806,cluster_806,0.5692649215386056,bf shank hind blk-ang ch iap
10605155,-1,unclustered,0.0,bf shank hind cc fm thors hmr
1060A2AA,806,cluster_806,0.8459069097675573,bf shank hind ch ame
1060A2AU,806,cluster_806,1.0,bf shank hind ch aur
1060A223,-1,unclustered,0.0,bf shank hind ch bmt #15532
1060A612,806,cluster_806,0.7074043215292162,bf shank hind ch iap
1060A624,806,cluster_806,0.7485766376912786,bf shank hind ch uib
10606,806,cluster_806,0.7005832169072268,bf shank hind ch wre
1060A625,806,cluster_806,0.5513165524086862,bf shank hind ch-ang uib
1060A615,-1,unclustered,0.0,bf shank hind dmk
1060A2PM,-1,unclustered,0.0,bf shank hind me *__ fresh
1060786,806,cluster_806,0.5483604601907426,bf shank hind me fcb
10611,-1,unclustered,0.0,bf shank hind me gus
10611,-1,unclustered,0.0,bf shank hind me gus
106308,806,cluster_806,0.5087638341446246,bf shank hind me lft
10607,806,cluster_806,0.5574114362429317,bf shank hind me suk
1060A2AB,806,cluster_806,0.8459069097675573,bf shank hind nr ame
1060A3AU,806,cluster_806,1.0,bf shank hind nr aur
1060A210,-1,unclustered,0.0,bf shank hind nr evp 4/18
10605164,-1,unclustered,0.0,bf shank hind-frenched
1060A2AU,806,cluster_806,1.0,bf shank hind ch aur
1060A223,-1,unclustered,0.0,bf shank hind ch bmt #15532
10606,806,cluster_806,0.7399856907377734,bf shank hind ch wre
1060786,806,cluster_806,0.5997123556662503,bf shank hind me fcb
10607,806,cluster_806,0.5907717380530731,bf shank hind me suk
1060A2AB,806,cluster_806,0.7501480081854661,bf shank hind nr ame
1060A3AU,806,cluster_806,1.0,bf shank hind nr aur
1060A210,806,cluster_806,0.47875887010750634,bf shank hind nr evp 4/18
10604109,806,cluster_806,0.4914174271610438,bf shank hind-z>ch ee 2-in
10604878,-1,unclustered,0.0,bf shank hind-z>ch ee1.25in
10605154,-1,unclustered,0.0,bf shank hind-z>me cc 1.25in
10604466,-1,unclustered,0.0,bf shank hind-z>me cc 1.5-in
10604467,-1,unclustered,0.0,bf shank hind-z>me cc 2.0-in
106049,-1,unclustered,0.0,bf shank hind-z>me ee 1.25-in
106050,806,cluster_806,0.4794627185869925,bf shank hind-z>me ee 1.5-in
106051,806,cluster_806,0.4794627185869925,bf shank hind-z>me suk 1-in
105423,-1,unclustered,0.0,bf shank-fore me gus
105488,805,cluster_805,1.0,bf shank-fore me suk
1054202,805,cluster_805,1.0,bf shank-fore-z me lft
105476,-1,unclustered,0.0,bf shank-fore-z me pra
105488,805,cluster_805,1.0,bf shank-fore me suk
10604AU,-1,unclustered,0.0,bf shank-meat bnl aur
10604AU,-1,unclustered,0.0,bf shank-meat bnl aur
10389A,-1,unclustered,0.0,bf short plate/navel bi *_
10389AA,-1,unclustered,0.0,bf short plate/navel bnl *_
10086248,-1,unclustered,0.0,bf short rib pla-bi ang oma
10088,811,cluster_811,1.0,bf short rib pla-bi ch *__
100100,811,cluster_811,1.0,bf short rib pla-bi ch blm
10086990,811,cluster_811,1.0,bf short rib pla-bi ch evp
10097,811,cluster_811,1.0,bf short rib pla-bi ch iap
10086,812,cluster_812,1.0,bf short rib pla-bi ch ibp d2507ah
10086998,811,cluster_811,0.9630281891932981,bf short rib pla-bi ch nat
1008636,811,cluster_811,0.9338848495648574,bf short rib pla-bi ch oma-hal
1016230,-1,unclustered,0.0,bf short rib pla-bi me lft
10159,811,cluster_811,1.0,bf short rib pla-bi nr ibp
101610,811,cluster_811,0.8963151301593304,bf short rib pla-bi nr nbf
1008632,811,cluster_811,1.0,bf short rib pla-bi oma-hrf
1008626,811,cluster_811,1.0,bf short rib pla-bi pr oma
101626,811,cluster_811,1.0,bf short rib pla-bi sel crk
10097,811,cluster_811,1.0,bf short rib pla-bi ch iap
10086998,811,cluster_811,0.9429772640155916,bf short rib pla-bi ch nat
10159712,811,cluster_811,1.0,bf short rib pla-bi-z me fcb
10170474,811,cluster_811,1.0,bf short rib pla-bi> ch cts
10170441,812,cluster_812,1.0,bf short rib pla-bi> ch ibp .50-in
10161050,800,cluster_800,1.0,bf short rib pla-bi> ch ibp 16-oz
101612,-1,unclustered,0.0,bf short rib pla-bi> english cts
10170455,812,cluster_812,1.0,bf short rib pla-bi> nr ibp .5-in
1016105N,800,cluster_800,1.0,bf short rib pla-bi> nr neb 16-oz
10170477,811,cluster_811,1.0,bf short rib pla-bi> pr cts
10158200,811,cluster_811,1.0,bf short rib pla-bnl>ch cts
10158201,800,cluster_800,1.0,bf short rib pla-bnl>ch-12-oz 10#
101628,811,cluster_811,0.9845219461986977,bf short rib pla-z bi sel crk
101514,810,cluster_810,0.5173424751539887,bf short rib-chu-bi ang omc.
10151335,810,cluster_810,0.7162903478837809,bf short rib-chu-bi cab *__
101511,810,cluster_810,0.7393847984648366,bf short rib-chu-bi cab oma
1015312,810,cluster_810,0.8573317357488742,bf short rib-chu-bi cab wre
10082R,810,cluster_810,1.0,bf short rib-chu-bi ch *__
10151341,810,cluster_810,1.0,bf short rib-chu-bi ch aur
10151346,810,cluster_810,0.975981725929104,bf short rib-chu-bi ch crk
10151,810,cluster_810,1.0,bf short rib-chu-bi ch oma
1015310,810,cluster_810,0.975981725929104,bf short rib-chu-bi ch wre
1072A111,810,cluster_810,0.7494220655931745,bf short rib-chu-bi me fcb
107213,810,cluster_810,0.5970541743841595,bf short rib-chu-bi me gus
1072A1SK,810,cluster_810,0.7686453381520589,bf short rib-chu-bi me suk
101470,810,cluster_810,0.8228556974086916,bf short rib-chu-bi nr dmk
10154,810,cluster_810,0.8044079871712683,bf short rib-chu-bi oma-hrf
10082494,810,cluster_810,0.8408750364369847,bf short rib-chu-bi pr crk
1072A3GO,810,cluster_810,0.8291815338278976,bf short rib-chu-bi pr oma
1072106,810,cluster_810,0.975981725929104,bf short rib-chu-bi pr wre
10082498,810,cluster_810,0.6951377479681761,bf short rib-chu-bi se dmk
1015312,810,cluster_810,0.8573317357488742,bf short rib-chu-bi cab wre
10151346,810,cluster_810,0.7737632280477622,bf short rib-chu-bi ch crk
1072A111,810,cluster_810,0.8391051249036713,bf short rib-chu-bi me fcb
107213,810,cluster_810,0.6778429581169935,bf short rib-chu-bi me gus
1072A129,810,cluster_810,0.689425060954958,bf short rib-chu-bi-z me lft
107280S,810,cluster_810,0.6494956797207909,bf short rib-chu-bi-z me san
1072A1SK,810,cluster_810,0.7729959687257022,bf short rib-chu-bi me suk
101470,810,cluster_810,0.8750567689131072,bf short rib-chu-bi nr dmk
10082494,810,cluster_810,0.8750567689131072,bf short rib-chu-bi pr crk
1072106,810,cluster_810,0.9266068334512432,bf short rib-chu-bi pr wre
10082498,810,cluster_810,0.6951377479681761,bf short rib-chu-bi se dmk
10724S,810,cluster_810,0.6438774574308761,bf short rib-chu-bi> ch cts2x2
10162,-1,unclustered,0.0,bf short rib-chu-bi> ch14-16-oz
10724X,810,cluster_810,0.6166225493876708,bf short rib-chu-bi> me cts2x2
19982999,-1,unclustered,0.0,bf short rib-chu-bi>-z me .25in
10082968,810,cluster_810,0.5288197717674574,bf short rib-chu-bi>-z me 2.00-in
10722S,-1,unclustered,0.0,bf short rib-chu-bi>me .50in
10150F,810,cluster_810,0.6229475533562502,bf short rib-chu-bnl nr *__
10144985,-1,unclustered,0.0,bf short rib-chu-bnl>ch cts 10#
102202,512,cluster_512,1.0,bf skirt inner ang omc
10123076,512,cluster_512,1.0,bf skirt inner ca nbf
10149916,512,cluster_512,1.0,bf skirt inner cab exc
1014B1IB,512,cluster_512,0.9459621806143839,bf skirt inner cab ibp d3106ah
1014B1I1,512,cluster_512,0.8360032406553691,bf skirt inner cab ibp str d3108ah
10123022,512,cluster_512,1.0,bf skirt inner cab nbf
1021A2GO,512,cluster_512,1.0,bf skirt inner cab oma
10142222,512,cluster_512,1.0,bf skirt inner cab wre
10149914,512,cluster_512,1.0,bf skirt inner ch aur
1014A2CS,512,cluster_512,1.0,bf skirt inner ch crk-nat
10142224,512,cluster_512,1.0,bf skirt inner ch exc
1014A1IB,512,cluster_512,1.0,bf skirt inner ch ibp
1014A6AM,512,cluster_512,1.0,bf skirt inner ch iow
1014A2NT,512,cluster_512,1.0,bf skirt inner ch nat
10123020,512,cluster_512,1.0,bf skirt inner ch nbf
102199,512,cluster_512,1.0,bf skirt inner ch oma
102203,512,cluster_512,1.0,bf skirt inner ch oma-hal
1015A2NC,512,cluster_512,1.0,bf skirt inner ch stx
1014BLR,512,cluster_512,1.0,bf skirt inner ch swi-blr
1015A2NB,512,cluster_512,1.0,bf skirt inner ch wre
10140803,512,cluster_512,1.0,bf skirt inner nr crk
1014ANI3,512,cluster_512,1.0,bf skirt inner nr nbf
1015804,512,cluster_512,1.0,bf skirt inner nr wre
1014ANI5,512,cluster_512,1.0,bf skirt inner nr-z exc
10140456,512,cluster_512,1.0,bf skirt inner oma-hrf
1014A3CS,512,cluster_512,1.0,bf skirt inner pr crk
1021655,512,cluster_512,1.0,bf skirt inner pr oma
1021657,512,cluster_512,1.0,bf skirt inner pr oma-hal
10599110,512,cluster_512,1.0,bf skirt inner pr-cts
1014A1CS,512,cluster_512,1.0,bf skirt inner se crk
101445,512,cluster_512,1.0,bf skirt inner se exc
1021A3GO,512,cluster_512,1.0,bf skirt inner se oma
1014042,512,cluster_512,1.0,bf skirt inner se wre
1014B1IC,512,cluster_512,0.9372881212911831,bf skirt inner wag oma-h
102232,512,cluster_512,1.0,bf skirt inner-ca aa har
102233,512,cluster_512,1.0,bf skirt inner-ca aa sth
102234,512,cluster_512,1.0,bf skirt inner-ca aaa har
1014A1IB,512,cluster_512,1.0,bf skirt inner ch ibp
1014A2NT,512,cluster_512,1.0,bf skirt inner ch nat
1014A1IC,512,cluster_512,1.0,bf skirt inner-z ch stx
10160100,512,cluster_512,1.0,bf skirt inner>ch cts
1012204,512,cluster_512,1.0,bf skirt outer ca aur
10234544,512,cluster_512,1.0,bf skirt outer ca crk-mc 51931
10123015,512,cluster_512,1.0,bf skirt outer cab iap
10124,512,cluster_512,1.0,bf skirt outer ch *__
10234546,512,cluster_512,1.0,bf skirt outer ch crk-ct 51961
101236,512,cluster_512,1.0,bf skirt outer ch ibp d3157ah
1012301,512,cluster_512,1.0,bf skirt outer ch ibp-sra
10127002,512,cluster_512,1.0,bf skirt outer ch iow
10123ANT,512,cluster_512,1.0,bf skirt outer ch nat
1016A2GO,512,cluster_512,1.0,bf skirt outer ch oma
1021990,512,cluster_512,0.957824820211444,bf skirt outer ch oma sml box
1016A215,512,cluster_512,1.0,bf skirt outer ch oma-hal
10127023,512,cluster_512,1.0,bf skirt outer ch upi
1014490,512,cluster_512,1.0,bf skirt outer ch was
1012684,512,cluster_512,1.0,bf skirt outer nr crk
1012A1IB,512,cluster_512,1.0,bf skirt outer nr ibp
10127005,512,cluster_512,1.0,bf skirt outer nr iow
10123045,512,cluster_512,1.0,bf skirt outer nr nat
10161512,512,cluster_512,1.0,bf skirt outer nr oma
10161516,512,cluster_512,0.8112904104195169,bf skirt outer nr oma-small box
1016A2G1,512,cluster_512,1.0,bf skirt outer oma-hrf
1016A2G5,512,cluster_512,1.0,bf skirt outer oma-hrf hal
1016812,512,cluster_512,1.0,bf skirt outer pr 5 str
10234548,512,cluster_512,1.0,bf skirt outer pr crk-mc
10234568,512,cluster_512,1.0,bf skirt outer pr crk-nat
1016810,512,cluster_512,1.0,bf skirt outer pr oma
1016A5GO,512,cluster_512,1.0,bf skirt outer pr oma-hal
1012686,512,cluster_512,1.0,bf skirt outer se crk
10161510,512,cluster_512,1.0,bf skirt outer se oma
105992F,512,cluster_512,1.0,bf skirt outer->ch end&pcs fajita
105992T,512,cluster_512,0.7854184593451639,bf skirt outer->ch end&pcs taco
1059921,512,cluster_512,1.0,bf skirt outer->sel pcs
1059921,512,cluster_512,1.0,bf skirt outer->sel pcs
1012206,512,cluster_512,1.0,bf skirt outer-ca har a
1012207,512,cluster_512,1.0,bf skirt outer-ca har aa
1012205,512,cluster_512,1.0,bf skirt outer-ca har aaa
101236,512,cluster_512,1.0,bf skirt outer ch ibp d3157ah
1012A1IB,512,cluster_512,1.0,bf skirt outer nr ibp
101244,512,cluster_512,1.0,bf skirt outer-z nr kne
1012A2EV,512,cluster_512,1.0,bf skirt outer.pld ch *__
10148AAB,512,cluster_512,1.0,bf skirt outer.pld imp-me gr
10123797,512,cluster_512,1.0,bf skirt outer.pld imp-me gus
10123810,512,cluster_512,1.0,bf skirt outer.pld imp-me pra
10148AAK,512,cluster_512,1.0,bf skirt outer.pld imp-me suk
1012AA12,512,cluster_512,1.0,bf skirt outer.pld pr ibp
10599100,512,cluster_512,1.0,bf skirt outer.pld->ch
10371174,512,cluster_512,1.0,bf skirt outer.pld->ch 08s -z
10371175,512,cluster_512,1.0,bf skirt outer.pld->ch 10s -z
105992,512,cluster_512,1.0,bf skirt outer.pld->ch end&pcs fmc
10599187,512,cluster_512,1.0,bf skirt outer.pld->ch fmc cts ee
10599208,512,cluster_512,1.0,bf skirt outer.pld->ch oma cc08
10599208,512,cluster_512,1.0,bf skirt outer.pld->ch oma cc08
10599246,512,cluster_512,1.0,bf skirt outer.pld->ch-ibp cc10
10599188,512,cluster_512,0.9913203708064373,bf skirt outer.pld->ch-ibp cubed
10599205,512,cluster_512,1.0,bf skirt outer.pld->ch-oma cc05.5
10599206,512,cluster_512,1.0,bf skirt outer.pld->ch-oma cc06
10599207,512,cluster_512,1.0,bf skirt outer.pld->ch-oma cc07
10599209,512,cluster_512,1.0,bf skirt outer.pld->ch-oma cc08-bfl
10599203,512,cluster_512,1.0,bf skirt outer.pld->ch-oma cc09
10599210,512,cluster_512,1.0,bf skirt outer.pld->ch-oma cc10
10599211,512,cluster_512,1.0,bf skirt outer.pld->ch-oma cc11
10599201,512,cluster_512,1.0,bf skirt outer.pld->ch-oma cc12
10599214,512,cluster_512,1.0,bf skirt outer.pld->ch-oma cc14
10599202,512,cluster_512,0.9604343358746842,bf skirt outer.pld->me-urg cube 10#
10599180,512,cluster_512,1.0,bf skirt outer.pld->nr end&pcs
10599190,512,cluster_512,0.9691999877924858,bf skirt outer.pld->nr end&pcs-z10#
10599219,512,cluster_512,1.0,bf skirt outer.pld->pr cts
1012374,512,cluster_512,1.0,bf skirt outer.pld-z imp-me fcb
10123797,512,cluster_512,1.0,bf skirt outer.pld imp-me gus
10123876,512,cluster_512,1.0,bf skirt outer.pld-z imp-me lft
10123810,512,cluster_512,1.0,bf skirt outer.pld imp-me pra
10148AAK,512,cluster_512,1.0,bf skirt outer.pld imp-me suk
1012412,512,cluster_512,1.0,bf skirt outer.pld-z imp-uru sir
10435,-1,unclustered,0.0,bf spleen-z aur 30#
10636689,-1,unclustered,0.0,bf steak t-bone -z me 10-oz ivp
1042202,-1,unclustered,0.0,bf stk ckd season-z fajita 10#
100730,-1,unclustered,0.0,bf stk clod-tnd/tm ch 00s 11#
100733,-1,unclustered,0.0,bf stk clod-tnd/tm ch 03s 4/2.8#-vp
10073306,-1,unclustered,0.0,bf stk clod-tnd/tm ch 06s 4/2.25#vp
101604,-1,unclustered,0.0,bf stk flank ch diced.25-in 10#vp
1087676,463,cluster_463,1.0,bf stk flat iron ch 06s 26ct
1087678,463,cluster_463,1.0,bf stk flat iron ch 08s 20ct
1087677,463,cluster_463,0.7212285495546089,bf stk flat iron ch cts
1087672,463,cluster_463,1.0,bf stk flat iron pr 06s 26ct
10164S,-1,unclustered,0.0,bf stk hanger ch 00s 00ct
1016408,-1,unclustered,0.0,bf stk hanger pr 08s 20ct ivp
10329966,-1,unclustered,0.0,bf stk loin bb baltip->cts-vp
1003A4NT,837,cluster_837,1.0,bf stk ribeye bi cab-l cts ee
10030916,-1,unclustered,0.0,bf stk ribeye bi ch 16s 10#
10030922,-1,unclustered,0.0,bf stk ribeye bi ch 22s 10#
10030909,837,cluster_837,1.0,bf stk ribeye bi ch cts
1001004,837,cluster_837,1.0,bf stk ribeye bi pr cts ee
10040100,837,cluster_837,0.8345306340976033,bf stk ribeye bi pr ee00s bvp
1004018,-1,unclustered,0.0,bf stk ribeye bi-cowboy ch 18s ivp
1004148,-1,unclustered,0.0,bf stk ribeye bi-cowboy ch 24s ivp
1004140,-1,unclustered,0.0,bf stk ribeye bi-cowboy ch cts
10061131,837,cluster_837,1.0,bf stk ribeye bi-frc cab-l cts
10061713,837,cluster_837,1.0,bf stk ribeye bi-frc ch cts
1004081,-1,unclustered,0.0,bf stk ribeye bi-tomahk ch 00s ivp
10067956,838,cluster_838,0.9710257005012493,bf stk ribeye bnl ca cc16 10ct
10065870,837,cluster_837,0.8517895421744414,bf stk ribeye bnl cab-l fmc cc cts
10065845,837,cluster_837,1.0,bf stk ribeye bnl cab-l oma cc cts
10570476,837,cluster_837,1.0,bf stk ribeye bnl cab-l oma ee cts
10067568,-1,unclustered,0.0,bf stk ribeye bnl ch 18-oz del
10067564,838,cluster_838,1.0,bf stk ribeye bnl ch cc08 20ct
10067563,838,cluster_838,0.8634703768037759,bf stk ribeye bnl ch cc10 16ct ivp
10067561,-1,unclustered,0.0,bf stk ribeye bnl ch cc11 10ct yolk
10067999,838,cluster_838,1.0,bf stk ribeye bnl ch cc12 10ct
10067954,838,cluster_838,1.0,bf stk ribeye bnl ch cc14 12ct
10067620,-1,unclustered,0.0,bf stk ribeye bnl ch cc20 1.25 ivp8
10067508,-1,unclustered,0.0,bf stk ribeye bnl ch ee 07
10067500,837,cluster_837,1.0,bf stk ribeye bnl ch ee-s/a cts
1006753,837,cluster_837,0.807766542442679,bf stk ribeye bnl ch ee-s/a-08
10067550,837,cluster_837,0.8056356485314398,bf stk ribeye bnl ch ee-s/a-12
10065760,-1,unclustered,0.0,bf stk ribeye bnl ch ee-s/a-3/1-iwp
10061120,-1,unclustered,0.0,bf stk ribeye bnl ch oma 12s
10067011,837,cluster_837,0.9338468840913955,bf stk ribeye bnl ch splt- rst
10570460,837,cluster_837,1.0,bf stk ribeye bnl ch-l fmc ee cts
10067554,837,cluster_837,0.7732775792176942,bf stk ribeye bnl nr ee00 s/a
10065081,837,cluster_837,0.7732775792176942,bf stk ribeye bnl nr ee00s 00ct lp
10371010,-1,unclustered,0.0,bf stk ribeye bnl pr 08s thick ivp
10067574,-1,unclustered,0.0,bf stk ribeye bnl pr 18-oz del
10371011,837,cluster_837,0.9779047566740102,bf stk ribeye bnl pr oma - ee cts
1006756P,-1,unclustered,0.0,bf stk ribeye bnl pr oma cc12s 10p
1004654,828,cluster_828,0.8938814949476512,bf stk ribeye ute08+ 08s 20ct ivp
10069C,828,cluster_828,1.0,bf stk ribeye ute08+ ee3-1 20#
100690JB,828,cluster_828,0.9679774715204295,bf stk ribeye ute10+ 00s ivp
1006901P,828,cluster_828,0.9577264491535225,bf stk ribeye ute10+ 10s ivp li
10069804,-1,unclustered,0.0,bf stk ribeye ute10+ cube 3-1 ivp
10069805,828,cluster_828,1.0,bf stk ribeye ute10+ ee3-1 iwp
10069803,-1,unclustered,0.0,bf stk ribeye ute10+ ee3-1 lp
10069806,828,cluster_828,1.0,bf stk ribeye ute10+ ee4-1 ivp
10260892,-1,unclustered,0.0,bf stk shrtln 2x3 ch ee00s
10261308,832,cluster_832,1.0,bf stk shrtln ch cts ivp
10261310,-1,unclustered,0.0,bf stk shrtln ch ee tb+ph 10s ivp
10635,-1,unclustered,0.0,bf stk shrtln ch ee tb+ph 16s sa
10260850,832,cluster_832,1.0,bf stk shrtln ch gom phse cts
102612BB,496,cluster_496,1.0,bf stk shrtln pr 24-oz u
10261204,832,cluster_832,1.0,bf stk shrtln pr cts ivp s/a
10260851,832,cluster_832,1.0,bf stk shrtln pr gom phse cts
10636686,-1,unclustered,0.0,bf stk shrtln t-bone me 08s ee20p
10660933,829,cluster_829,0.7595060633042395,bf stk strip bnl cab cc12s 12ct
10660936,-1,unclustered,0.0,bf stk strip bnl cab cc14s 10ct
10652676,829,cluster_829,0.9576775878281011,bf stk strip bnl ch cc00s 00ct
10652678,829,cluster_829,0.9576775878281011,bf stk strip bnl ch cc08s 20ct
10660,829,cluster_829,1.0,bf stk strip bnl ch cc10s 04ct
10660912,829,cluster_829,1.0,bf stk strip bnl ch cc14s 12ct
10660917,829,cluster_829,1.0,bf stk strip bnl ch cc16s 10ct
10283P,-1,unclustered,0.0,bf stk strip bnl ch ee00s
1028307,-1,unclustered,0.0,bf stk strip bnl ch ee07s-ivp10#
10305846,-1,unclustered,0.0,bf stk strip bnl ch-v snug 08s 10#
10305845,826,cluster_826,1.0,bf stk strip bnl ch-v snug 10s 10#
10305888,-1,unclustered,0.0,bf stk strip bnl ch-v snug 6s 10#
10284010,829,cluster_829,0.8926153449253293,bf stk strip bnl pr cc00s 00ct
10660944,829,cluster_829,0.9092156868004144,bf stk strip bnl pr cc12s 12p
10661014,829,cluster_829,0.9896035631644684,bf stk strip bnl pr cc14s 12p
10661016,829,cluster_829,0.9896035631644684,bf stk strip bnl pr cc16s 10p
10284015,829,cluster_829,0.7838358699062984,bf stk strip bnl pr ee00 gw*
10305930,-1,unclustered,0.0,bf stk strip bnl-v lngi ch08 10#
10371176,-1,unclustered,0.0,bf stk strip-z bnl ch>snug 7oz
10371180,-1,unclustered,0.0,bf stk strip-z bnl ch>vein 12oz
1037805,821,cluster_821,0.5614968873482994,bf stk tndr filet ch 00s cc cts
10696,821,cluster_821,0.610857342330249,bf stk tndr filet ch 00s fc ivp??
10371155,821,cluster_821,0.6860760052505112,bf stk tndr filet ch 05s cc
10371161,821,cluster_821,0.6860760052505112,bf stk tndr filet ch 05s fc
10371162,821,cluster_821,1.0,bf stk tndr filet ch 06s cc ivp20
1037115,821,cluster_821,0.6358227952830408,bf stk tndr filet ch 06s cc leye
10371160,-1,unclustered,0.0,bf stk tndr filet ch 06s cc tray
10371177,821,cluster_821,0.5869120329585897,bf stk tndr filet ch 06s fc sa
10371166,821,cluster_821,1.0,bf stk tndr filet ch 07s cc ivp20
10371164,-1,unclustered,0.0,bf stk tndr filet ch 07s cc tray??
1037110,821,cluster_821,1.0,bf stk tndr filet ch 08s cc ivp20
1037112,821,cluster_821,0.6358227952830408,bf stk tndr filet ch 08s cc leye
10371167,821,cluster_821,0.5848188943097743,bf stk tndr filet ch 08s cc-u
10371101,821,cluster_821,0.86851028468559,bf stk tndr filet ch 08s fc ivp20
1037114,821,cluster_821,0.7837140396275754,bf stk tndr filet ch 09s cc ivp12
1037210,821,cluster_821,0.8244602017788808,bf stk tndr filet ch 10s cc ivp18
10371090,821,cluster_821,0.7338744851418626,bf stk tndr filet ch 12s cc ivp16
10371154,821,cluster_821,0.5109837529680509,bf stk tndr filet nr 04s cc 4p-vp
1037806,821,cluster_821,0.4768971363136094,bf stk tndr filet pr 00s ee cts
10378064,821,cluster_821,0.5001815926865427,bf stk tndr filet pr 04s
1037110P,821,cluster_821,0.7353027106790293,bf stk tndr filet pr 08s cc ivp20
1037190,821,cluster_821,0.4768971363136094,bf stk tndr filet pr 08s-u
10600580,809,cluster_809,0.7572265334950887,bf stk tndr med ch 02s 2/5#vp
10600581,809,cluster_809,1.0,bf stk tndr med ch 02s 26/3ct-vp
10600581,809,cluster_809,1.0,bf stk tndr med ch 02s 26/3ct-vp
10637,809,cluster_809,1.0,bf stk tndr med ch 03s 18/3ct-vp10#
10636557,809,cluster_809,1.0,bf stk tndr med ch 03s 5/10ct
10636556,809,cluster_809,1.0,bf stk tndr med ch 03s-oz 16/3ct
10636546,809,cluster_809,1.0,bf stk tndr med ch 04s 5/10ct
1063652,809,cluster_809,1.0,bf stk tndr med pr 04s 5/10ct
10636510,809,cluster_809,0.8881484768458173,bf stk tndr med pr 04s 8ct
10636530,809,cluster_809,1.0,bf stk tndr med pr 05s 4/10ct
1038701,338,cluster_338,1.0,bf stk tndr-tail/tip fmc 10#
10387012,338,cluster_338,0.9587752028070348,bf stk tndr-tail/tip fmc-1#vp
10672666,671,cluster_671,0.9155426742730586,bf stk top but ccbb ch 06s 10ct
10672890,671,cluster_671,1.0,bf stk top but ccbb ch 06s 26ct
10672896,671,cluster_671,1.0,bf stk top but ccbb ch 08s 20ct
10672898,671,cluster_671,1.0,bf stk top but ccbb ch 10s 16ct
10672894,671,cluster_671,0.7449082872781567,bf stk top but ccbb pr 10s 16ct
10651841,671,cluster_671,0.5883653208216136,bf stk top but ccbb-oma pr cts
10672012,671,cluster_671,0.49295512357508725,bf stk top but culot cap pld ch jac
10672308,671,cluster_671,0.6604279036273503,bf stk top but culot ch 07s 28ct
10672410,671,cluster_671,0.7239051477522753,bf stk top but culot ch 10s 20ct
10371038,671,cluster_671,0.6138724074810695,bf stk top but culot pr 02.6s 20/3p
10371030,671,cluster_671,0.7082483330827529,bf stk top but culot pr 08s 18ct
10371035,671,cluster_671,0.7239051477522753,bf stk top but culot pr 10s 16ct
1030A201,-1,unclustered,0.0,bf stk top but-> cut 10-oz sall
10185240,-1,unclustered,0.0,bf stk top sir strip stir fry 4/3#
10422F,-1,unclustered,0.0,bf stk trim fajita cut ch 10#
1042201,-1,unclustered,0.0,bf stk trim fajita cut ch 4/3#vp
10422045,-1,unclustered,0.0,bf stk trim stroganof ch 10#
10038260,-1,unclustered,0.0,bf stk-z ribeye bnl ch grf 10s/6
100691JB,828,cluster_828,0.9577264491535225,bf stk-z ribeye ute12+ 00s ivp
10875281,-1,unclustered,0.0,bf stk-z rnd top ch wgf 12-oz
10636686,-1,unclustered,0.0,bf stk shrtln t-bone me 08s ee20p
10261978,496,cluster_496,1.0,bf stk-z shrtln t-bone me ee10oz
10261977,496,cluster_496,1.0,bf stk-z shrtln t-bone-z me ee12oz
1028317,-1,unclustered,0.0,bf stk-z strip bnl ch 10s chp 6p
10038165,826,cluster_826,1.0,bf stk-z strip bnl ch-gf thm 10s/8p
10660919,830,cluster_830,1.0,bf stk-z strip bnl ch-v 06s fmc 26p
10660920,830,cluster_830,1.0,bf stk-z strip bnl ch-v 08s fmc 20p
10660937,830,cluster_830,1.0,bf stk-z strip bnl ch-v 10s fmc 16p
10660929,830,cluster_830,1.0,bf stk-z strip bnl ch-v 12s fmc 13p
10371179,-1,unclustered,0.0,bf stk-z tndr filet ch-gf wgf 06s
1036366,-1,unclustered,0.0,bf stk-z tndr-fil ch-gf 06s grf 8p
1038701,338,cluster_338,1.0,bf stk tndr-tail/tip fmc 10#
10387879,338,cluster_338,1.0,bf stk-z tndr-tail/tip mbl 10#
10038368,-1,unclustered,0.0,bf stk-z top sir ch-gf 08s grf 8p
10441S99,334,cluster_334,1.0,bf sweet breads-z car 30#
104410,334,cluster_334,1.0,bf sweet breads-z oma 20#
104411,334,cluster_334,1.0,bf sweet breads-z wre 20#
101655,500,cluster_500,0.7957624038953193,bf taco meat *__
101653,500,cluster_500,0.7764317888485058,bf taco meat alex meat 60#
10165SA,-1,unclustered,0.0,bf taco meat fmc-sam 10#
10165SA,500,cluster_500,0.7792962713460682,bf taco meat fmc-sam 10#
10165800,500,cluster_500,0.7646874841173308,bf taco meat fulton market 8/5#
10165802,-1,unclustered,0.0,bf taco meat fulton market-vp
1016404,500,cluster_500,0.9793534449423944,bf taco meat minced gus- 6/5#
10165389,500,cluster_500,1.0,bf taco meat minced suk- 6/5#
1016510,-1,unclustered,0.0,bf taco meat tend-z gwb 4/5# cvp
101653,500,cluster_500,0.7792962713460682,bf taco meat alex meat 60#
1016404,500,cluster_500,0.9348978921350591,bf taco meat minced gus- 6/5#
10165395,500,cluster_500,1.0,bf taco meat-z minced ran
10165391,500,cluster_500,1.0,bf taco meat-z minced suk 6/5#
104424,-1,unclustered,0.0,bf tendon leg achilles-z ame 30#
104428,-1,unclustered,0.0,bf tendon leg achilles-z car 20#
1044564,781,cluster_781,1.0,bf tong-z # 1 wht ram 28#
10443FL,780,cluster_780,0.9052218680618953,bf tong-z #1 blk *__
10448PZ,780,cluster_780,0.9495161844968654,bf tong-z #1 blk afg 5640 30#
1044805,780,cluster_780,1.0,bf tong-z #1 blk cav 30#
10447P1,780,cluster_780,1.0,bf tong-z #1 blk ran 30#
10446AM,780,cluster_780,0.928359237592614,bf tong-z #1 wht ame-05630 25#
104489,780,cluster_780,0.9495161844968654,bf tong-z #1 wht ibp prem1252 17#
10444FL,780,cluster_780,1.0,bf tong-z #2 *__ 30#
10445PBG,-1,unclustered,0.0,bf tong-z #2 hel 15#
1044610,781,cluster_781,1.0,bf tong-z #2 ram 25#
1044511,-1,unclustered,0.0,bf tong-z ckd hal fri
1044565,781,cluster_781,1.0,bf tong-z ram # 1 blk 28#
1044566,781,cluster_781,0.8253767700932635,bf tong-z ram mix 28#
10443522,-1,unclustered,0.0,bf tong-z root filet oma 30#
10490223,-1,unclustered,0.0,bf tong-z trim gom 60#
1044503,-1,unclustered,0.0,bf tong-z white #1 cav
104239,-1,unclustered,0.0,bf trim 50% fat-z
104237,293,cluster_293,0.4344676104500551,bf trim loin tail ch oma
10423885,201,cluster_201,1.0,bf trim spec trim-z ch ibp 0147
10510,201,cluster_201,1.0,bf trim spec->cubed stk-00-oz 10#
10512,201,cluster_201,1.0,bf trim spec->cubed stk-05-oz 10#
1039A2EK,293,cluster_293,0.7407275177929503,bf trim-rosemeat ch *__
1040168,293,cluster_293,0.6194102529735871,bf trim-rosemeat me gus
10400924,293,cluster_293,1.0,bf trim-rosemeat me lft
10400915,293,cluster_293,0.8119950310681823,bf trim-rosemeat me pra
10400912,293,cluster_293,0.9487815452428618,bf trim-rosemeat me suk
1039A1EL,293,cluster_293,0.6137902845105832,bf trim-rosemeat nr evp
1040168,293,cluster_293,0.7905648010045442,bf trim-rosemeat me gus
10400924,293,cluster_293,1.0,bf trim-rosemeat me lft
10400915,293,cluster_293,0.8515829481289479,bf trim-rosemeat me pra
10400912,293,cluster_293,1.0,bf trim-rosemeat me suk
1039A1EL,293,cluster_293,0.6380624480090648,bf trim-rosemeat nr evp
10427,-1,unclustered,0.0,bf trimming fco 50%
10440333,423,cluster_423,1.0,bf tripe book/omasum-z 333 20#
10440HU1,423,cluster_423,1.0,bf tripe book/omasum-z oma-hal 25#
10440H1,423,cluster_423,1.0,bf tripe book/omasum-z san 25#
1044011,801,cluster_801,1.0,bf tripe hny comb-z *__
104403,801,cluster_801,0.8537329626017522,bf tripe hny comb-z 333 20#
1044702,801,cluster_801,1.0,bf tripe hny comb-z afg 10#
1044024,801,cluster_801,0.8366094038162424,bf tripe hny comb-z car 24#
104402H,801,cluster_801,0.8217025438129725,bf tripe hny comb-z hos 25#
10440158,801,cluster_801,0.8537329626017522,bf tripe hny comb-z ibp-v1610 10#
1044703,801,cluster_801,1.0,bf tripe hny comb-z mpb 10#
10440GO1,801,cluster_801,0.8599844614213387,bf tripe hny comb-z oma-hal 15#
10389980,-1,unclustered,0.0,bf tripe reg cut
10441545,-1,unclustered,0.0,bf tripe reg scld fresh ame6475 60#
10440AU,799,cluster_799,0.713715110715018,bf tripe reg scld fresh aur 70#
1044039,799,cluster_799,0.8153598233596521,bf tripe reg scld-z 333 44#
1044212,799,cluster_799,1.0,bf tripe reg scld-z 4st 60#
10371050,799,cluster_799,1.0,bf tripe reg scld-z ame 60#
10440AU,799,cluster_799,0.8569268728217526,bf tripe reg scld fresh aur 70#
10440PK,799,cluster_799,0.8226937003899569,bf tripe reg scld-z car 60#
1044049,799,cluster_799,0.9097682493012914,bf tripe reg scld-z hos 25#
1044213,799,cluster_799,0.8513099893962477,bf tripe reg scld-z ibb 30#
10440957,799,cluster_799,1.0,bf tripe reg scld-z suk 60#
10440800,799,cluster_799,0.7022178732226148,bf tripe reg scld-z- els 1-in 50#
10440803,799,cluster_799,0.7634759401783663,bf tripe reg scld-z->ame1.0-in 60#
10440802,799,cluster_799,0.8226937003899569,bf tripe reg scld-z->ame1.5-in 60#
10440801,-1,unclustered,0.0,bf tripe reg scld-z->aur1-in 70#
1006490,-1,unclustered,0.0,bf wag bhf bacon 20/1#-z
1006462,-1,unclustered,0.0,bf wag bhf grind-75 brk 10/1#-z
1006460,-1,unclustered,0.0,bf wag bhf grind-75 brk 25/1#-z
1006473,-1,unclustered,0.0,bf wag bhf pat-75 4-oz 20/2p 10#-z
1006472,-1,unclustered,0.0,bf wag bhf pat-75 8-oz 10/2p 10#-z
101724,-1,unclustered,0.0,bf wag msh short rib-chu-bnl
1006860,-1,unclustered,0.0,bf wag-jap-a5 loin strip hlv 1/12#
1006871,-1,unclustered,0.0,bf wag-jap-a5 loin tnderloin-1/7#
1006825,-1,unclustered,0.0,bf wag-jap-a5 ribeye bnl 1/12#
1006827,-1,unclustered,0.0,bf wag-jap-a5 ribeye-cap 2/3.5#
10277510,-1,unclustered,0.0,bf wag-jap-a5 short rib chuck 2/15#
1006781,826,cluster_826,1.0,bf wag-stk j-a5 ribeye bnl 11s-1p
10660981,826,cluster_826,1.0,bf wag-stk j-a5 strip bnl 10s-1p
10660982,826,cluster_826,1.0,bf wag-stk j-a5 strip bnl-z 10s 4p
10100000,-1,unclustered,0.0,bf-a cutting labor
1998677,-1,unclustered,0.0,bfstk chopped jemm 08 oz 8/4#-z
10519989,-1,unclustered,0.0,bfstk-frit ctry 5.3 oz hol-19007-z
22018,-1,unclustered,0.0,bfstk-hoagie pat 3-1 jemm 15#-z
22019,-1,unclustered,0.0,bfstk-philly 4-oz apf-350400 10#
12510000,-1,unclustered,0.0,bht
450106,835,cluster_835,1.0,big game burger 20/8oz round
450105,835,cluster_835,1.0,big game burger 20/8oz round 4/5pc
90801432,-1,unclustered,0.0,biscuit btmlk 3-in 100/2.25 bf6185
71562250,-1,unclustered,0.0,bison bnls strips
71563350,490,cluster_490,1.0,bison bnls tenderloin
22058B,-1,unclustered,0.0,bison chuck roll-z 10#
71525220,490,cluster_490,0.8914646095654583,bison export ribs
10416G1,-1,unclustered,0.0,bison grnd 10#-z
71244000,-1,unclustered,0.0,bison ground-4-2.5lb-broadleaf
71103000,-1,unclustered,0.0,bison osso bucco
71319230,490,cluster_490,1.0,bison ribeye bnls
71562251,490,cluster_490,1.0,bison short ribs bnls
71562252,490,cluster_490,0.8914646095654583,bison short ribs bone in
71720500,490,cluster_490,0.9080102338727406,bison wings brd bnls
907800,-1,unclustered,0.0,black bean empanada
900221,192,cluster_192,0.93314989824108,black bean soup
88780,-1,unclustered,0.0,black container ve-878b 32oz *queen*
210002,-1,unclustered,0.0,black forest ham logs
62063,-1,unclustered,0.0,black mussel whole 10#
625584,-1,unclustered,0.0,black oak rope sausage 11#
84010,289,cluster_289,1.0,black pepper powder 5# each
88680,150,cluster_150,1.0,black plastic container 6x9 28 oz
190811,-1,unclustered,0.0,black river farms 90/10 boxed triming
85291,-1,unclustered,0.0,black soy sauce *dsb* brand
85290,-1,unclustered,0.0,black soy sauce *khs* 12 glass bottles
13179984,-1,unclustered,0.0,"blade b/i chuck, aurora (ch)"
13173790,-1,unclustered,0.0,"blade b/in chuck, ch, black mountain"
48009990,594,cluster_594,1.0,"blade meat (poly), pork moesle (35#)"
48019990,594,cluster_594,1.0,"blade meat (poly), pork moesle (60#)"
48029990,594,cluster_594,1.0,"blade meat, moesle, combo pork"
48013570,-1,unclustered,0.0,"blade meat, pork ibp"
99999,-1,unclustered,0.0,blank
84941,-1,unclustered,0.0,bleach 5.25% 1/3 gallon
99914,-1,unclustered,0.0,bleach 6/1 gal majestic
96725890,-1,unclustered,0.0,"blk fores ham, lof delis 8/9oz (4.5#)"
96705940,-1,unclustered,0.0,"blk frt ham&blk frttky,lofp 6c,6/20 (7.5"
10431030,669,cluster_669,1.0,blood beef edible jbs (6/1 gal)
31604,-1,unclustered,0.0,blood orange 22# case
10439980,669,cluster_669,1.0,"blood, beef edible 4/1gallons"
99999999,669,cluster_669,1.0,"blood, beef edible jbs (6/1gal)"
10539980,669,cluster_669,0.8014289842293402,"blood, pork edible 4/1gallons"
51011,292,cluster_292,0.4565199544678486,blue crab 5/7ct 12/2#
77084369,-1,unclustered,0.0,"blue crab, gumbo 3-7ct, panamei (16/1#)"
77002179,292,cluster_292,1.0,"blue crabs, whole cleaned 3/5ct, mazzure"
77019989,292,cluster_292,1.0,"blue crabs, whole cleaned 5/7ct, mazzure"
77022179,292,cluster_292,1.0,"blue crabs, whole cleaned 7-9ct, mazzure"
99190,-1,unclustered,0.0,blue mask procedural style w/loops
60202250,-1,unclustered,0.0,"blue ribbon, 4/1, turkey patties"
78679980,-1,unclustered,0.0,"blue runner, .75-1 whole lwp, (25#)"
77042179,-1,unclustered,0.0,"blue swimming crab lump meat (tubs), wil"
77052179,-1,unclustered,0.0,"blue swimming crab special meat (tubs),"
620072,-1,unclustered,0.0,bnls smoked pork loin
120882,-1,unclustered,0.0,bnls top blade flat iron dices-3/10#
72114000,-1,unclustered,0.0,boar st louie ribs
72780000,-1,unclustered,0.0,boar wild ground frz
20214B,462,cluster_462,1.0,boar wild- bnls shoulder #11390-z
84451,35,cluster_35,0.9207910267565583,"boba straws 9"" (slant,strip color) vesin"
41816300,-1,unclustered,0.0,bologna
SP8052,571,cluster_571,1.0,bologna beef
34001,571,cluster_571,0.8547637130817682,bologna beef eckrich
97470740,570,cluster_570,1.0,"bologna beef, bar s (12/1lb))"
97015740,570,cluster_570,1.0,"bologna beef, bar s (16/12oz)"
97455740,570,cluster_570,1.0,"bologna chicken, bar s (12/1 lb)"
97055740,570,cluster_570,1.0,"bologna chicken, bar s (16/12oz)"
97466740,570,cluster_570,1.0,"bologna classic, bar s (12/1 lb)"
97035740,570,cluster_570,1.0,"bologna classic, bar s (16/12oz)"
34000,570,cluster_570,0.7064321067283147,bologna garlic 1# bar s
97468740,570,cluster_570,0.9762303469579939,"bologna garlic, bar s (12/1 lb))"
97025740,570,cluster_570,0.9830760135181605,"bologna garlic, bar s (16/12oz)"
97467740,570,cluster_570,1.0,"bologna thick, bar s (12/16 oz)"
97045740,570,cluster_570,1.0,"bologna thick, bar s (16/12oz)"
1834050,571,cluster_571,1.0,bologna thm beef 2/4#
1834005,571,cluster_571,1.0,bologna thm long 2/5#
1834070,-1,unclustered,0.0,bologna thm-rings 10/1.5#
97465740,570,cluster_570,1.0,"bologna turkey, bar s (12/1 lb)"
97065740,570,cluster_570,1.0,"bologna turkey, bar s (16/12oz)"
1834073Z,571,cluster_571,0.827857523264768,bologna-z thm garlic 2/5#
1834005,571,cluster_571,0.9687422708655605,bologna thm long 2/5#
1834070,571,cluster_571,0.9687422708655605,bologna thm-rings 10/1.5#
1834065Z,571,cluster_571,0.9687422708655605,bologna-z thm-chub 10/1.5#
37,-1,unclustered,0.0,bone cover
41651900,-1,unclustered,0.0,bone in airline tky breast
4079,-1,unclustered,0.0,bone in filletts 12oz
32625,-1,unclustered,0.0,bone in ham 13/18-wheeling transp
420810,-1,unclustered,0.0,bone in lamb legs 8-10# ea
261111,-1,unclustered,0.0,bone in pork butt-sliced 1/4
200402,-1,unclustered,0.0,bone/in beef shank
420003,985,cluster_985,0.886411587018591,boneless lamb loin
420081,-1,unclustered,0.0,boneless lamb loin 8-10oz
240007,1073,cluster_1073,1.0,boneless pork loin-canadian s
45032730,-1,unclustered,0.0,boneless pork ribs - original bbq (6 x 1
207900012,-1,unclustered,0.0,"boneless thin, cut pork, chop"
410055,461,cluster_461,0.7863222183844225,boneless veal breast
40181960,-1,unclustered,0.0,"bones edible, pork (10# bag)"
40189960,-1,unclustered,0.0,"bones inedible combo, pork"
40289990,-1,unclustered,0.0,"bones(cut), pork moesle"
10151000,-1,unclustered,0.0,"bones, greater omaha"
78472219,-1,unclustered,0.0,"bonito, whole 2/4, (33#)"
21220,-1,unclustered,0.0,bonless ham brtsiouxpreme/ibp/seaboard
84553,-1,unclustered,0.0,bossen tapioca pearl - 6/6.6# onlly
31090,-1,unclustered,0.0,boston lettuce
99276100,169,cluster_169,1.0,box meat 10# plain
99289,169,cluster_169,1.0,box meat 5# wht/plain
99277,169,cluster_169,1.0,box meat 70# brwn plain
9992041,59,cluster_59,0.8921550199447899,box wax 20#lid
999114R,59,cluster_59,1.0,box wax bodpou 6x21 13/16x14 13/16
9991161,59,cluster_59,0.9245808830364861,box wax lid 20.04 x 31.00 20#
999116R,59,cluster_59,0.9245808830364861,box wax lid 3-in 1384 600-100031
999118,59,cluster_59,1.0,box wax-10 22 x 14 1/2 x10 dc 44c
999116,59,cluster_59,1.0,box wax-9 7/8 x 21 7/8 x14 13/16
99999980,-1,unclustered,0.0,boxes
170003,-1,unclustered,0.0,"boyles royal round, c/b stmshp"
40431060,-1,unclustered,0.0,"brains 12/1# tubes, pork indiana (12#)"
40471060,-1,unclustered,0.0,"brains, pork indiana (25#)"
34096,-1,unclustered,0.0,braised beef
22616300,-1,unclustered,0.0,brakebush 2nd wing honey 8-12pc/lb
22515400,-1,unclustered,0.0,brakebush breaded breast fully ckd 4oz
22584100,-1,unclustered,0.0,brakebush breaded breast strip full cook
22585810,-1,unclustered,0.0,brakebush breaded breast strip gluten fr
22505600,-1,unclustered,0.0,brakebush breaded fillet fully ckd 6oz
22562200,566,cluster_566,1.0,brakebush breaded nuggets fully cooked
22591200,566,cluster_566,1.0,brakebush breaded patties fully cooked
22583500,-1,unclustered,0.0,brakebush breast cutlets spicy f/c brd
22584400,-1,unclustered,0.0,brakebush breast strip fully cooked
22652600,303,cluster_303,1.0,brakebush buffalo wings
22520600,-1,unclustered,0.0,brakebush cayenne kicker 4oz breast
22659000,-1,unclustered,0.0,brakebush country krisp 9cut
22656200,-1,unclustered,0.0,brakebush country krisp wing
22559000,-1,unclustered,0.0,brakebush fritter chunk fully cooked
22657200,303,cluster_303,1.0,brakebush inferno wings
22651600,303,cluster_303,0.9998917962017188,brakebush naked wingettes
22594400,566,cluster_566,1.0,brakebush patties breaded fully cooked
22557100,-1,unclustered,0.0,brakebush popcorn breast fritter
22505046,-1,unclustered,0.0,brakebush signature filet crispy breaded
22577900,-1,unclustered,0.0,brakebush tenderloin southern style raw
22505467,-1,unclustered,0.0,brakebush tenderloins gold spice-
22506000,-1,unclustered,0.0,brakebush tenderloins raw bulk 1.3oz
22654600,-1,unclustered,0.0,brakebush unbreaded cooked wing
22616100,-1,unclustered,0.0,brakebush wings 1st joint only with hone
22626200,303,cluster_303,1.0,brakebush wings ditties wingette 7-12
2205057,-1,unclustered,0.0,brakebush-breaded filet 5oz
78004369,-1,unclustered,0.0,"branzino, fillet s/on ivp, panamei 20/1#"
78001789,-1,unclustered,0.0,"branzino, so fillet (retail) 12x12z (9#)"
SP72035,-1,unclustered,0.0,bratwurst 21#
SP720,-1,unclustered,0.0,bratwurst 40z 5#
94405070,-1,unclustered,0.0,"bratwurst 5-1, f/c, ogden f. (12/1#)"
86720,144,cluster_144,0.9949876697338357,bratwurst bloody mary seasoning nf
86610,144,cluster_144,1.0,bratwurst fiesta cheddar seasoning
20482,241,cluster_241,0.9691157946506603,"bratwurst link fresh 7"" rpc072"
86620,144,cluster_144,0.9728497036675674,bratwurst parmesan garlic seasoning
620073,652,cluster_652,1.0,bratwurst patty 4-1 5# bx
620074,652,cluster_652,1.0,bratwurst patty 5oz 10# bx
86602,144,cluster_144,1.0,bratwurst seasoning cosentino`s
82352950,241,cluster_241,0.8557009145071924,"bratwurst, japaleno cheddar (4:1)"
97525850,-1,unclustered,0.0,"bratwurst, swaggertys farms (8/19oz)"
97635880,-1,unclustered,0.0,"braunschweiger chunk sp, (12-1lb)"
78974369,665,cluster_665,1.0,brd fish fillets iqf rtl panamei (10/2#)
78984369,665,cluster_665,1.0,brd fish patties iqf rtl panamei (10/2#)
78994369,665,cluster_665,1.0,brd fish sticks iqf rtl panamei (10/2#)
83420,119,cluster_119,0.6682144690875712,bread crumbs 25# b60202
902715,-1,unclustered,0.0,bread crumbs 30#
902712,-1,unclustered,0.0,bread texas toast
84210,-1,unclustered,0.0,breaded buffalo wing sections 10/2#
901090,-1,unclustered,0.0,breaded cheese curds-2/5#
84205,775,cluster_775,0.9301057715947533,breaded chicken breast nugget spicy 10/2
84204,775,cluster_775,0.9602271383914142,breaded chicken breast nuggets 10/2#
83700,-1,unclustered,0.0,breaded chicken fritter 6/5# fc
83100,775,cluster_775,0.9602271383914142,breaded chicken nuggets 6/5#
94200,574,cluster_574,1.0,breaded chicken nuggets fp al safa halal
94601,574,cluster_574,1.0,breaded chicken nuggets vp al safa halal
84206,775,cluster_775,0.8985111865730944,breaded chicken patties 10/2#
94202,574,cluster_574,1.0,breaded chicken patties fp al safa halal
84207,775,cluster_775,0.8985111865730944,breaded chicken patties spicy 10/2
90903,-1,unclustered,0.0,breaded chicken patties spicy 12/21oz
94603,574,cluster_574,1.0,breaded chicken patties vp al safa halal
84209,775,cluster_775,0.8302799781270951,breaded chicken rings 10/2#
92201,-1,unclustered,0.0,breaded chicken strip 12/1.5lb
94201,574,cluster_574,0.9024931886687526,breaded chicken strips fp al safa halal
98154,-1,unclustered,0.0,breaded chicken tender hala
84208,775,cluster_775,1.0,breaded chicken tenders 10/2#
83102,775,cluster_775,0.9602882602467091,breaded chicken tenders 6/5#
94815,573,cluster_573,1.0,breaded chicken tenderz al safa halal
93815,573,cluster_573,1.0,breaded chicken tenderz vp al safa halal
95815,573,cluster_573,1.0,breaded chicken tenderz vpal safa halal
84311,-1,unclustered,0.0,breaded coco jamaican 25ct
84000,-1,unclustered,0.0,breaded cream cheese jalapeno popper 6/5
84211,-1,unclustered,0.0,breaded mozzarella sticks 8/3#
84300,-1,unclustered,0.0,breaded onion rings 10#
82143,-1,unclustered,0.0,breaded pollock fish 10# 590013
84200,-1,unclustered,0.0,breaded popcorn shrimp 70/90ct 20#
70800,-1,unclustered,0.0,breaded shrimp-popcorn
83300,775,cluster_775,0.9602271383914142,bamboo chopsticks white envelope
90281,-1,unclustered,0.0,breading chicken mix 50# tasty
90289,-1,unclustered,0.0,breading fish mix 50# fulton
90277,-1,unclustered,0.0,breading fish mix 50# king
95259,89,cluster_89,0.8002018687642358,breading lem pep fry krisp 25#
920219,-1,unclustered,0.0,breakfast box combo pack
97385840,-1,unclustered,0.0,"breakfast links, williams s (15/12oz)"
63021650,499,cluster_499,1.0,"breast 14/16 tom, turkey"
63049990,-1,unclustered,0.0,"breast 4/8 (chops - 1/2""), turkey moesle"
63029980,499,cluster_499,1.0,"breast 8/10 tom, turkey"
63011770,499,cluster_499,1.0,"breast b/in 4/8 tom, turkey (6pc) norbes"
53063994,525,cluster_525,0.9008993993592522,"breast b/in, chicken chef`s choice (40#)"
53063610,525,cluster_525,0.8129970318213505,"breast b/in, chicken cookin` good (40#)"
53061850,525,cluster_525,1.0,"breast b/in, chicken harrison (40#)"
53062960,525,cluster_525,1.0,"breast b/in, chicken perdue (40#)"
53063410,525,cluster_525,0.8047752077622659,"breast b/in, chicken, gold`n plump (40#)"
53061010,-1,unclustered,0.0,"breast b/in, split tray pack, chicken, t"
53261220,525,cluster_525,0.9258610206960293,"breast b/in, split, chicken, pilgrims 40"
53069980,525,cluster_525,1.0,"breast b/in, white chicken (40#)"
53063390,525,cluster_525,0.8881423799091848,"breast b/in, white chicken mountaire"
53054800,-1,unclustered,0.0,"breast b/s, t. p., delta sunrise 12/llb"
207900022,-1,unclustered,0.0,"breast bnls ckd, turkey butterball"
207900007,-1,unclustered,0.0,"breast bnls ckd, turkey kretchmar"
63039980,-1,unclustered,0.0,"breast bnls foil wrap, turkey"
53169980,1121,cluster_1121,0.9249169838386544,"breast bnls, 6z bulk, chicken (40#)"
53089980,1121,cluster_1121,0.9426783959882145,"breast bnls, 8z bulk, chicken (40#)"
53053920,1121,cluster_1121,1.0,breast bnls/sknls chicken amick (40#)
53051470,1121,cluster_1121,1.0,"breast bnls/sknls george`s, chicken (40#"
53054680,1121,cluster_1121,0.9441401084689188,"breast bnls/sknls jumbo, foster farm 40#"
53051290,1121,cluster_1121,0.9441401084689188,"breast bnls/sknls jumbo, okfoods (40#)"
53051040,1121,cluster_1121,0.8965802837337664,"breast bnls/sknls jumbo, sanderson(40#)"
53254780,1116,cluster_1116,1.0,"breast bnls/sknls, 25d tray pk, sandersn"
53151220,1116,cluster_1116,0.9576188600764143,"breast bnls/sknls, 3d tray pk, pilgrim`s"
53054780,1116,cluster_1116,1.0,"breast bnls/sknls, 3d tray pk, sanderson"
53155540,-1,unclustered,0.0,"breast bnls/sknls, 3s t/p, organi miller"
53252960,1116,cluster_1116,0.9381589724920033,"breast bnls/sknls, 829 tray pk, perdue"
53051890,-1,unclustered,0.0,"breast bnls/sknls, chicken cvp casefarms"
53051340,1121,cluster_1121,1.0,"breast bnls/sknls, chicken cvp waynefarm"
53051850,1121,cluster_1121,1.0,"breast bnls/sknls, chicken harrison (40#"
53051280,-1,unclustered,0.0,"breast bnls/sknls, chicken koch foods cv"
53051360,1121,cluster_1121,1.0,"breast bnls/sknls, chicken peco (40#)"
53052960,1121,cluster_1121,0.9591837988400838,"breast bnls/sknls, chicken perdue tp (40"
53051220,1121,cluster_1121,1.0,"breast bnls/sknls, chicken pilgrims (40#"
53051040,1121,cluster_1121,1.0,"breast bnls/sknls jumbo, sanderson(40#)"
53051340,1121,cluster_1121,1.0,"breast bnls/sknls, chicken cvp waynefarm"
53059980,-1,unclustered,0.0,"breast bnls/sknls, hor (40#)"
53053390,1121,cluster_1121,0.8810649080269572,"breast bnls/sknls, mountaire (40#)"
53851040,-1,unclustered,0.0,"breast bnls/sknls, sanderson 14085 (40#)"
530510400,1116,cluster_1116,1.0,"breast bnls/sknls, tray pack, sanderson,"
53051010,-1,unclustered,0.0,"breast bnls/sknls, tray pack, tyson, chi"
53053920,-1,unclustered,0.0,breast bnls/sknls chicken amick (40#)
63015630,473,cluster_473,1.0,"breast bone in 10/12, turkey northern p."
63019980,473,cluster_473,1.0,"breast bone in 10/14 tom, turkey"
63014310,473,cluster_473,1.0,"breast bone in 10/14, turkey michigan t."
63009980,473,cluster_473,0.9860300756944933,"breast bone in 8/10 ""a"" grade, turkey"
211023,-1,unclustered,0.0,breast bone- in perdue
207900040,-1,unclustered,0.0,"breast diced, chicken pre cooked, 8/5#"
207900023,-1,unclustered,0.0,"breast strips, grlld ckd, windy hill 20#"
900195,-1,unclustered,0.0,brew city battered waffle fries-6/4.5#
740680,-1,unclustered,0.0,briar street smoked ham - 2 piece box
729390,-1,unclustered,0.0,brickman ckd roast beef top round
110120,-1,unclustered,0.0,"brisket beef pastrami, henry j, 10-12lb"
114000,1126,cluster_1126,1.0,"brisket beef, ch"
114001,-1,unclustered,0.0,"brisket beef, ch, 9-11a"
113000,1130,cluster_1130,1.0,"brisket beef, creekstone angus"
114490,-1,unclustered,0.0,"brisket beef, whole, ch, 120 dekl, 4/9lb"
12013693,-1,unclustered,0.0,"brisket bnls, aurora (ch_angus)"
12011090,-1,unclustered,0.0,"brisket bnls, black muntain"
12011204,1131,cluster_1131,1.0,"brisket bnls, creekstone (ch)"
12011004,1131,cluster_1131,0.9194442327354102,"brisket bnls, greateromaha (ch)"
12071001,-1,unclustered,0.0,"brisket bnls, greateromaha (prime)"
12011014,1131,cluster_1131,0.9265600050396618,"brisket bnls, ibp (ch)"
12013563,-1,unclustered,0.0,"brisket bnls, ibp star ranch (ch_angus)"
12011160,1131,cluster_1131,0.8813552393268153,"brisket bnls, iowapremium (ch)"
12011590,-1,unclustered,0.0,"brisket bnls, mex fertres"
12013600,-1,unclustered,0.0,"brisket bnls, mex punta espada"
12011024,1131,cluster_1131,1.0,"brisket bnls, national (ch)"
12011876,-1,unclustered,0.0,"brisket bnls, nebraska gold (nr_angus)"
12013575,-1,unclustered,0.0,"brisket bnls, tdo ibp (sel)"
12013333,1131,cluster_1131,0.9237495700008728,"brisket bnls, upper iowa (ch_angus)"
12011144,1131,cluster_1131,1.0,"brisket bnls, western reserve (ch)"
920212,-1,unclustered,0.0,brisket burger 5-2# pkgs
110005,-1,unclustered,0.0,"brisket corned beef ckd, dan`s"
110006,-1,unclustered,0.0,"brisket corned beef raw frz, 9-12lb"
110011,-1,unclustered,0.0,"brisket corned beef, beas best"
110001,1126,cluster_1126,1.0,"brisket corned beef, henry j"
110002,-1,unclustered,0.0,"brisket corned beef, shamrock"
12211024,-1,unclustered,0.0,"brisket flat, national (ch)"
110004,-1,unclustered,0.0,"brisket pulled beef bbq, rich, 2/5lb"
72085890,-1,unclustered,0.0,brkfst com-z bangers fc 3.2-oz 2/5#
1391437,-1,unclustered,0.0,brkfst com-z raw bulk 2/5# 21437
72088N,-1,unclustered,0.0,brkfst fon link ckd chk/cran 2-oz 2/6#
72062,678,cluster_678,1.0,brkfst fon link-391 4-in 1-oz 10#
72062545,678,cluster_678,0.9783205903337637,brkfst fon link-393 4-in 2-oz 10#
72061,679,cluster_679,0.8932300595412094,brkfst fon pat-353cj 1.5-oz 15#
7203802,626,cluster_626,1.0,brkfst hat link-finger 1-oz 2/10#
7203801,626,cluster_626,1.0,brkfst hat link-lrg 2-oz 2/10#
7203018,626,cluster_626,0.9551136575675379,brkfst hat link-sunr 2.75-oz 6/5#
7203904,626,cluster_626,1.0,brkfst hat pat 2-oz 10#
13966IN,-1,unclustered,0.0,brkfst ind pat-83035 fc2-oz w 10#
720PD46,98,cluster_98,0.6299466744382496,brkfst jersey made pork roll 2/6#
72047,-1,unclustered,0.0,brkfst jones link 16/12-oz
72047013,-1,unclustered,0.0,brkfst jones pat fc 2-oz 18750 10#
72047012,-1,unclustered,0.0,brkfst jones pat fc1.5-oz 18853 10#
7204020,-1,unclustered,0.0,brkfst peer link-20020 1-oz 16/14oz
72036,680,cluster_680,0.9232518234079551,brkfst peer link-41000 1-oz 10#
72040,680,cluster_680,0.9267956365177491,brkfst peer link-41100 2-oz 10#
72076,680,cluster_680,1.0,brkfst peer pat-42100 2-oz 10#
72076132,680,cluster_680,1.0,brkfst peer pat-5605 2-oz w 10#
72076133,680,cluster_680,1.0,brkfst peer pat-5606 3-oz w 10#
720852,680,cluster_680,0.8089261324343227,brkfst peer-chk link 1.5-oz 13.5#-z
72044,678,cluster_678,0.9402641395707821,brkfst perd-trk link 50103 1-oz 10#
72044P,679,cluster_679,0.910858662913841,brkfst perd-trk pat50104 1.5-oz 10#
720510,679,cluster_679,0.9357195009796218,brkfst ran link 1-oz 16-1 12#-z
720515,679,cluster_679,1.0,brkfst ran link 2-oz 8-1 12#-z
720591,679,cluster_679,1.0,brkfst ran pat 1.5-oz 12#-z
720590,679,cluster_679,1.0,brkfst ran pat 2-oz 12#-z
7209321,98,cluster_98,1.0,brkfst taylor pork roll 12/1#
72087N,98,cluster_98,1.0,brkfst taylor pork roll 2/6#
720768,679,cluster_679,0.9109070296265651,brkfst tenp pat-1.5-oz 3013 12#-z
72863,678,cluster_678,1.0,brkfst thm link-fc-ret2863 6/12-oz
105621,-1,unclustered,0.0,brkfst-z link rose-700205 fc
72088P,-1,unclustered,0.0,brkfst-z pat rose-800158 fc
7209323,98,cluster_98,1.0,brkfst-z taylor pork roll 4/3#
72863,678,cluster_678,1.0,brkfst thm link-fc-ret2863 6/12-oz
7209322,98,cluster_98,1.0,brkfst-z$ taylor pork roll 12/1#
7204406,-1,unclustered,0.0,brkfst-z$-trky pat-cpf916 10#
454085,-1,unclustered,0.0,broadleaf 4-1 bison patty-retail (6#)
450131,-1,unclustered,0.0,broadleaf buffalo patties 3-1-10#
455012,-1,unclustered,0.0,broadleaf elk jerky-2oz
456136,-1,unclustered,0.0,broadleaf elk stew-10#
454082,335,cluster_335,0.8616759468194728,broadleaf retail buffalo ribeye steaks
454080,-1,unclustered,0.0,broadleaf retail buffalo strip steaks
190068,-1,unclustered,0.0,broadleaf retail grass fed ground beef
450023,335,cluster_335,0.9248872838424064,broadleaf retail grd venison
450084,335,cluster_335,1.0,broadleaf retail ground boar
450026,335,cluster_335,1.0,broadleaf retail ground buffalo
450003,335,cluster_335,1.0,broadleaf retail ground elk
420101,335,cluster_335,0.9543219895682394,broadleaf retail ground lamb (10#)
455013,-1,unclustered,0.0,broadleaf venison jerky-2oz
31120,-1,unclustered,0.0,broccoli crown (n.y.cut)
50138200,7,cluster_7,1.0,brocoli bunch 3ct
50138212,7,cluster_7,1.0,brocoli crowns 10#
50138210,7,cluster_7,1.0,brocoli crowns 20#
90342127,-1,unclustered,0.0,broth chk boui maggi
90342113,-1,unclustered,0.0,broth chk flavor knorr 4/1 gal
90342126,-1,unclustered,0.0,broth shrimp bouillon knorr 4.4#
90342124,-1,unclustered,0.0,broth tomato w/chk flv knorr 4.4#
96040,-1,unclustered,0.0,browning
64125890,-1,unclustered,0.0,brt veal leg
620175,-1,unclustered,0.0,bryan smoked buffet ham-sliced 3oz
190819,-1,unclustered,0.0,"bskt, chuck, sh rib 4oz pattie"
22089H1,-1,unclustered,0.0,buf wing sauce frank`s 4/1 gal
70129989,-1,unclustered,0.0,buffalo #1 scalded & dressed
909090,112,cluster_112,0.7832768423802884,buffalo cauliflower-12#
454215,-1,unclustered,0.0,buffalo clods
71562210,263,cluster_263,1.0,buffalo ground
912789,263,cluster_263,1.0,buffalo ground 2#
20056,263,cluster_263,1.0,buffalo ground 2/5#-z
75056,527,cluster_527,1.0,buffalo party wing 4/5#
20064B,-1,unclustered,0.0,buffalo patties 2/1 10#
91207CG,-1,unclustered,0.0,buffalo patties 5.3oz 2#
20072,490,cluster_490,0.8578961442688345,buffalo ribeye 8#-z
71103010,490,cluster_490,0.8578961442688345,buffalo short ribs
454232,-1,unclustered,0.0,buffalo/bison striploin
620076,-1,unclustered,0.0,bulk bratwurst 10# bag
620035,-1,unclustered,0.0,bulk chorizo 2/5#
620077,-1,unclustered,0.0,bulk italian saus 10# bag
620078,-1,unclustered,0.0,bulk pork sausage 10# bag
45700,-1,unclustered,0.0,bull fries *palo duro* 30#
10281070,-1,unclustered,0.0,"bull fries, beef paloduro"
10281030,-1,unclustered,0.0,"bull fries, beef, jbs four star"
45710,-1,unclustered,0.0,bull pizzle fz561
40131010,-1,unclustered,0.0,"bung, pork (15#) ibp"
40131530,-1,unclustered,0.0,"bung, pork tri eagle (30#)"
97872895,-1,unclustered,0.0,bunmaster hotdogs(8/1.5lb)roger wood
200523,-1,unclustered,0.0,buns hamburger w/sesame seed 10ct
200521,-1,unclustered,0.0,buns hamburger w/sesame seed 12/1#
25380,-1,unclustered,0.0,buns steamed with pork *peking*
25260,-1,unclustered,0.0,buns w/red bean paste *chef hon*
98017,-1,unclustered,0.0,burger patties beef angus 12/21oz halal
10545004,147,cluster_147,1.0,burgers cloud-z 2-1 15#
10545005,147,cluster_147,1.0,burgers cloud-z chop-stk 3-1 15#
10545007,147,cluster_147,1.0,burgers cloud-z chop-stk 4-1 15#
1054430,147,cluster_147,0.6495306765529755,burgers impossible 4-1 40ct-z
1054438,147,cluster_147,0.6475438283609748,burgers impossible bricks 4/5#-z
105409,-1,unclustered,0.0,burgers sams 3-1 blk ang 12/2#
105443,147,cluster_147,0.7745611037777883,burgers smrtshop 4-1 8/5#-z
10554,147,cluster_147,0.7746127176466604,burgers veggie 3-1 praeger`s 10#-z
SP1113,-1,unclustered,0.0,burrito - breakfast
46084150,248,cluster_248,1.0,"butt bone in 1/4"" vp, hylife"
46081060,249,cluster_249,1.0,"butt bone in 1/4"", indiana vp, #05008"
46081150,-1,unclustered,0.0,"butt bone in 1/4"", seaboard"
46081980,249,cluster_249,1.0,"butt bone in 1/4"", smithfield vp #86793"
46083350,-1,unclustered,0.0,"butt bone in, 4/2 vac, swift"
46081080,248,cluster_248,1.0,"butt bone in, 5/2pc vp, hormel"
46084470,248,cluster_248,1.0,"butt bone in, 5/2pc vp, wholestone"
46083350,-1,unclustered,0.0,"butt bone in, 4/2 vac, swift"
46081010,-1,unclustered,0.0,"butt bone in, ibp"
46089990,248,cluster_248,0.8088465854562794,"butt bone in, moesle (70#)"
46091150,-1,unclustered,0.0,"butt boneless 1/4 vp, pork, seaboard"
46091060,249,cluster_249,1.0,butt boneless indiana vp #05205
46091920,-1,unclustered,0.0,butt boneless prestage
46091980,249,cluster_249,0.9445853774879426,"butt boneless vp, pk, smithfield #70659"
46091010,-1,unclustered,0.0,"butt boneless vp, pork, ibp"
46092420,-1,unclustered,0.0,"butt boneless vp, pork, redwood"
46099990,-1,unclustered,0.0,"butt boneless, (poly), moesle"
46092080,-1,unclustered,0.0,"butt boneless, dekalb #14301"
46089980,-1,unclustered,0.0,butt boston bone in combo pork
46099980,-1,unclustered,0.0,butt boston boneless combo pork
46109990,84,cluster_84,1.0,"butt ct #1 (poly), moesle (70#)"
46119990,84,cluster_84,1.0,"butt ct (b) (poly), moesle (35#)"
46219990,84,cluster_84,1.0,"butt ct, ivp moesle (35#)"
15321214,-1,unclustered,0.0,"butt tender, creekstone (ch)"
15321211,-1,unclustered,0.0,"butt tender, creekstone (prime)"
15323380,-1,unclustered,0.0,"butt tender, karnika (mex)"
46081920,248,cluster_248,0.8088465854562794,"butt, bone in cov, prestage"
46081920,248,cluster_248,0.8253968209201598,"butt, bone in cov, prestage"
30571026,43,cluster_43,1.0,butter 1/4`s salt 18/1#
96032,-1,unclustered,0.0,butter beans
30571050,-1,unclustered,0.0,butter por 90ct cup
3057099,43,cluster_43,1.0,butter solid salt 36/1#
30571020,43,cluster_43,1.0,butter solid uns 36/1#
30570983,-1,unclustered,0.0,butter-blend cntry crock 4-6/5#
78562219,-1,unclustered,0.0,butterfish (30#) west bay
29404000,-1,unclustered,0.0,c
501301,-1,unclustered,0.0,cabbage green box 50#
50130015,-1,unclustered,0.0,cabbage grn 3 ct
5014421,-1,unclustered,0.0,cactus slc 6/#10
501441,-1,unclustered,0.0,cactus whl w/ spine 35-38#
83860,-1,unclustered,0.0,cafe special c&c 24/15oz 65315
86710,144,cluster_144,1.0,cajun bratwurst seasoning ro01220
625983,-1,unclustered,0.0,cajun style sausage
21061975,-1,unclustered,0.0,calamari brd ring 12#-z *__
21061976,237,cluster_237,0.8505326090505942,calamari brd ring 12/2.5#-z *__
78012419,-1,unclustered,0.0,calamari breaded (6/2#)
210599,237,cluster_237,1.0,calamari t&t clean 05-08 10/4.4#
210598,237,cluster_237,1.0,calamari t&t clean 05-08 4/2.5#
210600,237,cluster_237,1.0,calamari t&t u-10 10/4.4 44#
2105912,237,cluster_237,0.8158841851448029,calamari tube only 5-8 4/2.5#-z
21059S,236,cluster_236,0.8963877996934196,calamari tube only iqf u5 22#-z
78021789,237,cluster_237,0.8695329266126919,"calamari, 3-5 t & t, netuno (4/2.5#)"
19990,-1,unclustered,0.0,calendar - 2025
62323,30,cluster_30,1.0,cali squid 12x3
21,-1,unclustered,0.0,call for price quoted daily
84193,71,cluster_71,1.0,can liner 30x37 8 mic 500pc
84192,71,cluster_71,1.0,can liner 46 gl 23x17x46 black
25011,71,cluster_71,1.0,can liner ld 12-16 gal. 24x33
32430001,-1,unclustered,0.0,cancel
99462,72,cluster_72,1.0,canliner 33 gal blk hd 100ct
99472,-1,unclustered,0.0,canliner 36x60 clr-3660hc 250ct
994721,72,cluster_72,0.4508853887035215,canliner 38x58 blk-ph60sh 100ct
999205,72,cluster_72,1.0,canliner 40-45 gal blk hd 100ct
99490B,72,cluster_72,1.0,canliner 55-60 gal blk hd 100ct
994691,-1,unclustered,0.0,canliner comb 49x42x96
555690,407,cluster_407,1.0,canned crab claw meat-12/1#
31210,-1,unclustered,0.0,cantaloupe
25320,99,cluster_99,1.0,canton noodle - baily 40# (medium)
25321,99,cluster_99,1.0,canton noodle baily (medium) black
25331,99,cluster_99,0.9667490899012198,canton noodle baily (small) red
25330,99,cluster_99,1.0,canton noodle-baily 40# (small)
22PA40H,402,cluster_402,1.0,capicola citt hot 4/4.5#
22046,-1,unclustered,0.0,capicola fio swt-z 20108 3/3.5#
22039000,402,cluster_402,0.9050289250654788,capicola marg hot 2/6#
22038999,402,cluster_402,0.9340152319593423,capicola marg hot 3/6#
22694,402,cluster_402,0.9446704846874802,capicola mast hot 4/4.5#
22ND015,402,cluster_402,0.8105623802301435,capicola tem spicy 3/2#
22PC07,402,cluster_402,1.0,capicola thm hot 4/4.5#
22PC07,402,cluster_402,1.0,capicola thm hot 4/4.5#
1901074,-1,unclustered,0.0,capon whl-z hol 05-07# 6ct
1901080,-1,unclustered,0.0,capon whole hol-z 05-07# 6ct
29084000,-1,unclustered,0.0,capons
96531246,-1,unclustered,0.0,caramel/apple upsidedown chudleigh
620421,-1,unclustered,0.0,carl`s whole hot pork sausage chub
610003,-1,unclustered,0.0,carolina smoked turkey breast
31220,178,cluster_178,1.0,carrot (jumbo)
50131,178,cluster_178,1.0,carrots jumbo bulk 50#
501313,178,cluster_178,1.0,carrots jumbo california 50#
94913500,-1,unclustered,0.0,carrotts 50 lb sack
61032,-1,unclustered,0.0,case scallop 30/40 2/5# iqf 10#
97487780,-1,unclustered,0.0,caseys franks (8-1.5lb)polks
97480780,-1,unclustered,0.0,caseys hot links(8-28oz))polks
82500,-1,unclustered,0.0,cashew nuts whole - w320 10/5#
10176C,-1,unclustered,0.0,casing bf middle 1ct
13215,348,cluster_348,1.0,casing hog 32/35
12252C,-1,unclustered,0.0,casing lamb 22-24mm 1ct
132216,-1,unclustered,0.0,casing pork bung-z 15#
11187678,-1,unclustered,0.0,casing veal sml 2/5#
11187679,348,cluster_348,0.6852024741354154,casing veal sml 30#
413102,-1,unclustered,0.0,catelli 2oz veal cutlet-leg (bottom)
410075,844,cluster_844,0.6439028613088228,catelli 4oz veal liver
417300,-1,unclustered,0.0,catelli cooked veal shank osso bucco
411022,-1,unclustered,0.0,catelli grain fed veal skirt steak
190019,274,cluster_274,1.0,"beef trim 85%, organic prairie"
411021,-1,unclustered,0.0,catelli milk fed veal skirt steak
190168,274,cluster_274,1.0,catelli retail grass fed ground beef
420111,-1,unclustered,0.0,catelli retail ground lamb 6#
190117,274,cluster_274,1.0,catelli retail organic ground beef
410630,-1,unclustered,0.0,"catelli small end osso bucco-1.5"""
101261,85,cluster_85,1.0,catering alum lid 1/2-size 100 ct
101262,85,cluster_85,1.0,catering alum lid full 50 ct
101259,85,cluster_85,1.0,catering alum pan 1/2-size 100 ct
101260,85,cluster_85,1.0,catering alum pan full 50 ct
70229989,-1,unclustered,0.0,"catfish 32/up, bloody"
70029989,-1,unclustered,0.0,"catfish 32oz, ag"
70082249,-1,unclustered,0.0,"catfish 40oz/up, ag"
70189989,-1,unclustered,0.0,"catfish 42/up, bloody"
70015829,-1,unclustered,0.0,"catfish fil, sknls ivp sea best (12/1#)"
513512,-1,unclustered,0.0,catfish filets-retail-12/1#
82413,904,cluster_904,1.0,catfish fillet 3-5oz guidry`s
82414,904,cluster_904,1.0,catfish fillet 5-7oz
82412,904,cluster_904,1.0,catfish fillet 7-9oz guidry`s
70061309,-1,unclustered,0.0,"catfish fillets, miscut (15#)"
70062311,-1,unclustered,0.0,"catfish fillets, miscut, superior (15#)"
70029981,-1,unclustered,0.0,catfish head on ag
70001559,891,cluster_891,1.0,catfish nuggets breaded (15#)
70004581,-1,unclustered,0.0,catfish nuggets breaded america`s c. #10
70144581,891,cluster_891,1.0,catfish nuggets breaded america`s c. #15
70004589,891,cluster_891,1.0,catfish nuggets breaded fw f (10#)
70009980,892,cluster_892,0.9695841313215152,catfish nuggets iqf 4/4# (16#)
70004420,-1,unclustered,0.0,catfish nuggets iqf america`s catch 15#
70005100,892,cluster_892,0.9695841313215152,catfish nuggets iqf heartland (15#)
70001459,892,cluster_892,1.0,catfish nuggets iqf simmons/superior (15
70014420,892,cluster_892,1.0,catfish nuggets iqf superior (15#)
70404420,892,cluster_892,1.0,catfish nuggets iqf superior (4#)
80110,-1,unclustered,0.0,catfish nuggets mealed
80111,891,cluster_891,0.9379706498130946,catfish nuggets raw 15#
70079980,-1,unclustered,0.0,catfish steaks
70079989,-1,unclustered,0.0,catfish steaks (30#)
70071459,892,cluster_892,0.7304826682386397,catfish steaks superior iqf (15#)
82410,-1,unclustered,0.0,catfish whole 2-3 skin-on cleaned
82411,-1,unclustered,0.0,catfish whole 5-7 skin-on clean 30#
82070,-1,unclustered,0.0,catfish whole [15-17oz] clean 15#
70031612,905,cluster_905,1.0,"catfish, fillets 3-5 oz, china (15#)"
70035809,904,cluster_904,0.9437243870755512,"catfish, fillets 3-5 oz, happy s. (2/5#)"
70034759,897,cluster_897,0.8313318506993095,"catfish, fillets 3-5 oz, hook & b (15#)"
70049989,905,cluster_905,1.0,"catfish, fillets 5-7 oz, china (15#)"
70165809,904,cluster_904,0.9927642585940302,"catfish, fillets 5-7 oz, happy s. (2/5#)"
70044759,897,cluster_897,1.0,"catfish, fillets 5-7 oz, hook & b (15#)"
70059982,905,cluster_905,1.0,"catfish, fillets 7-9 oz, china (15#)"
70054759,897,cluster_897,1.0,"catfish, fillets 7-9 oz, hook & b (15#)"
70134759,897,cluster_897,1.0,"catfish, fillets 9-11 oz, hook & b (15#)"
70064361,-1,unclustered,0.0,"catfish, fillets iqf, panamei (12/2#)"
70004369,892,cluster_892,0.8224704136291154,"catfish, nuggets iqf, panameil (12/2#)"
70091309,-1,unclustered,0.0,"catfish, whole 15-17 (15#)"
920250,-1,unclustered,0.0,cattleman`s box
501312,112,cluster_112,1.0,cauliflower 12/1ct
501317,112,cluster_112,1.0,cauliflower 3ct
31230,112,cluster_112,1.0,cauliflower 9ct/12ct
83791,289,cluster_289,1.0,cayenne chili pepper powder 5# each
15132002,-1,unclustered,0.0,cb
410056,-1,unclustered,0.0,cc veal rib chop frenched
410057,1228,cluster_1228,0.9648957683619277,cc veal rib chop frenched 12oz
410157,1228,cluster_1228,1.0,cc veal rib chop frenched 16oz
99987,-1,unclustered,0.0,cecina do not use
48003,125,cluster_125,1.0,cecina fresca original 2/10# donpedros
48001,125,cluster_125,1.0,cecina seca chile 5# donpedros
48000,125,cluster_125,0.8891787283480265,cecina seca limon 5# don pedros
48002,125,cluster_125,1.0,cecina seca original 5# donpedros
50133103,113,cluster_113,1.0,celery 12ct
31240,113,cluster_113,1.0,celery 24ct
50133109,113,cluster_113,0.9216480216460723,celery 30ct
50133102,113,cluster_113,1.0,celery 6ct
531260,-1,unclustered,0.0,censea cooked tail off p&d shrimp-5/2#
44094160,-1,unclustered,0.0,"center/middles, pork peoria"
453017,-1,unclustered,0.0,cervena elk ny strip
450024,-1,unclustered,0.0,cervena ground venison-4/2.5#
450020,-1,unclustered,0.0,cervena venison 2 rib racks
458993,-1,unclustered,0.0,"cervena venison 3"" hind shank osso bucco"
450080,-1,unclustered,0.0,cervena venison 8 rib rack
455225,526,cluster_526,0.9424665435181881,cervena venison bistro filet
194101,657,cluster_657,1.0,"beef stew 1/2, ch, 10#pkg"
420004,-1,unclustered,0.0,ch domestic lamb racks cut-up
420680,-1,unclustered,0.0,ch lamb leg b-r-t 6/8#
163117,-1,unclustered,0.0,ch. angus l-o ribeye 12up #112
12011090,-1,unclustered,0.0,"brisket bnls, black muntain"
85371,128,cluster_128,0.4275289332614209,chao ching rice stick 60/16oz
83320,190,cluster_190,0.91415040892192,chaokoh coconut milk - 6x2900ml
98004890,-1,unclustered,0.0,"charcoal, mesquite, el gallito (8.5#)"
501305,-1,unclustered,0.0,chayote liso
904536,-1,unclustered,0.0,checkers sweet potato fries-12/22oz
20484,241,cluster_241,0.9845464804142962,"cheddar bratwurst link 7"" rpc077"
85422,266,cluster_266,0.8795201315125805,"cheddar cheese 1/4"" diced hi temp"
750050,-1,unclustered,0.0,cheddar cheese 5lb pkg
85425,-1,unclustered,0.0,cheddar mild feather shred stk12388
84202,-1,unclustered,0.0,cheddar rounds
20485,241,cluster_241,1.0,"cheddar&jalapeno brat 7"" rpc476"
4005,-1,unclustered,0.0,"chedder,shredded 4x5"
84352,-1,unclustered,0.0,chee hou sauce 6/5 *koon chun*
10083660,779,cluster_779,1.0,"cheek meat (cow), caviness (60#) #20120"
10071070,779,cluster_779,1.0,"cheek meat (steer), caviness (60#) #2012"
10089980,-1,unclustered,0.0,"cheek meat cooked, friboi (20#)"
10071050,-1,unclustered,0.0,"cheek meat, afg (30#)"
10083690,-1,unclustered,0.0,"cheek meat, aurora"
10073660,779,cluster_779,1.0,"cheek meat, caviness (30#) #20123"
10081370,-1,unclustered,0.0,"cheek meat, evp (15#)"
10081000,779,cluster_779,0.8998298351614179,"cheek meat, greater omaha (60#)"
10081010,-1,unclustered,0.0,"cheek meat, ibp, cov"
10081160,-1,unclustered,0.0,"cheek meat, iowa premium (60#)"
10081020,-1,unclustered,0.0,"cheek meat, national"
10083350,-1,unclustered,0.0,"cheek meat, swift (60#)"
10061050,-1,unclustered,0.0,"cheek meat, white box afg (30#) cov"
40011530,-1,unclustered,0.0,"cheek meat,pork tri eagle (30#)"
92406100,-1,unclustered,0.0,cheese american 4/5 cs
92401300,-1,unclustered,0.0,cheese baker
92807000,-1,unclustered,0.0,cheese chedder smoked loafs /cs
94039980,-1,unclustered,0.0,cheese cotija grated
92111220,-1,unclustered,0.0,cheese cream pc
85230,270,cluster_270,1.0,cheese crema centro americano 1/32#
85101,270,cluster_270,1.0,cheese crema mexicna 1/32#
85201,270,cluster_270,1.0,cheese crema mexicna con sal. 1/32#
92809000,252,cluster_252,1.0,cheese feta 2/8#
92478900,-1,unclustered,0.0,cheese fresh mozzarella
85353,266,cluster_266,0.826014286443785,cheese jocoque 12/15oz
92421580,-1,unclustered,0.0,cheese monterey jack loaf 10# cs
92457780,-1,unclustered,0.0,cheese paneer 20lb/cs
82302,252,cluster_252,1.0,cheese queso fresco 1/21#
83310,252,cluster_252,1.0,cheese queso fresco 1/9#
83901,-1,unclustered,0.0,cheese requeson 1/17#
86418,-1,unclustered,0.0,cheese smk sharp cheddar 6#
94009980,-1,unclustered,0.0,"cheese, brick buholzer"
94244890,269,cluster_269,1.0,"cheese, cincho el gallito"
94064890,269,cluster_269,0.8432722328100486,"cheese, cotija molido, el gallito (12/1)"
94074890,-1,unclustered,0.0,"cheese, cotija wedge, el viajero 12/12z"
94254890,269,cluster_269,0.9923189032982049,"cheese, cremoso, el gallito (9#)"
94029980,267,cluster_267,0.9710092263431268,"cheese, fresco wheel"
94084890,267,cluster_267,0.9989297418318787,"cheese, fresco wheel, el gallito (5#)"
94044890,267,cluster_267,1.0,"cheese, fresco wheel, el gallito (8#)"
94219980,266,cluster_266,0.776920889621304,"cheese, mozzarella shredded, (20#)"
94019980,268,cluster_268,1.0,"cheese, muenster"
94014890,269,cluster_269,0.9611115661781411,"cheese, muenster el gallito"
94019982,-1,unclustered,0.0,"cheese, oaxaca"
94194890,269,cluster_269,1.0,"cheese, quesadilla el gallito"
94054890,269,cluster_269,1.0,"cheese, quesillo, el gallito (5#)"
94204890,269,cluster_269,0.9627872673383797,"cheese, requeson, el gallito (8.5#)"
94234890,267,cluster_267,1.0,"cheese,fresco wheel, el gallito (16/9oz)"
94224890,267,cluster_267,1.0,"cheese,fresco wheel,el gallito (12/12oz)"
96617430,-1,unclustered,0.0,cheesecake cherry swirl
96621030,-1,unclustered,0.0,cheesecake oreogv
96617530,-1,unclustered,0.0,cheesecake turtle distinctive
900624,-1,unclustered,0.0,"chef pierre 8"" pumpkin pies-baked"
4667,-1,unclustered,0.0,chep palletts
31250,-1,unclustered,0.0,cherry tomatoes 12/1pt
19305910,-1,unclustered,0.0,"chicago style, bf patties 4/1, jemm 6/3#"
20005361,474,cluster_474,0.6725453886864102,chicken -bnls-wog 2 3/4#-split
97772,-1,unclustered,0.0,chicken 65 kaiser halal
10005,-1,unclustered,0.0,chicken 8pc cut up
21122068,1163,cluster_1163,0.6003877653056462,chicken airline breast (s) 10/12oz halal
21122100,1181,cluster_1181,1.0,chicken airline breast (s) 10oz
21152120,1181,cluster_1181,1.0,chicken airline breast (s) 12oz
21121120,1181,cluster_1181,0.6996554937176034,chicken airline breast (s) 12oz frenched
21102140,1181,cluster_1181,0.8561976242391061,chicken airline breast (s) 14oz t/out
21172060,1181,cluster_1181,0.932178362640207,chicken airline breast (s) 6oz t-out
21102071,-1,unclustered,0.0,chicken airline breast (s) 7oz amish 18
21122088,1181,cluster_1181,1.0,chicken airline breast (s) 8oz
21132104,1181,cluster_1181,0.8937655138091799,chicken airline breast (s) s/on 10oz
21152060,1181,cluster_1181,1.0,chicken airline breast (s) s/on 6oz
21152080,1181,cluster_1181,1.0,chicken airline breast (s) s/on 8oz
21121071,-1,unclustered,0.0,chicken airline breast (s) t/in
21121100,1181,cluster_1181,1.0,chicken airline breast (s) t/in 10 oz
21105212,1181,cluster_1181,1.0,chicken airline breast (s) t/in 10-12oz
21112100,1181,cluster_1181,1.0,chicken airline breast (s) t/in 10oz
21112110,1181,cluster_1181,1.0,chicken airline breast (s) t/in 11oz
21152140,1181,cluster_1181,1.0,chicken airline breast (s) t/in 14oz
21111070,1181,cluster_1181,1.0,chicken airline breast (s) t/in 7oz
21162080,1181,cluster_1181,1.0,chicken airline breast (s) t/in 8oz
21154060,1181,cluster_1181,1.0,chicken airline breast (s) t/in s/on 6oz
21152070,1181,cluster_1181,1.0,chicken airline breast (s) t/in s/on 7oz
21152088,1181,cluster_1181,1.0,chicken airline breast (s) t/in s/on 8oz
21152090,1181,cluster_1181,1.0,chicken airline breast (s) t/in s/on 9oz
21121010,1181,cluster_1181,0.9286851227243123,chicken airline breast (s) t/iout 10 oz
21121060,1181,cluster_1181,0.9941212091174172,chicken airline breast (s) t/o 6oz
21121080,1181,cluster_1181,0.9969854265306424,chicken airline breast (s) t/o 8oz
21172110,1181,cluster_1181,1.0,chicken airline breast (s) t/out 11oz
21122120,1181,cluster_1181,1.0,chicken airline breast (s) t/out 12oz
21181160,1181,cluster_1181,1.0,chicken airline breast (s) t/out 16oz
21122040,1181,cluster_1181,1.0,chicken airline breast (s) t/out 4oz
21172050,1181,cluster_1181,1.0,chicken airline breast (s) t/out 5oz
21121061,1181,cluster_1181,1.0,chicken airline breast (s) t/out 6oz
21170271,1181,cluster_1181,1.0,chicken airline breast (s) t/out 7oz
21122181,1181,cluster_1181,1.0,chicken airline breast (s) t/out 8/9oz
21171080,1181,cluster_1181,1.0,chicken airline breast (s) t/out 8oz
21172090,1181,cluster_1181,1.0,chicken airline breast (s) t/out 9oz
21252150,1181,cluster_1181,1.0,chicken airline breast (w) t/in 15oz
21212160,1181,cluster_1181,0.9782834846058162,chicken airline breast (w) t/in 16-20oz
21271140,1181,cluster_1181,0.9366816751900207,chicken airline breast (w) t/out 14oz
21271160,1181,cluster_1181,1.0,chicken airline breast (w) t/out 16oz
21198016,-1,unclustered,0.0,chicken airline breast 6-8oz koch
21103081,-1,unclustered,0.0,chicken airline breast organic 8 oz
21101008,1181,cluster_1181,1.0,chicken airline breast s/on t/in 8oz
10221,954,cluster_954,0.9757606340319631,chicken b/s breast
99996,-1,unclustered,0.0,chicken b/s breast (tyson) frozen!!
10225,-1,unclustered,0.0,chicken b/s breast formosa/sandrsn
10460,-1,unclustered,0.0,chicken b/s leg meat
10460,1122,cluster_1122,1.0,chicken b/s leg meat
10460,1122,cluster_1122,1.0,chicken b/s leg meat
29104000,-1,unclustered,0.0,chicken backs 40# frozen
29105000,-1,unclustered,0.0,chicken backs fresh 40lb/cs
29109000,-1,unclustered,0.0,chicken backs organic
10810,-1,unclustered,0.0,chicken bone (bulk frames)
29207000,-1,unclustered,0.0,chicken bones
22420100,-1,unclustered,0.0,chicken brakebuch breast grillfillet 4oz
22583300,-1,unclustered,0.0,chicken brakebush breast cutlets gold`n`
22421000,517,cluster_517,1.0,chicken brakebush breast fillet
22532400,517,cluster_517,1.0,chicken brakebush breast fillet perfect
22504400,517,cluster_517,1.0,chicken brakebush breast fillet southern
22525700,-1,unclustered,0.0,chicken brakebush breast pulled & shredd
22546600,517,cluster_517,0.9139403473653753,chicken brakebush breast tenderloins gol
22656100,-1,unclustered,0.0,chicken brakebush drumettes country kris
22618800,-1,unclustered,0.0,chicken brakebush fryer 8 pc country kp
22610400,-1,unclustered,0.0,chicken brakebush fryer honey touch 4pc
22506700,517,cluster_517,0.8583102749111284,chicken brakebush original tenderloins l
22599000,-1,unclustered,0.0,chicken brakebush patties unbreaded f/c
22537300,517,cluster_517,0.8270453840505436,chicken brakebush tater chip tenderloins
22670500,497,cluster_497,0.9484683970468615,chicken brakebush thigh bonez(tm)roasted
22720100,-1,unclustered,0.0,chicken brakebush wings bnls doo-wa ditt
22720600,-1,unclustered,0.0,chicken brakebush wings country style br
20488,241,cluster_241,0.8065007564176903,chicken bratwurst 3/1 rpc950
SP334,-1,unclustered,0.0,chicken breaded nuggets
SP335,775,cluster_775,1.0,chicken breaded tenders (20#)
22563400,-1,unclustered,0.0,chicken breakbush breast b/out s/off ful
23120070,954,cluster_954,1.0,chicken breast
23210010,1180,cluster_1180,1.0,chicken breast (s) 10oz
23110012,1180,cluster_1180,0.9984397750729446,chicken breast (s) 12 oz
23136012,1180,cluster_1180,1.0,chicken breast (s) 14oz
23110003,1180,cluster_1180,1.0,chicken breast (s) 3oz
23132043,1180,cluster_1180,1.0,chicken breast (s) 4oz
23143340,1139,cluster_1139,1.0,chicken breast (s) 4oz / 24pc per box
23110004,-1,unclustered,0.0,chicken breast (s) 4oz 4/10 lb bags
23119004,-1,unclustered,0.0,chicken breast (s) 4oz butterflied
23143050,1180,cluster_1180,1.0,chicken breast (s) 5oz
23120005,1142,cluster_1142,1.0,chicken breast (s) 5oz marinated
23210006,1180,cluster_1180,1.0,chicken breast (s) 6oz
23644060,1139,cluster_1139,1.0,chicken breast (s) 6oz / 24 pc per box
23641006,1139,cluster_1139,1.0,chicken breast (s) 6oz / 24pc per box
23119006,-1,unclustered,0.0,chicken breast (s) 6oz butterflied
23015206,1124,cluster_1124,1.0,chicken breast (s) 6oz tray pack
23110061,-1,unclustered,0.0,chicken breast (s) 6oz-roll stock 1 per
23110007,1180,cluster_1180,1.0,chicken breast (s) 7oz
23015251,1163,cluster_1163,0.8939780018682051,chicken breast (s) 7oz - halal
23110017,-1,unclustered,0.0,chicken breast (s) 7oz cvp 2 per vac
23015254,1180,cluster_1180,0.8634067062537265,chicken breast (s) 7oz perdue
23110008,1180,cluster_1180,1.0,chicken breast (s) 8oz
23143001,952,cluster_952,1.0,chicken breast (s) amish
23015300,1180,cluster_1180,0.842553741104462,chicken breast (s) small 7oz
23245009,954,cluster_954,1.0,chicken breast (w)
23120210,1180,cluster_1180,1.0,chicken breast (w) 10oz
23110211,1180,cluster_1180,0.8009983348417475,chicken breast (w) 10oz 2/10
20101234,-1,unclustered,0.0,chicken breast (w) 10oz- cvp 1 per
23120012,1180,cluster_1180,1.0,chicken breast (w) 12oz
23120014,1180,cluster_1180,1.0,chicken breast (w) 12oz-14oz
23120015,1180,cluster_1180,1.0,chicken breast (w) 12oz-16oz
23242023,-1,unclustered,0.0,chicken breast (w) 12oz-koch
23120214,1180,cluster_1180,1.0,chicken breast (w) 14oz
23120016,1180,cluster_1180,1.0,chicken breast (w) 16oz
23120004,-1,unclustered,0.0,chicken breast (w) 4oz 4/10 lb. bags
23245350,1180,cluster_1180,0.9709123825379574,chicken breast (w) 5oz
23120206,1180,cluster_1180,1.0,chicken breast (w) 6oz
23235079,-1,unclustered,0.0,chicken breast (w) 7-9oz cvp
23120007,1180,cluster_1180,1.0,chicken breast (w) 7oz
23220007,-1,unclustered,0.0,chicken breast (w) 7oz cvp
23220008,1180,cluster_1180,1.0,chicken breast (w) 8oz
23120009,1180,cluster_1180,1.0,chicken breast (w) 9oz
23097440,-1,unclustered,0.0,chicken breast (w) bone in
23244706,-1,unclustered,0.0,chicken breast (w) mesquite b/out s/off
23020000,-1,unclustered,0.0,chicken breast (w)-bone in
14100021,-1,unclustered,0.0,chicken breast (w)-frozen
23421015,-1,unclustered,0.0,chicken breast 10 w -chef trim
23120114,-1,unclustered,0.0,chicken breast 14oz single lobe
23210404,1180,cluster_1180,1.0,chicken breast 4oz (s)
23135048,1163,cluster_1163,0.9039633407706711,chicken breast 4oz (s) halal
23110204,-1,unclustered,0.0,chicken breast 4oz (s)-421040
23110205,1180,cluster_1180,1.0,chicken breast 5oz (s)
23175050,1148,cluster_1148,0.6409499474190506,chicken breast 5oz (s) special trim b/ou
23904053,-1,unclustered,0.0,chicken breast 5oz mesquite solution add
23142065,-1,unclustered,0.0,chicken breast 6.5oz (s) b/out s/off 40p
23110206,1180,cluster_1180,1.0,chicken breast 6oz (s)
23148060,-1,unclustered,0.0,chicken breast 6oz (s) b/out s/off 20lb/
23144061,1180,cluster_1180,0.7930372652773919,chicken breast 6oz (s) bnls sknls frz
23294960,1142,cluster_1142,0.7367604973491244,chicken breast 6oz (w) marinated s/off f
23255080,-1,unclustered,0.0,chicken breast 8oz (w) b/in s/on
23291980,1142,cluster_1142,0.7411747750912887,chicken breast 8oz (w) marinated s/off i
23272980,1142,cluster_1142,0.6794548214707542,chicken breast 8oz (w) marinated special
23012000,954,cluster_954,0.9757606340319631,chicken breast abf (s)
23112006,1180,cluster_1180,1.0,chicken breast abf (s) 6oz
23112008,1180,cluster_1180,1.0,chicken breast abf (s) 8oz
23255600,954,cluster_954,1.0,chicken breast abf (w)
23111006,-1,unclustered,0.0,chicken breast all-natural (s) 6oz
23111008,1180,cluster_1180,0.913947394996237,chicken breast all-natural (s) 8oz
23243001,952,cluster_952,1.0,chicken breast amish (w)
23245929,952,cluster_952,1.0,chicken breast amish 28#cs
10236,1136,cluster_1136,1.0,chicken breast b/s 6oz butterfly
10230,1157,cluster_1157,0.3089524426691776,chicken breast b/s 6oz fzn -15704-
10230,1157,cluster_1157,0.3089524426691776,chicken breast b/s 6oz fzn -15704-
10237,1136,cluster_1136,1.0,chicken breast b/s 8oz butterfly
10234,-1,unclustered,0.0,chicken breast b/s 8oz split small box
10235,-1,unclustered,0.0,bf round os flat xt nr oma
310014,850,cluster_850,1.0,"chicken breast b/s iqf, kosher"
310085,1180,cluster_1180,1.0,"chicken breast b/s, 8oz"
310061,1180,cluster_1180,0.8527818383286954,"chicken breast b/s, dl, 6oz"
310080,1180,cluster_1180,1.0,"chicken breast b/s, dl, 8oz"
310100,1180,cluster_1180,1.0,"chicken breast b/s, fresh, 10oz"
310001,-1,unclustered,0.0,"chicken breast b/s, harrison"
316615,-1,unclustered,0.0,"chicken breast b/s, tr pk, harvestland"
310011,-1,unclustered,0.0,chicken breast bi
310018,-1,unclustered,0.0,chicken breast bi med split
318675,850,cluster_850,1.0,"chicken breast bi, empire kosher, iqf"
310115,-1,unclustered,0.0,"chicken breast bi, med split, 40#"
SP3272,-1,unclustered,0.0,chicken breast bnls 4oz
12000,1123,cluster_1123,1.0,chicken breast bnls frozen
310840,251,cluster_251,1.0,"chicken breast bnls, 1st wing joint on"
310092,1180,cluster_1180,0.817520098741292,"chicken breast bnls, skn, 8oz"
SP327,1007,cluster_1007,0.8208456791445716,chicken breast bnls-random 40#
10238,1136,cluster_1136,1.0,chicken breast bnls/son 10oz butterfly
23020010,-1,unclustered,0.0,chicken breast bone in perdue
23355002,-1,unclustered,0.0,chicken breast bone in skin on
23012500,-1,unclustered,0.0,chicken breast bone in skin-on split
23355000,-1,unclustered,0.0,chicken breast bone in split
23355001,-1,unclustered,0.0,chicken breast bone in split 12 oz
23282900,-1,unclustered,0.0,chicken breast boneless 14oz (w)
23282004,1142,cluster_1142,0.764408893297032,chicken breast boneless 4oz s marinated
27115290,944,cluster_944,1.0,chicken breast boneless chunks
27115291,944,cluster_944,1.0,chicken breast boneless pieces
23282990,1007,cluster_1007,0.7452705679151271,chicken breast boneless random marinated
23345001,1007,cluster_1007,0.9335993991832028,chicken breast boneless skinless random
23990000,-1,unclustered,0.0,chicken breast boneless smoked
29204000,510,cluster_510,1.0,chicken breast bones 40 lb cs
22586321,-1,unclustered,0.0,chicken breast breaded bnls wing-chunk
23468281,-1,unclustered,0.0,chicken breast buffalo style fresh mt
23004006,-1,unclustered,0.0,chicken breast cajun style frozen aspen
310028,946,cluster_946,1.0,"chicken breast chunk bread, tyson"
23405000,944,cluster_944,1.0,chicken breast chunks
23495112,-1,unclustered,0.0,chicken breast chunks trimmed
310288,497,cluster_497,1.0,"chicken breast ckd, brakebush, 10#"
310019,497,cluster_497,1.0,"chicken breast ckd, dan`s"
310880,1150,cluster_1150,1.0,"chicken breast cubed, 8oz s/l, b/s, 1x"
310440,1150,cluster_1150,1.0,"chicken breast cubed, s/l, b/s, 1x, 4oz"
310660,1150,cluster_1150,1.0,"chicken breast cubed, s/l, b/s, 1x, 6oz"
23705000,1146,cluster_1146,0.5749613922555082,chicken breast diced 1 x 1 in raw
23705012,1146,cluster_1146,1.0,"chicken breast diced 1/2 x 1/2"" raw"
23705015,-1,unclustered,0.0,"chicken breast diced 1/4 x 1/4"" halal"
23705114,1146,cluster_1146,1.0,"chicken breast diced 1/4 x 1/4"" raw"
310550,1165,cluster_1165,1.0,"chicken breast diced b/s, .5oz"
310008,1146,cluster_1146,0.48803951022368935,"chicken breast diced, 1 in"
310122,497,cluster_497,0.9500952195311835,"chicken breast diced, foster, ckd, 10#"
310546,-1,unclustered,0.0,"chicken breast diced, harvestland"
29074000,945,cluster_945,0.8485505099318755,chicken breast fajita meat
27410001,945,cluster_945,0.8579684072386923,chicken breast fajitas strips
310026,946,cluster_946,1.0,"chicken breast filet bread, spicy, tyson"
310027,-1,unclustered,0.0,"chicken breast filets ckd, jewels"
10850,-1,unclustered,0.0,chicken breast fillet 6oz >15705<
310836,-1,unclustered,0.0,chicken breast flame broiled with sauce
84212,-1,unclustered,0.0,chicken breast flt rtc 4/5##
310188,-1,unclustered,0.0,"chicken breast formed, koch, ckd, 10#"
310060,1180,cluster_1180,1.0,"chicken breast fresh s/l, b&s, 6oz (40#)"
310460,1180,cluster_1180,1.0,"chicken breast fresh, b/s, 4/6oz"
310040,1180,cluster_1180,1.0,"chicken breast fresh, b/s, 4oz"
310082,1180,cluster_1180,1.0,"chicken breast fresh, b/s, 8oz"
310062,1180,cluster_1180,1.0,"chicken breast fresh, s/l, b&s, 6oz"
310083,1180,cluster_1180,1.0,"chicken breast fresh, s/l, b/s, 8oz"
23595011,-1,unclustered,0.0,chicken breast frozen 3.oz avg -4 pack
310063,-1,unclustered,0.0,"chicken breast frozen, bnls, 6oz"
SP3261,-1,unclustered,0.0,chicken breast grilled fc 4oz
23117005,1163,cluster_1163,1.0,chicken breast halal (s) 5oz
23117006,1163,cluster_1163,1.0,chicken breast halal (s) 6oz
23117007,1163,cluster_1163,1.0,chicken breast halal (s) 7oz
23117008,1163,cluster_1163,1.0,chicken breast halal (s) 8oz
23127006,1163,cluster_1163,1.0,chicken breast halal (w) 6oz
23127007,1163,cluster_1163,1.0,chicken breast halal (w) 7oz
23127008,1163,cluster_1163,1.0,chicken breast halal (w) 8oz
310033,1157,cluster_1157,0.34826117908110593,"chicken breast iqf, tyson 2623, 3oz"
310120,1157,cluster_1157,0.6593325163677725,"chicken breast iqf, tyson, 3oz (10.12#)"
310034,1157,cluster_1157,1.0,"chicken breast iqf, tyson, 4oz (2/5#)"
310150,1157,cluster_1157,0.581586972396258,"chicken breast iqf, tyson, 5oz (10#)"
310035,1157,cluster_1157,1.0,"chicken breast iqf, tyson, 5oz (2/5#)"
310636,1157,cluster_1157,1.0,"chicken breast iqf, tyson, 6oz (2/5#)"
23245900,-1,unclustered,0.0,chicken breast jumbo random tyson - comb
310030,1128,cluster_1128,1.0,"chicken breast kabob, 3oz"
310020,1128,cluster_1128,1.0,"chicken breast kabobs, 2oz"
310287,-1,unclustered,0.0,chicken breast machine cut for stirfry
23193940,1142,cluster_1142,1.0,chicken breast marinated (s) 4oz
23144960,1142,cluster_1142,1.0,chicken breast marinated (s) 6oz
23005700,-1,unclustered,0.0,chicken breast mesquite/ sliced fresh
23245580,1180,cluster_1180,0.913947394996237,chicken breast natural (w) 8oz
10153,444,cluster_444,0.6065948414437529,chicken breast organic
23114099,444,cluster_444,1.0,chicken breast organic mary`s
23485470,-1,unclustered,0.0,chicken breast oven roasted mt
23595000,-1,unclustered,0.0,chicken breast pieces skin off
310461,-1,unclustered,0.0,"chicken breast pieces, fulton, b/s"
310087,-1,unclustered,0.0,"chicken breast pulled ckd, tyson"
23345000,1007,cluster_1007,1.0,chicken breast random
23304006,-1,unclustered,0.0,chicken breast random (w) frozen house o
24565011,1007,cluster_1007,0.8403140033549329,chicken breast random 1# pack
23346000,1007,cluster_1007,0.7559064045860328,chicken breast random 5# bag
23342600,1007,cluster_1007,0.8976803447556932,chicken breast random abf
23335300,1007,cluster_1007,0.8186868195644428,chicken breast random b/out s/on w/rib m
310000,1007,cluster_1007,1.0,"chicken breast random b/s, 40#"
23345010,1007,cluster_1007,0.8510071612653217,chicken breast random boneless skinless
23495000,-1,unclustered,0.0,chicken breast random chunks s/off
24565012,1007,cluster_1007,0.8208456791445716,chicken breast random cw
23345308,-1,unclustered,0.0,chicken breast random halal
23345400,1007,cluster_1007,0.8248813225385812,chicken breast random no rib meat
23594007,-1,unclustered,0.0,chicken breast random pcs frozen
23395000,1007,cluster_1007,0.8474405883078512,chicken breast random select
310036,1007,cluster_1007,1.0,"chicken breast random, b/s"
23345309,-1,unclustered,0.0,chicken breast random-split amish
SP3401,1146,cluster_1146,0.4807721979768646,chicken breast raw - diced 20#
SP34011,-1,unclustered,0.0,chicken breast raw diced
SP3400,945,cluster_945,1.0,chicken breast raw strips
SP3501,-1,unclustered,0.0,chicken breast raw-pulled
310013,-1,unclustered,0.0,"chicken breast roast, butterball"
310088,497,cluster_497,1.0,"chicken breast roasted ckd, jjewells"
22939430,-1,unclustered,0.0,chicken breast s b/out s/off fillet f/ck
29364100,-1,unclustered,0.0,chicken breast scrap pieces abf
23110103,1148,cluster_1148,1.0,chicken breast special trim (s) 3oz
23110104,1148,cluster_1148,1.0,chicken breast special trim (s) 4oz
23110105,1148,cluster_1148,1.0,chicken breast special trim (s) 5oz
23110106,1148,cluster_1148,1.0,chicken breast special trim (s) 6oz
23900070,1148,cluster_1148,1.0,chicken breast special trim (s) 7oz
23110108,1148,cluster_1148,1.0,chicken breast special trim (s) 8oz
23110210,1148,cluster_1148,0.828506104919178,chicken breast special trim (w) 10oz
23272060,1148,cluster_1148,1.0,chicken breast special trim (w) 6oz
23110207,1148,cluster_1148,1.0,chicken breast special trim (w) 7oz
23110208,1148,cluster_1148,1.0,chicken breast special trim (w) 8oz
310671,1165,cluster_1165,1.0,"chicken breast split, abf, b/s, 6/7oz"
310050,1165,cluster_1165,1.0,"chicken breast split, b/s, 5oz"
310210,-1,unclustered,0.0,"chicken breast stir fry, 2/10#"
310022,-1,unclustered,0.0,"chicken breast strip grill, foster, 10#"
310333,-1,unclustered,0.0,"chicken breast strip, roasted, ckd, 4/5#"
23495600,945,cluster_945,1.0,chicken breast strips
27410062,523,cluster_523,1.0,chicken breast strips halal machine cut
27410061,523,cluster_523,1.0,chicken breast strips hand cut-halal
310031,945,cluster_945,1.0,"chicken breast strips, b/s"
310086,-1,unclustered,0.0,"chicken breast strips, grill"
SP341,-1,unclustered,0.0,chicken breast tempura 10#
25015001,-1,unclustered,0.0,chicken breast tenderloins abf
SP308,-1,unclustered,0.0,chicken breast tenders-raw
316619,-1,unclustered,0.0,"chicken breast thin sliced, perdue"
310090,1124,cluster_1124,1.0,"chicken breast tray pack, bnls, 4oz"
310064,1124,cluster_1124,1.0,"chicken breast tray pack, bnls, 6oz"
310441,-1,unclustered,0.0,"chicken breast trim, fulton, b/s"
310846,-1,unclustered,0.0,"chicken breast trim, pritzlaff"
310010,251,cluster_251,1.0,"chicken breast, 1st wing joint on"
310670,-1,unclustered,0.0,"chicken breast, b/s sl, gerber, 6/7oz"
310524,1157,cluster_1157,0.3422279566941053,"chicken breastb/s, iqf, 4/5#, 5oz"
310005,-1,unclustered,0.0,"chicken breasts b/s tray pack, halal"
310009,-1,unclustered,0.0,"chicken breasts b/s, gold n plump"
310006,-1,unclustered,0.0,"chicken breasts b/s, halal"
310002,-1,unclustered,0.0,chicken breasts bnls skn
310091,-1,unclustered,0.0,"chicken brst b/s, 6oz (do not use)"
310829,-1,unclustered,0.0,"chicken brst b/s, tr pk, perdue 829/8829"
310615,644,cluster_644,1.0,"chicken brst b/s, tray pack, perdue 7615"
310552,-1,unclustered,0.0,"chicken brst filet ckd grill, j. soules"
310081,1180,cluster_1180,0.7924162085861722,"chicken brst fresh, b/s, 8oz (40#)"
310041,-1,unclustered,0.0,"chicken brst fresh, halal, b/s, 4oz"
310585,-1,unclustered,0.0,"chicken brst nuggets raw, blns, s. river"
10002,-1,unclustered,0.0,chicken brst pan ready
310158,-1,unclustered,0.0,"chicken brst perfect prtn, perdue, 12#"
310084,-1,unclustered,0.0,"chicken brst split, abf, b/s, 7-8oz"
310890,-1,unclustered,0.0,"chicken brst strip grill, windy hill, 8#"
311215,-1,unclustered,0.0,"chicken brst thin sliced, tyson, 12/1.5#"
23245068,-1,unclustered,0.0,chicken brst. 6oz slt bsb hala
23210009,-1,unclustered,0.0,chicken bst bnls 9-oz w skin on
23595001,-1,unclustered,0.0,chicken bst pcs for grinding - pcs s/off
10258,527,cluster_527,1.0,chicken buffalo party wing 4/5# winganza
10258,889,cluster_889,1.0,chicken buffalo party wing 4/5# winganza
360006,-1,unclustered,0.0,"chicken capon, whole"
790139,-1,unclustered,0.0,chicken chorizo 2-5# case
390041,-1,unclustered,0.0,"chicken chorizo links, 4-1"
390030,-1,unclustered,0.0,"chicken chorizo, bulk"
22215505,870,cluster_870,1.0,chicken cordon bleu 24/6oz
SP1611,870,cluster_870,1.0,chicken cordon bleu 4 oz 9#
22134360,870,cluster_870,1.0,chicken cordon bleu-36/4oz bulk pk
22215702,871,cluster_871,1.0,chicken cordon blue 18/7oz retail
22137240,871,cluster_871,1.0,chicken cordon blue 7oz
22387880,-1,unclustered,0.0,chicken crispito chili 590991
566572,-1,unclustered,0.0,chicken crispy- lishus tender
10271,451,cluster_451,1.0,chicken cut wings - formosa
360059,-1,unclustered,0.0,"chicken cut-up fryer, pilgrim, 8pc"
24152205,-1,unclustered,0.0,chicken dark meat deboned drum meat
29055000,-1,unclustered,0.0,chicken demi glaze
27110112,1146,cluster_1146,1.0,"chicken diced breast 1 1/2"" x 1 1/2"" raw"
27110100,1146,cluster_1146,1.0,"chicken diced breast 1 1/4"" x 1 1/4"" raw"
27110150,1146,cluster_1146,0.6840332503537039,chicken diced breast 1.5x1.5 raw
27210120,1140,cluster_1140,1.0,"chicken diced leg meat 1/2x1/2"" raw"
27210140,-1,unclustered,0.0,"chicken diced leg meat taco1/4"" raw"
SP342,1113,cluster_1113,1.0,chicken diced mixed
27320120,1113,cluster_1113,1.0,"chicken diced mixed 1/2"" s/h cooked"
27320380,1113,cluster_1113,1.0,"chicken diced mixed 3/8"" s/h cooked"
27210141,1140,cluster_1140,1.0,"chicken diced thigh meat 1/4x1/4"" raw"
27210161,1140,cluster_1140,1.0,chicken diced thigh meat 1x1 raw
27120120,1113,cluster_1113,0.9866425249118457,chicken diced white 1/2 (4) cooked
390225,-1,unclustered,0.0,"chicken diced, ckd-8/5# boxes"
25015000,-1,unclustered,0.0,chicken dio not use
10823,-1,unclustered,0.0,chicken drumstick (frozen)
24499000,-1,unclustered,0.0,chicken drumstick smoked
320872,644,cluster_644,1.0,"chicken drumstick tray pack, perdue, 872"
320001,951,cluster_951,0.9392446829846803,"chicken drumstick, gerber amish"
SP306,-1,unclustered,0.0,chicken drumsticks med 40#
320003,890,cluster_890,0.8639324364552604,"chicken drumsticks, 40#"
320005,-1,unclustered,0.0,"chicken drumsticks, random, bi skn, 20#"
25280,457,cluster_457,1.0,chicken eggroll (2oz) -- affinity
25290,457,cluster_457,1.0,chicken eggroll (3oz) -- affinity
25181,457,cluster_457,1.0,chicken eggroll 2oz/120 - affinity
25190,-1,unclustered,0.0,chicken eggroll 3oz `no msg`- baily
25180,457,cluster_457,1.0,chicken eggroll 3oz/96 - affinity
3212,-1,unclustered,0.0,chicken fahita 1# pack frz
93560,-1,unclustered,0.0,chicken fajita marinade 4/1 gallon
390025,-1,unclustered,0.0,"chicken fajita, ckd, short cuts, perdue"
390023,-1,unclustered,0.0,"chicken fajita, dark meat, fresh"
390024,945,cluster_945,0.8485505099318755,"chicken fajita, white meat, fresh"
29054000,246,cluster_246,1.0,chicken fat rendered
390104,246,cluster_246,1.0,"chicken fat, rendered"
390247,-1,unclustered,0.0,"chicken fat, retail, empire kosher"
29404002,-1,unclustered,0.0,chicken feet
29404001,-1,unclustered,0.0,chicken feet 1.5 lb. v/p
380000,-1,unclustered,0.0,"chicken feet, 22# box, perdue"
380011,-1,unclustered,0.0,"chicken feet, 40# box"
83002,-1,unclustered,0.0,chicken flavor soup base 6/5 totole
22603950,-1,unclustered,0.0,chicken florentine
SP323,-1,unclustered,0.0,chicken fried fc - 8 cut*
380005,-1,unclustered,0.0,"chicken fritter, bread, koch"
29504000,-1,unclustered,0.0,chicken fronts 40 pc case
29500000,-1,unclustered,0.0,chicken fronts split 40 lb. /cs
20582038,481,cluster_481,1.0,chicken fryer 8 cut wog 2 3/4#
20008260,483,cluster_483,1.0,chicken fryer abf wog 3 #
360341,482,cluster_482,0.8477872732298779,"chicken fryer cut 1/4 w/o gib, 2.5-2.75#"
20605571,-1,unclustered,0.0,chicken fryer golden 4#
20004046,-1,unclustered,0.0,chicken fryer southwest 3# cs frozen asp
20502030,480,cluster_480,1.0,chicken fryer wog (2 .50-2.75#
20005030,480,cluster_480,1.0,chicken fryer wog (2.50-2.75)
20592020,480,cluster_480,1.0,chicken fryer wog (2.50-2.75)#
20402050,485,cluster_485,0.683656226157281,chicken fryer wog (3 1/4 - 3 1/2)#
20100212,481,cluster_481,0.8706526176869875,chicken fryer wog 10 cut 2 1/2#
20100234,481,cluster_481,0.9251438909640937,chicken fryer wog 10 cut 2 3/4#
20100300,481,cluster_481,0.8902997881643262,chicken fryer wog 10 cut 3#
20000212,485,cluster_485,0.7773239541149508,chicken fryer wog 2 1/2#
20005120,-1,unclustered,0.0,chicken fryer wog 2 1/2# b/out
20505010,485,cluster_485,1.0,chicken fryer wog 2 1/4#
20035030,485,cluster_485,0.8465974261066365,chicken fryer wog 2 3/4#
20000235,-1,unclustered,0.0,chicken fryer wog 2 3/4--3lb 16hd
20592011,-1,unclustered,0.0,chicken fryer wog 2.75 lb. without necks
20025240,484,cluster_484,1.0,chicken fryer wog 3 #
20005260,485,cluster_485,1.0,chicken fryer wog 3 1/2
20000313,485,cluster_485,1.0,chicken fryer wog 3 1/2#
20005140,484,cluster_484,1.0,chicken fryer wog 3#
20005840,485,cluster_485,0.6940760212442304,chicken fryer wog 3-4#
20007353,479,cluster_479,1.0,chicken fryer wog 3.0 - 3.25
20000312,479,cluster_479,1.0,chicken fryer wog 3.25 - 3.50
20000325,479,cluster_479,1.0,chicken fryer wog 3.25-3.75
20005445,-1,unclustered,0.0,chicken fryer wog 3.5# - boneless
20005441,-1,unclustered,0.0,chicken fryer wog 3.5# - brick chicken
20007410,-1,unclustered,0.0,chicken fryer wog 3.5-3.75- 70lb cw
20400222,481,cluster_481,0.9756033274646375,chicken fryer wog 4 cut 2 1/2#
20400234,481,cluster_481,1.0,chicken fryer wog 4 cut 2 3/4#
20045060,481,cluster_481,1.0,chicken fryer wog 4 cut 3 1/2#
20045040,481,cluster_481,1.0,chicken fryer wog 4 cut 3#
20045041,481,cluster_481,0.811988626666097,chicken fryer wog 4 cut 4#
20605034,484,cluster_484,1.0,chicken fryer wog 4#
20002070,-1,unclustered,0.0,chicken fryer wog 4# white 44 cvp
20005263,-1,unclustered,0.0,chicken fryer wog 4#- boneless
20060500,-1,unclustered,0.0,chicken fryer wog 5#
20055080,-1,unclustered,0.0,chicken fryer wog 5# butterfly whole
20605580,-1,unclustered,0.0,chicken fryer wog 5# yellow gold
20582010,-1,unclustered,0.0,chicken fryer wog 8 cut (2.25-2.50)#
20782040,481,cluster_481,1.0,chicken fryer wog 8 cut (3 - 3 1/4)#
20085920,481,cluster_481,1.0,chicken fryer wog 8 cut 2 1/2#
20800241,481,cluster_481,1.0,chicken fryer wog 8 cut 2 1/4#
20089234,481,cluster_481,0.574745699047556,chicken fryer wog 8 cut 2 3/4 -2hd per b
20085030,481,cluster_481,1.0,chicken fryer wog 8 cut 2 3/4#
20582030,481,cluster_481,0.6706338799726499,chicken fryer wog 8 cut 2.75
20185060,481,cluster_481,1.0,chicken fryer wog 8 cut 3 1/2#
20085060,481,cluster_481,1.0,chicken fryer wog 8 cut 3 1/2#-
20085044,481,cluster_481,1.0,chicken fryer wog 8 cut 3#
20085074,481,cluster_481,1.0,chicken fryer wog 8 cut 4#
20870312,481,cluster_481,0.6136109856764329,chicken fryer wog 8 cut sq 3 1/2#
20095030,481,cluster_481,1.0,chicken fryer wog 9 cut 2 3/4#
20095060,481,cluster_481,1.0,chicken fryer wog 9 cut 3 1/2#
20592030,481,cluster_481,1.0,chicken fryer wog 9 cut 3#
20095040,481,cluster_481,0.7840312298929526,chicken fryer wog 9 cut 3.5# up
20021312,483,cluster_483,1.0,chicken fryer wog abf 3 1/2#
20021300,483,cluster_483,1.0,chicken fryer wog abf 3#
20032300,-1,unclustered,0.0,chicken fryer wog amish bagged 3#
20001300,-1,unclustered,0.0,chicken fryer wog cvp 3#
22121007,472,cluster_472,0.9863354649938569,chicken fryer wog halal 2 1/2#
22141009,472,cluster_472,1.0,chicken fryer wog halal 2 1/4#
22341007,472,cluster_472,1.0,chicken fryer wog halal 2 3/4#
23121009,472,cluster_472,1.0,chicken fryer wog halal 3 1/2#
20005360,-1,unclustered,0.0,chicken fryer wog harrison 4#-brick
20010300,-1,unclustered,0.0,chicken fryer wog natural 3#
20200234,477,cluster_477,1.0,chicken fryer wog split 2 3/4#
20200312,477,cluster_477,1.0,chicken fryer wog split 3 1/2#
20200300,477,cluster_477,1.0,chicken fryer wog split 3#
20200301,477,cluster_477,0.6456564578289634,chicken fryer wog split breast 3#
20005372,477,cluster_477,0.6479466914446851,chicken fryer wog-3.-lb split
20005362,-1,unclustered,0.0,chicken fryer wog-3.5lb split brick cx
360143,-1,unclustered,0.0,"chicken fryer, bagged w/gib, gerber"
360310,482,cluster_482,1.0,"chicken fryer, cut 1/10 w/o gib, 3-3.25#"
360340,482,cluster_482,1.0,"chicken fryer, cut 1/4 w/o gib, 3-3.25#"
360382,482,cluster_482,1.0,"chicken fryer, cut 1/8 w/o gib, 3-3.25#"
360804,-1,unclustered,0.0,"chicken fryer, cut-up, gerber, #0804"
360035,-1,unclustered,0.0,"chicken fryer, gerber amish, 3.5#"
360002,-1,unclustered,0.0,"chicken fryer, marinated, gold n plump"
360005,-1,unclustered,0.0,"chicken fryer, organic, smart chicken"
360400,475,cluster_475,0.8470846898807997,"chicken fryer, split w/gib, 4#"
360037,475,cluster_475,1.0,"chicken fryer, split w/o gib, 3-3.25#"
360038,475,cluster_475,1.0,"chicken fryer, split w/o gib, 3.25-3.50#"
360039,475,cluster_475,1.0,"chicken fryer, split w/o gib, 3.75#"
360001,-1,unclustered,0.0,"chicken fryer, strausberg"
360041,-1,unclustered,0.0,"chicken fryer, w/o gib, 4#, (40#)"
360950,-1,unclustered,0.0,"chicken fryer, whole bag, tyson, frozen"
20041300,-1,unclustered,0.0,chicken fryers organic 3-3 1/2
29034000,-1,unclustered,0.0,chicken giblets
390400,378,cluster_378,0.8611434602719742,chicken gizzards
29045001,-1,unclustered,0.0,chicken gizzards 2 lb pack
10750,-1,unclustered,0.0,chicken gizzards 8/5#
29045000,378,cluster_378,0.8454919063995039,chicken gizzards fresh
10750,378,cluster_378,0.8611434602719742,chicken gizzards 8/5#
10753,-1,unclustered,0.0,chicken gizzards tyson
29014000,593,cluster_593,1.0,chicken ground 2/5 frz
29014001,593,cluster_593,1.0,chicken ground 4/10
29014045,593,cluster_593,1.0,chicken ground 4/5#
29019000,-1,unclustered,0.0,chicken ground abf-all dark meat-perdue
29015000,-1,unclustered,0.0,chicken ground breast/w rib meat 20lb cv
29915001,-1,unclustered,0.0,chicken ground leg thighs meat fresh
29915000,1122,cluster_1122,1.0,chicken ground leg thighs meat frozen
29014004,-1,unclustered,0.0,chicken ground perdue
29015200,-1,unclustered,0.0,chicken ground sliders 2oz
10001,959,cluster_959,1.0,chicken halal
380001,582,cluster_582,0.9676160769887824,chicken hearts
10300,582,cluster_582,1.0,chicken hearts *sanderson farms* fresh
10300,582,cluster_582,1.0,chicken hearts *sanderson farms* fresh
29606001,-1,unclustered,0.0,chicken hearts 1.50 lb. pack
10300,582,cluster_582,1.0,chicken hearts *sanderson farms* fresh
360560,-1,unclustered,0.0,"chicken heavy hens, 5/6# average"
10220,-1,unclustered,0.0,chicken jumbo b/s breast
10220,-1,unclustered,0.0,chicken jumbo b/s breast
10022,-1,unclustered,0.0,chicken jumbo b/s thighs formosa
10821,890,cluster_890,0.8744548446817811,chicken jumbo drumstick formosa
10822,890,cluster_890,0.8812945348865274,chicken jumbo drumsticks
10102,-1,unclustered,0.0,chicken jumbo leg quarter sanderson
10262,893,cluster_893,0.861236052129046,chicken jumbo whole wings 14702
34019,-1,unclustered,0.0,chicken kabobs
22104240,872,cluster_872,1.0,chicken kiev 4oz 36pc cs
22210509,872,cluster_872,1.0,chicken kiev 5oz 28pc cs
22218240,872,cluster_872,1.0,chicken kiev b/out s/off 24/8oz - 12/cs
22207531,-1,unclustered,0.0,chicken kiev broccoli and cheese koch
22105240,-1,unclustered,0.0,chicken kiev butter-chive 5oz
22107240,-1,unclustered,0.0,chicken kiev butter-chive 7oz
22135240,871,cluster_871,1.0,chicken kiev cordon blue 5oz
22208680,-1,unclustered,0.0,chicken kiev creme brie-apple
330141,951,cluster_951,0.872272128201646,"chicken leg 1/4, gerber amish"
24055000,592,cluster_592,1.0,chicken leg 4/10
24406000,-1,unclustered,0.0,chicken leg drumstick
24478000,956,cluster_956,0.6973125796271142,chicken leg drumstick abf
24403001,951,cluster_951,1.0,chicken leg drumstick amish
24405030,890,cluster_890,0.8744548446817811,chicken leg drumstick jumbo
24403000,-1,unclustered,0.0,chicken leg drumstick lollipop
24005030,510,cluster_510,1.0,chicken leg jumbo 40lb/cs
24115000,958,cluster_958,0.9389863201468365,chicken leg meat
24265068,-1,unclustered,0.0,chicken leg meat 6/8 oz
24265168,-1,unclustered,0.0,chicken leg meat 6/8oz 40 lb case
24265008,959,cluster_959,1.0,chicken leg meat halal
55109980,-1,unclustered,0.0,"chicken leg meat, skin on, combo"
24905050,528,cluster_528,1.0,chicken leg osso bucco
330140,-1,unclustered,0.0,"chicken leg qtrs, halal, fresh"
330002,850,cluster_850,0.9237899299470642,"chicken leg qtrs, kosher, iqf"
24107000,958,cluster_958,0.9455914416299342,chicken leg quarter
24106011,-1,unclustered,0.0,chicken leg quarter 2/pack
24105008,959,cluster_959,1.0,chicken leg quarter halal
24265000,958,cluster_958,0.9910778560460736,chicken leg quarter meat
24255040,-1,unclustered,0.0,chicken leg quarter meat yellow
24105400,958,cluster_958,1.0,chicken leg quarter medium
24106010,958,cluster_958,1.0,chicken leg quarter small
24306020,958,cluster_958,0.8755923363485537,chicken leg quarter split medium
24305010,958,cluster_958,0.8801428484174171,chicken leg quarter split small
24105040,-1,unclustered,0.0,chicken leg quarter yellow
24105405,-1,unclustered,0.0,chicken leg quarter- cut from 2.75 chick
24105004,958,cluster_958,1.0,chicken leg quarter-large
10102,-1,unclustered,0.0,chicken jumbo leg quarter sanderson
SP3032,958,cluster_958,0.8824458347261913,chicken leg quarters med 40#
24104000,-1,unclustered,0.0,chicken leg quaters
22402846,-1,unclustered,0.0,chicken leg stuffed lady aster
24580000,956,cluster_956,1.0,chicken leg thigh
24590000,-1,unclustered,0.0,chicken leg thigh bone in-skin-on
24568000,956,cluster_956,0.7863984732220836,chicken leg thighs abf
24525061,951,cluster_951,1.0,chicken leg thighs amish
24563001,644,cluster_644,1.0,chicken leg thighs amish tray pack
330001,956,cluster_956,1.0,chicken legs & thighs
10655,1122,cluster_1122,0.8818907962151545,chicken legs whole frozen
120,-1,unclustered,0.0,chicken less than a case +.20
360395,603,cluster_603,0.9961947469845727,"chicken liver, fresh, 5# bag"
380051,-1,unclustered,0.0,"chicken liver, frozen, 5# bag"
29604000,-1,unclustered,0.0,chicken livers
29604001,-1,unclustered,0.0,chicken livers 2 lb. pac
10700,-1,unclustered,0.0,chicken livers cvp 40#
10700,-1,unclustered,0.0,chicken livers cvp 40#
10071,-1,unclustered,0.0,chicken livers halal tp
96785890,-1,unclustered,0.0,chicken lof delishaved 8/9oz (4.5#)
29016000,-1,unclustered,0.0,chicken mech. seperated (msc)
920255,-1,unclustered,0.0,chicken n ribs box
29704000,-1,unclustered,0.0,chicken neck
380110,-1,unclustered,0.0,chicken necks
380010,-1,unclustered,0.0,"chicken necks & backs, 10# bag (40#)"
10550,-1,unclustered,0.0,chicken necks 40# bulk
22581010,-1,unclustered,0.0,chicken nugget dinos
10250,-1,unclustered,0.0,chicken party wings (sections)
10252,527,cluster_527,0.9156444492474481,chicken party wings fc buffalo 2/5#
SP333,-1,unclustered,0.0,chicken patty breaded-fc
390010,-1,unclustered,0.0,"chicken patty, bread, heritage, 3oz"
10500,-1,unclustered,0.0,chicken paws 44.09# formosa/sandrsn
10502,-1,unclustered,0.0,chicken paws frozen 90120 - 22kg
10500,-1,unclustered,0.0,chicken paws 44.09# formosa/sandrsn
18080606,-1,unclustered,0.0,chicken philly kit jtm(4-2.25oz)
390014,946,cluster_946,0.9901426016308078,"chicken pieces, bi, bread, tyson"
900281,192,cluster_192,0.9411314691890211,chicken poblano pepper soup
10634,-1,unclustered,0.0,chicken popeyes 8-piece 8059 tyson
10632,627,cluster_627,1.0,chicken popeyes 8-piece marinated
10631,627,cluster_627,1.0,chicken popeyes 8-piece marinated +15
99992,627,cluster_627,0.8253711028189883,chicken popeyes 8pc marinated
99993,627,cluster_627,0.7050196022201697,chicken popeyes dark marina
10170,627,cluster_627,0.8629609724980926,chicken popeyes dark meat marinated
10172,627,cluster_627,1.0,chicken popeyes dark meat marinated +15
10171,-1,unclustered,0.0,chicken popeyes dark mt 4pc 114509
10633,627,cluster_627,0.6425112063585404,chicken popeyes wings naihm marinated
27300100,-1,unclustered,0.0,chicken pulled mixed 10lb/cs
27100100,-1,unclustered,0.0,chicken pulled white 10#cs (3)
310037,-1,unclustered,0.0,"chicken qtr breast, med, bi skn, 40#"
29085004,-1,unclustered,0.0,chicken roaster 8 cut roll stk perdue
29088004,-1,unclustered,0.0,chicken roaster perdue 9hd/cs
360780,-1,unclustered,0.0,"chicken roasters, 7/8# average"
360505,-1,unclustered,0.0,"chicken rotisserie, traditional, tyson"
28107280,669,cluster_669,0.6936146973337246,chicken sausage
28075759,-1,unclustered,0.0,chicken sausage apple&gouda cheese
28000122,669,cluster_669,0.6936146973337246,chicken sausage cajun
28076560,-1,unclustered,0.0,chicken sausage chorizo 8/1 f-ckd
28076901,-1,unclustered,0.0,chicken sausage italian 1oz 621145
28000123,-1,unclustered,0.0,chicken sausage mississippi sage 1oz
29804000,-1,unclustered,0.0,chicken skin
10520,-1,unclustered,0.0,chicken skin 4/10# frozen
380040,-1,unclustered,0.0,"chicken skins, 40#"
10101,946,cluster_946,0.9901426016308078,chicken small leg quarter *tyson*
566638,-1,unclustered,0.0,chicken smartshapes g`n`s
566634,-1,unclustered,0.0,chicken smartshapes g`n`s brd
20481,-1,unclustered,0.0,chicken spinach feta brat rpc951
22383000,-1,unclustered,0.0,chicken strips grill tyson 10lb/cs
350615,644,cluster_644,1.0,"chicken tender b/s, tyson, tray pack"
94011,-1,unclustered,0.0,chicken tender bites al safa halal
421027,-1,unclustered,0.0,chicken tender cubes 1x1 raw
310221,-1,unclustered,0.0,"chicken tender raw b/s, foster, 10#"
350000,676,cluster_676,1.0,"chicken tender, bnls, 40#"
350001,676,cluster_676,1.0,"chicken tender, bnls, halal"
350004,676,cluster_676,1.0,"chicken tender, bnls, med"
350010,-1,unclustered,0.0,"chicken tender, bread hstyle, tyson, 10#"
350899,776,cluster_776,1.0,"chicken tender, ckd bread, 89999"
350002,776,cluster_776,1.0,"chicken tender, ckd bread, fieldale"
350102,776,cluster_776,1.0,"chicken tender, ckd bread, fieldale, 10#"
350736,644,cluster_644,1.0,"chicken tender, tray pack, perdue 7736"
350936,644,cluster_644,1.0,"chicken tender, tray pack, perdue 86936"
22546900,-1,unclustered,0.0,chicken tenderloin breaded goldnspice
22381166,946,cluster_946,1.0,chicken tenderloins breaded spicy -tyson
25002030,-1,unclustered,0.0,chicken tenderloins clipped jumbo cvp
25015010,1008,cluster_1008,0.3970694577699526,chicken tenderloins house cut 1oz
25012110,-1,unclustered,0.0,chicken tenderloins house cut cvp 11/12o
25014000,713,cluster_713,1.0,chicken tenderloins house cut frozen
25005120,1008,cluster_1008,1.0,chicken tenderloins jumbo 2.5-4oz
25005020,1008,cluster_1008,1.0,chicken tenderloins jumbo 2.75-4oz
25005012,1008,cluster_1008,1.0,chicken tenderloins jumbo 2oz
8118,1008,cluster_1008,0.5406349766885782,chicken tenderloins jumbo 2oz koch
25002000,-1,unclustered,0.0,chicken tenderloins jumbo cvp
25005028,1008,cluster_1008,0.42293837389611666,chicken tenderloins jumbo halal 2oz
22121100,-1,unclustered,0.0,chicken tenderloins southern styke bread
25000000,-1,unclustered,0.0,chicken tenderloins southern style
22182401,-1,unclustered,0.0,chicken tenderloins uncooked - 182401
10150,-1,unclustered,0.0,chicken tenders
10400,713,cluster_713,1.0,chicken tenders (frozen clipped)
10150,713,cluster_713,1.0,chicken tenders
10154,-1,unclustered,0.0,bf short rib-chu-bi oma-hrf
22351800,775,cluster_775,0.815880513787958,chicken tenders uncooked breaded - 3518
24505000,956,cluster_956,0.9719494316013431,chicken thigh
24565710,1136,cluster_1136,0.9268191432540318,chicken thigh 6/9 oz butterfly
24565869,-1,unclustered,0.0,chicken thigh anmar halal 6/8 oz hala
SP3052,-1,unclustered,0.0,chicken thigh b/i skin on 40#
340550,1165,cluster_1165,1.0,"chicken thigh b/s diced, .5oz"
340040,592,cluster_592,1.0,"chicken thigh b/s, 4/10#"
340050,1154,cluster_1154,0.9675749786702464,"chicken thigh b/s, 5oz"
340242,-1,unclustered,0.0,"chicken thigh b/s, cut 24/26ct"
10023,1123,cluster_1123,1.0,chicken thigh bnls - frozen
10363,-1,unclustered,0.0,chicken thigh bone-in <8998> tyson
24598000,-1,unclustered,0.0,chicken thigh boneless skinless cvp
24565870,-1,unclustered,0.0,chicken thigh butterfly anmar flatten
310551,-1,unclustered,0.0,"chicken thigh cubed, 5oz, b/s"
27510000,-1,unclustered,0.0,chicken thigh fajitas strips
24605000,-1,unclustered,0.0,chicken thigh fryer pieces
10360,-1,unclustered,0.0,chicken thigh jumbo cvp <14525>
10020,-1,unclustered,0.0,chicken thigh meat boneless
24565004,1128,cluster_1128,1.0,chicken thigh meat kabob 4oz
24565010,-1,unclustered,0.0,chicken thigh meat pan ready
340001,-1,unclustered,0.0,"chicken thigh meat, diced, 1in"
340004,-1,unclustered,0.0,"chicken thigh meat, skewer"
SP3055,1098,cluster_1098,1.0,chicken thigh meat-bnls&skls
24140099,444,cluster_444,1.0,chicken thigh organic mary`s
27510060,-1,unclustered,0.0,chicken thigh strips halal for fajita
27510061,523,cluster_523,1.0,chicken thigh strips halal machine cut
340003,-1,unclustered,0.0,"chicken thigh, bnls, s/l, sliced"
340002,1098,cluster_1098,1.0,"chicken thigh, bnls, skn"
340341,497,cluster_497,0.9500952195311835,"chicken thigh, diced ckd"
24525000,956,cluster_956,1.0,chicken thighs
24565025,-1,unclustered,0.0,chicken thighs 1 pc cw roll stock
24565002,-1,unclustered,0.0,chicken thighs 1# roll stock
24565140,1154,cluster_1154,1.0,chicken thighs 14-16oz
24565040,-1,unclustered,0.0,chicken thighs 4/10 cvp
24565800,-1,unclustered,0.0,chicken thighs 4/10 cvp halal
24505001,-1,unclustered,0.0,chicken thighs 4/10 frozen
24565400,1154,cluster_1154,1.0,chicken thighs 4oz
24565500,-1,unclustered,0.0,chicken thighs 4oz halal
24555600,1154,cluster_1154,1.0,chicken thighs 6oz
24528000,956,cluster_956,0.7977038930845425,chicken thighs abf
24565100,-1,unclustered,0.0,chicken thighs all-natural
24565200,951,cluster_951,1.0,chicken thighs amish
10362,956,cluster_956,0.7974824501654802,chicken thighs b/i
10362,-1,unclustered,0.0,chicken thighs b/i
24527000,-1,unclustered,0.0,chicken thighs b/in 30lb/cs
340042,1123,cluster_1123,1.0,"chicken thighs b/s, frozen"
340237,644,cluster_644,1.0,"chicken thighs b/s, tray pack"
24565300,444,cluster_444,1.0,chicken thighs organic mary`s
340006,-1,unclustered,0.0,"chicken thighs, bi, 40#"
340011,850,cluster_850,1.0,"chicken thighs, bi, kosher, iqf"
340009,951,cluster_951,0.9581170776153393,"chicken thighs, bnls, s/l, gerber amish"
340007,644,cluster_644,1.0,"chicken thighs, tray pack"
24525010,-1,unclustered,0.0,chicken thighs-bone in back on
29064000,-1,unclustered,0.0,chicken triming
29364000,-1,unclustered,0.0,chicken triming breast
29964000,-1,unclustered,0.0,chicken triming leg thighs frozen
900708,192,cluster_192,0.9172516806948067,chicken veg stew-4/4#
SP310,-1,unclustered,0.0,chicken whole 3.5# ea ~70#*
10650,956,cluster_956,0.7007327715785943,chicken whole legs
10270,451,cluster_451,1.0,chicken whole wings - formosa
26405010,592,cluster_592,1.0,chicken whole wings 4/10
10260,893,cluster_893,1.0,chicken whole wings jumbo
26405011,894,cluster_894,0.8326843797762304,chicken whole wings small
360805,-1,unclustered,0.0,"chicken whole, perdue 805"
360087,-1,unclustered,0.0,"chicken whole, processed"
340301,251,cluster_251,0.9097251252177013,"chicken wing first joint, bnls"
26305000,251,cluster_251,0.9772155031013878,chicken wing flapper and tip
10801,-1,unclustered,0.0,chicken wing fritter strip
10255,-1,unclustered,0.0,chicken wing section fc 2/5#
11260,889,cluster_889,0.9806508922017435,chicken wing sections
10256,889,cluster_889,1.0,chicken wing sections buffalo 10/2#
10251,889,cluster_889,1.0,chicken wing sections buffalo style
10253,-1,unclustered,0.0,chicken wing sections fc bbq 4/5#
360388,894,cluster_894,0.7743044763960018,"chicken wing, whole large, raw, 20#"
10270,451,cluster_451,1.0,chicken whole wings - formosa
SP3042,893,cluster_893,1.0,chicken wings -jumbo portioned
26105000,-1,unclustered,0.0,chicken wings drumette 1st joint
26135400,-1,unclustered,0.0,chicken wings drumette frenched 4oz
26304000,251,cluster_251,1.0,chicken wings flapper mid joint
26305010,251,cluster_251,1.0,chicken wings flapper small 2nd joint
10249,-1,unclustered,0.0,chicken wings halal 4# tray
26500000,-1,unclustered,0.0,chicken wings jumbo 2nd & 3rd joint
26422030,-1,unclustered,0.0,chicken wings jumbo 5/9 ct
26412003,893,cluster_893,1.0,chicken wings jumbo cut
26418030,893,cluster_893,0.9680447739028714,chicken wings jumbo cut abf
26415031,-1,unclustered,0.0,chicken wings jumbo cut halal
26415035,893,cluster_893,0.8868729905022708,chicken wings jumbo cut mountaire
26415036,893,cluster_893,0.9176601502113647,chicken wings jumbo cut pilgrim`s
10261,-1,unclustered,0.0,chicken wings jumbo halal... frozen
10260,-1,unclustered,0.0,chicken whole wings jumbo
10249,451,cluster_451,0.6470922110291802,chicken wings halal 4# tray
10250,-1,unclustered,0.0,chicken party wings (sections)
26415000,-1,unclustered,0.0,chicken wings party iqf
26415030,893,cluster_893,1.0,chicken wings portions cut jumbo
26405022,893,cluster_893,0.9872603360428845,chicken wings whole jumbo
26405020,894,cluster_894,1.0,chicken wings whole medium
26405029,894,cluster_894,0.8470537898417929,chicken wings whole medium abf
SP3043,-1,unclustered,0.0,chicken wings whole reg/sm 40#
10263,894,cluster_894,1.0,chicken wings whole small
10264,894,cluster_894,0.9158892726182681,chicken wings whole small fzn
370401,894,cluster_894,1.0,"chicken wings whole, small, 40#"
360389,-1,unclustered,0.0,"chicken wings, 4/10# bags, (40#)"
360390,893,cluster_893,0.9734297897753762,"chicken wings, jumbo cut, (40#)"
370810,644,cluster_644,1.0,"chicken wings, tray pack"
SP304,775,cluster_775,0.7622508974081836,chicken wings-breaded mild 15#
SP3041,-1,unclustered,0.0,chicken wings-breaded spicy
20025034,474,cluster_474,1.0,chicken wog 2 3/4# split
20025035,474,cluster_474,1.0,chicken wog 3# split
20023001,474,cluster_474,0.622249046161168,chicken wog split
20502020,474,cluster_474,0.5976137352383968,chicken wog split (2.5-2.75)#
20025620,474,cluster_474,0.8435774105501187,chicken wog split 2 1/2#
20250400,474,cluster_474,1.0,chicken wog split 4#
20525041,474,cluster_474,0.47152312315019995,chicken wog split free range 3#
20270212,474,cluster_474,0.6960853959197602,chicken wog split sb 2 1/2#
390004,-1,unclustered,0.0,"chicken, ground, raw, frozen, 5lb"
390002,-1,unclustered,0.0,"chicken, natural, 1/8 pc cut, gerber"
20501050,-1,unclustered,0.0,chickens fryer wog (2.5-2.75 marnatied
95440,203,cluster_203,1.0,chiky chocolate cookie 16/16.9oz
95460,203,cluster_203,1.0,chiky strawberry cookie 16/16.9oz
95450,203,cluster_203,1.0,chiky vanilla cookie 16/16.9oz
968209,-1,unclustered,0.0,chile relleno w/chs 30ct
98042450,-1,unclustered,0.0,"chile relleno, frida`s 1/30 pcs"
96010347,-1,unclustered,0.0,chili beans paisano-z 6/5#
84390,-1,unclustered,0.0,chili garlic sauce 3x136oz (green)
96010349,-1,unclustered,0.0,chili numero uno v063641 16#
83240,-1,unclustered,0.0,chili paste w/ soya bean oil* large 4x1
83241,-1,unclustered,0.0,chili paste w/ soya bean oil* small 16oz
83020,-1,unclustered,0.0,"chinese wok 14"" with iron handle each"
83690,-1,unclustered,0.0,"chinese wok 16"" w/iron handle ( each )"
917113,-1,unclustered,0.0,chip com 20/2-oz simply sea salt
94144860,207,cluster_207,0.8962523756880226,"chip cut, yellow corn 6"", popo (25#)"
40054030,-1,unclustered,0.0,"chitterlings, cleaned pork danish (9/5#)"
40055930,-1,unclustered,0.0,"chitterlings, pork aunt bessie`s (9/5#)"
40051010,-1,unclustered,0.0,"chitterlings, pork ibp (6/10#)"
210780,-1,unclustered,0.0,chix bst bone in heavy yellow
23175170,-1,unclustered,0.0,chix bst skinless 7oz (s) special trim
29915005,-1,unclustered,0.0,chixground leg thighs meat frozen-2-5 lb
91206G,-1,unclustered,0.0,chk assorted fritters (labor) 8/5#
17875,-1,unclustered,0.0,chk backs fmc 40# bulk
17875A,-1,unclustered,0.0,chk backs fmc-10#
17875,-1,unclustered,0.0,chk backs fmc 40# bulk
1787710,646,cluster_646,1.0,chk bones br -z fmc 40#
17877999,646,cluster_646,1.0,chk bones br -z fmc-2/20#
1787711,646,cluster_646,0.8535996409933458,chk bones br fmc 2000#
17877A,646,cluster_646,1.0,chk bones br fmc 40#
16207,-1,unclustered,0.0,chk br al son bfly 10-12 oz 10#
16159Y,711,cluster_711,0.8793688631307002,chk br al son sng -z 06 oz 20#
16159Z,711,cluster_711,1.0,chk br al son sng -z 06 oz 40#
1617541,711,cluster_711,1.0,chk br al son sng -z 07 oz 40#
16247,659,cluster_659,0.4741106461220155,chk br al son sng 00 sized 2/10#
16143PC,711,cluster_711,1.0,chk br al son sng 05 oz 10#
16159PC,711,cluster_711,1.0,chk br al son sng 06 oz 10#
1617537,711,cluster_711,0.8904591361909685,chk br al son sng 06 oz 2/10#
16159,711,cluster_711,1.0,chk br al son sng 06 oz 40#
16175PC,711,cluster_711,1.0,chk br al son sng 07 oz 10#
1617540,711,cluster_711,1.0,chk br al son sng 07 oz 40#
16191PC,711,cluster_711,1.0,chk br al son sng 08 oz 10#
16191F,712,cluster_712,1.0,chk br al son sng 08 oz 2/10#cvp
161970,-1,unclustered,0.0,chk br al son sng 08 oz 2p 10/1#-rs
16199P,711,cluster_711,1.0,chk br al son sng 09 oz 10#
161991,-1,unclustered,0.0,chk br al son sng 09 oz 4/5# per
162078,711,cluster_711,1.0,chk br al son sng 10 oz 10#
162071,712,cluster_712,1.0,chk br al son sng 10 oz 2/10#cvp
162076,712,cluster_712,0.8865366066244892,chk br al son sng 10 oz 2/4ct-vp
1620789,711,cluster_711,1.0,chk br al son sng 10 oz 4/10
16215,711,cluster_711,0.9501114913526717,chk br al son sng 11 oz 10#
16223PC,711,cluster_711,1.0,chk br al son sng 12 oz 10#
16223B,712,cluster_712,1.0,chk br al son sng 12 oz 2/10#cvp
16223012,-1,unclustered,0.0,chk br al son sng 14-16 oz 10# 10/1 ind
16175378,659,cluster_659,0.9420891348392,chk br al son sng ti 06-08s 2/10#
16175378,659,cluster_659,1.0,chk br al son sng ti 06-08s 2/10#
16175374,659,cluster_659,0.9047798199980676,chk br al son sng ti 06-08s 5/2#-z
16191F8,659,cluster_659,1.0,chk br al son sng ti 08-10s 2/10#
16191F8,659,cluster_659,1.0,chk br al son sng ti 08-10s 2/10#
16191F5,659,cluster_659,0.9534414345351133,chk br al son sng ti 08-10s 5/2#-z
161913,659,cluster_659,0.7654911303023558,chk br al son sng ti 10-12s 5/2#-z
1620719,659,cluster_659,0.7618073884607329,chk br al son sng ti 10s 2/10#
16191f1,-1,unclustered,0.0,chk br al son sng to 08oz 5/2#-z
162086,711,cluster_711,0.8232519194229304,chk br al son sng-frn 08 oz 2/10#
16207PF,711,cluster_711,1.0,chk br al son sng-frn 10 oz 10#
16223A,711,cluster_711,0.9819558812522984,chk br al son sng-frn 12 oz 10#
1614907F,659,cluster_659,0.48776196334630323,chk br al son sng-frn09 -z tp 13.5#
16191F,-1,unclustered,0.0,chk br al son sng 08 oz 2/10#cvp
16142PC,683,cluster_683,0.6311076278220202,chk br al son sng.70# fmc (wip)
16223009,711,cluster_711,0.9819558812522984,chk br al son-yel sng 12 oz 10#
16136,-1,unclustered,0.0,chk br al-sknls sng 06 oz 10#
16138B,-1,unclustered,0.0,chk br al-sknls sng 08 oz 10#
17802306,-1,unclustered,0.0,chk br bi f-ball per 2000#
178179,723,cluster_723,1.0,chk br bi so *__ 10#
17817,723,cluster_723,1.0,chk br bi so *__ 4/10#
17823,-1,unclustered,0.0,chk br bi so chef 40#
17817013,729,cluster_729,1.0,chk br bi so ckg 40#
17817062,715,cluster_715,1.0,chk br bi so f-ball 40# fmc
17817009,729,cluster_729,0.9064077428686579,chk br bi so frv 40#
17817024,556,cluster_556,1.0,chk br bi so ger-amish 40#
17817006,729,cluster_729,0.855536061718621,chk br bi so gnp 40#
17817001,729,cluster_729,1.0,chk br bi so grd 40#
17820,729,cluster_729,0.8842741439356295,chk br bi so har 40#
17819,723,cluster_723,1.0,chk br bi so har-10#
17817020,556,cluster_556,1.0,chk br bi so mil-amish 40#
17828,729,cluster_729,0.8349951805438012,chk br bi so per 40#
17818046,-1,unclustered,0.0,chk br bi so split 10tray 40#
17818045,-1,unclustered,0.0,chk br bi so split 8tray 40#
17836B,730,cluster_730,0.9358510926264598,chk br bi so-b/out fmc sml 40#
17811B1,-1,unclustered,0.0,chk br bi so-fmc 18-20-oz 40#
17817109,-1,unclustered,0.0,chk br bi so-miscuts pil 40#
17817A,730,cluster_730,1.0,chk br bi so-split b/o-sml fmc 40#
17817B1,730,cluster_730,0.9655458582964839,chk br bi so-split b/o-sml fmc-10#
17821003,-1,unclustered,0.0,chk br bi so-split b/o-sml-yel 40#
17817977,-1,unclustered,0.0,chk br bi so-split gnp 40#
1781711,730,cluster_730,1.0,chk br bi so-split pil 40#
17823,-1,unclustered,0.0,chk br bi so chef 40#
17817013,729,cluster_729,1.0,chk br bi so ckg 40#
1781706F,715,cluster_715,1.0,chk br bi so-z f-ball fmc 40#
17817061,715,cluster_715,1.0,chk br bi so-z f-ball fmc 70#
1781799,729,cluster_729,1.0,chk br bi so-z fmc 40#
17817006,729,cluster_729,0.8710976483693653,chk br bi so gnp 40#
17820,729,cluster_729,0.9021859336848354,chk br bi so har 40#
17817110,-1,unclustered,0.0,chk br bi so-z miscuts pil 40#
17817979,730,cluster_730,1.0,chk br bi so-z-split fmc 40#
1781711,730,cluster_730,1.0,chk br bi so-split pil 40#
17025K01,704,cluster_704,1.0,chk br bs bfly 05 oz 10#..
17025K,704,cluster_704,1.0,chk br bs bfly 05 oz 2/10#
17041K1,698,cluster_698,1.0,chk br bs bfly 05 oz 2/10#vp
17124A12,704,cluster_704,1.0,chk br bs bfly 05 oz 4/10#fmc
17041K01,704,cluster_704,1.0,chk br bs bfly 06 oz 10#..
1704122F,698,cluster_698,1.0,chk br bs bfly 06 oz 2/10#-vp
1704188,704,cluster_704,1.0,chk br bs bfly 06 oz 4/10#fmc
17041K,704,cluster_704,1.0,chk br bs bfly 06 oz 4/10#koc
17057K00,704,cluster_704,1.0,chk br bs bfly 07 oz 10#..
17057K2,704,cluster_704,1.0,chk br bs bfly 07 oz 2/10#cvp fmc
1705788,704,cluster_704,1.0,chk br bs bfly 07 oz 4/10#fmc
17057K,704,cluster_704,1.0,chk br bs bfly 07 oz 4/10#koc
17065K23,704,cluster_704,1.0,chk br bs bfly 08 oz 10#..
17065K3,704,cluster_704,1.0,chk br bs bfly 08 oz 2/10#
1706513,704,cluster_704,0.9912248677539168,chk br bs bfly 08 oz 2/10#cvp
1704190,704,cluster_704,1.0,chk br bs bfly 08 oz 4/10#cgl
1706588,704,cluster_704,1.0,chk br bs bfly 08 oz 4/10#fmc
17065K,704,cluster_704,1.0,chk br bs bfly 08 oz 4/10#koc
170654,-1,unclustered,0.0,chk br bs bfly 08 oz 8/5#fox
17073K10,704,cluster_704,1.0,chk br bs bfly 09 oz 10#..
1707388,704,cluster_704,1.0,chk br bs bfly 09 oz 4/10#fmc
17081K01,704,cluster_704,0.9781746822762791,chk br bs bfly 10 oz 10#..
17081K8,704,cluster_704,0.9912248677539168,chk br bs bfly 10 oz 2/10#cvp
1708188,704,cluster_704,1.0,chk br bs bfly 10 oz 4/10#fmc
17081K,704,cluster_704,1.0,chk br bs bfly 10 oz 4/10#koc
17097K01,704,cluster_704,1.0,chk br bs bfly 12 oz 10#..
17099K,704,cluster_704,0.901595048130897,chk br bs bfly 12 oz 2/10#cvp
1709788,704,cluster_704,1.0,chk br bs bfly 12 oz 4/10#fmc
17097K,704,cluster_704,1.0,chk br bs bfly 12 oz 4/10#koc
17113100,704,cluster_704,1.0,chk br bs bfly 14 oz 10#..
17113,704,cluster_704,1.0,chk br bs bfly 14 oz 4/10#
17124A,704,cluster_704,1.0,chk br bs bfly 16 oz 4/10#
17041,698,cluster_698,1.0,chk br bs bfly xt 06 oz 4/10#-vp
170412,704,cluster_704,1.0,chk br bs bfly xt 06 oz-10#..
17059,704,cluster_704,1.0,chk br bs bfly xt 07 oz 4/10#
17059001,704,cluster_704,1.0,chk br bs bfly xt 07 oz-10#..
17065022,704,cluster_704,1.0,chk br bs bfly xt 08 oz 2/10#
17065PCS,704,cluster_704,1.0,chk br bs bfly xt 08 oz 4/10#
17065023,704,cluster_704,1.0,chk br bs bfly xt 08 oz-10#..
17081ST,704,cluster_704,0.9396455488923849,chk br bs bfly xt 10 oz 4/10#
17081ST1,704,cluster_704,0.9396455488923849,chk br bs bfly xt 10 oz-10#..
1709911,704,cluster_704,0.8288514944575882,chk br bs bfly xt 11 oz 4/10#
1706588,704,cluster_704,1.0,chk br bs bfly 08 oz 4/10#fmc
1704123F,686,cluster_686,1.0,chk br bs filet 06 oz 10# nae fmc
1704124F,686,cluster_686,1.0,chk br bs filet 06 oz 4/10 nae
1704134F,686,cluster_686,1.0,chk br bs filet 06-10oz 4/10 nae
17057K02,686,cluster_686,1.0,chk br bs filet 07oz nae 10#
17057K03,686,cluster_686,1.0,chk br bs filet 07oz nae 4/10#
17016K,740,cluster_740,1.0,chk br bs fillet 03 oz 10#..
1701588,734,cluster_734,1.0,chk br bs fillet 03 oz 4/10#fmc
17020K,-1,unclustered,0.0,chk br bs fillet 04 oz 10#..
170231,-1,unclustered,0.0,chk br bs fillet 04 oz 2/10#cvp
1701988,734,cluster_734,0.9464126814654541,chk br bs fillet 04 oz 4/10#fmc
17019K,735,cluster_735,0.842868011689478,chk br bs fillet 04 oz 4/10#koc
17017K01,740,cluster_740,1.0,chk br bs fillet 05 oz 10#..
17017210,734,cluster_734,0.9114577111415666,chk br bs fillet 05 oz 2/10#fmc
1701788,734,cluster_734,1.0,chk br bs fillet 05 oz 4/10#fmc
17017K,735,cluster_735,1.0,chk br bs fillet 05 oz 4/10#koc
1701789,-1,unclustered,0.0,chk br bs fillet 05 oz 4/5#hrv
1712004,-1,unclustered,0.0,chk br bs fillet 05 oz-2p/vp 40#
170321K,734,cluster_734,0.908597024962527,chk br bs fillet 06 oz 2/10# fmc
1703288,734,cluster_734,1.0,chk br bs fillet 06 oz 4/10#fmc
17032K,735,cluster_735,1.0,chk br bs fillet 06 oz 4/10#koc
170322,-1,unclustered,0.0,chk br bs fillet 06 oz 4/5#per
17032K01,734,cluster_734,0.7080558179702925,chk br bs fillet 06 oz fmc 10#
170350,-1,unclustered,0.0,chk br bs fillet 06 oz fmc-13/2p-vp
170351,-1,unclustered,0.0,chk br bs fillet 06 oz fmc-26/2p-vp
17008669,-1,unclustered,0.0,chk br bs fillet 06 oz halal 20#
17055K,740,cluster_740,1.0,chk br bs fillet 07 oz 10#..
17054L,718,cluster_718,0.69689710911439,chk br bs fillet 07 oz 2/10#-vp
17054K,734,cluster_734,0.9781768585191938,chk br bs fillet 07 oz 4/10#fmc
1703206,-1,unclustered,0.0,chk br bs fillet 07 to 10 oz 4/10#
1703205,-1,unclustered,0.0,chk br bs fillet 07 to10 oz 4/10#
17064K,740,cluster_740,1.0,chk br bs fillet 08 oz 10#..
17063020,718,cluster_718,0.6995122351351136,chk br bs fillet 08 oz 2/10#-vp
1706388,734,cluster_734,1.0,chk br bs fillet 08 oz 4/10#fmc
17063K1,-1,unclustered,0.0,chk br bs fillet 08 oz 4/10#fox
17063K,735,cluster_735,1.0,chk br bs fillet 08 oz 4/10#koc
17064KA,-1,unclustered,0.0,chk br bs fillet 08 oz nae 10#..
17064KB,-1,unclustered,0.0,chk br bs fillet 08 oz nae 4/10#
17081,-1,unclustered,0.0,chk br bs fillet 10 oz 4/10#
170812P,-1,unclustered,0.0,chk br bs fillet 11 oz 2/10#
170812,-1,unclustered,0.0,chk br bs fillet 12 oz 4/10#
170171,-1,unclustered,0.0,chk br bs fillet 5oz 2/10 cvp
17011A10,741,cluster_741,0.7998996734523257,chk br bs fillet xt 04 oz 10#..
1708074,-1,unclustered,0.0,chk br bs fillet xt 04 oz 2/10p-vp
1708079,719,cluster_719,1.0,chk br bs fillet xt 04 oz 2/10vp ns
17011A,-1,unclustered,0.0,chk br bs fillet xt 04 oz 4/10#
17019A12,741,cluster_741,0.8897548222962705,chk br bs fillet xt 05 oz 10#..
1701923,718,cluster_718,0.8373287884197835,chk br bs fillet xt 05 oz 2/10#vp
17019A,741,cluster_741,0.8876601691645479,chk br bs fillet xt 05 oz 4/10#
1703589,741,cluster_741,1.0,chk br bs fillet xt 06 oz 10#..
1703585,718,cluster_718,1.0,chk br bs fillet xt 06 oz 2/10#vp
1708078,719,cluster_719,1.0,chk br bs fillet xt 06 oz 2/10vp ns
1703588,741,cluster_741,1.0,chk br bs fillet xt 06 oz 4/10#
17051001,741,cluster_741,1.0,chk br bs fillet xt 07 oz 10#..
17051,718,cluster_718,1.0,chk br bs fillet xt 07 oz 2/10#vp
1708075,719,cluster_719,1.0,chk br bs fillet xt 07 oz 2/10vp ns
1703598,741,cluster_741,1.0,chk br bs fillet xt 07 oz 4/10#
17082,718,cluster_718,1.0,chk br bs fillet xt 08 oz 2/10#-vp
17080,718,cluster_718,0.7536075763934486,chk br bs fillet xt 08 oz 4/10#-vp
1701788,734,cluster_734,0.6775985226800588,chk br bs fillet 05 oz 4/10#fmc
1703288,734,cluster_734,0.7357569171228601,chk br bs fillet 06 oz 4/10#fmc
1703290,-1,unclustered,0.0,chk br bs fillet-z 06oz 4/10#vp fmc
17017889,-1,unclustered,0.0,chk br bs fillet-z 5-6oz 4/10 fmc
17005B,744,cluster_744,1.0,chk br bs rand filet .fmc 4/10#
1700116,744,cluster_744,0.6525225007310028,chk br bs rand filet .fmc 4/10#vp
17005D,744,cluster_744,0.6732508823942719,chk br bs rand filet .fmc 40#
17005880,744,cluster_744,0.5158272650555269,chk br bs rand filet .fmc 70#
17005B33,744,cluster_744,1.0,chk br bs rand filet .fmc-10#..
17006025,744,cluster_744,0.6755920824684525,chk br bs rand filet .fmc-st 40#
17006024,744,cluster_744,1.0,chk br bs rand filet .fmc-st-10#..
170035,744,cluster_744,0.6035850450580864,chk br bs rand filet fos 4/10#
1700605,744,cluster_744,0.48048524967074746,chk br bs rand filet ger 40#
1700595,744,cluster_744,0.6669767156757693,chk br bs rand filet gnp 40#
17845030,744,cluster_744,0.5519303579938797,chk br bs rand filet gnp 40# 35800
1700110,-1,unclustered,0.0,chk br bs rand filet gnp 6/5# 85946
1700698,744,cluster_744,0.6669767156757693,chk br bs rand filet grg 40#
17001406,-1,unclustered,0.0,chk br bs rand filet hrv-hal
1700588,-1,unclustered,0.0,chk br bs rand filet mta-blk
1700607,744,cluster_744,0.6669767156757693,chk br bs rand filet ns 40#
1700603,744,cluster_744,0.5144684265071514,chk br bs rand filet pil 4/10#
1700596,744,cluster_744,0.5849372319146966,chk br bs rand filet pil 40#
170037,744,cluster_744,0.4991893685466569,chk br bs rand filet val 4/10#
1770019,-1,unclustered,0.0,chk br bs rand filet wfa 4/10#
17004,744,cluster_744,0.4756168488675204,chk br bs rand filet-combo
17026,744,cluster_744,0.4645350570371495,chk br bs rand filet-combo ami
1700599,744,cluster_744,0.4756168488675204,chk br bs rand filet-combo pil
170183,-1,unclustered,0.0,chk br bs rand fillet ppp
170698,-1,unclustered,0.0,chk br bs rand thin slc fm 40#
17009910,760,cluster_760,0.7851972224434076,chk br bs rand w *__ 40#
170040,-1,unclustered,0.0,chk br bs rand w .agri 50#
1700113,751,cluster_751,1.0,chk br bs rand w .fmc 2/10#vp
170011,766,cluster_766,1.0,chk br bs rand w .fmc 4/10#
1700121,760,cluster_760,0.7991331618370382,chk br bs rand w .fmc 40#
1700114,766,cluster_766,1.0,chk br bs rand w .fmc-10#..
1700115,751,cluster_751,1.0,chk br bs rand w .fmc-20/2 #vp
170011PC,728,cluster_728,1.0,chk br bs rand w .fmc-ti 70#
170012PC,728,cluster_728,1.0,chk br bs rand w .fmc-to 70#
1700210,766,cluster_766,1.0,chk br bs rand w .fmc-xt 4/10#
17009822,766,cluster_766,0.9488370077850885,chk br bs rand w .fmc-xt-10#
17001030,767,cluster_767,0.9925129212832082,chk br bs rand w amk 4/10#cvp
17001C1,767,cluster_767,1.0,chk br bs rand w csf 4/10# cvp
17001C,767,cluster_767,1.0,chk br bs rand w hor 4/10# cvp.
170012,760,cluster_760,0.7765621332992562,chk br bs rand w hor-hal 40#
175768,-1,unclustered,0.0,chk br bs rand w hrv-nae 4/5#
17001436,760,cluster_760,1.0,chk br bs rand w koc 40#cvp
17001439,760,cluster_760,0.9094425330235086,chk br bs rand w koc-hal 40#cvp
17002GB,556,cluster_556,1.0,chk br bs rand w mil-amish 40#
17001034,736,cluster_736,0.7976997241123462,chk br bs rand w mta 4/10#cvp
17001044,736,cluster_736,1.0,chk br bs rand w mta-blk 40#
17008666,736,cluster_736,1.0,chk br bs rand w mta-hal 40#
170029,585,cluster_585,0.9523907193177045,chk br bs rand w nat 4/10#
17001011,767,cluster_767,1.0,chk br bs rand w okf 4/10# cvp
17002PC,767,cluster_767,0.9296347525968579,chk br bs rand w pec 4/10#cvp
17005C,767,cluster_767,0.9925129212832082,chk br bs rand w pil 4/10#cvp
17008677,760,cluster_760,0.7769973702067068,chk br bs rand w pil-hal 40#
17001017,761,cluster_761,1.0,chk br bs rand w san 4/10#
17001018,761,cluster_761,1.0,chk br bs rand w san 40#
17008620,749,cluster_749,1.0,chk br bs rand w wfa-hal 4/10#
17001012,760,cluster_760,0.8213393002511232,chk br bs rand w wfa-nae 40#cvp
17001010,767,cluster_767,1.0,chk br bs rand w wsn 4/10#cvp
170048,742,cluster_742,0.8756944207549711,chk br bs rand w-combo *fmc
170023,742,cluster_742,0.8598762566550711,chk br bs rand w-combo ami
17001D,742,cluster_742,1.0,chk br bs rand w-combo hor
170028,742,cluster_742,1.0,chk br bs rand w-combo okf
1700211,742,cluster_742,0.809847902347576,chk br bs rand w-combo pec
1700212,742,cluster_742,0.8125732604477296,chk br bs rand w-combo pil
1700219,-1,unclustered,0.0,chk br bs rand w-combo sim
170032,742,cluster_742,1.0,chk br bs rand w-combo wf
17008B,766,cluster_766,1.0,chk br bs rand w-sml .fmc 4/10#
17003,728,cluster_728,1.0,chk br bs rand w-sml .fmc-70#
17001009,760,cluster_760,0.9243025916753137,chk br bs rand w-sml b&e 40#
1700216,742,cluster_742,0.8891456941676722,chk br bs rand w-sml-combo hrv
1700121Y,760,cluster_760,0.8016102915579747,chk br bs rand w-yel .fmc 40#
17009912,-1,unclustered,0.0,chk br bs rand w-yel har 4/10#cvp
17009914,-1,unclustered,0.0,chk br bs rand-s/on w-yel har
17009919,-1,unclustered,0.0,chk br bs rand-s/on w-yel har-hal
17001436,760,cluster_760,1.0,chk br bs rand w koc 40#cvp
170029,585,cluster_585,0.9571584314513858,chk br bs rand w nat 4/10#
17001011,-1,unclustered,0.0,chk br bs rand w okf 4/10# cvp
17008620,749,cluster_749,1.0,chk br bs rand w wfa-hal 4/10#
1700594,-1,unclustered,0.0,chk br bs rand-z w-yel per-thin
17064CK,-1,unclustered,0.0,chk br bs sc-chunk 0.75-oz 10#cvp
13198808,687,cluster_687,0.6165932943981296,chk br bs sc-d kabob-z 4-oz fmc 10#
13198893,687,cluster_687,0.5382563112744899,chk br bs sc-d kabob-z 4-oz fmc 20#
13198894,687,cluster_687,1.0,chk br bs sc-d kabob-z 6-oz 10#
13198895,687,cluster_687,1.0,chk br bs sc-d kabob-z 8-oz 10#
13198892,687,cluster_687,1.0,chk br bs sc-d kabob-z-p&s 4-oz 10#
100030,849,cluster_849,1.0,chk br bs sc-diced .5-in 10#
100029,849,cluster_849,1.0,chk br bs sc-diced .5-in 4/10#
100034,849,cluster_849,0.6872705335937294,chk br bs sc-diced .75-in 10#
100033,849,cluster_849,1.0,chk br bs sc-diced 1.5-in 10#
100035,849,cluster_849,0.8555607175320123,chk br bs sc-diced 2.0-in 10#
100031,849,cluster_849,0.7646204063546072,chk br bs sc-diced-z .5-in 2/10#
100037,849,cluster_849,0.5876005899352861,chk br bs sc-diced-z 1.0-in 10# vp
10001B,-1,unclustered,0.0,chk br bs sc-fajita strip 4/10#
10001B13,-1,unclustered,0.0,chk br bs tp-strip per 10#-z
17843B,-1,unclustered,0.0,chk br bs trim w fat fmc 4/10#
17842A,668,cluster_668,1.0,chk br bs-pieces fmc 4/10#
17842,668,cluster_668,1.0,chk br bs-pieces fmc-10#
17832812,-1,unclustered,0.0,chk br bs-pieces.combo
1704188,704,cluster_704,0.8956723809236736,chk br bs bfly 06 oz 4/10#fmc
1705788,704,cluster_704,1.0,chk br bs bfly 07 oz 4/10#fmc
17266998,704,cluster_704,0.8108449595579298,chk br bs-z bfly 08 oz 12# tp
17049,704,cluster_704,0.9474395130270482,chk br bs-z bfly 08 oz 4/10#
17053,-1,unclustered,0.0,chk br bs-z bfly 08 oz 4/10# koch
1708188,704,cluster_704,0.9864295720336658,chk br bs bfly 10 oz 4/10#fmc
1709788,704,cluster_704,0.8371632323041978,chk br bs bfly 12 oz 4/10#fmc
17020K1,686,cluster_686,1.0,chk br bs-z filet 04 oz 10#..
17218713,686,cluster_686,0.9926080870342747,chk br bs-z filet 05 oz 5# tp
17218996,686,cluster_686,1.0,chk br bs-z filet 05 oz 7.5# tp
1703212,686,cluster_686,1.0,chk br bs-z filet 06 oz 2/10#cvp
170501,686,cluster_686,1.0,chk br bs-z filet 07 oz 10#
170541,686,cluster_686,1.0,chk br bs-z filet 07 oz 2/10#-vp
17049CD,686,cluster_686,1.0,chk br bs-z filet 08 oz 4/10
17032K,735,cluster_735,0.7175555541746037,chk br bs fillet 06 oz 4/10#koc
1706388,734,cluster_734,0.7357569171228601,chk br bs fillet 08 oz 4/10#fmc
1708080,719,cluster_719,0.8027281434612983,chk br bs-z fillet xt 06 oz 2/10vp
17080081,-1,unclustered,0.0,chk br bs-z fillet xt 08 oz 10#..
17005B,744,cluster_744,0.8519704201881879,chk br bs rand filet .fmc 4/10#
17006026,744,cluster_744,0.6732508823942719,chk br bs-z rand filet .fmc-xt-40#
1700606,744,cluster_744,0.4995808385455762,chk br bs-z rand filet gerber 40#
17001049,744,cluster_744,0.5853849526456504,chk br bs-z rand filet gnp 40# abf
1700698,744,cluster_744,0.6150763765560593,chk br bs rand filet grg 40#
1700588,-1,unclustered,0.0,chk br bs rand filet mta-blk
1700596,744,cluster_744,0.6027460564398235,chk br bs rand filet pil 40#
1700603,-1,unclustered,0.0,chk br bs rand filet pil 4/10#
1700115,751,cluster_751,1.0,chk br bs rand w .fmc-20/2 #vp
17001Z,760,cluster_760,0.9035073341317845,chk br bs-z rand w ala 40#cvp
17001M,760,cluster_760,0.9080258364805717,chk br bs-z rand w amk 40#
1700602,760,cluster_760,0.8818774760965856,chk br bs-z rand w csf 40#
170011,766,cluster_766,0.9076222224184954,chk br bs rand w .fmc 4/10#
17001039,760,cluster_760,0.8312845211946516,chk br bs-z rand w gnp 40#
17001C,-1,unclustered,0.0,chk br bs rand w hor 4/10# cvp.
175768,-1,unclustered,0.0,chk br bs rand w hrv-nae 4/5#
17001034,736,cluster_736,0.8661453713714452,chk br bs rand w mta 4/10#cvp
17008666,736,cluster_736,1.0,chk br bs rand w mta-hal 40#
17002PC,766,cluster_766,0.8043764290984592,chk br bs rand w pec 4/10#cvp
17005C,-1,unclustered,0.0,chk br bs rand w pil 4/10#cvp
17008677,749,cluster_749,1.0,chk br bs rand w pil-hal 40#
1700277,761,cluster_761,1.0,chk br bs-z rand w san #3tp 40#rw
17002G2,-1,unclustered,0.0,chk br bs-z rand w san #6tp 40#rw
17001010,-1,unclustered,0.0,chk br bs rand w wsn 4/10#cvp
17222,-1,unclustered,0.0,chk br bs-z rand w tys tp#8
17001009,760,cluster_760,1.0,chk br bs rand w-sml b&e 40#
17097K03,760,cluster_760,1.0,chk br bs-z rand w-sml koc 40#
17001015,760,cluster_760,0.9720746627974087,chk br bs-z rand w-sml pil 40#
17009912,-1,unclustered,0.0,chk br bs rand w-yel har 4/10#cvp
170016,-1,unclustered,0.0,chk br bs-z rand w-yel per 40#
178490,668,cluster_668,1.0,chk br bs-z-pieces fmc 4/10#bg
17832808,-1,unclustered,0.0,chk br bs-z-pieces gnp 40#bulk
17832809,-1,unclustered,0.0,chk br bs-z-pieces gnp 50600 40#
17668F,-1,unclustered,0.0,chk br son bfly -z 08 oz tp-24ct
17415A,683,cluster_683,1.0,chk br son bfly .fmc 4/10#
17415,683,cluster_683,1.0,chk br son bfly .fmc-10#
170124,683,cluster_683,1.0,chk br son bfly .t/i fmc 4/10#
17012,683,cluster_683,0.6444350514059201,chk br son bfly .t/i fmc 70#
17012B,683,cluster_683,0.6311076278220202,chk br son bfly .t/o fmc 70#
17418001,710,cluster_710,0.7814437924756661,chk br son bfly 00 oz 4/10#
17455002,710,cluster_710,1.0,chk br son bfly 06 oz 10#
17455,709,cluster_709,1.0,chk br son bfly 06 oz 2/10#cvp
17471001,710,cluster_710,1.0,chk br son bfly 07 oz 10#
17471C,709,cluster_709,0.9059308618575619,chk br son bfly 07 oz 40#cvp
17483F,709,cluster_709,0.9445454780912925,chk br son bfly 08 oz 2/10#cvp
17483WP,710,cluster_710,1.0,chk br son bfly 08 oz 4/10#
17483WP1,702,cluster_702,1.0,chk br son bfly 08 oz pc
17483906,-1,unclustered,0.0,chk br son bfly 08-10 oz fmc 10#bg
17499A,709,cluster_709,1.0,chk br son bfly 10 oz 2/10#cvp rw
178500,710,cluster_710,0.8399772383036609,chk br son bfly 10 oz 4/10#
17499A00,702,cluster_702,1.0,chk br son bfly 10 oz pc
17515B,709,cluster_709,1.0,chk br son bfly 12 oz 2/10#cvp
17515B00,702,cluster_702,1.0,chk br son bfly 12 oz pc
17531A01,710,cluster_710,0.6859694325406152,chk br son bfly 14 oz 40#
17534000,710,cluster_710,0.7621071603232858,chk br son bfly 16 oz 10#
17435PC2,693,cluster_693,1.0,chk br son fillet -z 05 oz 2/10#cvp
17428PC,691,cluster_691,1.0,chk br son fillet 03 oz 10#
17427PC1,691,cluster_691,1.0,chk br son fillet 04 oz 10#
1742710,692,cluster_692,0.8644039687210145,chk br son fillet 04 oz 2/10#cvp
17435PC1,691,cluster_691,1.0,chk br son fillet 05 oz 10#
17435PC,692,cluster_692,1.0,chk br son fillet 05 oz 2/10#cvp
17843540,691,cluster_691,1.0,chk br son fillet 05 oz 40#
17451A01,691,cluster_691,1.0,chk br son fillet 06 oz 10#
17451A,692,cluster_692,0.9967024731193534,chk br son fillet 06 oz 2/10#cvp
17843545,691,cluster_691,0.9208714093065306,chk br son fillet 06 oz 40#
17467PC1,691,cluster_691,1.0,chk br son fillet 07 oz 10#
1746700,692,cluster_692,1.0,chk br son fillet 07 oz 2/10#cvp
17467PC,691,cluster_691,1.0,chk br son fillet 07 oz 4/10#
17483PC0,691,cluster_691,1.0,chk br son fillet 08 oz 10#
1748300,692,cluster_692,1.0,chk br son fillet 08 oz 2/10#cvp
17483PC,691,cluster_691,1.0,chk br son fillet 08 oz 4/10#
17500001,691,cluster_691,1.0,chk br son fillet 10 oz 10#
17500,692,cluster_692,0.7504101539438778,chk br son fillet 10 oz 2/10#cvp
17467PC2,691,cluster_691,1.0,chk br son fillet 10 oz 4/10#
17515A10,691,cluster_691,1.0,chk br son fillet 12 oz 10#
17411,-1,unclustered,0.0,chk br son fillet random 2/10#cvp
1742710,693,cluster_693,1.0,chk br son fillet 04 oz 2/10#cvp
17435PC3,693,cluster_693,1.0,chk br son fillet-z 05 oz 10# cvp
17415H,683,cluster_683,0.6426034833964028,chk br son-yel bfly har 4/10#
17415HAL,-1,unclustered,0.0,chk br son-yel bfly har 4/10# hal
17843447,-1,unclustered,0.0,chk br ten cvp xt 2-4oz
17844010,720,cluster_720,1.0,chk br tender jum *__ 40#cvp
17845011,720,cluster_720,1.0,chk br tender jum .fmc 10#
17845010,720,cluster_720,1.0,chk br tender jum .fmc 4/10#
17844011,720,cluster_720,0.9822796904360787,chk br tender jum bare-nae 20#cvp
17845989,720,cluster_720,1.0,chk br tender jum csf 4/10#
188490,720,cluster_720,1.0,chk br tender jum gc 4/10#cvp
178454,720,cluster_720,1.0,chk br tender jum grg 4/10# cvp
1784511,720,cluster_720,1.0,chk br tender jum hor 4/10#
17845A,720,cluster_720,1.0,chk br tender jum hor 4/10# cvp
1784512,720,cluster_720,1.0,chk br tender jum hor-hal 4/10#
178451,720,cluster_720,1.0,chk br tender jum koc 4/10# cvp
17845038,720,cluster_720,0.9822193014340632,chk br tender jum mta 4/10# cvp.
17845037,-1,unclustered,0.0,chk br tender jum mta-hal
17844017,720,cluster_720,1.0,chk br tender jum pec 4/10#
17845005,720,cluster_720,1.0,chk br tender jum pil 2/10#
17845002,720,cluster_720,1.0,chk br tender jum pil 4/10#
17845013,-1,unclustered,0.0,chk br tender jum pil comb
17844019,720,cluster_720,1.0,chk br tender jum pil-hal 4/10#
17844013,720,cluster_720,1.0,chk br tender jum wfa-hal 4/10#
17844012,720,cluster_720,0.9730472697889025,chk br tender jum wfa/san 4/10#
17843001,-1,unclustered,0.0,chk br tender med gnp 40# 34400
17845940,-1,unclustered,0.0,chk br tender med ppp 4/10#
17844,-1,unclustered,0.0,chk br tender pieces gnp-34900 40#
17843,720,cluster_720,1.0,chk br tender reg .fmc 4/10#bg
17845,720,cluster_720,1.0,chk br tender reg .fmc-10#bg
17845478,721,cluster_721,1.0,chk br tender reg .fmc-2oz clip#vp
17843444,720,cluster_720,1.0,chk br tender reg .fmc-vp 4/10#
17843445,720,cluster_720,1.0,chk br tender reg .fmc-vp-10#
17845479,721,cluster_721,0.6530801657016644,chk br tender reg fmc 1.5z clip#vp
17845006,-1,unclustered,0.0,chk br tender reg-yel per tp 28#
17845043,-1,unclustered,0.0,chk br tender sml cgl 4/10#
17845033,720,cluster_720,1.0,chk br tender-z jum amk 4/10#
17846012,720,cluster_720,1.0,chk br tender-z jum fmc 4/10#
17845016,720,cluster_720,1.0,chk br tender-z jum grg 4/10#
17845A,720,cluster_720,1.0,chk br tender jum hor 4/10# cvp
17845038,720,cluster_720,0.8460726871227993,chk br tender jum mta 4/10# cvp.
17844017,720,cluster_720,0.8657605742345851,chk br tender jum pec 4/10#
17845002,720,cluster_720,1.0,chk br tender jum pil 4/10#
17844019,720,cluster_720,1.0,chk br tender jum pil-hal 4/10#
17844013,720,cluster_720,1.0,chk br tender jum wfa-hal 4/10#
1784510,720,cluster_720,1.0,chk br tender-z jum-yel har 4/10#
17844,-1,unclustered,0.0,chk br tender pieces gnp-34900 40#
17843001,-1,unclustered,0.0,chk br tender med gnp 40# 34400
17845940,720,cluster_720,0.9203613228888775,chk br tender med ppp 4/10#
17843002,-1,unclustered,0.0,chk br tender-z med rc1lv
17789,-1,unclustered,0.0,chk br tender-z pieces gnp 40#
17843,720,cluster_720,1.0,chk br tender reg .fmc 4/10#bg
17844998,720,cluster_720,0.9230787018750604,chk br tender-z reg fmc 40#
17845479,721,cluster_721,1.0,chk br tender reg fmc 1.5z clip#vp
17845478,721,cluster_721,1.0,chk br tender reg .fmc-2oz clip#vp
100021,-1,unclustered,0.0,chk br-strip-z fajita 10#
1319880,-1,unclustered,0.0,chk breast thigh blend-diced- 20#
13198801,-1,unclustered,0.0,chk breast thigh blend-diced-z 20#
1789010,-1,unclustered,0.0,chk cockscombs-z 5#
17857014,569,cluster_569,1.0,chk drumstick jum *__ 40#
1785700,569,cluster_569,1.0,chk drumstick jum .fmc 40#
1785701,569,cluster_569,0.9940904367647555,chk drumstick jum .fmc-10#
17857096,569,cluster_569,1.0,chk drumstick jum amk 40#
1785711,569,cluster_569,0.9961067664696693,chk drumstick jum hor 4/10#
17857CF,569,cluster_569,1.0,chk drumstick jum hor 40#
17857170,569,cluster_569,1.0,chk drumstick jum koc 40# cvp
17857012,569,cluster_569,1.0,chk drumstick jum mta 40#
17857099,569,cluster_569,1.0,chk drumstick jum pec 40#
17857016,569,cluster_569,0.9874456442109094,chk drumstick jum pil 40# 22241
17857019,569,cluster_569,1.0,chk drumstick jum pil-hal 40#
17857102,569,cluster_569,1.0,chk drumstick jum wfa 40#
17857098,569,cluster_569,1.0,chk drumstick jum wfa hal 40#
17857096,569,cluster_569,1.0,chk drumstick jum amk 40#
17857300,569,cluster_569,1.0,chk drumstick med gnp 40# cvp 20800
17857305,569,cluster_569,1.0,chk drumstick med gnp 40# mar cvp
17857022,569,cluster_569,0.9240788187952728,chk drumstick med pil 40#
17857304,569,cluster_569,1.0,chk drumstick med tys 40# cvp
17857022,569,cluster_569,1.0,chk drumstick med pil 40#
17857330,569,cluster_569,1.0,chk drumstick sml *__ 40# cvp
17857GB,569,cluster_569,0.8213548313602382,chk drumstick sml ger-amish 40#
17857301,569,cluster_569,1.0,chk drumstick sml gnp 40# cvp 50569
17857985,569,cluster_569,0.9094152571362404,chk drumstick sml koch 40#
17857044,569,cluster_569,0.736549480808808,chk drumstick sml mil-amish 40#
17857029,569,cluster_569,0.9083991900743942,chk drumstick sml per 40#
1785714,569,cluster_569,1.0,chk drumstick sml pil 40#
17857103,569,cluster_569,1.0,chk drumstick sml wfa 40#
17857HC,569,cluster_569,1.0,chk drumstick sml-fmc h-cut 40#
17857HC1,569,cluster_569,0.8638236046286177,chk drumstick sml-fmc h-cut-10#..
17857045,569,cluster_569,1.0,chk drumstick sml-fmc-sknl 40#
1785944,569,cluster_569,0.6406167536091661,chk drumstick sml-lolli fmc 2/10#vp
1785700,569,cluster_569,1.0,chk drumstick jum .fmc 40#
17857016,569,cluster_569,1.0,chk drumstick jum pil 40# 22241
1785701Z,569,cluster_569,1.0,chk drumstick-z jum yel har 40#
17857032,569,cluster_569,1.0,chk drumstick-z jum yel per 40#
17857307,569,cluster_569,0.9187783183080023,chk drumstick-z med gnp 40# 20800
17857983,569,cluster_569,0.9925733619124988,chk drumstick-z sml gnp 40# 50569
17857029,569,cluster_569,0.8774897251832353,chk drumstick sml per 40#
17879B,-1,unclustered,0.0,chk fat-y fmc 40#
17879998,-1,unclustered,0.0,chk fat-z fmc 40#
17879F,-1,unclustered,0.0,chk fat-z rend emp 7-oz ??
17879R,-1,unclustered,0.0,chk fat-z rend sou 25#
17880003,-1,unclustered,0.0,chk fat-z rend tip top 2/20#
17879,-1,unclustered,0.0,chk feet harrison 40#-z
178792,-1,unclustered,0.0,chk feet hor 40#-z
178794,-1,unclustered,0.0,chk feet sim 44.09#-z
1787998,-1,unclustered,0.0,chk feet/paws perd6129 22#-z
15308PP,-1,unclustered,0.0,chk front .fmc 70#
15038GR,-1,unclustered,0.0,chk front grd iice pack 70#
15038012,-1,unclustered,0.0,chk front half
15038OM3,-1,unclustered,0.0,chk front halve ger 40#
15038OMP,448,cluster_448,1.0,chk front halve-combo
1503811,448,cluster_448,1.0,chk front halve-combo okf
15038100,448,cluster_448,0.7237586328709591,chk front halve-combo pil
15038OM2,448,cluster_448,1.0,chk front halve-combo tys
17802308,448,cluster_448,0.6115637958441721,chk front-combo pil 2000#
17802310,448,cluster_448,0.5622725666786348,chk front-combo tys 2000#
17817066,-1,unclustered,0.0,chk front-foot ball-z 40# **
17821089,-1,unclustered,0.0,chk front-split fmc 40#
15036,388,cluster_388,1.0,chk fry yel har 4.00# 16-hd
15036,388,cluster_388,1.0,chk fry yel har 4.00# 16-hd
15037,388,cluster_388,1.0,chk fry yel har 5.00# 14-hd
15070,388,cluster_388,1.0,chk fry yel per 3.00# 215 14-hd
15072,388,cluster_388,1.0,chk fry yel per 3.50# 217 12-hd
15074,388,cluster_388,1.0,chk fry yel per 4.00# 219 12-hd
15080,388,cluster_388,0.7553489396220336,chk fry yel per 5.00#-z
15072045,388,cluster_388,0.7135462643894165,chk fry-yel 4.00# cut 1/ 8
15100,-1,unclustered,0.0,chk fry-z perdue 805 45#
150351,388,cluster_388,1.0,chk fry-z yel har 4.00#
15037,388,cluster_388,1.0,chk fry yel har 5.00# 14-hd
17881G,-1,unclustered,0.0,chk gibblets
17880,688,cluster_688,1.0,chk gizzards *__ 4/10#
17881,688,cluster_688,1.0,chk gizzards .fmc 10#
17884,688,cluster_688,1.0,chk gizzards .fmc 4/10#
17880123,-1,unclustered,0.0,chk gizzards fox 4/10#
17880116,-1,unclustered,0.0,chk gizzards gnp 8/5# 50574
17880110,-1,unclustered,0.0,chk gizzards grd 40#
178802,-1,unclustered,0.0,chk gizzards har 10#
178801,-1,unclustered,0.0,chk gizzards har 8/5# vp
17880122,-1,unclustered,0.0,chk gizzards mar-hal 8/5#
17880114,-1,unclustered,0.0,chk gizzards mta 4/10#
17880120,688,cluster_688,1.0,chk gizzards-z fmc 40#
17880119,688,cluster_688,1.0,chk gizzards-z gnp 40#
17880116,688,cluster_688,1.0,chk gizzards gnp 8/5# 50574
178801,-1,unclustered,0.0,chk gizzards har 8/5# vp
17880122,-1,unclustered,0.0,chk gizzards mar-hal 8/5#
17880114,-1,unclustered,0.0,chk gizzards mta 4/10#
17876866,439,cluster_439,1.0,chk ground br fmc 10#-vp
17876866,439,cluster_439,1.0,chk ground br fmc 10#-vp
1787615,-1,unclustered,0.0,chk ground br-z 40# har msc
17850412,-1,unclustered,0.0,chk ground br-z anm 4/5#
17876867,439,cluster_439,1.0,chk ground br-z fmc 4/5#
1786113,-1,unclustered,0.0,chk ground dark fm
1786113,439,cluster_439,0.8782849370746146,chk ground dark fm
1788164,488,cluster_488,0.8492063522359833,chk hearts *__ 40#
17882000,488,cluster_488,0.826246152577734,chk hearts har 8/5#
17882000,488,cluster_488,1.0,chk hearts har 8/5#
1788111,488,cluster_488,0.8492063522359833,chk hearts mnt 4/10#
1788111,488,cluster_488,1.0,chk hearts mnt 4/10#
1788166,488,cluster_488,0.9330803926366692,chk hearts-z 40# svo
1788112,488,cluster_488,1.0,chk hearts-z ger 4/10#
15078,179,cluster_179,1.0,chk hen/fowl tip top 12/6# ice
15078986,179,cluster_179,1.0,chk hen/fowl-z b&b hdls 15h bg
15078922,179,cluster_179,1.0,chk hen/fowl-z black btf 10h bg
15078987,179,cluster_179,1.0,chk hen/fowl-z btfld hdls 15h bg
15078,179,cluster_179,1.0,chk hen/fowl tip top 12/6# ice
15078978,179,cluster_179,1.0,chk hen/fowl-z tip top ivp 6/7#
17854010,706,cluster_706,1.0,chk leg 1/4 jum *__ 40#
17854000,706,cluster_706,1.0,chk leg 1/4 jum .fmc 40#..
17854001,706,cluster_706,1.0,chk leg 1/4 jum .fmc-10#..
17584048,706,cluster_706,1.0,chk leg 1/4 jum gc 10# cvp
17854048,706,cluster_706,1.0,chk leg 1/4 jum gc 4/10# cvp
17851,706,cluster_706,1.0,chk leg 1/4 jum hor 40#
17854112,706,cluster_706,1.0,chk leg 1/4 jum koc 40#
17851M,706,cluster_706,1.0,chk leg 1/4 jum mta 40#
178549,706,cluster_706,1.0,chk leg 1/4 jum pil 40#
17854110,706,cluster_706,1.0,chk leg 1/4 jum tys 40#
17851F,-1,unclustered,0.0,chk leg 1/4 jum-combo
17848888,696,cluster_696,1.0,chk leg 1/4 jum-halal *__ 40#
17848889,696,cluster_696,0.7288013725500384,chk leg 1/4 jum-halal mta 40#
17853H,696,cluster_696,1.0,chk leg 1/4 jum-halal pil 40#
178513,696,cluster_696,1.0,chk leg 1/4 jum-halal wfa 40#
17848889,696,cluster_696,0.790998913311385,chk leg 1/4 jum-halal mta 40#
17851H,706,cluster_706,1.0,chk leg 1/4 jum-yel har 40#
17851H4,706,cluster_706,1.0,chk leg 1/4 jum-yel har-fmc 10#..
17851P,706,cluster_706,1.0,chk leg 1/4 jum-yel per 40#
17851777,706,cluster_706,1.0,chk leg 1/4 jum>fmc-40#..
17851AAB,706,cluster_706,1.0,chk leg 1/4 jum>split fmc-10#..
1785479,706,cluster_706,0.8796138800944647,chk leg 1/4 med fmc 4/10#
1784994,706,cluster_706,0.9498749651932812,chk leg 1/4 med gnp 40#
17849080,706,cluster_706,1.0,chk leg 1/4 sm *__ 40#
17849090,706,cluster_706,1.0,chk leg 1/4 sm *__ 40# cvp
17849,706,cluster_706,1.0,chk leg 1/4 sm .fmc 40#..
17848,706,cluster_706,1.0,chk leg 1/4 sm .fmc-10#..
1784992,706,cluster_706,1.0,chk leg 1/4 sm ckg 40#
1784990,706,cluster_706,1.0,chk leg 1/4 sm cou 40#
1784989,706,cluster_706,1.0,chk leg 1/4 sm ctp 40#
17849018,706,cluster_706,1.0,chk leg 1/4 sm gen 40#
17849013,706,cluster_706,1.0,chk leg 1/4 sm ger 40#
17854018,706,cluster_706,1.0,chk leg 1/4 sm gnp 40#
17849019,706,cluster_706,1.0,chk leg 1/4 sm grd 4/10#
17849010,706,cluster_706,1.0,chk leg 1/4 sm grd 40#
17849024,706,cluster_706,1.0,chk leg 1/4 sm grg-hal 40#
17849012,706,cluster_706,1.0,chk leg 1/4 sm hol 40#
17849020,706,cluster_706,1.0,chk leg 1/4 sm koc 4/10 # cvp
17849027,706,cluster_706,1.0,chk leg 1/4 sm koc 40 #
17849028,706,cluster_706,1.0,chk leg 1/4 sm koc-hal 40 #
17854040,706,cluster_706,1.0,chk leg 1/4 sm mil 40#
17854035,706,cluster_706,1.0,chk leg 1/4 sm mrj-hal 4/10#
1785495,706,cluster_706,1.0,chk leg 1/4 sm pil 4/10#
17854014,706,cluster_706,1.0,chk leg 1/4 sm pil 40#
17849030,706,cluster_706,1.0,chk leg 1/4 sm pre 40#
17849082,706,cluster_706,1.0,chk leg 1/4 sm wfa 40#
17849015,706,cluster_706,1.0,chk leg 1/4 sm-hal *__ 40#
17849024,706,cluster_706,1.0,chk leg 1/4 sm grg-hal 40#
17849082,706,cluster_706,1.0,chk leg 1/4 sm wfa 40#
17851S,706,cluster_706,1.0,chk leg 1/4 sm>split fmc 40#..
17851SB,706,cluster_706,1.0,chk leg 1/4 sm>split fmc-10#..
17851H,706,cluster_706,1.0,chk leg 1/4 jum-yel har 40#
178549,706,cluster_706,1.0,chk leg 1/4 jum pil 40#
17854110,706,cluster_706,1.0,chk leg 1/4 jum tys 40#
1784994,706,cluster_706,0.8875656968067502,chk leg 1/4 med gnp 40#
178941F,706,cluster_706,1.0,chk leg 1/4-z sm .fmc 40/1#
1784992,706,cluster_706,1.0,chk leg 1/4 sm ckg 40#
1784989,706,cluster_706,1.0,chk leg 1/4 sm ctp 40#
17849,706,cluster_706,0.8320851427851675,chk leg 1/4 sm .fmc 40#..
17849017,706,cluster_706,0.9936166904077708,chk leg 1/4-z sm ger 4/10#
1785495,706,cluster_706,1.0,chk leg 1/4 sm pil 4/10#
1788554,-1,unclustered,0.0,chk leg jum-roaster yel per 40#
17849TC,706,cluster_706,1.0,chk leg whl jum *__ 40#
17849866,706,cluster_706,1.0,chk leg whl jum csf 40#
17844950,706,cluster_706,1.0,chk leg whl jum hor 40#
17844900,706,cluster_706,0.9673877992594773,chk leg whl jum koch 40#
17849875,706,cluster_706,1.0,chk leg whl jum mta 40#
17849868,706,cluster_706,1.0,chk leg whl jum pec 40#
17849869,706,cluster_706,1.0,chk leg whl jum pil 40#
1784967,705,cluster_705,1.0,chk leg whl jum-combo
1784968,-1,unclustered,0.0,chk leg whl jum-combo tys
178414,706,cluster_706,0.903666327024268,chk leg whl med-split 40#
17851BB,706,cluster_706,0.8674767540564495,chk leg whl sml-b/out fmc-10#..
17844900,706,cluster_706,0.8647946745052477,chk leg whl jum koch 40#
1785410,706,cluster_706,1.0,chk leg-m bnl skl *__ 40#
1785375,706,cluster_706,1.0,chk leg-m bnl skl amk 40#
1785421,706,cluster_706,0.9896533748560776,chk leg-m bnl skl car 4/10#
17853A,706,cluster_706,0.8272531827474754,chk leg-m bnl skl fmc 4/10# don`t use
17853S,706,cluster_706,1.0,chk leg-m bnl skl fmc-10#
17856,706,cluster_706,1.0,chk leg-m bnl skl fmc-cvp 4/10#
17858,706,cluster_706,1.0,chk leg-m bnl skl fmc-cvp-10#
178853B,706,cluster_706,1.0,chk leg-m bnl skl fmc-pl
1785395,706,cluster_706,1.0,chk leg-m bnl skl mta 40#
1789399,706,cluster_706,1.0,chk leg-m bnl skl nat 4/10#
17859,706,cluster_706,1.0,chk leg-m bnl skl pec 40#
17854A,706,cluster_706,1.0,chk leg-m bnl skl pil 40#
1785402,706,cluster_706,1.0,chk leg-m bnl skl sbl 4/10#
17853SE,706,cluster_706,1.0,chk leg-m bnl skl se 4/10#
1785420,706,cluster_706,1.0,chk leg-m bnl skl select 40#
1785416,706,cluster_706,1.0,chk leg-m bnl skl t/o sbl 40#
1785400,706,cluster_706,1.0,chk leg-m bnl skl wfa 40#
17873L,-1,unclustered,0.0,chk leg-m bnl skl- dice fmc 20#
17853SP,706,cluster_706,0.9074352231952043,chk leg-m bnl skl- trim fmc 10#
17853ST,-1,unclustered,0.0,chk leg-m bnl skl- trim fmc 4/10#
17853770,705,cluster_705,1.0,chk leg-m bnl skl-combo hrv
1785397,706,cluster_706,1.0,chk leg-m bnl skl-hal mta 40#
17854S,706,cluster_706,1.0,chk leg-m bnl skl-z fmc 40#
178399,465,cluster_465,0.6996372215497535,chk leg-m bnl-skin-on combo
17854M,465,cluster_465,0.8834728472179918,chk leg-m bnl-skin-on fmc 40#
17853SO,465,cluster_465,0.8822867656202623,chk leg-m bnl-skin-on fmc-10#..
178531,465,cluster_465,0.6996372215497535,chk leg-m bnl-skin-on.bfly 4/10#
178541,465,cluster_465,0.6996372215497535,chk leg-m bnl-skin-on.combo *__
1785378,706,cluster_706,1.0,chk leg-m bnl-z skl amk 4/10#
1785421,706,cluster_706,1.0,chk leg-m bnl skl car 4/10#
178552,706,cluster_706,1.0,chk leg-m bnl-z skl esp 40#
17853A,706,cluster_706,1.0,chk leg-m bnl skl fmc 4/10# don`t use
1785405,706,cluster_706,1.0,chk leg-m bnl-z skl mta 4/10#
1785417,706,cluster_706,1.0,chk leg-m bnl-z skl mta-hal 4/10#
1789399,706,cluster_706,1.0,chk leg-m bnl skl nat 4/10#
17859,706,cluster_706,1.0,chk leg-m bnl skl pec 40#
17853MZ,706,cluster_706,1.0,chk leg-m bnl-z skl qasri 4/10#
17853SEZ,706,cluster_706,1.0,chk leg-m bnl-z skl sea 4/10#
1785414,706,cluster_706,1.0,chk leg-m bnl-z skl wfa-hal 4/10#
17853760,705,cluster_705,1.0,chk leg-m bnl-z skl-combo csf
17854102,-1,unclustered,0.0,chk leg-thi-bnl dark meat fmc
17854102,-1,unclustered,0.0,chk leg-thi-bnl dark meat fmc
17882,506,cluster_506,1.0,chk livers fresh *__ 8/5#
178830,506,cluster_506,1.0,chk livers fresh .fmc 10#
17894,506,cluster_506,1.0,chk livers fresh .fmc 4/10#
17883,506,cluster_506,1.0,chk livers fresh .fmc 5#
17882049,506,cluster_506,1.0,chk livers fresh 10#
17882050,506,cluster_506,0.9199044426238735,chk livers fresh ger
17882032,506,cluster_506,1.0,chk livers fresh grd 8/5#
178825,506,cluster_506,1.0,chk livers fresh har 6/5# vp
178825,506,cluster_506,1.0,chk livers fresh har 6/5# vp
17882039,506,cluster_506,1.0,chk livers fresh mta 4/10#
17882041,506,cluster_506,1.0,chk livers fresh mta 6/5#
17900,506,cluster_506,0.9335339825204677,chk livers fresh per 15#
1788204R,-1,unclustered,0.0,chk livers-z gnp 30# 24/20oz
17882031,506,cluster_506,1.0,chk livers-z grd 8/5#
17882578,506,cluster_506,1.0,chk livers-z har 6/5#
17882053,506,cluster_506,1.0,chk livers-z mrj 8/5#
17882043,506,cluster_506,0.9685410303057316,chk livers-z mta 4/10#
17901,506,cluster_506,0.8633906534035979,chk livers-z per 15#
17875N,487,cluster_487,1.0,chk necks *__ 40#
17875O,487,cluster_487,0.7057251026569902,chk necks fmc-10#
1787592,487,cluster_487,1.0,chk necks gr 40#
1787591,487,cluster_487,0.9712361250004453,chk necks har 40#
1787592,487,cluster_487,1.0,chk necks gr 40#
1787591,487,cluster_487,0.9747955269943044,chk necks har 40#
1508430,216,cluster_216,1.0,chk roaster har-302-20 12/5.5#
15084C,216,cluster_216,0.8566178233656493,chk roaster perd-855 12/5.5#-ivp
1508430,216,cluster_216,1.0,chk roaster har-302-20 12/5.5#
15084866,216,cluster_216,1.0,chk roaster-z perd-855 12/5.5#
17877988,465,cluster_465,0.8853726225074644,chk skin 50#
17880BS,465,cluster_465,1.0,chk skin fmc 40#
1788010,465,cluster_465,0.7677971589883787,chk skin fmc 50# bulk
17877SS,465,cluster_465,1.0,chk skin fmc-10#
17877994,465,cluster_465,0.7635999160864714,chk skin sel 40#
17877990,-1,unclustered,0.0,chk skin-z cgl 5/10#
17877BS,465,cluster_465,1.0,chk skin-z fmc 50#
17863,966,cluster_966,1.0,chk thigh bi b/o *__ 40#
17863062,966,cluster_966,1.0,chk thigh bi b/o fmc 4/10#
1786341,-1,unclustered,0.0,chk thigh bi b/o fmc 5oz 10#
17863CW,966,cluster_966,1.0,chk thigh bi b/o fmc jum 40#
17863060,966,cluster_966,0.9739442635975414,chk thigh bi b/o fmc jum 40# cvp
17863012,966,cluster_966,1.0,chk thigh bi b/o fmc jum-10#
17863CWS,966,cluster_966,1.0,chk thigh bi b/o fmc sml 4/10#
1786340,966,cluster_966,1.0,chk thigh bi b/o fmc sml-10#
178632,966,cluster_966,0.9731937596970692,chk thigh bi b/o ger 40#
17863D,966,cluster_966,0.9952252570112742,chk thigh bi b/o gnp 40# vp
1786538,966,cluster_966,1.0,chk thigh bi b/o har 40#
1786535,966,cluster_966,1.0,chk thigh bi b/o hor 40#
1786402,966,cluster_966,1.0,chk thigh bi b/o mil 40#
1786537,966,cluster_966,1.0,chk thigh bi b/o per 40#
1786350,966,cluster_966,1.0,chk thigh bi b/o pil 40#
1786541,966,cluster_966,1.0,chk thigh bi b/o ppp 40#
1786539,966,cluster_966,1.0,chk thigh bi b/o wfa 40#
178633,966,cluster_966,1.0,chk thigh bi b/o-sknl .fmc 4/10#
178761,966,cluster_966,0.9088973998425858,chk thigh bi b/o-yel fmc 4/10# vp
1786334,966,cluster_966,1.0,chk thigh bi b/o-z *__-10# fmc
178636,966,cluster_966,0.921382095263589,chk thigh bi b/o-z gen 40#
1786310,966,cluster_966,1.0,chk thigh bi b/o-z gnp 40#
1786535,966,cluster_966,1.0,chk thigh bi b/o hor 40#
178634,966,cluster_966,1.0,chk thigh bi b/o-z sie-2 40#
17895,966,cluster_966,0.7289331033953598,chk thigh bi b/o-z sig 20# tp
1786539,966,cluster_966,1.0,chk thigh bi b/o wfa 40#
1786305,-1,unclustered,0.0,chk thigh bi w/back gnp 40# 23400
1786305,966,cluster_966,0.642397212011777,chk thigh bi w/back gnp 40# 23400
17866,1111,cluster_1111,1.0,chk thigh meat *__40# cvp
17861150,1111,cluster_1111,0.8962425726893155,chk thigh meat *__40# cvp hal
17860A,-1,unclustered,0.0,chk thigh meat ami 4/10#
17860C,-1,unclustered,0.0,chk thigh meat cou 4/10#
17861044,-1,unclustered,0.0,chk thigh meat fmc 4/10# cvp
17861045,-1,unclustered,0.0,chk thigh meat fmc 4/10#-bag
17861048,-1,unclustered,0.0,chk thigh meat fmc 40#
17861B,-1,unclustered,0.0,chk thigh meat fmc-10#..
1786105,-1,unclustered,0.0,chk thigh meat fmc-5#
17861054,-1,unclustered,0.0,chk thigh meat fmc-xt 4/10#-vp
178604,-1,unclustered,0.0,chk thigh meat fox 40#
17860F,1111,cluster_1111,0.8030674462061719,chk thigh meat hor 4/10#cvp
1786010,-1,unclustered,0.0,chk thigh meat hor-hal 40#
178603,-1,unclustered,0.0,chk thigh meat koc 4/10#
178611,1111,cluster_1111,0.8867653595858973,chk thigh meat pil 4/10#cvp
178625,1111,cluster_1111,1.0,chk thigh meat pil 40# cvp
17861154,1111,cluster_1111,1.0,chk thigh meat pil-hal 40#cvp
17885,1111,cluster_1111,1.0,chk thigh meat san 40#cvp
178691,-1,unclustered,0.0,chk thigh meat sbl 40#
17911,1097,cluster_1097,1.0,chk thigh meat sim 10#
17910,1097,cluster_1097,1.0,chk thigh meat sim 4/10#
178851,1111,cluster_1111,0.8256617974882675,chk thigh meat wfa 40#cvp
17861155,-1,unclustered,0.0,chk thigh meat wfa-hal 40#
17861TP,1103,cluster_1103,1.0,chk thigh meat-03-oz fmc 4/10#
1786123,1103,cluster_1103,0.6910371018028036,chk thigh meat-04-oz fmc 2/10#
17861CPZ,1103,cluster_1103,0.8198302693013062,chk thigh meat-04-oz fmc 4/10#
17861046,1103,cluster_1103,1.0,chk thigh meat-05-oz fmc 4/10#
17861060,1103,cluster_1103,0.4040837745325412,chk thigh meat-06-oz fmc 2/10#-vp
17861056,1103,cluster_1103,1.0,chk thigh meat-06-oz fmc 4/10#
17861068,1103,cluster_1103,0.43647262240838647,chk thigh meat-08-oz fmc 2/10#-vp
17861061,1103,cluster_1103,0.48043294811635207,chk thigh meat-08-oz fmc 5#
17861012,1023,cluster_1023,1.0,chk thigh meat-dice 0.5 4/10#vp
178619,1023,cluster_1023,1.0,chk thigh meat-dice 1.0 2/10#vp
178617,1023,cluster_1023,1.0,chk thigh meat-dice 1.0 4/10#vp
1319929,1022,cluster_1022,1.0,chk thigh meat-dice 2s-kab-z 10#
13199210,1022,cluster_1022,1.0,chk thigh meat-dice 3s-kab-z 10#
1319930,1022,cluster_1022,1.0,chk thigh meat-dice 4s-kab-z 10#
1319874,1022,cluster_1022,0.8463049237411692,chk thigh meat-dice 4s-kab-z 10#p&s
17861015,1022,cluster_1022,0.7969782952360447,chk thigh meat-dice 5s-kab-z 2/10#
10002B,-1,unclustered,0.0,chk thigh meat-strip fajita 10#
17876,-1,unclustered,0.0,chk thigh meat-yel-fmc-10#..
17861013,1023,cluster_1023,0.5205660478993922,chk thigh meat-z dice 0.5 2/10#vp
1786104F,-1,unclustered,0.0,chk thigh meat-z fmc 4/10#-vp
17861999,1111,cluster_1111,0.789486081040698,chk thigh meat-z fmc a 40#
1786710,-1,unclustered,0.0,chk thigh meat-z gnp 40#
17860F,1111,cluster_1111,0.8867653595858973,chk thigh meat hor 4/10#cvp
178642,1111,cluster_1111,0.8570298800461948,chk thigh meat-z mta 4/10#cvp
178616,1111,cluster_1111,0.85383029906958,chk thigh meat-z pec 40#cvp
1786713,1111,cluster_1111,0.8867653595858973,chk thigh meat-z pil 4/10# cvp
17861154,1111,cluster_1111,0.9753658277010647,chk thigh meat pil-hal 40#cvp
17861051,-1,unclustered,0.0,chk thigh meat-z qas 4/10#
17885,1111,cluster_1111,0.9753658277010647,chk thigh meat san 40#cvp
17910,1097,cluster_1097,1.0,chk thigh meat sim 4/10#
1786498,1050,cluster_1050,1.0,chk thigh meat._combo csf
178626,1050,cluster_1050,1.0,chk thigh meat._combo har
178646,1050,cluster_1050,1.0,chk thigh meat._combo se
17861047,1103,cluster_1103,0.2948480944395206,chk thigh meat.sk/on 4 oz fmc 40#
17869997,-1,unclustered,0.0,chk thigh meat.sk/on 5s fmc 20#
17869999,1115,cluster_1115,1.0,chk thigh meat.sk/on 5s fmc-10#
17869956,1115,cluster_1115,0.9860528472207828,chk thigh meat.sk/on 6s fmc 40#
17869957,1115,cluster_1115,1.0,chk thigh meat.sk/on 6s fmc-10#
17862887,1115,cluster_1115,1.0,chk thigh meat.sk/on 7s fmc-10#
178618,-1,unclustered,0.0,chk thigh meat.sk/on 8s fmc 40#
17862S,1114,cluster_1114,1.0,chk thigh meat.sk/on fmc 4/10#
17861S,1114,cluster_1114,1.0,chk thigh meat.sk/on fmc-10#..
178613,1114,cluster_1114,1.0,chk thigh meat.sk/on fmc-2/10#
1769944,1114,cluster_1114,0.5922527786745705,chk thigh meat.sk/on jum fmc 10#
1769990,-1,unclustered,0.0,chk thigh meat.sk/on jum fmc 2/50p
17862889,1114,cluster_1114,0.59811085810179,chk thigh meat.sk/on-yel fmc-10#
17862888,-1,unclustered,0.0,chk thigh meat.sk/on-yel-8s 10#
17869997,-1,unclustered,0.0,chk thigh meat.sk/on 5s fmc 20#
1769998,-1,unclustered,0.0,chk thigh meat.sk/on-z 8s 40#
17862S,-1,unclustered,0.0,chk thigh meat.sk/on fmc 4/10#
17855688,-1,unclustered,0.0,chk wing drumett lolli fmc 2/10#vp
17855B,569,cluster_569,0.6702052150608124,chk wing drumette fmc-40#
17855678,-1,unclustered,0.0,chk wing drumette french fmc-2/10#
17865999,580,cluster_580,1.0,chk wing paddles fmc 4/10#
1786666,-1,unclustered,0.0,chk wing party med 40# *__4/10#
178666,682,cluster_682,0.8947663358618647,chk wing party reg *__ 40#
17867080,682,cluster_682,1.0,chk wing party reg .fmc 40#vp
17865P1,682,cluster_682,1.0,chk wing party reg .fmc-10#
178655,682,cluster_682,1.0,chk wing party reg .fmc-5#
17865GP,682,cluster_682,0.7842198286930355,chk wing party reg gnp-32900 40#
17868B,682,cluster_682,1.0,chk wing party reg koc 4/10#cvp
1786661,682,cluster_682,0.7763116330050114,chk wing party reg nat 4/10#
17865P,682,cluster_682,1.0,chk wing party reg.fmc 40#
1786704,682,cluster_682,1.0,chk wing party-jum *__ 40#
17867A,682,cluster_682,1.0,chk wing party-jum .fmc 4/10#
17867B,682,cluster_682,1.0,chk wing party-jum .fmc-10#
178866,682,cluster_682,1.0,chk wing party-jum .fmc.10/1#-vp
17866981,682,cluster_682,1.0,chk wing party-jum amk 4/10#
17866978,682,cluster_682,1.0,chk wing party-jum ckg 40#
178721,682,cluster_682,1.0,chk wing party-jum csf 40#
178673,682,cluster_682,1.0,chk wing party-jum gch 40#
17868,682,cluster_682,1.0,chk wing party-jum hor 40#
178756,682,cluster_682,1.0,chk wing party-jum hor-hal 4/10#
17868A,682,cluster_682,1.0,chk wing party-jum koc 4/10#cvp
178681,682,cluster_682,1.0,chk wing party-jum mta 4/10#cvp
178688,-1,unclustered,0.0,chk wing party-jum mta-halal 4/10#
17866974,682,cluster_682,1.0,chk wing party-jum pec 40#
17866977,682,cluster_682,1.0,chk wing party-jum pil 4/10#
17869C,682,cluster_682,1.0,chk wing party-jum pil-#2 40#
17866979,682,cluster_682,1.0,chk wing party-jum pil-hal 4/10#
179001,682,cluster_682,0.9004096811060103,chk wing party-jum pxt 4/10#
1787310,682,cluster_682,1.0,chk wing party-jum san 4/10#
179003,682,cluster_682,1.0,chk wing party-jum sbl 40#
17872,682,cluster_682,1.0,chk wing party-jum way/san 40#
1786708,682,cluster_682,1.0,chk wing party-jum west 40#
17874,682,cluster_682,1.0,chk wing party-jum wfa-hal
178702,682,cluster_682,0.8603454183517502,chk wing party-jum.combo pil
17864556,707,cluster_707,1.0,chk wing whl med *__ 40#
1786455,707,cluster_707,1.0,chk wing whl med .fmc 40#
17864048,707,cluster_707,1.0,chk wing whl med ppp 40#
17870,707,cluster_707,0.9742552617398498,chk wing whl reg *__ 4/10#cvp
17870FMC,707,cluster_707,1.0,chk wing whl reg .fmc 40# cvp
17869FMC,707,cluster_707,1.0,chk wing whl reg .fmc-10#
1787080,707,cluster_707,0.8883776142801798,chk wing whl reg .fmc-4/10#vp
17864022,707,cluster_707,1.0,chk wing whl reg cgl 40#
17871009,707,cluster_707,1.0,chk wing whl reg ckg 40#
17864042,707,cluster_707,0.891180817231215,chk wing whl reg fox 40#
17870999,-1,unclustered,0.0,chk wing whl reg ger-amish 40#
17871008,707,cluster_707,1.0,chk wing whl reg grg 40#
17871018,707,cluster_707,1.0,chk wing whl reg hol 40#
17871010,707,cluster_707,1.0,chk wing whl reg koc 40#
17871011,707,cluster_707,1.0,chk wing whl reg mil 40#
1787099,707,cluster_707,1.0,chk wing whl reg pil 40#
1787118,707,cluster_707,1.0,chk wing whl reg pil 50573 40#
1787014,707,cluster_707,1.0,chk wing whl reg pre 40#
17871038,707,cluster_707,1.0,chk wing whl reg wfa 40#
1787111,707,cluster_707,1.0,chk wing whl sml fdl 40#
1787120,707,cluster_707,0.8511351928894915,chk wing whl sml gnp-31000 40#
1787102,707,cluster_707,1.0,chk wing whl sml pil 40#
1787105,707,cluster_707,1.0,chk wing whl sml pil-hal 40#
17864020,707,cluster_707,0.8427996098204449,chk wing whl-jum *__ 4/10#cvp
17864,707,cluster_707,1.0,chk wing whl-jum .fmc 40#
178649,707,cluster_707,1.0,chk wing whl-jum .fmc-10#
17864025,707,cluster_707,1.0,chk wing whl-jum amick 40#
17864017,707,cluster_707,1.0,chk wing whl-jum hal hor 40#
17864045,707,cluster_707,1.0,chk wing whl-jum hal mta 40#
17864012,707,cluster_707,1.0,chk wing whl-jum hor 40#
17864028,707,cluster_707,1.0,chk wing whl-jum koc 40#
17864030,707,cluster_707,1.0,chk wing whl-jum mta 40#
17864080,707,cluster_707,1.0,chk wing whl-jum pec 40#
17864010,707,cluster_707,1.0,chk wing whl-jum pil 40#
17864016,707,cluster_707,1.0,chk wing whl-jum san 40#
17864039,707,cluster_707,1.0,chk wing whl-jum tys 40#
17864032,-1,unclustered,0.0,chk wing whl-jum way/san
17864033,707,cluster_707,0.7982689325781287,chk wing whl-jum wfa 40# bulk
1789095,707,cluster_707,0.800600857407087,chk wing whl-reg-v-cut fmc 70#
17871009,707,cluster_707,1.0,chk wing whl reg ckg 40#
17865991,580,cluster_580,1.0,chk wing-z paddles fmc 10#
1786599G,580,cluster_580,1.0,chk wing-z paddles fmc 4/10# cvp
1786529,682,cluster_682,1.0,chk wing-z party reg .fmc 4/10#
17867082,682,cluster_682,0.9102176929713274,chk wing-z party reg b&e 4/10#vp
17865GP,682,cluster_682,0.7686933863532911,chk wing party reg gnp-32900 40#
17868B,682,cluster_682,1.0,chk wing party reg koc 4/10#cvp
1786661,682,cluster_682,0.8217539350947652,chk wing party reg nat 4/10#
1786704,682,cluster_682,1.0,chk wing party-jum *__ 40#
17866981,682,cluster_682,1.0,chk wing party-jum amk 4/10#
178668,682,cluster_682,1.0,chk wing-z party-jum chq 10#
178721,682,cluster_682,1.0,chk wing party-jum csf 40#
178684,682,cluster_682,1.0,chk wing-z party-jum fmc 4/10#
17866946,-1,unclustered,0.0,chk wing-z party-jum gem 4/10#
17869,682,cluster_682,1.0,chk wing-z party-jum hor 4/10#
17899C,682,cluster_682,1.0,chk wing-z party-jum hor-#2 40#
1786707,682,cluster_682,1.0,chk wing-z party-jum hot pil 20#
17868A,682,cluster_682,1.0,chk wing party-jum koc 4/10#cvp
178681,682,cluster_682,1.0,chk wing party-jum mta 4/10#cvp
17866974,682,cluster_682,1.0,chk wing party-jum pec 40#
17866977,682,cluster_682,1.0,chk wing party-jum pil 4/10#
17869C,682,cluster_682,1.0,chk wing party-jum pil-#2 40#
17866979,682,cluster_682,1.0,chk wing party-jum pil-hal 4/10#
1787310,682,cluster_682,1.0,chk wing party-jum san 4/10#
1786708,682,cluster_682,1.0,chk wing party-jum west 40#
1787512,682,cluster_682,1.0,chk wing-z party-jum wfa 4/10#
1786409,707,cluster_707,1.0,chk wing-z whl jum gc 40# cvp
17864047,707,cluster_707,0.8986060814587803,chk wing-z whl med per 40#
17864048,707,cluster_707,0.9823074244496278,chk wing whl med ppp 40#
17870FMC,707,cluster_707,1.0,chk wing whl reg .fmc 40# cvp
1787121,707,cluster_707,1.0,chk wing-z whl reg gnp 50573 40#
1787120,707,cluster_707,1.0,chk wing whl sml gnp-31000 40#
17871010,707,cluster_707,1.0,chk wing whl reg koc 40#
1787099,707,cluster_707,1.0,chk wing whl reg pil 40#
1787124,707,cluster_707,1.0,chk wing-z whl reg tys 40#
17870A,707,cluster_707,1.0,chk wing-z whl reg-v-cut fmc 40#
1787102,707,cluster_707,1.0,chk wing whl sml pil 40#
1787105,707,cluster_707,1.0,chk wing whl sml pil-hal 40#
17864,707,cluster_707,1.0,chk wing whl-jum .fmc 40#
17864012,707,cluster_707,1.0,chk wing whl-jum hor 40#
17864028,707,cluster_707,1.0,chk wing whl-jum koc 40#
17864030,707,cluster_707,1.0,chk wing whl-jum mta 40#
17864080,707,cluster_707,1.0,chk wing whl-jum pec 40#
17864010,707,cluster_707,1.0,chk wing whl-jum pil 40#
17864016,707,cluster_707,1.0,chk wing whl-jum san 40#
17864039,707,cluster_707,1.0,chk wing whl-jum tys 40#
17864033,-1,unclustered,0.0,chk wing whl-jum wfa 40# bulk
178745,707,cluster_707,1.0,chk wing-z whl-sml pil #2 40#
15443,389,cluster_389,0.9668996190028524,chk wog 2.25-2.50# cgl 25hd
15446,389,cluster_389,1.0,chk wog 2.25-2.50# grd 16hd hal
15445,-1,unclustered,0.0,chk wog 2.25-2.50# grd 30hd ice
15447,389,cluster_389,0.9289257504286024,chk wog 2.25-2.50# mj 16hd
15010182,389,cluster_389,1.0,chk wog 2.25-2.50#-fmc 18hd
15010181,389,cluster_389,1.0,chk wog 2.25-2.50#-fmc-1hd
15001085,-1,unclustered,0.0,chk wog 2.25-2.600# gnp 14hd
15201,396,cluster_396,0.8525230952330266,chk wog 2.50# cut 1/2 ea.
15202,391,cluster_391,1.0,chk wog 2.50# cut 1/4
15204,391,cluster_391,1.0,chk wog 2.50# cut 1/8
15205,396,cluster_396,0.8859812290867317,chk wog 2.50# cut 1/8 ea.
15000,389,cluster_389,1.0,chk wog 2.50-2.75# *__ 28hd
15001094,389,cluster_389,1.0,chk wog 2.50-2.75# grd 16hd
15001090,389,cluster_389,1.0,chk wog 2.50-2.75# grd 28hd
1500881,389,cluster_389,1.0,chk wog 2.50-2.75# koc 16hd 45#
15001097,389,cluster_389,0.9654206345911321,chk wog 2.50-3.00# bdc 14hd
15001093,389,cluster_389,1.0,chk wog 2.50-3.00# gnp 50556 14hd
15215C,392,cluster_392,0.7871153742259387,chk wog 2.75# cut 1/10
10212CP,397,cluster_397,0.9206774382090628,chk wog 2.75# cut 1/10 ea.
15208,392,cluster_392,1.0,chk wog 2.75# cut 1/2
15209,397,cluster_397,1.0,chk wog 2.75# cut 1/2 ea.
152081,-1,unclustered,0.0,chk wog 2.75# cut 1/2 koch
15210,392,cluster_392,1.0,chk wog 2.75# cut 1/4
15211,397,cluster_397,1.0,chk wog 2.75# cut 1/4 ea.
15212898,392,cluster_392,1.0,chk wog 2.75# cut 1/8
15213,397,cluster_397,1.0,chk wog 2.75# cut 1/8 ea.
15212A,392,cluster_392,0.875020283215065,chk wog 2.75# cut 1/8-16h
15212,392,cluster_392,0.8029313816379875,chk wog 2.75# cut 1/8-20h
15212BG,392,cluster_392,0.8109599335434736,chk wog 2.75# cut 1/8-2b
150201,389,cluster_389,0.9612680907171607,chk wog 2.75-3.00# *__ 24hd-cvp
15002022,389,cluster_389,1.0,chk wog 2.75-3.00# gnp 14hd 50557
15002019,389,cluster_389,0.9483933768453431,chk wog 2.75-3.00# grd 14hd 20012
15002014,389,cluster_389,1.0,chk wog 2.75-3.00# grd 24hd 10003
15002023,-1,unclustered,0.0,chk wog 2.75-3.00# grd 24hd halal
1500883,389,cluster_389,1.0,chk wog 2.75-3.00# koc 16hd 45#
15002018,389,cluster_389,1.0,chk wog 2.75-3.00# koc 24hd
15001,389,cluster_389,1.0,chk wog 2.75-3.00#-fmc 24hd
15002B,-1,unclustered,0.0,chk wog 2.75-3.25# cut 1/8-16h cvp
15230,394,cluster_394,1.0,chk wog 3 - 3.25# cut 1/2 16 hd
152309,394,cluster_394,1.0,chk wog 3 - 3.25# cut 1/8 12 hd gnp
152311,-1,unclustered,0.0,chk wog 3 - 3.25# cut 1/8 12 hd per
152308,394,cluster_394,1.0,chk wog 3 - 3.25# cut 1/8 16 hd
15234,393,cluster_393,0.8361265091040258,chk wog 3.00# cut 1/10 22hd
15234A,395,cluster_395,1.0,chk wog 3.00# cut 1/10 ea.
15216,393,cluster_393,1.0,chk wog 3.00# cut 1/2 22hd
15217,395,cluster_395,1.0,chk wog 3.00# cut 1/2 ea.
15218,393,cluster_393,1.0,chk wog 3.00# cut 1/4 22hd
15220999,-1,unclustered,0.0,chk wog 3.00# cut 1/8 14hd 40#-cvp
15220,393,cluster_393,1.0,chk wog 3.00# cut 1/8 22hd
15220998,393,cluster_393,0.3683157349365606,chk wog 3.00# cut 1/8 22hd fmc
15221,395,cluster_395,1.0,chk wog 3.00# cut 1/8 ea.
15000S,-1,unclustered,0.0,chk wog 3.00# cut-semi bnls
15009,-1,unclustered,0.0,chk wog 3.00# cut-silver dol
15220V,-1,unclustered,0.0,chk wog 3.00# cut-virtue 14h
15030007,389,cluster_389,1.0,chk wog 3.00-3.25# ckg 22hd
15220B,393,cluster_393,0.3534421927570968,chk wog 3.00-3.25# cut 1/8 12h
15008840,389,cluster_389,1.0,chk wog 3.00-3.25# gnp 16300 12hd
15008841,389,cluster_389,0.8793254729480613,chk wog 3.00-3.25# gnp-mar 12hd
15030005,389,cluster_389,1.0,chk wog 3.00-3.25# grd 22hd
15008910,389,cluster_389,1.0,chk wog 3.00-3.25#-fmc 12hd
15008911,389,cluster_389,1.0,chk wog 3.00-3.25#-fmc 1hd
15004,389,cluster_389,1.0,chk wog 3.00-3.50# *__ 22hd
15006083,-1,unclustered,0.0,chk wog 3.00-3.50# fmc 20p ivp
15030004,389,cluster_389,1.0,chk wog 3.00-3.50# grd 22hd
15008B,389,cluster_389,1.0,chk wog 3.00-3.50# koc 22hd
15004034,389,cluster_389,1.0,chk wog 3.00-3.50# mrj 22hd
15004052,-1,unclustered,0.0,chk wog 3.00-3.50# mta 14hd
15005899,389,cluster_389,1.0,chk wog 3.00-3.50# pil 22hd
150015,389,cluster_389,0.9199520414777589,chk wog 3.00-3.50# ppp 10hd
15005,389,cluster_389,1.0,chk wog 3.00-3.50#-fmc-1hd
15005A,389,cluster_389,1.0,chk wog 3.00-3.75# gnp 16500 12hd
15008988,389,cluster_389,1.0,chk wog 3.00-3.75#-fmc 20hd
15008987,389,cluster_389,1.0,chk wog 3.00-3.75#-fmc-1hd
1501820,-1,unclustered,0.0,chk wog 3.00-4.00#-mp- com tyson
15076,-1,unclustered,0.0,chk wog 3.25# cut 1/2 b/out 10hd
15005A4,-1,unclustered,0.0,chk wog 3.25# cut 1/4
15077370,-1,unclustered,0.0,chk wog 3.25-3.50# cut 1/2 22hd
1507734,391,cluster_391,0.46839693193484383,chk wog 3.25-3.50# cut 1/8 koc
1507733,-1,unclustered,0.0,chk wog 3.25-3.50# cut 1/8 per
1500923,389,cluster_389,1.0,chk wog 3.25-3.50# grd 20hd cvp
150091,389,cluster_389,1.0,chk wog 3.25-3.50# koc 16hd
150056,389,cluster_389,1.0,chk wog 3.25-3.50#-fmc 20hd
15231A,391,cluster_391,0.6728168647447772,chk wog 3.50# cut 1/10
15231A1,396,cluster_396,0.8860050747885627,chk wog 3.50# cut 1/10 ea.
15224,391,cluster_391,0.9693923858745725,chk wog 3.50# cut 1/2
15225,396,cluster_396,1.0,chk wog 3.50# cut 1/2 ea.
15226,391,cluster_391,1.0,chk wog 3.50# cut 1/4
15228,391,cluster_391,0.9840607852800253,chk wog 3.50# cut 1/8
15220997,-1,unclustered,0.0,chk wog 3.50# cut 1/8 20hd fmc
15229,396,cluster_396,1.0,chk wog 3.50# cut 1/8 ea.
15231,396,cluster_396,1.0,chk wog 3.50# cut 1/9 ea.
15004C8,-1,unclustered,0.0,chk wog 3.50# semi-bnl 1stj-wing
15006,389,cluster_389,1.0,chk wog 3.50-3.75# *__ 20hd
150012,389,cluster_389,1.0,chk wog 3.50-3.75# bdc 10hd
15006072,389,cluster_389,1.0,chk wog 3.50-3.75# grd 20hd
15006077,389,cluster_389,1.0,chk wog 3.50-3.75# grd-hal 20hd
15006070,389,cluster_389,1.0,chk wog 3.50-3.75# grg 20hd
15004047,389,cluster_389,0.9234506097548794,chk wog 3.50-3.75# hal
1500880,389,cluster_389,1.0,chk wog 3.50-3.75# koc 12hd 45#
15006080,389,cluster_389,1.0,chk wog 3.50-3.75# mrj 20hd
15006081,389,cluster_389,1.0,chk wog 3.50-3.75# mrj-hal 20hd
150061,389,cluster_389,1.0,chk wog 3.50-3.75# okf 20hd
15004032,389,cluster_389,1.0,chk wog 3.50-3.75# pilg 20hd
150063,-1,unclustered,0.0,chk wog 3.50-3.75# tyson 20hd
15030A,389,cluster_389,1.0,chk wog 3.50-3.75#-fmc 20hd
15007,389,cluster_389,1.0,chk wog 3.50-3.75#-fmc-1hd
15006084,389,cluster_389,1.0,chk wog 3.50-3.75#cvp ckg 20hd
1502010,389,cluster_389,1.0,chk wog 3.50-4.00# koc 20hd
150016,389,cluster_389,0.8723508980966109,chk wog 3.50-4.00# ppp 10hd
1501822,389,cluster_389,1.0,chk wog 3.50-4.00#-fmc 20hd
15006075,389,cluster_389,1.0,chk wog 3.75# grd 20hd
150104,389,cluster_389,1.0,chk wog 3.75-4.00# gnp 11900 12hd
15008989,389,cluster_389,1.0,chk wog 3.75-4.00#-fmc 18hd
1500898,389,cluster_389,1.0,chk wog 3.75-4.00#-fmc-1hd
150122,389,cluster_389,0.9050867136931582,chk wog 4.00-4.25# ger 12hd
150115,389,cluster_389,0.9772987472100464,chk wog 4.00-4.25# gnp 9hd
15006020,389,cluster_389,0.87508711973991,chk wog 4.00-5.00# #2
15006018,389,cluster_389,0.9389615465122997,chk wog 4.00-5.00# grd 18hd cvp
15239,-1,unclustered,0.0,chk wog-z 2.50-2.75 gnp
15002032,389,cluster_389,1.0,chk wog-z 2.75-3.00# fmc 22hd
15002022,389,cluster_389,1.0,chk wog 2.75-3.00# gnp 14hd 50557
15008841,389,cluster_389,0.8625335806427927,chk wog 3.00-3.25# gnp-mar 12hd
15030004,389,cluster_389,1.0,chk wog 3.00-3.50# grd 22hd
1500812,389,cluster_389,1.0,chk wog-z 3.00-3.75# gnp 12hd
15004042,389,cluster_389,1.0,chk wog-z 3.50-3.75# ckg 20hd
15006070,389,cluster_389,1.0,chk wog 3.50-3.75# grg 20hd
15004039,389,cluster_389,1.0,chk wog-z 3.50-3.75# grod 20hd
15006092,389,cluster_389,1.0,chk wog-z 3.50-3.75# key 20hd
150061,389,cluster_389,1.0,chk wog 3.50-3.75# okf 20hd
15004032,389,cluster_389,1.0,chk wog 3.50-3.75# pilg 20hd
150104,389,cluster_389,1.0,chk wog 3.75-4.00# gnp 11900 12hd
150115,389,cluster_389,1.0,chk wog 4.00-4.25# gnp 9hd
15238,-1,unclustered,0.0,chk wog-z fc brd cut 1/8 per
170881,677,cluster_677,1.0,chk-ff nae br bs rand 8/18-oz
170882,677,cluster_677,1.0,chk-ff nae br bs rand-fam 6/40-oz
170883,677,cluster_677,1.0,chk-ff nae br bs rand-thin 8/16-oz
170886,-1,unclustered,0.0,chk-ff nae br bs tender 8/16-oz
170888,569,cluster_569,0.6481733067733295,chk-ff nae drumstick 8/20-oz
170892,-1,unclustered,0.0,chk-ff nae thigh bi 8/20-oz
170894,-1,unclustered,0.0,chk-ff nae thigh meat 8/18-oz
170880,244,cluster_244,1.0,chk-ff nae whl 5# cov 6p
170896,-1,unclustered,0.0,chk-ff nae wings prty 8/32-oz
17081115,-1,unclustered,0.0,chk-ff org br bs rand #8283 8/1.25#
17081048,-1,unclustered,0.0,chk-ff org br bs-thin #8290 8/1.25#
17081541,-1,unclustered,0.0,chk-ff org br tender #8284 8/1.25#
17081408,569,cluster_569,0.6350258411773884,chk-ff org drumstick #8285 8/1.25#
17081581,966,cluster_966,0.6208234466917957,chk-ff org thigh bi #8288 8/1.25#
17081457,-1,unclustered,0.0,chk-ff org thigh meat #8281 8/1.25#
17081011,244,cluster_244,1.0,chk-ff org whl 3.5+ 8280 6p cov
17081316,-1,unclustered,0.0,chk-ff org wing party #8289 8/1.25#
170860,-1,unclustered,0.0,chk-ff org-sp br bs ran# 8/3#
171301,707,cluster_707,0.8601166000682968,chk-ff org.b wing whl med 40#
170861,-1,unclustered,0.0,chk-ff-z sp br bs ran# 8/3##
1781903,-1,unclustered,0.0,chk-ff-z vs ground chicken 6/1#
1781904,-1,unclustered,0.0,chk-ff-z vs ground leg-meat #8196
17081720,-1,unclustered,0.0,chk-ff-z vs livers 6/20-oz cup
9171581,-1,unclustered,0.0,chk-ff-z vs thigh bi 8/1.25#
17081013,244,cluster_244,1.0,chk-ff-z vs whl 3.5+ #8280 6ct cov
9171316,-1,unclustered,0.0,chk-ff-z vs wing party 8/1.25#
1517002,-1,unclustered,0.0,chk-ff-z vs-seas-spatchcock 6/4#
171306C,-1,unclustered,0.0,chk-ff-z-b wing party #1306 40#
1708910,-1,unclustered,0.0,chk-ff-z-b-seas prty wing cur 6/3#
1708911,-1,unclustered,0.0,chk-ff-z-b-seas prty wing per 6/3#
1708912,-1,unclustered,0.0,chk-ff-z-b-seas thig lager 6/3#
171302,707,cluster_707,0.8132143094804283,chk-svo wing whl med 40#
310324,-1,unclustered,0.0,"chken brst brd chunk ckd, tyson, 30.24#"
73007921,684,cluster_684,1.0,chkn br brd fc 4-oz bb5206 10#
73007991,-1,unclustered,0.0,chkn br brd fc bb6106 10#
73080747,-1,unclustered,0.0,chkn br brd fil ctryp k-1247 2/5#-z
73080801,-1,unclustered,0.0,chkn br brd pat fc bb5912 10#
73081998,685,cluster_685,1.0,chkn br fil brd pb 4oz k151410 10#
73012,684,cluster_684,1.0,chkn br fil fc gf 04 oz bb4201 10#
13788876,-1,unclustered,0.0,chkn br fil gm-rst 4oz k88876 10#
73007987,685,cluster_685,0.9537305121613535,chkn br fil orgmfc 04 oz bb5154 10#
73012765,-1,unclustered,0.0,chkn br frit dai-30#
73075,-1,unclustered,0.0,chkn br nuggets fc bb5622 12#
73133A,-1,unclustered,0.0,chkn br strips gm-fc k3546 4/2.5#
730622,-1,unclustered,0.0,chkn br unckd spare-z
73084177,684,cluster_684,1.0,chkn brd fil5-oz fc bb-5057 10#
73084176,684,cluster_684,0.9909388751515726,chkn brd fil6-oz fc bb-5056 2/4.5#
73084011,493,cluster_493,0.9131528484032593,chkn brd tend chip ta bb-5373 10#
73083218,-1,unclustered,0.0,chkn brd tend fc chef quick $10#
73084010,493,cluster_493,0.9325752354373363,chkn brd tend ss2 bb-857798 10#
310021,-1,unclustered,0.0,"chkn breast filet brd ckd, tyson, 4.33oz"
310016,-1,unclustered,0.0,"chkn breast perfect prtn, harvest, 13.2#"
310928,-1,unclustered,0.0,"chkn brst diced grl, tyson, 1/2"", 2/5 lb"
310200,-1,unclustered,0.0,"chkn brst random b/s, gerber, 20#"
310065,-1,unclustered,0.0,"chkn brst split tray pack, b/s, 6oz"
73084140,-1,unclustered,0.0,chkn burger fc gr-mrk bb-5702 10#
17873M,849,cluster_849,0.6364305837892842,chkn diced fc brd 10#-z
178732,849,cluster_849,0.6330202802896573,chkn diced fc brd bb5253 10#-z
73012768,-1,unclustered,0.0,chkn drum fc frit tys-20#
730621,-1,unclustered,0.0,chkn nug unckd #0023-z
1832400,356,cluster_356,1.0,chkn or br thm brwnd-in-oil 2/5#
1832406,-1,unclustered,0.0,chkn or br thm brwnd-round 2/4.5#
1832401,-1,unclustered,0.0,chkn or br thm buffalo styl 2/4.5#
1832416,-1,unclustered,0.0,chkn or br thm chipolte 2/5#
1832406Z,568,cluster_568,1.0,chkn or br thm-z brwnd-round 4/4.5#
17874081,-1,unclustered,0.0,chkn or br-z applgate slc 6/2#
17002B,-1,unclustered,0.0,chkn or br-z thm bbq styl 4/4#
1832405,-1,unclustered,0.0,chkn or br-z thm buffalo sty 4/4.5#
1832416,568,cluster_568,1.0,chkn or br thm chipolte 2/5#
1832415Z,568,cluster_568,1.0,chkn or br-z thm grm 4/5#
1832407,585,cluster_585,1.0,chkn or br-z thm grm nat 4/4.5#
73081000,684,cluster_684,0.9366006932418816,chkn pat 3 oz brd fc bb5944 10#-z
13033S,-1,unclustered,0.0,chkn philly-z 4-oz orig-phily 10#
731219,-1,unclustered,0.0,chkn stfd bar-753 broc/chs 24/7oz
74141,-1,unclustered,0.0,chkn stfd k10724 kiev 24/7oz 10.5#
13724,685,cluster_685,1.0,chkn stfd k13724 cblu 24/7oz 10.5#
17224,685,cluster_685,1.0,chkn stfd k17724 broc 24/7oz 10.5#
73131,493,cluster_493,1.0,chkn tendr brd gold k-3518 2/5#-z
75054999,493,cluster_493,1.0,chkn tendr brd southr k-3522 2/5#-z
73080746,493,cluster_493,1.0,chkn tendr brd zesty k-86797 2/5#-z
340865,-1,unclustered,0.0,"chkn thigh b/s, perdue, tr pk #865"
73080700,-1,unclustered,0.0,chkn thigh bi fc bb6705-z 10#
73087303,578,cluster_578,1.0,chkn wing bnl brd fc bb7303-z 10#
73133022,578,cluster_578,0.9581499853144881,chkn wing bnl brd pb k86387 10#
75054,578,cluster_578,1.0,chkn wing brd fc spcy k86616 15#-z
73124,578,cluster_578,1.0,chkn wing brd fc trad k86614 15#-z
73128,578,cluster_578,0.7319501574738488,chkn wing infrn 1&2p fc bb6572 12#
73130,-1,unclustered,0.0,chkn wing unckd 1&2p spare
1700751,-1,unclustered,0.0,chkn-wal-tys leg qtr 700751 32#
17700954,-1,unclustered,0.0,chkn-wal-tys tender seas 700954 32#
17874R,-1,unclustered,0.0,chkn-wal-tys wing/hab 705748 16#
144037,-1,unclustered,0.0,choice 2oz drop filet
144033,-1,unclustered,0.0,choice 3oz drop filet
190003,-1,unclustered,0.0,"beef hindshank, ch"
124007,-1,unclustered,0.0,choice clod tender-processed
420005,-1,unclustered,0.0,choice domestic lamb racks
420006,-1,unclustered,0.0,choice lamb loin
143005,491,cluster_491,1.0,choice ny strip stk cc 8/24oz
144164,-1,unclustered,0.0,choice porterhouse
620079,-1,unclustered,0.0,choice sauerbratten
144160,-1,unclustered,0.0,choice t-bone
174177,-1,unclustered,0.0,"choice top round sliced 3/16"""
28241000,-1,unclustered,0.0,chorizo (chicken ) by atk foods
38240700,264,cluster_264,0.570524457397894,chorizo (eminente)
38447890,-1,unclustered,0.0,chorizo (spain) sp order
38154300,-1,unclustered,0.0,chorizo al pastor
20045,-1,unclustered,0.0,chorizo de puerco cacique 12/9oz
82389980,-1,unclustered,0.0,chorizo el michoacano 6-5lb
22304,264,cluster_264,1.0,chorizo guatamalan 20/1 #
21996,264,cluster_264,0.796220041944505,chorizo guatamalan donpedros 2/10#
21990,264,cluster_264,1.0,chorizo guatamalan donpedros 20/1#
22996,264,cluster_264,0.7187345158373962,chorizo guatemalteco 2/10#
22199,264,cluster_264,1.0,chorizo guatemalteco 20/1#
22302,264,cluster_264,0.6399538717007592,chorizo longaniza 2/10#
22303,264,cluster_264,0.7015406307935306,chorizo longaniza 20/1#
22162,264,cluster_264,0.796220041944505,chorizo longaniza donpedros 2/10#
21162,264,cluster_264,0.8655814955449013,chorizo longaniza donpedros 20/1#
22198,264,cluster_264,0.6717689274721321,chorizo oaxaca 20/1#
22198,264,cluster_264,0.8028337115250042,chorizo oaxaca 20/1#
22120,264,cluster_264,0.7609420928148071,chorizo rellena 20/1#
22300,264,cluster_264,0.6590038867721438,chorizo salvadorean 2/10#
22301,264,cluster_264,0.6875281982744923,chorizo salvadorean 20/1#
22142,264,cluster_264,0.7744200891547979,chorizo salvadorian donpedros 2/10#
22143,264,cluster_264,0.7744200891547979,chorizo salvadorian donpedros 20/1#
620080,-1,unclustered,0.0,chorizo sausage 4-1 link
38154400,-1,unclustered,0.0,chorizo sausage bulk
20760,264,cluster_264,0.5869424563568597,chorizo sazonado y cocido 10#
20046,264,cluster_264,0.5314766509343792,chorizo sazonado y cocido 12/1#
38240710,264,cluster_264,0.5001335942212909,chorizo(eminente) bulk
82385790,264,cluster_264,0.570524457397894,"chorizo, eminente (4-5#)"
4002699,120,cluster_120,1.0,chs amer white loaf thm 6/5#
4002700,120,cluster_120,1.0,chs amer yellow loaf thm 6/5#
40022C,122,cluster_122,1.0,chs amer yellow slc120 *__ 4/5#
40PK18,122,cluster_122,1.0,chs amer yellow slc120 thm 4/5#
40024,122,cluster_122,1.0,chs amer yellow slc160 *__ 4/5#
4023410,-1,unclustered,0.0,chs amer- sup-melt wht sab
40584,121,cluster_121,0.7721684460145589,chs asiago shred 5#
40072,-1,unclustered,0.0,chs blue danish whl 6#
40582,-1,unclustered,0.0,chs brick cheese sws 6/5#
40239,121,cluster_121,0.7982490854189835,chs ched & mnt jac shred fine 4/5#
40182,120,cluster_120,1.0,chs ched mild loaf yel 4/5# wisc
40234,121,cluster_121,0.7440361500693718,chs ched mild shred reg 4/5#
40PN12W,122,cluster_122,0.6173988457672599,chs ched sharp white thm 2/5#
40162,122,cluster_122,0.5575545533581493,chs ched sharp yel-thm 2/5#
40255,-1,unclustered,0.0,chs colby half longhorn 8#
40258,-1,unclustered,0.0,chs colby whl longhorn 4/14#
4018694,-1,unclustered,0.0,chs cream cheese neuf 30# 5218
4018691,-1,unclustered,0.0,chs cream-z cheese spread30#
40070125,-1,unclustered,0.0,chs feta country clsc 28# pail
406946,-1,unclustered,0.0,chs grana padano dop 09m qtr-1/20#
40PO18,-1,unclustered,0.0,chs hot pepper jack thm 6/5#
40501060,-1,unclustered,0.0,chs mascarpone galb 4/5#
40476,121,cluster_121,0.7529386940111532,chs mont jack shred*__ 4/5#
405943,-1,unclustered,0.0,chs moz fresh galb ciliegine 2/3#
405949,-1,unclustered,0.0,chs moz fresh galb ovalini 2/3#
40494,-1,unclustered,0.0,chs moz lm 8/5#
40516,121,cluster_121,1.0,chs moz shred *__ ps 4/5#
40518,121,cluster_121,1.0,chs moz shred *__ ps 6/5#
40514,121,cluster_121,1.0,chs moz shred wm sor 6/5#
40579,-1,unclustered,0.0,chs muenster 6/6#
40PO15,-1,unclustered,0.0,chs muenster thm-ny 3/5.5#
40606,-1,unclustered,0.0,chs parm grated 4/5#
4069615,-1,unclustered,0.0,chs parm-reggi agri qtr-1/20# 18m
4069614,-1,unclustered,0.0,chs parm-reggi ber qtr-1/20# 18m
408141,-1,unclustered,0.0,chs pecorino rom dop qtr 4/12#
408140,-1,unclustered,0.0,chs pecorino rom dop whl 55#
40695238,-1,unclustered,0.0,chs provolone ita madarino 42#
40PM16,-1,unclustered,0.0,chs provolone thm 4/6# hlv
40445346,120,cluster_120,0.9597450730466306,chs quesadilla loaf chihu v&v 8/5#
40445344,120,cluster_120,0.9185682634627325,chs quesadilla shred chihu v&v 4/5#
40443000,-1,unclustered,0.0,chs queso cotija grated
40443004,-1,unclustered,0.0,chs queso cotija grated 12/1#
40442398,136,cluster_136,1.0,chs queso enchilado sup 4/5#
40442410,136,cluster_136,1.0,chs queso fresco elv 4/5#
40442391,136,cluster_136,1.0,chs queso fresco sup 4/5#
407311,-1,unclustered,0.0,chs swiss nat thm sandwch 2/8#
407316,-1,unclustered,0.0,chs swiss nat thm-hi-cut aged 4/7#
40739,-1,unclustered,0.0,chs-sauce ched age dean 6/#10
40171031,-1,unclustered,0.0,chs-sauce nacho 6/#10
40171011,-1,unclustered,0.0,chs-sauce nacho nue 6/#10
120007,-1,unclustered,0.0,chuck bnlswhole short ribs
124002,-1,unclustered,0.0,"chuck eyeroll, ch"
120001,-1,unclustered,0.0,"chuck eyeroll, sliced thin"
120005,-1,unclustered,0.0,chuck flap meat beef
120810,1118,cluster_1118,1.0,"chuck ground 80/20, 10lb"
128005,1118,cluster_1118,1.0,"chuck ground 80/20, 5lb"
128505,1118,cluster_1118,1.0,"chuck ground 85/15, 5lb"
128011,1176,cluster_1176,0.8290214935247963,"chuck ground patty 80/20, 10oz"
120804,1176,cluster_1176,1.0,"chuck ground patty 80/20, 4oz"
128007,1176,cluster_1176,1.0,"chuck ground patty 80/20, 7oz"
128018,1176,cluster_1176,1.0,"chuck ground patty 80/20, 8oz"
120854,1176,cluster_1176,0.3172745315888749,"chuck ground patty 85/15, 4oz wide"
128507,1176,cluster_1176,0.492830272238087,"chuck ground patty 85/15, 7oz"
122001,-1,unclustered,0.0,"chuck ground patty, angus"
122000,-1,unclustered,0.0,"chuck ground, angus, 5lb"
123060,1044,cluster_1044,1.0,"chuck oval patty, angus, 6oz"
123030,1044,cluster_1044,0.7797580773807146,"chuck patty 3/1, angus"
123070,1044,cluster_1044,1.0,"chuck patty, angus, 7oz"
123080,1044,cluster_1044,1.0,"chuck patty, angus, 8oz"
13069980,-1,unclustered,0.0,"chuck roll block ready, ch,"
13173745,226,cluster_226,1.0,"chuck roll bone/in, excel (aa)"
13171120,-1,unclustered,0.0,"chuck roll bone/in, mex praderas"
13173680,-1,unclustered,0.0,"chuck roll bone/in, mex sukarne"
13089982,757,cluster_757,0.8395596576831037,"chuck roll n/off, (cangus)"
13081054,757,cluster_757,0.8225407030701013,"chuck roll n/off, afg (ch)"
13901054,757,cluster_757,0.8468911007447454,"chuck roll n/off, afg s. b. (ch)"
13083896,-1,unclustered,0.0,"chuck roll n/off, clear river (nr)"
13081204,-1,unclustered,0.0,"chuck roll n/off, creekstone (ch)"
13081201,-1,unclustered,0.0,"chuck roll n/off, creekstone (prime)"
13081205,-1,unclustered,0.0,"chuck roll n/off, creekstone (sel)"
13081176,-1,unclustered,0.0,"chuck roll n/off, demkota (nr)"
13083744,226,cluster_226,1.0,"chuck roll n/off, excel (ch)"
13081395,226,cluster_226,1.0,"chuck roll n/off, excel,1x1(aa)"
13081002,757,cluster_757,0.7707124693809029,"chuck roll n/off, greateromaha (cangus)"
13081004,770,cluster_770,0.735961211104243,"chuck roll n/off, greateromaha (ch)"
13081003,-1,unclustered,0.0,"chuck roll n/off, greateromaha (ch_angu)"
13081001,-1,unclustered,0.0,"chuck roll n/off, greateromaha (prime)"
13091000,-1,unclustered,0.0,"chuck roll n/off, greateromaha halal"
13084564,-1,unclustered,0.0,"chuck roll n/off, greateromaha hereford"
13084496,732,cluster_732,1.0,"chuck roll n/off, harmony"
13094497,732,cluster_732,1.0,"chuck roll n/off, harmony (a)"
13094495,732,cluster_732,1.0,"chuck roll n/off, harmony (aa)"
13094494,732,cluster_732,0.984558165732618,"chuck roll n/off, harmony (aaa)"
13083556,769,cluster_769,1.0,"chuck roll n/off, heartland"
13083554,769,cluster_769,1.0,"chuck roll n/off, heartland (ch)"
13083556,769,cluster_769,1.0,"chuck roll n/off, heartland"
13043556,-1,unclustered,0.0,"chuck roll n/off, heartland (n/r_angus)"
13083551,769,cluster_769,0.6615126795582071,"chuck roll n/off, heartland (prime)"
13083555,769,cluster_769,0.6945374584999889,"chuck roll n/off, heartland (sel)"
157600001,-1,unclustered,0.0,"chuck roll n/off, heritage"
13081012,757,cluster_757,0.872889057777722,"chuck roll n/off, ibp (cangus)"
13081014,757,cluster_757,1.0,"chuck roll n/off, ibp (ch)"
13081016,757,cluster_757,1.0,"chuck roll n/off, ibp (nr)"
13083571,757,cluster_757,0.8585588862214713,"chuck roll n/off, ibp (prime)"
13083575,757,cluster_757,1.0,"chuck roll n/off, ibp (sel)"
13083674,-1,unclustered,0.0,"chuck roll n/off, ibp chairman`s reserve"
13083544,-1,unclustered,0.0,"chuck roll n/off, ibp open prairie (ch)"
13083563,-1,unclustered,0.0,"chuck roll n/off, ibp star ranch (ch_ang"
13081162,750,cluster_750,1.0,"chuck roll n/off, iowa premium (cangus)"
13081164,750,cluster_750,1.0,"chuck roll n/off, iowa premium (ch)"
13081160,750,cluster_750,1.0,"chuck roll n/off, iowa premium (nr)"
13081036,-1,unclustered,0.0,"chuck roll n/off, jbs (nr)"
13081320,-1,unclustered,0.0,"chuck roll n/off, mex gusi"
13081120,-1,unclustered,0.0,"chuck roll n/off, mex praderas huastecas"
13081130,-1,unclustered,0.0,"chuck roll n/off, mex sukarne"
13081024,770,cluster_770,1.0,"chuck roll n/off, national (ch)"
13081026,770,cluster_770,1.0,"chuck roll n/off, national (n/r)"
13081025,770,cluster_770,1.0,"chuck roll n/off, national (sel)"
13083354,-1,unclustered,0.0,"chuck roll n/off, swift (ch)"
13083356,-1,unclustered,0.0,"chuck roll n/off, swift (nr)"
13081034,-1,unclustered,0.0,"chuck roll trim, blue ribbon (aaa)"
13083345,-1,unclustered,0.0,"chuck roll trim, diamond beef (aa)"
13083344,-1,unclustered,0.0,"chuck roll trim, diamond beef (aaa)"
120002,-1,unclustered,0.0,"chuck roll, buffalo"
120018,-1,unclustered,0.0,"chuck roll, grass run farms, ch"
13189984,-1,unclustered,0.0,"chuck short rib finger, (ch)"
13281015,738,cluster_738,0.6156414217004487,"chuck short rib, 2pc, ibp (sel)"
13381015,738,cluster_738,0.6590848428148423,"chuck short rib, 4pc, ibp (sel)"
13181055,738,cluster_738,1.0,"chuck short rib, afg"
13181054,738,cluster_738,1.0,"chuck short rib, afg (ch)"
13181056,738,cluster_738,1.0,"chuck short rib, afg (nr)"
13181055,738,cluster_738,0.9110446217316189,"chuck short rib, afg"
13183896,-1,unclustered,0.0,"chuck short rib, clear river (nr)"
13181204,739,cluster_739,0.9792820841066145,"chuck short rib, creekstone (ch)"
13181201,722,cluster_722,0.8035817923765963,"chuck short rib, creekstone (prime)"
13181176,-1,unclustered,0.0,"chuck short rib, demkota (nr)"
13181376,738,cluster_738,0.6405542472495778,"chuck short rib, evp, (n/r_angus)"
13181375,738,cluster_738,0.7264460773425293,"chuck short rib, evp, (nr)"
13186010,714,cluster_714,0.8505744096629675,"chuck short rib, fc beef mex"
13183554,739,cluster_739,1.0,"chuck short rib, heartland (ch)"
13143556,739,cluster_739,1.0,"chuck short rib, heartland (n/r)"
13183556,738,cluster_738,0.6053079913585295,"chuck short rib, heartland (n/r_angus)"
13181014,738,cluster_738,0.6712104042173495,"chuck short rib, ibp (ch)"
13181320,714,cluster_714,1.0,"chuck short rib, mex gusi"
13181120,714,cluster_714,1.0,"chuck short rib, mex praderas"
13181490,714,cluster_714,0.9695951147526861,"chuck short rib, mex santara"
13181130,714,cluster_714,1.0,"chuck short rib, mex sukarne"
13181070,-1,unclustered,0.0,"chuck short rib, palo duro (brown box)"
13183354,-1,unclustered,0.0,"chuck short rib, swift (ch)"
13183334,739,cluster_739,1.0,"chuck short rib, upper iowa (ch)"
13183352,738,cluster_738,0.6405542472495778,"chuck short rib,swift (c_angus)"
13109984,722,cluster_722,1.0,"chuck tender (scotties), (ch)"
13103694,722,cluster_722,1.0,"chuck tender scotties, aurora (ch)"
13101214,722,cluster_722,1.0,"chuck tender scotties, creekstone (ch)"
13101216,722,cluster_722,1.0,"chuck tender scotties, creekstone (n/r)"
13101001,722,cluster_722,0.895306274515347,"chuck tender scotties, greater o (prime)"
13101002,722,cluster_722,0.8888910505187961,"chuck tender scotties, greatero(c_angus)"
13101004,722,cluster_722,1.0,"chuck tender scotties, greateromaha (ch)"
13103574,722,cluster_722,1.0,"chuck tender scotties, ibp (ch)"
13101160,722,cluster_722,0.9420673766913513,"chuck tender scotties, iowa premium"
13101024,722,cluster_722,1.0,"chuck tender scotties, national (ch)"
13101874,722,cluster_722,0.9420673766913513,"chuck tender scotties, nebraska b. (ch)"
13103334,722,cluster_722,0.9963875394901089,"chuck tender scotties, upper iowa (ch)"
13101211,722,cluster_722,1.0,"chuck tender scotties,creekstone (prime)"
120089,722,cluster_722,0.8376501695344097,"chuck tender, ch"
190823,-1,unclustered,0.0,"chuck, brisket short rib pattie, 4oz"
190818,-1,unclustered,0.0,"chuck, brisket short rib pattie, 8oz"
13161376,-1,unclustered,0.0,"chucks bnls 2 pc, beef evp (nr)"
78499989,-1,unclustered,0.0,"chum salmon portions, 6oz fortune`s wind"
78502789,-1,unclustered,0.0,"chum skin on salmon portions, 6oz (10#)"
96235640,-1,unclustered,0.0,churros
31260,110,cluster_110,0.49198087839754423,cilantro (cleaned & trimmed) 4#
501601,110,cluster_110,0.9421611308967482,cilantro 20ct
50160,110,cluster_110,1.0,cilantro 30ct
50136,110,cluster_110,1.0,cilantro 60ct
31261,110,cluster_110,1.0,cilantro 60ct @@@@@
501599,110,cluster_110,0.7715570309679911,cilantro 6ct
22080220,-1,unclustered,0.0,cinnamon ground 5# plastic cont
22080223,-1,unclustered,0.0,cinnamon stick 3 2#
620036,-1,unclustered,0.0,citterio 625 hard salami
620010,401,cluster_401,0.9063531399105238,citterio deli ready procuitto
750003,401,cluster_401,1.0,citterio genoa salami a.c.
750060,401,cluster_401,0.9374415240457298,citterio hard salami 6# ave
750004,402,cluster_402,0.9101751555957974,citterio hot capicolla
750056,-1,unclustered,0.0,citterio mortadella 5/6# plain
750156,-1,unclustered,0.0,citterio mortadella 5/6# w/nut
750005,-1,unclustered,0.0,citterio pancetta
750002,-1,unclustered,0.0,citterio pros cotto w/rosemary
620011,401,cluster_401,0.9063531399105238,citterio sandwich pepperoni
750006,-1,unclustered,0.0,citterio silver bnls prosciutto
620012,401,cluster_401,0.9063531399105238,citterio sliced pepperoni 10#/
750007,-1,unclustered,0.0,citterio sopressata lg.-hot
750008,-1,unclustered,0.0,citterio sweet capicollo
750009,-1,unclustered,0.0,citterio sweet sopressata lg
391193,-1,unclustered,0.0,"ckd diced white turkey, jennie o"
391194,-1,unclustered,0.0,"ckd turkey breast strips, jennie o"
52011250,-1,unclustered,0.0,ckn breast strips grill full ckd 5/2#
70690,-1,unclustered,0.0,clam -cooked (11/20) 10/2#
901400,-1,unclustered,0.0,clam chowder
95200,-1,unclustered,0.0,clamato tomato juice mix 12/32oz
2106100,-1,unclustered,0.0,clams chopped w/juice 12/3#
21060CL,-1,unclustered,0.0,clams large 50ct
21061CL,-1,unclustered,0.0,clams sml 50ct
78031789,-1,unclustered,0.0,"clams, wckd 27-36 netuno (10x1#)"
78034360,-1,unclustered,0.0,"clams, whl ckd 17-22 vp, panamei 10/1#"
96685940,-1,unclustered,0.0,"classic italian-style,lofp 6ct,6/20 (7.5"
97151900,-1,unclustered,0.0,classic italianlof(6-20oz)
86000,27,cluster_27,1.0,clear liquid shortening
900024,-1,unclustered,0.0,clnart glace de canard
900044,-1,unclustered,0.0,clnart glace de poulet
190099,-1,unclustered,0.0,clod combo
18061014,-1,unclustered,0.0,"clod heart, ibp (ch)"
13023694,311,cluster_311,0.8206619568042179,"clod shoulder xt, aurora (ch)"
13021201,311,cluster_311,0.7462615889986544,"clod shoulder xt, creekstone (prime)"
13025763,311,cluster_311,0.6865895779031445,"clod shoulder xt, est 8 angus (ch_angus)"
13021002,311,cluster_311,0.8887076028792454,"clod shoulder xt, greateromaha (cangus)"
13021004,311,cluster_311,1.0,"clod shoulder xt, greateromaha (ch)"
13021001,311,cluster_311,0.7984393813769678,"clod shoulder xt, greateromaha (prime)"
13021012,311,cluster_311,0.8887076028792454,"clod shoulder xt, ibp (cangus)"
13021014,311,cluster_311,1.0,"clod shoulder xt, ibp (ch)"
13021013,311,cluster_311,0.7254229769820933,"clod shoulder xt, ibp star ranch (ch_ang"
13021162,311,cluster_311,0.8071916617207007,"clod shoulder xt, iowa premium (cangus)"
13021164,311,cluster_311,0.797897982998823,"clod shoulder xt, iowa premium (ch)"
13021022,311,cluster_311,0.9255457299517231,"clod shoulder xt, national (cangus)"
13021024,311,cluster_311,0.9734378197951526,"clod shoulder xt, national (ch)"
13021876,311,cluster_311,0.7217262836114136,"clod shoulder xt, nebraska gold (n/r)"
13021144,311,cluster_311,1.0,"clod shoulder xt,westernreserve (ch)"
13021143,311,cluster_311,1.0,"clod shoulder xt,westernreserve (ch/cang"
13011056,311,cluster_311,0.92453907634144,"clod shoulder, afg (nr)"
13021055,311,cluster_311,0.8154309926568382,"clod shoulder, afg (sel)"
13011204,-1,unclustered,0.0,"clod shoulder, creekstone (choice)"
13011000,-1,unclustered,0.0,"clod shoulder, greateromaha (hereford)"
13013556,-1,unclustered,0.0,"clod shoulder, heartland (n/r)"
13031024,311,cluster_311,0.9255457299517231,"clod shoulder, national (ch)"
124005,-1,unclustered,0.0,"clod tender peeled, ch, 10#a"
124003,-1,unclustered,0.0,"clod tender, ch"
124004,-1,unclustered,0.0,"clods beef, ch"
83820,29,cluster_29,1.0,closed- peanut butter *hunsty* 6/5
78061789,-1,unclustered,0.0,cobia diced netuno (10#)
78051789,-1,unclustered,0.0,"cobia, iwp fillet 1-3lb; netuno 20#"
78054369,-1,unclustered,0.0,"cobia, portion ivp, rtl panamei (10/1#)"
95152,-1,unclustered,0.0,coca cola mexico 12oz small only
95150,-1,unclustered,0.0,coca cola mexico 16.9oz large only
906175,-1,unclustered,0.0,cocktail juice tomato 8/64oz
910410,-1,unclustered,0.0,cocktail mix sweet & sour 4/1gal
82440,-1,unclustered,0.0,coco king coconut milk small case
31290,-1,unclustered,0.0,coconut (fresh)
538815,-1,unclustered,0.0,coconut breaded shrimp-16/20ct-4/3#
30337019,-1,unclustered,0.0,coconut cream lopez 24/15oz
96031,190,cluster_190,0.9266325856108562,coconut milk
83333,190,cluster_190,0.9282418581527426,coconut milk *chaokoh* 24/13.5oz
970410,-1,unclustered,0.0,coconut wat ouc 12/10.8-oz can
71011669,-1,unclustered,0.0,"cod 2-3oz, harvest (10/1#)"
71011251,887,cluster_887,0.970102642294954,"cod breaded fillet 4oz, (10#)"
71085829,508,cluster_508,1.0,"cod fillet, sknls sea best (12/1#)"
71021529,862,cluster_862,1.0,"cod loin 3oz, pacific (10#)"
71039989,-1,unclustered,0.0,"cod loin 4oz, (100-120g), atlantic (11#)"
71019980,862,cluster_862,1.0,"cod loin 4oz, pacific (10#)"
71049989,-1,unclustered,0.0,"cod loin 6oz, (160-180g), atlantic (11#)"
71079989,862,cluster_862,0.974621322224079,"cod loin 6oz, pacific (10#)"
71059989,862,cluster_862,0.9338840187239894,"cod loin 7oz, pacific (10#)"
71062389,862,cluster_862,0.9338840187239894,"cod loin 8oz, pacific (10#)"
71014759,861,cluster_861,1.0,"cod loin, 4oz pacific, hook&barrel (10#)"
71074759,861,cluster_861,1.0,"cod loin, 6oz pacific, hook&barrel (10#)"
71054759,861,cluster_861,0.9250205394076542,"cod loin, 7oz pacific, hook&barrel (10#)"
71064759,861,cluster_861,1.0,"cod loin, 8oz pacific, hook&barrel (10#)"
207900035,-1,unclustered,0.0,"cod loin, iceland 4oz (10#)"
207900030,-1,unclustered,0.0,"cod loin, iceland 8oz (10#)"
207900037,862,cluster_862,1.0,"cod loin, pacific 3oz (10#)"
207900032,862,cluster_862,1.0,"cod loin, pacific 4oz (10#)"
207900036,862,cluster_862,0.9679188510287671,"cod loin, pacific 6oz (10#)"
207900038,862,cluster_862,0.853665266636675,"cod loin, pacific 8oz (10#)"
207900034,262,cluster_262,1.0,"cod loin, tempura battered par fried 10#"
71074369,-1,unclustered,0.0,"cod portion, ivp rtl, panamei (20/1#)"
71071529,-1,unclustered,0.0,"cod portions 4oz, blumaris (10#)"
207900031,-1,unclustered,0.0,"cod sandwich cut, iceland 3.5oz (10#)"
71014769,-1,unclustered,0.0,"cod, ch boned cristobal, (24/1#)"
71011699,887,cluster_887,0.9400326055627588,"cod, fillet 8/16oz aquanita (1-10#)"
12135414,-1,unclustered,0.0,code 1231514
99990001,-1,unclustered,0.0,cold storage/overwrite description
50131910,-1,unclustered,0.0,collard green 24ct
40302600,-1,unclustered,0.0,"collars boneless, pork aurora"
COL,-1,unclustered,0.0,collect
99996,-1,unclustered,0.0,chicken b/s breast (tyson) frozen!!
920209,-1,unclustered,0.0,comfort food carton
84310,-1,unclustered,0.0,concentrate cooking tamarind 24/16
85281,-1,unclustered,0.0,condensed milk *black & white*
85282,-1,unclustered,0.0,condensed sweet milk [tub] 25#
101278,-1,unclustered,0.0,cont 7in aluminum rnd 500ct
101274,-1,unclustered,0.0,cont 9-in aluminum rnd 500ct
1012579,157,cluster_157,1.0,cont deli clr 16oz 240ct combo
1012575,157,cluster_157,1.0,cont deli clr 16oz 500ct
1012576,157,cluster_157,0.9869408870651966,cont deli clr 32oz 500ct
1012574,157,cluster_157,1.0,cont deli clr 8oz 240ct combo
101271,157,cluster_157,0.808111133587195,cont deli clr w/lid 32oz
99540,-1,unclustered,0.0,cont foam 5 sandwch 4/125ct
99526,163,cluster_163,0.32711036301819985,cont foam 6 sandwch 500 ct
1012596,163,cluster_163,1.0,cont foam 8x7x2 med 1-com 200 ct
101258B,163,cluster_163,1.0,cont foam 8x8x2 med 1-comp 200 ct
101258M,163,cluster_163,1.0,cont foam 8x8x3 med 3-comp 200 ct
101273,163,cluster_163,0.3133601146761064,cont foam 9 1/4 x6 3/8 x2 7/8
101264,-1,unclustered,0.0,cont foam 9x5x3 hoggie 99ht1 dart
101259B,163,cluster_163,0.6470886254058786,cont foam 9x6 med 1-comp 200 ct 206
1012581,163,cluster_163,0.3653916929169992,cont foam 9x6x2 -1comp 200ct 205ht1
101258A,163,cluster_163,0.430021865817663,cont foam 9x9x3 lg 1-comp 200 ct
101258,163,cluster_163,0.4465367146839283,cont foam 9x9x3 lg 3-comp 200 ct
1012583,156,cluster_156,0.7550894494977582,cont foam tray white 2/200ct 8p
1012585,156,cluster_156,0.8410241834510443,cont foam tray white 400ct 2p
1012595,156,cluster_156,0.7085600654939883,cont foam tray white 400ct 4phd
1012572,156,cluster_156,1.0,cont foam tray white 500ct 2s
1012591,156,cluster_156,0.8410241834510443,cont foam tray white 500ct 4p
1012582,156,cluster_156,1.0,cont foam tray white 500ct 4pr
1012580,156,cluster_156,1.0,cont foam tray white 500ct 4s
99244,-1,unclustered,0.0,cont rnd 1/2 gal berry 200ct
99245,-1,unclustered,0.0,cont rnd 1gal berry 100ct
620081,-1,unclustered,0.0,cook`s smoked 3x3 ham portions
749995,-1,unclustered,0.0,cook`s/sherwood smoked 1/2 hams
44061,-1,unclustered,0.0,cooked beef intestines bronco meat
44060,-1,unclustered,0.0,cooked beef sml intestinestripitas
82560,-1,unclustered,0.0,cooking michiu 4 x 3 liters (101oz)
84508,-1,unclustered,0.0,copy paper 8.5x11 20# bright white
390627,352,cluster_352,1.0,"cordon bleu, pierre, 12/39oz"
215509,352,cluster_352,1.0,cordon-bleu 28/5oz
906035,192,cluster_192,0.9290974011787244,corn & green chilie bisque soup
15110510,-1,unclustered,0.0,corn beef hash 4/12lb /cs
80273,207,cluster_207,1.0,corn cut golden kernel 12/15oz cans
80272,207,cluster_207,1.0,corn cut golden-z kernel 12/2.5#
96294740,-1,unclustered,0.0,"corn cut, mambo (6x2#)"
71208,-1,unclustered,0.0,corn dog 1/10
20700,-1,unclustered,0.0,corn dog 12/16oz tray
20702,342,cluster_342,0.6940685900508349,corn dog chicken bulk 10#
20703,-1,unclustered,0.0,corn dog chicken bulk 4/1 18#
38459960,342,cluster_342,0.6871349086687206,corn dogs
38123000,342,cluster_342,0.7208528180087653,corn dogs -10lb cs
97245740,342,cluster_342,1.0,"corn dogs beef 8ct, bar s (12/1.5#)"
97335740,342,cluster_342,0.766353221601955,"corn dogs chuck wagon, bar s (4/40oz)"
97165740,342,cluster_342,1.0,"corn dogs classic 14ct, bar s (8/2.34#)"
97215740,342,cluster_342,1.0,"corn dogs classic 8ct, bar s (12/1.34#)"
952521,-1,unclustered,0.0,corn husk 24/1#
82700,-1,unclustered,0.0,corn husks (hojas p/tamales) 24x1
85270,207,cluster_207,1.0,corn kernel 12/2.5# (brown box)
82660,-1,unclustered,0.0,corn maize starch 55# *sunar*
95251B,-1,unclustered,0.0,corn meal yel 50# bag
97103111,-1,unclustered,0.0,corn oil mazola gallons
80270,-1,unclustered,0.0,corn on the cob 48ct-z
80269,-1,unclustered,0.0,corn on the cob 96ct-z
82601,-1,unclustered,0.0,corn starch (individual ) 3lb
82600,206,cluster_206,0.7525388921696815,corn starch - 50#
80271,-1,unclustered,0.0,corn sweet whl in husk 48ct
120770599,-1,unclustered,0.0,corned beef brisket flatsgrobbel(10pc)
12012670,991,cluster_991,1.0,corned beef brisket points
120760599,991,cluster_991,1.0,corned beef brisket points grobbel(11pc)
190029,-1,unclustered,0.0,"corned beef eye-rind, ckd, dan`s"
12022670,-1,unclustered,0.0,"corned beef flat, o`connell`s"
190027,-1,unclustered,0.0,"corned beef ground, ckd"
190014,-1,unclustered,0.0,"corned beef round, shamrock"
190015,-1,unclustered,0.0,"corned beef, ckd, shred, boyles"
190024,-1,unclustered,0.0,"corned beef, sliced, private label"
91169000,-1,unclustered,0.0,corned bf hash chef-mate 6/#10
9116899,-1,unclustered,0.0,corned bf hash henj 4/12#-z
22059465,360,cluster_360,1.0,cornedbf ckd oco brisk-slcd 10/3#
220605,360,cluster_360,0.8378413128253875,cornedbf ckd syg brisk 1stcut 3/4#
220606,360,cluster_360,0.9069343286405868,cornedbf ckd syg brisk deli 2-3/24#
220633,360,cluster_360,1.0,cornedbf ckd syg brisk hri 2-3/23#
2202916,360,cluster_360,1.0,cornedbf ckd syg brisk-xck 2-3/24#
1832642,-1,unclustered,0.0,cornedbf ckd thm top round 2/8#
1832712,360,cluster_360,1.0,cornedbf ckd thm-brisk1st 5#
220615,-1,unclustered,0.0,cornedbf ckd v br flat 18500 2/18#
220602,360,cluster_360,1.0,cornedbf ckd-z cro brisk-48201 3/9#
2206910,360,cluster_360,1.0,cornedbf ckd-z oco brisk 50018 5/6#
1832710Z,360,cluster_360,1.0,cornedbf ckd-z thm brisk 2/8#
1832712Z,360,cluster_360,1.0,cornedbf ckd-z thm-brisk1st 2/5#
1832642Z,-1,unclustered,0.0,cornedbf ckd-z thm-top-rnd 2/8#
220612,360,cluster_360,1.0,cornedbf ckd-z v018471 brisk 5/4#
22059001,361,cluster_361,1.0,cornedbf-raw bea brisk reg 4/17#
22060810,362,cluster_362,1.0,cornedbf-raw bea flat-ret 10/3.5#
22059005,361,cluster_361,1.0,cornedbf-raw oco brisk reg
22060811,362,cluster_362,1.0,cornedbf-raw oco flat-ret 10/3.5#
22062O,361,cluster_361,1.0,cornedbf-raw olf brisk reg 1101 40#
22063678,362,cluster_362,1.0,cornedbf-raw olf-ret flat 12/3#
22062676,-1,unclustered,0.0,cornedbf-raw olf-ret points 12/3#
1832711,361,cluster_361,1.0,cornedbf-raw thm brisk 2/9#
1832717,361,cluster_361,1.0,cornedbf-raw thm-brisk1st-hlv 8/2#
22065C,361,cluster_361,0.9427502525347918,cornedbf-raw vie brisk-18100 45#
22059001,361,cluster_361,1.0,cornedbf-raw bea brisk reg 4/17#
220627,361,cluster_361,0.8643024265069459,cornedbf-raw-z ibp brisk 40#
2206211,361,cluster_361,0.842034025132089,cornedbf-raw-z oco brisk barrel
22059006,361,cluster_361,1.0,cornedbf-raw-z syg brisk 15#
1832711,361,cluster_361,1.0,cornedbf-raw thm brisk 2/9#
1832717Z,361,cluster_361,1.0,cornedbf-raw-z thm-brisk1st-hlv8/2#
220651,361,cluster_361,1.0,cornedbf-raw-z vie brisk 18100 45#
363201,675,cluster_675,1.0,"cornish game hen, 20oz"
363200,675,cluster_675,0.9933974868049613,"cornish game hen, split, 20oz"
10010,675,cluster_675,1.0,cornish game hens 16/20oz
363241,675,cluster_675,1.0,"cornish game hens, 24oz"
363242,675,cluster_675,0.8289814838405516,"cornish game hens, split, 24oz"
19054,675,cluster_675,0.754714076245332,cornish hen 20-oz 16-ct chef-93520
19061P,675,cluster_675,0.8123000723036525,cornish hen 24-oz 16-ct per-35824
99999948,675,cluster_675,0.9618895937412996,cornish hen chef`s choice 16pcs/24oz (24
19094A,675,cluster_675,0.6757979947444935,cornish hen slvd bnls h-cut 24oz
10011,-1,unclustered,0.0,cornish hen ty tp
99999949,675,cluster_675,1.0,cornish hen tyson 16oz/24pcs
52019984,675,cluster_675,0.8319889809776218,"cornish hen, 16/24oz chef`s choice (24#)"
52012960,675,cluster_675,0.8244928673992776,"cornish hen, 16/24oz, perdue (24#)"
52211010,675,cluster_675,1.0,"cornish hen, 24/16oz sigles, tyson (24#)"
52011010,675,cluster_675,1.0,"cornish hen, 24/18oz, tyson (27#)"
58021010,675,cluster_675,0.7763473415048855,"cornish hen, twinpk 12/20oz, tyson (30#)"
SP1600,-1,unclustered,0.0,cornish hens - whole
29097518,675,cluster_675,1.0,cornish hens 18oz/24pc tyson
29097565,675,cluster_675,1.0,cornish hens 24oz/16pc
29200420,-1,unclustered,0.0,cornish hens stuffed with rice
363248,675,cluster_675,0.5495344119403697,"cornish hens, 2pc packs, tyson"
363003,-1,unclustered,0.0,"cornish hens, kosher rock"
SP16001,-1,unclustered,0.0,cornish hens-split* orderwhole
AOL00010,-1,unclustered,0.0,coronavirus meat pack
86613,-1,unclustered,0.0,cosentino`s chorizo seasoning mix
86670,637,cluster_637,1.0,cosentino`s hot italian sausage szn
86680,637,cluster_637,1.0,cosentino`s mild italian sausage sz
97469740,-1,unclustered,0.0,"cotto salami, bar s (12/1lb))"
97445740,-1,unclustered,0.0,"cotto salami, bar s (16/12oz)"
SP195,-1,unclustered,0.0,country fry steak/beef pat 3oz
99999,-1,unclustered,0.0,blank
21050B,-1,unclustered,0.0,crab blue clean whl 20#-z
71205,-1,unclustered,0.0,crab cake 12/6oz
210539,385,cluster_385,1.0,crab claw dung clstr 20#-z
210548,385,cluster_385,1.0,crab claw dung clstr 4-5 30#-z
210546,385,cluster_385,1.0,crab claw dung clstr 5-8 30#-z
71202,407,cluster_407,1.0,crab claw meat 12/8oz
210538,-1,unclustered,0.0,crab claws 5-9ct 10/2#-z
77044360,-1,unclustered,0.0,"crab jonah, claw/arm 5-6ct panamei 10/2#"
210512,385,cluster_385,0.9318196176607705,crab legs dung 25#-z
210513,384,cluster_384,1.0,crab legs king 16-20 20#-z
21050230,384,cluster_384,1.0,crab legs snow 8+ 30#-z
210547,384,cluster_384,0.9904430959148754,crab legs snow clstr ckd 5-8oz-z
21053S,384,cluster_384,1.0,crab legs snow clstr ckd 5-8oz30#-z
21059,-1,unclustered,0.0,crab meat imit flake-z 30/1#
21052,-1,unclustered,0.0,crab meat imit flakes -z 12/2.5#
77035690,-1,unclustered,0.0,"crab meat, claw can, chicken of the 12/1"
77035730,407,cluster_407,1.0,"crab meat, claw can, gulf shore (12/1#)"
77034360,-1,unclustered,0.0,"crab meat, claw can, panamei (12/1#)"
550825,-1,unclustered,0.0,crabjoy imitation crab flakes-8/2.5#
553563,408,cluster_408,0.9649747180007637,crabjoy imitation crab leg-10/1.5#
902701,-1,unclustered,0.0,crackers saltines 500ct
21060018,-1,unclustered,0.0,crawfish ckd
78089989,731,cluster_731,1.0,crawfish cooked 16-22 (2/5#)
78085219,731,cluster_731,0.944375992369944,crawfish cooked 16-22 nature`s seas 2/5#
78084360,-1,unclustered,0.0,"crawfish whl ckd, 18/27ct panamei (10/2)"
85000,-1,unclustered,0.0,cream cheese 10/3 *pauly* long box
85003,-1,unclustered,0.0,cream cheese bulk *pauly* bola 30#
30337018,-1,unclustered,0.0,cream heavy whip qt 12-16ct
900290,183,cluster_183,0.667639555701679,cream of carrot soup
902610,-1,unclustered,0.0,cream of mushroom soup-canned
86020,27,cluster_27,1.0,creamy frying shortening - cmc
83640,-1,unclustered,0.0,creamy peanut butter *hunsty*
628826,-1,unclustered,0.0,creamy pick beer cheese brat 4-1
625567,-1,unclustered,0.0,creamy pig brat 4-1
240013,-1,unclustered,0.0,creekstone b-in pork loin case lot
143090,-1,unclustered,0.0,creekstone chefs table ch psmo
85173,143,cluster_143,1.0,crema mexicana lala 12/16oz
85176,143,cluster_143,1.0,crema salvadorena ricura 14oz med
85175,143,cluster_143,1.0,crema salvadorena ricura 30oz large
390624,-1,unclustered,0.0,"crispy bread chicken strips, ckd, foster"
24350,-1,unclustered,0.0,crispy chow mein *golden bowl*
78091789,-1,unclustered,0.0,"croaker, h&g 8-16oz netuno 25#"
78094369,-1,unclustered,0.0,"croaker, h&g 8-16oz, (25#)"
90270135,-1,unclustered,0.0,croissant-z 3 oz 45ct
90270136,-1,unclustered,0.0,croissant-z 4 oz 30ct
83230,288,cluster_288,1.0,crushed dry chili 30# - (case)
83200,288,cluster_288,0.961568661482795,crushed dry chili 5# each
24993,-1,unclustered,0.0,crushed tomatoes 6/5
621735,-1,unclustered,0.0,cti cooked pork sausage patty-30#
97426030,-1,unclustered,0.0,"ctry sge links sknlss,6/2,purnells (12#)"
97436030,-1,unclustered,0.0,"ctry sge patties hot,6/38,purnells(14.25"
97446030,-1,unclustered,0.0,"ctry sge patties m,6/38,purnell`s(14.25#"
53079980,-1,unclustered,0.0,"cubed chicken pieces, (40#)"
96705880,-1,unclustered,0.0,"cubed ham, kentucky legend 8oz (6#)"
31270,-1,unclustered,0.0,cucumber 24ct small case
5050210,115,cluster_115,0.858357233168926,cucumber med 24 ct
50120124,-1,unclustered,0.0,cucumbers seedless med 12ct
40244890,-1,unclustered,0.0,cueritos botaneros el gallito (12/1#)
144013,467,cluster_467,0.6247370449056153,"culotte, fat on, ch"
144009,-1,unclustered,0.0,"culotte, peeled, ch"
144003,586,cluster_586,0.35366589809957805,"culotte/bistro steak, ch"
144087,586,cluster_586,1.0,"culotte/bistro steak, ch, 10oz"
144061,586,cluster_586,1.0,"culotte/bistro steak, ch, 6oz"
144081,586,cluster_586,1.0,"culotte/bistro steak, ch, 8oz"
930099801,-1,unclustered,0.0,"culver, b grade, duck"
22080176,-1,unclustered,0.0,cumin ground 5#
85600,45,cluster_45,1.0,cumin powder [case] 30#
35601,45,cluster_45,1.0,cumin powder case 55#
22080174,-1,unclustered,0.0,cumin whl 5#
96043,161,cluster_161,0.9753952340119812,cup 01 oz pir 50/50ct
96027,161,cluster_161,1.0,cup 01 oz pro souf 50/50ct
960271,161,cluster_161,0.907279712498765,cup 01 oz souf 10/250 cs dart
96038,161,cluster_161,1.0,cup 01 oz souf 10/250ct**
960321,161,cluster_161,0.9111695978574638,cup 02 oz souf solo 20/125 cs dart
960326,161,cluster_161,0.907279712498765,cup 04 oz souf solo 2500 ct dart
96036,161,cluster_161,0.9111695978574638,cup 1.5 oz souf solo 20/125 cs
96025P,161,cluster_161,1.0,cup 3.25 oz souf 50/50ct
96034,166,cluster_166,1.0,cup foam 06 oz 6j6
960248,167,cluster_167,1.0,cup foam 08 oz 8j8 dart 40/25ct
960245,165,cluster_165,1.0,cup foam 08 oz 8sj20 squat dart
96024F,165,cluster_165,1.0,cup foam 08 oz squat 8sj32 dart 5c
96024,165,cluster_165,1.0,cup foam 12 oz squat 12sj20 dart
96021223,164,cluster_164,1.0,cup foam 12j12 dart 1000ct
96021222,164,cluster_164,1.0,cup foam 12j16 dart
96024C,167,cluster_167,1.0,cup foam 16 oz 16j16 dart 40/25cs
96025C,167,cluster_167,1.0,cup foam 16 oz 16mj20 dart 500pc
96033,166,cluster_166,1.0,cup foam 20 oz 20j16 500 ct
96033044,164,cluster_164,1.0,cup foam 24j16 dart 500 ct
96027C32,166,cluster_166,1.0,cup foam 32 oz 32tj32
960246,-1,unclustered,0.0,cup foam soup 08 oz 8sj20 dart
9602748,-1,unclustered,0.0,cup foam soup 32 oz 32mj48
96039,-1,unclustered,0.0,cup foam vented 04 oz 4j6
80016,-1,unclustered,0.0,cup for warehouse use only
96028,-1,unclustered,0.0,cup-4 carrier no handles
900007,-1,unclustered,0.0,curly`s ckd pot roast-36/8oz
720004,-1,unclustered,0.0,curly`s cooked roast beef
908448,192,cluster_192,1.0,curried rice & lentil soup-4/8#
93121133,-1,unclustered,0.0,curry irish buckets
83280,45,cluster_45,1.0,curry powder (case) sell by case
47061010,1041,cluster_1041,1.0,"cushion meat cov, ibp"
47061920,-1,unclustered,0.0,"cushion meat cov, prestage"
47061980,-1,unclustered,0.0,"cushion meat cov, smithfield"
90700,-1,unclustered,0.0,custard bun (b-07)
85251,-1,unclustered,0.0,cutlery kit
995331,-1,unclustered,0.0,cutlery kit combo med white
2971,-1,unclustered,0.0,cvp 8pc (2.5-2.75) 16hd/cs ice
96018,172,cluster_172,0.9958273645855372,d&g cream soda
96016,-1,unclustered,0.0,d&g ginger beer brown bottle
96020,172,cluster_172,1.0,d&g grape soda
96022,-1,unclustered,0.0,d&g kola champagne
96019,172,cluster_172,1.0,d&g orange soda
96021,172,cluster_172,1.0,d&g pineapple ginger soda
96023,172,cluster_172,1.0,d&g pineapple soda
740205,-1,unclustered,0.0,daily`s smoked pit hams-1pc
84005,-1,unclustered,0.0,daisy sour cream 16 oz
720210,425,cluster_425,1.0,dan`s ckd beef pot roast
620001,425,cluster_425,1.0,dan`s ckd italian roast beef
620002,425,cluster_425,1.0,dan`s ckd roast beef
720003,425,cluster_425,0.6669191177151904,dan`s prize misc. roast beef
207900009,425,cluster_425,0.659903498496749,dan`s prize precooked pork roast
21205,-1,unclustered,0.0,dearborn deli hams 2pc #3516
21210,-1,unclustered,0.0,dearborn natural casing frank 8-1 #1052
21211,-1,unclustered,0.0,dearborn natural casing frank 8-1 #7039
21200,-1,unclustered,0.0,dearborn old fashion hams 20up 2pc
21209,-1,unclustered,0.0,dearborn smoked ham shanks #3534
99127944,-1,unclustered,0.0,dee amore twice baked loaded(8-10oz)
999999999,-1,unclustered,0.0,default pricing product
9999999,-1,unclustered,0.0,default product for pricing
96031,57,cluster_57,1.0,coconut milk
99915016,57,cluster_57,1.0,degreaser hd zac 4/1gal
99915014,57,cluster_57,1.0,degreaser hd zac 5gal
41552210,-1,unclustered,0.0,deli sliced ham buddig
12345,-1,unclustered,0.0,delivery charge - .08
900010,31,cluster_31,1.0,demi glace de porc 16#tub
900017,31,cluster_31,1.0,demi glace de poulet 16#tub
900006,31,cluster_31,1.0,demi glace de veau 16#tub
99916,65,cluster_65,1.0,detergent dish pal 4/1 gal
99922,65,cluster_65,1.0,detergent dish zac 4/1 gal
99915013,65,cluster_65,1.0,detergent dish zac liq 5gal
90466157,170,cluster_170,0.6195212773576004,dev spinach puff 8-oz
95420,-1,unclustered,0.0,diana platanitos 24/2.4oz
96695880,-1,unclustered,0.0,"dice ham, kentucky legend 12/8oz (6#)"
49002120,-1,unclustered,0.0,diced pork
190055,139,cluster_139,1.0,"dinner loaf patty, quality ckd"
20969020,-1,unclustered,0.0,dino mature whole body chicken
94685080,608,cluster_608,1.0,divine cocina beef soya meat 12/6.5oz
94605080,608,cluster_608,1.0,divine cocina chicken soya meat 12/6.5oz
94695080,608,cluster_608,1.0,divine cocina natural soya meat 12/6.5oz
94615080,608,cluster_608,0.9833045049799052,divine cocina seafood soya meat 12/6.5oz
363240,-1,unclustered,0.0,do not use
ZZZ90302,277,cluster_277,1.0,do not use beans dry pinto frijoles 100#
ZZ10436R,-1,unclustered,0.0,do not use bf fat tallow col 50#
ZZ31514,79,cluster_79,0.8295336768623333,do not use eggs jum 12 dz aa cart
9931536,79,cluster_79,0.935535826775262,do not use eggs lrg 15 dz aa loose
ZZ31516,79,cluster_79,0.935535826775262,do not use eggs xlg 15 dz cart aa
952530TP,-1,unclustered,0.0,do not use flour top white 50# bag
ZZ50152,-1,unclustered,0.0,do not use pepper chile morita 5#
ZZ902710,135,cluster_135,0.7284823723833946,do not use pita bread 6-in
70242TP,-1,unclustered,0.0,do not use pizza puff el greg beef
ZZ90274,89,cluster_89,0.7830842378304059,do not use salt 25#
ZZ95035A,89,cluster_89,0.886093675197182,do not use seasoning salt 50#
93289,37,cluster_37,1.0,do not use shorten cube av blue 50#
29098000,16,cluster_16,0.4949715387427122,do not use use 29097518
ZZ95259,-1,unclustered,0.0,do not usebreading lem pep fry krisp 25#
Z0346032,-1,unclustered,0.0,do not usejalapeno pep slcd la cos 6/#10
9406610,-1,unclustered,0.0,dolmades stuffed grape leaf ath
420160,672,cluster_672,1.0,domest lamb shank 16-24oz cs
421012,-1,unclustered,0.0,domestic lamb neck
420161,-1,unclustered,0.0,domestic lamb shank 16-24oz
99,-1,unclustered,0.0,donation
51054,-1,unclustered,0.0,double baked potato
85450,-1,unclustered,0.0,double black soy sauce *koon chun*
84490,128,cluster_128,1.0,double horse rice stick - large 5cm
84420,128,cluster_128,1.0,double horse rice stick - medium 3cm
84500,128,cluster_128,1.0,double horse rice stick - xl 10cm
620082,-1,unclustered,0.0,double smoked bacon
31580,-1,unclustered,0.0,dragon fruit 6 ct
82390,-1,unclustered,0.0,dried black fungus strip 5#/bag each
83212,288,cluster_288,1.0,dried chili arbol w/o stem 25#/case
83123,288,cluster_288,0.9859140409565438,dried chili arbol w/o stem 5#
83213,288,cluster_288,0.9859140409565438,dried chili pasilla ( 5#/bag )
83219,288,cluster_288,1.0,dried chili pasilla 25#/bag
82420,88,cluster_88,1.0,dried mushroom - 5# each
9114847,-1,unclustered,0.0,drink mix bloody mary 12/32oz
91148474,-1,unclustered,0.0,drink mix lem 12/20oz crt
89001,-1,unclustered,0.0,drink mix swt & sour dj
93661845,-1,unclustered,0.0,drs catalina 4/1 gal
57001640,890,cluster_890,1.0,"drumstick jumbo, chicken amick (40#)"
57001280,890,cluster_890,1.0,"drumstick jumbo, chicken kochfoods (40#)"
57003390,890,cluster_890,1.0,"drumstick jumbo, chicken mountaire (40#)"
57001360,890,cluster_890,1.0,"drumstick jumbo, chicken peco (#40)"
57001220,890,cluster_890,1.0,"drumstick jumbo, chicken pilgrims (40#)"
57001340,890,cluster_890,1.0,"drumstick jumbo, chicken waynefarms (40#"
57101340,890,cluster_890,0.8058166837854671,"drumstick jumbo, chicken waynefarms 8/5#"
57004130,-1,unclustered,0.0,"drumstick jumbo, hor (40#)"
57019980,890,cluster_890,1.0,"drumstick small, chicken (40#)"
57014930,890,cluster_890,1.0,"drumstick small, chicken gerber (40#)"
57015540,890,cluster_890,1.0,"drumstick small, chicken miller (40#)"
57011220,890,cluster_890,1.0,"drumstick small, chicken, pilgrim`s 40#"
57005540,-1,unclustered,0.0,"drumstick, 3s t/p, organic, miller"
57001040,890,cluster_890,0.8797353732211167,"drumstick, chicken sanderson (40#)"
57001010,-1,unclustered,0.0,"drumstick, chicken tyson co2 (40#)"
57004800,-1,unclustered,0.0,"drumstick, t. p., delta sunrise 12/1.75"
57009980,644,cluster_644,1.0,"drumstick, tray pack, chicken"
57021010,644,cluster_644,1.0,"drumstick, tray pack, chicken tyson"
67001080,1046,cluster_1046,0.9254825185040161,"drumstick, turkey, cooper farms"
67004310,1046,cluster_1046,0.9457666645645856,"drumstick, turkey, michigan turkey (30#)"
67009980,1046,cluster_1046,1.0,"drumstick, turkey, tom, (30#)"
67001010,1046,cluster_1046,0.9968924288663417,"drumstick, turkey, tom, tyson hillshire"
190093,-1,unclustered,0.0,dry age white fat
96042,-1,unclustered,0.0,dry jerk seasoning
11210,211,cluster_211,1.0,duck - h/on buddhist duck i/p 6.0#
11015,211,cluster_211,1.0,duck - h/on f/on 5.0# buddhist cov
11017,368,cluster_368,0.9408423660818039,duck - h/on feet on 5.5/6.0 culver
11016,211,cluster_211,1.0,duck - head on feet on buddhist 4.5
11010,368,cluster_368,0.9707607952716003,duck - head on feet on cov ind 5.5#
11211,-1,unclustered,0.0,duck - head-on duck 6.0# bulk culvr
42100350,369,cluster_369,1.0,"duck 3.50 # 6/cs grade ""a"""
42100410,369,cluster_369,1.0,"duck 4.0# 6/cs grade ""a"""
42300550,-1,unclustered,0.0,duck 4.25-5.75# fresh
42100500,369,cluster_369,0.994788154515448,"duck 5# grade ""a"""
42100560,369,cluster_369,1.0,"duck 5.50# 6/cs grade ""a"""
42100400,369,cluster_369,0.994788154515448,"duck 8/cs grade ""a"""
392208,504,cluster_504,0.9931347860472992,"duck bacon, 20/8oz, maple leaf"
42224200,368,cluster_368,0.9899594996542603,duck boneless pieces
42100056,368,cluster_368,0.9899594996542603,duck bones
382300,368,cluster_368,0.9535188515705305,"duck bones, 30#"
19584,-1,unclustered,0.0,duck bones/carcasses cul 30#
10580,371,cluster_371,1.0,duck br bnl cul 05-06-oz 6/4p 10#
1058688,-1,unclustered,0.0,duck br bnl cul random 6/5#
1058630,372,cluster_372,1.0,duck br bnl jur 10-oz bfly 10/2p
1058616,372,cluster_372,1.0,duck br bnl jur 12-oz bfly 12p 9#
1058620,372,cluster_372,1.0,duck br bnl jur 22-oz bfly 10/2p
10548M,371,cluster_371,1.0,duck br bnl mlf 05-06-oz 11#
1957045,371,cluster_371,1.0,duck br bnl mlf 9.5-oz 12/2p 10#-z
1954710,-1,unclustered,0.0,duck br-meat jur 20# 97021
11140,455,cluster_455,1.0,duck breast bnls 8-9oz *culver*
42250212,386,cluster_386,1.0,duck breast bnls smoked
42250211,455,cluster_455,1.0,duck breast single bnls 81007
42555660,386,cluster_386,1.0,duck breast smoked 7oz natural
362006,198,cluster_198,1.0,"duck breast, large, maple leaf"
362004,198,cluster_198,1.0,"duck breast, med, maple leaf"
362008,198,cluster_198,1.0,"duck breast, small, maple leaf"
11120,-1,unclustered,0.0,duck breasts bnls 20pc keystone
310089,455,cluster_455,1.0,"duck breasts, lac brome, 10-12oz"
390112,-1,unclustered,0.0,"duck breasts, retail, 12/1pk"
362010,504,cluster_504,1.0,"duck brst, retail, 2pc pack, maple leaf"
11310,-1,unclustered,0.0,duck chitterlings - 8oz packs <jj>
42100550,-1,unclustered,0.0,duck confucian head on
19575,-1,unclustered,0.0,duck fat rend mlf tub 3/3.5#
42402020,275,cluster_275,1.0,duck fat rendered
11252,275,cluster_275,1.0,duck fat rendered 6/1 pint
382350,275,cluster_275,1.0,"duck fat, rendered, 3.5# tub"
382351,275,cluster_275,0.8836428709460088,"duck fat, retail rendered, 8/6oz"
332002,-1,unclustered,0.0,duck feet
11020,368,cluster_368,0.9899594996542603,duck feet bone in
42225000,-1,unclustered,0.0,duck foie-gras
11250,-1,unclustered,0.0,duck gizzards - bulk pack
42638900,-1,unclustered,0.0,duck ground
11003,-1,unclustered,0.0,duck halal 6.0# grade a
1956387,-1,unclustered,0.0,duck head w/0-tong cul 3/10#
11000,369,cluster_369,0.7759980715277591,duck headless - a grade (5.0#)
11004,369,cluster_369,0.6711065294164855,duck headless - a grade 5.0# culver
11002,369,cluster_369,0.6303347305991998,duck headless - a grade 5.5# 3 gen
11001,369,cluster_369,0.7759980715277591,duck headless grade a 6#
11011,369,cluster_369,0.6112728944756824,duck headless grade a {4 lb}
11251,-1,unclustered,0.0,duck heads
1956383,-1,unclustered,0.0,duck hearts cul 3/12#
362032,-1,unclustered,0.0,"duck hens, muscovy, 8/4#"
19520014,-1,unclustered,0.0,duck hlv-roasted cul 12/16-oz
19560111,446,cluster_446,1.0,duck leg bi cul ret 12/16-oz
1956530,-1,unclustered,0.0,duck leg bi jur 3/10p-vp 24#
1956534,-1,unclustered,0.0,duck leg bi jur-ret 8/2p 10#
19558,446,cluster_446,1.0,duck leg bi mlf 36/8-oz 18#
42280711,446,cluster_446,0.8592217866080123,duck leg confit b/out 20 lb/cs bnls
42390000,-1,unclustered,0.0,duck leg confit bone in 8 lb case
332080,446,cluster_446,0.9889544140681105,"duck leg confit, 8-10oz"
332081,-1,unclustered,0.0,"duck leg confit, retail, #3680216"
42250000,-1,unclustered,0.0,duck leg quarters
332082,-1,unclustered,0.0,"duck leg, maple leaf, 2pc pack"
19583010,446,cluster_446,1.0,duck leg-confit cul-ret 12/16-oz
1955892,-1,unclustered,0.0,duck leg-confit mlf bnl 5/2#
42520000,368,cluster_368,0.9922250301167331,duck legs boneless
11031,368,cluster_368,1.0,duck legs cov
332001,368,cluster_368,1.0,"duck legs, bi"
42224000,446,cluster_446,0.8245727660716947,duck legs-36 layer bi
42779500,599,cluster_599,0.9936314810914075,duck liver
1956385,599,cluster_599,1.0,duck liver jurg 5#
195621,599,cluster_599,1.0,duck liver mlf 5#
382651,599,cluster_599,1.0,"duck liver, 6/5# cs"
11253,-1,unclustered,0.0,duck livers
11190,-1,unclustered,0.0,duck necks
42630204,-1,unclustered,0.0,duck pate 4.5 lb. loaf
42351851,-1,unclustered,0.0,duck roasted halvs
42351061,-1,unclustered,0.0,duck roasted halvs rotisserie
85350,-1,unclustered,0.0,duck sauce 5 gallon/tub *wah yoan*
84890,126,cluster_126,1.0,duck sauce packets green panda
85340,-1,unclustered,0.0,duck sauce panda 5 gallon/tub
42631100,-1,unclustered,0.0,duck sausage-gourmet
42500000,-1,unclustered,0.0,duck tenderloins
11240,-1,unclustered,0.0,duck tongues 30# avg
19530006,370,cluster_370,1.0,duck wbd a jur 4.5# 6p 28#-z
19530008,370,cluster_370,1.0,duck wbd a jur 5.5# 6p 31#-z
19516,-1,unclustered,0.0,duck wbd a mlf 4.25-5.75# 6-ct
19514464,370,cluster_370,0.9448783283712149,duck wbd-hofo cul 4.80# 6ct
19521024,370,cluster_370,1.0,duck wbd-hofo cul 5.25#-ret 6ct
19514D,-1,unclustered,0.0,duck wbd-mature cul 6/4.5#
11180,-1,unclustered,0.0,duck wings - bulk pack
11181,-1,unclustered,0.0,duck wings cov retail keystonekatie
19590011,271,cluster_271,1.0,duck-jerky-cul maple 12/3-oz
19590010,271,cluster_271,1.0,duck-jerky-cul original 12/3-oz
19590012,271,cluster_271,1.0,duck-jerky-cul teriyaki 12/3-oz
362001,198,cluster_198,0.607475061924042,"ducks, med size, maple leaf"
1,-1,unclustered,0.0,"due to increse cost of labor ,packing ,"
451112,-1,unclustered,0.0,durham ranch ground venison-12/1#
85015,-1,unclustered,0.0,dutch farms american loaf 6/5#
85010,-1,unclustered,0.0,dutch farms american slices 120ct 4/5#
85025,-1,unclustered,0.0,dutch farms baby swis wheel 20#
20395,547,cluster_547,1.0,dutch farms bacon 12/1#
20397,547,cluster_547,1.0,dutch farms bacon applewood smoked 12/1#
85017,54,cluster_54,1.0,dutch farms colby jack minihorn 12#
85018,54,cluster_54,1.0,dutch farms colby minihorn 12#
85020,54,cluster_54,0.8362275753429286,dutch farms mild cheddar minihorn 12#
85016,54,cluster_54,0.8873419452873232,dutch farms pep marble jack minihorn 12#
85019,54,cluster_54,1.0,dutch farms pepperjack minihorn 12#
20396,547,cluster_547,1.0,dutch farms thick cut bacon 12/1#
95503850,-1,unclustered,0.0,e
40121010,841,cluster_841,0.9204213669759763,"ears pork, ibp 22.1#"
40121060,841,cluster_841,0.916923659230468,"ears pork, indiana"
40329980,841,cluster_841,0.9204213669759763,"ears, pork"
901135,-1,unclustered,0.0,echo lake french toast-13.5# box
34010,-1,unclustered,0.0,eckrich loaf p&p
621213,660,cluster_660,0.8926760613614808,eckrich smoked rope sausage-12/13oz
19999990,669,cluster_669,0.7812245824085686,edible beef blood - 4 gallons
92280400,-1,unclustered,0.0,egg hard boiled -184 pac
31640,-1,unclustered,0.0,egg liq yolk sugar 30#-z
24910,-1,unclustered,0.0,egg noodle -- baily (small) frozen
25010,456,cluster_456,0.8686433058232804,egg roll 3oz -pork 96 pc.-mickey
24070,33,cluster_33,1.0,egg roll skin (thick)-tung fa 7x7
25440,-1,unclustered,0.0,egg roll wrapper (7*7) -- west lake
92110000,-1,unclustered,0.0,egg yolks sugar
50120148,-1,unclustered,0.0,eggplant chinese 30#
25120,33,cluster_33,1.0,eggroll skin - baily 7x7 (regular)
24130,33,cluster_33,1.0,eggroll skin - baily 7x7 (thick)
24160,97,cluster_97,0.9072291228225022,eggroll wrapper red *golden bowl*
10900,78,cluster_78,1.0,eggs - large grade aa 15 dozen
10901,78,cluster_78,1.0,eggs 15 dozen l/xl aa
10901,78,cluster_78,1.0,eggs 15 dozen l/xl aa
31532,-1,unclustered,0.0,eggs brown 15-doz fmc lg cartoned
31532P,79,cluster_79,0.7605449830580931,eggs brown 15-doz fmc lg loose
31514,79,cluster_79,1.0,eggs jum 12 dz aa cart
31539A,79,cluster_79,0.9743672693120249,eggs jum 12 dz aa cart amish
3151476,79,cluster_79,0.9743672693120249,eggs jum 24 dz aa cart
31534,79,cluster_79,1.0,eggs lrg 15 dz aa cart org
31536,79,cluster_79,0.935535826775262,eggs lrg 15 dz aa loose
31517,79,cluster_79,0.9715834247767645,eggs lrg 15 dz cart aa amish
31516,79,cluster_79,1.0,eggs xlg 15 dz cart aa
92280301,79,cluster_79,0.7657161572708373,eggs/ large 12 dz /cs
92280300,79,cluster_79,0.8465423039763437,eggs/ large 15 dz /cs
83520,-1,unclustered,0.0,eggshade food color - (case)
457030,-1,unclustered,0.0,elk b trim
450031,-1,unclustered,0.0,elk patties 3-1
79113350,-1,unclustered,0.0,elk short ribs
456060,-1,unclustered,0.0,elk standard muscles shoulder jerky
140008,-1,unclustered,0.0,elk tenderloin
451031,-1,unclustered,0.0,elk w/madeira 5-1 sausage
622589,-1,unclustered,0.0,emerald city fresh polish
90278015,-1,unclustered,0.0,empanada fry dough wht 30/14-oz
96414740,-1,unclustered,0.0,"empanadas beef, argenti 4ct, mambo 8x12z"
84201,189,cluster_189,0.9776478214292069,empire elephant jasmine rice 25#
84200,189,cluster_189,1.0,breaded popcorn shrimp 70/90ct 20#
618181,-1,unclustered,0.0,empire kosher hot dogs
321008,-1,unclustered,0.0,empire kosher iqf chicken drumsticks
160777,-1,unclustered,0.0,empire kosher ribeye steaks-retail
84551,-1,unclustered,0.0,empty soy sauce dispenser -lkk
920285,-1,unclustered,0.0,end of summer griller
94555080,281,cluster_281,1.0,ep chicken chorizo 12/10oz
94725080,279,cluster_279,1.0,ep chicken sazon seasoning 12/13.5oz
94565080,279,cluster_279,1.0,ep chicken sazon seasoning 12/6.5oz
94655080,-1,unclustered,0.0,ep chocolate 12/7.5oz
94515080,281,cluster_281,1.0,ep chorizo beef vac pac 12/12oz
94535080,281,cluster_281,1.0,ep chorizo mild vac pac 12/12oz
94525080,281,cluster_281,1.0,ep chorizo orig vac pac 12/12oz
94505080,281,cluster_281,1.0,ep chorizo super picante vp 12/12oz
94625080,282,cluster_282,0.4810863241654492,ep longaniza 12/10oz
94675080,282,cluster_282,0.7506059498975652,"ep mole casero ""medium"" 12/16oz"
94755080,282,cluster_282,1.0,ep mole casero 12/10oz
74785080,282,cluster_282,1.0,ep mole casero 12/16oz
94745080,282,cluster_282,1.0,ep mole casero 24/8 oz
94715080,-1,unclustered,0.0,ep mole paste 12/8.5oz
94665080,282,cluster_282,0.46547498067045545,ep mole powder 12/4.5oz
94585080,279,cluster_279,0.7478736007996715,ep seafood seasoning 12/13.5 oz
94765080,279,cluster_279,0.7611009813110771,ep seafood seasoning 12/6.5oz
94735080,279,cluster_279,1.0,ep steak sazon seasoning 12/13.5oz
94575080,279,cluster_279,1.0,ep steak sazon seasoning 12/6.5oz
94545080,281,cluster_281,1.0,ep vegetarian mild chorizo 12/12oz
74775080,281,cluster_281,1.0,ep vegetarian picante chorizo 12/12oz
50125,-1,unclustered,0.0,epazote 24ct
44009980,124,cluster_124,0.8783763219152815,espinazo (spine) skin-off (boxed)
44062080,124,cluster_124,0.9398648772457187,espinazo (spine) skin-off dekalb
44069990,124,cluster_124,1.0,espinazo (spine) skin-off moesle
44062010,124,cluster_124,1.0,espinazo (spine) skin-off morris
44064160,124,cluster_124,1.0,espinazo (spine) skin-off peoria
44072080,124,cluster_124,0.8248457050842952,espinazo (spine) skin-on dekalb
44072010,124,cluster_124,0.9962487321485701,espinazo (spine) skin-on morris
17069984,695,cluster_695,0.7580297343042982,"export rib, (ch)"
17069985,695,cluster_695,0.6894019003804144,"export rib, (sel)"
17063795,-1,unclustered,0.0,"export rib, black mountain (select)"
17061455,-1,unclustered,0.0,"export rib, ft worth packers (sel)"
17061004,695,cluster_695,0.7580297343042982,"export rib, greateromaha (ch)"
17071004,-1,unclustered,0.0,"export rib, greateromaha (ch) halal"
17061014,695,cluster_695,0.754936365953039,"export rib, ibp (ch)"
17061011,695,cluster_695,0.7101618443904888,"export rib, ibp (prime)"
17061032,-1,unclustered,0.0,"export rib, jbs (cangus)"
17063810,695,cluster_695,1.0,"export rib, mex fc"
17061590,695,cluster_695,1.0,"export rib, mex fertres"
17061120,695,cluster_695,0.8815610121605165,"export rib, mex praderashuastecas"
17061490,695,cluster_695,1.0,"export rib, mex proboca"
17061876,699,cluster_699,0.7230669863666481,"export rib, nebraska beef (n/r)"
17051876,699,cluster_699,0.6587290399177912,"export rib, nebraska beef gld (nr_angus)"
17063742,-1,unclustered,0.0,"export rib, no roll, excel (aaa)"
17061076,-1,unclustered,0.0,"export rib, no roll, palo duro"
17063334,-1,unclustered,0.0,"export rib, upper iowa (ch)"
12070600,-1,unclustered,0.0,exports 12x12 prime
31942,82,cluster_82,0.6161510868041227,extra firm tofu 14oz/12 purple box
97345840,-1,unclustered,0.0,"extra sausage, williams sausage (12/1#)"
203783,-1,unclustered,0.0,extract vanilla 4/1gal molina
170010,-1,unclustered,0.0,"eye of round cb, sliced cooked"
174369,-1,unclustered,0.0,"eye of round, ch remove fat slice 1.25mm"
174360,-1,unclustered,0.0,"eye of round, ch, 3-6#"
170004,-1,unclustered,0.0,"eye of round, ckd corned beef"
170005,-1,unclustered,0.0,"eye of round, corned beef"
170008,351,cluster_351,0.9664061400722862,"eye of rounds, grass run farms, ch"
11261310,-1,unclustered,0.0,"eye round 100, four star"
11264496,-1,unclustered,0.0,"eye round, 1/4"", harmony"
11264544,-1,unclustered,0.0,"eye round, 5star (ch)"
11263694,-1,unclustered,0.0,"eye round, aurora (ch)"
11261204,351,cluster_351,0.9502681625002474,"eye round, creekstone (ch)"
11261201,-1,unclustered,0.0,"eye round, creekstone (prime)"
11265764,351,cluster_351,1.0,"eye round, est 8 angus iowa premium (ch)"
11261002,-1,unclustered,0.0,"eye round, greateromaha (cangus)"
11261004,351,cluster_351,1.0,"eye round, greateromaha (ch)"
11271004,-1,unclustered,0.0,"eye round, greateromaha (ch) halal"
11261003,351,cluster_351,1.0,"eye round, greateromaha (ch_angus)"
11261001,-1,unclustered,0.0,"eye round, greateromaha (prime)"
11264565,-1,unclustered,0.0,"eye round, hereford"
11261012,351,cluster_351,1.0,"eye round, ibp (cangus)"
11261014,351,cluster_351,1.0,"eye round, ibp (ch)"
11261013,351,cluster_351,1.0,"eye round, ibp (ch_angus)"
11263576,351,cluster_351,1.0,"eye round, ibp (n/r)"
11261015,351,cluster_351,0.9670482084831791,"eye round, ibp (select)"
11261164,351,cluster_351,1.0,"eye round, iowa premium (ch)"
11261164,-1,unclustered,0.0,"eye round, iowa premium (ch)"
11261022,351,cluster_351,1.0,"eye round, national (cangus)"
11261024,351,cluster_351,1.0,"eye round, national (ch)"
11263563,351,cluster_351,0.9433794030056901,"eye round, star ranch (ch_angus)"
11263334,351,cluster_351,1.0,"eye round, upper iowa (ch)"
11263331,351,cluster_351,0.9490258223075313,"eye round, upper iowa (prime)"
11261142,351,cluster_351,0.9566757672365265,"eye round, westernreserve (cangus)"
11261144,351,cluster_351,1.0,"eye round, westernrreserve (ch)"
530230,885,cluster_885,0.3226852605309001,ez peel 26-30ct shrimp-10/2#
96445870,-1,unclustered,0.0,"f c ruby grapefruit,n/a sgr,t f, (12/7z)"
96435870,316,cluster_316,0.9012367804426301,"f cup ruby grapefruit, true f, (12/7oz)"
98475870,316,cluster_316,0.932830683185816,"f cup, cherry medley,true f, (12/7z)"
96505870,316,cluster_316,1.0,"f cup, coco papaya pina,true f, (12/7z)"
96495870,316,cluster_316,1.0,"f cup, coco pina,true f, (12/7z)"
96465870,316,cluster_316,1.0,"f cup, mandarin orange,true f, (12/7z)"
96485870,316,cluster_316,0.9595724977362384,"f cup, perfect peach,true f, (12/7z)"
96515870,316,cluster_316,0.9481499559308919,"f cup, watermelon lime,true f, (12/7z)"
99200,-1,unclustered,0.0,face mask *be clean* each
99201,-1,unclustered,0.0,face mask - case (40 boxes)
10809980,-1,unclustered,0.0,"face plate, burnt, beef,"
31180,-1,unclustered,0.0,fajita vegetable blend
97758,-1,unclustered,0.0,falafel kaiser halal
95170,-1,unclustered,0.0,fanta orange .naranja. 16oz
622247,-1,unclustered,0.0,farmer john pork saus chub-24/7oz
621619,-1,unclustered,0.0,farmer john smoked polish sausage
622275,1037,cluster_1037,0.7234632117649326,farmer johns pork sausage links-20/8oz
310812,118,cluster_118,1.0,farmers focus b/s breast
310819,118,cluster_118,0.856462842002797,farmers focus b/s breast family pack
340815,118,cluster_118,0.9675605135325211,farmers focus b/s thigh
320817,-1,unclustered,0.0,farmers focus drumsticks
360029,-1,unclustered,0.0,farmers focus nae 10 head wog
310503,118,cluster_118,0.9329117957682466,farmers focus nae b/s breasts-bulk
340804,118,cluster_118,0.7896748360603097,farmers focus nae bone in thighs
310117,118,cluster_118,1.0,farmers focus organic b/s breasts
340457,118,cluster_118,1.0,farmers focus organic b/s thigh
340583,118,cluster_118,0.9306185552596848,farmers focus organic bi thighs
360010,118,cluster_118,0.8937845802897685,farmers focus organic ckn whole
320408,-1,unclustered,0.0,farmers focus organic drums
350540,118,cluster_118,0.8937845802897685,farmers focus organic tenders
360019,118,cluster_118,0.7897765608612042,farmers focus organic whole bird
370316,118,cluster_118,0.8937845802897685,farmers focus organic wings
370818,-1,unclustered,0.0,farmers focus party wings
350814,-1,unclustered,0.0,farmers focus tenders
310813,118,cluster_118,0.8778625278506805,farmers focus thin sliced breast
612412,-1,unclustered,0.0,farmington turkey polska kielbasa
741612,-1,unclustered,0.0,farmland boneless ham steaks-12/1#
48059990,847,cluster_847,0.9871158306082694,fat pork (40#) moesle
480599909,847,cluster_847,0.9587773824240565,fat pork (60#) moesle
920240,1,cluster_1,0.4323057399965214,fathers day feature
920242,1,cluster_1,0.43252006689260963,fathers day feature delux
190703,-1,unclustered,0.0,fc flamebroiled beef patty - 70ct - 3oz
10111050,610,cluster_610,0.891187253100655,"feet beef #1 white, afg"
10111000,610,cluster_610,0.8191953517557204,"feet beef #1 white, greater omaha"
10111010,610,cluster_610,0.891187253100655,"feet beef #1 white, ibp"
10115470,610,cluster_610,0.8548102018873287,"feet beef #1 white, iowa best"
10113350,610,cluster_610,0.8619933502491985,"feet beef #1 white, swift"
10129980,610,cluster_610,1.0,bf feet-z-cut 30#
10483840,610,cluster_610,0.8130579455960169,"feet beef whole, mex revuelta"
10113690,-1,unclustered,0.0,"feet beef, aurora"
10109980,-1,unclustered,0.0,"feet burnt, beef,"
10101390,-1,unclustered,0.0,"feet burnt, beef, cargill"
10321320,610,cluster_610,0.8130579455960169,"feet cut, mex gusi"
10323840,610,cluster_610,0.8130579455960169,"feet cut, mex revuelta"
10121130,-1,unclustered,0.0,"feet cut, mex sukarne (#30)"
40081530,-1,unclustered,0.0,"feet front with hock, pork, tri-eagle (3"
40072160,137,cluster_137,1.0,"feet front, lynch (30#)"
40079990,137,cluster_137,1.0,"feet front, moesle (40#)"
40071060,-1,unclustered,0.0,"feet front, pork indiana (30#)"
40071010,-1,unclustered,0.0,"feet front, pork, ibp (31#)"
40071150,-1,unclustered,0.0,"feet front, seaboard (30#)"
40071530,137,cluster_137,1.0,"feet front, tri-eagle (30#)"
82031440,-1,unclustered,0.0,"feet salted, pork belmont"
10121320,610,cluster_610,0.8130579455960169,"feet whole, mex, gusi"
10121120,-1,unclustered,0.0,"feet whole, mex, praderas"
10125950,-1,unclustered,0.0,bf feet-z whl moe
10313690,-1,unclustered,0.0,"feet, #2 beef, aurora"
50041010,-1,unclustered,0.0,"feet, chicken 3d tray pk tyson 12/1.75#"
50041180,259,cluster_259,1.0,"feet, chicken hor (44.09#)"
50043390,259,cluster_259,0.7754734390531582,"feet, chicken mountaire (33.1#)"
50041040,259,cluster_259,1.0,"feet, chicken sanderson (#22.05)"
50141040,259,cluster_259,1.0,"feet, chicken sanderson (44.10#)"
50043920,259,cluster_259,0.8338402420386088,"feet, chicken, amick (3/11#)"
50045450,259,cluster_259,0.7761389882316087,"feet, chicken, lincoln poultry"
50041290,259,cluster_259,0.8112764608290006,"feet, chicken, ok foods (44.09#)"
10153570,-1,unclustered,0.0,"femur bones (split), ibp"
10151090,-1,unclustered,0.0,"femur bones, (whole) black mountain"
10251160,-1,unclustered,0.0,"femur bones, (whole) iowa premium"
10151390,-1,unclustered,0.0,"femur bones, center cut beef cargill"
10153330,-1,unclustered,0.0,"femur bones, center cut, upper iowa"
10153760,-1,unclustered,0.0,"femur bones, liffey"
190083,-1,unclustered,0.0,femur whole combo
10151160,-1,unclustered,0.0,"femur/tibia bones, cc beef iowa premium"
10451090,-1,unclustered,0.0,"femur/tibia bones,cc beef black mountain"
96045,-1,unclustered,0.0,festival mix
85239,-1,unclustered,0.0,feta cheese crumbled 2/5 -mosaic-
349056,-1,unclustered,0.0,ff bnls/skls chicken thigh 12/2.5 lb
144089,-1,unclustered,0.0,"filet barrelcut, ch, 6oz"
144080,-1,unclustered,0.0,"filet barrelcut, ch, 8oz"
144189,591,cluster_591,1.0,"filet bone-in, ch 18oz"
144129,591,cluster_591,0.9390503875180636,"filet bone-in, ch, 12oz"
144149,591,cluster_591,1.0,"filet bone-in, ch, 14oz"
144159,591,cluster_591,1.0,"filet bone-in, ch, 15oz"
144169,591,cluster_591,0.9390503875180636,"filet bone-in, ch, 16oz"
144249,591,cluster_591,0.90232220430587,"filet bone-in, ch, 24oz"
144000,-1,unclustered,0.0,"filet bone-in, ch, spec size"
13199428,-1,unclustered,0.0,filet mignon pack
144001,-1,unclustered,0.0,"filet strap-on, ch"
144112,589,cluster_589,1.0,"filet, cc, ch, 11.5oz"
145100,588,cluster_588,0.8842615564006107,"filet, cc, select, 10oz"
145060,588,cluster_588,1.0,"filet, cc, select, 6oz"
145070,588,cluster_588,1.0,"filet, cc, select, 7oz"
145080,588,cluster_588,1.0,"filet, cc, select, 8oz"
145090,588,cluster_588,0.9191644682015323,"filet, cc, select, 9oz"
144032,589,cluster_589,1.0,"filet, ch, 3oz"
144042,589,cluster_589,1.0,"filet, ch, 4oz"
78965,-1,unclustered,0.0,filletts 8oz blk angus
999105,19,cluster_19,0.7207447021782798,film hand 12 x 2000 food service
99910518,19,cluster_19,0.6909738664945818,film hand 18 x 2000 food service
99910525,19,cluster_19,0.5092457520002531,film stretch meat clr 18x4000 1ct
901500,-1,unclustered,0.0,fire roasted vegetable soup-4/4#
97599880,-1,unclustered,0.0,fischers cooked hamf16/5oz)
97594880,366,cluster_366,1.0,fischers p&p loaf(12-6oz)
97597880,366,cluster_366,1.0,fischers slcd dixie loaf12-6oz)
97596880,-1,unclustered,0.0,fischers slcd ham/cheese(12-6oz)
97598880,366,cluster_366,1.0,fischers slcd liver loaf12-6oz)
SP5000,-1,unclustered,0.0,fish breaded catfish nugget
21033F9,654,cluster_654,0.9220869106540566,fish cat fresh whl h&g 16+ 30#
21033G,654,cluster_654,1.0,fish cat fresh whl h&g 32-40+ 30#
21027,-1,unclustered,0.0,fish cat fresh-stk 01-in 30#
21024014,-1,unclustered,0.0,fish cat-z fil china 5-7oz 15#
21031A,653,cluster_653,0.5188318932955546,fish cat-z nug unb iqf 15#
2103400,654,cluster_654,1.0,fish cat-z whl h&g 15+ 15#
21033999,654,cluster_654,1.0,fish cat-z whl h&g 28-40+ 30#
21059CS,879,cluster_879,1.0,fish cod brd fil 4-oz square 10#-z
21059016,879,cluster_879,1.0,fish cod fil 2-3-oz 10#-z
21059015,879,cluster_879,1.0,fish cod fil 4-oz 10#-z
21059029,879,cluster_879,0.7357099237005799,fish cod loin 6-oz cc 10#-z
SP510,-1,unclustered,0.0,fish golden fried portions 4oz
21059KF,498,cluster_498,1.0,fish king whole 5-15 60#
21060KF,498,cluster_498,1.0,fish king whole 5-15 80#
21059K1,498,cluster_498,1.0,fish king whole 8+ 60#
210595,886,cluster_886,0.6012602399583251,fish king-z 10-12 oz stk 10#
210596,886,cluster_886,0.5709054721118747,fish king-z 12-14 oz stk 10#
20593,234,cluster_234,0.8778708119852769,fish lane snapper 1-1.5 10#-z
21060013,-1,unclustered,0.0,fish nova lox-z
21160013,-1,unclustered,0.0,fish nova lox-z 4/2.2#
SP5094,-1,unclustered,0.0,fish parmesan bread 3-4 oz
21060P,895,cluster_895,1.0,fish perch fil 2-4oz 4/10#
107091,895,cluster_895,1.0,fish perch fil 4-6 oz 4/10#
2106458,895,cluster_895,0.9054263564790087,fish perch fil 8-12oz
2106456,895,cluster_895,1.0,fish perch fil 8-12oz 4/10#
21070982,-1,unclustered,0.0,fish pollock-z filet skl 4-6 oziqf
21060SP,-1,unclustered,0.0,fish pollock-z salted 20/1#
21070204,-1,unclustered,0.0,fish pollock-z square brd 4 oz 10#
21060015,-1,unclustered,0.0,fish pompano 600-800mg -z 40#
20589,234,cluster_234,1.0,fish red snapper 1.5-2 10#-z
206210,234,cluster_234,1.0,fish red snapper 2-3 20#-z
210653,651,cluster_651,1.0,fish salmon atl fil 2-3# 10# r
210651,651,cluster_651,1.0,fish salmon atl fil 3-4# 30# r
210654,651,cluster_651,1.0,fish salmon atl fil 4-5# 10# r
21065,-1,unclustered,0.0,fish salmon chum 8-oz ivp10#-z
20608,234,cluster_234,1.0,fish scarlet snapper 1-2 22#-z ____
21073,61,cluster_61,1.0,fish smelts hdls 10/1#-z
21076,61,cluster_61,1.0,fish smelts hdls 12/1#-z
SP512,-1,unclustered,0.0,fish stick breaded
71210,-1,unclustered,0.0,fish stick panko 12/9oz
21024,902,cluster_902,1.0,fish swai/pang fil 3-5 oz 15#-z
21022,902,cluster_902,1.0,fish swai/pang fil 5-7 oz 15#-z
20128MB,902,cluster_902,1.0,fish swai/pang fil 5-7 oz 30#-z
21023,902,cluster_902,0.8304632724465021,fish swai/pang fil 7-9 oz 15#-z
SP505,888,cluster_888,0.7234394758144164,fish tilapia - breaded
21084B,653,cluster_653,0.6560673735161957,fish tilapia brd fil 10#-z
21067B,653,cluster_653,0.7487885916760255,fish tilapia fil iqf 3-5 10#-z fm
21067TF,653,cluster_653,1.0,fish tilapia fil ivp 3-5 10#-z
21068T,653,cluster_653,1.0,fish tilapia fil ivp 5-7 10#-z
21084,653,cluster_653,1.0,fish tilapia fil ivp 7-9 10#-z fm
SP509,-1,unclustered,0.0,fish tilapia fillets bulk
21067,882,cluster_882,1.0,fish tilapia ggs 350-550 40#-z
21062,882,cluster_882,1.0,fish tilapia ggs 550-750 40#-z
21063,882,cluster_882,1.0,fish tilapia ggs 750-950 40#-z
SP888,-1,unclustered,0.0,fish tuna - geisha
211601,628,cluster_628,0.8429020573704684,fish tuna saku block 8oz 10#-z
21160,-1,unclustered,0.0,fish tuna steak 10#-z
21075,-1,unclustered,0.0,fish whiting fil son-z 4-6 10# pac
40900,-1,unclustered,0.0,flank steak *excel* select 19341
134002,-1,unclustered,0.0,"flank steak hand cut, ch, 4-10lb"
13199984,1102,cluster_1102,1.0,"flank steak, (ch)"
13199985,1102,cluster_1102,0.8637282880081352,"flank steak, (sel)"
13191567,-1,unclustered,0.0,"flank steak, (util)"
13191054,1102,cluster_1102,1.0,"flank steak, afg (ch)"
134000,1102,cluster_1102,1.0,"flank steak, ch"
134060,-1,unclustered,0.0,"flank steak, ch, 6oz"
134061,-1,unclustered,0.0,"flank steak, ch, 6oz portion"
134067,-1,unclustered,0.0,"flank steak, ch, portioned spec size"
13191204,1102,cluster_1102,0.9170002399181753,"flank steak, creekstone (ch)"
13191201,1102,cluster_1102,0.8364311926245398,"flank steak, creekstone (prime)"
13191176,1102,cluster_1102,0.8321547027639947,"flank steak, demkota (nr)"
13191454,-1,unclustered,0.0,"flank steak, ft worth packers (ch)"
13191004,1102,cluster_1102,0.9136267692542014,"flank steak, greateromaha (ch)"
14193574,1102,cluster_1102,1.0,"flank steak, ibp (ch)"
13191164,1102,cluster_1102,0.952708691286028,"flank steak, iowa premium (ch)"
13193760,-1,unclustered,0.0,"flank steak, liffey"
13191050,1102,cluster_1102,0.9342456473747538,"flank steak, lp-afg (utl)"
13192260,-1,unclustered,0.0,"flank steak, m p beef (utl)"
13199980,996,cluster_996,1.0,"flank steak, mex"
13191320,996,cluster_996,0.9810890125181402,"flank steak, mex gusi"
13191120,996,cluster_996,1.0,"flank steak, mex praderas"
13191490,996,cluster_996,1.0,"flank steak, mex santara"
13191130,996,cluster_996,0.9810890125181402,"flank steak, mex sukarne"
13191024,1102,cluster_1102,1.0,"flank steak, national (ch)"
13191876,-1,unclustered,0.0,"flank steak, nebraska gold (nr_angus)"
13191070,-1,unclustered,0.0,"flank steak, paloduro (utl)"
131130,-1,unclustered,0.0,"flank steak, prime, 13oz"
131000,-1,unclustered,0.0,"flank steak, prime, jaccard 1x"
13294920,-1,unclustered,0.0,"flank steak, rough c/c cov, long prairie"
134001,1102,cluster_1102,1.0,"flank steak, trimmed, ch"
13193334,1102,cluster_1102,0.9341686433085723,"flank steak, upper iowa (ch)"
131062,-1,unclustered,0.0,"flank, prime, creekstone, 13oz"
15183370,1006,cluster_1006,0.9487041979295383,"flap meat (sirloin), don saul"
15181004,1006,cluster_1006,0.8855642372387065,"flap meat (sirloin), greater omaha (ch)"
15184496,1006,cluster_1006,0.9505258578103453,"flap meat (sirloin), harmony"
15184956,1006,cluster_1006,0.943371550529399,"flap meat (sirloin), heritage"
15183572,-1,unclustered,0.0,"flap meat (sirloin), ibp (cangus)"
15183574,1006,cluster_1006,1.0,"flap meat (sirloin), ibp (ch)"
207900008,1006,cluster_1006,0.9851225172552845,"flap meat (sirloin), jbs"
15183760,1006,cluster_1006,0.8879865485793459,"flap meat (sirloin), liffey"
15184640,1006,cluster_1006,0.9999050125392187,"flap meat (sirloin), mex el alba"
15183810,1006,cluster_1006,1.0,"flap meat (sirloin), mex fc beef"
15181590,1006,cluster_1006,1.0,"flap meat (sirloin), mex fertres"
15181320,1006,cluster_1006,1.0,"flap meat (sirloin), mex gusi"
15181120,1006,cluster_1006,1.0,"flap meat (sirloin), mex praderas"
15181620,1006,cluster_1006,1.0,"flap meat (sirloin), mex ribe"
15183420,1006,cluster_1006,1.0,"flap meat (sirloin), mex viba"
15181024,1006,cluster_1006,1.0,"flap meat (sirloin), national (ch)"
15181680,1006,cluster_1006,0.9140552268358895,"flap meat (sirloin), nz affco"
15181130,1006,cluster_1006,0.9378536636178166,"flap meat (sirloin), su karne"
11304496,518,cluster_518,0.8635920235566305,"flat bottom round denuded, harmony"
11304544,518,cluster_518,0.9262249999258462,"flat bottom round, 5 star (choice)"
11304545,-1,unclustered,0.0,"flat bottom round, 5star (select)"
11303694,518,cluster_518,0.885176142496662,"flat bottom round, aurora (ch)"
11303693,518,cluster_518,1.0,"flat bottom round, aurora (ch-angus)"
11303793,518,cluster_518,1.0,"flat bottom round, black m. (ch_angus)"
11301204,518,cluster_518,0.9580433897719435,"flat bottom round, creekstone (ch)"
11301211,518,cluster_518,0.9189339313755045,"flat bottom round, creekstone (prime)"
11303344,-1,unclustered,0.0,"flat bottom round, diamond beef (aaa)"
11303744,-1,unclustered,0.0,"flat bottom round, excel (ch)"
113010001,518,cluster_518,1.0,"flat bottom round, greateromaha (1881)"
11301002,518,cluster_518,0.9656207289001871,"flat bottom round, greateromaha (cangus)"
11301004,518,cluster_518,1.0,"flat bottom round, greateromaha (ch)"
11301000,518,cluster_518,1.0,beef short loin mexico arias
11301001,518,cluster_518,0.9146990231634824,"flat bottom round, greateromaha (prime)"
113010000,518,cluster_518,0.9542157542451487,"flat bottom round, greateromaha halal"
11304494,518,cluster_518,0.8579144584392725,"flat bottom round, harmony (aaa)"
11304956,518,cluster_518,0.9968572450773276,"flat bottom round, heritage"
11301012,518,cluster_518,1.0,"flat bottom round, ibp (cangus)"
11301014,518,cluster_518,1.0,"flat bottom round, ibp (ch)"
11301015,518,cluster_518,0.8634234826405448,"flat bottom round, ibp (select)"
11301013,-1,unclustered,0.0,"flat bottom round, ibp star ranch (ch_an"
11301162,518,cluster_518,0.9883104636786891,"flat bottom round, iowapremium (cangus)"
11301164,518,cluster_518,0.9883104636786891,"flat bottom round, iowapremium (ch)"
11301166,518,cluster_518,0.996639850581534,"flat bottom round, iowapremium (nr)"
11301022,518,cluster_518,1.0,"flat bottom round, national (cangus)"
11301024,518,cluster_518,1.0,"flat bottom round, national (ch)"
11301026,518,cluster_518,1.0,"flat bottom round, national (n/r)"
11303352,518,cluster_518,1.0,"flat bottom round, swift (c_angus)"
11303354,518,cluster_518,1.0,"flat bottom round, swift (ch)"
11303332,518,cluster_518,1.0,"flat bottom round, upper iowa (cangus)"
11303334,518,cluster_518,1.0,"flat bottom round, upper iowa (ch)"
11301142,518,cluster_518,1.0,"flat bottom round, westernreserve (cangu"
11301144,518,cluster_518,1.0,"flat bottom round, westernreserve (ch)"
11301141,518,cluster_518,0.9189339313755045,"flat bottom round, westernreserve (prime"
11303753,518,cluster_518,0.9681648373431483,"flat bottom round,st helens (ch_angus)"
11303755,-1,unclustered,0.0,"flat bottom round,st helens (sel)"
11301876,518,cluster_518,0.8551001949251589,"flat bttm round,nebraska gold (nr_angus)"
154009,-1,unclustered,0.0,"flat iron steak, ch, 10oz"
154002,-1,unclustered,0.0,"flat iron steak, ch, spec size"
120189,1210,cluster_1210,1.0,"flat iron steak, ibp, 18/9oz"
120237,1210,cluster_1210,1.0,"flat iron steak, ibp, 23/7oz"
120276,1210,cluster_1210,1.0,"flat iron steak, ibp, 27/6oz"
151189,1210,cluster_1210,0.45728678389908584,"flat iron steak, prime, 18/9oz"
154276,1210,cluster_1210,0.5437532786189985,"flat iron steaks-27/6oz, ch, ibp, 6oz"
154001,-1,unclustered,0.0,"flat iron top blade, ch"
151001,-1,unclustered,0.0,"flat iron top blade, prime"
154003,-1,unclustered,0.0,"flat iron, whole, full trim, ch"
14400400,-1,unclustered,0.0,flats choice ui
110013,-1,unclustered,0.0,"flats corned beef, beas best"
70114369,-1,unclustered,0.0,"flounder fillet, ivp rtl, panamei 20/1#"
70119980,-1,unclustered,0.0,"flounder, fillet (retail), (12/1#)"
70119981,-1,unclustered,0.0,"flounder, fillet (retail), (15/2#)"
207900029,-1,unclustered,0.0,"flounder, pacific 4oz (10#)"
85252,206,cluster_206,0.8230359446390663,flour 25#
95253000,206,cluster_206,0.8534918171610544,flour 25# bg *
952537,206,cluster_206,1.0,flour all-purpose 12/2#
952535,206,cluster_206,1.0,flour all-purpose 8/5#
95253003,206,cluster_206,0.784470661530411,flour corn maseca 10/4.4#
91138,206,cluster_206,0.7525388921696815,flour corn maseca 50#
952530,-1,unclustered,0.0,flour top white 50# bag
95253002,206,cluster_206,1.0,flour wheat 12/2.2#
95253001,206,cluster_206,1.0,flour wheat 8/5#
89041,162,cluster_162,1.0,foam 8x8 1 cmpt - fst-24
89850,162,cluster_162,1.0,foam 8x8 3-cmpt 85ht 3r
89030,-1,unclustered,0.0,foam 9x9 - 3 compartment
89011,-1,unclustered,0.0,foam 9x9 1 comp - sn200 vw
89010,162,cluster_162,1.0,foam 9x9 1-cmpt du4061101
89033,-1,unclustered,0.0,foam 9x9 3 comp - sn203 vw
84740,162,cluster_162,0.8687856790684605,foam container 6x9 206 kari out
89040,162,cluster_162,0.9684734095078606,foam container 8x8 1-cmpt 85ht 1r
84710,162,cluster_162,0.9684734095078606,foam container 9x6 - 205
84700,-1,unclustered,0.0,foam hamburger box 60 ht1 6x6x3
89024,153,cluster_153,1.0,foam meat tray #2 - rose
89022,152,cluster_152,1.0,foam meat tray #2 - yellow
89101,152,cluster_152,0.9035053160717827,foam meat tray 10p - black
89100,152,cluster_152,1.0,foam meat tray 10s - white
89170,152,cluster_152,1.0,foam meat tray 17s white
89023,153,cluster_153,1.0,foam meat tray 2s - rose
89044,153,cluster_153,1.0,foam meat tray 4d - rose
2,-1,unclustered,0.0,fob ub-tuesday close +5%
390006,-1,unclustered,0.0,"foie gras a, sliced, 16/2oz"
19702B,-1,unclustered,0.0,foie gras b
392016,-1,unclustered,0.0,foie gras duck cubes-1# ave
390105,-1,unclustered,0.0,"foie gras, grade a, lobes"
995175,67,cluster_67,0.9434966745660092,foil roll hd 24 x1000
99517012,67,cluster_67,1.0,foil roll std 12 x 1000ct
99517,67,cluster_67,1.0,foil roll std 18 x 1000
99912,67,cluster_67,0.9605908965061978,foil sheets 12x10 3/4 6/500ct
99910,67,cluster_67,0.8218311145406045,foil sheets 9x10 3/4 vintage
190166,-1,unclustered,0.0,fontinini 1oz mama cooked meatball-10#
620401,-1,unclustered,0.0,fontinini bulk italian sausage-4/5#
81443,-1,unclustered,0.0,food absorbent p/s pad 4x6.5 75001443
90271139,-1,unclustered,0.0,food base chk buillon 20#
90271135,-1,unclustered,0.0,food base powder chk base 30# swiss
95252611,-1,unclustered,0.0,food color egg shade 1qt
84870,48,cluster_48,0.9454336005712947,food pail pr-26 - wired
84832,48,cluster_48,0.9692681567049923,food pail pr-32 wired
84770,48,cluster_48,1.0,food pail pr08- 8oz 1/2 pint -wired
84780,48,cluster_48,1.0,food pail- pint -16oz without handle
84790,48,cluster_48,1.0,food pails 16oz without handle
84840,-1,unclustered,0.0,food pails pints 16 pagoda 17-00020
101256B,148,cluster_148,0.7406303178515645,food tray #100 4/250 ct
10125610,148,cluster_148,0.716127061014387,food tray #250 500ct
83550,19,cluster_19,1.0,"foodservice film 12""x2000"
83560,19,cluster_19,1.0,"foodservice film 18""x2000`"
83570,19,cluster_19,1.0,"foodservice film 24"" x 2000"
18029980,247,cluster_247,0.6537396714136918,"fore shank b/in, (cut)"
18023696,-1,unclustered,0.0,"fore shank b/in, aurora (n/r)"
18023810,247,cluster_247,1.0,"fore shank b/in, mex fc"
18021320,247,cluster_247,1.0,"fore shank b/in, mex gusi"
18021590,247,cluster_247,0.8876895744573913,"fore shank b/in, mex los fertres"
18023680,247,cluster_247,1.0,"fore shank b/in, mex sukarne"
99033,34,cluster_34,1.0,forks plst med wht 1000 ct
99039,34,cluster_34,1.0,forks plst med wht inv wrap 1000 ct
990331,34,cluster_34,1.0,forks s/s dom 12ct
83600,-1,unclustered,0.0,fortune cookie *golden bowl*
340385,-1,unclustered,0.0,foster b/s chicken thighs-6/5#
617156,343,cluster_343,1.0,foster chicken corn dogs-18#
617124,343,cluster_343,1.0,foster chicken corn dogs-24#
620015,-1,unclustered,0.0,foster cook in bag turkey brst
900047,-1,unclustered,0.0,foster mini sausage pancake wraps
620016,-1,unclustered,0.0,foster sliced turkey pastrami
52039980,-1,unclustered,0.0,fowl fresh (gallina) cvp
59049980,-1,unclustered,0.0,"frame bones, chicken (40#)"
90410,-1,unclustered,0.0,frank beef 12/12oz halal
92356,-1,unclustered,0.0,frank beef jumbo halal
34016,-1,unclustered,0.0,frank caseys
90810,-1,unclustered,0.0,frank chicken 12/12oz halal
92332,-1,unclustered,0.0,frank chicken jumbo halal
34015,-1,unclustered,0.0,frank jumbo hot
94410,632,cluster_632,1.0,frankfurters beef 12oz al safa halal
94810,632,cluster_632,1.0,frankfurters chicken 12oz al safa halal
34017,-1,unclustered,0.0,franks beef db
97255740,618,cluster_618,0.916948939798621,"franks jumbo beef, 1/4#, bar s (4/3#)"
97075740,618,cluster_618,1.0,"franks jumbo beef, bar s (12/1#)"
97225740,618,cluster_618,1.0,"franks jumbo chiken, bar s (24/1#)"
97085740,618,cluster_618,1.0,"franks jumbo classic, bar s (24/1#)"
97471740,618,cluster_618,0.9973893033722191,"franks jumbo classic, bl bar s (24/1#)"
97472740,618,cluster_618,0.8866378325173606,"franks jumbo classic, bl bar s (8/3 lb))"
97265740,618,cluster_618,0.916948939798621,"franks jumbo jumbo 1/4#, bar s (4/5#)"
97235740,618,cluster_618,0.9943006848405617,"franks jumbo turkey, bar s (12/1#)"
421802,-1,unclustered,0.0,freedom run farms 2oz lamb patty-10#
920206,-1,unclustered,0.0,freezer filler box
190999,0,cluster_0,0.950133086409685,freight fee
81018,305,cluster_305,1.0,french fries 3/8 straight cut 30#
81013,-1,unclustered,0.0,"french fry 1/2"""" crinkle cut valley"
420007,-1,unclustered,0.0,french lamb rack cap-off dom
420022,-1,unclustered,0.0,french lamb rack cap-on dom
900921,-1,unclustered,0.0,french onion soup
900820,-1,unclustered,0.0,french toast sticks-8/2#
621456,-1,unclustered,0.0,fresh 4-1 andoulle
310063,-1,unclustered,0.0,"chicken breast frozen, bnls, 6oz"
80141,-1,unclustered,0.0,fresh amish turkeys 10-16
620037,-1,unclustered,0.0,fresh kielbasa 10lb
31520,88,cluster_88,1.0,fresh mushroom 10 lbs
5120,-1,unclustered,0.0,fresh product
40143640,-1,unclustered,0.0,fried pork skin (sancocho) mr. chicharro
80527S,306,cluster_306,1.0,fries 1/2 crinkle -z 6/5#
80528S,306,cluster_306,1.0,fries 1/2 crinkle ng-z
80527123,306,cluster_306,1.0,fries 1/2 crinkle plain 6/5#-z
80557021,306,cluster_306,1.0,fries 1/4 ss 6/6#
80557P,306,cluster_306,1.0,fries 1/4 ss 6/6# 39521 harv
12565083,306,cluster_306,1.0,fries 1/4 ss 6/6.5#
80557015,306,cluster_306,0.7953837065263916,fries 1/4 ss val 30#
80531,-1,unclustered,0.0,fries 3/8 btr str snowflake 27#
8051521,306,cluster_306,0.7612207223805261,fries 3/8 crinkle mccain 6/5#
80527GF,-1,unclustered,0.0,fries 3/8 stk cut mccain 6/5#
80515,306,cluster_306,1.0,fries 3/8 str 6/5#-z
805319,-1,unclustered,0.0,fries 3/8 str ore ida 6/5#
805323,306,cluster_306,0.7953837065263916,fries 3/8 str prm harv 36#
805119,306,cluster_306,0.7953837065263916,fries 3/8 str spcy red 30#
80518E1,305,cluster_305,1.0,fries 5/16 crinkle cut
805291,-1,unclustered,0.0,fries s/on spiral 6/4.5#
80516120,-1,unclustered,0.0,fries steak cut lemanski 6/5.2#
99130240,305,cluster_305,0.998948746727159,"fries straight cut 3/8"" wonder fry 6-5lb"
8052710,-1,unclustered,0.0,fries waffle s/on 6/4.5#
40129980,-1,unclustered,0.0,"fries, pork,"
50080,42,cluster_42,0.4912000335076308,frog leg 2-4 iqf (6/5#)
50082,42,cluster_42,0.5124409137025251,frog leg 4-6 (6/5#)
50081,42,cluster_42,0.518998001389244,frog legs 2-4 (each) 5lb
78101529,42,cluster_42,1.0,frog legs 2/4ct 1/30# winsea
78111529,42,cluster_42,1.0,frog legs 4/6ct 1/30# winsea
78112109,42,cluster_42,1.0,frog legs 6/8ct 1/30# winsea
78255829,42,cluster_42,0.4303205152282868,"frog legs, (retail), (6/2#)"
200150,-1,unclustered,0.0,frogleg-sknls 5#-z
40071190,-1,unclustered,0.0,"front feet, combo pork"
340006,-1,unclustered,0.0,"chicken thighs, bi, 40#"
85090,-1,unclustered,0.0,frozen corn *golden bridge* 30#
85040,117,cluster_117,1.0,frozen green bean (15#)
900020,117,cluster_117,1.0,frozen green peas-20#
96455870,-1,unclustered,0.0,"fruit cup p pineapple,true f, (12/7z)"
96000,-1,unclustered,0.0,fruit punch syrup **jamaican**
96164690,320,cluster_320,0.9936824808433415,"fruit, iqf berry medley 4way (8x12oz)"
96124690,320,cluster_320,0.9315366985602678,"fruit, iqf berry medley 4way (8x2.5#)"
96144690,320,cluster_320,1.0,"fruit, iqf blueberries (8x2.5#)"
99999942,320,cluster_320,1.0,"fruit, iqf blueberries, (8x12oz)"
96264690,320,cluster_320,1.0,"fruit, iqf blueberries, chiquita 8x12oz"
99999935,320,cluster_320,0.9936824808433415,"fruit, iqf fruit blend (8x16oz)"
96134690,320,cluster_320,0.8539538296983515,"fruit, iqf fruit blend gourmet (8x2.5#)"
99999943,320,cluster_320,1.0,"fruit, iqf mango chunks (8x16oz)"
99999938,320,cluster_320,1.0,"fruit, iqf mango chunks (8x2.5#)"
96274690,320,cluster_320,1.0,"fruit, iqf mango chunks chiquita 8x16oz"
99999937,320,cluster_320,1.0,"fruit, iqf pineapple chunks (8x16oz)"
96194690,320,cluster_320,1.0,"fruit, iqf pineapple chunks (8x2.5#)"
99999932,320,cluster_320,0.990317090791147,"fruit, iqf strawberries (8/2.5#)"
99999934,320,cluster_320,1.0,"fruit, iqf strawberries (8x16oz)"
99999939,322,cluster_322,1.0,"fruit, maduros/grnpltn rtl, chiq (12x2)"
99999940,322,cluster_322,1.0,"fruit, maduros/sweet iqf f/s, chiq (4x6)"
96224690,322,cluster_322,1.0,"fruit, maduros/sweet pltn rtl, chiq 12x2"
99999920,315,cluster_315,1.0,"fruit, pulp blkby twinpk, chiq (12x2/7z)"
96064690,315,cluster_315,0.8890747070445646,"fruit, pulp guava twinpk, chiq (12x2/7z)"
99999941,315,cluster_315,0.8946819236318638,"fruit, pulp mango twinpk, chiq 12x2/7z"
96084690,315,cluster_315,1.0,"fruit, pulp maracuy twinpk, chiq 12x2/7z"
99999924,315,cluster_315,0.962289444747735,"fruit, pulp mrcuya twinpk, chiq 12x2/7z"
99999917,315,cluster_315,0.8890747070445646,"fruit, pulp papaya twinpk, chiq 12x2/7z"
99999925,315,cluster_315,0.7668138685891579,"fruit, pulp pineap twinpk, chiq 12x2/7z"
99999928,315,cluster_315,0.8961488402643435,"fruit, pulp soursop twinpk, chiq 12x2/7z"
96114690,315,cluster_315,1.0,"fruit, pulp tamarnd twinpk, chiq 12x2/7z"
96244690,-1,unclustered,0.0,"fruit, tostones hawaiianos, chiq (10x2#)"
99999916,322,cluster_322,0.9875443379773933,"fruit, tostones/grnpltn rtl, chiq (12x2)"
99999919,323,cluster_323,1.0,"fruit, yuca/cassava iqf rtl, chiq (16x1)"
96034690,323,cluster_323,1.0,"fruit, yuca/cassava iqf rtl, chiq (4x5)"
96024690,323,cluster_323,1.0,"fruit, yuca/cassava iqf rtl, chiq (6x3)"
91123744,-1,unclustered,0.0,fry-oil-creamey
360312,-1,unclustered,0.0,fryer 2.5-2.75# split in half-w/out gibs
360032,-1,unclustered,0.0,"fryer as is w/o gib, 12hd/20hd, 3-3.25#"
10007,-1,unclustered,0.0,fryer bagged 4up
10013,-1,unclustered,0.0,fryer bagged 4up mountaire
360802,-1,unclustered,0.0,"fryer, 8pc marinated, gold n plump"
360022,-1,unclustered,0.0,"fryer, as is w/o gib, 2.75-3.00#"
10632,-1,unclustered,0.0,chicken popeyes 8-piece marinated
84245,189,cluster_189,0.8254482710748338,fu thai jasmine rice 44#
84246,188,cluster_188,0.9492746038211333,full harvest rice short grain 50#
410058,375,cluster_375,0.9930535148348216,full trim veal top rounds
82172730,-1,unclustered,0.0,fully cooked pork carnitas - slow braise
93692,-1,unclustered,0.0,fz cke carrot high 14sl
93691,-1,unclustered,0.0,fz cke limoncello 14slc
10262,889,cluster_889,0.9669568652912254,chicken jumbo whole wings 14702
11260,889,cluster_889,0.9694453720460757,chicken wing sections
84373,-1,unclustered,0.0,gallon - sriracha hot chile sauce
96364740,-1,unclustered,0.0,"gandules/green pigeon peas, mambo 12x14z"
32002,225,cluster_225,0.8712035664405751,garden fresh bang bang salad 1/5#
32006,225,cluster_225,1.0,garden fresh chicken salad 2/5#
32005,-1,unclustered,0.0,garden fresh deviled egg potato salad
32008,225,cluster_225,1.0,garden fresh ham salad 2/5#
32001,225,cluster_225,0.9531221365496606,garden fresh mediterranean salad 1/5#
32007,225,cluster_225,1.0,garden fresh seafood salad 2/5#
32000,225,cluster_225,0.888135674682838,garden fresh sun garden pasta salad 4#
32003,225,cluster_225,0.8299229927943653,garden fresh sweet bacon bowtie salad 5#
83718,-1,unclustered,0.0,garlic flakes 10/5#
70174855,287,cluster_287,1.0,garlic granulated bx 5-7#
70174856,-1,unclustered,0.0,garlic ground bx 5-7#
93425940,-1,unclustered,0.0,garlic juice
70174810,-1,unclustered,0.0,garlic pld 5#
83720,287,cluster_287,1.0,garlic powder 5# each
701754,-1,unclustered,0.0,garlic whl white 5#
31300,-1,unclustered,0.0,garlic whole 30lbs
93009984,103,cluster_103,1.0,geese
73888000,103,cluster_103,1.0,geese 12-14
19626,103,cluster_103,1.0,geese whl-z 10-12# 4 ct
369000,103,cluster_103,0.9609189172556025,geese whole
84244,188,cluster_188,1.0,genki rice short grain 50#
750010,401,cluster_401,1.0,genoa salami
360083,-1,unclustered,0.0,gerber amish 4-4.5## fryers-#3083
340083,-1,unclustered,0.0,gerber b-in skin-on thighs-#0645
330083,-1,unclustered,0.0,gerber bnls sknls chix breast-#0829
320083,-1,unclustered,0.0,gerber drumsticks-#0808
370134,-1,unclustered,0.0,gerber medium cut chicken wings-40#
310089,-1,unclustered,0.0,"duck breasts, lac brome, 10-12oz"
78131529,30,cluster_30,1.0,"giant squid rings (wild caught), (10/1#)"
78134370,-1,unclustered,0.0,"giant squid rings (wild caught), pescato"
10660G,-1,unclustered,0.0,gift box special - wine
13199426,339,cluster_339,1.0,gift steak 6oz filets #34
13199406,339,cluster_339,1.0,gift steak 6oz filets #35
13199486,339,cluster_339,1.0,gift steak 6oz filets #36
13199466,339,cluster_339,1.0,gift steak 6oz filets #37
13199446,339,cluster_339,1.0,gift steak 6oz filets #38
13199408,339,cluster_339,1.0,gift steak 8oz filets #31
13199468,339,cluster_339,1.0,gift steak 8oz filets #32
13199448,339,cluster_339,1.0,gift steak 8oz filets #33
31310,47,cluster_47,1.0,ginger 25 #
50134293,47,cluster_47,1.0,ginger root 30#
50134273,47,cluster_47,1.0,ginger root 5#
50029980,378,cluster_378,1.0,"gizzards, chicken (40#)"
50023410,378,cluster_378,0.8697173006887408,"gizzards, chicken gold`n plump (40#)"
50021850,378,cluster_378,0.9093671817967107,"gizzards, chicken harrison (40#)"
50023390,378,cluster_378,1.0,"gizzards, chicken mountaire (40#)"
50021220,378,cluster_378,1.0,"gizzards, chicken pilgrim`s (40#)"
50021040,378,cluster_378,0.8611434602719742,"gizzards, chicken sanderson (44.09#)"
50021340,378,cluster_378,0.8492725702986464,"gizzards, chicken wayne farms (8/5#)"
930199801,-1,unclustered,0.0,"gizzards, duck (30#)"
60039980,-1,unclustered,0.0,"gizzards, turkey (30#)"
60734600,379,cluster_379,1.0,"gizzards, turkey plainville farms"
60034600,379,cluster_379,1.0,"gizzards, turkey plainville farms (30#)"
50021270,378,cluster_378,0.8519369896069047,"gizzards, turkey, marys abf (40#)"
60034310,379,cluster_379,1.0,"gizzards, turkey, michigan turkey (30#)"
900008,-1,unclustered,0.0,glace de veau 4/5#bx
99128240,-1,unclustered,0.0,glacier gold hash brown patties(12-18ct)
99129240,-1,unclustered,0.0,glacier gold hash brown patties(24/10ct)
83730,18,cluster_18,1.0,glassine bag 1# - (each) only
83740,18,cluster_18,1.0,glassine bag 2# - ( each) only
83700,18,cluster_18,1.0,breaded chicken fritter 6/5# fc
99500016,9,cluster_9,1.0,gloves latex powder free xl
99500018,9,cluster_9,1.0,gloves powder free xl black
99500014,9,cluster_9,1.0,gloves powder free xl blue 4mil
99500013,9,cluster_9,0.6935317271894188,gloves powdered
84380,-1,unclustered,0.0,glutinous rice 50# * bell & flower
85260,-1,unclustered,0.0,glutinous rice flour green
30520,307,cluster_307,0.8977889707709743,goat - 6 way cut skinless 40#ave.
30510,-1,unclustered,0.0,goat - whole carcass
74771000,-1,unclustered,0.0,goat -leg bone in australian
430406,307,cluster_307,0.8940637621821553,goat 6 way cut 40#cs
30503,213,cluster_213,1.0,goat 6way 26dn sknls aussie
30101,213,cluster_213,1.0,goat 6way 26dn sknls halal nz
30522,213,cluster_213,1.0,goat 6way sknls 35dn aussie
74770012,307,cluster_307,1.0,"goat bone in cut 1.5"" x 1.5"""
91049980,-1,unclustered,0.0,"goat burnt, 6-way, au"
30505,174,cluster_174,1.0,goat cubes 16/2.2 aus
30502,174,cluster_174,1.0,goat cubes 16/2.2 burnt skin on aus
30504,-1,unclustered,0.0,goat cubes bone-in <skin-on>
30501,307,cluster_307,0.886657469338,goat cubes skinles bone - in
30122,-1,unclustered,0.0,goat feet burnt halal
30540,-1,unclustered,0.0,goat heads brown 8pc
120447,-1,unclustered,0.0,goat hearts
37044,-1,unclustered,0.0,goat kidney halal
30530,-1,unclustered,0.0,goat leg b/i
12000L,-1,unclustered,0.0,goat leg bnl-z 62# wes
430151,307,cluster_307,1.0,goat leg cut 1.5in cubes
37036,778,cluster_778,0.8040766208833298,goat liver halal
74771010,-1,unclustered,0.0,goat shoulder boneless
30521,307,cluster_307,0.874406588237309,goat skin-on cut 6way *ryan* iw
30115,-1,unclustered,0.0,goat tripe halal
1200079,307,cluster_307,0.9576941315558389,goat whl h/on
1200089,-1,unclustered,0.0,goat whl h/on small
12001A,307,cluster_307,0.9576941315558389,goat whl-6way
12001B,307,cluster_307,0.9576941315558389,goat whl-6way -cut 1.5 in
74770001,345,cluster_345,0.8572134866935543,goat whole 50/80lbs
74770000,-1,unclustered,0.0,goat whole dressed 30 lb /down
91029980,345,cluster_345,1.0,"goat whole skin on, fresh 40-50lbs"
91109980,345,cluster_345,1.0,"goat whole w/head, fresh 40-50 lbs"
91009980,345,cluster_345,1.0,"goat whole, fresh 40-50 lbs"
91032470,-1,unclustered,0.0,"goat, 6-way 35/down, thomas"
91039980,212,cluster_212,1.0,"goat, 6-way 35/up, au"
91033510,212,cluster_212,1.0,"goat, 6-way 35/up, au wagstaff"
91039981,212,cluster_212,1.0,"goat, 6-way 35/up, domestic"
91032479,212,cluster_212,0.8991074341725112,"goat, 6-way 35/up, thomas"
91059980,-1,unclustered,0.0,"goat, 6-way skin/on"
91065040,307,cluster_307,0.874406588237309,"goat, 6-way skin/on 35 dn ryan meat"
91019980,-1,unclustered,0.0,"goat, baby"
91029960,174,cluster_174,1.0,"goat, cubed (15#)"
91031420,213,cluster_213,0.9275904919912233,"goat, sknls 6-way 30 dn, mex"
430835,-1,unclustered,0.0,goat/mutton leg bone in 7-8#ave 35#cs
31910,276,cluster_276,0.9453541400712319,gold ( yellow ) bell pepper 25#
31911,276,cluster_276,0.9647927126030653,gold (yellow) bell pepper 11# only
31001,276,cluster_276,1.0,gold (yellow) bell pepper 1ct
25420,100,cluster_100,1.0,golden bowl noodle large #8 only
25410,100,cluster_100,1.0,golden bowl noodle medium #12 only
25430,100,cluster_100,1.0,golden bowl noodle small#16 red
25050,97,cluster_97,0.7994562571002696,golden bowl spring roll wrappers
84282,-1,unclustered,0.0,golden crane sweet rice 50#
84422,128,cluster_128,0.46292935784033323,golden elephant rice stick (m) 3mm
84502,128,cluster_128,0.46650049009204975,golden elephant rice stick xl 10mm
85310,-1,unclustered,0.0,golden label soy sauce *lee kum kee
84470,-1,unclustered,0.0,golden mountain soy sauce 12/20oz
82200,26,cluster_26,1.0,golden pompano 600/800g
78151459,26,cluster_26,1.0,"golden pompano iqf, 600/800g, (40#)"
78151452,26,cluster_26,1.0,"golden pompano iqf, 600/800g, china (40#"
78153499,26,cluster_26,1.0,"golden pompano iqf, 600/800g, fortune wi"
78153479,26,cluster_26,0.9154137954948753,"golden pompano, 600/800g, mercado (40#)"
11401032,-1,unclustered,0.0,"gooseneck, jbs (cangus)"
11401320,184,cluster_184,1.0,"gooseneck, mex gusi"
11401876,-1,unclustered,0.0,"gooseneck, nebraska (n/r)"
11402402,184,cluster_184,1.0,"gooseneck, us212 (cangus)"
11402404,184,cluster_184,1.0,"gooseneck, us212 (ch)"
740225,418,cluster_418,1.0,gordon smoked pit hams-2pc box
85470,-1,unclustered,0.0,gouda smoked log 2/6# -vangogh-
83760,287,cluster_287,1.0,granulated garlic 5# (each)
31330,-1,unclustered,0.0,"grape, red"
31390,197,cluster_197,0.7460048035811001,grapefruit
50141800,-1,unclustered,0.0,grapes red seedless bag 18#
96051,-1,unclustered,0.0,green banana chips
31340,276,cluster_276,0.8056265170871325,green bean
12365,276,cluster_276,0.7817191981602226,green beans fresh
31370,276,cluster_276,0.9148702266935004,green bell pepper
31002,276,cluster_276,1.0,green bell pepper 1ct
31200,-1,unclustered,0.0,green cabbage
83190,133,cluster_133,1.0,green curry paste *mae ploy*
84202,189,cluster_189,1.0,cheddar rounds
902924,112,cluster_112,0.7832768423802884,green giant buffalo popcorn cauliflower
902923,-1,unclustered,0.0,green giant popcorn cauliflower
31350,115,cluster_115,0.9445411890526645,green leaf lettuce (24ct)
62060,195,cluster_195,0.8443395089910942,green mussel - medium *sandford* nz
31360,-1,unclustered,0.0,green onion - (iceless)
31361,-1,unclustered,0.0,green onion mexican cebollitas
96304740,-1,unclustered,0.0,"green peas, mambo (6x2#)"
85030,117,cluster_117,1.0,green peas- frozen - 12/2.5 30#
85200,117,cluster_117,0.8497772017798898,green soybean pod frozen 20/1#
22080175,-1,unclustered,0.0,grill brick 12/1 ct
920265,-1,unclustered,0.0,grill master
920270,-1,unclustered,0.0,grill master deluxe
390246,-1,unclustered,0.0,"grill short cuts, 7#, perdue 64246"
12345678,-1,unclustered,0.0,"grill, bake to145 f -rest 3 min-re take"
920213,-1,unclustered,0.0,griller box
120780599,-1,unclustered,0.0,grobbels brisket burnt ends(13-1lb)
120790599,-1,unclustered,0.0,grobbels pulled chicken/bbq(13-1
120800599,-1,unclustered,0.0,grobbels pulled porkbbq(13-1lb)
45200,-1,unclustered,0.0,ground 85% fine grind frozen
83093,-1,unclustered,0.0,ground 93% 80# gop hala frozen
85110,-1,unclustered,0.0,ground bean sauce 6/5# *koon chun*
18020103,-1,unclustered,0.0,ground beed corse 2x fresh cvp
18260073,-1,unclustered,0.0,ground beef 70/30
19163570,-1,unclustered,0.0,ground beef 73% fine (3lb chub) ibp
19161010,1187,cluster_1187,1.0,ground beef 73% fine - ibp
19161012,-1,unclustered,0.0,ground beef 73% fine 6/10 ibp(c-angus)
19271870,1233,cluster_1233,1.0,ground beef 73% fine 6/10# all american
19261870,-1,unclustered,0.0,ground beef 73% fine 6/10# nebraska
19163660,-1,unclustered,0.0,ground beef 73% fine 8-10lb caviness
19251870,1233,cluster_1233,1.0,ground beef 73% fine 8/10# all american
19161870,1221,cluster_1221,0.9775361768964307,ground beef 73% fine 8/10# nebraska
19163740,-1,unclustered,0.0,"ground beef 73%, excel"
19251872,-1,unclustered,0.0,ground beef 80% all american 6/10(cangus
19313570,-1,unclustered,0.0,ground beef 80% chub ibp (24/2#)
19115590,-1,unclustered,0.0,ground beef 80% fine all american meats
19111000,1221,cluster_1221,1.0,ground beef 80% fine greater omaha (60#
19111010,1187,cluster_1187,0.998816808006415,ground beef 80% fine ibp (80#)
19181000,1221,cluster_1221,1.0,ground beef 80% greater omaha (60#) hala
19185350,-1,unclustered,0.0,ground beef 80% harris ranch (60#)
19111872,-1,unclustered,0.0,ground beef 80% nebraska beef (cangus)
18208100,-1,unclustered,0.0,ground beef 80/20 chuck/tenderloin 8oz
42310,-1,unclustered,0.0,ground beef 80/20 fg 5#
42300,1224,cluster_1224,0.43545406653672974,ground beef 80/20 frozen
42302,-1,unclustered,0.0,ground beef 80/20 frzn 60#
63081,1162,cluster_1162,1.0,ground beef 80/20 frzn 60# halal
67280,1162,cluster_1162,1.0,ground beef 80/20 gop halal 24/1#
19119980,1173,cluster_1173,0.8620726362797606,"ground beef 80/20, grass fed"
19111070,1237,cluster_1237,1.0,ground beef 81% fine cs beef (40#)
19121070,1237,cluster_1237,1.0,ground beef 81% fine cs beef (80#)
19125610,1237,cluster_1237,1.0,ground beef 81% fine showcase beef (60#)
45090,-1,unclustered,0.0,ground beef 81% fresh
42302,-1,unclustered,0.0,ground beef 80/20 frzn 60#
19133660,-1,unclustered,0.0,"ground beef 85%, (40/1#) caviness"
18230086,-1,unclustered,0.0,ground beef 85/15 10 lb. case
19161000,1221,cluster_1221,1.0,ground beef 90% fine greater omaha (80#
45020,1174,cluster_1174,1.0,ground beef 90/10 organic 1# brick
45080,-1,unclustered,0.0,ground beef 93% - 93%
45070,1187,cluster_1187,1.0,ground beef 93% choice angus //ibp/
45030,1174,cluster_1174,1.0,ground beef 93% grass fed 1# brick
45040,1174,cluster_1174,1.0,ground beef 93% organic 1# brick tf
45040,-1,unclustered,0.0,ground beef 93% organic 1# brick tf
42330,-1,unclustered,0.0,ground beef chuck 80/20
42370,1238,cluster_1238,0.8595997831548489,ground beef coarse 80%
18200186,-1,unclustered,0.0,ground beef corase2x -85% anmar
41230,1238,cluster_1238,1.0,ground beef fine 73%
41238,-1,unclustered,0.0,ground beef fine 73% 12/3#
41230,-1,unclustered,0.0,ground beef fine 73%
42210,1238,cluster_1238,1.0,ground beef fine 75%
42300,1238,cluster_1238,1.0,ground beef 80/20 frozen
42301,-1,unclustered,0.0,ground beef fine 80/20 fresh
42301,1224,cluster_1224,0.43545406653672974,ground beef fine 80/20 fresh
73073,-1,unclustered,0.0,ground beef fine 80/20 halal frozen
18106031,1259,cluster_1259,1.0,ground beef patties 3/1 frozen
SP1015,1263,cluster_1263,0.6210141679860895,"ground beef patty 10oz 5"""
SP1010,1263,cluster_1263,0.49753810061160275,ground beef patty 10oz thick
SP1028,1263,cluster_1263,1.0,"ground beef patty 2 oz 3"""
SP10263,-1,unclustered,0.0,ground beef patty 2/1 round
SP1022,-1,unclustered,0.0,ground beef patty 2/1-oval
SP1096,1263,cluster_1263,1.0,ground beef patty 3 oz
SP1093,1263,cluster_1263,1.0,"ground beef patty 3 oz 3"""
SP1091,1263,cluster_1263,1.0,ground beef patty 3.2oz
SP1033,-1,unclustered,0.0,"ground beef patty 3/1 5"""
SP104,1263,cluster_1263,0.9005994599001225,ground beef patty 4 oz
SP1041,-1,unclustered,0.0,ground beef patty 4/1-w
SP1048,1263,cluster_1263,0.8945117579638251,ground beef patty 4oz
SP1066,1263,cluster_1263,0.8695920762494135,ground beef patty 6oz
SP1065,1263,cluster_1263,0.7166093686343954,"ground beef patty 6oz 5"""
SP107,1263,cluster_1263,0.7289235702318468,ground beef patty 7oz
SP1029,1263,cluster_1263,0.457980664420086,ground beef patty 8oz th4.09
190051,1224,cluster_1224,0.7334484946671297,ground beef puck 80/20 5oz
19141020,-1,unclustered,0.0,"ground beef, 73% fat 27% lean national"
19241050,-1,unclustered,0.0,"ground beef, 73%, afg (8/10#)"
19441020,-1,unclustered,0.0,"ground beef, 75% fat 25% lean national"
19111020,1233,cluster_1233,0.9988029712533397,"ground beef, 80% coarse grd national"
19001050,-1,unclustered,0.0,"ground beef, 81%, afg (8/10#)"
19134800,-1,unclustered,0.0,"ground beef, 85%, delta sunrise (6/1lb)"
19711020,1233,cluster_1233,1.0,"ground beef, 90/10 fine grd national"
34095,-1,unclustered,0.0,ground beef/bison
455101,-1,unclustered,0.0,ground camel-10/1#
390007,-1,unclustered,0.0,"ground chicken, 2/5# cs"
390369,-1,unclustered,0.0,"ground chicken, 9/1#, harvestland"
59009990,-1,unclustered,0.0,"ground chicken, moesle"
120805,-1,unclustered,0.0,ground chuck patty 80/20 5.5oz
19101000,173,cluster_173,1.0,"ground chuck, 80% fine, greater omaha"
19101002,173,cluster_173,1.0,"ground chuck, 80% fine, greater omaha (c"
19101010,173,cluster_173,1.0,"ground chuck, 80% fine, ibp"
382250,-1,unclustered,0.0,"ground duck, 2/5#, maple leaf"
57310640,-1,unclustered,0.0,ground lamb /beef 60/40%
30152,-1,unclustered,0.0,ground lamb 12/1#
420053,344,cluster_344,1.0,ground lamb 5# pkg
57310621,-1,unclustered,0.0,ground lamb fresh
45230,1187,cluster_1187,1.0,ground natural beef 85% //ibp//
45210,-1,unclustered,0.0,ground organic beef 85% cl 12#
20041,1189,cluster_1189,1.0,ground pork fine (80/20) *ibp* 40#
49009990,-1,unclustered,0.0,"ground pork, moesle, (cw)"
49002430,-1,unclustered,0.0,"ground pork,peoria, (6/10#)"
99985,-1,unclustered,0.0,ground round 85/15 frz fine
45060,-1,unclustered,0.0,ground sirloin -choice angus- //ibp
190570,344,cluster_344,1.0,ground sirloin 5lb pkg
69009980,1078,cluster_1078,0.8666208982216658,ground turkey
390121,-1,unclustered,0.0,"ground turkey xtra lean, organic p."
391012,-1,unclustered,0.0,"ground turkey, 12/1#, perdue"
391025,1078,cluster_1078,0.8385938852825326,"ground turkey, fresh, kosher"
69004310,-1,unclustered,0.0,"ground turkey, michigan turkey"
391001,-1,unclustered,0.0,"ground turkey, norbest"
410059,-1,unclustered,0.0,ground veal 10# bag
450425,-1,unclustered,0.0,ground wild boar-4/2.5#
78161789,-1,unclustered,0.0,"grouper, fillet (retail) 3-5oz, netuno ("
78164369,-1,unclustered,0.0,"grouper, filllet ivp, panamei (12/12oz)"
78171789,-1,unclustered,0.0,"grouper, wggs .75 - 1lb; netuno (10#)"
78181789,-1,unclustered,0.0,"grouper, wggs 1 - 2lb; netuno (10#)"
450468,53,cluster_53,1.0,grupo hermi ground rabbit
450025,53,cluster_53,1.0,grupo hermi rabbit hind leg
450005,53,cluster_53,1.0,grupo hermi whole rabbits
450469,53,cluster_53,0.7152778165897241,grupo rabbit livers
99604,-1,unclustered,0.0,guest check 2 part 50ct
620176,-1,unclustered,0.0,gwaltney mild pork saus roll
796071,-1,unclustered,0.0,gwaltney sliced chicken bologna
220931,-1,unclustered,0.0,gyro bf/lmb slcd-z fc oly 2/5# 402
34093,431,cluster_431,1.0,gyro chicken slice
220893,-1,unclustered,0.0,gyro chkn 20#
220891,-1,unclustered,0.0,gyro chkn cone fc kronos-1141 2/16#
22093C,434,cluster_434,1.0,gyro chkn slcd fc kronos 4/5# 1111
93922,346,cluster_346,1.0,gyro cone bc lamb/beef 2/10#
22091,346,cluster_346,0.7652409474161718,gyro cone corfu 4/10# tasty 31410
22088015,430,cluster_430,1.0,gyro cone devanco 1/20#-9120
22088016,430,cluster_430,1.0,gyro cone devanco 1/30#
22088012,430,cluster_430,1.0,gyro cone devanco 4/10#-9010
22093,435,cluster_435,1.0,gyro cone kronos 1/30# cent
22093456,435,cluster_435,1.0,gyro cone kronos 1/40# cent
58500001,435,cluster_435,0.36698226882181145,gyro cone kronos 2/20#
22088030,435,cluster_435,1.0,gyro cone kronos 2/20# cent
22088033,433,cluster_433,1.0,gyro cone kronos 2/20# halal
22092,435,cluster_435,0.8315179808352006,gyro cone kronos 4/10# cent
22088036,433,cluster_433,1.0,gyro cone mid 2/20# halal
22088080,436,cluster_436,1.0,gyro cone olympia 1/30# lrg-1130
22088070,436,cluster_436,1.0,gyro cone olympia 1/40# xlg-1140
22088021,433,cluster_433,1.0,gyro cone olympia 2/20# halal
22088020,436,cluster_436,0.9927645844157138,gyro cone olympia 2/20# med-1220
91410,433,cluster_433,0.9953520724835168,gyro cone olympia 4/10# halal
22088010,436,cluster_436,1.0,gyro cone olympia 4/10# mini-1410
22091C,432,cluster_432,1.0,gyro loaf kronos fc 4/6# 1066
22090C,432,cluster_432,1.0,gyro loaf kronos raw 8/3.75# 1061-z
220910,432,cluster_432,1.0,gyro loaf olympia raw-z 6/6# 604
220914,-1,unclustered,0.0,gyro loaf slc dev ckd-z 20#
220911,-1,unclustered,0.0,gyro loaf whl dev ckd-z 30#
220912,-1,unclustered,0.0,gyro redi-cut-z 10# iqf
22091601,-1,unclustered,0.0,gyro slcd fc devanco-broil-6320 10#
22091600,434,cluster_434,1.0,gyro slcd fc kronos-broil-1600 10#
22091602,433,cluster_433,0.7327564462653411,gyro slcd fc kronos-halal
22099C,434,cluster_434,1.0,gyro slcd raw kronos-1051 10#
34091,433,cluster_433,0.7435162843270184,gyro sliced 10/2# halal
90132,433,cluster_433,0.9154450481091518,gyro sliced olympia 10/2# halal
94007,433,cluster_433,0.7428473324587984,gyro slices beef al safa halal
94813,433,cluster_433,0.7435162843270184,gyro slices chicken al safa halal
22088GD,261,cluster_261,1.0,gyro-sauce tzatziki devanco 4/hg
22088GS,261,cluster_261,1.0,gyro-sauce tzatziki krono 4/hg
22088G2,261,cluster_261,1.0,gyro-sauce tzatziki oly 4/hg
SP1112,261,cluster_261,0.7688347266449427,gyros sauce
58500630,-1,unclustered,0.0,gyros sliced grecian delight 4x4
85800002,431,cluster_431,1.0,gyros sliced-ready carve-chicken
71030,-1,unclustered,0.0,h/on s/on shrimp -30/40
540355,-1,unclustered,0.0,haddock loin 5oz iqf
207900033,860,cluster_860,0.2446181218851284,"haddock loin, iceland 3oz (10#)"
621010,304,cluster_304,0.5881654884487301,halal all beef sliced pepperoni
12002,-1,unclustered,0.0,halal bnls sknl breast koch foods
12004,420,cluster_420,1.0,halal bnls sknls thigh meat koch foods
10825,420,cluster_420,0.8933855681582473,halal chicken drumsticks cvp
12003,420,cluster_420,0.978187652672987,halal chicken tenders koch foods
12005,420,cluster_420,1.0,halal drumsticks 4/10# cvp koch foods
360132,472,cluster_472,0.31026647760057596,halal fryer3.-3.25# as is w/o gib
12006,420,cluster_420,1.0,halal jumbo leg quarters koch foods
12220,-1,unclustered,0.0,halal whole chicken 3up
12007,420,cluster_420,0.9089517627540473,halal whole wings koch foods
12001,-1,unclustered,0.0,halal wog 3.25-3.50 16 head koch foods
71203,-1,unclustered,0.0,halibut fillet 12/10oz
38201049,-1,unclustered,0.0,ham -capicola -
210008,-1,unclustered,0.0,"ham applewood carving, smith"
210010,-1,unclustered,0.0,"ham applewood, usinger"
210216,-1,unclustered,0.0,"ham black oak carving, 2-16#"
SP2382,-1,unclustered,0.0,ham bnls pit*
20221,452,cluster_452,0.8954297150238077,ham bnls silver medal buffet
620460,-1,unclustered,0.0,"ham boiled 4+6, hoffmeister"
SP231,-1,unclustered,0.0,ham boiled cooked
82212060,-1,unclustered,0.0,"ham boiled, hofmeister"
SP232,-1,unclustered,0.0,ham bone in - cut in half*
41102430,1080,cluster_1080,0.9852252043937985,ham bone in skin-off
41801060,-1,unclustered,0.0,"ham bone in, 23/27 vp, indiana"
34330150,-1,unclustered,0.0,ham bone-in peer 2pc cs
34310166,-1,unclustered,0.0,ham bone-in roses 1 pc box
20204,-1,unclustered,0.0,ham bone-in skinless //ibp//
20150,-1,unclustered,0.0,ham bone-in uncooked select combo
41211110,-1,unclustered,0.0,ham boneless (poly) boxed moesle
20220,-1,unclustered,0.0,ham boneless brt single pack
41192080,-1,unclustered,0.0,ham boneless dekalb #10502
41109980,1080,cluster_1080,0.9852252043937985,ham boneless skin-on
41102080,1080,cluster_1080,1.0,"ham boneless skin-on, dekalb #10501"
41219980,-1,unclustered,0.0,"ham boneless, bulk combo pork"
20201,-1,unclustered,0.0,ham bones
40189990,-1,unclustered,0.0,"ham bones, pork moesle"
210350,-1,unclustered,0.0,"ham brown sugar, s lee, 3-5#"
20200,-1,unclustered,0.0,ham brt
SP235,452,cluster_452,1.0,ham buffet*
210524,-1,unclustered,0.0,"ham carving smoked, columbus, 7-8#"
20083,-1,unclustered,0.0,ham chopped ham farmland
620260,-1,unclustered,0.0,"ham ckd 4x6, smithfield, 26#"
13485080,-1,unclustered,0.0,ham ckd fml-spiced lunch 2/10#
13463,-1,unclustered,0.0,ham ckd fud original 2/12#
13458010,-1,unclustered,0.0,ham ckd hof 30% 3/14#
13490,367,cluster_367,1.0,ham ckd krakus pol 3/11#
13485O,367,cluster_367,1.0,ham ckd old warsaw 3/12#
1831034,-1,unclustered,0.0,ham ckd rov sapore ricco 2/7#
1831011,-1,unclustered,0.0,ham ckd thm deluxe baby 11#
1831054,-1,unclustered,0.0,ham ckd thm deluxe low sodium 9#
1831415,-1,unclustered,0.0,ham ckd thm wally square 9#
1831285,-1,unclustered,0.0,ham ckd thm-fl rpl hot 7.5#
1831265,596,cluster_596,1.0,ham ckd thm-fl rpl prosc-hlv 6#
1831024,-1,unclustered,0.0,ham ckd thm-fl virg sty delux 8#
13485043,-1,unclustered,0.0,ham ckd-z hof chopped 4/10#
13485044,-1,unclustered,0.0,ham ckd-z om chopped 12-16oz
1831011,-1,unclustered,0.0,ham ckd thm deluxe baby 11#
1831415,-1,unclustered,0.0,ham ckd thm wally square 9#
1831261,596,cluster_596,1.0,ham ckd-z thm-fl rpl prosc 12#
1831265,596,cluster_596,1.0,ham ckd thm-fl rpl prosc-hlv 6#
13468,367,cluster_367,0.9804206820795258,ham ckd-z tia flor orig 2/8.81#
210004,-1,unclustered,0.0,ham course ground
96394740,-1,unclustered,0.0,"ham croquette, 40ct, mambo (6x3lb)"
34328692,-1,unclustered,0.0,ham cure 81 hormel
20450,-1,unclustered,0.0,ham deli
SP2362,-1,unclustered,0.0,ham diced - cooked
210025,-1,unclustered,0.0,"ham diced, hillshire, 2-5#"
210122,-1,unclustered,0.0,"ham ends & pcs, dan`s prize"
620911,-1,unclustered,0.0,"ham flat, pritzlaff, 9/11#"
210013,-1,unclustered,0.0,ham fresh bnls
210003,-1,unclustered,0.0,"ham fresh, bone in"
210420,-1,unclustered,0.0,"ham half honey smoked, kretschmar"
210305,-1,unclustered,0.0,"ham hock pork cndn, 30#"
210522,581,cluster_581,1.0,"ham honey smoked, smithfield, 35#"
620014,-1,unclustered,0.0,"ham honey tavern pit, webster city"
210221,418,cluster_418,0.9972070012328413,"ham mini pit, wright, 7-8#"
82219980,-1,unclustered,0.0,"ham natural, old warsaw (36#)"
82213450,367,cluster_367,1.0,"ham polish, krakus (33#)"
34758000,-1,unclustered,0.0,ham pork leg fresh bone in
34314085,-1,unclustered,0.0,ham pork smoked bone in16/21 lb
620019,-1,unclustered,0.0,"ham pork spiral, creekstone"
210021,798,cluster_798,0.7804720107966677,"ham pork spiral, webster city"
41209980,1042,cluster_1042,1.0,"ham portions, (3 shanks x3 butts), pork"
41289198,-1,unclustered,0.0,"ham portions, (3 shanks/3butts)cooks"
210129,-1,unclustered,0.0,"ham s/l hsankless, 12-16#"
620924,798,cluster_798,1.0,"ham s/s smoked spiral, webster"
620925,798,cluster_798,1.0,"ham s/s smoked spiral, webster, 1/2"
620923,798,cluster_798,1.0,"ham s/s smoked, webster, 1/2"
41109990,-1,unclustered,0.0,"ham sectioned (poly), pork moesle (60#)"
41229980,1096,cluster_1096,0.6185078316485045,"ham semi boneless 14/27, combo pork"
SP2352,-1,unclustered,0.0,ham semi sm - hof
620009,-1,unclustered,0.0,ham serrano
21200,-1,unclustered,0.0,dearborn old fashion hams 20up 2pc
20202,1064,cluster_1064,0.7137106615473001,ham shank sknls 30#
20203,-1,unclustered,0.0,ham shank sknls b/i 30#
620180,-1,unclustered,0.0,"ham short shank, webster, 18-22#"
40142080,-1,unclustered,0.0,"ham skin, cuero de pierna dekalb"
40142070,-1,unclustered,0.0,"ham skin, t&j"
40149980,-1,unclustered,0.0,"ham skin, w/fat cuero de pierna"
41129980,1096,cluster_1096,0.7332711358143406,ham skin-off 17/20# combo pork
41159980,1096,cluster_1096,0.7313671452486451,"ham skin-off, 23/27# combo pork"
41139980,-1,unclustered,0.0,ham skin-on 14/17# combo
41132010,-1,unclustered,0.0,ham skin-on 14/17# morris
41183570,1096,cluster_1096,0.6051579630149896,"ham skin-on 18/22, boxed, ibp"
41233570,1096,cluster_1096,0.710712602400104,"ham skin-on 23/27, boxed, ibp"
41249980,1080,cluster_1080,0.9855664484683786,"ham skin-on with feet, (boxed)"
41149980,1080,cluster_1080,0.9866882661343014,"ham skin-on, (boxed)"
41269980,1096,cluster_1096,1.0,"ham skin-on, 17/20# combo pork"
41122010,-1,unclustered,0.0,"ham skin-on, 17/20# morris"
41269981,1096,cluster_1096,1.0,"ham skin-on, 20/23# combo pork"
41119980,1096,cluster_1096,1.0,"ham skin-on, 23/27# combo pork"
41113570,1096,cluster_1096,0.7388840549753579,"ham skin-on, 23/27# pork combo ibp"
41262080,1080,cluster_1080,1.0,"ham skin-on, 3pc.(boxed) dekalb"
41149990,1080,cluster_1080,1.0,"ham skin-on, boxed, moesle"
620121,-1,unclustered,0.0,"ham sknls shankless, webster, 12-16#"
210101,-1,unclustered,0.0,"ham sliced black forest, 4/2.5#"
210006,-1,unclustered,0.0,"ham sliced flat, pritzlaff"
210127,-1,unclustered,0.0,"ham sliced honey, 6#"
96685880,-1,unclustered,0.0,"ham sliced quarter, kentucky l (8/2l)"
210250,-1,unclustered,0.0,"ham sliced, riverside, 2-5# box"
13530,-1,unclustered,0.0,ham smk car-19067 bi-ss h
1343212,598,cluster_598,0.9250061460386728,ham smk com bi nj 3212 4/8#h
1343232,598,cluster_598,0.8678374116005074,ham smk com bi-ss nj net 3232 4/9#h
13453,598,cluster_598,1.0,ham smk com bi-ss nj-f/n 3242 4/9#h
1353131,601,cluster_601,1.0,ham smk com pit hkry 3131 2/11#w
1353132,601,cluster_601,1.0,ham smk com pit hkry 3132 4/6#h
1353134,601,cluster_601,1.0,ham smk com pit hkry 3134 8/3#q
13332,601,cluster_601,0.8350428236073958,ham smk com pit hkry-ss 3332 4/5#h
13485833,-1,unclustered,0.0,ham smk hof bi 2/26#w
13484,-1,unclustered,0.0,ham smk kre bnl 20#
13485845,602,cluster_602,0.9720002840145214,ham smk mkl bnl buf hlv
13529044,-1,unclustered,0.0,ham smk mkl bnl buf whole
13416,597,cluster_597,0.8647998262750328,ham smk peer bi 30150 2/20#
13528,597,cluster_597,1.0,ham smk peer bi-ss h 30770 6/7-11#
13414155,597,cluster_597,0.8069323488420442,ham smk peer bi-ss h 30874-gb 1/10#
130892,597,cluster_597,0.8984839157273795,ham smk peer bi-ss h 30892-gf 6/10#
13423,597,cluster_597,0.8343601141807863,ham smk peer bnl buf 32625 2/11#
13500,600,cluster_600,1.0,ham smk peer pit 31610 2/12#
13501001,600,cluster_600,1.0,ham smk peer pit mini-32655 6/7#mar
134142,-1,unclustered,0.0,ham smk rose bi 310129 1/22#w
13536,598,cluster_598,0.6211457919066022,ham smk smf-02817 bi-ss h
1351899,-1,unclustered,0.0,ham smk speck alto adige 11#
13534C,-1,unclustered,0.0,ham smk tasso bnl prud 2/5#-z
1831047,602,cluster_602,1.0,ham smk thm bnl blforst 2/7.5#
1831052,-1,unclustered,0.0,ham smk thm bnl hny baked 2/9#
1831025,-1,unclustered,0.0,ham smk thm bnl mapl glzd 2/8#
1831043,602,cluster_602,1.0,ham smk thm bnl tav hlv-flt 2/4.5#
13485850,-1,unclustered,0.0,ham smk web bi wa oliva 2/15#w
13485851,-1,unclustered,0.0,ham smk web bi wa oliva 4/7#h
1352072,-1,unclustered,0.0,ham smk web bi-ss 4/8#h
1343213,598,cluster_598,1.0,ham smk-z com bi nj 3212 4/8#h
13458,598,cluster_598,1.0,ham smk-z com bi ss nj 3222 4/9#h
13453,598,cluster_598,0.8883095600721805,ham smk com bi-ss nj-f/n 3242 4/9#h
1343232,598,cluster_598,0.6743241765319267,ham smk com bi-ss nj net 3232 4/9#h
13500226,601,cluster_601,0.7455358611791021,ham smk-z com bnl pit 3134 8/3#q
13332,601,cluster_601,0.7455358611791021,ham smk com pit hkry-ss 3332 4/5#h
134133,602,cluster_602,0.9257311434409439,ham smk-z com bnl pit-nn-aw 4/6#h
1353131,601,cluster_601,0.8655992826856936,ham smk com pit hkry 3131 2/11#w
13528882,598,cluster_598,0.5996361192668463,ham smk-z ind bi ss 82008 4/5#h $
13529012,598,cluster_598,0.64844348624535,ham smk-z nwd bi 310206 2/22# $
13501454,-1,unclustered,0.0,ham smk-z pat bnl buf 17070 2/9#
13416,597,cluster_597,1.0,ham smk peer bi 30150 2/20#
13414156,597,cluster_597,1.0,ham smk-z peer bi 30155 4/7#h
1352070,-1,unclustered,0.0,ham smk-z peer bi-ss-shc #1 3/15#w
13423,597,cluster_597,0.8255567031488904,ham smk peer bnl buf 32625 2/11#
13500,600,cluster_600,1.0,ham smk peer pit 31610 2/12#
185131,-1,unclustered,0.0,ham smk-z rose slc blk frst 12/1#
1831050,-1,unclustered,0.0,ham smk-z smf bnl 30#
135010SC,-1,unclustered,0.0,ham smk-z stg bnl pit 35#
13547,-1,unclustered,0.0,ham smk-z sup bnl tav 4/12#
131614,-1,unclustered,0.0,ham smk-z thm bi-ss 1610 2/14#w
131613,598,cluster_598,0.6511835342770086,ham smk-z thm bi-ss nj f 1612 2/7#h
1831052,-1,unclustered,0.0,ham smk thm bnl hny baked 2/9#
1831043Z,602,cluster_602,1.0,ham smk-z thm bnl tav hlv-flt 4.5#
1831821Z,-1,unclustered,0.0,ham smk-z thm roast pork-sml2.5#
210523,581,cluster_581,0.8649453692579498,"ham smoked bnls, hormel, 15#"
210521,581,cluster_581,1.0,"ham smoked bnls, smithfield, 35#"
620149,-1,unclustered,0.0,"ham smoked pit, webster city, #2"
210121,581,cluster_581,1.0,"ham smoked sliced, smithfield, 12#"
620146,454,cluster_454,1.0,"ham special pit, 14-16#"
82224700,-1,unclustered,0.0,"ham spicy, ckd, farmland (2/10#)"
34100109,842,cluster_842,1.0,ham spiral cut -
34100110,842,cluster_842,1.0,ham spiral cut - 1/2 7/10 lbs
34100145,842,cluster_842,0.9873296240662927,ham spiral cut - 1/2 john morrrale
34100117,842,cluster_842,0.9743149421487657,ham spiral cut - fresh 1/2 red lable
34100113,-1,unclustered,0.0,ham spiral cut - hillshire /smithfield
34100144,842,cluster_842,1.0,ham spiral cut - sugardale 1/2 cut
34100112,842,cluster_842,0.9743149421487657,ham spiral cut - whole 14-16 lbs
41309980,-1,unclustered,0.0,"ham spiral,smkd, (4x1) sugardalale pork"
20205,-1,unclustered,0.0,ham steak b/i *cook`s* fresh
210009,-1,unclustered,0.0,"ham steak por bnls, smithfield"
40109980,-1,unclustered,0.0,"ham steak, pork"
210240,-1,unclustered,0.0,"ham steaks bone in, swift, 24/1#"
210100,-1,unclustered,0.0,"ham tasso, 10# ave"
82214890,-1,unclustered,0.0,"ham turkey cooked, el gallito (2/10#)"
210021,469,cluster_469,1.0,"ham pork spiral, webster city"
41409980,-1,unclustered,0.0,"ham whole, b/in smoked pork"
41149981,-1,unclustered,0.0,"ham, barrel"
202261,-1,unclustered,0.0,"ham,julliene style"
13462,-1,unclustered,0.0,ham-spice glaze packet lei
13452,-1,unclustered,0.0,ham-spice glaze packet peer-60295
190080,-1,unclustered,0.0,beef patty grass fed 8oz- round 80/20
SP1142,-1,unclustered,0.0,hamburger-seasoned 4 oz 12#
SP1143,-1,unclustered,0.0,"hamburger-seasoned 4oz 3"" slider"
SP115,-1,unclustered,0.0,hamburger-seasoned 5/1
210020,418,cluster_418,1.0,"hams smoked pit, wright, 1-pc box"
99210,-1,unclustered,0.0,hand santizer 1lx18 bottle beclean
150080,-1,unclustered,0.0,"hanger steak portion, 8oz up"
150003,-1,unclustered,0.0,"hanger steak, cleaned"
150001,-1,unclustered,0.0,hanger steaks
150059,-1,unclustered,0.0,"hanger steaks, clear river"
150002,-1,unclustered,0.0,"hanger steaks, spec size"
16061024,104,cluster_104,0.7584439108405869,hanging tender (diaphragm) national (ch)
16069984,104,cluster_104,1.0,"hanging tender (diaphragm), (ch)"
16061056,104,cluster_104,1.0,"hanging tender (diaphragm), afg (nr)"
16061016,104,cluster_104,1.0,"hanging tender (diaphragm), ibp (n/r)"
16064640,104,cluster_104,0.7157481935991583,"hanging tender (diaphragm), mex el alba"
16061120,104,cluster_104,0.8013798403951882,"hanging tender (diaphragm), mex praderas"
16064496,-1,unclustered,0.0,hanging tender harmony
16061076,-1,unclustered,0.0,hanging tender palo duro (nr)
16061014,104,cluster_104,1.0,"hanging tender(diaphragm), ibp (ch)"
16061875,-1,unclustered,0.0,"hanging tender, nebraska beef (select)"
340987,-1,unclustered,0.0,harvestland b/s tray thighs #86987
620017,-1,unclustered,0.0,harvestland turkey brst cutlet
80576,-1,unclustered,0.0,hash brown 6/3#-z
900028,-1,unclustered,0.0,hashbrown patties-oval-6/2.8#
84366,52,cluster_52,1.0,hatake 100% pure sesame oil 10*56oz
747743,-1,unclustered,0.0,hatfield smoked dinner hams-uncured
89002,-1,unclustered,0.0,hawiain punch lemon berry
82311350,-1,unclustered,0.0,"head cheese, ashland"
82321350,-1,unclustered,0.0,"head cheese, spicy ashland"
31400,115,cluster_115,0.9123533264341543,head lettuce - 24ct
10093790,-1,unclustered,0.0,"head meat, (60#)"
10093690,-1,unclustered,0.0,"head meat, aurora"
10094500,-1,unclustered,0.0,"head meat, tejas (50#)"
71130,380,cluster_380,1.0,head on shrimp 20/30 10/4#
71131,380,cluster_380,1.0,head on shrimp 30/40 10/4#
70022,380,cluster_380,0.5610537050820611,head on shrimp 40/50
70024,380,cluster_380,1.0,head on shrimp 40/50 10/4#
71133,380,cluster_380,0.9614896181873467,head on shrimp 50/60 10/4#
40229980,-1,unclustered,0.0,"head, pork"
10099980,-1,unclustered,0.0,"heads, beef 2pcs"
10091490,-1,unclustered,0.0,"heads, beef santara 2pcs"
10093330,-1,unclustered,0.0,"heads, beef upper iowa"
10092400,-1,unclustered,0.0,"heads, beef us212"
10492400,-1,unclustered,0.0,"heads, beef, w/tongue, us212"
999928,-1,unclustered,0.0,healthy boy chili sauce
84430,-1,unclustered,0.0,healthy boy mushroom soy sauce glass btl
10161020,-1,unclustered,0.0,"hearts, beef national cov"
10162930,-1,unclustered,0.0,"hearts, beef, this old farm (30#)"
50069980,359,cluster_359,1.0,"hearts, chicken (40#)"
50063390,359,cluster_359,1.0,"hearts, chicken mountaire (40#)"
50061850,359,cluster_359,1.0,"hearts, chicken, harrison (40#)"
40199980,-1,unclustered,0.0,"hearts, pork"
40193570,-1,unclustered,0.0,"hearts, pork ibp (60#)"
60049980,317,cluster_317,1.0,"hearts, turkey (30#)"
60044310,317,cluster_317,1.0,"hearts, turkey, michigan(30#)"
60044310,317,cluster_317,1.0,"hearts, turkey, michigan(30#)"
10049984,373,cluster_373,0.8034094970880572,"heel meat, aurora (ch)"
10043794,373,cluster_373,0.7726403025253928,"heel meat, black mountain (ch)"
10041000,373,cluster_373,1.0,"heel meat, greateromaha"
10041003,373,cluster_373,1.0,"heel meat, greateromaha (cangus)"
10041004,373,cluster_373,0.9580777377574269,"heel meat, greateromaha (hereford)"
10041006,373,cluster_373,1.0,"heel meat, greateromaha (n/r)"
10042404,373,cluster_373,0.7941723631529256,"heel meat, us212 (ch)"
10042406,373,cluster_373,0.8642920201108337,"heel meat, us212 (n/r)"
29094249,675,cluster_675,0.6533567399613747,hen cornish deboned from 22/24 oz piece
29094245,675,cluster_675,0.6552964786025696,hen cornish perdue split 16pc/24oz
29095000,141,cluster_141,1.0,hen stewing
361160,877,cluster_877,1.0,"hen turkey, 16-18#"
31086,62,cluster_62,0.8561376259568442,herb - dill fresh
31081,62,cluster_62,0.9869604875299113,herb - mint fresh
31085,62,cluster_62,1.0,herb - rosemary fresh
31087,62,cluster_62,1.0,herb - sage fresh
50138010,62,cluster_62,0.96156732688337,herb frsh basil 1#
50138012,62,cluster_62,0.9869604875299113,herb frsh mint 1#
50130124,62,cluster_62,1.0,herb frsh rosemary 1#
620083,101,cluster_101,1.0,heritage berk bratwurst link
620084,101,cluster_101,1.0,heritage berk hot ital sausage
620085,101,cluster_101,1.0,heritage berk italian sausage
900010,-1,unclustered,0.0,demi glace de porc 16#tub
293001,-1,unclustered,0.0,heritage berkshire caul fat
620086,-1,unclustered,0.0,heritage smoked pit ham
78525269,-1,unclustered,0.0,"herring fillet, salted & smoked (10#)"
799096,-1,unclustered,0.0,hi melt cheddar-1/4` dice
20380,-1,unclustered,0.0,hibiscus flower dry 5#
920299,-1,unclustered,0.0,high on the hog pork box
920204,-1,unclustered,0.0,high steaks box
620087,-1,unclustered,0.0,hill ckd italian saus chunks
620088,-1,unclustered,0.0,hill lit`l beef cocktail frank
620089,660,cluster_660,0.9070776459278923,hill smk rope sausage 4/42oz
610004,-1,unclustered,0.0,hill. smkd turkey rope sausage
620090,-1,unclustered,0.0,hillshire 4-1 raw brat link-10
620127,-1,unclustered,0.0,hillshire ckd chorizo crumbles
620018,406,cluster_406,1.0,hillshire ckd turkey pot roast
792978,-1,unclustered,0.0,hillshire club sandwich variety pack
194310,-1,unclustered,0.0,hillshire fc shred beef 2/5 lb
741483,-1,unclustered,0.0,hillshire hearthstone hams-2pc box
198774,406,cluster_406,0.9544939720409363,hillshire select bottom rnd pot roast
623137,-1,unclustered,0.0,hillshire skls polska kielbasa
740414,-1,unclustered,0.0,hillshire sliced ham-6/2#
742019,976,cluster_976,1.0,hillshire thin slcd honey ham 4/22 oz
748457,976,cluster_976,1.0,hillshire ultra thin honey ham-9/9oz
198702,406,cluster_406,1.0,hillshire yankee cooked pot roast
18009984,442,cluster_442,1.0,"hind shank b/in, (ch)"
18009980,441,cluster_441,0.859315355836573,"hind shank b/in, (cut)"
18004544,442,cluster_442,0.9559656247111393,"hind shank b/in, 5star (ch)"
18003694,443,cluster_443,1.0,"hind shank b/in, aurora (ch)"
18003696,-1,unclustered,0.0,"hind shank b/in, aurora (n/r)"
18014544,442,cluster_442,1.0,"hind shank b/in, cc, 5star (ch)"
18001164,-1,unclustered,0.0,"hind shank b/in, iowapremium (ch)"
18001166,-1,unclustered,0.0,"hind shank b/in, iowapremium (n/r)"
18001490,441,cluster_441,1.0,"hind shank b/in, mex"
18004640,441,cluster_441,0.6798335576296656,"hind shank b/in, mex el alba"
18003810,441,cluster_441,0.7742507890038343,"hind shank b/in, mex fc beef"
18001590,441,cluster_441,1.0,"hind shank b/in, mex fertres"
18001320,441,cluster_441,0.9764935453416801,"hind shank b/in, mex gusi"
18001124,441,cluster_441,0.9372837527044441,"hind shank b/in, mex praderas"
18001490,441,cluster_441,0.8687611946715098,"hind shank b/in, mex"
18011490,441,cluster_441,0.8212276122046077,"hind shank b/in, mex proboca (cut)"
18004850,441,cluster_441,0.8982503229939854,"hind shank b/in, mex revuelta"
18014850,441,cluster_441,0.8795611186486281,"hind shank b/in, mex revuelta (cut)"
18001620,441,cluster_441,1.0,"hind shank b/in, mex ribe"
18001130,441,cluster_441,0.9764935453416801,"hind shank b/in, mex sukarne"
18011130,441,cluster_441,0.9140249608797575,"hind shank b/in, mex sukarne (cut)"
18003420,441,cluster_441,0.9556047100129389,"hind shank b/in, mex viba"
18001024,442,cluster_442,1.0,"hind shank b/in, national (ch)"
18001026,442,cluster_442,0.9379242077442321,"hind shank b/in, national (n/r)"
18003334,443,cluster_443,1.0,"hind shank b/in, upperiowa (ch)"
18001144,443,cluster_443,1.0,"hind shank b/in, western reserve (ch)"
18001146,-1,unclustered,0.0,"hind shank b/in, western reserve (n/r)"
18003790,-1,unclustered,0.0,"hind shank cnter cut b/in, black mountai"
220001,-1,unclustered,0.0,"hind shank, sakura duroc"
96695940,-1,unclustered,0.0,"hny ham&hny smkd turkey,lofp, 6/20 (7.5"
97251900,-1,unclustered,0.0,hny ham.hny smkd tkylof(6/20 oz)
49013620,348,cluster_348,0.8873411577005198,"hog casings van hessen, butcher pack 32/"
99999914,348,cluster_348,1.0,"hog casings, 32/35"
49029960,348,cluster_348,0.984322822757072,"hog casings, 35/38"
49012620,348,cluster_348,1.0,"hog casings, quality casing 32/35"
83900,-1,unclustered,0.0,hoisin sauce 6/5# *lee kum kee*
U9550012,-1,unclustered,0.0,hollymatic pattie paper
999298,-1,unclustered,0.0,home and garden patio cooking box
920275,-1,unclustered,0.0,home cooked meal
22297757,-1,unclustered,0.0,home style stuffed chicken
20386,17,cluster_17,1.0,hominy white bush 6/#10
203791,17,cluster_17,1.0,hominy white juanita 6/#10
20379,17,cluster_17,1.0,hominy white la preferida 6/#10
83920,-1,unclustered,0.0,honey blend 6/5#
207900028,976,cluster_976,1.0,honey ham sliced hillshire (2/22oz)
97275740,-1,unclustered,0.0,"honey ham, deli style, bar s (12/1#)"
96735890,980,cluster_980,0.7255894548545245,"honey ham, lof delis 8/9oz (4.5#)"
390026,-1,unclustered,0.0,"honey roasted, short cuts, perdue"
96765890,-1,unclustered,0.0,"honey turkey, lof delis 8/9oz (4.5#)"
10341460,219,cluster_219,1.0,"honeycomb tripe bleached, hoskie (25#)"
10349980,219,cluster_219,1.0,"honeycomb tripe, (bleached), d & d (22#)"
10345340,219,cluster_219,1.0,"honeycomb tripe, (bleached), riverbend"
10344880,219,cluster_219,0.8577321982313323,"honeycomb tripe, australian (30#)"
10341390,-1,unclustered,0.0,"honeycomb tripe, beef, cargill"
10343740,-1,unclustered,0.0,"honeycomb tripe, excel (10#) #000538"
10341000,-1,unclustered,0.0,"honeycomb tripe, greater omaha (15#)"
10341010,219,cluster_219,0.8583613882969202,"honeycomb tripe, ibp (10#)"
31410,-1,unclustered,0.0,honeydew
900065,-1,unclustered,0.0,hongkong wide yacamein 6/5#
530160,-1,unclustered,0.0,hook & barrel 16-20 ct breaded shrimp
30112H,190,cluster_190,0.898454812407482,horchata (rice milk) liquid 12/32oz
301122,-1,unclustered,0.0,horchata (rice milk) powder 12/15oz
291375,550,cluster_550,1.0,hormel cinnadust bacon 16/12 oz - 12 lb
291376,550,cluster_550,0.9513674287732404,hormel cinnadust bacon-16/12oz packs
721193,-1,unclustered,0.0,hormel cooked roast beef-2/10#
744848,-1,unclustered,0.0,hormel natural juice hams-4/8#
731212,-1,unclustered,0.0,hormel sliced deli chicken breast
91060,231,cluster_231,1.0,horseradish 4/1 gal
91063,-1,unclustered,0.0,horseradish-woebber 12/5-oz
25390,-1,unclustered,0.0,hot chicken flavor ramen *samyang*
SP7046,-1,unclustered,0.0,hot dog all beef 5/1
34018,-1,unclustered,0.0,hot dog chicken
96602,-1,unclustered,0.0,hot dog chicken halal
2261422,-1,unclustered,0.0,hot dog com-wag nc fc 6-1 2/5# 21403
269210,-1,unclustered,0.0,hot dog daisy n/c 5-1 bulk
2692D,537,cluster_537,1.0,hot dog daisy nc 5-1 10/12oz 030621
2692DR,537,cluster_537,1.0,hot dog daisy skl 5-1 ret 10/12oz
2693DR,537,cluster_537,1.0,hot dog daisy skl 8-1 10/12oz
22133000,-1,unclustered,0.0,hot dog eisenberg ab 4-1 10#-z
22133002,-1,unclustered,0.0,hot dog eisenberg ab 6-1 10#-z
10038190,541,cluster_541,1.0,hot dog grf ret 12/2-oz 9#-z
221042,536,cluster_536,1.0,hot dog leon ab skl4-1 2/5# 26063
221042,536,cluster_536,1.0,hot dog leon ab skl4-1 2/5# 26063
220956,536,cluster_536,0.9954966792880121,hot dog leon pb skl5-1 2/5# 22061-z
26927411,-1,unclustered,0.0,hot dog mak b/p skl 8-1 10#
22110012,-1,unclustered,0.0,hot dog om ab 4-1 6.5-in 10#-z
22097E1,-1,unclustered,0.0,hot dog redhot-z ab skl 10-1 10#
22097D,-1,unclustered,0.0,hot dog redhot-z ab skl 8-1 10#
250682,542,cluster_542,1.0,hot dog sinai ab skl6-1 2/5# 064
250682,542,cluster_542,1.0,hot dog sinai ab skl6-1 2/5# 064
22095N3,542,cluster_542,1.0,hot dog sinai ab skl8-1 2/5# 065-z
25066,-1,unclustered,0.0,hot dog thm ab nc 02-1 11.75-in 5#
255052,-1,unclustered,0.0,hot dog thm ab nc-08-1 12/1#vp ret
25064,544,cluster_544,1.0,hot dog thm ab skl 04-1 2/5#vp
25068,544,cluster_544,1.0,hot dog thm ab skl 06-1 2/5#vp
25206,543,cluster_543,0.9006020802586586,hot dog thm pb nc 04-1 2/5#vp
25215,543,cluster_543,0.9065763005281225,hot dog thm pb nc 06-1 2/5#vp
255275,-1,unclustered,0.0,hot dog thm pb-cocktail ret 12/1#
25269,-1,unclustered,0.0,hot dog thm pb-fry 08-1 bulk 2/5#
255219,-1,unclustered,0.0,hot dog thm pb-jalap ret 12/1#
132425,-1,unclustered,0.0,hot dog thm-chicken franks 12/1#
22131124,-1,unclustered,0.0,hot dog v mini pup skl 3-in 10#-z
22126132,538,cluster_538,1.0,hot dog v nc 4`s 6 010940 10#
22129016,538,cluster_538,1.0,hot dog v nc 6`s 6 010960 10#
22129012,538,cluster_538,1.0,hot dog v nc 8`s 6 010980 10#
22131123,540,cluster_540,1.0,hot dog v skl 10-1 6-in 013302 10#
22126,540,cluster_540,1.0,hot dog v skl 4-1 6-in 013040 10#
22130,540,cluster_540,1.0,hot dog v skl 6-1 6-in 013062 10#
22129017,540,cluster_540,0.9945736235483373,hot dog v skl 7-1 6-in 013170 10#
22131125,539,cluster_539,0.9878300982908834,hot dog v skl-z 10-1 6-in 013302
22126,539,cluster_539,1.0,hot dog v skl 4-1 6-in 013040 10#
2212678,539,cluster_539,1.0,hot dog v skl-z 5-1 6-in 013190 10#
22129014,539,cluster_539,1.0,hot dog v skl-z 8-1 6-in 013180 10#
22131102,539,cluster_539,0.9878300982908834,hot dog v skl-z 9-1 6-in 013292 10#
22096NA,-1,unclustered,0.0,hot dog wag blf 2-1 2/5#-z
93014790,-1,unclustered,0.0,"hot dog, beef 8:1 vienna (5#)"
93012950,-1,unclustered,0.0,"hot dog, beef/duck (6:1)"
2209910,-1,unclustered,0.0,hot dog-$ shbyg-z 4-1 meat 10#
255052P,-1,unclustered,0.0,hot dog-$ thm-z ab nc.ret 12/1#vp
25064,544,cluster_544,1.0,hot dog thm ab skl 04-1 2/5#vp
25068P,544,cluster_544,1.0,hot dog-$ thm-z ab skl 06-1 2/5#vp
25019P,544,cluster_544,0.9966307439889873,hot dog-$ thm-z ab skl 08-1 2/6#vp
255010P,541,cluster_541,1.0,hot dog-$ thm-z ab skl 2/6/16-oz
25206P,543,cluster_543,1.0,hot dog-$ thm-z pb nc 04-1 2/5#vp
25215P,543,cluster_543,1.0,hot dog-$ thm-z pb nc 06-1 2/5#vp
25210P,543,cluster_543,1.0,hot dog-$ thm-z pb nc 08-1 2/5#vp
24808F,544,cluster_544,0.7367074023728445,hot dog-$ thm-z pb skl 08-1 2/6#
254816P,541,cluster_541,1.0,hot dog-$ thm-z pb skl4-1 15/20-oz
255275P,-1,unclustered,0.0,hot dog-$ thm-z pb-cocktail 12/1#
25269F,-1,unclustered,0.0,hot dog-$ thm-z pb-fry 08-1 2/5#
255219,-1,unclustered,0.0,hot dog thm pb-jalap ret 12/1#
132425,-1,unclustered,0.0,hot dog thm-chicken franks 12/1#
22131,538,cluster_538,0.42746065867347116,hot dog-$ v-z nc 9s 6-in 10990 10#
22107K,-1,unclustered,0.0,hot dog-$ wgf-z ab grass-fed 6#
22168G,-1,unclustered,0.0,hot dog-$ z heb nat 4-1 10#
98490000,-1,unclustered,0.0,hot dogs veggie 8.4oz-
97765830,-1,unclustered,0.0,"hot franks,dutchbrand(6-3lb"
97175740,-1,unclustered,0.0,"hot link 16ct, bar s (8/3#)"
97205740,-1,unclustered,0.0,"hot link beef 8ct, bar s (8/24oz)"
98025920,-1,unclustered,0.0,"hot link beef, moo & oink (12/2#)"
61105920,-1,unclustered,0.0,"hot link turkey, moo & oink (12/2#)"
98022340,-1,unclustered,0.0,hot links (randolph)
97585880,616,cluster_616,1.0,"hot links sausage, scott pete (12/20z)"
97876895,314,cluster_314,1.0,hot lumberjack saus8/1.5lb)roger wood
97365840,-1,unclustered,0.0,"hot rolls, williams sausage (12/1#)"
97405840,-1,unclustered,0.0,"hot sausage pattie , williams s 8/2.25"
97745830,630,cluster_630,1.0,"hot smkd beef sausage l,motor c (16/16oz"
97785830,630,cluster_630,0.931221505960142,"hot smkd sausage links,motor c (2 lbs)"
94660,632,cluster_632,1.0,hotdog chicken 12oz al safa halal
970030,238,cluster_238,0.5793839725923177,hs org juice 12/16-oz apple
970231,-1,unclustered,0.0,hs org juice 12/16-oz butterfly lem
970034,238,cluster_238,0.6000134571982276,hs org juice 12/16-oz cranberry
970028,238,cluster_238,0.666030702470697,hs org juice 12/16-oz lemonade
970032,238,cluster_238,0.7509993379246918,hs org juice 12/16-oz lemonade+tea
970025,238,cluster_238,1.0,hs org tea 12/16-oz black
970023,238,cluster_238,0.7476988447332037,hs org tea 12/16-oz blk - currant
970024,238,cluster_238,0.6756491225205615,hs org tea 12/16-oz blk - peach
970211,238,cluster_238,0.8138576680894833,hs org tea 12/16-oz blk - sweet
970026,238,cluster_238,0.7509993379246918,hs org tea 12/16-oz grn - citrus
970027,238,cluster_238,0.6350526499483254,hs org tea 12/16-oz grn - coconut
970203,238,cluster_238,0.7150769632406478,hs org tea 12/16-oz unswt blood org
970036,238,cluster_238,0.8897300976436125,hs org tea 12/16-oz unswt soba grn
970052,238,cluster_238,1.0,hs org tea 12/16-oz unswt sup-black
970053,238,cluster_238,1.0,hs org tea 12/16-oz unswt sup-green
970031,238,cluster_238,0.7298395037049543,hs org tea 12/16-oz-caf herbal mint
970037,238,cluster_238,0.7656477402386764,hs org tea 12/16-oz-caff turmeric
9670189,238,cluster_238,0.5532419036314005,hs-cbd shot green tea 8/2-oz btl
9670182,-1,unclustered,0.0,hs-cbd spkl wat orgm 24/12-oz can
623487,-1,unclustered,0.0,hungarian sm brat
70425829,-1,unclustered,0.0,"hushpuppies jalapeno, sea best (12/1#)"
70415829,-1,unclustered,0.0,"hushpuppies original, sea best (12/1#)"
290072,-1,unclustered,0.0,iberico pork racks
121701,-1,unclustered,0.0,ibp top blade flat iron-not portioned
ICE,-1,unclustered,0.0,ice cubes or crushed
2159,-1,unclustered,0.0,ice- cube 22 lb. bag
85500,-1,unclustered,0.0,iced tea filter pouch 96/1oz 6#
99999987,-1,unclustered,0.0,ics bricks -frozen chill packs bklk8
180730763,142,cluster_142,0.9521316447086103,iltaco bee f pizza puff(4pack)power play
180830763,142,cluster_142,1.0,iltaco deluxe pizza puff(4pack)powerplay
180630763,142,cluster_142,1.0,iltaco orig pizza puff(4pack)power play
180930763,142,cluster_142,0.8437496835536498,iltaco peperonpizza puff(4pack)powerplay
181030763,142,cluster_142,1.0,iltaco taco pizza puff(4pack)powerplay
78514360,171,cluster_171,1.0,imit crab flakes rtl sur panamei (30/1#)
78574360,171,cluster_171,1.0,imit crab flakes rtl sur panamei 12/2.5#
77124360,171,cluster_171,1.0,imit crab meat stck rtl sur panamei 30/1
210597,-1,unclustered,0.0,imitation abulon 24/15oz
50030,-1,unclustered,0.0,imitation breaded crab claw
50140,-1,unclustered,0.0,imitation breaded scallops
50070,-1,unclustered,0.0,imitation crab flake - china 30x1#
550012,408,cluster_408,1.0,imitation crab meat 12/2.5#
77099989,408,cluster_408,1.0,"imitation crab meat, 12x2.5, (30#)"
77079989,408,cluster_408,1.0,"imitation crab meat, 30x1lb. (30#)"
50050,-1,unclustered,0.0,imitation crab stick- minced stick
99009980,-1,unclustered,0.0,"impossible burger, 4/1, vegan patties"
95230,-1,unclustered,0.0,inca kola 8/2 liter soda
901223,-1,unclustered,0.0,"incredicrisp 3/8"" straight cut fries-6/5"
59049960,-1,unclustered,0.0,inedible chicken product cases (40#)
16049980,-1,unclustered,0.0,"inner skirts, (australian), grainfed"
16044544,971,cluster_971,0.7739129411352148,"inner skirts, 5star (ch)"
16044545,-1,unclustered,0.0,"inner skirts, 5star (sel)"
16041054,971,cluster_971,0.8585949316356506,"inner skirts, afg (ch)"
16041056,971,cluster_971,0.8221246246148414,"inner skirts, afg (nr)"
16043794,-1,unclustered,0.0,"inner skirts, black mountain (ch)"
16044664,614,cluster_614,1.0,"inner skirts, canadian diamond"
16044667,614,cluster_614,1.0,"inner skirts, canadian diamond (a)"
16044665,614,cluster_614,0.8728259008290753,"inner skirts, canadian diamond (aa)"
16044662,614,cluster_614,0.6206297718736064,"inner skirts, canadian diamond cangus 3a"
16044663,614,cluster_614,0.7184054972087675,"inner skirts, canadian diamond changu 3a"
16041396,-1,unclustered,0.0,"inner skirts, circle t (nr)"
16043896,-1,unclustered,0.0,"inner skirts, clear river (n/r)"
106400003,970,cluster_970,1.0,"inner skirts, creekstone (ch)"
16041201,-1,unclustered,0.0,"inner skirts, creekstone (prime)"
16041173,968,cluster_968,1.0,"inner skirts, demkota (ch_angus)"
16041176,968,cluster_968,1.0,"inner skirts, demkota (nr)"
16041175,968,cluster_968,1.0,"inner skirts, demkota (sel)"
16043340,614,cluster_614,1.0,"inner skirts, diamond canada (a)"
16043742,-1,unclustered,0.0,"inner skirts, excel (cangus)"
16043744,-1,unclustered,0.0,"inner skirts, excel (ch)"
16041074,-1,unclustered,0.0,"inner skirts, farm fresh 12/1pc (ch)"
16041002,-1,unclustered,0.0,"inner skirts, greateromaha (cangus)"
16041004,971,cluster_971,0.8396602024617463,"inner skirts, greateromaha (ch)"
16041000,971,cluster_971,0.8230317525170467,"inner skirts, greateromaha (hereford)"
16041001,-1,unclustered,0.0,"inner skirts, greateromaha (prime)"
16044496,852,cluster_852,1.0,"inner skirts, harmony"
16044495,852,cluster_852,1.0,"inner skirts, harmony (aa)"
16044494,852,cluster_852,1.0,"inner skirts, harmony (aaa)"
16044490,-1,unclustered,0.0,"inner skirts, harmony canada"
160410040,970,cluster_970,1.0,"inner skirts, heartland (ch)"
16043556,970,cluster_970,1.0,"inner skirts, heartland (n/r)"
16403556,-1,unclustered,0.0,"inner skirts, heartland (n/r_angus)"
16044956,1056,cluster_1056,0.9856169095499601,"inner skirts, heritage beef"
120800001,971,cluster_971,0.8236459302788639,"inner skirts, ibp (cangus)"
16041014,971,cluster_971,1.0,"inner skirts, ibp (ch)"
16043576,971,cluster_971,1.0,"inner skirts, ibp (n/r)"
16043575,971,cluster_971,1.0,"inner skirts, ibp (sel)"
16041013,-1,unclustered,0.0,"inner skirts, ibp star ranch (ch_angus)"
16041162,-1,unclustered,0.0,"inner skirts, iowa premium (cangus)"
16041024,971,cluster_971,0.786130786574323,"inner skirts, national (ch)"
16141024,971,cluster_971,0.786130786574323,"inner skirts, national hereford (ch)"
16044674,-1,unclustered,0.0,"inner skirts, northern gold (aaa)"
16041076,-1,unclustered,0.0,"inner skirts, paloduro (nr)"
16041085,577,cluster_577,0.937408174699563,"inner skirts, st. helens (aa)"
16043754,577,cluster_577,0.9837315603283682,"inner skirts, st. helens (aaa)"
16044574,577,cluster_577,1.0,"inner skirts, st. helens (ch)"
16044573,577,cluster_577,0.9098309468331262,"inner skirts, st. helens (ch_angus)"
16044576,577,cluster_577,1.0,"inner skirts, st. helens (n/r)"
16044575,577,cluster_577,1.0,"inner skirts, st. helens (sel)"
16043352,-1,unclustered,0.0,"inner skirts, swift (cangus)"
16043354,-1,unclustered,0.0,"inner skirts, swift (ch)"
16043364,-1,unclustered,0.0,"inner skirts, topshelf (ch)"
16041075,-1,unclustered,0.0,"inner skirts, topshelf (sel)"
16045164,1056,cluster_1056,0.9856169095499601,"inner skirts, true west beef (ch)"
16043332,970,cluster_970,0.9782243297202848,"inner skirts, upper iowa (cangus)"
16043334,970,cluster_970,1.0,"inner skirts, upper iowa (ch)"
16041144,-1,unclustered,0.0,"inner skirts, westernreserve (ch)"
11193794,-1,unclustered,0.0,inside round (cosmo) black mountain (ch)
11194496,-1,unclustered,0.0,inside round (cosmo) harmony
111911440,-1,unclustered,0.0,inside round (cosmo) western reserve
174004,254,cluster_254,0.9805922117451998,"inside round cap and side, ch"
11191014,390,cluster_390,0.9490637694678441,inside round cosmo ibp (ch)
11193575,390,cluster_390,0.9490637694678441,inside round cosmo ibp (sel)
11299984,254,cluster_254,1.0,inside round denuded (ch)
11183575,-1,unclustered,0.0,"inside round slcd & peeled, ibp (select)"
11191054,390,cluster_390,1.0,"inside round xt, afg (ch)"
11193694,390,cluster_390,0.853582517369691,"inside round xt, aurora (ch)"
11191214,390,cluster_390,0.8664924531377582,"inside round xt, creekstone (ch)"
11191211,-1,unclustered,0.0,"inside round xt, creekstone (prime)"
11191002,390,cluster_390,0.9531990425431218,"inside round xt, greateromaha (cangus)"
11191004,390,cluster_390,1.0,"inside round xt, greateromaha (ch)"
11194564,390,cluster_390,0.903009788329357,"inside round xt, greateromaha (hereford)"
11191001,390,cluster_390,0.891214687429963,"inside round xt, greateromaha (prime)"
111910040,390,cluster_390,1.0,"inside round xt, greateromaha halal (ch)"
11191874,390,cluster_390,1.0,"inside round xt, halal nebraska (ch)"
11191873,390,cluster_390,1.0,"inside round xt, halal nebraska (ch_ang)"
11191012,390,cluster_390,0.9779767073297319,"inside round xt, ibp (cangus)"
11193574,390,cluster_390,1.0,"inside round xt, ibp (ch)"
11173575,390,cluster_390,0.9708577640448144,"inside round xt, ibp (sel)"
11191013,390,cluster_390,0.844092290916213,"inside round xt, ibp star ranch (ch_angu"
11191162,390,cluster_390,0.987753506175059,"inside round xt, iowa premium (cangus)"
11191162,390,cluster_390,0.9510317616022279,"inside round xt, iowa premium (cangus)"
11191022,390,cluster_390,0.987753506175059,"inside round xt, national (cangus)"
11191024,390,cluster_390,0.921494973634477,"inside round xt, national (ch)"
11291872,390,cluster_390,0.976471571483643,"inside round xt, nebraska halal (cangus)"
11193334,390,cluster_390,0.8664924531377582,"inside round xt, upper iowa (ch)"
11191142,390,cluster_390,0.990365498168892,"inside round xt, westernreserve (cangus)"
11191144,390,cluster_390,0.990365498168892,"inside round xt, westernreserve (ch)"
11191141,390,cluster_390,0.8624448010401422,"inside round xt, westernreserve (prime)"
11391876,-1,unclustered,0.0,"inside round xt,nebraska gold (nr_angus)"
11291310,254,cluster_254,1.0,"inside round, denuded 7up, four star"
174005,254,cluster_254,1.0,"inside round, denuded, ch"
11193744,-1,unclustered,0.0,"inside round, excel (ch)"
11191320,390,cluster_390,0.8535531120232154,"inside round, mex gusi"
11191120,-1,unclustered,0.0,"inside round, mex praderas"
150111,-1,unclustered,0.0,"inside skirt, grass fed, new zealand"
150012,-1,unclustered,0.0,chk wog 3.50-3.75# bdc 10hd
150014,357,cluster_357,1.0,"inside skirt, processed (mexican)"
154014,357,cluster_357,1.0,"inside skirt, processed, (domestic ch)"
150060,-1,unclustered,0.0,inside skirts 60#/cs
150011,-1,unclustered,0.0,"inside skirts, grass fed, pilot"
158003,-1,unclustered,0.0,"inside skirts, peeled, imported wagyu"
83770,-1,unclustered,0.0,instant sour paste tom yum -sp505
96025,-1,unclustered,0.0,irish moss
620004,-1,unclustered,0.0,irregular sliced roast beef
620021,-1,unclustered,0.0,irregular sliced turkey breast
729795,-1,unclustered,0.0,italian roast beef top round
620091,-1,unclustered,0.0,italian saus patty 4-1 10lb
SP732,-1,unclustered,0.0,italian sausage - bulk/ground
94415070,-1,unclustered,0.0,"italian sausage 5-1, f/c, ogden f. 12/1#"
97515850,1031,cluster_1031,1.0,"italian sausage hot, s f (8/19oz)"
SP724,1031,cluster_1031,1.0,italian sausage mild 4 oz
97505850,1031,cluster_1031,1.0,"italian sausage mild, s f (8/19oz)"
390224,-1,unclustered,0.0,"italian short cuts, 7#, perdue 4220"
390027,-1,unclustered,0.0,"italian, perfect portion, perdue"
38569901,-1,unclustered,0.0,italiansausage in natural
84206,189,cluster_189,1.0,breaded chicken patties 10/2#
629260,1037,cluster_1037,0.7039563260236589,j dean ckd pork sausage links-12/38.4oz
290600,-1,unclustered,0.0,j. dean 4/150ct cooked bacon
610008,-1,unclustered,0.0,j. dean ckd turkey sausage patties
620092,-1,unclustered,0.0,j.dean bulk italian saus-12/1#
620093,-1,unclustered,0.0,j.dean ckd pork saus patty
620094,1036,cluster_1036,1.0,j.dean ckd pork sausage links
620095,1036,cluster_1036,1.0,j.dean ckd pork sausage links-30#
610005,-1,unclustered,0.0,j.dean ckd turkey saus links
610518,1036,cluster_1036,1.0,j.dean ckd turkey sausage link
619975,-1,unclustered,0.0,j.o. full muscle smkd tky bst 2/9 -10 lb
710030,-1,unclustered,0.0,j.o. turkey ham log-30#
100000005,241,cluster_241,1.0,jalapeno cheddar brat fs 00814
100000002,241,cluster_241,1.0,jalapeno cheddar brat retail 00803
90346032,-1,unclustered,0.0,jalapeno pep slcd la cos 6/#10
90346W,285,cluster_285,0.9409889532263999,jalapeno pep whl caj chef 4/1 gal
84002,-1,unclustered,0.0,jalapeno peppers 2/2.5# bags
31922,-1,unclustered,0.0,jamaican 10# yellow onion
89003,-1,unclustered,0.0,jamaican drink mix sour dailys
85442,-1,unclustered,0.0,jamaican lid clr 32jlr
31102,-1,unclustered,0.0,jamaican plantain 20#
742320,-1,unclustered,0.0,jamestown smoked half hams
620096,-1,unclustered,0.0,jamestown smoked pork chop
95182,-1,unclustered,0.0,jarritos coconut water w/pulp
95002,326,cluster_326,1.0,jarritos fruit punch 1.5 lt plastic
95001,326,cluster_326,1.0,jarritos fruit punch 18oz plastic
95000,326,cluster_326,0.9258265183358471,jarritos fruit punch 24/12.5oz glas
95071,-1,unclustered,0.0,jarritos grapefruit plastic toronja
95140,326,cluster_326,0.9090644835445051,jarritos guava 24/12.5 oz
95130,326,cluster_326,0.8297872922713903,jarritos jamaica 24/12.5 oz
95092,326,cluster_326,1.0,jarritos lime plastic 1.5 liter
95012,326,cluster_326,1.0,jarritos mandarin 1.5liter plastic
95010,326,cluster_326,1.0,jarritos mandarin 24/12.5oz glass
95042,326,cluster_326,1.0,jarritos mango 1.5 liter plastic
95112,326,cluster_326,0.9313273923513343,jarritos mineragua 1.5liter plastic
95110,326,cluster_326,1.0,jarritos mineragua 24/12.5oz glass
95032,326,cluster_326,0.8630437619371383,jarritos pineapple 1.5 liter plastc
95030,326,cluster_326,1.0,jarritos pineapple 24/12.5oz glass
95031,326,cluster_326,1.0,jarritos pineapple soda18oz plastic
95070,326,cluster_326,0.9538224880650118,jarritos soda grapefruit 24/12.5oz
95091,326,cluster_326,1.0,jarritos soda limon 18oz plastic
95090,326,cluster_326,1.0,jarritos soda limon 24/12.5oz glass
95011,326,cluster_326,1.0,jarritos soda mandarin 18oz plastic
95040,326,cluster_326,1.0,jarritos soda mango 24/12.5oz
95021,326,cluster_326,1.0,jarritos soda tamarindo 18oz plastc
95080,326,cluster_326,1.0,jarritos strawberry 24/12.5oz glass
95022,326,cluster_326,0.8581142813776156,jarritos tamarindo 1.5 liter plastc
95020,326,cluster_326,1.0,jarritos tamarindo 24/12.5oz glass
84620,-1,unclustered,0.0,jasmine tea 5x6 * yume* 5204
96015,-1,unclustered,0.0,jcs champagne
96030,-1,unclustered,0.0,jcs coconut cream
96009,172,cluster_172,0.9059474965346687,jcs cream soda
96006,-1,unclustered,0.0,jcs ginger sodas
96010,197,cluster_197,0.8199522366636501,jcs grapefruit
96013,197,cluster_197,1.0,jcs guva nectar
96014,197,cluster_197,1.0,jcs guva pineapple nectar
96005,-1,unclustered,0.0,jcs irish moss beer
96007,-1,unclustered,0.0,jcs kola champagne
96011,197,cluster_197,0.9731416375330055,jcs mango carrot nectar
96012,197,cluster_197,1.0,jcs mango nectar
96008,197,cluster_197,0.8495741830258761,jcs pineapple
626350,-1,unclustered,0.0,jd fc pork saus patty 1.25/oz; 8/30 oz
610007,-1,unclustered,0.0,jdean ckd turkey saus patty
91098013,-1,unclustered,0.0,jelly assorted cups 200/.5 oz #4
99999913,-1,unclustered,0.0,"jemm, 2/1, patties"
99999912,-1,unclustered,0.0,"jemm, 4/1, patties"
620022,1082,cluster_1082,1.0,jennie o 4oz iqf turkey fillet
620025,791,cluster_791,1.0,jennie o cooked turkey breast strips
717272,791,cluster_791,1.0,jennie o herb roasted turkey breast
620023,-1,unclustered,0.0,jennie o shred turkey breast
611952,-1,unclustered,0.0,jennie o sweet ital trky saus 8/19.52 oz
716920,-1,unclustered,0.0,jennie o turkey salami-2/10#
620024,-1,unclustered,0.0,jennie o turkey taco meat
620008,-1,unclustered,0.0,jennieo deli chicken breast
900654,192,cluster_192,0.9171900899848853,jerk chicken soup-4/4#
96043,-1,unclustered,0.0,cup 01 oz pir 50/50ct
620097,-1,unclustered,0.0,jimmy dean pork sausage roll
620098,-1,unclustered,0.0,john 5-1 ckd italian sausage
620099,-1,unclustered,0.0,john. ckd ultimate 4-1 brat
626916,-1,unclustered,0.0,johnsonville 1.5oz ckd pork saus patty
620100,-1,unclustered,0.0,johnsonville 5-1 ckd brat link
621546,-1,unclustered,0.0,johnsonville 5-1 skinless smoked polish
207900021,-1,unclustered,0.0,"johnsonville bratwurs links, 5:1, (10lb)"
611911,-1,unclustered,0.0,johnsonville ckd turkey saus links
207900041,-1,unclustered,0.0,"johnsonville italian sausage, 5:1, 10lb"
207900025,-1,unclustered,0.0,"johnsonville orig. brat links, (6/2.375)"
624585,-1,unclustered,0.0,johnsonville raw original brat links
622657,-1,unclustered,0.0,johnsonville rtc bulk italian-8/1#
622225,-1,unclustered,0.0,johnsonville sliced summer-5#
620101,-1,unclustered,0.0,jones precooked sausage patty
97878950,-1,unclustered,0.0,"jowl bacon, slcd smkd, roger wood (9/1#)"
40139980,-1,unclustered,0.0,"jowls, pork"
40031060,-1,unclustered,0.0,"jowls, pork indiana (60#)"
190069,-1,unclustered,0.0,jr 80-20 ground beef-frozen (10#)
90614,-1,unclustered,0.0,juice orange 6/64 oz tropicana
906159,320,cluster_320,0.7896356526275895,juice pineapple 12/46 oz
906166,-1,unclustered,0.0,juice pineapple 4/1 gal
906184,-1,unclustered,0.0,juice tomato 12/46oz sacramento
920235,1,cluster_1,0.33725249833834026,july 4th feature
62232,-1,unclustered,0.0,jumbo squid ( bag ) korea/uruguay
62231,30,cluster_30,1.0,jumbo squid - 600 up (36#) taiwan
97595880,-1,unclustered,0.0,"jumbo weiners, scott pete (12 #)"
31920,-1,unclustered,0.0,jumbo yellow onion
97369,532,cluster_532,0.6604669647052724,kabab roll lamb kaiser halal
97819,532,cluster_532,0.6291930643662219,kabob chicken adana kaiser halal
97437,532,cluster_532,0.6539059325984722,kabob chicken roll kaiser halal
97987,532,cluster_532,0.6672975208905755,kabob lamb kofta kaiser halal
1319854,-1,unclustered,0.0,kabob pork p&s 10#-z * mfg charge
97642,-1,unclustered,0.0,kabob shami chicen kaiser halal
621012,-1,unclustered,0.0,kahn 10-1 all beef hot dogs-12#
904345,-1,unclustered,0.0,kahn`s choice cooked pot roast-4/4.5#
501319,113,cluster_113,0.6828453728853008,kale 24ct
31555,-1,unclustered,0.0,kale c & t 4/2.5#
750020,-1,unclustered,0.0,kb large stick bologna 2pc cs
141102,-1,unclustered,0.0,"kc strip steak, prime, 10/20oz"
141108,-1,unclustered,0.0,"kc strip steak, prime, 14oz"
144301,-1,unclustered,0.0,"kc strip, dry age, ch, 16oz"
620052,-1,unclustered,0.0,kent 5-1 10.5 hot dog-10#
85271,207,cluster_207,0.897103389969371,kernel cut corn 20 lb bulk
620128,-1,unclustered,0.0,kessler rib - cut up
620229,-1,unclustered,0.0,kessler rib center cut
83970,-1,unclustered,0.0,ketchup * hunt`s* 38251
91091,205,cluster_205,0.561679380822505,ketchup heinz 6/#10
91091015,205,cluster_205,1.0,ketchup heinz upsdwn 12/20 oz
91091016,205,cluster_205,1.0,ketchup heinz upsdwn 24/14oz glass
91091011,205,cluster_205,1.0,ketchup heinz upsdwn 30/20 oz
91092,-1,unclustered,0.0,ketchup pp red gold 1000 ct
91093,205,cluster_205,0.561679380822505,ketchup red gold 6/#10
91091017,205,cluster_205,0.7655865063526702,ketchup rg upsdwn 16/20oz
10331020,-1,unclustered,0.0,"kidney, beef, 6 pk national"
10131050,524,cluster_524,1.0,"kidney, beef, afg (#30)"
10133690,-1,unclustered,0.0,"kidney, beef, aurora"
10131020,524,cluster_524,1.0,"kidney, beef, national (#30)"
10133330,524,cluster_524,0.9069818290175473,"kidney, beef, upper iowa"
10131140,524,cluster_524,1.0,"kidney, beef, western reserve (30#)"
40219980,-1,unclustered,0.0,"kidney, pork"
84920,-1,unclustered,0.0,kikkoman soy sauce 5 gallon red
905551,-1,unclustered,0.0,kikkoman soy sauce-5 gallon
84371,-1,unclustered,0.0,kikkoman sriracha hot chili sauce 6/4#
51013,-1,unclustered,0.0,king crab legs 14-17
51014,384,cluster_384,1.0,king crab legs 16-20
72002109,886,cluster_886,1.0,"king fish, stk 10-12oz, channel (10#)"
72019989,886,cluster_886,1.0,"king fish, stk 6-8oz (10#)"
72012109,886,cluster_886,1.0,"king fish, stk 6-8oz channel (10#)"
72011389,886,cluster_886,1.0,"king fish, stk 6-8oz, (20#)"
72029989,886,cluster_886,1.0,"king fish, stk 8-10oz (10#)"
72022109,886,cluster_886,1.0,"king fish, stk 8-10oz (10#) channel"
72021389,886,cluster_886,1.0,"king fish, stk 8-10oz, (36#)"
72051389,498,cluster_498,0.9744046786991598,"king fish, whole 3-5, (60#)"
72061789,-1,unclustered,0.0,"king fish, whole 8+, netuno (66#)"
78711649,-1,unclustered,0.0,"king mackerel, 10-up,"
78191649,-1,unclustered,0.0,"king mackerel, 5-up,"
78201789,-1,unclustered,0.0,"king mackerel, 8-up, netuno (66#)"
580001,-1,unclustered,0.0,kitchen seafood 16/20ct fan
580002,-1,unclustered,0.0,kitchen seafood lobster cakes
620271,-1,unclustered,0.0,klements 5-1 all beef hot dog
620521,-1,unclustered,0.0,klements white/yellow ched pork brat
99035,-1,unclustered,0.0,knives plst wht 1000ct
99046,-1,unclustered,0.0,knives stk plst 12ct
84311,-1,unclustered,0.0,breaded coco jamaican 25ct
180012,-1,unclustered,0.0,knuckle bones
11129984,531,cluster_531,1.0,"knuckle pld, (ch)"
11124544,531,cluster_531,0.7621501123831221,"knuckle pld, 5star (ch)"
11121054,531,cluster_531,1.0,"knuckle pld, afg (ch)"
11123693,-1,unclustered,0.0,"knuckle pld, aurora (ch_angus)"
11121032,531,cluster_531,0.6471172318350078,"knuckle pld, blueribbon (cangus)"
11121034,531,cluster_531,0.6733169964762266,"knuckle pld, blueribbon (ch)"
11121204,-1,unclustered,0.0,"knuckle pld, creekstone (ch)"
11121201,-1,unclustered,0.0,"knuckle pld, creekstone (prime)"
11123344,-1,unclustered,0.0,"knuckle pld, diamond beef (aaa)"
111233440,531,cluster_531,0.6478782973250102,"knuckle pld, diamondbeef cangus (aaa)"
11123744,-1,unclustered,0.0,"knuckle pld, excel (ch)"
11121002,-1,unclustered,0.0,"knuckle pld, greateromaha (cangus)"
11121004,531,cluster_531,0.6900482115296391,"knuckle pld, greateromaha (ch)"
11121001,531,cluster_531,0.6636350454810592,"knuckle pld, greateromaha (prime)"
11131000,531,cluster_531,0.6249912534358644,"knuckle pld, greateromaha halal"
11131002,-1,unclustered,0.0,"knuckle pld, greateromaha halal (cangus)"
11124496,522,cluster_522,1.0,"knuckle pld, harmony"
11124495,522,cluster_522,1.0,"knuckle pld, harmony (aa)"
11124494,522,cluster_522,1.0,"knuckle pld, harmony (aaa)"
11121012,531,cluster_531,0.6668099301201167,"knuckle pld, ibp (cangus)"
11121014,531,cluster_531,1.0,"knuckle pld, ibp (ch)"
11121013,466,cluster_466,0.8519755910743212,"knuckle pld, ibp star ranch (ch_angus)"
11121320,-1,unclustered,0.0,"knuckle pld, mex gusi"
11121120,-1,unclustered,0.0,"knuckle pld, mex praderas"
11121022,531,cluster_531,0.6700196025276607,"knuckle pld, national (cangus)"
11121024,531,cluster_531,0.7801548244165135,"knuckle pld, national (ch)"
11121872,466,cluster_466,1.0,"knuckle pld, nebraska beef (cangus)"
11121873,466,cluster_466,1.0,"knuckle pld, nebraska beef (ch_angus)"
11121876,466,cluster_466,1.0,"knuckle pld, nebraska beef (nr_angus)"
11125342,-1,unclustered,0.0,"knuckle pld, riverbend ranch (cangus)"
11123352,531,cluster_531,0.6615963112962313,"knuckle pld, swift (cangus)"
11123354,531,cluster_531,0.6845346286776257,"knuckle pld, swift (ch)"
11123353,531,cluster_531,0.6597962599384115,"knuckle pld, swift (ch_angus)"
11123364,531,cluster_531,0.6933248757534718,"knuckle pld, top shelf (ch)"
11123334,-1,unclustered,0.0,"knuckle pld, upper iowa (ch)"
11123333,466,cluster_466,1.0,"knuckle pld, upper iowa (ch_angus)"
11122404,-1,unclustered,0.0,"knuckle pld, us212 (ch)"
11121142,531,cluster_531,0.6700196025276607,"knuckle pld, westernreserve (cangus)"
11121144,531,cluster_531,0.636423028395573,"knuckle pld, westernreserve (ch)"
11121141,531,cluster_531,0.6142155819820492,"knuckle pld, westernreserve (prime)"
41691,-1,unclustered,0.0,knuckles cow halal frz
190057,-1,unclustered,0.0,kohler grind 3.5oz puck
84240,188,cluster_188,0.9247188386081483,kokuho rice 50# medium grain
96002,-1,unclustered,0.0,kola champagne syrup
84510,-1,unclustered,0.0,kong moon rice stick *super chef*
310162,-1,unclustered,0.0,kopp`s 6oz s/l fresh b&s chicken. breast
710001,-1,unclustered,0.0,kosher sliced roasted tky brst
711026,-1,unclustered,0.0,kosher sliced smk turkey brst
711227,-1,unclustered,0.0,kosher sliced turkey bologna
711027,-1,unclustered,0.0,kosher sliced turkey salami
78881,-1,unclustered,0.0,kosher tray pack chicken breast
610128,550,cluster_550,0.9580878900279436,kosher turkey bacon-12/8oz
710127,-1,unclustered,0.0,kosher turkey pastrami-12/7oz
620027,-1,unclustered,0.0,kosher whole turkeys
99333331,-1,unclustered,0.0,kraft senior bags with handle
620261,367,cluster_367,0.9828550475725054,krakow polish 4x6 cooked hams-2/12#
501390,-1,unclustered,0.0,kraut new-7450
620009,-1,unclustered,0.0,ham serrano
83460,-1,unclustered,0.0,kum chun oyster sauce ( black label)
97456320,6,cluster_6,1.0,l
901212,-1,unclustered,0.0,la rustichella black truffle pate
22081012,-1,unclustered,0.0,label pre-printed thermal 12/700ct
74,-1,unclustered,0.0,lables 3.5x5.25
75,-1,unclustered,0.0,"lables 4x3-3""core thermo"
85670,64,cluster_64,1.0,lafiness black garlic marinade
85740,63,cluster_63,1.0,lafiness bourbon & black pepper
85730,-1,unclustered,0.0,lafiness californian style orange
85720,-1,unclustered,0.0,lafiness caribbean style jerk
85770,64,cluster_64,0.5942399617424421,lafiness citrus & lemon marinade
85690,64,cluster_64,0.46412872971565916,lafiness garlic & parmesan
85750,62,cluster_62,0.7291200444825298,lafiness rosemary & herbs
85660,64,cluster_64,1.0,lafiness savory garlic marinade
85710,-1,unclustered,0.0,lafiness smokey alabama style grill
85780,63,cluster_63,1.0,lafiness smokey jalapeno & tequila
85700,63,cluster_63,1.0,lafiness spicy buffalo style marin.
85790,63,cluster_63,0.916606158459048,lafiness sweet onion & herbs
85680,64,cluster_64,0.5942399617424421,lafiness teriyaki style marinade
85760,64,cluster_64,1.0,lafiness wild garlic marinade
591011,-1,unclustered,0.0,lake perch-11# box
590013,-1,unclustered,0.0,lake smelt dressed
30620,358,cluster_358,0.8267378724198715,lamb (mutton) - 6-way cut nz
58557800,346,cluster_346,1.0,lamb -beef gyros cones 2/20# cs
20009980,-1,unclustered,0.0,lamb baby
420008,-1,unclustered,0.0,lamb belly
56974600,-1,unclustered,0.0,lamb belly b/out fresh
420009,-1,unclustered,0.0,lamb bones
37862,-1,unclustered,0.0,lamb bones hind trotters halal
12253,-1,unclustered,0.0,lamb bones-z mixed 50#
12250977,-1,unclustered,0.0,lamb bones-z seder 10#
12250978,-1,unclustered,0.0,lamb bones-z trotter 10# sup
32305,-1,unclustered,0.0,lamb brains nz
30045,-1,unclustered,0.0,lamb breast aus bulk
55629550,-1,unclustered,0.0,lamb breast b/in fresh
121214,-1,unclustered,0.0,lamb breast bi [4p]
4185,985,cluster_985,0.9488467154376705,lamb breast boneless
55629560,985,cluster_985,0.9488467154376705,lamb breast boneless fresh
55564400,-1,unclustered,0.0,lamb breast legs auss
20085960,-1,unclustered,0.0,"lamb breast, 6-2 superior farms"
28009980,-1,unclustered,0.0,"lamb breast, trimmed"
20015440,-1,unclustered,0.0,"lamb carcass 6-way cut, 40/down hillside"
12001FR,880,cluster_880,1.0,lamb carcass usa 20-40# spring
12003FR,880,cluster_880,1.0,lamb carcass usa 40-45#
1200010,880,cluster_880,1.0,lamb carcass usa 45-80# head off
1200100,880,cluster_880,1.0,lamb carcass usa>cut00
120001,983,cluster_983,1.0,"chuck eyeroll, sliced thin"
12000465,983,cluster_983,1.0,lamb carcass-z aus >2-in-sq 45#
1200NZ,983,cluster_983,1.0,lamb carcass-z nze 26#
12001FR,880,cluster_880,0.9695923086337931,lamb carcass usa 20-40# spring
420000,-1,unclustered,0.0,lamb casing
58479600,-1,unclustered,0.0,lamb casings sheep
12262,619,cluster_619,1.0,lamb caul fat-z sup
51028002,-1,unclustered,0.0,lamb chop 2-2.2 oz frenched new zealand
52502000,-1,unclustered,0.0,lamb chop lollipop
20079980,-1,unclustered,0.0,"lamb chops lolli pop, 60ct"
51301400,-1,unclustered,0.0,lamb chuck square
30507,-1,unclustered,0.0,lamb cube b/i 10/3# halal
51503060,-1,unclustered,0.0,"lamb cubes 1""x 1"""
51503050,-1,unclustered,0.0,"lamb cubes 1""x 1"" for kabobs"
420500,-1,unclustered,0.0,lamb denver ribs
1224420,-1,unclustered,0.0,lamb diced fmc 10#
12244,-1,unclustered,0.0,lamb diced leg 2-in 10#
1224424,-1,unclustered,0.0,lamb diced shl-bnl 1-1.5-in 2/5#
1224440,-1,unclustered,0.0,lamb diced shld 4-oz skewer 2/5#vp
1224628,982,cluster_982,1.0,lamb diced-z aus hal 10#
12246000,-1,unclustered,0.0,lamb diced-z stew pio 10#
59560001,619,cluster_619,1.0,lamb fat
12265,619,cluster_619,1.0,lamb fat suet-z
122521,-1,unclustered,0.0,lamb fat wolv-z 50#
12252,-1,unclustered,0.0,lamb fat ~m
20105960,-1,unclustered,0.0,"lamb fat, caps bulk, superior farms"
121217,-1,unclustered,0.0,lamb feet aus-z
121215,-1,unclustered,0.0,lamb feet ~m
20115960,-1,unclustered,0.0,"lamb feet, white, superior farms"
30171,-1,unclustered,0.0,lamb femur bones fzn
12254801,-1,unclustered,0.0,lamb flank untrimmed-z mar 60#
51503000,-1,unclustered,0.0,lamb for stewing (diced)
18022470,-1,unclustered,0.0,"lamb fore shank, 10-14oz, thomas"
30114,-1,unclustered,0.0,lamb foreshank bone-in aussie
121426,-1,unclustered,0.0,lamb foreshank ~m
121427,-1,unclustered,0.0,lamb foreshank-z frf 10p
1214206,924,cluster_924,0.8334110653177815,lamb foreshank-z sup 4pk/2pc 8-12#
1204511,670,cluster_670,1.0,lamb foreshank-z-aus 14-18-oz 50#
1204512,670,cluster_670,1.0,lamb foreshank-z-aus 18-22-oz 50#
1204510,670,cluster_670,1.0,lamb foreshank-z-nze 10-14-oz 42#
20285960,-1,unclustered,0.0,"lamb fries, bulk superior farms (10#)"
58957770,-1,unclustered,0.0,lamb glace -
122488,988,cluster_988,0.6529849339049136,lamb grnd fmc shld 10#-vp
122488,988,cluster_988,0.7008936525858247,lamb grnd fmc shld 10#-vp
123232,-1,unclustered,0.0,lamb grnd frf 8/1#
12249006,-1,unclustered,0.0,lamb grnd frf pat-02-oz 16/4p 8#-z
123236,982,cluster_982,1.0,lamb grnd-aus-z swf hal 4/2.5#
123235,982,cluster_982,0.9799993476376333,lamb grnd-aus-z tom hal 4/2.5#
57310720,656,cluster_656,1.0,lamb ground fresh
57310630,-1,unclustered,0.0,lamb ground frozen fine
57310681,-1,unclustered,0.0,lamb ground patties 2 oz mini sliders
57310631,-1,unclustered,0.0,lamb ground patties 3/1
36802,-1,unclustered,0.0,lamb head 10pk
59990009,-1,unclustered,0.0,lamb head split
12257,-1,unclustered,0.0,lamb head-z sup 10ct
20069980,-1,unclustered,0.0,"lamb heads,"
37058,-1,unclustered,0.0,lamb heart
20059980,-1,unclustered,0.0,lamb heart beaufort river
20051420,-1,unclustered,0.0,"lamb heart, 2/5, wolverine #10"
122562,-1,unclustered,0.0,lamb heart-z 15# mar
122510,983,cluster_983,0.9349487821890314,lamb heart-z aus 60#
12186,-1,unclustered,0.0,lamb hind saddle tr/on ~m
18029210,650,cluster_650,0.9141407870540269,"lamb hind shank, c-vac, hardwicks"
50890130,965,cluster_965,1.0,lamb hind shanks osso bucco
59890110,-1,unclustered,0.0,lamb hind shanks osso bucco new zealand/
120441,670,cluster_670,0.7721536590713708,lamb hindshank 22-24oz-z aus
30113,-1,unclustered,0.0,lamb hindshank bone-in aussie
12043B,924,cluster_924,0.9664847156730716,lamb hindshank pio 20up
12043A,924,cluster_924,1.0,lamb hindshank sup 8/20up
1225629,924,cluster_924,1.0,lamb hindshank-z frf 10/20up
12043A,924,cluster_924,1.0,lamb hindshank sup 8/20up
34090,-1,unclustered,0.0,lamb kababo
20099980,-1,unclustered,0.0,lamb kidney
36021,-1,unclustered,0.0,lamb kidney 10 lb
37322,778,cluster_778,0.8052262558982645,lamb kidney tp #4 halal
12258E1,-1,unclustered,0.0,lamb kidney-z everdene 60#
54956000,989,cluster_989,0.7529827369583203,lamb leg b/in
54735760,-1,unclustered,0.0,lamb leg b/out auss frozen
54735790,-1,unclustered,0.0,lamb leg b/out fresh
54735770,-1,unclustered,0.0,lamb leg b/out fresh halal
54735780,-1,unclustered,0.0,lamb leg b/out-netted
12180,-1,unclustered,0.0,lamb leg bi dbl-hangback sup-13902
12180,-1,unclustered,0.0,lamb leg bi dbl-hangback sup-13902
12174882,989,cluster_989,1.0,lamb leg bi t/off *__ 4p ivp
12174889,989,cluster_989,0.7840593107239099,lamb leg bi t/off dou j-4p
12174893,989,cluster_989,1.0,lamb leg bi t/off pio 4p ivp
12174886,-1,unclustered,0.0,lamb leg bi t/off sup-27362 6p
12102032,989,cluster_989,1.0,lamb leg bi t/off-z frf 4p ivp
12102034,989,cluster_989,0.8305512511684846,lamb leg bi t/off-z pro 2p ivp
122105,1198,cluster_1198,0.7806414000724836,lamb leg bi-chops cc frf 10/16-oz
59104210,986,cluster_986,0.9812424471588675,lamb leg bi-s/c new zealand
12174879,-1,unclustered,0.0,lamb leg bi>brt s/a [1p]
30000,-1,unclustered,0.0,lamb leg bone-in short cut - nz
25099980,985,cluster_985,1.0,lamb leg boneless
59124770,985,cluster_985,0.8960170660448352,lamb leg boneless australian
25092470,-1,unclustered,0.0,"lamb leg boneless, thomas"
30209,-1,unclustered,0.0,lamb leg brn nz halal
30010,985,cluster_985,0.8936998126386434,lamb leg full bone-in
54956150,-1,unclustered,0.0,lamb leg semi bnls center bone in
25025970,-1,unclustered,0.0,"lamb leg whole b/in, mcphee"
25029980,-1,unclustered,0.0,"lamb leg whole b/in, praire natural"
30208,986,cluster_986,1.0,lamb leg whole bi-aus
12214,990,cluster_990,1.0,lamb leg-bnl brt fmc 4/9# ivp 36#
12213,990,cluster_990,1.0,lamb leg-bnl brt fmc-9# ivp
12205,990,cluster_990,1.0,lamb leg-bnl brt frf 2/6#
12217,986,cluster_986,1.0,lamb leg-bnl brt-aus thm
20031230,778,cluster_778,0.8620639886510696,lamb liver
37037,778,cluster_778,1.0,lamb liver 60# halal
36001,778,cluster_778,1.0,lamb liver halal
37325,778,cluster_778,1.0,lamb liver tp #4 halal
12260,778,cluster_778,0.7912376041962659,lamb liver ~m 10#
20031420,-1,unclustered,0.0,"lamb liver, 2/5, wolverine, #10"
12261011,-1,unclustered,0.0,lamb liver-z cat
12261012,778,cluster_778,0.8620639886510696,lamb liver-z mar
24029980,-1,unclustered,0.0,lamb loin (b.r) 4 pc.
53256600,-1,unclustered,0.0,lamb loin b/ in trimmed domestic-1x1
53255100,-1,unclustered,0.0,lamb loin bone in rough
53229520,985,cluster_985,0.9324393636789422,lamb loin boneless
12322005,985,cluster_985,0.886411587018591,lamb loin boneless fm s/a
30055,-1,unclustered,0.0,lamb loin chop case ready *catelli*
53448244,1198,cluster_1198,1.0,lamb loin chops 4oz
53949500,1198,cluster_1198,0.804323245437285,"lamb loin chops 5/8"" fresh"
53448246,1198,cluster_1198,1.0,lamb loin chops 6oz
427841,-1,unclustered,0.0,lamb loin flanks
12323A,978,cluster_978,1.0,lamb loin sdl-trm 4x4 pio
12322A,978,cluster_978,0.997341395162993,lamb loin sdl-trm 4x4 sup 6p
1236,978,cluster_978,1.0,lamb loin sdl-trm splt 4x4-z pro
12325,978,cluster_978,1.0,lamb loin sdl-trm splt 4x4-z-nz 25#
53857450,931,cluster_931,1.0,lamb loin trim cut 1-1/2 thick
53610215,931,cluster_931,1.0,"lamb loin trim single cut 5/8"" t-bone"
53610277,931,cluster_931,1.0,lamb loin trim single cut 7oz t-bone cho
53610228,931,cluster_931,1.0,lamb loin trim single cut 8oz
12288,979,cluster_979,1.0,lamb loin trm br 1x1 *_
12322004,979,cluster_979,1.0,lamb loin trm br 1x1 fmc
123177,979,cluster_979,1.0,lamb loin trm br 1x1 frf 6/1.8#
12289,979,cluster_979,0.9209259622042294,lamb loin trm br 1x1 pio
1233034,979,cluster_979,0.8832263390701982,lamb loin trm br 1x1 sup 6p 10262
12322002,-1,unclustered,0.0,lamb loin trm-bnl fm
12322003,1198,cluster_1198,0.7998465984481189,lamb loin-bnl-chop 00-oz
12328,1059,cluster_1059,0.9192823098825247,lamb loin-ts-b/r>bi chop *cts
1232810,1059,cluster_1059,0.9818856037200745,lamb loin-ts-b/r>bi chop 1-in eesa
12329,1059,cluster_1059,1.0,lamb loin-ts-b/r>bi chop 4-oz eesa
12322001,1059,cluster_1059,1.0,lamb loin-ts-b/r>bi chop 4/1 eesa
123296,1059,cluster_1059,1.0,lamb loin-ts-b/r>bi chop 6-oz eesa
1233034,-1,unclustered,0.0,lamb loin trm br 1x1 sup 6p 10262
53943400,-1,unclustered,0.0,lamb loins chop ready -4/cs
30506,986,cluster_986,1.0,lamb mutton leg b/i aus
122621,-1,unclustered,0.0,lamb neck-z chp 50#
122661,-1,unclustered,0.0,lamb neck-z mar-4290 30#
20089980,-1,unclustered,0.0,lamb necks
50445577,965,cluster_965,1.0,"lamb osso bucco 2"""
50445578,965,cluster_965,1.0,"lamb osso bucco 3"""
420019,-1,unclustered,0.0,lamb patty
12010,854,cluster_854,0.8608966255548468,lamb rack 08r w *_ 10up 5p
1201104,854,cluster_854,0.7842634522726634,lamb rack 08r w frf 10up 4p
12021206,851,cluster_851,0.9121726154629501,lamb rack 08r-c fr2 c-on
12021204,851,cluster_851,1.0,lamb rack 08r-c fr2 c-on-1/2 frf 8p
12022,851,cluster_851,1.0,lamb rack 08r-d fr2 c/off sup 28-32
12017,851,cluster_851,1.0,lamb rack 08r-d fr2 c/off sup 4pc
12021,854,cluster_854,1.0,lamb rack 09r w ~m-3pc
12024,854,cluster_854,1.0,lamb rack 09r w ~m-5pc
59055112,855,cluster_855,1.0,lamb rack 10/12 frenched new zealand/
52301000,856,cluster_856,1.0,lamb rack 10^ 9 rib -
59055114,855,cluster_855,1.0,lamb rack 12/14 frenched new zealand
52312000,856,cluster_856,1.0,lamb rack 12^ 9 rib -
59055116,855,cluster_855,1.0,lamb rack 14/16 frenched new zealand
59850550,855,cluster_855,1.0,lamb rack 16/18 frenched australia
59055118,855,cluster_855,1.0,lamb rack 16/18 frenched new zealand
59055121,855,cluster_855,0.6678639358544621,lamb rack 18/20 frenched imported
59550023,855,cluster_855,1.0,lamb rack 20/22 frenched australia
59055122,855,cluster_855,1.0,lamb rack 20/22 frenched australian
59550024,855,cluster_855,1.0,lamb rack 22/24 frenched australia
59055124,855,cluster_855,1.0,lamb rack 22/24 frenched new zealand
59550026,855,cluster_855,1.0,lamb rack 24/26 frenched australian
59055126,855,cluster_855,1.0,lamb rack 24/26 frenched new zealand
30040,-1,unclustered,0.0,lamb rack 26/28
59055228,855,cluster_855,0.9096875314162707,lamb rack 26/28 frenched aus
59055128,855,cluster_855,1.0,lamb rack 26/28 frenched new zealand
59319570,-1,unclustered,0.0,lamb rack 26/28 oz frenched colorado 4pc
52319220,-1,unclustered,0.0,lamb rack 7 rib single/vac
52301800,-1,unclustered,0.0,lamb rack 8 rib 7/8lb
52319260,-1,unclustered,0.0,lamb rack 8 rib single/vac
52301600,856,cluster_856,0.9862923124817232,lamb rack 9 rib-frenched
52309000,856,cluster_856,1.0,lamb rack 9 rib-single-11up
52309900,-1,unclustered,0.0,"lamb rack 9 rib-single-11up ""colorado"""
52319251,-1,unclustered,0.0,lamb rack end chops
30041,855,cluster_855,0.9052479492586659,lamb rack frenched 16-18 nz
59550030,855,cluster_855,0.5395578276943972,lamb rack frenched australian -32 up
21019980,-1,unclustered,0.0,"lamb rack, frenched 18/20 halal"
21029980,855,cluster_855,0.5666078951657137,"lamb rack, frenched 24/26"
21009980,-1,unclustered,0.0,"lamb rack, frenched bone in"
12017,851,cluster_851,1.0,lamb rack 08r-d fr2 c/off sup 4pc
12024,854,cluster_854,1.0,lamb rack 09r w ~m-5pc
1204801,853,cluster_853,0.9883549781192201,lamb rack-z-aus f16-18 fle 16p
12055,853,cluster_853,0.8763565514352841,lamb rack-z-aus f16-18 tho 16p
12065,853,cluster_853,1.0,lamb rack-z-aus f18-20 fle 20p
12061,853,cluster_853,0.8763565514352841,lamb rack-z-aus f18-20 tho 20p
12070,853,cluster_853,1.0,lamb rack-z-aus f20-22 16p/20#
1206122,853,cluster_853,1.0,lamb rack-z-aus f22-24 fle 16p
12071,853,cluster_853,0.8757483060121146,lamb rack-z-aus f24-26 gmp 20p
120718,853,cluster_853,0.9423660709426455,lamb rack-z-aus f26-28 20p
120674,853,cluster_853,0.7402007822353945,lamb rack-z-aus f32+ wag 14p
120671,-1,unclustered,0.0,lamb rack-z-aus f34 willow bend
12044,854,cluster_854,0.7117421143821426,lamb rack-z-nze f12-14 ___ 24p
12054,853,cluster_853,0.6854229902964157,lamb rack-z-nze f16-18 aff 10/2p
12009050,-1,unclustered,0.0,lamb rib chop 18-ct
52142001,-1,unclustered,0.0,lamb rib chop 2 bn 8-9 oz
52142003,-1,unclustered,0.0,lamb rib chop 5/6oz cc imp-double bone
52142002,-1,unclustered,0.0,lamb rib chop cc domestic lollipop
123146,982,cluster_982,0.9623426560393717,lamb rib chop frnch fncy 10#
12312210,982,cluster_982,1.0,lamb rib chop-z aus frc 10#
12312102,982,cluster_982,0.9935892767291856,lamb rib chop-z nz frc 5# 3ct-vp
23009980,-1,unclustered,0.0,"lamb rib chops, vp frenched 3ct (5#)"
50004852,-1,unclustered,0.0,lamb ribs denver
58525200,-1,unclustered,0.0,lamb sausage merguez
31115,-1,unclustered,0.0,lamb shank 10/14 nz halal
59713770,650,cluster_650,1.0,lamb shanks domestic-fore
59713751,650,cluster_650,1.0,lamb shanks domestic-hind
59713750,650,cluster_650,1.0,lamb shanks domestic-hind24 # cs
59890120,649,cluster_649,0.6044663411856002,lamb shanks imported australia 14/18oz
59891012,649,cluster_649,1.0,lamb shanks imported- f/s au
59891014,649,cluster_649,0.7340319459915473,lamb shanks imported- f/s auss 10/14
59891010,649,cluster_649,1.0,lamb shanks imported- f/s new zealand
59891011,649,cluster_649,1.0,lamb shanks imported- f/s new zealand-
12086644,-1,unclustered,0.0,lamb shldr bi whole ~m
12086646,-1,unclustered,0.0,lamb shldr bi-z whl aus
12086645,-1,unclustered,0.0,lamb shldr pieces-z aus
120898,988,cluster_988,0.6444686013442006,lamb shldr sqc bi cat 4/10#
1208943,988,cluster_988,0.8845541529072001,lamb shldr sqc bi dou j 40#
120891,988,cluster_988,1.0,lamb shldr sqc bi mar 4p 4/10#
1208945,988,cluster_988,0.7237631480488997,lamb shldr sqc bi pio 40#
1208941,988,cluster_988,0.6561071593103225,lamb shldr sqc bi plm 70#
1208944,-1,unclustered,0.0,lamb shldr sqc bi pro 40#
1201113,988,cluster_988,1.0,lamb shldr sqc bi-z frf 4p
120891,988,cluster_988,1.0,lamb shldr sqc bi mar 4p 4/10#
12083,988,cluster_988,0.7019863269483073,lamb shldr sqc-bnl fmc
1208610,988,cluster_988,0.7124333654784848,lamb shldr sqc-bnl-z-aus 30#
12089108,988,cluster_988,0.6529849339049136,lamb shldr-chops fmc 10#
12272,1198,cluster_1198,0.7998465984481189,lamb shldr-chops frf 10/12-oz
24019980,-1,unclustered,0.0,"lamb short loin, b/in"
59885200,-1,unclustered,0.0,lamb short loins 0 tail -imported
58652000,985,cluster_985,0.8936998126386434,lamb shoulder bone in
420010,985,cluster_985,1.0,lamb shoulder boneless
30162,-1,unclustered,0.0,lamb shoulder boneless - fletcher
420011,-1,unclustered,0.0,lamb shoulder neck off
30160,358,cluster_358,0.8912071065080595,lamb shoulder square cut 55368 nz
30218,358,cluster_358,1.0,lamb shoulder square cut aus halal
32188,358,cluster_358,1.0,lamb shoulder square cut nz hala
22029980,-1,unclustered,0.0,"lamb shoulder, b/in"
22029210,-1,unclustered,0.0,"lamb shoulder, b/in, c-vac, hardwicks"
58104020,985,cluster_985,1.0,lamb shoulders boneless
420772,-1,unclustered,0.0,lamb sirloin-cap on-6/4pc packs
45413,-1,unclustered,0.0,lamb six-way aus-z 45#
420052,-1,unclustered,0.0,lamb stew 5# bag fresh
420052,-1,unclustered,0.0,lamb stew 5# bag fresh
53235600,-1,unclustered,0.0,lamb strip loin boneless imported
12268,253,cluster_253,1.0,lamb sweet breads-z 11# chp
12271,253,cluster_253,1.0,lamb sweet breads-z 15# sup
58955050,253,cluster_253,1.0,lamb sweetbreads
53610420,-1,unclustered,0.0,lamb tenderloin frozen
420019,-1,unclustered,0.0,lamb patty
30219,-1,unclustered,0.0,lamb tongue halal
12270,-1,unclustered,0.0,lamb tongues #1
420012,-1,unclustered,0.0,lamb top round
59610300,-1,unclustered,0.0,lamb trim loin b/out domestic
53610400,-1,unclustered,0.0,lamb trim loin fresh 1x1 chop ready
59568970,-1,unclustered,0.0,lamb trimmings -75cl pilot
59568980,-1,unclustered,0.0,lamb trimmings 75/25 frozen-71-028
20049980,-1,unclustered,0.0,lamb tripe
20041230,-1,unclustered,0.0,"lamb tripe, amp"
20045660,-1,unclustered,0.0,"lamb tripe, patagonia"
20045960,-1,unclustered,0.0,"lamb tripe, superior farms"
122615,-1,unclustered,0.0,lamb tripe-z nz/aus 50#
1226122,-1,unclustered,0.0,lamb tripe-z ovation 56#
50000000,656,cluster_656,1.0,lamb whole
20009981,-1,unclustered,0.0,lamb whole 50-60#
20009982,656,cluster_656,1.0,lamb whole carcass
90019981,109,cluster_109,1.0,lard (30#)
90019980,109,cluster_109,1.0,lard (50#)
91259900,109,cluster_109,0.8472055422666631,lard (shortening)
97103109,109,cluster_109,1.0,lard 1#
93220,109,cluster_109,0.8903999386393084,lard bb 50# cube
93222,109,cluster_109,0.9324216591251907,lard lav 50# cube
90119980,-1,unclustered,0.0,"lard lift, pork"
750011,-1,unclustered,0.0,large bologna 10#ave
95138000,-1,unclustered,0.0,lasagna meat avanza
19,-1,unclustered,0.0,latex gloves
620038,-1,unclustered,0.0,ld`s fresh polish 4/1
620029,-1,unclustered,0.0,ld`s fresh polish 4/1 zippy
411016,-1,unclustered,0.0,le quebecois 16oz veal porter house
410077,-1,unclustered,0.0,le quebecois veal butt tenders
410065,-1,unclustered,0.0,le quebecois veal porterhouse fresh
410065,-1,unclustered,0.0,le quebecois veal porterhouse fresh
410066,-1,unclustered,0.0,14-16oz frenched veal rib chop
84432,-1,unclustered,0.0,lee kum kee mushroom soysauce 12/4#
84361,52,cluster_52,1.0,lee kum kee pure sesame oil 10x55.7
410062,-1,unclustered,0.0,lees brd veal patty 40/4oz
150400001,-1,unclustered,0.0,leg meat (40#)
55005480,-1,unclustered,0.0,"leg meat, back of the yards (40#)"
55008120,958,cluster_958,1.0,"leg quarters large, chicken foster (40#)"
55001180,958,cluster_958,1.0,"leg quarters large, chicken hor (40#)"
55001280,958,cluster_958,1.0,"leg quarters large, chicken kochfoods (4"
55001290,958,cluster_958,1.0,"leg quarters large, chicken ok foods 40#"
55001360,958,cluster_958,1.0,"leg quarters large, chicken peco (40#)"
55001010,958,cluster_958,1.0,"leg quarters large, chicken tyson (40#)"
55001040,-1,unclustered,0.0,"leg quarters large, sanderson/wayne (40)"
55011290,958,cluster_958,1.0,"leg quarters medium, chicken okfoods 40#"
55019980,958,cluster_958,1.0,"leg quarters small, chicken (40#)"
55015780,-1,unclustered,0.0,"leg quarters small, chicken country 4/10"
55011250,958,cluster_958,1.0,"leg quarters small, chicken fmb (40#)"
55001300,958,cluster_958,0.9232850646517397,"leg quarters small, chicken goldenrod (4"
55011340,958,cluster_958,1.0,"leg quarters small, chicken wayne/sa 40#"
55011280,958,cluster_958,1.0,"leg quarters small, chicken, koch (40#)"
55111220,-1,unclustered,0.0,"leg quarters small, halal pilgrim`s 40#"
55001470,958,cluster_958,0.9472999978540172,"leg quarters, chicken george`s (40#)"
55004590,958,cluster_958,0.9624073643612001,"leg quarters, chicken gnp (40#)"
55004870,958,cluster_958,0.9043767625294585,"leg quarters, chicken mar-jac (40#)"
55003390,958,cluster_958,1.0,"leg quarters, chicken mountaire (40#)"
55002960,958,cluster_958,1.0,"leg quarters, chicken perdue (40#)"
55001220,958,cluster_958,1.0,"leg quarters, chicken pilgrims (40#)"
55001340,958,cluster_958,1.0,"leg quarters, chicken wayne farms (40#)"
55001850,958,cluster_958,0.9080914878425579,"leg quarters, yellow chicken harrison 40"
93019980,368,cluster_368,1.0,"legs, b/in, duck"
900227,-1,unclustered,0.0,lemanksi battered mozz sticks-27#
900027,-1,unclustered,0.0,lemanski homestyle onion rings-8/2#
31500,-1,unclustered,0.0,lemon (yellow) amarillo 165ct
33000,-1,unclustered,0.0,lemon juice -case- 8/48oz
93940,-1,unclustered,0.0,lemon juice 4/1 *pompeii*
906131,-1,unclustered,0.0,lemon juice concentrate 12/1 qts
9061323,196,cluster_196,1.0,lemon juice real-brand 4/1 gal
50166,87,cluster_87,1.0,lemons choice 115ct
50144514,87,cluster_87,1.0,lemons fancy 115 ct
50157,87,cluster_87,1.0,lemons fancy 140ct
412115,-1,unclustered,0.0,lequebecois 4oz veal liver
411502,-1,unclustered,0.0,lequebecois veal tenderloin
84560,-1,unclustered,0.0,less sodium soy sauce lkk 5gal/tub
84921,-1,unclustered,0.0,less soduim kikkoman green label
50133,114,cluster_114,0.46321441248560424,lettuce iceburg cello 24 ct
50134289,114,cluster_114,1.0,lettuce iceburg liner 24ct
50134291,114,cluster_114,1.0,lettuce iceburg liner premium 12ct
50134294,114,cluster_114,1.0,lettuce iceburg liner premium 24ct
50133401,-1,unclustered,0.0,lettuce iceburg-shred 4/5#
50134290,114,cluster_114,0.7897538824952279,lettuce liner premium 24ct
50134,115,cluster_115,1.0,lettuce romaine 24 ct
31860,115,cluster_115,1.0,lettuce romaine 24ct.
50135,115,cluster_115,1.0,lettuce romaine heart 12ct
50130140,-1,unclustered,0.0,lettuce-mix spring 3#
93693,-1,unclustered,0.0,lib 5120 shot 1.5z 2dz
99037,159,cluster_159,1.0,lid 01 oz 50/50ct pro
990373,160,cluster_160,0.6059571580173482,lid 01 oz pl1 25/100 ct dart
990323,160,cluster_160,0.6799927038664075,lid 02 oz pl2oon 20/125 dart
99032,159,cluster_159,1.0,lid 02 oz pro 50/50
99032P,159,cluster_159,1.0,lid 04 oz pl4n
990321,-1,unclustered,0.0,lid 06 oz 6jl vented
9903210,160,cluster_160,0.6688500410059802,lid 08 oz 20jl dart 1000ct
99038,-1,unclustered,0.0,lid 1.5-2.5 oz 20/125 cs
990371,-1,unclustered,0.0,lid 1/2 gal berry 200ct
99030,160,cluster_160,0.6799927038664075,lid 12 oz 12sl 10/100 dart
990368,160,cluster_160,1.0,lid 16 oz 16jl dart
990367,160,cluster_160,1.0,lid 16 oz 16sl dart
990372,-1,unclustered,0.0,lid 1gal berry 100ct
99029,160,cluster_160,0.4195717449347594,lid 20 oz 20jl vent dart 10/100 ct
99032L33,160,cluster_160,1.0,lid 32 oz 32jl dart
99032L32,160,cluster_160,0.5546179284883141,lid 32 oz 32sl slotted dart 1000ct
99508505,-1,unclustered,0.0,lid 9 board 500ct
995271,-1,unclustered,0.0,lid deli clr 16oz 500ct
10303694,377,cluster_377,0.9998630347883529,"lifter meat (blade), aurora (ch)"
10301211,377,cluster_377,1.0,"lifter meat (blade), creeckstone (prime)"
10301204,377,cluster_377,1.0,"lifter meat (blade), creekstone (ch)"
10301004,377,cluster_377,1.0,"lifter meat (blade), greateromaha (ch)"
190101,-1,unclustered,0.0,"lifter meat, trimmed, 10#pkg"
93690,196,cluster_196,1.0,lime juice *pompeii * 4/1 gallon
90613,196,cluster_196,1.0,lime juice real 4/1 gal
31570,86,cluster_86,0.6678966226881603,limes (green) - verde 200ct/230ct
50148132,86,cluster_86,0.6517201282283588,limes 10#
50148,86,cluster_86,1.0,limes 150ct
50150,86,cluster_86,0.9743786802610697,limes 175ct
50149,86,cluster_86,1.0,limes 200ct
50151,86,cluster_86,1.0,limes 230ct
920280,-1,unclustered,0.0,links for weeks
38355741,-1,unclustered,0.0,"links,breakfast ,jones f/c-2oz"
18020760,604,cluster_604,0.2865310416676687,"liver calf beef, sliced 30/1 fremont"
97645880,-1,unclustered,0.0,"liver cheese, scott pete (12/8z)"
97655880,-1,unclustered,0.0,"liver cheese,red bag,1pc,scott p (5-7 l)"
96675880,-1,unclustered,0.0,"liver chse w/in pork f, ktckn g 2pc(5/7l"
SP160,818,cluster_818,0.6933344642455157,liver sausage
13932,818,cluster_818,0.6737686687572805,liver sausage kem 8/3#
1834205,818,cluster_818,0.9010963767639667,liver sausage thm smk 2/4#
1834230,818,cluster_818,0.8420618066859341,liver sausage thm smk.chub 10/1.5#
1834240,818,cluster_818,0.6183566374240744,liver sausage thm yel-cello 2/4#
1834215,818,cluster_818,0.725136695842352,liver sausage thm-fresh 2/4#
13964878,818,cluster_818,0.7376391644408851,liver sausage usg 2/3#
13964889,818,cluster_818,0.8700183975504077,liver sausage usg-smk 4/3#
1834215Z,818,cluster_818,1.0,liver sausage-z thm 2/4#
1834240Z,818,cluster_818,1.0,liver sausage-z thm smk yel-c 2/4#
1834205Z,818,cluster_818,1.0,liver sausage-z thm-smk 2/4#
1834230,818,cluster_818,0.9453933166851807,liver sausage thm smk.chub 10/1.5#
10141000,-1,unclustered,0.0,"liver select, beef, greateromaha"
18010760,604,cluster_604,0.2730397731884061,"liver select, beef, sliced 30/1 fremont"
10141050,-1,unclustered,0.0,"liver, beef, afg"
10141030,-1,unclustered,0.0,"liver, beef, jbs four star"
10142930,-1,unclustered,0.0,"liver, beef, this old farm"
10141140,604,cluster_604,0.2252846178972333,"liver, beef, westernreserve"
10149980,-1,unclustered,0.0,"livers, beef aurora"
10141020,605,cluster_605,0.9796717618088094,"livers, beef national"
10141870,605,cluster_605,1.0,"livers, beef select, nebraska"
10143330,605,cluster_605,1.0,"livers, beef upper iowa"
10743330,605,cluster_605,1.0,"livers, beef upper iowa (60#)"
10143350,-1,unclustered,0.0,"livers, beef, swift (60#)"
50031850,-1,unclustered,0.0,"livers, chicken harrison (40#)"
50034870,-1,unclustered,0.0,"livers, chicken mar jac (2/10#)"
50133390,603,cluster_603,1.0,"livers, chicken mountaire (30#)"
50033390,603,cluster_603,1.0,"livers, chicken mountaire 4/10 bags (40#"
50039980,603,cluster_603,1.0,"livers, chicken, (40#)"
50035780,-1,unclustered,0.0,"livers, country pride(40#)"
50031220,-1,unclustered,0.0,"livers, pilgrims (40#)"
40171530,-1,unclustered,0.0,"livers, pork tri-eagle (15#)"
40271530,-1,unclustered,0.0,"livers, pork tri-eagle (30#)"
40272680,-1,unclustered,0.0,"livers, pork, dekalb"
1234,6,cluster_6,1.0,lm
22148A,222,cluster_222,1.0,loaves daisy head cheese 8#
1383434,222,cluster_222,1.0,loaves thm head cheese 2/5.5#
1383410,222,cluster_222,1.0,loaves thm olive loaf 2/5#
1383434Z,222,cluster_222,1.0,loaves-z thm head cheese 5.5#
1383427,222,cluster_222,1.0,loaves-z thm kielbasi loaf 6#
1383410Z,222,cluster_222,1.0,loaves-z thm olive loaf 5#
1383447,222,cluster_222,1.0,loaves-z thm oval minced loaf 5.5#
1383412Z,222,cluster_222,0.967188727333268,loaves-z thm pickle & pimento 5#
78932559,-1,unclustered,0.0,"lobste whole, ckd 16-20z, fisherking 10#"
78229980,-1,unclustered,0.0,"lobster ck meat, 6/2 (12#)"
60080,409,cluster_409,1.0,lobster tail (5oz) - 10# each
60030,409,cluster_409,1.0,lobster tail (6oz) - 10# each
60031,409,cluster_409,1.0,lobster tail (8oz) - 10# each
78239989,410,cluster_410,1.0,"lobster tail (coldwater), 4/5oz (10#)"
78211669,410,cluster_410,1.0,"lobster tail (coldwater), 5/6oz (10/1#)"
78222999,-1,unclustered,0.0,"lobster tail meat, 10#"
78249989,-1,unclustered,0.0,"lobster tail wild caught, 12/14oz (10#)"
78219980,409,cluster_409,0.4128022297202274,"lobster tail, 6/7oz (10#)"
60051,-1,unclustered,0.0,lobster tails 4oz iqf n/atl 10#
21061,-1,unclustered,0.0,lobster tails-z 4-oz 10#
21053,-1,unclustered,0.0,lobster tails-z 6-7 oz brazil 10#
210544,-1,unclustered,0.0,lobster whl live 1 1ct
78231509,-1,unclustered,0.0,"lobster whole, ckd sea mazz (12/1#)"
78224369,-1,unclustered,0.0,"lobster, head & body meat, panamei 10/1#"
78221649,-1,unclustered,0.0,"lobster, head/body meat,caribbean10/1#"
97551900,977,cluster_977,1.0,lof deli shaved beef(8/7.5oz)
97451900,980,cluster_980,1.0,lof deli shaved bf ham(8/9 oz oz)
97891900,977,cluster_977,1.0,lof deli shaved chicken30-2oz)
97971900,977,cluster_977,1.0,lof deli shaved chicken8/9oz)
97651900,980,cluster_980,1.0,lof deli shaved honey ham((8/9oz)
97871900,980,cluster_980,1.0,lof deli shaved honey ham30-2oz)
97861900,981,cluster_981,1.0,lof deli shaved honey turkey30-2oz)
97951900,981,cluster_981,0.9934338382726274,lof deli shaved honey turkey8/9oz)
97961900,981,cluster_981,0.961715333254374,lof deli shaved or turkey8/9oz)
97751900,980,cluster_980,0.9342491147865045,lof deli shaved smkd ham(8/9oz)
97841900,981,cluster_981,1.0,lof deli shaved smkd turkey30-2oz)
97851900,981,cluster_981,1.0,lof deli shaved smkd turkey8/9oz)
97881900,980,cluster_980,0.9796654795850572,lof deli shaved smoked ham30-2oz)
44001920,-1,unclustered,0.0,"loin b/in 1/4"" trim cov, pork prestage"
44003350,-1,unclustered,0.0,"loin b/in 1/4"" trim cov, pork swift"
44103570,-1,unclustered,0.0,"loin b/in 3/8"" trim, half box pork, ibp"
44129980,1190,cluster_1190,0.9736890490219627,"loin bnls strap-on, pork ibp"
44233570,-1,unclustered,0.0,"loin bnlss cc strap off, half cut pk ibp"
44113570,1195,cluster_1195,1.0,"loin bone in 1/4"" (poly), pork, ibp"
44001010,-1,unclustered,0.0,"loin bone in 1/4"" trim 16/22, pork, ibp"
44021060,1170,cluster_1170,1.0,"loin bone in 18/22 light, pork indiana"
44032080,1170,cluster_1170,0.5730881791378902,"loin bone in 18/22 poly, pork dekalb"
44003460,1170,cluster_1170,0.6578722267987752,"loin bone in 18/22 vp, pork, hatfield"
44001980,1170,cluster_1170,0.650472318019884,"loin bone in 18/22 vp, pork, smithfield"
44011060,-1,unclustered,0.0,"loin bone in 18/22, indiana (med) 1/4"" c"
44041060,1170,cluster_1170,0.6360955340866482,"loin bone in 18/22, pork indiana (light)"
44031060,1170,cluster_1170,1.0,"loin bone in 18/22, pork indiana (medium"
153700009,1170,cluster_1170,1.0,"loin bone in 18/22, pork indiana medium"
44031150,1170,cluster_1170,0.7402479964465333,"loin bone in 18/22, pork seaboard medium"
44809980,-1,unclustered,0.0,"loin bone in, crown roast 12-14, pork"
44503570,1195,cluster_1195,0.9255305287522383,"loin bone in, rack frenched pork, ibp"
44603570,1195,cluster_1195,1.0,"loin bone in, rack pork, ibp"
44403570,-1,unclustered,0.0,"loin boneless #2 miscut, pork ibp"
44401920,1073,cluster_1073,0.7211662987537555,"loin boneless #2, pork prestage"
44262090,1073,cluster_1073,0.8048155911665813,"loin boneless 5/7, canadian backs, pork"
44171010,-1,unclustered,0.0,"loin boneless cc strap off, chairman`s r"
44133570,1190,cluster_1190,1.0,"loin boneless cc strap off, pork ibp"
44131060,1190,cluster_1190,1.0,"loin boneless cc strap off, pork indiana"
44132030,-1,unclustered,0.0,"loin boneless cc strap off, pork rantoul"
44181010,1190,cluster_1190,1.0,"loin boneless cc strap-on, pork ibp"
44333570,1196,cluster_1196,1.0,"loin boneless rib end off, pork ibp"
44131150,-1,unclustered,0.0,"loin boneless strap-off, seaboard, #8217"
44131980,-1,unclustered,0.0,"loin boneless strap-off, smithfield"
44181060,-1,unclustered,0.0,"loin boneless strap-on vp, pork indiana"
44121980,-1,unclustered,0.0,"loin boneless strap-on, pork smithfield"
44123350,-1,unclustered,0.0,"loin boneless strap-on, pork swift"
44121920,-1,unclustered,0.0,"loin boneless strap-on, prestage"
44121150,-1,unclustered,0.0,"loin boneless strap-on, seaboard, #80137"
44201010,1190,cluster_1190,0.9728113578305477,"loin boneless supreme, pork ibp"
44704510,-1,unclustered,0.0,"loin c. c. bone in,pork, aurora"
44701010,1195,cluster_1195,1.0,"loin c. c. bone in,pork, ibp"
44211060,1192,cluster_1192,1.0,"loin cc 11 rib t/in (1/8""), pork indiana"
44211700,-1,unclustered,0.0,"loin cc 11 rib t/in 1/8"" cov, pork, swif"
44201060,1192,cluster_1192,1.0,"loin cc 11 rib t/in, indiana, combo pork"
44209990,1192,cluster_1192,1.0,"loin cc 11 rib t/in, moesle, combo pork"
44191010,1192,cluster_1192,0.8365164979699332,"loin cc 11 rib t/in, pork ibp"
44199990,1192,cluster_1192,1.0,"loin cc 11 rib t/in, pork moesle (50#)"
44243570,1192,cluster_1192,0.9115384271089254,"loin cc rib t/in (3/8), pork ibp"
44209980,-1,unclustered,0.0,"loin cc, bone in, t/in, combo pork"
44221060,-1,unclustered,0.0,"loin center cut, (1/4"") vp, pork indiana"
40239980,-1,unclustered,0.0,"loin skin fat on, pork"
100000004,284,cluster_284,1.0,longanisa sausage fs 00813
100000003,284,cluster_284,1.0,longanisa sausage retail 00812
91300,-1,unclustered,0.0,lotus seed paste bun (b-13)
83481,-1,unclustered,0.0,lucky brand fish sauce only yellow
84990,188,cluster_188,0.9793106593172486,lucky brand- long grain rice 50#
97877895,314,cluster_314,1.0,lumberjacksmkd saus8/1.5lb)roger wood
190065,-1,unclustered,0.0,"luncheon loaf patty, qulity ckd"
94381613,-1,unclustered,0.0,m
900011,-1,unclustered,0.0,m noodle
907503,-1,unclustered,0.0,mac & cheese fonduta
900004,-1,unclustered,0.0,mac & cheese triangles
80001,-1,unclustered,0.0,mackerel (atlantic) 400/600g (22# case)
97498780,503,cluster_503,1.0,magnolia hot souse(1-6lb)polks
97486780,503,cluster_503,1.0,magnolia hot souse(12-1lb)polks
97497780,503,cluster_503,1.0,magnolia mild souse(1-6lb)polks
97499780,503,cluster_503,1.0,magnolia mild souse(12-1lb)polks
97481780,660,cluster_660,0.9808637082267525,magnolia smkd sausage(8-1.25lb)polks
78241529,-1,unclustered,0.0,"mahi prtn 4oz (wild caught), pescator (1"
78244369,-1,unclustered,0.0,"mahi prtn ivp rtl, panamei (20/1#)"
78245829,-1,unclustered,0.0,"mahi prtn, skls ivp sea best (12/1#)"
97469,-1,unclustered,0.0,mali boti chicken kaiser halal
96344740,-1,unclustered,0.0,"manchego croquette, mambo (8x13z)"
31560,-1,unclustered,0.0,mango 12ct
22080207,197,cluster_197,0.74454629767713,mango whl ripe 7ct tommy
392065,-1,unclustered,0.0,mapleleaf duck hearts-6/5#
30571016,221,cluster_221,1.0,margarine liquid 1 gal
86043,221,cluster_221,1.0,margarine liquid 6/1 gallon
91111120,221,cluster_221,0.9001846641139277,margarine oleo
30571013,221,cluster_221,0.9001846641139277,margarine orig cc 6/5#
86040,221,cluster_221,1.0,margarine solids 30/1#
30571017,221,cluster_221,0.91615893516098,margarine squeeze 24/12oz parkay
620062,-1,unclustered,0.0,margherta sliced genoa salami-6/2#
620156,-1,unclustered,0.0,marherita sliced pepperoni-25#
95035034,-1,unclustered,0.0,marinade mojo criollo goya 6/1g
95035035,-1,unclustered,0.0,marinade wing 8/3.5#
180014,-1,unclustered,0.0,marrow bones split lengthwise
84222,-1,unclustered,0.0,martin jasmine rice 50# usa
550360,-1,unclustered,0.0,maryland style crab cake 3.6oz
82630,-1,unclustered,0.0,masa - juaritos fresh 8/5# 5003
905221,192,cluster_192,1.0,masala tomato lentil soup-4/4#
83270,-1,unclustered,0.0,massaman curry paste *mae ploy*
999999,-1,unclustered,0.0,matrix pricing product
11150,-1,unclustered,0.0,mature duck 6.0 headless vf brand
38861325,-1,unclustered,0.0,maxwell street polish footlong vienna
93556467,221,cluster_221,0.8996767329494756,mayo bonne bon cher x-hvy 4/1 gal
93667812,221,cluster_221,0.934344787055556,mayo chef extra hvy 4/1 gal
93668766,221,cluster_221,0.8996767329494756,mayo helman 4/1 gal
93100300,-1,unclustered,0.0,mayonaise-30 lb tub
86050,221,cluster_221,0.934344787055556,mayonnaise heavy duty 4/1 gallon
901265,-1,unclustered,0.0,"mccain crispy season 1/2"" skin on fry"
900212,-1,unclustered,0.0,mccain queso triangles-4/3#
83750,-1,unclustered,0.0,meal kits 6 in 1 250/cs
97873895,-1,unclustered,0.0,meal rdy slcd smk saus(8/14oz)roger wood
93530,-1,unclustered,0.0,meat marinade (gallons) chef merito
87770,-1,unclustered,0.0,meat mitch pork seasoning
53224240,-1,unclustered,0.0,"meat rings breast, f/c lake liner (8/3#)"
53324240,-1,unclustered,0.0,"meat rings buffalo, f/c lake liner 8/3#"
190121,858,cluster_858,1.0,"meatball,1/2oz quality, 10#"
1397053,438,cluster_438,0.4856891293196364,meatball-z ff chk-7509 12/12-oz 9#
22139658,438,cluster_438,0.8548031528242772,meatball-z font pk fc .5 oz mama10#
22139657,438,cluster_438,1.0,meatball-z font pk fc 1-oz 10#
22139661,438,cluster_438,1.0,meatball-z font pk fc 1.5 oz ma10#
22139659,438,cluster_438,1.0,meatball-z font pk fc 2-oz ma 10#
2213069,438,cluster_438,0.43420173071231266,meatball-z thm ckd 2oz10#
30062,-1,unclustered,0.0,meatball/meatloaf mix *catelli*
19020012,857,cluster_857,1.0,meatballs all beef italian 1/2oz rosina
19010002,-1,unclustered,0.0,meatballs all beef rosina
19020021,857,cluster_857,0.9323094086261948,meatballs beef -cooked italian style 2oz
19020020,857,cluster_857,0.8178982205341206,meatballs beef/pork 2oz
10369470,-1,unclustered,0.0,meatballs garlic parm 4/5lb
190120,857,cluster_857,0.7916218525542774,"meatballs, 1/2oz redi-serve, 10#"
190400,858,cluster_858,1.0,"meatballs, 1oz quality, 40#"
190115,857,cluster_857,1.0,"meatballs, rosina 1/2oz"
190111,857,cluster_857,0.9726995677448638,"meatballs, rosina 1oz"
SP012,-1,unclustered,0.0,meatloaf mix
22139,-1,unclustered,0.0,meatloaf old fash 2/3# daisy
2239E1,-1,unclustered,0.0,meatloaf old fash-z daisy
290502,-1,unclustered,0.0,"meatloaf, beef veal & pork, 5#b"
900282,192,cluster_192,0.9456650162590194,mediterranean white bean soup
50142010,-1,unclustered,0.0,melons honeydew 5ct
50142011,-1,unclustered,0.0,melons honeydew 6ct
920229,-1,unclustered,0.0,memorial day mixer
84400,-1,unclustered,0.0,metal sponges - sell by case
746680,-1,unclustered,0.0,metro applewood honey ham-2/8#
42040,-1,unclustered,0.0,mexican beef back ribs frozen
42030,-1,unclustered,0.0,mexican beef bnls strip 0x1
42010,699,cluster_699,0.6966571991214144,mexican beef export rib
42050,-1,unclustered,0.0,mexican beef neck bones frozen
42000,-1,unclustered,0.0,mexican beef ribeye lipon 2x2
42020,-1,unclustered,0.0,mexican beef shortloin 0x1 3pc
41980,-1,unclustered,0.0,mexican chuck roll
43447151,-1,unclustered,0.0,mi turkey ham
50435113,831,cluster_831,0.8709351769699529,mich hearts turkey frozen
43469301,-1,unclustered,0.0,mich tky all natl gold roasted petite br
43469321,-1,unclustered,0.0,mich tky all natural oven brown petite b
43466021,534,cluster_534,1.0,mich tky breast whole oven roasted fresh
46602,534,cluster_534,1.0,mich tky breast whole oven roasted froze
43400212,534,cluster_534,0.9276775408528549,mich tky brst roast petite s/on b/out ra
43400412,-1,unclustered,0.0,mich tky brst roast s/on b/out raw 22%
43400112,534,cluster_534,0.9276775408528549,mich tky brst roast whole s/on b/out raw
43446830,-1,unclustered,0.0,mich tky cajun style pan shape
23046828,-1,unclustered,0.0,mich tky chicken breast buffalo
23468241,534,cluster_534,0.9296703562866115,mich tky chicken breast golden browned
43466121,534,cluster_534,1.0,mich tky golden browned whole breast pan
43468121,534,cluster_534,0.9231896276451584,mich tky golden browned whole brst pan
43478721,-1,unclustered,0.0,mich tky golden browned whole tky breast
43480601,-1,unclustered,0.0,mich tky golden legacy hickory smoked
43468181,534,cluster_534,1.0,mich tky golden roasted whole breast pan
43443021,193,cluster_193,1.0,mich tky ground extra lean 90% 24/1 lb
43430112,193,cluster_193,1.0,mich tky ground frozen 85% lean 4/5 mt
43430102,193,cluster_193,1.0,mich tky ground frozen 90% lean 4/5 mt
43447620,533,cluster_533,1.0,mich tky hickory smoked
43486589,533,cluster_533,1.0,mich tky hickory smoked breast log
43473061,-1,unclustered,0.0,mich tky hickory smoked white nitrite fr
43476021,533,cluster_533,1.0,mich tky hickory smoked whole breast
43478481,-1,unclustered,0.0,mich tky honey smoked whole tky breast
43350011,831,cluster_831,1.0,mich tky jumbo turkey tails fresh
43350112,831,cluster_831,1.0,mich tky jumbo turkey tails frozen
43200016,-1,unclustered,0.0,mich tky knuckles bones frozen
41835071,-1,unclustered,0.0,mich tky livers frozen
43471361,-1,unclustered,0.0,mich tky nae honey maple turkey brst
43469381,-1,unclustered,0.0,mich tky natural garlic & herb petite br
43447136,-1,unclustered,0.0,mich tky natural mple p whole breast
43469501,534,cluster_534,0.9468154422552957,mich tky natural oven brown s/on tky brs
22048214,535,cluster_535,1.0,mich tky oven browned chicken breast log
43468081,-1,unclustered,0.0,mich tky oven browned s/on whole breast
43486567,535,cluster_535,1.0,mich tky oven browned turkey breast log
43464041,534,cluster_534,1.0,mich tky oven roasted brst w/ white meat
43468201,534,cluster_534,1.0,mich tky oven roasted petite s/on brst
43468001,534,cluster_534,1.0,mich tky oven roasted skin on whole brst
43486642,-1,unclustered,0.0,mich tky oven roasted sliced low sodium
43486501,535,cluster_535,1.0,mich tky oven roasted turkey breast log
43468021,534,cluster_534,1.0,mich tky oven roasted whole breast fresh
43478601,-1,unclustered,0.0,mich tky pastrami seasoned breast
43490053,-1,unclustered,0.0,mich tky pattie all natl breakfast 0.8oz
43400232,-1,unclustered,0.0,mich tky petite skinless thigh roast
43430150,-1,unclustered,0.0,mich tky rwa all natural 90% ground
43490093,-1,unclustered,0.0,mich tky rwa brk sausage patties 1.5oz
41300010,-1,unclustered,0.0,mich tky thigh meat b/out s/off frozen
41132001,831,cluster_831,0.8990213590232969,mich tky turkey drumsticks frozen
43221001,831,cluster_831,0.9953973652638403,mich tky turkey necks fresh
43220012,831,cluster_831,1.0,mich tky turkey necks frozen
43230011,831,cluster_831,0.9444798859280886,mich tky whole turkey wings fresh
43230012,831,cluster_831,0.944643951298381,mich tky whole turkey wings frozen
82550,-1,unclustered,0.0,michiu cooking wine 4/1 gal
84860,-1,unclustered,0.0,micro pail 16 oz fan/bowl 400
620005,-1,unclustered,0.0,midwest pride ckd roast beef
620243,36,cluster_36,1.0,mighty stick beef jalapeno
620241,36,cluster_36,1.0,mighty stick beef original
620242,36,cluster_36,1.0,mighty stick beef teriyaki
97755830,630,cluster_630,0.9085788286317332,"mild beef sausage link,motor c (16/16oz"
98035920,-1,unclustered,0.0,"mild link beef, moo & oink (12/2#)"
97355840,-1,unclustered,0.0,"mild rolls, williams sausage (12/1#)"
97395840,-1,unclustered,0.0,"mild sausage pattie ,williams s (8/2.25"
97795830,630,cluster_630,0.8765660963720315,"mild smkd sausage links,motor c (2 lbs)"
78259989,-1,unclustered,0.0,milk fish 600-800 (40#)
30010001,190,cluster_190,1.0,milk whl 4/1 gal
30010010,190,cluster_190,0.9400373432303513,milk whl org 6/64oz
30112,190,cluster_190,1.0,milk-evaporated 24/12oz imitation
30114,-1,unclustered,0.0,lamb foreshank bone-in aussie
30115,190,cluster_190,1.0,goat tripe halal
30111,190,cluster_190,1.0,milk-swtnd condensed 5 gal
360335,-1,unclustered,0.0,miller amish retail whole chicken
620543,-1,unclustered,0.0,milwaukee polish sausage
83710,-1,unclustered,0.0,minced garlic 5#/ bag
903001,-1,unclustered,0.0,minh buffalo chicken egg roll-300/1oz
190047,343,cluster_343,1.0,"mini chicken corndogs, foster"
90100,-1,unclustered,0.0,mini vege. spring rolls gokujou
25550,-1,unclustered,0.0,mini vegetable spring roll *gokujou*
50000000,11,cluster_11,0.9371385255123291,lamb whole
MISCR,-1,unclustered,0.0,misc random weight case
MISC,11,cluster_11,1.0,misc sold by the case
MISCP,11,cluster_11,1.0,misc sold by the pc.
99999998,11,cluster_11,1.0,misc.
999019,-1,unclustered,0.0,miscellaneous equipment expense
168009,-1,unclustered,0.0,mishima back ribs ip
118017,-1,unclustered,0.0,mishima brisket 120 vp
128017,-1,unclustered,0.0,mishima chuck clod cross cut vp
128015,-1,unclustered,0.0,mishima chuck tail flap
128016,-1,unclustered,0.0,mishima chuck teres major ultra
168024,-1,unclustered,0.0,mishima export rib ultra
138009,-1,unclustered,0.0,mishima flank steak rr ultra
168011,-1,unclustered,0.0,mishima ribeye lipon 5 star
128014,-1,unclustered,0.0,mishima top blade
148017,-1,unclustered,0.0,mishima top sirloin stk ready
83870,-1,unclustered,0.0,miso shiro white *marukome* 12/2.2#
97489780,660,cluster_660,1.0,miss rope sausage(12-2lb) polks
97483780,-1,unclustered,0.0,miss saus hot red link(12-2lb)
97482780,660,cluster_660,1.0,miss sausage red link mild(12-2lb)polks
900610,-1,unclustered,0.0,mixed fruit-6/#10 cans
96284740,-1,unclustered,0.0,"mixed vegetables, 5way, mambo 6x2#"
23,-1,unclustered,0.0,moesle and fulton price sheet
40171002,-1,unclustered,0.0,mole dona maria 12/8oz
85190,-1,unclustered,0.0,monterrey cheddar 50/50 blend 4/5#
25110,-1,unclustered,0.0,moo shu wrappers(22 pack) golden bowl
901398,192,cluster_192,0.9456650162590194,moroccan chickpea soup-4/4#
190066,-1,unclustered,0.0,morrel ckd beef pot roast
2243648,250,cluster_250,0.9469543404354137,mortadella alcisa-pistachio 11#
34183250,250,cluster_250,0.9753721331043336,mortadella carando
22154,-1,unclustered,0.0,mortadella carando 2/6# 11423
290560,-1,unclustered,0.0,"mortadella pork with pistachio, 5-6#"
224180,250,cluster_250,0.9441425812655196,mortadella rov 3/12#
224075,250,cluster_250,1.0,mortadella thm-pistachio 2/6#
22157,250,cluster_250,0.886397847247078,mortadella-z fiorucci-50404 2/8#
224076Z,250,cluster_250,0.9760787805079564,mortadella-z thm 2/6#
224075,250,cluster_250,1.0,mortadella thm-pistachio 2/6#
920223,1,cluster_1,1.0,mother day feature 1
920224,1,cluster_1,1.0,mothers day feature #2
920225,1,cluster_1,1.0,mothers day feature #3
362007,-1,unclustered,0.0,moulard duck breast
2208810,-1,unclustered,0.0,mousaka 2/6#
85411,-1,unclustered,0.0,mozarella cheese shredded sk01370b
7019401,-1,unclustered,0.0,mozz brd stick kronos 4/3# 6284
7019404,-1,unclustered,0.0,mozz brd stick panos 4/3#
70194019,-1,unclustered,0.0,mozz brd stick tasty 12#
99125944,305,cluster_305,1.0,mr dees crinkle cut fries(12-24oz)
99126944,-1,unclustered,0.0,mr.dees golden rounds(12-24oz)
99124944,-1,unclustered,0.0,mr.dees hash brown patties(12/31.7oz)
83372,-1,unclustered,0.0,msg (50#) *chef dashi*
83371,-1,unclustered,0.0,msg - ajinomoto 44.1#
83360,-1,unclustered,0.0,msg 50#
83362,-1,unclustered,0.0,msg 50# *vesin* malaysia*
94019980,268,cluster_268,1.0,"cheese, muenster"
85288,-1,unclustered,0.0,munster cheese 6/5
70194012,-1,unclustered,0.0,mushrm brd panos 12#
31540,-1,unclustered,0.0,mushroom 3 lbs (oyster)
50474104,58,cluster_58,1.0,mushroom med slcd thick 10#
50474100,58,cluster_58,1.0,mushroom med whl 10#
50474,58,cluster_58,0.9429321864717659,mushroom portabella 5#
90384,58,cluster_58,1.0,mushroom slc 6/#10**
62160,195,cluster_195,0.9291724880629885,mussel 1/2 shell nz - large
78964360,195,cluster_195,0.8425210407004796,"mussel meat, ckd iqf, panamei (20/1#)"
210526,195,cluster_195,0.8521556366850075,mussels blue 10/1#-z27-36ct
210528,195,cluster_195,1.0,mussels green half shell 12/2#-z
210527,195,cluster_195,0.9554924570374582,mussels vp 10#-z
78864369,195,cluster_195,0.9291724880629885,"mussels, 1/2 shell med nz, panamei 12/2#"
78664360,195,cluster_195,0.9271756590842227,"mussels, blk whl ckd vp, panamei (10/1#)"
78269989,195,cluster_195,1.0,"mussels, green (12/2#)"
78071509,195,cluster_195,1.0,"mussels, green medium, sanford (12/2#)"
78665829,195,cluster_195,0.829778872609224,"mussels, whl ckd, 25-30 sea best (10/1#)"
91129,231,cluster_231,1.0,mustard 4/1 gal
91140,231,cluster_231,1.0,mustard deli syg stl ny 12/12oz
91141,-1,unclustered,0.0,mustard deli syg stl ny 4/1g
91135,-1,unclustered,0.0,mustard delicatessen
84960,-1,unclustered,0.0,mustard flour 25# *hunsty* 21025
50131911,-1,unclustered,0.0,mustard green curly 24ct
91127,-1,unclustered,0.0,mustard salad style woe 4/1g
84900,126,cluster_126,1.0,mustard sauce packets panda yellow
30165,358,cluster_358,1.0,mutton (lamb) shoulder square cut
59552302,233,cluster_233,0.39985306512558727,mutton 6 way
59552310,-1,unclustered,0.0,mutton 6 way burnt
92003500,232,cluster_232,1.0,"mutton 6 way vp, prairie natural. frozen"
92003930,-1,unclustered,0.0,"mutton 6 way, beaufort river"
92009980,232,cluster_232,1.0,"mutton 6 way, frozen"
92002470,232,cluster_232,0.9592974843374793,"mutton 6 way, thomas foods(50#)"
92003510,232,cluster_232,1.0,"mutton 6 way, wagstaff frozen"
92029980,232,cluster_232,0.9368195932077764,"mutton leg b/in, thomas foods"
92019980,-1,unclustered,0.0,mutton legs b/in nz
92013510,232,cluster_232,0.9521384645001185,mutton legs b/in wagstaff frozen
45406,233,cluster_233,0.5000369322624877,mutton-z 6way aus 53#dwn
45406990,233,cluster_233,1.0,mutton-z 6way aus>1-in sq 45#
45406989,233,cluster_233,1.0,mutton-z 6way aus>2-in sq
45406966,233,cluster_233,1.0,mutton-z 6way aus>4-in sq
45409793,233,cluster_233,0.5034127154656737,mutton-z 6way aus>cts
45407,-1,unclustered,0.0,mutton-z legs b/i 44#
45409,-1,unclustered,0.0,mutton-z legs bnls 44#
45411,-1,unclustered,0.0,mutton-z trim
37021212,-1,unclustered,0.0,n
420162,672,cluster_672,1.0,n.z. lamb shank 8-16oz cs lot
420163,672,cluster_672,1.0,n.z. lamb shank 8-16oz pc
97994,-1,unclustered,0.0,naan garlic kaiser halal
99521444,66,cluster_66,0.8202761366510208,napkins dinner white 2ply
99534,66,cluster_66,1.0,napkins multifold 4000ct mf101
99521445,66,cluster_66,0.9268563495950103,napkins quick white 2ply
99549,66,cluster_66,1.0,napkins tallfold 1ply 16 500ct
99521,66,cluster_66,1.0,napkins tallfold 1ply 20ct
99533,66,cluster_66,0.9268563495950103,napkins tallfold morsoft
31550,-1,unclustered,0.0,nappa 30#
31551,-1,unclustered,0.0,nappa 40-50#
450082,230,cluster_230,1.0,navarino 8oz buffalo patty
450210,-1,unclustered,0.0,navarino ground buffalo-2/10#
450001,230,cluster_230,1.0,navarino retail buffalo patty
450002,230,cluster_230,1.0,navarino retail ground buffalo
450004,-1,unclustered,0.0,navarino wisconsin ground elk
20761,-1,unclustered,0.0,navel pastrimi-vennia
10051270,-1,unclustered,0.0,"neckbone beef, aurora"
10051160,972,cluster_972,0.7114044626518313,"neckbone beef, iowa premium"
10051590,972,cluster_972,1.0,"neckbone beef, mex fertres"
10051320,972,cluster_972,1.0,"neckbone beef, mex gusi"
10051120,972,cluster_972,0.8873635511012585,"neckbone beef, mex praderas"
10051620,972,cluster_972,0.8983071203389221,"neckbone beef, mex ribe"
10051130,972,cluster_972,0.9461564924413505,"neckbone beef, mex sukarne"
10051090,972,cluster_972,1.0,"neckbone beef, mex, fc"
10051876,972,cluster_972,0.737826120477799,"neckbone beef, nebraska beef (n/r)"
10053757,972,cluster_972,0.737826120477799,"neckbone beef, st. helens (a)"
10053330,972,cluster_972,0.737826120477799,"neckbone beef, upperiowa"
40409980,1055,cluster_1055,1.0,neckbone combo pork
40102080,1055,cluster_1055,1.0,"neckbones, pork dekalb"
40103570,-1,unclustered,0.0,"neckbones, pork ibp (30#)"
40101060,-1,unclustered,0.0,"neckbones, pork indiana (30#)"
40109990,1055,cluster_1055,1.0,"neckbones, pork moesle"
50009980,-1,unclustered,0.0,"necks, chicken, golden rod (40#)"
50001850,-1,unclustered,0.0,"necks, chicken, harrison (40#)"
50001220,-1,unclustered,0.0,"necks, chicken, pilgrim`s (40#)"
60009980,839,cluster_839,1.0,"necks, turkey (30#)"
60001080,839,cluster_839,1.0,"necks, turkey farbest (30#)"
60005620,839,cluster_839,0.9565440940831219,"necks, turkey hen, butterball (30#)"
60004310,839,cluster_839,1.0,"necks, turkey michigan turkey (30#)"
60001770,839,cluster_839,1.0,"necks, turkey norbest (30#)"
88779,-1,unclustered,0.0,net weight product
99200000,-1,unclustered,0.0,netting #26
19991,-1,unclustered,0.0,new year gift - 2024 head on 40/50 pc
420082,-1,unclustered,0.0,new zealand frenched lamb rack
53449245,1198,cluster_1198,1.0,new zealand lamb loin chops 5oz
420014,-1,unclustered,0.0,new zeland b.i.lamb leg
420015,-1,unclustered,0.0,new zeland bnls lamb leg
SPS27832,-1,unclustered,0.0,newlyweds patty season 2024
62910,8,cluster_8,1.0,nitrile gloves ( xl large ) blue
62710,8,cluster_8,1.0,nitrile gloves (medium) 10/100
62610,8,cluster_8,1.0,nitrile gloves (small) blue
219102,-1,unclustered,0.0,no desc
NSF,-1,unclustered,0.0,non-sufficient fund
24091,-1,unclustered,0.0,"noodle, broken (small)"
740250,-1,unclustered,0.0,"northwoods 1/4"" diced ham"
920236,-1,unclustered,0.0,nothing but beef patties box
NSF,-1,unclustered,0.0,non-sufficient fund
10253330,-1,unclustered,0.0,"nuckle bones, upper iowa"
207900017,-1,unclustered,0.0,"nugget breast, raw unbrd 8/5 lb"
59124240,-1,unclustered,0.0,"nuggets, breast breaded, lake liner 8/3#"
59029980,775,cluster_775,0.8158632657799528,"nuggets, breast, breaded, chicken (20#)"
730442,-1,unclustered,0.0,o mayer sliced turkey/chicken sub kit
84552,-1,unclustered,0.0,o teh teh tapioca boba - 6/5# 32231
621215,-1,unclustered,0.0,o.mayer beef hot dog-8ct-12/15oz
750012,-1,unclustered,0.0,o.mayer sliced cotto salami
24990,186,cluster_186,1.0,o`tasty - pork potstickers 45111
24991,186,cluster_186,1.0,o`tasty pork potsticker 44606
520030,859,cluster_859,1.0,ocean market pacific 3oz cod loin 10# bx
520041,859,cluster_859,1.0,ocean market pacific 4oz cod loin 10# bx
73052020,-1,unclustered,0.0,"ocean perch, 2-4ct petes, (10#)"
78279989,845,cluster_845,1.0,"ocean perch, 2-4ct, (40#)"
78274529,-1,unclustered,0.0,"ocean perch, 2-4ct, crystal blue (40#)"
78274759,-1,unclustered,0.0,"ocean perch, 2-4ct, hook & barrel (40#)"
78273479,846,cluster_846,1.0,"ocean perch, 2-4ct, mercado del mar 40#"
73005809,-1,unclustered,0.0,"ocean perch, 2-4oz,iqf happy s (2/5#)"
78289989,845,cluster_845,1.0,"ocean perch, 4-6ct, (40#)"
78271109,-1,unclustered,0.0,"ocean perch, 4-6ct, crystal blue (40#)"
78284759,-1,unclustered,0.0,"ocean perch, 4-6ct, hook & barrel (40#)"
78271710,845,cluster_845,0.7600784003369594,"ocean perch, 4-6ct, king sf (40#)"
78283479,846,cluster_846,1.0,"ocean perch, 4-6ct, mercado del mar 40#"
78293470,846,cluster_846,0.9910892889251555,"ocean perch, 4-6ct, mercado del mar(10#)"
73075809,-1,unclustered,0.0,"ocean perch, 4-6oz,iqf happy s (2/5#)"
73059989,845,cluster_845,1.0,"ocean perch, 6-8ct, (40#)"
73052463,-1,unclustered,0.0,"ocean perch, 6-8ct, canadian (25#)"
73053479,846,cluster_846,1.0,"ocean perch, 6-8ct, mercado del mar 40#"
78299983,-1,unclustered,0.0,"ocean perch, 6-8ct, shatter pack"
920290,-1,unclustered,0.0,octoberfest box
620102,-1,unclustered,0.0,octoberfest p/c 3-1 bratwurst
80663000,176,cluster_176,0.9374205898746699,octopus 2-4
62094,176,cluster_176,1.0,octopus 2-4# iwp cais 22# philippin
62090,176,cluster_176,0.9249430923262034,octopus 2-4# philipine catch
73039988,176,cluster_176,1.0,"octopus 2-4lb, whl cln tray pk panamei"
21054P,176,cluster_176,1.0,octopus ckd 20#-z
210540,176,cluster_176,1.0,octopus ckd 24#-z
71011,176,cluster_176,1.0,octopus large ckd 6.25#
78559989,176,cluster_176,0.9075205845025246,"octopus tentacles ckd (wild caught), pa"
2105410,176,cluster_176,1.0,octopus whl 1-2ct 30#-z indo
21054W,176,cluster_176,1.0,octopus whl 2-4ct 30#-z indo
21054A,176,cluster_176,1.0,octopus whl 4-6ct indo 30#-z
21054O,176,cluster_176,1.0,octopus whl 6 up 30#-z indo
21054O99,176,cluster_176,1.0,octopus whole 4-6 30#-z smiling
73064369,176,cluster_176,1.0,"octopus, bby 16-25pc/kg, panamei (12/2#)"
73014369,176,cluster_176,0.9796518218209682,"octopus, ckd cut/pcs, panamei (20/1#)"
78554369,176,cluster_176,1.0,"octopus, ckd tentacles, panamei (10/1#)"
73014529,176,cluster_176,0.9763587631183648,"octopus, cooked, crystal blue (10#)"
73019980,176,cluster_176,0.9257828090062122,"octopus, cooked, peru (10#)"
73012219,176,cluster_176,0.9763587631183648,"octopus, cooked, west bay (24#)"
73115319,176,cluster_176,0.9707248324637467,"octopus, whl 2-4#,reyna brand#30"
73021106,176,cluster_176,0.9763587631183648,"octopus, whole 1-2# crystal blue, indone"
73121869,176,cluster_176,1.0,"octopus, whole 1-2# sea port, philippine"
73034969,176,cluster_176,1.0,"octopus, whole 2-4 ckd, el general (40#)"
73031106,176,cluster_176,1.0,"octopus, whole 2-4# crystal blue, (30#)"
73031869,176,cluster_176,1.0,"octopus, whole 2-4# sea port, philippine"
73039986,176,cluster_176,1.0,"octopus, whole 2-4#, indonesia"
73139989,176,cluster_176,1.0,"octopus, whole 2-4#, philippine"
73039989,176,cluster_176,1.0,"octopus, whole 2-4lb, maya (44.08#)"
73145419,176,cluster_176,1.0,"octopus, whole 4-6#, central seafoods"
73049986,176,cluster_176,1.0,"octopus, whole 4-6#, indonesian"
73145229,176,cluster_176,1.0,"octopus, whole 4-6#, polar brand (30#)"
73141869,176,cluster_176,1.0,"octopus, whole 4-6#, sea port (30#)"
73149989,176,cluster_176,1.0,"octopus, whole 4-6, (30#)"
73145319,176,cluster_176,1.0,"octopus, whole 4-6, reyna (30#)"
73159989,176,cluster_176,1.0,"octopus, whole 6-8#, (30#)"
73155419,176,cluster_176,1.0,"octopus, whole 6-8#, central s. f. (30#)"
73151869,176,cluster_176,1.0,"octopus, whole 6-8#, sea port (30#)"
73051106,176,cluster_176,1.0,"octopus, whole 6-8#, smilling, indonesia"
73054736,176,cluster_176,0.9349179262656747,"octopus, whole 6/up#, indo fiesta (30#)"
91405500,50,cluster_50,1.0,oil -salad- soybean 35#
93212,50,cluster_50,1.0,oil canola salad oil 35#
93215,50,cluster_50,0.9177734832390694,oil canola salad/olive oil 6/1g
93214,-1,unclustered,0.0,oil corn 35# butcher boy
90025860,-1,unclustered,0.0,"oil fry, butcher boy (35#)"
93279010,51,cluster_51,1.0,oil olive ev grk eliki 6/3 liter
932210,51,cluster_51,1.0,oil olive ev village batch 4/3 lt
932216,51,cluster_51,1.0,oil olive vill pom/evo 80/20 6/3-lt
93282,-1,unclustered,0.0,oil peanut 35# pail
93300,-1,unclustered,0.0,oil veg soy 35# mikes
80296,-1,unclustered,0.0,okra bread 6/2# tasty-z
96314740,-1,unclustered,0.0,"okra cut, mambo (6x2#)"
900715,192,cluster_192,1.0,old fashioned tomato soup-4/8#
84680,-1,unclustered,0.0,oliang powder mixed *pantai* green
90482,49,cluster_49,0.8552735073870712,olives kalamata jmb 28.5# pail
90482013,49,cluster_49,1.0,olives kalamata pitted 10-kg
90486,49,cluster_49,1.0,olives kalamata pitted 11-kg vill
90483,49,cluster_49,0.9018687875390252,olives kalamata xl 28.5# pail
94956410,49,cluster_49,1.0,olives pitted kalamata
942190,-1,unclustered,0.0,olympia cooked gyro pieces-10#
710962,-1,unclustered,0.0,om oven rstd trky brst 8/9 oz; 4.5 lb
10365330,-1,unclustered,0.0,"omasum tripe, beef, bf book (20#)"
10369980,-1,unclustered,0.0,"omasum tripe, beef, d & d (22#)"
10363750,-1,unclustered,0.0,"omasum tripe, beef, st. helens"
OA,-1,unclustered,0.0,on account
701747,-1,unclustered,0.0,onion cebollita 42-48 ct
701749,-1,unclustered,0.0,onion cebollita 60 ct
70175012,-1,unclustered,0.0,onion granulated 5#
7017242,-1,unclustered,0.0,onion green med-2# iwd
70175010,-1,unclustered,0.0,onion ground 5#
70174012,260,cluster_260,1.0,onion red jum 25#
70174501,260,cluster_260,1.0,onion red jumbo 50#
70173129,-1,unclustered,0.0,onion rng a ding mor-z 12/2#
70179,-1,unclustered,0.0,onion rng brd 3/8 panos-z 4/2.5#
7017451,-1,unclustered,0.0,onion spanish jum 5# split
701745,260,cluster_260,0.9301928502769469,onion spanish jum 50#
701750,260,cluster_260,1.0,onion white jum 50#
701746,260,cluster_260,0.8676399877832536,onion yel col 50#
31600,96,cluster_96,1.0,orange 72ct/88ct/113ct
70101500,-1,unclustered,0.0,orange roughy (retail) 20x12oz seamazz (
70105829,508,cluster_508,1.0,"orange roughy fillet, skls sea best 12/1"
50140304,96,cluster_96,1.0,oranges navel fancy 56ct
50140301,96,cluster_96,1.0,oranges navel fancy 72ct
94283,60,cluster_60,1.0,oregano dry leaf 1#
94282,60,cluster_60,1.0,oregano dry whole bulk 5#
85611,60,cluster_60,1.0,oregano powder bag 5#
22080177,60,cluster_60,0.9202587771002289,oregano whl me 5# bx
620103,-1,unclustered,0.0,organic 8-1 grass fed hot dog-2/5#
23009008,-1,unclustered,0.0,organic chicken breast gerber
340084,-1,unclustered,0.0,organic chix thighs
620134,-1,unclustered,0.0,organic p. bratwurst links
190103,489,cluster_489,1.0,beef patty 80/20
610103,489,cluster_489,1.0,organic p. ground chicken chub
610102,489,cluster_489,1.0,organic p. ground turkey chub
610121,-1,unclustered,0.0,organic p. pork sausage chub
620130,-1,unclustered,0.0,organic p. sliced pepperoni
620131,-1,unclustered,0.0,organic p. sliced smoked ham
620135,140,cluster_140,1.0,organic p. summer saus-garlic
620136,140,cluster_140,1.0,organic p. summer saus-jalap
620132,140,cluster_140,1.0,organic p. summer saus-orig.
620133,-1,unclustered,0.0,organic pr. grass fed hot dog
610181,-1,unclustered,0.0,organic prairie pork bacon
520193,864,cluster_864,0.3166050585168648,origin iceland 3.5oz sandwich cut cod
520113,864,cluster_864,1.0,origin iceland 3oz cod loin-10#
590213,860,cluster_860,1.0,origin iceland 3oz haddock loin-10#
520114,864,cluster_864,1.0,origin iceland 4oz cod loin-10#
590214,860,cluster_860,1.0,origin iceland 4oz haddock loin-10#
590604,-1,unclustered,0.0,origin iceland 4oz pollock loins-10#
520195,-1,unclustered,0.0,origin iceland 4oz sandwich cut cod-10#
520115,864,cluster_864,1.0,origin iceland 5oz cod loin-10#
590215,860,cluster_860,1.0,origin iceland 5oz haddock loin-10#
520117,864,cluster_864,0.967313259511923,origin iceland 7oz cod loin-10#
520118,864,cluster_864,0.9859838890171704,origin iceland 8oz cod loin-10#
592501,860,cluster_860,0.2486043749975545,origin iceland 9oz tavern cut haddock
590663,901,cluster_901,1.0,origin pacific 2-4oz pollock-10#
521013,863,cluster_863,1.0,origin pacific 3oz cod loin-10#
521014,863,cluster_863,1.0,origin pacific 4oz cod loin-10#
520116,863,cluster_863,1.0,origin pacific 6oz cod loin-10#
521018,863,cluster_863,0.9220527758597543,origin pacific 8oz cod loin-10#
620391,-1,unclustered,0.0,oscar mayer 5-1 all beef hot dog
740718,-1,unclustered,0.0,oscar mayer sliced smoked ham 9/6 oz
610162,-1,unclustered,0.0,oscar meyer turkey bacon 16/12
912801,-1,unclustered,0.0,ostrich ground 2#
75356970,-1,unclustered,0.0,ostrich patties 3/1
912769,-1,unclustered,0.0,ostrich patties 4oz 2#
174040,1155,cluster_1155,0.40886555492555404,"out of round, swiss steak, ch, 4oz"
174050,-1,unclustered,0.0,"out of round, swiss steak, ch, 5oz"
84053,-1,unclustered,0.0,out- beansthread- vermicelli *long kou
16021050,-1,unclustered,0.0,"outside skirt 2pc, heartland (n/r)"
116600002,-1,unclustered,0.0,"outside skirt, mex revuelta"
152100,-1,unclustered,0.0,"outside skirt, peeled, angus, 10oz"
152060,-1,unclustered,0.0,"outside skirt, peeled, angus, 6oz"
150007,387,cluster_387,0.6842991299120985,"outside skirt, peeled, gusi/fertres"
150009,-1,unclustered,0.0,"outside skirt, peeled, irish"
150015,357,cluster_357,1.0,chk wog 3.00-3.50# ppp 10hd
154015,357,cluster_357,1.0,"outside skirt, processed, (domestic ch)"
150005,357,cluster_357,0.9222819218271499,"outside skirt, su carne (mexican)"
16023544,-1,unclustered,0.0,"outside skirts natural, ibp open prairie"
16029986,387,cluster_387,0.6055662915216854,outside skirts peeled circle t (nr)
16029980,387,cluster_387,1.0,"outside skirts peeled,"
16023760,387,cluster_387,0.6871432692120858,"outside skirts peeled, liffey"
16021320,387,cluster_387,0.6224051587667413,"outside skirts peeled, mex, gusi"
16024640,460,cluster_460,0.9498238592860382,"outside skirts pld, mex el alba"
16021590,460,cluster_460,1.0,"outside skirts pld, mex fertres"
16021120,460,cluster_460,1.0,"outside skirts pld, mex praderas"
16021130,460,cluster_460,0.8614542168122571,"outside skirts pld, mex sukarne"
16021076,460,cluster_460,1.0,"outside skirts pld, paloduro (nr)"
16023365,-1,unclustered,0.0,"outside skirts pld, top shelf (sel)"
16021054,967,cluster_967,1.0,"outside skirts, afg (ch)"
16021056,967,cluster_967,0.9251715123492037,"outside skirts, afg (nr)"
150006,-1,unclustered,0.0,"outside skirts, case"
16021074,967,cluster_967,1.0,"outside skirts, caviness (ch)"
16021214,-1,unclustered,0.0,"outside skirts, creekstone (ch)"
16021002,-1,unclustered,0.0,"outside skirts, greateromaha (cangus)"
16021000,387,cluster_387,1.0,"outside skirts, greateromaha (peeled)"
16021012,967,cluster_967,0.8770728270221468,"outside skirts, ibp (cangus)"
16021014,967,cluster_967,1.0,"outside skirts, ibp (ch)"
16021010,-1,unclustered,0.0,"outside skirts, ibp (ungraded)"
16021013,-1,unclustered,0.0,"outside skirts, ibp star ranch, (ch_angu"
16021874,-1,unclustered,0.0,"outside skirts, nebraska beef (ch)"
150004,387,cluster_387,1.0,"outside skirts, peeled"
16025164,-1,unclustered,0.0,"outside skirts, true west beef (ch)"
16023334,-1,unclustered,0.0,"outside skirts, upper iowa (ch)"
84945,-1,unclustered,0.0,oven & grill cleaner 4/1 - yellow
96775890,-1,unclustered,0.0,"oven rstd turkey, lof delis 8/9oz (4.5#)"
99910522,-1,unclustered,0.0,oversea cap 10/100ct
180016,154,cluster_154,1.0,ox tails cut-up
180019,154,cluster_154,1.0,ox tails cut-up -net weight-
180022,154,cluster_154,1.0,"ox tails, whole"
10429980,554,cluster_554,1.0,bf bones pipe-ccsplit 03-in-10#-z
10421050,554,cluster_554,1.0,"oxlips, afg #60"
10521050,554,cluster_554,0.9597407784845897,"oxlips, cow, afg (30#)"
10421370,-1,unclustered,0.0,"oxlips, evp"
10423760,-1,unclustered,0.0,"oxlips, liffey"
10421070,554,cluster_554,1.0,"oxlips, paloduro #60"
10401010,-1,unclustered,0.0,"oxtails (cut) twin pack, ibp"
10401320,609,cluster_609,1.0,"oxtails (cut), mex gusi"
10401120,609,cluster_609,1.0,"oxtails (cut), mex praderas"
10391130,609,cluster_609,1.0,"oxtails (cut), mex sukarne"
10394900,613,cluster_613,1.0,"oxtails (whole), e m m"
10391320,609,cluster_609,0.9521208144874711,"oxtails (whole), mex gusi"
10391120,609,cluster_609,0.9521208144874711,"oxtails (whole), mex praderas"
10394830,613,cluster_613,1.0,"oxtails (whole), s. e. p. (30#)"
10393330,612,cluster_612,0.5889263740478827,"oxtails (whole), upper iowa"
10394630,-1,unclustered,0.0,"oxtails select, naeve beef"
10411050,611,cluster_611,1.0,"oxtails whole steer, afg #06125"
10391010,611,cluster_611,0.994679237733985,"oxtails whole steer, ibp (15#)"
207900024,612,cluster_612,0.7987088364861832,"oxtails whole, greater omaha (15#)"
207900014,613,cluster_613,0.9226297357834684,"oxtails whole, jbs (15#)"
10401050,611,cluster_611,1.0,"oxtails, afg #06120 (20#)"
10391050,-1,unclustered,0.0,"oxtails, afg (30#)"
10391070,-1,unclustered,0.0,"oxtails, caviness (25#)"
10393690,-1,unclustered,0.0,"oxtails, cryo vac, aurora"
10401000,612,cluster_612,1.0,"oxtails, greater omaha (15#)"
10391000,612,cluster_612,1.0,"oxtails, greater omaha (30#)"
10391005,612,cluster_612,1.0,"oxtails, greater omaha (sel)"
10391160,612,cluster_612,0.5673132509800578,"oxtails, iowa premium (15#)"
10391870,-1,unclustered,0.0,"oxtails, v. p., nebraska"
10391020,-1,unclustered,0.0,"oxtails, vac pack, national"
10391140,-1,unclustered,0.0,"oxtails, western reserve #000034"
10391145,611,cluster_611,1.0,"oxtails, western reserve (sel) #000035"
10399980,613,cluster_613,1.0,"oxtails, whole"
10393760,-1,unclustered,0.0,"oxtails, whole liffey"
80163,-1,unclustered,0.0,oyster 1/2 shell 120 ct + frozen +
83810,-1,unclustered,0.0,oyster sauce *kikkoman* 6/5#
78389980,-1,unclustered,0.0,"oyster, breaded 25-35ct (retail), (5/2#)"
21053O,76,cluster_76,1.0,oysters 100ct
210531,76,cluster_76,1.0,oysters 80ct
21053K,77,cluster_77,1.0,oysters gal select
21053G,77,cluster_77,1.0,oysters gal standard
80165,77,cluster_77,1.0,oysters shucked <<gallon>> ostiones
21053O,76,cluster_76,1.0,oysters 100ct
59055218,-1,unclustered,0.0,p
81001,-1,unclustered,0.0,p & d shrimp-ocean garden i.q.f.
530152,-1,unclustered,0.0,p&d 15/20ct tailon shrimp 2#bg
530152,868,cluster_868,0.9244803208791157,p&d 15/20ct tailon shrimp 2#bg
315742,-1,unclustered,0.0,p. label 7 oz iqf b/s breast - 24#
314622,-1,unclustered,0.0,p. label 8 oz iqf b/s breast - 24#
410063,-1,unclustered,0.0,p.label 2oz veal cutlets-10#
750052,239,cluster_239,0.9424661347518675,p.label sliced pastrami-5/2#
620006,239,cluster_239,1.0,p.label sliced roast beef
610018,239,cluster_239,1.0,p.label sliced smoked tky brst
620323,239,cluster_239,1.0,p.label sliced smoked turkey breast-10#
9058,-1,unclustered,0.0,packed for lowey foods
203801,-1,unclustered,0.0,pad stainless steel 12ct
99216600,-1,unclustered,0.0,pallet spacer
99900,-1,unclustered,0.0,"pallet wrap 18"" 80 g 1500 ft"
PALLETS,-1,unclustered,0.0,pallets
83630,-1,unclustered,0.0,palm sugar 30x500g - thailand
71000,106,cluster_106,0.9442420430976602,panamei 13/15 ez peel 20/1#
71001,106,cluster_106,1.0,panamei 16/20 ez peel 10/2#
71005,105,cluster_105,1.0,panamei 26/30 ckd t/on 10/1#
71002,106,cluster_106,1.0,panamei 26/30 ez peel 10/2#
71006,105,cluster_105,1.0,panamei 31/40 ckd t/on 5/2#
71004,105,cluster_105,1.0,panamei 31/40 p&d t/off 5/2#
71003,106,cluster_106,1.0,panamei 41/50 ez peel 10/2#
594368,176,cluster_176,1.0,panamei baby octopus-16/25pc 12/2#
594360,195,cluster_195,0.869960176399146,panamei black chilean mussels-10/1# ckd
537452,-1,unclustered,0.0,panamei ckd 16/20ct p&d tail on shrimp
71007,-1,unclustered,0.0,panamei ckd large pcs 10/1#
524369,-1,unclustered,0.0,panamei cod portions-20/1#
534360,572,cluster_572,0.8191979288545242,panamei cooked shrimp-16/20 iqf-10/1#
534369,572,cluster_572,1.0,panamei cooked shrimp-21/25 iqf-10/1#
533369,572,cluster_572,1.0,panamei cooked shrimp-26/30 iqf-10/1#
536360,572,cluster_572,1.0,panamei cooked shrimp-31/40 iqf-10/1#
71008,-1,unclustered,0.0,panamei cpud 90/110 t/off
596369,-1,unclustered,0.0,panamei lobster meat-10/1#
598369,195,cluster_195,0.8767081346607082,panamei nz green mussels 1/2 shell-
594369,176,cluster_176,0.9053339483245927,panamei octopus tentacles-cooked
540320,-1,unclustered,0.0,panamei retail tilapia filets-20/1#
560023,575,cluster_575,0.8525435392547084,panamei seafood mix
71010,-1,unclustered,0.0,panamei silverside h&g rtl 20/1#
597151,235,cluster_235,0.19638485572422346,panamei squid cooked slices iqf-10/2#
560020,-1,unclustered,0.0,panamei swai filets-20/1#
83250,133,cluster_133,0.7812293473289634,panang curry paste *mae ploy*
90271132,46,cluster_46,0.8760155220757149,pancake mix chubby 6/5#
90271109,46,cluster_46,0.9273095539692737,pancake mix golden bear 6/5#
13441017,41,cluster_41,1.0,pancetta gratia fc 2/6.5#
35020000,-1,unclustered,0.0,pancetta skin off-carando
35020001,41,cluster_41,1.0,pancetta skin off-volpi
22175,41,cluster_41,1.0,pancetta volpi 2/4#
83380,-1,unclustered,0.0,panda oyster sauce - panda brand
96334740,-1,unclustered,0.0,"pandebono, raw, mambo (8x14.8z)"
50130560,-1,unclustered,0.0,papaya green
99983210,-1,unclustered,0.0,paper 12x18 butcher
99520,70,cluster_70,1.0,paper deli 10x10-3/4 - 12/500ct
99518,70,cluster_70,1.0,paper deli 15x10-3/4 - 12/500 ct
99519,70,cluster_70,1.0,paper deli 8x10-3/4 - 12/500ct
99333330,-1,unclustered,0.0,paper plates
99538,-1,unclustered,0.0,paper stk peach 8x30
99526T,-1,unclustered,0.0,paper toilet jumbo 2 ply 9 jrt 402
99521T,66,cluster_66,0.8212850974483371,paper towel rolls 2ply 30ct
99550,59,cluster_59,0.679788008739534,paper wax 11x15 bulk
99552,59,cluster_59,0.6796499747289763,paper wax 15x15 bulk
SP0011,-1,unclustered,0.0,"paper: 5 1/2"""
SP0010,-1,unclustered,0.0,"paper: 5"""
83790,-1,unclustered,0.0,paprika dry whole (guajillo) 25#
22080234,-1,unclustered,0.0,paprika grnd 5#
22080236,-1,unclustered,0.0,paprika grnd 50#
83793,-1,unclustered,0.0,paprika powder - 5# each
527214,262,cluster_262,1.0,par-fried spicy breaded cod loins-10#
527213,262,cluster_262,1.0,par-fried tempura battered cod loins-10#
85164,-1,unclustered,0.0,paratha jumbo family
97362,400,cluster_400,1.0,paratha jumbo fp kaiser halal
97291,400,cluster_400,1.0,paratha keema kaiser halal
97925,400,cluster_400,1.0,paratha original kaiser halal
97116,400,cluster_400,0.8200903373676274,paratha roll tikki marsala kaiser halal
85237,-1,unclustered,0.0,parmesan cheese grated 4x5#
31620,-1,unclustered,0.0,parsley
31619,-1,unclustered,0.0,parsley 60ct
50138108,-1,unclustered,0.0,parsley curly 30ct
371225,-1,unclustered,0.0,"party wings, iqf, empire kosher"
370004,-1,unclustered,0.0,"party wings, raw, iqf, sunland"
80512BK,223,cluster_223,1.0,pasta divella fettuccine 2/10#
80512B1,223,cluster_223,1.0,pasta la molisana fettuccine 2/10#
80590016,223,cluster_223,1.0,pasta med shells 2/10#
80590005,-1,unclustered,0.0,pasta noodle 1/4-in 10#
80590020,-1,unclustered,0.0,pasta orzo 10# misko
80590012,223,cluster_223,0.994399724183078,pasta spaghetti barilla 20/1#
150010,-1,unclustered,0.0,"pastrami flats, ckd, p.label"
220101,-1,unclustered,0.0,pastrami mrs flat halves
1832016,413,cluster_413,1.0,pastrami syg smk brisk1st cut3-4/5#
1832013,413,cluster_413,0.8733016699550116,pastrami syg smk brisket deli 22#
1832011,413,cluster_413,0.7820684383997242,pastrami syg smk navel 23# 3-6ct
18ND085,413,cluster_413,0.8237886824815536,pastrami tem wag 12#
1832647,413,cluster_413,1.0,pastrami thm-bot-rnd lrg 2/6#
1832633,413,cluster_413,0.959041696586589,pastrami thm-bot-rnd-an* 2/5#
1832012,413,cluster_413,1.0,pastrami thm-brisk1st 2/5#
22010V,-1,unclustered,0.0,pastrami vie navel ny dbl 30% 30#
1832012Z,413,cluster_413,1.0,pastrami-z thm brisk1st 2/5#
1832010Z,413,cluster_413,0.9539172632728251,pastrami-z thm naval 2/4#
1832633Z,413,cluster_413,1.0,pastrami-z thm-bot-rnd an* 2/5#
1832647,413,cluster_413,1.0,pastrami thm-bot-rnd lrg 2/6#
1832646Z,413,cluster_413,1.0,pastrami-z thm-bot-rnd-sml 4/3.5#
91090115,-1,unclustered,0.0,pastry baklava clsc 2/36ct kro
91090119,-1,unclustered,0.0,pastry baklava kontos 2/36ct-z
13ND263,-1,unclustered,0.0,pate tem chk liver brandy 12/6-oz
13ND261,-1,unclustered,0.0,pate tem chk liver classic 12/6-oz
13ND262,-1,unclustered,0.0,pate tem chk liver truffle 12/6-oz
66004310,-1,unclustered,0.0,"patellas, turkey (kneecap), michigan 40#"
59014240,-1,unclustered,0.0,"patties, breaded chicken lake liner 8/3#"
59019980,-1,unclustered,0.0,"patties, breast, breaded chicken (20#)"
357112,-1,unclustered,0.0,pc- jelly american flv 200 cou
36,-1,unclustered,0.0,peach paper
85220,-1,unclustered,0.0,peaches sliced *din how* 12013
83490,29,cluster_29,1.0,peanuts blanched - 6/5#
83450,29,cluster_29,1.0,peanuts blanched 10/5# (case)
31041,-1,unclustered,0.0,pear - green <case> 12 count
901610,-1,unclustered,0.0,pears in light syrup-6/#10 cans
85020,-1,unclustered,0.0,dutch farms mild cheddar minihorn 12#
120006,793,cluster_793,1.0,pectoral meat
13073693,-1,unclustered,0.0,"pectoral meat, aurora (ch_angus)"
13073390,-1,unclustered,0.0,"pectoral meat, black mountain"
13071214,793,cluster_793,1.0,"pectoral meat, creekstone (ch)"
13071211,-1,unclustered,0.0,"pectoral meat, creekstone (prime)"
13071004,793,cluster_793,0.9438107474482945,"pectoral meat, greater omaha (ch)"
13071044,793,cluster_793,0.9695384387873213,"pectoral meat, jbs (ch)"
13071024,793,cluster_793,1.0,"pectoral meat, national (ch)"
31630,-1,unclustered,0.0,peeled garlic (4 jars x 5#)
34232635,-1,unclustered,0.0,peer boneless mini ham 3-4# 32674
34232655,-1,unclustered,0.0,peer boneless mini ham 6-7#
31645,-1,unclustered,0.0,pepper - habanero chili fresh 2# bg
50140219,300,cluster_300,0.9284599322394402,pepper bel green choice 20#
50140210,300,cluster_300,1.0,pepper bel green med 5#
50140213,300,cluster_300,1.0,pepper bel green xlrg 20#
50140215,300,cluster_300,0.9626413267886783,pepper bel red med 25#
50140214,300,cluster_300,1.0,pepper bel red med 5#
50140216,300,cluster_300,0.86743707679724,pepper bel red xlg 20#
941204,-1,unclustered,0.0,pepper blk granulated bulk 5#
22080178,-1,unclustered,0.0,pepper blk grnd 5# box
22080195,-1,unclustered,0.0,pepper blk grnd 5# plastic cont
22080222,-1,unclustered,0.0,pepper cayenne sauce
31642,-1,unclustered,0.0,pepper chile anaheim 20#
501561,296,cluster_296,1.0,pepper chile ancho 10#
50143,297,cluster_297,0.9562369526952853,pepper chile de arbol no stem 5#
5014414,297,cluster_297,1.0,pepper chile guajillo n/stem me 25#
5014412,297,cluster_297,1.0,pepper chile guajillo n/stem per 5#
5014413,297,cluster_297,1.0,pepper chile guajillo n/stem per25#
50152,-1,unclustered,0.0,pepper chile morita 5#
501471,296,cluster_296,1.0,pepper chile pasilla 10#
50147,296,cluster_296,1.0,pepper chile pasilla whl me 5#
50165,296,cluster_296,0.8424560356322582,pepper chile pulla 5#
50156,296,cluster_296,1.0,pepper chile whl ancho me 5#
50171,296,cluster_296,0.9105697056936598,pepper chile whl chipotle me 5#
31640,299,cluster_299,1.0,egg liq yolk sugar 30#-z
31680,-1,unclustered,0.0,pepper chili poblano
501555,294,cluster_294,0.6953193260382846,pepper habanero orange 8#
50140,-1,unclustered,0.0,imitation breaded scallops
50146,-1,unclustered,0.0,pepper hispanic serrano 35#
85162,266,cluster_266,0.8795201315125805,"pepper jack cheese 1/4"" diced hi temp"
50677S,285,cluster_285,1.0,pepper jal nacho sl 6/#10 dsl.
506773,285,cluster_285,1.0,pepper jalape o vin whl 6/#10 lac
50677W,285,cluster_285,1.0,pepper jalape o vin whl 6/#10 sm
501391,299,cluster_299,1.0,pepper jalapeno green 10#
501384,299,cluster_299,0.9915232227847746,pepper jalapeno green 15-20#
50138,299,cluster_299,1.0,pepper jalapeno green 38#
501385,-1,unclustered,0.0,pepper jalapeno green 5# split
50170,299,cluster_299,1.0,pepper jalapeno red 38#
84150,-1,unclustered,0.0,pepper pulla dry 25#
40171010,-1,unclustered,0.0,pepper red crushed 4#
90526012,-1,unclustered,0.0,pepper sport mild 4/1 gal
90527,-1,unclustered,0.0,pepperoncini 4/1 gal
90527465,-1,unclustered,0.0,pepperoncini pail 25#
22209,404,cluster_404,0.9045446218607641,pepperoni deli stick mar-36017 4/4#
22212,404,cluster_404,1.0,pepperoni deli stick mar-36025 2/5#
22PC57,404,cluster_404,1.0,pepperoni deli stick thm 3/4#
38782500,-1,unclustered,0.0,"pepperoni sandwich 3"""
22200,403,cluster_403,1.0,pepperoni slcd bel 10#
22198,403,cluster_403,1.0,chorizo oaxaca 20/1#
22203,403,cluster_403,1.0,pepperoni slcd marg 8/2#
38146235,-1,unclustered,0.0,pepperoni sliced margarita 12.5 # bag
38782501,-1,unclustered,0.0,pepperoni stickfor pizza
81209980,304,cluster_304,0.6345866822276003,"pepperoni, beef cooked halal (2/5#)"
22206,404,cluster_404,0.9207354745232424,pepperoni-z deli stick fio 4/3#
22PC57,404,cluster_404,1.0,pepperoni deli stick thm 3/4#
22102,404,cluster_404,0.7885814351482889,beelers natural retail weiners
78282829,-1,unclustered,0.0,"perch fillet, skin/on sea best (12/1#)"
78284360,-1,unclustered,0.0,"perch, fil 4oz, ivp rtl panamei 20/1#"
360705,-1,unclustered,0.0,perdue 34705 whole chickens
320808,644,cluster_644,0.9568226168045025,perdue 86808 tray chicken drumsticks
390423,-1,unclustered,0.0,perdue breaded ckn nugget 8/24oz - 83423
23147745,-1,unclustered,0.0,perdue ckd steamed party wings
390471,-1,unclustered,0.0,perdue crispy ckn strips 8/26oz - 83471
22610800,-1,unclustered,0.0,perdue fully cooked 8 pc dinner-15 lb.cs
390269,-1,unclustered,0.0,perdue ground chicken-2# trays
610009,-1,unclustered,0.0,perdue turkey sausage links
610010,1076,cluster_1076,0.8957793166603799,perdue turkey sausage patties
211022,-1,unclustered,0.0,perdue whole leg
124030,1040,cluster_1040,0.9059714763638402,"petite tender fillet, 3oz"
124040,1040,cluster_1040,1.0,"petite tender fillet, 4oz"
124050,1040,cluster_1040,1.0,"petite tender fillet, 5oz"
124060,1040,cluster_1040,1.0,"petite tender fillet, 6oz"
124080,1040,cluster_1040,0.9059685202106251,"petite tender fillet, 8oz"
398411,-1,unclustered,0.0,pheasant bnls skin on breast-8-10oz
76127842,-1,unclustered,0.0,pheasant breast b/out
389354,-1,unclustered,0.0,pheasant leg quarters
76111000,-1,unclustered,0.0,pheasant mature whole
451034,-1,unclustered,0.0,pheasant sausage w/brandy-5-1
76127841,-1,unclustered,0.0,pheasant thigh boneless
19250,-1,unclustered,0.0,pheasant whl-z 3.50# 7 ct avg
350354,-1,unclustered,0.0,"pheasant, 2-2.5# average"
20489,-1,unclustered,0.0,philly cheese chicken brat 3/1 r953
18030762,-1,unclustered,0.0,philly quaker(12-9oz)
170861,-1,unclustered,0.0,chk-ff-z sp br bs ran# 8/3##
PICKUP,-1,unclustered,0.0,pick up product
PICKUP,-1,unclustered,0.0,pick up product
91149,-1,unclustered,0.0,pickle *** dil chip 1 gal
91144440,80,cluster_80,1.0,pickle cpc dil chp sm1/8 5g 55350
91155,80,cluster_80,1.0,pickle cpc dil spear300 5g 56698
91153,80,cluster_80,1.0,pickle cpc dil spear400 5g 056708
91148468,-1,unclustered,0.0,pickle hlv sour whl
91148465,81,cluster_81,1.0,pickle vie dil spear300 5g 056690
91156133,81,cluster_81,1.0,pickle vie dil whl baby200 5g 56470
91156132,81,cluster_81,1.0,pickle vie dil whl lg60 5g 057080
91144444,80,cluster_80,0.6942805507262835,pickle vie dill chip kk1/4 5g 55330
47159980,1084,cluster_1084,0.837779576411404,picnic boneless combo pork
31004000,-1,unclustered,0.0,picnic ham skin on
48041530,-1,unclustered,0.0,"picnic shanks,(hocks) pork tri-eagle"
47143570,1084,cluster_1084,1.0,"picnics bone in pork (1pc), ibp"
47043570,1084,cluster_1084,1.0,"picnics bone in pork (2pc), ibp"
47042010,1084,cluster_1084,0.9275653524283459,"picnics bone in pork, morris/dekalb"
47041060,1084,cluster_1084,0.9636561300872286,"picnics bone in vp, pork, indiana"
47041150,1084,cluster_1084,0.819768399317375,"picnics bone in vp, pork, seaboard"
47041920,1084,cluster_1084,1.0,"picnics bone in, pork, prestage"
47059980,1084,cluster_1084,1.0,"picnics boneless, pork"
47053570,1084,cluster_1084,1.0,"picnics boneless, pork ibp"
47059990,1084,cluster_1084,1.0,"picnics boneless, pork moesle"
47054160,1084,cluster_1084,0.935815592210632,"picnics boneless, pork peoria"
47051920,1084,cluster_1084,1.0,"picnics boneless, pork prestage"
900082,182,cluster_182,1.0,pierogi potato cheddar bacon-8kg
900080,182,cluster_182,1.0,pierogi potato cheese-8kg
900081,182,cluster_182,1.0,pierogi potato onion-8kg
900085,182,cluster_182,0.9014245916442275,pierogi sauerkraut mushroom-8kg
900084,182,cluster_182,0.8386631072832075,pierogi spinach feta-8kg
190930,-1,unclustered,0.0,pierre 3oz ckd beef patty-10#
190540,-1,unclustered,0.0,pierre 4oz cooked beef patties-10#
900046,-1,unclustered,0.0,pierre rtc country fried steak
20401,661,cluster_661,0.9360190409091418,pig - whole with head 150#
280023,841,cluster_841,0.9204213669759763,pig ears
39900130,841,cluster_841,1.0,pig head
280001,841,cluster_841,1.0,pig heads
20400,-1,unclustered,0.0,pig split
39000305,-1,unclustered,0.0,pig tails
20402,-1,unclustered,0.0,pig whole small bbq 20/30lb 1 piece
280018,-1,unclustered,0.0,pigs feet cut up
280017,-1,unclustered,0.0,"pigs feet, 40#"
31660,319,cluster_319,1.0,pineapple (7ct)
50120142,320,cluster_320,0.7896356526275895,pineapple chunk dole 12/20oz
83500,319,cluster_319,0.9362999215710247,pineapple chunks 6/5
83501,-1,unclustered,0.0,pineapple juice (jugo) 12/46 oz*
50120157,319,cluster_319,1.0,pineapple sl 6/#10*
50120156,319,cluster_319,0.9362999215710247,pineapple sl dole 6/#10
20486,-1,unclustered,0.0,"pineapple teriyaki brat 7"" rpc495"
96531249,-1,unclustered,0.0,pineapple upsidedown chudleigh
50120132,319,cluster_319,1.0,pineapple whl 7ct
84950,-1,unclustered,0.0,pink detergent (tub) - super pink
84944,134,cluster_134,1.0,pink hand soap - 4/1 gal
420180,-1,unclustered,0.0,pinn oak 8oz lamb t-bone chop
420010,-1,unclustered,0.0,lamb shoulder boneless
84054,277,cluster_277,0.8988888636972581,pinto beans 24# /box - great plains
84050,-1,unclustered,0.0,pinto beans triple cleaned 50#/bag
SP1118,135,cluster_135,0.7519895887840317,pita bread
90271013,135,cluster_135,0.7556038203430008,pita bread 6-in 12/10ct olymp-10906
90272PB,135,cluster_135,1.0,pita bread 6-in corfu-z
90278000,135,cluster_135,0.9636817979761042,pita bread 6-in kontos 12/10
90271PB,135,cluster_135,1.0,pita bread 6-in krono-z
90273PB,135,cluster_135,1.0,pita bread 7-in corfu-z
90275PB,135,cluster_135,1.0,pita bread 7-in kronos-z
9027510,135,cluster_135,0.8370847978047515,pita bread 7-in olymp-10907
90907,-1,unclustered,0.0,"pita greek olympia 12/10pc 7"" halal"
501572,-1,unclustered,0.0,pitaya 20#
SP105496,398,cluster_398,1.0,"pizza 4x6"" 96 pcs -cheese t"
SP105396,398,cluster_398,1.0,"pizza 4x6"" 96 pcs sausage!"
SP105696,398,cluster_398,1.0,"pizza 4x6"" 96pcs - pepperoni"
9524009,-1,unclustered,0.0,pizza crust thin-z 30/14
9524008,-1,unclustered,0.0,pizza crust-z 20/16
290019,-1,unclustered,0.0,pizza meat ground 10# bag
47264,-1,unclustered,0.0,pizza pattie breaded 40/4oz
SP1052,-1,unclustered,0.0,pizza puff
70242,374,cluster_374,0.764443463214132,pizza puff el greg beef hal 48/6 oz
70240,374,cluster_374,1.0,61/70 shell on-10/4# maximus sea
7024014,374,cluster_374,1.0,pizza puff iltaco brkfst s&c 48/6oz
70248,374,cluster_374,1.0,pizza puff iltaco original 48/6 oz
86174800,304,cluster_304,1.0,"pizza, beef chicken, halal 6ct"
86204800,304,cluster_304,0.9633654769564016,"pizza, beef pepperoni, halal 6ct"
86234800,304,cluster_304,1.0,"pizza, beef salami, halal 6ct"
86264800,304,cluster_304,1.0,"pizza, beef sausage, halal 6ct"
86144800,304,cluster_304,0.8106227178955715,"pizza, cheese, halal 6ct"
86294800,304,cluster_304,0.8839078288311762,"pizza, supreme, halal 6ct"
86324800,304,cluster_304,0.7673898016169387,"pizza, vegetable, halal 6ct"
SP105454,403,cluster_403,1.0,pizza-cheese indiv 54/cs
SP105472,403,cluster_403,1.0,pizza-cheese indiv 72/cs
SP1054,403,cluster_403,1.0,pizza-pepperoni indiv * 54/cs *
SP1053,-1,unclustered,0.0,pizza-sausage indiv * 60/cs *
10271050,-1,unclustered,0.0,"pizzle steer, beef, afg #30"
10271080,-1,unclustered,0.0,"pizzle steer, beef, liffey"
21851,-1,unclustered,0.0,pk bellies skinless sheet rib swift
21863,-1,unclustered,0.0,pk skinless belly sheet half **
99990002,4,cluster_4,1.0,placeholder 2
99990003,4,cluster_4,1.0,placeholder 3
99990001,4,cluster_4,1.0,cold storage/overwrite description
31101,-1,unclustered,0.0,plantain
86910,151,cluster_151,0.9773615729707719,plastic - fh 5187 -24oz 1comp
84120,-1,unclustered,0.0,plastic - knife <cuchillo>
87000,-1,unclustered,0.0,plastic 1-comp 8x6 mc6330b
87010,-1,unclustered,0.0,plastic 2-comp 8x6 pl-288 b
87180,151,cluster_151,1.0,plastic black round - v 716 16oz
87181,151,cluster_151,1.0,"plastic cont 6"" round black hc-ro16"
87230,150,cluster_150,0.9796618416931355,plastic container hs-24 round
84100,-1,unclustered,0.0,plastic fork 1000 pc [tenedores]
84101,-1,unclustered,0.0,plastic forks 600pc
87290,151,cluster_151,1.0,plastic round combo hs-32 black
87240,155,cluster_155,0.7250892336602012,plastic soup cup 24oz - s 24
84121,155,cluster_155,0.9640901126895197,plastic soup cups 12oz s12
84080,155,cluster_155,0.9206908842168132,plastic soup cups 8oz hs-s8
84140,-1,unclustered,0.0,plastic soup spoon (cuchara)
84102,-1,unclustered,0.0,plastic soup spoons - 600 pcs
88781,150,cluster_150,1.0,plastic white container kk 78-30
87525,-1,unclustered,0.0,plastic- fh 525 sushi container 6x9
99529,-1,unclustered,0.0,plates foam 9-in 4/125 ct 9prwcr
COLLECT,-1,unclustered,0.0,please pick up check
91200,-1,unclustered,0.0,plum blossom shaped dumpling (e-12)
83530,-1,unclustered,0.0,plum in brine *koon chun* glass btl
971120598,550,cluster_550,0.8832070948957988,plumrose sliced bacon 24/12oz
PO,-1,unclustered,0.0,po # -
96715620,-1,unclustered,0.0,"polish bb hearty sge,butterball,12/12 oz"
97875895,314,cluster_314,1.0,polish lumberjack saus8/1.5lb)roger wood
SP709,-1,unclustered,0.0,polish sausage - beef leons
94425070,974,cluster_974,0.7877967360551558,"polish sausage 5-1, f/c, ogden f. 12/1#"
SP710,974,cluster_974,1.0,polish sausage 5/1
97715830,-1,unclustered,0.0,"polish sausage rope, motor city (2 lbs)"
97625880,616,cluster_616,1.0,"polish sausage, scott pete (12/20z)"
97484780,-1,unclustered,0.0,polks ham steaks
97485780,-1,unclustered,0.0,polks red hot link saus(6-2lb)
97495780,-1,unclustered,0.0,polksbrown hot link saus(6-2lb)
78915829,-1,unclustered,0.0,"pollock fillet, snls sea best (12/1#)"
78329989,-1,unclustered,0.0,"pollock salted - bacalao, buena ven 20/1"
78324369,-1,unclustered,0.0,"pollock, fil slt bnls, panamei (20/1#)"
78624369,901,cluster_901,1.0,"pollock, fil slt bnls, panamei (48/12oz)"
78724369,-1,unclustered,0.0,"pollock, fil slt bnls, panamei (5/4#)"
78301699,900,cluster_900,1.0,"pollock, fillets 2-4oz, 4x10 (40#)"
78303479,900,cluster_900,0.8212688423036825,"pollock, fillets 2-4oz, 4x10 mercado del"
78909989,900,cluster_900,1.0,"pollock, fillets 3-5oz, (20#)"
78311529,900,cluster_900,0.8346773887387147,"pollock, fillets 4-6oz, 2x5 midnight sun"
78319989,900,cluster_900,1.0,"pollock, fillets 4-6oz, 4x10 (40#)"
78313479,900,cluster_900,0.8417678632819664,"pollock, fillets 4-6oz, 4x10 mercado del"
207900043,901,cluster_901,1.0,"pollock, loin 4oz wild china (10#)"
207900039,901,cluster_901,1.0,"pollock, pacific 2-4oz (10#)"
78801649,-1,unclustered,0.0,"pollock, sltd 16-20"", bone/in large (50)"
78811649,-1,unclustered,0.0,"pollock, sltd 21"" +, bone/in jumbo (50#)"
78821649,-1,unclustered,0.0,"pollock, sltd, boneless wood large (40#)"
96675620,-1,unclustered,0.0,"polska sge fully ckd,16/13z,butterb(13#)"
994036,-1,unclustered,0.0,poly box liner 26 x 21 x 30 blue
62700,10,cluster_10,0.9710131622326711,poly disposable gloves - medium
62900,10,cluster_10,0.7699258003443601,poly disposable gloves xl
38,-1,unclustered,0.0,poly sleaves
24770,-1,unclustered,0.0,pork & veg. gyoza 4/2# *cj*
20026,-1,unclustered,0.0,pork al pastor meat marinated 2x5lb
46089980,-1,unclustered,0.0,butt boston bone in combo pork
46089990,-1,unclustered,0.0,"butt bone in, moesle (70#)"
20101,1175,cluster_1175,1.0,pork b/i loin center cut seaboard
20102,1175,cluster_1175,1.0,pork b/i loin seaboard
20103,1108,cluster_1108,1.0,pork b/i loin strap on smithfield
20071,1108,cluster_1108,1.0,pork b/i shoulder butts - smithfield
20070,-1,unclustered,0.0,pork b/i shoulder butts frozen
20070,1175,cluster_1175,0.9273512341314543,pork b/i shoulder butts frozen
20075,1108,cluster_1108,1.0,pork b/i shoulder butts n/off smithfield
22126,1175,cluster_1175,1.0,hot dog v skl 4-1 6-in 013040 10#
SP2302,-1,unclustered,0.0,pork baby back ribs 2 dn*
1317877,-1,unclustered,0.0,pork back rib 2up# smf 30#-z
13140,1203,cluster_1203,1.0,pork back rib ami 1.25- 33#-z
131501,1203,cluster_1203,1.0,pork back rib ami 1.50- 33#-z
13160A,1203,cluster_1203,0.5928586624249973,pork back rib ami 1.75- 33# r
13160,1203,cluster_1203,1.0,pork back rib ami 1.75- 33#-z
13175B,-1,unclustered,0.0,pork back rib ami 1.75- 6-ivp-z
13170C,1203,cluster_1203,0.5124291170676267,pork back rib ami 2.00- 42330 r
13170,1203,cluster_1203,0.5091747731962463,pork back rib ami 2.00- 42330-z
131700,1203,cluster_1203,0.6475276348043242,pork back rib ami 2.25- 33# r
131701,1203,cluster_1203,0.7726664599190667,pork back rib ami 2.25- 33#-z
13170190,1203,cluster_1203,0.5091747731962463,pork back rib ami 2.50- 42355-z
1317619,1188,cluster_1188,1.0,pork back rib com 2.5- #699 12p
1317619,1188,cluster_1188,1.0,pork back rib com 2.5- #699 12p
13145759,1188,cluster_1188,0.9250690720426767,pork back rib com 2.5up #759**-z
1355704,1188,cluster_1188,0.8322076853146805,pork back rib com 2d #702 ivp 12p
1355704,1188,cluster_1188,0.8689859988487271,pork back rib com 2d #702 ivp 12p
13155798,1188,cluster_1188,1.0,pork back rib com 2up #798 4/3p
13155798,1188,cluster_1188,1.0,pork back rib com 2up #798 4/3p
13170206,-1,unclustered,0.0,pork back rib crk 2.50+ #18141-z
250149,1033,cluster_1033,1.0,"pork back rib half cov, seaboard"
1316410,-1,unclustered,0.0,pork back rib hml 2.00- #2 30#-z
13170997,-1,unclustered,0.0,pork back rib ind vp19919 #2 unp r
13170994,-1,unclustered,0.0,pork back rib ind vp19919 #2 unp-z
131466,-1,unclustered,0.0,pork back rib ind-2.25-2.5 unp913-z
13140I,1188,cluster_1188,0.8285639820666957,pork back rib ind-2.5-2.75 unp952-z
131440,1202,cluster_1202,1.0,pork back rib wic 1.00- 22#-z
13142,-1,unclustered,0.0,pork back rib wic 1.25- 33# r
13166C,1202,cluster_1202,0.9123709036987869,pork back rib wic 1.75- le31#-z
13174,1202,cluster_1202,1.0,pork back rib wic 2.00- 31#-z
13176,-1,unclustered,0.0,pork back rib wic 2.00- le-z
13174101,1202,cluster_1202,1.0,pork back rib wic 2.25- 31#-z
13170172,-1,unclustered,0.0,pork back rib wic miscuts 30#-z
13172,-1,unclustered,0.0,pork back rib wic portions4-6# 30#
250350,-1,unclustered,0.0,"pork back rib xtra meaty, smithfield"
24450,-1,unclustered,0.0,pork backfat skin on sioux preme 50#
20271,-1,unclustered,0.0,pork backfat skinless altosano
37190103,583,cluster_583,1.0,pork bacon canadian
37080202,-1,unclustered,0.0,pork bacon ends and pieces
21810,1058,cluster_1058,1.0,pork bellies skin-on 10/14 - ibp
21127,1067,cluster_1067,1.0,pork bellies skin-on 10/14 - seaboard
21870,-1,unclustered,0.0,pork bellies skin-on ~spring hill~
21864,-1,unclustered,0.0,pork bellies skinless - *poland*
21247,1067,cluster_1067,1.0,pork bellies skinless seaboard 12/13
21800,-1,unclustered,0.0,pork bellies skinless seaboard 9/11
21861,-1,unclustered,0.0,pork bellies skinless ~swift~ 45615
21715,1067,cluster_1067,1.0,pork bellies skinls sheet seaboard
230001,-1,unclustered,0.0,pork belly fresh rind off
230003,-1,unclustered,0.0,pork belly fresh rind on
22230,-1,unclustered,0.0,pork belly skin no 12d *supreme*
21820,-1,unclustered,0.0,pork belly skin on #2 - sioux preme
21880,-1,unclustered,0.0,pork belly skin on *spring hill*
21840,-1,unclustered,0.0,pork belly skin on +swift+
35213904,1035,cluster_1035,1.0,"pork belly skin on cut 1/2"""
35213903,1035,cluster_1035,1.0,pork belly skin on cut 3pc
21830,-1,unclustered,0.0,pork belly skin-on - costa brava
21832,-1,unclustered,0.0,pork belly skin-on - patel
21211,1067,cluster_1067,0.9521662806956939,dearborn natural casing frank 8-1 #7039
1305456,-1,unclustered,0.0,pork belly skin-on com 6/4.6# 45610
43001190,-1,unclustered,0.0,belli skin on combo pork
130515,1058,cluster_1058,1.0,pork belly skin-on ibp ivp 3/12#
13050779,1135,cluster_1135,0.9308592582327474,pork belly skin-on ind-25303 5ct
21831,-1,unclustered,0.0,pork belly skin-on sheet rib*swift*
13050782,-1,unclustered,0.0,pork belly skin-on spx
43009990,1035,cluster_1035,1.0,"belli skin on trimmed, pork, moesle"
130504,-1,unclustered,0.0,pork belly skin-on wic
13050P,1135,cluster_1135,1.0,pork belly skin-on ~m fed 4ct
13054,1135,cluster_1135,1.0,pork belly skin-on ~m sta 4ct
230005,840,cluster_840,1.0,pork belly skinless
21860,840,cluster_840,1.0,pork belly skinless - keken
21850,840,cluster_840,1.0,pork belly skinless japanese style
21862,1067,cluster_1067,0.9521662806956939,pork belly skinless sheet *seaboard
22232,1138,cluster_1138,1.0,pork belly skins 50# kruse
22248,1138,cluster_1138,1.0,pork belly skins 60# moesle
22242,1138,cluster_1138,1.0,pork belly skins moesle 40 #
43019990,-1,unclustered,0.0,"belli skinless trimmed, pork, moesle"
13050120,1182,cluster_1182,1.0,pork belly skls com sqc 45796 2/1p
13050568,1182,cluster_1182,1.0,pork belly skls com sqc cut1/3rd 6p
43011190,-1,unclustered,0.0,"belli skinless, combo pork"
130502PE,-1,unclustered,0.0,pork belly skls ~m fed 4ct
230007,-1,unclustered,0.0,"pork belly slice rind on, 1.5""x3mm"
43029990,1134,cluster_1134,1.0,"belli rib, skin on, pork, moesle"
43021190,1134,cluster_1134,1.0,"belli rib, skin on, combo pork"
13050099,1135,cluster_1135,0.9993234121754095,pork belly sng/rib skin-on ~m 4ct
13050188,-1,unclustered,0.0,pork belly sng/rib skls ind26313
13050189,-1,unclustered,0.0,pork belly sng/rib skls peo
230002,-1,unclustered,0.0,"pork belly sous vide, hillshire"
39000390,-1,unclustered,0.0,pork belly trimmings
35110000,1134,cluster_1134,1.0,pork belly w/ribmeat b/in skin-off
35220000,1133,cluster_1133,1.0,pork belly w/ribmeat b/out s/off
35220002,1133,cluster_1133,1.0,pork belly w/ribmeat b/out s/off kurobut
35210000,1133,cluster_1133,1.0,pork belly w/ribmeat b/out s/on
35113904,1133,cluster_1133,0.8930264172169933,pork belly w/ribmeat bone in s/on
130508,-1,unclustered,0.0,pork belly-z skin-on wic
13050P,1135,cluster_1135,1.0,pork belly skin-on ~m fed 4ct
13050127,-1,unclustered,0.0,pork belly-z skin-on-rib-on com 3p
13050568,-1,unclustered,0.0,pork belly skls com sqc cut1/3rd 6p
13088704,1182,cluster_1182,1.0,pork belly-z sng/rib skls com 45703
13050189,-1,unclustered,0.0,pork belly sng/rib skls peo
48019990,594,cluster_594,0.8829995234501317,"blade meat (poly), pork moesle (60#)"
48009990,594,cluster_594,0.9464900905243879,"blade meat (poly), pork moesle (35#)"
83711,669,cluster_669,0.7754915097362011,pork blood
21130,669,cluster_669,0.8014289842293402,pork blood - 20 cup
104311,669,cluster_669,0.7484242064493986,pork blood-z ~m 4/1-gal
20105,-1,unclustered,0.0,pork bnls loin strap on smithfield
20238,-1,unclustered,0.0,pork bone femur split <127120> cw
290248,447,cluster_447,1.0,"pork bone rack, sakura, 10"
20081,1108,cluster_1108,0.9995365947872188,pork boneless butt - smithfield
20080,1175,cluster_1175,0.9177874021481682,pork boneless butt ibp/seaboard
13209132,1069,cluster_1069,1.0,pork bones
13230,-1,unclustered,0.0,pork bones back gp
40181960,-1,unclustered,0.0,"bones edible, pork (10# bag)"
13209,-1,unclustered,0.0,pork bones femur cut *__-z 22#
13209F,-1,unclustered,0.0,pork bones femur cut com-z 22#
13231,1069,cluster_1069,0.9725239527093419,pork bones femur peo
13231,1069,cluster_1069,0.8535753950456105,pork bones femur peo
40189960,-1,unclustered,0.0,"bones inedible combo, pork"
280200,-1,unclustered,0.0,"pork bones neck, 20#bx"
39000010,1069,cluster_1069,0.939506907207886,pork bones pork neck bones
20343,-1,unclustered,0.0,pork brains
20344,-1,unclustered,0.0,pork brains tub 12/1#
10427A,1066,cluster_1066,0.9219177355249675,pork brains-z ind 12/1#
10428A,1066,cluster_1066,0.9637810148089427,pork brains-z ind 25#
1042710,1066,cluster_1066,0.8881395866735273,pork brains-z ipp
1042779,1066,cluster_1066,0.9637810148089427,pork brains-z ~market 30#
SP218,-1,unclustered,0.0,pork breaded fritter 3.2 oz
SP2181,-1,unclustered,0.0,pork breaded steak 85/pc 4oz
20570,-1,unclustered,0.0,pork brisket bone ibp rib tips
SP221,-1,unclustered,0.0,pork brt loin
132217,-1,unclustered,0.0,pork bung-z 30#
132215,1066,cluster_1066,0.8774655029409024,pork bung-z ibp 15#
20630,-1,unclustered,0.0,pork bungs inverted 22#
46099990,-1,unclustered,0.0,"butt boneless, (poly), moesle"
260109,-1,unclustered,0.0,pork butt bi-creekstone
31002000,-1,unclustered,0.0,pork butt bone in 8 pc /cs 2 per pkg.
260009,-1,unclustered,0.0,"pork butt boned & defat, gw"
260002,-1,unclustered,0.0,"pork butt boned & defat, net weight"
124578,-1,unclustered,0.0,pork butt boneless pinned-2x
260007,-1,unclustered,0.0,"pork butt boneless, gwt"
260003,-1,unclustered,0.0,"pork butt boneless, net weight"
20051,-1,unclustered,0.0,pork butt ct seaboard
260011,1222,cluster_1222,1.0,"pork butt sliced bone-in, 1/4"
260004,-1,unclustered,0.0,"pork butt trim, cellar"
260006,-1,unclustered,0.0,"pork butt, 4-8#"
260008,-1,unclustered,0.0,"pork butt, 60#ave cs lot"
260005,-1,unclustered,0.0,"pork butt, heritage berkshire"
20050,1175,cluster_1175,0.9019398808741859,pork c.t. butts boneless //ibp//
20053,1175,cluster_1175,0.9254132409803141,pork c.t. butts boneless seaboard
34500009,-1,unclustered,0.0,pork canned ham 5# 6/5#
39000020,348,cluster_348,0.6666774798153308,pork casings hog
39000030,-1,unclustered,0.0,pork casings-32-35mm pre flushed
39000040,-1,unclustered,0.0,pork caul fat
21120,792,cluster_792,1.0,pork cheek meat
39000050,-1,unclustered,0.0,pork cheek meat fresh
13220,-1,unclustered,0.0,pork cheek meat ~market 10#
132995,-1,unclustered,0.0,pork cheek meat-z com42995 2/5#
40269980,-1,unclustered,0.0,pork chicharron prensado
21114,-1,unclustered,0.0,pork chitterlings
13216C,-1,unclustered,0.0,pork chitterlings-z
1321621,-1,unclustered,0.0,pork chitterlings-z 6/10#
13329045,1164,cluster_1164,0.770274585590879,pork chop bi phse 00s
13334009,1171,cluster_1171,0.6495227392356611,pork chop bi rib cc00 cts
13334010,1171,cluster_1171,1.0,pork chop bi rib cc06s 10#
13334019,1171,cluster_1171,1.0,pork chop bi rib cc08s 10#
13334099,1171,cluster_1171,1.0,pork chop bi rib cc10s 10#
9120944,-1,unclustered,0.0,pork chop bi rib frc
9120922,-1,unclustered,0.0,pork chop bi rib frc duroc
13329010,-1,unclustered,0.0,pork chop bicc 1.0-in ee 10#
13328993,1177,cluster_1177,0.4209260226510365,pork chop bicc00s cts 10#
133278,-1,unclustered,0.0,pork chop bicc00s frc toma
133284,1177,cluster_1177,1.0,pork chop bicc04s 10#
133285,1177,cluster_1177,0.9176827794156508,pork chop bicc05s 10#
133285,1177,cluster_1177,0.43925262826652567,pork chop bicc05s 10#
133286,1177,cluster_1177,1.0,pork chop bicc06s 10#
133289,1178,cluster_1178,1.0,pork chop bicc06s frc 10#
13328722,1177,cluster_1177,1.0,pork chop bicc07s 10#
133287,1177,cluster_1177,0.8236424147387346,pork chop bicc08s 10#
1332878,-1,unclustered,0.0,pork chop bicc08s 10# 16/2pc-vp
13328028,1172,cluster_1172,1.0,pork chop bicc08s duroc 10#-ivp
1332898,1178,cluster_1178,1.0,pork chop bicc08s frc 10#
1332897A,1177,cluster_1177,0.48984885877167345,pork chop bicc10s 10#
13327,-1,unclustered,0.0,pork chop bicc10s frc ivp
1332898A,1177,cluster_1177,0.6809537829262589,pork chop bicc12s 10#
13328044,1172,cluster_1172,1.0,pork chop bicc12s duroc 9#-ivp
13328048,1172,cluster_1172,0.9512937765853372,pork chop bicc12s duroc ivp-u
13327012,1178,cluster_1178,1.0,pork chop bicc12s frc 10#
13328804,1177,cluster_1177,0.48719079663714676,pork chop bicc14s 10#
13328046,1172,cluster_1172,1.0,pork chop bicc14s duroc ivp10p
1332899,-1,unclustered,0.0,pork chop bicc14s frc 10# ivp
13328880,-1,unclustered,0.0,pork chop bicc16s
13328890,-1,unclustered,0.0,pork chop bicc16s 2b-frc dur
133292,-1,unclustered,0.0,pork chop bicc16s frc10#
13332307,1169,cluster_1169,0.6052000229361493,pork chop bnl cc00s btfly cts
13328914,1169,cluster_1169,1.0,pork chop bnl cc04s 10# lp
13328913,1169,cluster_1169,1.0,pork chop bnl cc05s 10# lp
13328916,1169,cluster_1169,1.0,pork chop bnl cc07s
13328918,1169,cluster_1169,0.8295407589424493,pork chop bnl cc08s
1332920,-1,unclustered,0.0,pork chop bnl cc08s ivp 20ct 10#
32112110,1242,cluster_1242,1.0,pork chop bone in 10oz
33716001,-1,unclustered,0.0,"pork chop bone in 3/4"""
33721215,-1,unclustered,0.0,pork chop bone out 16 oz
SP2141,1255,cluster_1255,0.8027459487755539,pork chop boneless 4 oz
240040,1227,cluster_1227,1.0,"pork chop boneless butterfly, 4oz"
240063,1227,cluster_1227,1.0,"pork chop boneless butterfly, 6oz"
240083,1227,cluster_1227,1.0,"pork chop boneless butterfly, 8oz"
207900016,-1,unclustered,0.0,pork chop boneless fzn
240069,-1,unclustered,0.0,"pork chop boneless w/pocket, 6oz"
240091,1255,cluster_1255,0.8212358041411426,"pork chop boneless, 10oz"
240041,1255,cluster_1255,1.0,"pork chop boneless, 4oz"
240053,1255,cluster_1255,1.0,"pork chop boneless, 5oz"
240064,1255,cluster_1255,0.9542289159145203,"pork chop boneless, 6oz"
240073,1255,cluster_1255,0.9233831633840804,"pork chop boneless, 7oz"
240084,1255,cluster_1255,0.9603424697523121,"pork chop boneless, 8oz"
240681,-1,unclustered,0.0,"pork chop boneless, o. prairie, 2pc"
240042,1256,cluster_1256,1.0,"pork chop cc boneless, 4oz"
240054,1256,cluster_1256,1.0,"pork chop cc boneless, 5oz"
240085,1256,cluster_1256,1.0,"pork chop cc boneless, 8oz"
240104,-1,unclustered,0.0,"pork chop cc w/pocket, 10oz"
240074,-1,unclustered,0.0,"pork chop cc w/pocket, 7oz"
240120,1257,cluster_1257,0.8195852409333391,"pork chop cc, 12oz"
240140,1257,cluster_1257,0.8399997089925051,"pork chop cc, 14oz"
240043,1257,cluster_1257,1.0,"pork chop cc, 4oz"
240055,1257,cluster_1257,0.9393903345153186,"pork chop cc, 5oz"
240065,1257,cluster_1257,0.9808930535465035,"pork chop cc, 6oz"
240075,1257,cluster_1257,0.9808930535465035,"pork chop cc, 7oz"
240086,1257,cluster_1257,1.0,"pork chop cc, 8oz"
240093,1257,cluster_1257,1.0,"pork chop cc, 9oz"
SP213,-1,unclustered,0.0,pork chop end to end 5 oz
240102,1236,cluster_1236,0.8473991503621613,"pork chop frenched, 10oz"
240122,1236,cluster_1236,1.0,"pork chop frenched, 12oz"
240142,1236,cluster_1236,0.9586377886189095,"pork chop frenched, 14oz"
240161,1236,cluster_1236,1.0,"pork chop frenched, 16oz"
240077,1236,cluster_1236,0.9735431729186972,"pork chop frenched, 7oz"
240089,1236,cluster_1236,1.0,"pork chop frenched, 8oz"
240094,1236,cluster_1236,1.0,"pork chop frenched, 9oz"
240008,-1,unclustered,0.0,"pork chop frenched, kurobuta"
240056,-1,unclustered,0.0,"pork chop from whole loi, 5oz"
240087,-1,unclustered,0.0,"pork chop from whole loi, 8oz"
240078,-1,unclustered,0.0,"pork chop loin chn/off, 7oz"
240101,1247,cluster_1247,0.7399131858543662,"pork chop t-bone, 10oz"
240121,1247,cluster_1247,0.9985129196985054,"pork chop t-bone, 12oz"
240141,1247,cluster_1247,1.0,"pork chop t-bone, 14oz"
240160,1247,cluster_1247,1.0,"pork chop t-bone, 16oz"
240066,1247,cluster_1247,0.9644663066903513,"pork chop t-bone, 6oz"
240076,1247,cluster_1247,0.988342769465136,"pork chop t-bone, 7oz"
240088,1247,cluster_1247,1.0,"pork chop t-bone, 8oz"
13329049,1164,cluster_1164,1.0,pork chop-z bi phse com 14s
13329047,1164,cluster_1164,1.0,pork chop-z bi phse com 16s
13334016,-1,unclustered,0.0,pork chop-z bi ribeye12s com
133290,1229,cluster_1229,1.0,pork chop-z bicc-ami-06 oz 10#
13328,1229,cluster_1229,1.0,pork chop-z bicc-ami-07 oz 10#
13328704,1229,cluster_1229,1.0,pork chop-z bicc08 oz 10# amit
13328979,1229,cluster_1229,0.988609619479164,pork chop-z bicc10 oz 10#
13320B,1229,cluster_1229,0.988609619479164,pork chop-z biee04 oz 10#
1302614,-1,unclustered,0.0,pork chop-z bnl 08s com-fmc 2/8#-vp
13328915,1229,cluster_1229,0.9483332024409235,pork chop-z bnl cc06 oz
1364335,-1,unclustered,0.0,pork chop-z-da com ribeye10s 16p
13066100,-1,unclustered,0.0,pork chop-z-da com ribeye12s 14p
1363955,1164,cluster_1164,1.0,pork chop-z-da com-phse 12s 14p
290200,-1,unclustered,0.0,"pork chops bnls, thomas, 14/2oz"
240100,-1,unclustered,0.0,"pork chops cc, 10oz"
292200,-1,unclustered,0.0,"pork chops ribeye, thomas"
13212101,-1,unclustered,0.0,pork ckd leaf lard-z 30# andy
39101000,-1,unclustered,0.0,pork collar boneless
21000,-1,unclustered,0.0,pork cushion meat - frozen
39000355,-1,unclustered,0.0,pork cushion meat 95% lean
290236,-1,unclustered,0.0,pork cushions
290030,1235,cluster_1235,1.0,"pork cutlet, 3oz"
290040,1235,cluster_1235,1.0,"pork cutlet, 4oz"
290050,1235,cluster_1235,0.9430693965372866,"pork cutlet, 5oz"
290061,1235,cluster_1235,1.0,"pork cutlet, 6oz"
290081,1235,cluster_1235,0.9766297337120164,"pork cutlet, 8oz"
SP219,-1,unclustered,0.0,pork diced
31030002,-1,unclustered,0.0,pork diced 1-1/2 x 1-1/cvp 10lb
13208203,1119,cluster_1119,0.5206067581238488,pork diced kabob 1.5-oz 10#
13198,1119,cluster_1119,1.0,pork diced kabob 4-oz fmc 10#-z
131986,1119,cluster_1119,1.0,pork diced kabob 6-oz fmc 10#
1319867,1119,cluster_1119,1.0,pork diced kabob-z 8-oz fmc 2/5#
13208202,-1,unclustered,0.0,pork diced-z fmc 10#
20240,-1,unclustered,0.0,pork ears //ibp// 22.1# raw+edible
20241,-1,unclustered,0.0,pork ears seaboard
13208689,1066,cluster_1066,0.8896822329597226,pork ears ~market 30#
132097,-1,unclustered,0.0,pork ears-z com42997 4/5#
1320911,1066,cluster_1066,1.0,pork ears-z ibp 30#
13209E1,1066,cluster_1066,1.0,pork ears-z ind 30#
13208689,1066,cluster_1066,1.0,pork ears ~market 30#
25200,456,cluster_456,1.0,pork egg roll 120 - 2oz #affinity#
25201,456,cluster_456,1.0,pork egg roll 120/2oz *baily* 75120
25210,456,cluster_456,1.0,pork egg roll 96/3oz #affinity#
25211,456,cluster_456,0.9725061194799588,pork egg roll 96/3oz baily `green`
25300,456,cluster_456,0.866655072644505,pork eggroll 2oz *golden dynasty*
25530,456,cluster_456,0.8898622914106696,pork eggroll 3oz *golden dynasty*
39009000,-1,unclustered,0.0,pork espinasos no skin
33040005,-1,unclustered,0.0,pork fahita
290902,847,cluster_847,1.0,pork fat
39000070,847,cluster_847,1.0,pork fat back
1321211,1112,cluster_1112,1.0,pork fat back skin-off inside-z peo
13212A,1112,cluster_1112,1.0,pork fat back skin-off ~m
13212897,1112,cluster_1112,0.9624210680394664,pork fat back skin-off-z com 5/5#
1321210,1112,cluster_1112,1.0,pork fat back skin-off-z peo
1321993,-1,unclustered,0.0,pork fat caul-z com42993 10#
132131,-1,unclustered,0.0,pork fat caul-z ~market 10#
13214,-1,unclustered,0.0,pork fat ground ~market 25#
13212,-1,unclustered,0.0,pork fat leaf lard-z com 42989 2/5#
39000080,1100,cluster_1100,1.0,pork feet
40079990,-1,unclustered,0.0,"feet front, moesle (40#)"
132081,-1,unclustered,0.0,pork feet front -z com skn-on 30#
13208884,1167,cluster_1167,1.0,pork feet front -z ibp
13208,-1,unclustered,0.0,pork feet front -z ind 30# 14002
13208886,1167,cluster_1167,1.0,pork feet front -z pip
13208887,-1,unclustered,0.0,pork feet front -z sea
13208CU,-1,unclustered,0.0,pork feet front -z-cut4-way 30#
40071190,-1,unclustered,0.0,"front feet, combo pork"
1320814,-1,unclustered,0.0,pork feet front >cut
13208124,-1,unclustered,0.0,pork feet front long-licones *_
13208885,-1,unclustered,0.0,pork feet front peo
132085,-1,unclustered,0.0,pork feet hind-z ind 03802
39000081,-1,unclustered,0.0,pork feet salted
39000090,1100,cluster_1100,1.0,pork feet smoked
20232,1069,cluster_1069,0.9725239527093419,pork femur bones
21230,1069,cluster_1069,0.7554027468834068,pork femur bones 30#
39000129,-1,unclustered,0.0,pork for al pastor
920245,-1,unclustered,0.0,pork for days
39000126,-1,unclustered,0.0,"pork for for kabob 1 1/4"" x 1 1/4"""
39000110,-1,unclustered,0.0,pork for stewing
39000120,623,cluster_623,0.9630412153861069,pork for tacos al pastor
39000125,-1,unclustered,0.0,"pork for tacos diced 1/4"" x 1/4"""
20461,509,cluster_509,1.0,pork fries 10#
20250,1167,cluster_1167,1.0,pork front feet ibp/seaboard
20251,-1,unclustered,0.0,pork front feet keken
1320311,999,cluster_999,0.7503229112081072,pork grnd -z ami fine 10#
13202661,-1,unclustered,0.0,pork grnd -z com coarse78% 661 4/5#
1320211,999,cluster_999,0.7417920836637908,pork grnd -z com fine78% 72045 4/5#
132114,999,cluster_999,0.8051828055834912,pork grnd -z far fine 10#
13200G,999,cluster_999,1.0,pork grnd -z fmc fine 10#-vp
132031,999,cluster_999,1.0,pork grnd fmc coarse 10#-vp
13201P,999,cluster_999,1.0,pork grnd fmc fine 5#-vp
1234567,-1,unclustered,0.0,pork grnd fmc-shld-course 10#-vp
1234567,-1,unclustered,0.0,pork grnd fmc-shld-course 10#-vp
SP225,-1,unclustered,0.0,pork ground
290099,1189,cluster_1189,0.9468846507443381,"pork ground 60/40 coarse, 2/10#"
38119000,1189,cluster_1189,0.966059576373489,pork ground 80/20
36200000,-1,unclustered,0.0,pork ground coarse
38122000,1189,cluster_1189,1.0,pork ground fine 80/20
36123000,1189,cluster_1189,1.0,pork ground fine 80/20-10#cvp
36111000,-1,unclustered,0.0,pork ground fine 90% lean
38121000,-1,unclustered,0.0,pork ground fine fresh
38121003,-1,unclustered,0.0,pork ground fine patties 3/1
290231,-1,unclustered,0.0,"pork ground lean, 5# bag"
290505,-1,unclustered,0.0,"pork ground, 50/50"
290805,-1,unclustered,0.0,"pork ground, organic prairie, 8/1#"
34202710,-1,unclustered,0.0,pork ham -3x3
34116510,452,cluster_452,0.9734549661075541,pork ham -tavern superior farms
41102430,-1,unclustered,0.0,ham bone in skin-off
41159980,-1,unclustered,0.0,"ham skin-off, 23/27# combo pork"
41113570,-1,unclustered,0.0,"ham skin-on, 23/27# pork combo ibp"
130032,-1,unclustered,0.0,pork ham bi skn-on peo 1p
13003P,928,cluster_928,1.0,pork ham bi skn-on ~m fed 4-pc
1300310,928,cluster_928,1.0,pork ham bi skn-on ~m sta 4-pc
1300390,-1,unclustered,0.0,pork ham bi skn-on-400# barrel
13003,-1,unclustered,0.0,pork ham bi skn-on-handle-on ~m
13009,928,cluster_928,1.0,pork ham bi-skl ~market 4-pc
41219980,-1,unclustered,0.0,"ham boneless, bulk combo pork"
41211110,-1,unclustered,0.0,ham boneless (poly) boxed moesle
41109980,1120,cluster_1120,1.0,ham boneless skin-on
1301310,-1,unclustered,0.0,pork ham bnl s/on-combo ind
13006B,1120,cluster_1120,1.0,pork ham bnl skl ~m fed
130062,1120,cluster_1120,1.0,pork ham bnl skl ~m sta
13006D,-1,unclustered,0.0,pork ham bnl skn-on peo
130060,-1,unclustered,0.0,pork ham bnl skn-on pp
13004104,-1,unclustered,0.0,pork ham bnl-tip/knuckl 10# fm
13004103,-1,unclustered,0.0,pork ham bnl-tip/knuckl 10#-z peo
34202504,-1,unclustered,0.0,pork ham boiled 4x6
34214354,-1,unclustered,0.0,pork ham bone in hoffmiester
34123654,-1,unclustered,0.0,pork ham boneless applewood smoked
34302600,1105,cluster_1105,1.0,pork ham boneless natural fall
34207710,1105,cluster_1105,0.46684496254213964,pork ham boneless smoked
40189990,-1,unclustered,0.0,"ham bones, pork moesle"
34314079,-1,unclustered,0.0,pork ham bonless mickelberry
34875807,452,cluster_452,1.0,pork ham buffet
34116509,452,cluster_452,1.0,pork ham buffet off the bone
34216707,1106,cluster_1106,0.7936675701045651,pork ham flat smoked
34457200,-1,unclustered,0.0,pork ham hock 4#
34400290,1106,cluster_1106,0.8727037005461747,pork ham hocks
34405300,-1,unclustered,0.0,pork ham hocks 2lb. each
34467000,1106,cluster_1106,1.0,pork ham hocks smoked
41272080,-1,unclustered,0.0,"pork ham hocks, dekalb"
41472080,-1,unclustered,0.0,"pork ham hocks, skin-on dekalb"
41372080,-1,unclustered,0.0,"pork ham hocks, special dekalb"
34672208,-1,unclustered,0.0,pork ham honey cured smoked
34751240,-1,unclustered,0.0,pork ham insides cap on
34350000,-1,unclustered,0.0,pork ham insides cap-off
34391509,-1,unclustered,0.0,pork ham krakus
34400009,-1,unclustered,0.0,pork ham leg cap muscle
34890100,-1,unclustered,0.0,pork ham log for slicing
34955507,-1,unclustered,0.0,pork ham master carve
34260807,-1,unclustered,0.0,pork ham mini boneless 3/4 lb. ea.
34676565,-1,unclustered,0.0,pork ham natural -2/6# cs
34750010,1105,cluster_1105,1.0,pork ham natural fall boneless
34751400,1043,cluster_1043,0.9953096305498639,pork ham outer shank muscle
34868904,454,cluster_454,1.0,pork ham pit
34864107,454,cluster_454,1.0,pork ham pit-2/cs
34310167,1042,cluster_1042,1.0,pork ham portion 6 pc
34900033,1042,cluster_1042,1.0,pork ham portions 3x3
41149980,-1,unclustered,0.0,"ham skin-on, (boxed)"
34200049,1105,cluster_1105,0.46684496254213964,pork ham semi boneless
34207709,-1,unclustered,0.0,pork ham semi boneless-4pc cs
41229980,-1,unclustered,0.0,"ham semi boneless 14/27, combo pork"
34455500,-1,unclustered,0.0,pork ham serrano
1313773,1064,cluster_1064,0.871045331826648,pork ham shank s/on com-45773
13136985,-1,unclustered,0.0,pork ham shank s/on french
13136983,1064,cluster_1064,0.693408757634143,pork ham shank s/on ~m
13135603,1064,cluster_1064,0.8267023465933668,pork ham shank s/on-flat com-45603
13135777,-1,unclustered,0.0,pork ham shank s/on-osso*
13136980,1064,cluster_1064,0.7347335452566179,pork ham shank skl 13f
13136910,1064,cluster_1064,1.0,pork ham shank skl com-45732 2/5p
13136984,1064,cluster_1064,0.6895614885341907,pork ham shank skl french
131369,1064,cluster_1064,0.8556804872244307,pork ham shank skl ind-77122 30#
13136990,1064,cluster_1064,0.8468703071092403,pork ham shank skl ~market 30#
1313582,1064,cluster_1064,1.0,pork ham shank skl-cc com45582 4/6p
13135776,1064,cluster_1064,0.7799270381850807,pork ham shank skl-osso*
1313773,1064,cluster_1064,0.9854377843235916,pork ham shank s/on com-45773
13135604,1064,cluster_1064,0.7070191438104911,pork ham shank-z s/on-flat com
13136910,1064,cluster_1064,1.0,pork ham shank skl com-45732 2/5p
1313583,1064,cluster_1064,1.0,pork ham shank-z skl-cc com45582
13135775,1064,cluster_1064,0.8609128667775433,pork ham shank-z skl-osso com-45774
12088609,1064,cluster_1064,0.9807360300331662,pork ham shank-z skl-vol com-88609
34457819,-1,unclustered,0.0,pork ham smoked honey fully cooked
34160009,842,cluster_842,0.996970779089589,pork ham spiral whole
34924889,-1,unclustered,0.0,pork ham steak bone in 5oz
34924888,-1,unclustered,0.0,pork ham steak sugardale
34200009,452,cluster_452,1.0,pork ham tavern superior
40149980,-1,unclustered,0.0,"ham skin, w/fat cuero de pierna"
34410108,-1,unclustered,0.0,pork ham whole mickleberry
34750030,1105,cluster_1105,1.0,pork hams boneless natural fall
13208899,1011,cluster_1011,1.0,pork head-z com 1p
13208898,1011,cluster_1011,1.0,pork head-z ~m 3p
1320820,1011,cluster_1011,1.0,pork head-z ~m-1p
1320810,1011,cluster_1011,0.7702853748183014,pork head-z ~m-split 8hlvs
20420,-1,unclustered,0.0,pork heads 3pc
20281,1013,cluster_1013,1.0,pork heart 10#
20280,-1,unclustered,0.0,pork heart 60#
19100001,-1,unclustered,0.0,pork hearts
13208I,1066,cluster_1066,0.9063765136119034,pork hearts-z ibp 30#
132103,1066,cluster_1066,0.8726525856645606,pork hearts-z jasp 10#
13209I,-1,unclustered,0.0,pork hearts-z ~m 25#
34405911,-1,unclustered,0.0,"pork hock 1 1/2"" thick"
220160,-1,unclustered,0.0,pork hock 8-16oz cs lot
34405910,-1,unclustered,0.0,pork hock with foot whole
220160,-1,unclustered,0.0,pork hock 8-16oz cs lot
41271530,-1,unclustered,0.0,pork hocks cut
SP252,-1,unclustered,0.0,pork hocks fresh
41279990,-1,unclustered,0.0,"pork hocks s/off, cut, moesle"
13136,-1,unclustered,0.0,pork hocks shldr *
13136998,1064,cluster_1064,0.687518674028114,pork hocks shldr ind13502 30#
131364,1064,cluster_1064,0.692634329560854,pork hocks shldr-skl *m 30#
13136998,1064,cluster_1064,0.692634329560854,pork hocks shldr ind13502 30#
13138,-1,unclustered,0.0,pork hocks shldr-z peo
20261,-1,unclustered,0.0,pork hocks skin-on //ibp// fzn
20265,1058,cluster_1058,1.0,pork hocks skin-on ibp
41272010,-1,unclustered,0.0,"pork hocks, dekalb/morris"
41274160,-1,unclustered,0.0,"pork hocks, peoria"
4271010,1066,cluster_1066,0.8892489854573908,"pork hocks, pork ibp (30#)"
41273350,-1,unclustered,0.0,"pork hocks, pork swift (30#)"
41271920,-1,unclustered,0.0,"pork hocks, prestage"
41279980,-1,unclustered,0.0,"pork hocks, skin off"
280293,348,cluster_348,0.8130380532782165,"pork hog casing, 29/32"
292258,-1,unclustered,0.0,pork iberico secreto
31200000,1043,cluster_1043,1.0,pork inner shank
34751230,1043,cluster_1043,1.0,pork inner shank muscle
20530,-1,unclustered,0.0,pork inverted rectums *ibp*
39000970,-1,unclustered,0.0,pork jowl
139282,-1,unclustered,0.0,pork jowls skl ~m 30#
21141,-1,unclustered,0.0,pork jowls smoked 30#
13945628,-1,unclustered,0.0,pork jowls-z skl com45628 6/6#
31020000,-1,unclustered,0.0,pork julienne strips frz
290031,1119,cluster_1119,0.47406810974928243,"pork kabob, 3oz"
39000140,-1,unclustered,0.0,pork kc wings
20310,-1,unclustered,0.0,pork kidney *ibp*
20669,1013,cluster_1013,1.0,pork kidney 10#
132101,1013,cluster_1013,0.942103169802806,pork kidney-z com 2/5#
13209K,1013,cluster_1013,1.0,pork kidney-z ~m 25#
34935610,-1,unclustered,0.0,pork knuckles
20490,-1,unclustered,0.0,pork lard 50# butcher boy
34000000,-1,unclustered,0.0,pork legs bnls ham
39000150,818,cluster_818,0.6147810267160818,pork liver
39000112,-1,unclustered,0.0,pork liver 1.5 # pack cvp
38141912,818,cluster_818,0.6933344642455157,pork liver sausage
13216P,-1,unclustered,0.0,pork liver ~market
1325,-1,unclustered,0.0,pork liver-z com 10#
13219P,818,cluster_818,0.5887490039077015,pork liver-z peo
20510,-1,unclustered,0.0,pork livers ibp 60#
33010200,1079,cluster_1079,0.9524568303618716,pork loin 14/dwn
33018222,-1,unclustered,0.0,pork loin 18-22---- chine off
33018220,-1,unclustered,0.0,pork loin 18-22----15502
33018221,-1,unclustered,0.0,pork loin 18/22
33030000,-1,unclustered,0.0,pork loin b/out strap/on
32100112,1015,cluster_1015,1.0,pork loin back ribs 1 1/2 down
32101134,1015,cluster_1015,0.7633016891793994,pork loin back ribs 1 3/4 down sp order
32120034,1015,cluster_1015,1.0,pork loin back ribs 1-3/4 down
32000135,1015,cluster_1015,1.0,pork loin back ribs 1-3/4 down-c/c
32101212,1015,cluster_1015,0.6738490434824023,pork loin back ribs 2 1/2 down peeled
32000235,1015,cluster_1015,0.7775588014477536,pork loin back ribs 2 3/4 down peeled
32000112,1017,cluster_1017,1.0,pork loin back ribs frozen 1 1/2 down
32000114,1017,cluster_1017,0.9185964909116843,pork loin back ribs frozen 1 1/4 down
32100134,-1,unclustered,0.0,pork loin back ribs frozen 1 3/4
32000212,1017,cluster_1017,1.0,pork loin back ribs frozen 2 1/2 down
32000214,1017,cluster_1017,1.0,pork loin back ribs frozen 2 1/4 down
32000234,1017,cluster_1017,0.6849742607232807,pork loin back ribs frozen 2 3/4 down
32100201,1018,cluster_1018,1.0,pork loin back ribs frozen 2 down
2000211,1018,cluster_1018,1.0,pork loin back ribs frozen 2. down
32000211,1018,cluster_1018,1.0,pork loin back ribs frozen 2.- down
32000210,-1,unclustered,0.0,pork loin back ribs frozen 2.25 down
32840000,-1,unclustered,0.0,pork loin back ribs frozen 4pc
13056088,1211,cluster_1211,1.0,pork loin bi l1/4t ind15502 2/2p
1301190,1211,cluster_1211,1.0,pork loin bi m1/4t com-45723 4/1p
1301174,1211,cluster_1211,1.0,pork loin bi m1/4t ibp 2/2p
13056,1211,cluster_1211,1.0,pork loin bi m1/4t ind15802 2/2p
1305682,-1,unclustered,0.0,pork loin bi m1/4t ran
13056045,-1,unclustered,0.0,pork loin bi m>??00
13056066,-1,unclustered,0.0,pork loin bi m>cbo-gw
13056077,1211,cluster_1211,1.0,pork loin bi m>ee06 gw
13056046,1211,cluster_1211,1.0,pork loin bi m>ee07 gw
13076,-1,unclustered,0.0,pork loin bi- rib-belly ~mrkt
130769,-1,unclustered,0.0,pork loin bi- skin-on
13066065,1211,cluster_1211,1.0,pork loin bi-cc 11r ami-40230-vp
13066080,1211,cluster_1211,1.0,pork loin bi-cc 11r com-45672 4/1p
130668,1211,cluster_1211,1.0,pork loin bi-cc 11r ibp-f4913
13066,1211,cluster_1211,1.0,pork loin bi-cc 11r ind18418 2/2p
13066S1,-1,unclustered,0.0,pork loin bi-cc s/on *__
13066067,-1,unclustered,0.0,pork loin bi-cc to 10r ami-40275
13066458,-1,unclustered,0.0,pork loin bi-cc->ee00 iwp gw
13066454,1211,cluster_1211,1.0,pork loin bi-cc->ee00 lp gw
13056099,1211,cluster_1211,1.0,pork loin bi-cc->ee06 iwp gw
13055747,1211,cluster_1211,1.0,pork loin bi-cc-cr 05r-fr com747 8p
1304245,1211,cluster_1211,1.0,pork loin bi-cc-cr 08r 13f 4/7.5#
13066086,1211,cluster_1211,1.0,pork loin bi-cc-cr 10r com 45754
13066082,1211,cluster_1211,1.0,pork loin bi-cc-cr 10r-fr com746 4p
13066072,1211,cluster_1211,1.0,pork loin bi-cc-cr 11r to com-45784
13066107,1211,cluster_1211,1.0,pork loin bi-cc-cr 11r-lb com604
1306619,-1,unclustered,0.0,pork loin bi-cc-cr 11r-lb-com-son
13069044,-1,unclustered,0.0,pork loin bi-cc-cr-da 11r com r
13184,-1,unclustered,0.0,pork loin bnl ca ami41220 5-9 8p
13080131,1211,cluster_1211,1.0,pork loin bnl cc-s/on c/on ibp-4630
130729,1211,cluster_1211,1.0,pork loin bnl cc-str-on *__
13085731,1211,cluster_1211,1.0,pork loin bnl cc-str-on com45731
13080120,1211,cluster_1211,1.0,pork loin bnl cc-str-on ibp-4283
1308IN,1211,cluster_1211,1.0,pork loin bnl cc-str-on ind18419
13073,-1,unclustered,0.0,pork loin bnl cc-str-on iow 6/9.5#
13080129,1211,cluster_1211,1.0,pork loin bnl cc-str-on ran
13083786,1211,cluster_1211,1.0,pork loin bnl cc-str-on sbf-
130810,1211,cluster_1211,1.0,pork loin bnl cc-str-on smf 54655
13084006,1211,cluster_1211,1.0,pork loin bnl cc-str/off com 45701
13083789,1211,cluster_1211,1.0,pork loin bnl cc-str/off ind18405
13083797,1211,cluster_1211,1.0,pork loin bnl cc-str/off ran
13188,-1,unclustered,0.0,pork loin bnl s/off ami
13084212,-1,unclustered,0.0,pork loin bnl strip str/off com
1307291,-1,unclustered,0.0,pork loin bnl w/belly s/on
1307290,-1,unclustered,0.0,pork loin bnl w/belly skl
13191,-1,unclustered,0.0,pork loin bnl whl s/on
1333207,1085,cluster_1085,1.0,pork loin bnl-cube cc04 10#
1333205,1085,cluster_1085,1.0,pork loin bnl-cube cc05 10#
1333206,1085,cluster_1085,1.0,pork loin bnl-cube cc06 10#
1333209,1085,cluster_1085,1.0,pork loin bnl-cube cc07 10#
20104,-1,unclustered,0.0,pork loin bnls (strap-off) //ibp//
SP223,-1,unclustered,0.0,pork loin bnls cc strap on*
20106,-1,unclustered,0.0,pork loin bnls center cut st-on seaboard
240750,-1,unclustered,0.0,"pork loin bone in, 75#ave, 14/17# cs lot"
21112,-1,unclustered,0.0,pork loin bone-in center cut smithfield
20115,-1,unclustered,0.0,pork loin bone-in frozen
39090000,-1,unclustered,0.0,pork loin boneless frozen
33040000,-1,unclustered,0.0,pork loin boneless strap off
240032,1073,cluster_1073,1.0,"pork loin boneless, canadian s"
240007,-1,unclustered,0.0,boneless pork loin-canadian s
240002,1073,cluster_1073,1.0,"pork loin bonesless, canadian s"
33110000,-1,unclustered,0.0,pork loin cc b/in tender/in
240109,-1,unclustered,0.0,"pork loin cc bnls, case lot-creekstone"
240012,447,cluster_447,0.992612054470072,"pork loin cc boneless, sakura"
33158000,-1,unclustered,0.0,pork loin cc t/i 8oz
240003,-1,unclustered,0.0,"pork loin cc, case lot"
240103,-1,unclustered,0.0,"pork loin cc, case lot-creekstone"
240004,-1,unclustered,0.0,"pork loin cc, cut up"
33410001,-1,unclustered,0.0,pork loin chine off-t/out b/in prime ber
33018201,-1,unclustered,0.0,"pork loin chop 1"" end to end"
33701650,-1,unclustered,0.0,pork loin chop 12oz
33170140,-1,unclustered,0.0,pork loin chop 14oz
33018234,-1,unclustered,0.0,"pork loin chop 3/4"" end to end"
33021000,-1,unclustered,0.0,pork loin chop b/out 10 oz
33028000,-1,unclustered,0.0,pork loin chop b/out 8oz
33028500,-1,unclustered,0.0,pork loin chop b/out 8oz with pocking fo
33716650,-1,unclustered,0.0,"pork loin chop bone in 1/2"""
33911000,1242,cluster_1242,1.0,pork loin chop bone in 10oz
33770120,1242,cluster_1242,1.0,pork loin chop bone in 12oz
33714001,1242,cluster_1242,0.9822851243387206,pork loin chop bone in 14 oz
33770140,1242,cluster_1242,1.0,pork loin chop bone in 14oz
33718001,1242,cluster_1242,0.9629283729297455,"pork loin chop bone in 14oz 1-2"" bone"
33770160,1242,cluster_1242,1.0,pork loin chop bone in 16oz
33954000,1242,cluster_1242,1.0,pork loin chop bone in 4oz
33715000,1242,cluster_1242,0.9444521502142343,pork loin chop bone in 5oz
33966500,1242,cluster_1242,1.0,pork loin chop bone in 6.5-7oz
33716000,1242,cluster_1242,1.0,pork loin chop bone in 6oz
33716011,1242,cluster_1242,0.9017619497326907,pork loin chop bone in 6oz -c/c
33770070,1242,cluster_1242,1.0,pork loin chop bone in 7oz
33714659,1242,cluster_1242,1.0,pork loin chop bone in 8oz
33959000,1242,cluster_1242,1.0,pork loin chop bone in 9oz
33990002,-1,unclustered,0.0,pork loin chop bone in c/c
33721002,1255,cluster_1255,0.9110093362562179,pork loin chop boneless 10oz
33024000,1255,cluster_1255,1.0,pork loin chop boneless 4oz
33024001,1255,cluster_1255,1.0,pork loin chop boneless 5oz
33726001,1255,cluster_1255,1.0,pork loin chop boneless 6oz
33759000,1255,cluster_1255,0.9849591807121255,pork loin chop boneless 8oz
33726010,-1,unclustered,0.0,pork loin chop boneless c/c6 pc- 6oz cvp
33721200,-1,unclustered,0.0,pork loin chop cc 12oz bnls
33718014,1242,cluster_1242,0.9096836913606128,pork loin chop double bone in 14oz
33960000,-1,unclustered,0.0,pork loin chop end to end frozen
33726252,-1,unclustered,0.0,pork loin chops boneless 12 oz
33727250,1255,cluster_1255,0.8192223240068967,pork loin chops boneless 7oz
33726250,-1,unclustered,0.0,"pork loin chops boneless cut 1/4"" thick"
240009,-1,unclustered,0.0,pork loin crown roast
33066000,1152,cluster_1152,1.0,pork loin cubed steaks 5oz
33066006,1152,cluster_1152,1.0,pork loin cubed steaks 6oz
33067000,1152,cluster_1152,1.0,pork loin cubed steaks 7oz
240171,-1,unclustered,0.0,"pork loin cut up, 14/17#"
33044001,1145,cluster_1145,0.9554730137670131,"pork loin diced 1"" x 1"""
33210000,-1,unclustered,0.0,pork loin end cut b/in
13017,1199,cluster_1199,1.0,pork loin end sirl bnl ami-4116 4ct
1355726,1199,cluster_1199,1.0,pork loin end sirl bnl com45726 40#
1301801,1199,cluster_1199,1.0,pork loin end sirl bnl ibp f4763aw
13011,-1,unclustered,0.0,pork loin end sirl-bi ami-41100
33320000,-1,unclustered,0.0,pork loin end to end b/out
13110B,1216,cluster_1216,1.0,pork loin end-rib bnl ami-40130 vp
13017971,-1,unclustered,0.0,pork loin end-rib bnl gp
131102,-1,unclustered,0.0,pork loin end-rib bnl ibp- vp
1301250,1216,cluster_1216,0.8236481568441403,pork loin end-rib bnl ind18335
1301200,1216,cluster_1216,0.9165910980937285,pork loin end-rib-bi ami-40100
240006,-1,unclustered,0.0,pork loin frenched
240147,-1,unclustered,0.0,"pork loin meat type, 14-17#"
1305010,-1,unclustered,0.0,pork loin mid-sec-bnl * mkt
13012098,-1,unclustered,0.0,pork loin mid-sec-bnl *__
240005,-1,unclustered,0.0,"pork loin p/c, dan prize"
20002,-1,unclustered,0.0,pork loin rib chops 2 lb. ea.
250300,-1,unclustered,0.0,"pork loin rib pcs, 30#cs"
250145,1014,cluster_1014,1.0,"pork loin rib skinless, 1.75-1.5"
250225,-1,unclustered,0.0,"pork loin rib, 2.25# & up"
250227,1014,cluster_1014,1.0,"pork loin rib, 2.25-1.75"
250120,1014,cluster_1014,0.8323757515747428,"pork loin ribs, 1.5-2.5"
250175,1014,cluster_1014,1.0,"pork loin ribs, 1.75-1.5"
240095,-1,unclustered,0.0,pork loin roast ranch cooked
21113,1179,cluster_1179,1.0,pork loin smoked bone-in
21116,1073,cluster_1073,0.7211662987537555,pork loin smoked boneless 1/2 pc loins
21115,-1,unclustered,0.0,pork loin smoked boneless 2pc case
39909000,-1,unclustered,0.0,pork loin sow trimmings frozen
39510527,1065,cluster_1065,1.0,pork loin tenderloin 1-1/2 dn frzn
30082000,1220,cluster_1220,1.0,pork loin tenderloin medallion 2oz
33083000,1220,cluster_1220,1.0,pork loin tenderloin medallion 3oz
33084000,1220,cluster_1220,1.0,pork loin tenderloin medallion 4oz
240001,-1,unclustered,0.0,"pork loin top bone-in, heritage berk"
240017,-1,unclustered,0.0,"pork loin, frozen s-off, swift 1/3rd cut"
1305684,1211,cluster_1211,1.0,pork loin-z bi l1/4t ind15502
1301174,1211,cluster_1211,1.0,pork loin bi m1/4t ibp 2/2p
13058,1211,cluster_1211,1.0,pork loin-z bi m1/4t ind15802
13066080,1211,cluster_1211,1.0,pork loin bi-cc 11r com-45672 4/1p
130668,1211,cluster_1211,1.0,pork loin bi-cc 11r ibp-f4913
13055748,1211,cluster_1211,1.0,pork loin-z bi-cc-cr 05r-fr com747
1304245Z,1211,cluster_1211,1.0,pork loin-z bi-cc-cr 08r hbp 5/7#
13055687,1211,cluster_1211,1.0,pork loin-z bi-cc-cr 08r-fr-lb com
13066086,1211,cluster_1211,1.0,pork loin bi-cc-cr 10r com 45754
13066073,1211,cluster_1211,1.0,pork loin-z bi-cc-cr 11r to com-784
13066107,1211,cluster_1211,1.0,pork loin bi-cc-cr 11r-lb com604
13073A,-1,unclustered,0.0,pork loin-z bnl brt ami
13085734,1211,cluster_1211,1.0,pork loin-z bnl cc-str-on com5731
13080120,1211,cluster_1211,1.0,pork loin bnl cc-str-on ibp-4283
13083786,1211,cluster_1211,1.0,pork loin bnl cc-str-on sbf-
13083995,1211,cluster_1211,1.0,pork loin-z bnl cc-str-on smf
13084212,-1,unclustered,0.0,pork loin bnl strip str/off com
13084008,1211,cluster_1211,1.0,pork loin-z bnl cc-str/off com45701
1301058,-1,unclustered,0.0,pork loin-z bnl str-on 6p
130813,-1,unclustered,0.0,pork loin-z bnl str-on ibp
130812,-1,unclustered,0.0,pork loin-z bnl str-on smf
1301806,-1,unclustered,0.0,pork loin-z end sirl bnl prm
13011786,-1,unclustered,0.0,pork loin-z end sirl-bi amity
13110787,1216,cluster_1216,1.0,pork loin-z end-rib bnl ami-40130
131101,1217,cluster_1217,1.0,pork loin-z end-rib bnl at-vp
13017973,1217,cluster_1217,0.9845406247290216,pork loin-z end-rib bnl hat
131102,1217,cluster_1217,1.0,pork loin end-rib bnl ibp- vp
1301250,1216,cluster_1216,1.0,pork loin end-rib bnl ind18335
13012536,1217,cluster_1217,1.0,pork loin-z end-rib bnl-p&s
1301203,1217,cluster_1217,0.9723617789252578,pork loin-z end-rib-bi amity
33027500,-1,unclustered,0.0,pork loins brt b/out
240026,-1,unclustered,0.0,"pork loins frozen cc boneless, 1/2 cut"
33026500,-1,unclustered,0.0,pork loins smoked boneless
20236,1069,cluster_1069,1.0,pork neck bones
39000180,-1,unclustered,0.0,pork neck bones smoked
13209128,-1,unclustered,0.0,pork neckbones meaty *__
40109990,1153,cluster_1153,0.9368999962261211,"neckbones, pork moesle"
40409980,-1,unclustered,0.0,neckbone combo pork
1320912S,1153,cluster_1153,1.0,pork neckbones meaty ind 30#
13209305,1153,cluster_1153,0.95064704561786,pork neckbones meaty-z com 45721
1320912S,1153,cluster_1153,1.0,pork neckbones meaty ind 30#
13209157,1153,cluster_1153,1.0,pork neckbones meaty-z>00 fmc 30#
39000190,-1,unclustered,0.0,pork osso bucco 16oz s/off
39000933,-1,unclustered,0.0,pork osso bucco shank 6/3.3# average
31300000,1043,cluster_1043,1.0,pork outer shank
39000200,-1,unclustered,0.0,pork pate
39000210,-1,unclustered,0.0,pork pectoral muscles boneless
31003000,-1,unclustered,0.0,pork picnic bone in skin on
20190,1084,cluster_1084,0.8208608005381108,pork picnic bone- in ss //ibp//
34751220,-1,unclustered,0.0,"pork picnic ham sliced 1 1/4"""
270002,-1,unclustered,0.0,pork picnic shank bone-in
270001,-1,unclustered,0.0,pork picnic trim boneless
31004001,1084,cluster_1084,0.8956491473432908,pork picnics boneless skinless
39000130,841,cluster_841,1.0,pork pig head
30113040,662,cluster_662,0.7947892450760529,pork pig head on dressed lite 30/40
30218090,662,cluster_662,0.9268556047311162,pork pig whole head off dressed 80/90lbs
30117080,662,cluster_662,0.9029672229245597,pork pig whole head on dressed 120/160lb
30112015,662,cluster_662,1.0,pork pig whole head on dressed 15-20
30122030,662,cluster_662,1.0,pork pig whole head on dressed 20/30
30115565,662,cluster_662,1.0,pork pig whole head on dressed 55/75
30118095,662,cluster_662,0.9657105181911839,pork pig whole head on dressed 80/95lbs
SP2412,-1,unclustered,0.0,pork pigs feet - split
290208,-1,unclustered,0.0,"pork porhs style bi cc, 20/8oz"
34664021,-1,unclustered,0.0,pork prosciutto boneless
34200010,-1,unclustered,0.0,pork prosciutto carando
SP10055,-1,unclustered,0.0,pork pulled - raw
SP10052,-1,unclustered,0.0,pork pulled - smoked 32lb/cs
39630716,-1,unclustered,0.0,pork pulled cooked -5 lb tub
132096,428,cluster_428,0.779779620734764,pork pulled w/sauce 2/5# -z
20815,-1,unclustered,0.0,pork rib baby back honey bbq
20130,-1,unclustered,0.0,pork rib baby back ibp
250255,-1,unclustered,0.0,pork rib baby back slab
33010000,-1,unclustered,0.0,pork rib bellies b/in
35213905,-1,unclustered,0.0,pork rib belly s/on bone in cubes
32710014,1179,cluster_1179,1.0,pork rib chop bone in
32200100,1242,cluster_1242,0.9770113327528084,pork rib chop bone in 10oz
32110120,1242,cluster_1242,1.0,pork rib chop bone in 12oz
32112140,1242,cluster_1242,1.0,pork rib chop bone in 14oz
32110150,1242,cluster_1242,1.0,pork rib chop bone in 15oz
32112160,1242,cluster_1242,1.0,pork rib chop bone in 16oz
32010040,1242,cluster_1242,1.0,pork rib chop bone in 4oz
32010050,1242,cluster_1242,0.8914137744104598,pork rib chop bone in 5oz
32010060,1242,cluster_1242,1.0,pork rib chop bone in 6oz
32010070,1242,cluster_1242,1.0,pork rib chop bone in 7oz
32020080,1242,cluster_1242,1.0,pork rib chop bone in 8oz
32002090,1242,cluster_1242,0.9770113327528084,pork rib chop bone in 9oz
250101,-1,unclustered,0.0,"pork rib chop cc, 10oz"
250121,1258,cluster_1258,0.9674457825715569,"pork rib chop cc, 12oz"
250141,1258,cluster_1258,1.0,"pork rib chop cc, 14oz"
250151,1258,cluster_1258,1.0,"pork rib chop cc, 16oz"
250060,1258,cluster_1258,0.9963263549886058,"pork rib chop cc, 6oz"
250070,1258,cluster_1258,0.9963263549886058,"pork rib chop cc, 7oz"
250080,1258,cluster_1258,1.0,"pork rib chop cc, 8oz"
32213120,1241,cluster_1241,1.0,pork rib chop double bone 12oz
32211140,1241,cluster_1241,1.0,pork rib chop double bone 14oz
32211160,1241,cluster_1241,1.0,pork rib chop double bone 16oz
32210121,1241,cluster_1241,0.8425974024300941,pork rib chop double bone 20-22oz
32212200,1241,cluster_1241,0.9828621438186335,pork rib chop double bone 20oz
32113160,-1,unclustered,0.0,"pork rib chop single bone 1-3"" 16oz fren"
250560,-1,unclustered,0.0,"pork rib country style boneless, 5-6z"
250052,1204,cluster_1204,0.7057913020457911,"pork rib country style boneless, 5oz"
250041,1204,cluster_1204,1.0,"pork rib country style, 4oz"
250051,1204,cluster_1204,1.0,"pork rib country style, 5oz"
250061,1204,cluster_1204,1.0,"pork rib country style, 6oz"
250051,-1,unclustered,0.0,"pork rib country style, 5oz"
250006,-1,unclustered,0.0,pork rib end boneless
32300000,-1,unclustered,0.0,pork rib ends b/out amity
32440000,-1,unclustered,0.0,pork rib loin b/intender out f-off
32410000,925,cluster_925,1.0,pork rib loin rack 10 bones frenched
33120950,925,cluster_925,1.0,pork rib loin rack 10-bone
33110951,925,cluster_925,0.7678205844743807,pork rib loin rack cc b/in 10 bone
32430000,-1,unclustered,0.0,pork rib loin rack frenched chine off
32330009,925,cluster_925,1.0,pork rib loin racks 10 bones frenched
32330010,-1,unclustered,0.0,pork rib loin racks frenched chine off
250022,-1,unclustered,0.0,"pork rib peeled, amity, 2#dn"
207900042,-1,unclustered,0.0,pork rib shape patties 60ct
32200201,992,cluster_992,1.0,pork rib st louis 2-1/2-3 pld-
32200200,992,cluster_992,0.9905484514584975,pork rib st louis 2-down
32200202,992,cluster_992,1.0,pork rib st louis 3--3/1/2 pld-
250330,-1,unclustered,0.0,"pork rib st louis, premium, iowa"
250012,1183,cluster_1183,0.67657707451263,pork rib tips
32850000,-1,unclustered,0.0,pork rib tips amity
32860000,-1,unclustered,0.0,pork rib tips smoked
32870000,-1,unclustered,0.0,pork rib tips wide
SP2801,1183,cluster_1183,0.7803234330489796,pork rib tips ~30*
32790030,-1,unclustered,0.0,pork rib z-15lb cs
250007,-1,unclustered,0.0,"pork rib, prime, kurobuta"
20460,-1,unclustered,0.0,pork riblets 10# - ibp
13190AM,-1,unclustered,0.0,pork riblets ami 40050 30# r
32500002,-1,unclustered,0.0,pork riblets amity
32500000,-1,unclustered,0.0,pork riblets bnls fresh
13192AM,-1,unclustered,0.0,pork riblets-z ami 40050 30#
20600,-1,unclustered,0.0,pork ribs st. louis style ibp
45079990,1183,cluster_1183,0.7134086477627744,pork ribtips 10#
45089990,1183,cluster_1183,0.7763895814866009,pork ribtips 30#
45079980,-1,unclustered,0.0,pork ribtips brskbone comb
131957,1184,cluster_1184,0.6895239933493491,pork ribtips brskbone ind 2000#
131950,1184,cluster_1184,0.9215937316881772,pork ribtips brskbone-z ami 10#
131949,1184,cluster_1184,1.0,pork ribtips brskbone-z ami 30#
13194993,1184,cluster_1184,0.8176468249909429,pork ribtips brskbone-z com-45745vp
13145568,1184,cluster_1184,1.0,pork ribtips brskbone-z com568 30#
13195310,1184,cluster_1184,0.7965357152021844,pork ribtips brskbone-z fmg 30#
1319543,1184,cluster_1184,0.7071173528179326,pork ribtips brskbone-z ibp-xwide
131955,1184,cluster_1184,1.0,pork ribtips brskbone-z ind 30#
131962,1184,cluster_1184,0.7706920993266441,pork ribtips brskbone-z wic-wide30#
21110,459,cluster_459,1.0,pork rind pellet cracklin (30#)
40169980,459,cluster_459,1.0,pork rind pellet cracklin 30#
40164730,459,cluster_459,0.95720886321375,pork rind pellet cracklin 50#
40164890,459,cluster_459,1.0,pork rind pellet cracklin 65#
132087,458,cluster_458,0.9752197830980146,pork rind pelletcracklin 75#
13208997,458,cluster_458,1.0,pork rind pelletcracklin qual 50#
13208C,458,cluster_458,1.0,pork rind pelletcracklin trl 50#
132102,-1,unclustered,0.0,pork rind pelletcracklin visita 12#
13209C,458,cluster_458,1.0,pork rind pelletcracklin visita 30#
13208D,-1,unclustered,0.0,pork rind sancocho chichar 20#
290227,406,cluster_406,0.8804849115101147,"pork roast ckd, hillshire"
39000220,847,cluster_847,1.0,pork salt back fat
39000230,-1,unclustered,0.0,pork salt belly
620123,-1,unclustered,0.0,"pork saus link, webster, 16-1 (10#)"
620129,-1,unclustered,0.0,"pork saus link, webster, 16-1 (5#)"
620104,-1,unclustered,0.0,pork saus patty 5-1 10# bx
86690,-1,unclustered,0.0,pork sausage (breakfast) seasoning
620540,-1,unclustered,0.0,pork sausage breakfast links
920218,869,cluster_869,0.9902394282900637,pork sausage breakfast pattie
38487504,1038,cluster_1038,0.41934076901076656,pork sausage breakfast patties 2oz jones
620541,869,cluster_869,1.0,pork sausage breakfast patty
38746840,974,cluster_974,0.7622851935309483,pork sausage hot link smoked 5-1
38518007,-1,unclustered,0.0,pork sausage italian 4/1 link ckd-rd
38146990,-1,unclustered,0.0,pork sausage jalapino chedder 3/1
SP2616,-1,unclustered,0.0,pork sausage links - fc
620118,1037,cluster_1037,0.7234632117649326,"pork sausage links, webster, 2oz (10#)"
22222223,974,cluster_974,0.8879694372903298,pork sausage maxwell polish smoked 5-1
207900026,-1,unclustered,0.0,"pork sausage patties 1.25z, j. dean 15#"
SP2611,-1,unclustered,0.0,pork sausage patties 1.3oz fc
38022114,1030,cluster_1030,0.7276434438846845,pork sausage patty country style 2oz
620119,1030,cluster_1030,1.0,"pork sausage patty, webster 2oz -8# case"
620145,1030,cluster_1030,1.0,"pork sausage patty, webster, 2oz"
620122,1030,cluster_1030,1.0,"pork sausage patty, webster, 4oz"
38746931,-1,unclustered,0.0,pork sausage smoked fc 4-1
39000240,-1,unclustered,0.0,pork scribe bones
220180,-1,unclustered,0.0,"pork shank canadian, 18-24oz"
220187,1064,cluster_1064,0.7508060413829073,"pork shank ham skl-cc, 4/7.8#"
220335,-1,unclustered,0.0,"pork shank special, 3-3.5#ave"
220320,-1,unclustered,0.0,"pork shank, 32oz & up"
220816,-1,unclustered,0.0,"pork shank, 8-16oz pc"
220609,-1,unclustered,0.0,"pork shank, compart duroc volcano"
31100001,1043,cluster_1043,1.0,pork shank-skin - on
31100000,1043,cluster_1043,1.0,pork shank-skinless
21829,-1,unclustered,0.0,pork sheet belly skin on - aurora
290237,-1,unclustered,0.0,"pork shishkabob, 3/1, 5pc/skewer"
13039210,1200,cluster_1200,0.8311834430181306,pork shl but bi com 45705 8/9#
13055574,1200,cluster_1200,0.8383047374049629,pork shl but bi com-xlc 45574 6/14#
13039IBP,1200,cluster_1200,0.8126301410503406,pork shl but bi ibp-1213
13039IN,1200,cluster_1200,0.7965602256180806,pork shl but bi ind-5008
13039I3,-1,unclustered,0.0,pork shl but bi ind-moesle
13039040,1200,cluster_1200,1.0,pork shl but bi sbf-22126 4/2-pc
13039SF,1200,cluster_1200,0.9307891994937373,pork shl but bi smf-86793 4/2-pc
1303912,-1,unclustered,0.0,pork shl but bi->cut?
13038,-1,unclustered,0.0,pork shl but bi-skn-on ~market
13039210,1200,cluster_1200,0.8087596823873754,pork shl but bi com 45705 8/9#
13039IBP,1200,cluster_1200,0.8182788552160065,pork shl but bi ibp-1213
13039040,1200,cluster_1200,1.0,pork shl but bi sbf-22126 4/2-pc
13035,1200,cluster_1200,0.8104621911521461,pork shl but bnl *__
13039219,1200,cluster_1200,0.9032144404039849,pork shl but bnl com-45573 lc 6p
1303924,-1,unclustered,0.0,pork shl but bnl com-ret-18/3.8#
13001191,-1,unclustered,0.0,pork shl but bnl hat 3p
13034,1200,cluster_1200,0.8104621911521461,pork shl but bnl ibp
13034IN,1200,cluster_1200,0.9032144404039849,pork shl but bnl ind-5205 4/2/8#
13034442,1200,cluster_1200,1.0,pork shl but bnl sbf-24166 4/2-pc
13040,1200,cluster_1200,0.9307891994937373,pork shl but bnl smf-70659 4/2-pc
13034SW,1200,cluster_1200,0.7567682565379145,pork shl but bnl swi-20080
1304586,1200,cluster_1200,0.7768076994918734,pork shl but bnl->cts g/w
25864085,-1,unclustered,0.0,pork shl but bnl->cut cube
130364,1201,cluster_1201,1.0,pork shl but bnl->sl#6 2/10#-vp
1303602,1201,cluster_1201,1.0,pork shl but bnl->sl1/8-in 4/15#-vp
130359,1201,cluster_1201,1.0,pork shl but bnl->sl1/8-in 4/5#-vp
130358,-1,unclustered,0.0,pork shl but bnl->sl3/8-in apolis
130349,1201,cluster_1201,0.787592949536731,pork shl but bnl->sqc.5-in 4/5#-vp
13034999,-1,unclustered,0.0,pork shl but bnl-skn-on ~market
130401,1200,cluster_1200,0.7768076994918734,pork shl but bnl-z *
13039219,1200,cluster_1200,0.8616594890787146,pork shl but bnl com-45573 lc 6p
135612,-1,unclustered,0.0,pork shl but collar com-45612 **-z
1355693,-1,unclustered,0.0,pork shl but collar com-45693 8/4#
46109990,-1,unclustered,0.0,"butt ct #1 (poly), moesle (70#)"
1304100,-1,unclustered,0.0,pork shl but ct *__
46119990,-1,unclustered,0.0,"butt ct (b) (poly), moesle (35#)"
1304115,-1,unclustered,0.0,pork shl but ct ind
13025012,1041,cluster_1041,1.0,pork shl cushion meat *__
13025015,1041,cluster_1041,1.0,pork shl cushion meat ibp
13025014,1041,cluster_1041,0.9755736427137017,pork shl cushion meat peo
13029,1117,cluster_1117,1.0,pork shl picnic bi s/on ~m fed
13024,1117,cluster_1117,1.0,pork shl picnic bi sknl fed
1302408,1117,cluster_1117,0.8542879239638748,pork shl picnic bnl s/on ~m
13026B,1117,cluster_1117,1.0,pork shl picnic bnl skl-xt ~m fed
130264,1117,cluster_1117,0.8542879239638748,pork shl picnic bnl skl-xt ~m sta
13025,-1,unclustered,0.0,pork shl picnic cushion-in
91245630,-1,unclustered,0.0,pork shl-blade-secreto-z com 2/5#
9120911,-1,unclustered,0.0,pork shl-blade-secreto-z com-dryage
250013,447,cluster_447,0.992612054470072,"pork short ribs, sakura duroc"
31020103,1145,cluster_1145,0.9466179783244419,"pork shoulder butt 1.5 "" x 1.5""x4"
31030001,1145,cluster_1145,1.0,pork shoulder butt bnls sknls diced
31020140,1222,cluster_1222,1.0,"pork shoulder butt bone in 1/4"""
31021120,1222,cluster_1222,1.0,pork shoulder butt bone in sliced 8oz
31001014,-1,unclustered,0.0,pork shoulder butt bone in steak
33714660,-1,unclustered,0.0,"pork shoulder butt bone in steak 3"""
31031000,1144,cluster_1144,1.0,pork shoulder butt boneless
31031002,1145,cluster_1145,0.9379477008241492,"pork shoulder butt boneless 2"" x 2"""
31020104,1144,cluster_1144,1.0,pork shoulder butt boneless fresh
20080,-1,unclustered,0.0,pork boneless butt ibp/seaboard
31020102,1144,cluster_1144,1.0,pork shoulder butt boneless sliced
31001012,-1,unclustered,0.0,pork shoulder butt boneless steak
31001001,-1,unclustered,0.0,pork shoulder butt boneless xt
31030000,1145,cluster_1145,1.0,"pork shoulder butt diced 1""x1"""
31030005,1145,cluster_1145,1.0,pork shoulder butt diced 1-x1
31002090,-1,unclustered,0.0,pork shoulder butts bone in
31011000,-1,unclustered,0.0,pork shoulder butts smoked
31010000,-1,unclustered,0.0,pork shoulder ct butts
34400295,1106,cluster_1106,0.8350104394148754,pork shoulder hocks
290035,-1,unclustered,0.0,"pork shoulder pcnc cushion, 3/5/14oz"
20000,-1,unclustered,0.0,pork shoulder picnic cushion frozen
SP222,-1,unclustered,0.0,pork shoulder/butt bnls*
20001,-1,unclustered,0.0,pork shoulderpicnic cushion - smithfield
20000,-1,unclustered,0.0,pork shoulder picnic cushion frozen
20074,-1,unclustered,0.0,pork shoulders skin-on 16/20
39630715,-1,unclustered,0.0,pork shredded cooked for carnitas
39630718,-1,unclustered,0.0,pork shredded w/ bbq sauce 4 boxes/bag -
240133,-1,unclustered,0.0,pork sirloin bnls-creekstone
20112,1156,cluster_1156,1.0,pork sirloin roast b/i - smithfield
20119,1160,cluster_1160,1.0,pork sirloin roast bone-in //ibp//
86334,-1,unclustered,0.0,pork sirloin roast boneless - seaboard
20111,1156,cluster_1156,1.0,pork sirloin roast boneless - smithfield
20110,-1,unclustered,0.0,pork sirloin roast boneless ibp frzn
20111,1156,cluster_1156,1.0,pork sirloin roast boneless - smithfield
40149990,1137,cluster_1137,1.0,pork skin
39000250,1069,cluster_1069,1.0,pork skin & bones
40159990,-1,unclustered,0.0,pork skin (machine)
40141060,1137,cluster_1137,1.0,pork skin ind 2000#
13208774,1137,cluster_1137,1.0,pork skin w/ fat ~m 40-50#
13208776,1137,cluster_1137,0.9924097123913,pork skin w/ fat-z 40-50# peo
13208775,1137,cluster_1137,1.0,pork skin ~m 30#
13208M,1137,cluster_1137,1.0,pork skin-z ind 60# 28003
13208780,-1,unclustered,0.0,pork skin-z mos 40#
280019,1138,cluster_1138,0.8868849543054947,pork skins
22220,-1,unclustered,0.0,pork skins *swift* onlly
22249,-1,unclustered,0.0,pork skins - cuero -mex-
22240,1058,cluster_1058,0.895296630446448,pork skins //ibp// 21# avg
22247,-1,unclustered,0.0,pork skins 60# avg -indiana-
22246,1058,cluster_1058,0.895296630446448,pork skins 70# //ibp// 70#
21521,-1,unclustered,0.0,pork skins seaboard 30#
40149990,1138,cluster_1138,0.8868849543054947,pork skin
20511,-1,unclustered,0.0,pork small intestines (kowi)
SP239,1106,cluster_1106,1.0,pork smoked hocks
1320872,1012,cluster_1012,0.9809968556797773,pork snout ~m
1320868,1012,cluster_1012,1.0,pork snout-z com 2/5#
132091,1066,cluster_1066,1.0,pork snout-z ibp 60#
13208N,1012,cluster_1012,1.0,pork snout-z ind
132019,1066,cluster_1066,0.9157349042586157,pork snout-z smf 60#
1320872,1012,cluster_1012,1.0,pork snout ~m
39000270,1012,cluster_1012,0.9809968556797773,pork snouts
20330,-1,unclustered,0.0,pork snouts 60#
39000271,-1,unclustered,0.0,pork snouts pack 2 lb. v/p
45039990,1168,cluster_1168,1.0,pork spare rib 10#
45019980,1168,cluster_1168,1.0,pork spare rib 2000#
45019990,1168,cluster_1168,1.0,pork spare rib 30#
1315712,1207,cluster_1207,1.0,pork spare rib com lgt 45712
13178575,1207,cluster_1207,1.0,pork spare rib com lgt-45575-z
13178SW9,1207,cluster_1207,1.0,pork spare rib com lgt-45712-z
250503,-1,unclustered,0.0,"pork spare rib cut up, 3dn 50#b"
1317910,-1,unclustered,0.0,pork spare rib fmc med 1.0-in 30#bg
13177C,-1,unclustered,0.0,pork spare rib fmc med 2.0-in 30#bg
1317712,-1,unclustered,0.0,pork spare rib ibp med
13177IN,-1,unclustered,0.0,pork spare rib ind med-20504
13177IN,1207,cluster_1207,0.5146964336268605,pork spare rib ind med-20504
13177I2,-1,unclustered,0.0,pork spare rib ind smf-22235
13177I2,1207,cluster_1207,0.544875907171856,pork spare rib ind smf-22235
13177185,-1,unclustered,0.0,pork spare rib ind-lgt 3.5-dwn-z
250040,-1,unclustered,0.0,"pork spare rib make, 4dn"
250015,1033,cluster_1033,0.9956832143131407,"pork spare rib medium, seaboard"
131223,1206,cluster_1206,1.0,pork spare rib-stl ami 2.25- 32#-z
131224,1206,cluster_1206,1.0,pork spare rib-stl ami 2.50- 33#-z
13123024,-1,unclustered,0.0,pork spare rib-stl com45695 4/3p
13123011,1207,cluster_1207,0.5347312787357466,pork spare rib-stl com45792-z **
13123020,1207,cluster_1207,0.5220097454346634,pork spare rib-stl com744 pld 12p
13123020,1207,cluster_1207,0.5347312787357466,pork spare rib-stl com744 pld 12p
13129,-1,unclustered,0.0,pork spare rib-stl wic-pld 2.50#
13129,-1,unclustered,0.0,pork spare rib-stl wic-pld 2.50#
SP282,1168,cluster_1168,0.9126592095897728,pork spare ribs ~30#*
1317712,-1,unclustered,0.0,pork spare rib ibp med
131771,-1,unclustered,0.0,pork spare-z rib sbf med 3-5 41322
13122702,1206,cluster_1206,1.0,pork spare-z rib-stl sbf 2.50#- 48#
13122708,1206,cluster_1206,0.9839206383999616,pork spare-z rib-stl sbf 3.25d 48#
20140,-1,unclustered,0.0,pork sparerib light
20168,-1,unclustered,0.0,pork spareribs - smithfield
32200490,-1,unclustered,0.0,pork spareribs 4.9 down 20009
32200300,-1,unclustered,0.0,pork spareribs 5/up
20167,-1,unclustered,0.0,pork spareribs ibp/seaboard medium
20166,-1,unclustered,0.0,pork spareribs ibp/seaboard small/lgt
45031250,-1,unclustered,0.0,"pork spareribs medium, cut"
13211B,617,cluster_617,0.8760586940044742,pork spine esp skl fed 2/30#
13210999,617,cluster_617,0.9695628820786208,pork spine esp skl-> cts
13211000,617,cluster_617,1.0,pork spine esp skl->d-01-in 30#~m
13211002,617,cluster_617,1.0,pork spine esp skl->d-02-in 30#~m
1321115,617,cluster_617,1.0,pork spine esp skl-z 2/30#
13210A,617,cluster_617,0.9490736662992222,pork spine esp skn/on
SP865,992,cluster_992,1.0,pork st. louis ribs 2 1/2 dn*
290120,1151,cluster_1151,0.966066718978046,"pork steak bi, 12oz"
290160,1151,cluster_1151,1.0,"pork steak bi, 16oz"
290060,1151,cluster_1151,1.0,"pork steak bi, 6oz"
290080,1151,cluster_1151,1.0,"pork steak bi, 8oz"
13208255,-1,unclustered,0.0,pork stew 1# ivp1
39000280,-1,unclustered,0.0,pork stew 1/2 x 1/2 in.
290100,-1,unclustered,0.0,"pork stew cut, 1 10# bag"
290238,-1,unclustered,0.0,"pork stew cut, 1/2 in, 10# bag"
13208206,-1,unclustered,0.0,pork stew meat-z eli 2/5#
290239,509,cluster_509,1.0,"pork stir fry, 2/10#"
39000290,955,cluster_955,0.706857759916283,pork stomach
13217236,955,cluster_955,1.0,pork stomach scld-z *__
13217,955,cluster_955,1.0,pork stomach scld-z ibp u5619 30#
132178,955,cluster_955,1.0,pork stomach scld-z ind 30#
1321792,955,cluster_955,1.0,pork stomach scld-z mlf 22#
13217237,955,cluster_955,0.9198199985432446,pork stomach scld-z nor
20300,-1,unclustered,0.0,pork stomachs scalded 30# ibp/seaboard
290110,-1,unclustered,0.0,"pork strip 1/2""+5 from loin, 2/5#a"
290240,-1,unclustered,0.0,pork strip stgnf random raw
290202,-1,unclustered,0.0,"pork strips, thomas"
290241,-1,unclustered,0.0,"pork suey, 10# bag"
39000300,-1,unclustered,0.0,pork sweet meats smoked
290243,623,cluster_623,0.9630412153861069,pork taco meat
20340,-1,unclustered,0.0,pork tails ibp
13217A12,-1,unclustered,0.0,pork tails peo
20341,-1,unclustered,0.0,pork tails seaboard 30#
39000310,-1,unclustered,0.0,pork tails smoked
1321711,-1,unclustered,0.0,pork tails-z ind-04002 30#
13217A12,-1,unclustered,0.0,pork tails peo
240037,1234,cluster_1234,1.0,"pork tender filet, 3oz"
240047,1234,cluster_1234,1.0,"pork tender filet, 4oz"
240057,1234,cluster_1234,1.0,"pork tender filet, 5oz"
22250,-1,unclustered,0.0,pork tender pellets (fat w/skin)
290201,-1,unclustered,0.0,"pork tender, thomas, 5oz"
20107,1079,cluster_1079,1.0,pork tenderloin 14#
33080010,1179,cluster_1179,1.0,pork tenderloin bone in
240016,-1,unclustered,0.0,"pork tenderloin boneless, aldi"
33080007,-1,unclustered,0.0,pork tenderloin fresh vac pac
240015,1065,cluster_1065,1.0,"pork tenderloin fresh, 1.5dn"
240115,-1,unclustered,0.0,"pork tenderloin fresh, creekstone"
33080000,1079,cluster_1079,1.0,pork tenderloin fresh-vp
240014,-1,unclustered,0.0,pork tenderloin swift frozen
SP226,1079,cluster_1079,1.0,pork tenderloin*
240013,447,cluster_447,1.0,creekstone b-in pork loin case lot
240019,1065,cluster_1065,1.0,"pork tenderloins fresh, 1.5dn"
13117,1149,cluster_1149,1.0,pork tndrloin ami- 41520 vp 6/2/1#
13155740,1149,cluster_1149,1.0,pork tndrloin com-45740 10/1p
1311768,-1,unclustered,0.0,pork tndrloin com-medalion 45768
1311908,-1,unclustered,0.0,pork tndrloin fmc 12/1#-rs
13117014,1149,cluster_1149,1.0,pork tndrloin-z com-45716 5/2p
250014,447,cluster_447,1.0,"pork tomahawk rack, sakura"
20290,-1,unclustered,0.0,pork tongue
132192,-1,unclustered,0.0,pork tongues ref ~m 30#
13225,1066,cluster_1066,0.951147791491331,pork tongues-z ibp unsc 30#-z
13218,-1,unclustered,0.0,pork tongues-z ind unsc 40#-z
39000340,1074,cluster_1074,1.0,pork trim 42%
39000350,1074,cluster_1074,1.0,pork trim 72%
39000351,1074,cluster_1074,0.958029589312384,pork trim 90%
39000360,-1,unclustered,0.0,pork trim finely textured
39000335,-1,unclustered,0.0,pork trim picnic 15%
20011,-1,unclustered,0.0,pork trim spring hill frozen
290500,1074,cluster_1074,1.0,"pork trim, 50%"
48159999,-1,unclustered,0.0,pork trimming 50% moe
48059981,1074,cluster_1074,0.8837570688616769,pork trimming 72%
48059980,-1,unclustered,0.0,pork trimming 72% comb
13206A,1075,cluster_1075,1.0,pork trimming ami 50% 60#
13206A,1075,cluster_1075,1.0,pork trimming ami 50% 60#
13206,1075,cluster_1075,1.0,pork trimming ami 80% 60#
13206,1075,cluster_1075,1.0,pork trimming ami 80% 60#
1325734,1072,cluster_1072,1.0,pork trimming com 42% 3/20#
1325730,1072,cluster_1072,1.0,pork trimming com 72% 3/20#
1325730,1072,cluster_1072,1.0,pork trimming com 72% 3/20#
39000370,-1,unclustered,0.0,pork trimmings
99999999,-1,unclustered,0.0,"blood, beef edible jbs (6/1gal)"
39000380,-1,unclustered,0.0,pork trotters
20320,1003,cluster_1003,0.6619598949261772,pork uteri //ibp// fzn 30# avg
13222,1003,cluster_1003,1.0,pork uteri ovari *__ 30#-z
13221,1003,cluster_1003,0.8669169900925753,pork uteri ovari ind20#
13227,1003,cluster_1003,0.954713164830098,pork uteri ovari peo 30#-z
132214,1003,cluster_1003,1.0,pork uteri-z ovari ibp 30#
132218,1003,cluster_1003,1.0,pork uteri-z ovari spx 30#
1300280,1010,cluster_1010,1.0,pork whl pig h/off 100-120#
1329910,1010,cluster_1010,0.9376923849336931,pork whl pig h/off 40-50#
1300283,1010,cluster_1010,1.0,pork whl pig h/off 70-90#
13005,1010,cluster_1010,0.7968088641793977,pork whl pig h/off-split 50-200#
1329910,1010,cluster_1010,0.9376923849336931,pork whl pig h/off 40-50#
13005,1010,cluster_1010,0.8136545904392664,pork whl pig h/off-split 50-200#
13299,1010,cluster_1010,1.0,pork whl pig h/on 050-60#
13309,1010,cluster_1010,0.8859896020848356,pork whl pig h/on 050-60# split
13299018,1010,cluster_1010,1.0,pork whl pig h/on 060-70#
13299020,1010,cluster_1010,1.0,pork whl pig h/on 070-80#
13299019,1010,cluster_1010,1.0,pork whl pig h/on 080-90#
13299021,1010,cluster_1010,1.0,pork whl pig h/on 100-120#
13000,1010,cluster_1010,0.9464310752122339,pork whl pig h/on 150-190#
13302,1010,cluster_1010,0.8375211455857954,pork whl pig h/on 170-180# split
132991,1010,cluster_1010,0.809962862445897,pork whl pig h/on cut 50-70#
1330164,1010,cluster_1010,0.8731342309168372,pork whl pig h/on-com-z 121-140#
13301,1010,cluster_1010,0.9054851872753085,pork whl pig h/on-com-z 141-160#
130003,817,cluster_817,1.0,pork whl suckling piglet 15-20#
130003,817,cluster_817,1.0,pork whl suckling piglet 15-20#
13000S,817,cluster_817,1.0,pork whl suckling piglet 30-50#
13000S,817,cluster_817,1.0,pork whl suckling piglet 30-50#
290229,-1,unclustered,0.0,"pork wings bi, kc wild wings"
47072080,-1,unclustered,0.0,"pork,shoulder, b/in, s/on, whole, dekalb"
13208S,-1,unclustered,0.0,pork-salted belly amv 15/1#
130501,-1,unclustered,0.0,pork-salted belly bel 10570 35#
132100,-1,unclustered,0.0,pork-salted belly smf 24/12-oz ret
13208B,-1,unclustered,0.0,pork-salted feet bel frnt 50#
13172012,-1,unclustered,0.0,pork-smk back rib peer46592 24ct
13136847,1064,cluster_1064,0.8468703071092403,pork-smk ham shank skl 30#
13136846,1064,cluster_1064,0.7729691056451288,pork-smk ham shank skl bel 30#
13138000,1064,cluster_1064,0.692634329560854,pork-smk hocks shld bel 30#-15100
13208003,-1,unclustered,0.0,pork-smk jowls ash-z 30#
13208002,1064,cluster_1064,0.7141303754489159,pork-smk jowls bel-z 30#
13212S,-1,unclustered,0.0,pork-smk jowls mar-3602 rough 40#-z
1333788,-1,unclustered,0.0,pork-smk jowls mar-3603-hvl 2#-vp-z
13148,674,cluster_674,0.8808079073165471,pork-smk loin bi cc bel 2/17#-10469
13149,674,cluster_674,1.0,pork-smk loin bi cc nea 2/15#
1333798,674,cluster_674,1.0,pork-smk loin bi cc web 3/14#
1333792,674,cluster_674,1.0,pork-smk loin bi cc ~m
13010577,-1,unclustered,0.0,pork-smk loin bi chop 05-oz 10#
13010578,-1,unclustered,0.0,pork-smk loin bi chop 06-oz 10#
13015PC1,606,cluster_606,1.0,pork-smk loin bi chop ee.50 10#
13015PC,606,cluster_606,1.0,pork-smk loin bi chop ee.50 fml 15#
133378A,606,cluster_606,1.0,pork-smk loin bi chop ee.75 45#
13334789,606,cluster_606,1.0,pork-smk loin bi chop ee.75 fml 15#
13210SB,-1,unclustered,0.0,pork-smk neck bones bel 30#
13192PK,1064,cluster_1064,0.7141303754489159,pork-smk riblet-swtmt bel 30#
13192999,-1,unclustered,0.0,pork-smk ribtips brskbone bel
13045A,-1,unclustered,0.0,pork-smk shl but and 5/3#
13045D,-1,unclustered,0.0,pork-smk shl but daisy 5/2.4#
13044,-1,unclustered,0.0,pork-smk shl but peer-45300 10/4#
13044,-1,unclustered,0.0,pork-smk shl but peer-45300 10/4#
1303011,-1,unclustered,0.0,pork-smk shl but-z thm 10/2.5#
13051,-1,unclustered,0.0,pork-smk skin *__ 40#
132171,-1,unclustered,0.0,pork-smk tails *__ 30#
1321710,-1,unclustered,0.0,pork-smk tails bel 30#
22019019,-1,unclustered,0.0,pork.bbqpat fc 3.75-oz 00774 15#
74148,507,cluster_507,1.0,pork.stk brd 4-1 sup-360 10#
74150,507,cluster_507,1.0,pork.stk frit 2-1 sup-637-z 8#
74149,507,cluster_507,1.0,pork.stk frit 3-1 sup-635-z 10#
74153,-1,unclustered,0.0,pork.stk strip-z al pastor 10#
31541,58,cluster_58,0.8398777583775411,portabella mushroom 5#
822020,-1,unclustered,0.0,porterhouse cab 20oz
143204,1280,cluster_1280,1.0,"porterhouse steak, ch, 20oz"
143240,1280,cluster_1280,0.9976719843930179,"porterhouse steak, ch, 24oz"
143280,1280,cluster_1280,1.0,"porterhouse steak, ch, 28oz"
143320,1280,cluster_1280,1.0,"porterhouse steak, ch, 32oz"
144164,1193,cluster_1193,1.0,choice porterhouse
144181,1193,cluster_1193,0.8781629143951805,"porterhouse, ch, 18oz"
144203,1193,cluster_1193,0.9355727231086104,"porterhouse, ch, 20oz"
144241,1193,cluster_1193,1.0,"porterhouse, ch, 24oz"
144300,1193,cluster_1193,1.0,"porterhouse, ch, 30oz"
144299,-1,unclustered,0.0,"porterhouse, dry age, ch, 24oz"
144163,939,cluster_939,1.0,"porterhouse, spec trim, ch, 16oz"
144202,939,cluster_939,0.9401452281037617,"porterhouse, spec trim, ch, 20oz"
144240,939,cluster_939,1.0,"porterhouse, spec trim, ch, 24oz"
144320,939,cluster_939,1.0,"porterhouse, spec trim, ch, 32oz"
144204,-1,unclustered,0.0,"porterhouse, vein free, ch, 20oz"
909852,192,cluster_192,0.9627759269806473,portobello tomato soup-4/8#
84940,-1,unclustered,0.0,pot & pan cleaner *168*
190130,-1,unclustered,0.0,"pot roast, boyles, 3pc/cs"
908053,127,cluster_127,1.0,potato cheddar bacon tots
50130541,130,cluster_130,1.0,potato idaho 06oz us#2 bag
50130585,131,cluster_131,0.5634229555099124,potato idaho 10/5#
50130592,131,cluster_131,1.0,potato idaho 40 ct
50130587,131,cluster_131,1.0,potato idaho 50 ct
50130548,131,cluster_131,1.0,potato idaho 80 ct
50130549,131,cluster_131,0.9576534522493054,potato idaho 90 ct
50130583,130,cluster_130,1.0,potato idaho us#2 60-100ct
50130540,130,cluster_130,1.0,potato idaho us#2 box
50130559,129,cluster_129,1.0,potato red a #1 50#
50130553,129,cluster_129,1.0,potato red b 50#
83390,-1,unclustered,0.0,potato starch - 20kg/44#
50130545,-1,unclustered,0.0,potato sweet jum 40#
80614,127,cluster_127,1.0,potato tater tots -z
80613,127,cluster_127,1.0,potato tater tots 6/5#-z
1329914,129,cluster_129,1.0,potato yukon 50#
31650,-1,unclustered,0.0,potatoes (russet)
90009074,-1,unclustered,0.0,potatoes red b`s-us#1/keep refrigerated
90009016,-1,unclustered,0.0,potatoes-russet 100 ct/keep refrigerated
90271131,28,cluster_28,0.973109546997348,powder soy toasted 20/40
84450,-1,unclustered,0.0,pp straw 19.7 - 5.6 green vesta gloval
32500003,-1,unclustered,0.0,pr--
71810,417,cluster_417,0.9249817795000791,prawns head on 6/8 10/2#
190163,-1,unclustered,0.0,precooked burger patty-116/3oz
20306,-1,unclustered,0.0,precooked pork stomach buche
620028,-1,unclustered,0.0,precooked turkey breast-frozen
971118598,-1,unclustered,0.0,premium ham9-8oz)plumrose
971119598,-1,unclustered,0.0,premium hny ham9-8oz)plumrose
712820,976,cluster_976,0.866088539729615,premium sliced turkey ham-28/20oz
24050,-1,unclustered,0.0,prepared lo mein noodles-goldenbowl
96537379,-1,unclustered,0.0,pretzels 13b/cs
10000000,11,cluster_11,0.9046847631689839,price is on full cases...less than +.25
12,-1,unclustered,0.0,"prices "" subject to change"
99911,-1,unclustered,0.0,pricing matrix product
5013062,-1,unclustered,0.0,prickly pear (red)
83260,132,cluster_132,0.6255988740449423,prik khing curry paste - maesri
161027,-1,unclustered,0.0,prime 16oz frenched ribeye steak
161024,-1,unclustered,0.0,prime 24oz frenched ribeye steak
111000,-1,unclustered,0.0,prime beef brisket
141021,-1,unclustered,0.0,prime beef butt tenders
190096,-1,unclustered,0.0,prime beef patty 8oz 80/20
141009,-1,unclustered,0.0,prime bone in filet spec.size
920228,-1,unclustered,0.0,prime time burger
171171,38,cluster_38,1.0,prime top round-17-20#caselo
141019,-1,unclustered,0.0,prime tritips fat on
410064,-1,unclustered,0.0,prime veal breast w/ pocket
410067,-1,unclustered,0.0,prime veal eye of round
410068,-1,unclustered,0.0,prime veal leg
410069,-1,unclustered,0.0,prime veal steak inside only 1.5oz
999998,-1,unclustered,0.0,pritzlaff 50# box bundle
310846,-1,unclustered,0.0,"chicken breast trim, pritzlaff"
53151,-1,unclustered,0.0,pritzlaff pallet for delivery
620020,-1,unclustered,0.0,private label sliced turkey breast
100,0,cluster_0,0.950133086409685,processing fee
86130,-1,unclustered,0.0,produce bags 11x19 - ldpe 4 rolls/cs
240067,-1,unclustered,0.0,"prok chop frenched, 6oz"
240011,-1,unclustered,0.0,"prok loin rollbratten, riverside"
22228994,333,cluster_333,1.0,prosciutto fior slcd-z 12/1# 70916
222522,333,cluster_333,1.0,prosciutto volp bnl 70522 2/5#
2223121,333,cluster_333,1.0,prosciutto volp-z bnl 70515
22228987,332,cluster_332,1.0,prosciutto-di parma gsi 18m 17#
2220503,332,cluster_332,0.9203404710765083,prosciutto-di parma zerto 19#
22228,332,cluster_332,1.0,prosciutto-italiano gsi 13m 14#
22230412,332,cluster_332,1.0,prosciutto-san daniele gsi 5293 17#
754116,-1,unclustered,0.0,provolone cheese-sliced
85165,-1,unclustered,0.0,provolone slice
97666,-1,unclustered,0.0,puff pastery chicken kaiser halal
59032730,-1,unclustered,0.0,pulled chicken - original bbq (6 x 16oz)
390222,-1,unclustered,0.0,"pulled chicken thighs, ckd, danâ€™s"
390012,428,cluster_428,0.9308300250367065,"pulled chicken, bbq, sadlerâ€™s"
390015,-1,unclustered,0.0,"pulled chicken, white meat, tyson"
392001,-1,unclustered,0.0,"pulled duck meat, maple leaf"
290450,428,cluster_428,0.8280406807169316,"pulled pork bbq, byron, 4/5#"
293030,-1,unclustered,0.0,"pulled pork ckd, advance, yellow label"
220999,428,cluster_428,0.8833882293797934,"pulled pork cooked, sadler, 2-5#"
97002730,-1,unclustered,0.0,pulled pork rib - original bbq (6 x 16oz
290247,428,cluster_428,1.0,"pulled pork smoked pit, sadler`s"
291372,-1,unclustered,0.0,"pulled pork smoked, daily choice, 4/5#"
290152,428,cluster_428,0.8244491527991639,"pulled pork smoked, dbbq, 5/2#"
290153,428,cluster_428,1.0,"pulled pork with bbq sauce, dbbq, 5/2#"
290246,428,cluster_428,1.0,"pulled pork with bbq sauce, sadler"
128703,-1,unclustered,0.0,pure angus grass fed chuck roll
138724,-1,unclustered,0.0,pure angus grass fed flank steak
188368,-1,unclustered,0.0,pure angus grass fed tri tip
84621,52,cluster_52,1.0,pure japanese toasted sesame oil4/1
A6,-1,unclustered,0.0,q
10200,280,cluster_280,1.0,quail - 6/6pc
10201,-1,unclustered,0.0,quail - 6/6pc halal
77533360,-1,unclustered,0.0,quail airline breast (s)
10202,-1,unclustered,0.0,quail eggs in water
19291,364,cluster_364,0.9573020200175683,quail semiboneless 24/3-4oz-z
19279,364,cluster_364,1.0,quail whole 4.5-5 oz 36ct-z
77536660,364,cluster_364,1.0,quail whole 4.5oz
98019980,280,cluster_280,1.0,"quail, (36pcs)"
99999946,364,cluster_364,0.9641194476303716,"quail, whl b-in 26oz wrappk"
98069980,364,cluster_364,1.0,"quail, whl b-in 26oz wrappk (6/4.5oz)"
207900005,858,cluster_858,1.0,quality 1oz. meatballs
207900003,139,cluster_139,1.0,quality dinner loaf patties
207900004,139,cluster_139,1.0,quality luncheon loaf patties
99901,24,cluster_24,1.0,queen 2024 customer gift box a
99902,24,cluster_24,1.0,queen 2024 customer gift box b
99903,24,cluster_24,1.0,queen 2024 customer gift box c
968206,-1,unclustered,0.0,quesadilla poblanas 20/3ct fridas
906001,-1,unclustered,0.0,quinoa veggie burger (9#)
1478,-1,unclustered,0.0,r
78545000,-1,unclustered,0.0,rabbit
78545600,-1,unclustered,0.0,rabbit legs bone in spanish ( 8 per pack
32110,-1,unclustered,0.0,rabbit medium -whole skinless
20144A,-1,unclustered,0.0,rabbit-china whl fryer med
98009980,-1,unclustered,0.0,rabbits (44.09#)
450021,-1,unclustered,0.0,rabbits 2# ave
31690,-1,unclustered,0.0,radish
501321,-1,unclustered,0.0,radish whl cello 14/1#
620894,-1,unclustered,0.0,rangeline ckd turkey breast-frozen
95968000,440,cluster_440,1.0,ravioli cheese 5lb/cs
95105110,440,cluster_440,1.0,ravioli cheese toasted-10lb cs
95456789,-1,unclustered,0.0,ravioli meat
95136070,440,cluster_440,1.0,ravioli sausage toasted-10 lb cs
95503579,-1,unclustered,0.0,ravioli spinach
620105,-1,unclustered,0.0,rb rice ital saus roll-12/1#
620106,-1,unclustered,0.0,rb rice medium pork saus 12/1#
620107,-1,unclustered,0.0,rb rice mild pork sausage-12/1
620013,-1,unclustered,0.0,rebando sandwich pepperoni
900100,192,cluster_192,1.0,red bean & rice w/ital saus soup-4/8#
90300,-1,unclustered,0.0,red bean paste bun (b-03)
85361,277,cluster_277,1.0,red beans 10/2
31720,276,cluster_276,0.9148702266935004,red bell pepper
31003,276,cluster_276,1.0,red bell pepper 1ct
31700,-1,unclustered,0.0,red cabbage 45#
83290,133,cluster_133,1.0,red curry paste *mae ploy*
83305,-1,unclustered,0.0,red envelope chopsticks - brown box
83510,-1,unclustered,0.0,red food color - (case)
97725830,-1,unclustered,0.0,"red hot franks, motor city (2 lbs)"
31710,260,cluster_260,0.8639746841648326,red onion 25#
31730,129,cluster_129,0.9821011299358368,red potatoes a
97496780,660,cluster_660,1.0,red rose smk sausage(8-2lb)polks)
83044,257,cluster_257,1.0,red snapper cleaned .75# (3/4) 22#
80343,257,cluster_257,1.0,red snapper cleaned 0.75# - 1#
80340,257,cluster_257,1.0,red snapper cleaned 1-2# (22# case)
80345,-1,unclustered,0.0,red snapper wggs .5#-.75# 10#
80344,421,cluster_421,0.4254774052975834,red snapper wggs 0.5#-0.75#
80341,421,cluster_421,1.0,red snapper wggs 1-1.5# (10# case)
81341,421,cluster_421,1.0,red snapper wggs 1-2# (10# case)
82340,-1,unclustered,0.0,red snapper wggs 1.5-2.0# sea park
81342,421,cluster_421,1.0,red snapper wggs 2-3# (10# case)
81340,421,cluster_421,0.42382044703874094,red snapper wggs 2-3# prime 22#
598023,-1,unclustered,0.0,red snapper-2-3#
77109981,381,cluster_381,1.0,"red snow crab legs, deep water 5/8, russ"
77101809,381,cluster_381,1.0,"red snow crab legs, deep water 5/8,(20#)"
77109980,381,cluster_381,1.0,"red snow crab legs, opilio 5/8, (30#)"
77102029,381,cluster_381,0.9944955115249081,"red snow crab legs, opilio 5/8, 9.1 kg."
904535,-1,unclustered,0.0,"redstone 3/8"" xl seasoned fry-6/5#"
10373580,219,cluster_219,0.8826459905671407,"regular tripe bleached, d & d (22#)"
10381050,55,cluster_55,1.0,"regular tripe fresh cov, afg"
10371460,219,cluster_219,0.931069478896793,"regular tripe, (bleached), hoskie (25#)"
10389980,-1,unclustered,0.0,bf tripe reg cut
10371310,55,cluster_55,0.9839497075897722,"regular tripe, 4star, canadian (60#)"
10371390,-1,unclustered,0.0,"regular tripe, cargill circle t (60#)"
10371000,55,cluster_55,1.0,"regular tripe, greateromaha (60#)"
10371050,55,cluster_55,1.0,bf tripe reg scld-z ame 60#
91160134,-1,unclustered,0.0,relish vienna 5 gal v57600
22305,-1,unclustered,0.0,rellena 2/10 # frozen
12120,-1,unclustered,0.0,rellena donpedros 2/20# frz
180027,246,cluster_246,1.0,rendered beef fat
920214,21,cluster_21,1.0,residential living #1
920215,21,cluster_21,1.0,residential living #2 box
920216,21,cluster_21,1.0,residential living #3 box
920226,21,cluster_21,0.8713985506623081,residential living-all beef
920227,-1,unclustered,0.0,residential living-pork free
730185,318,cluster_318,1.0,ressler 185 buffalo chicken breast
610334,318,cluster_318,0.9864708855179241,ressler 334 smoked turkey
710402,318,cluster_318,1.0,ressler 402 turkey breast
721797,-1,unclustered,0.0,ressler 797 ckd roast top round-sliced
720797,-1,unclustered,0.0,ressler 797 rst capoff top rnd
710003,318,cluster_318,1.0,ressler golden petite turkey breast
620007,-1,unclustered,0.0,resslers roast beef flats
908105,-1,unclustered,0.0,retail asiago arancini
908106,-1,unclustered,0.0,retail bacon mac & cheese bite
590002,138,cluster_138,1.0,retail blue gill filet (11#)
908103,145,cluster_145,1.0,retail buffalo chicken meatball
908108,145,cluster_145,1.0,retail buffalo chicken poppers
999996,-1,unclustered,0.0,retail duck breasts-12/1pk
362310,504,cluster_504,1.0,"retail roast duck, 1/2, maple leaf"
908107,-1,unclustered,0.0,retail spinach artichoke popper
590003,138,cluster_138,1.0,retail tuna filets (#10)
590003,138,cluster_138,1.0,retail tuna filets (#10)
590004,138,cluster_138,0.894214749224108,retail walleye filets (15/1#)
30210,-1,unclustered,0.0,rex sole - 2l 500gr/800gr
250021,258,cluster_258,1.0,"rib baby back, seaboard, 2up"
SP2601,-1,unclustered,0.0,rib bbq 4 oz
233055,-1,unclustered,0.0,"rib belly, heritage berkshire"
45074700,-1,unclustered,0.0,"rib bit, pork farmland b/i smkd (2x5#)"
250400,1205,cluster_1205,1.0,"rib country style boneless, 4oz"
254063,1205,cluster_1205,1.0,"rib country style boneless, 6oz"
254070,1205,cluster_1205,1.0,"rib country style boneless, 7oz"
44121010,1196,cluster_1196,1.0,"rib end, loin bone in, pork ibp"
44421010,1196,cluster_1196,1.0,"rib end, loin boneless, pork ibp"
45129990,1183,cluster_1183,0.6338908050775696,"rib end, pork moesle (30#)"
164189,-1,unclustered,0.0,"rib export processed, ch, 18up"
163000,699,cluster_699,0.6646641037460094,"rib export, angus, ch"
164185,-1,unclustered,0.0,"rib export, ch, 18up"
161001,-1,unclustered,0.0,"rib export, prime"
163001,-1,unclustered,0.0,"rib long bone french, creekstone"
161010,-1,unclustered,0.0,"rib long bone, prime, 10in"
13281120,-1,unclustered,0.0,"rib navel (costillar), beef mex praderas"
250009,-1,unclustered,0.0,"rib pork chop, kurobuta"
250010,-1,unclustered,0.0,"rib pork loin, prime"
190224,-1,unclustered,0.0,"rib precooked, briar, prime, 2pc"
901866,1208,cluster_1208,1.0,rib shape pork patty-156/3.7oz
160325,1208,cluster_1208,1.0,"rib shaped patty, 100/3.25oz"
162481,1208,cluster_1208,1.0,"rib shaped patty, 60ct - 11.25 lbs"
164180,987,cluster_987,0.32486355437073566,"rib steak, bone in, ch, 18oz"
250250,-1,unclustered,0.0,"rib swift st louis, 2.5lb"
45061080,1183,cluster_1183,0.6983859758351458,"rib tips #20, pork, jbq"
45081010,1183,cluster_1183,0.6146791997143906,"rib tips #30, pork, ibp"
45051080,1183,cluster_1183,0.7115362459663407,"rib tips #40, pork, jbq"
45081061,-1,unclustered,0.0,"rib tips, (retail) pork indianapackers"
45083350,-1,unclustered,0.0,"rib tips, 5/5 vac, pork swift"
45079980,-1,unclustered,0.0,pork ribtips brskbone comb
45179980,1183,cluster_1183,0.67657707451263,"rib tips, pork"
45081060,1183,cluster_1183,0.5825256058791103,"rib tips, pork #30 indianapackers"
45079981,1183,cluster_1183,0.9214108076325225,"rib tips, pork (30#)"
45075930,-1,unclustered,0.0,"rib tips, pork aunt bessie`s (10#)"
45071830,-1,unclustered,0.0,"rib tips, pork diamond pride (10#)"
45079990,1183,cluster_1183,1.0,pork ribtips 10#
45089990,1183,cluster_1183,1.0,pork ribtips 30#
45189990,1183,cluster_1183,1.0,"rib tips, pork moesle (60#)"
45081560,1183,cluster_1183,0.6544339294238216,"rib tips, pork sioux-preme (30#)"
450799809,-1,unclustered,0.0,"rib tips, pork swift"
163011,-1,unclustered,0.0,"rib up export, angus, ch"
250215,-1,unclustered,0.0,"rib, st louis, 2 1/5"
82000,-1,unclustered,0.0,ribbon fish whole 700/1000
82170,-1,unclustered,0.0,ribbonfish beltfish steaks*liberty*
164121,1277,cluster_1277,1.0,"ribeye 3/4 tail, ch, 12oz"
164141,1277,cluster_1277,0.9815411295438569,"ribeye 3/4 tail, ch, 14oz"
164161,1277,cluster_1277,1.0,"ribeye 3/4 tail, ch, 16oz"
164060,1277,cluster_1277,0.859541171838444,"ribeye 3/4 tail, ch, 6oz"
164080,1277,cluster_1277,1.0,"ribeye 3/4 tail, ch, 8oz"
17151002,-1,unclustered,0.0,"ribeye b/i frenched, greateromaha (cangu"
164099,-1,unclustered,0.0,"ribeye bnls dry age, ch, 16oz"
168825,-1,unclustered,0.0,"ribeye bnls itoham japanese, wagyu"
17119984,490,cluster_490,0.8449871596174506,"ribeye bnls, (choice)"
17111320,663,cluster_663,0.9207158642564783,"ribeye bnls, 11/up, mex gusi"
17111120,663,cluster_663,0.9377007182092396,"ribeye bnls, 1x1 mex praderas"
17091320,663,cluster_663,0.9497447199478954,"ribeye bnls, 9/up, mex gusi"
17111012,-1,unclustered,0.0,"ribeye bnls, ibp (cangus)"
17113370,663,cluster_663,1.0,"ribeye bnls, mex donsaul"
17114640,663,cluster_663,0.9140836126069148,"ribeye bnls, mex el alba"
17113380,663,cluster_663,1.0,"ribeye bnls, mex karnika"
17111490,663,cluster_663,1.0,"ribeye bnls, mex proboca"
17114636,-1,unclustered,0.0,"ribeye bnls, naeve beef (n/r)"
17111130,-1,unclustered,0.0,"ribeye bnls/11dn, mex sukarne"
164117,-1,unclustered,0.0,"ribeye bone in dry age, ch"
163140,987,cluster_987,0.8278167843473166,"ribeye bone in, ch, 14oz, creekstone ang"
164160,987,cluster_987,0.3953364395718171,"ribeye bone in, ch, 16oz"
163160,987,cluster_987,1.0,"ribeye bone in, ch, 16oz, creekstone ang"
163200,987,cluster_987,1.0,"ribeye bone in, ch, 20oz, creekstone ang"
163220,987,cluster_987,1.0,"ribeye bone in, ch, 22oz, creekstone ang"
17325381,-1,unclustered,0.0,"ribeye boneless, steaks 12-16oz (prime)"
160020,490,cluster_490,0.9382508630728723,ribeye buffalo
168012,-1,unclustered,0.0,"ribeye cap a5 itoham japanese, wagyu"
160009,-1,unclustered,0.0,"ribeye clean, nr, 10oz"
164142,1282,cluster_1282,1.0,"ribeye french, ch, 14oz"
164162,1282,cluster_1282,1.0,"ribeye french, ch, 16oz"
163161,1278,cluster_1278,1.0,"ribeye french, ch, 16oz, creekstone ang"
164182,1282,cluster_1282,0.989249341765105,"ribeye french, ch, 18oz"
163181,1278,cluster_1278,1.0,"ribeye french, ch, 18oz, creekstone ang"
164202,1282,cluster_1282,0.8973220179941265,"ribeye french, ch, 20oz"
164242,1282,cluster_1282,1.0,"ribeye french, ch, 24oz"
163241,1278,cluster_1278,1.0,"ribeye french, ch, 24oz, creekstone ang"
161002,-1,unclustered,0.0,"ribeye french, prime"
164097,-1,unclustered,0.0,"ribeye frenched dry age, ch, 18oz"
164098,-1,unclustered,0.0,"ribeye grass fed, 12oz"
168542,-1,unclustered,0.0,"ribeye grass fed, pure angus"
17091004,-1,unclustered,0.0,"ribeye heavy, greateromaha (ch)"
17093572,873,cluster_873,1.0,"ribeye heavy, ibp (cangus)"
17093574,873,cluster_873,1.0,"ribeye heavy, ibp (ch)"
17093575,873,cluster_873,1.0,"ribeye heavy, ibp (sel)"
168001,-1,unclustered,0.0,"ribeye lip off, wagyu, processed"
164145,875,cluster_875,0.9891903993777142,"ribeye lip on hvy, ch, 14up"
164167,875,cluster_875,1.0,"ribeye lip on hvy, ch, 16up"
163112,876,cluster_876,1.0,"ribeye lip on hvy, creekstone ang, 16up"
160419,-1,unclustered,0.0,"ribeye lip on hvy, grass run farms"
17213690,-1,unclustered,0.0,"ribeye lip on no. 2, aurora"
165001,-1,unclustered,0.0,"ribeye lip on precooked mr, sel"
164025,875,cluster_875,1.0,"ribeye lip on, ch, #2"
164165,875,cluster_875,1.0,"ribeye lip on, ch, 16#dn"
164005,-1,unclustered,0.0,"ribeye lip on, ch, processed"
17111874,836,cluster_836,0.7501223131145442,"ribeye lip on, nebraska beef (ch)"
17111875,836,cluster_836,0.7098280659175471,"ribeye lip on, nebraska beef (sel)"
17111876,836,cluster_836,0.6840456487694461,"ribeye lip on, nebraska gold (nr_angus)"
160008,875,cluster_875,0.8235595030041358,"ribeye lip on, nr"
161003,836,cluster_836,0.7186490760001868,"ribeye lip on, prime"
160019,875,cluster_875,0.8095502146342545,"ribeye lip on, sel"
17093795,875,cluster_875,0.8095502146342545,"ribeye lip on/dn, black mountain (sel)"
17091215,876,cluster_876,1.0,"ribeye lip on/dn, creekstone (sel)"
17113680,-1,unclustered,0.0,"ribeye lip-on bnls 2x2, mex sukarne"
17111215,876,cluster_876,1.0,ribeye lip-on bnls creekstone (sel)
17211020,874,cluster_874,1.0,"ribeye lipon no. 2, national"
17119986,874,cluster_874,0.9729140040835943,"ribeye lipon, (nr)"
17093694,874,cluster_874,0.9420367059897108,"ribeye lipon, aurora (ch)"
17113556,874,cluster_874,0.9739102558561537,"ribeye lipon, heartland (n/r)"
17095723,-1,unclustered,0.0,"ribeye lipon, national a b (ch_angus)"
17111076,-1,unclustered,0.0,"ribeye lipon, palo duro (nr)"
17112401,874,cluster_874,1.0,"ribeye lipon, us212 (prime)"
17223520,-1,unclustered,0.0,"ribeye lipon/10up, mex bona prime"
17123520,874,cluster_874,1.0,"ribeye lipon/11up, mex bona prime"
17123810,-1,unclustered,0.0,"ribeye lipon/11up, mex fc beef"
17121000,-1,unclustered,0.0,"ribeye lipon/11up, mex greater omaha hal"
17123680,874,cluster_874,0.934788650903457,"ribeye lipon/11up, mex sukarne"
17091454,-1,unclustered,0.0,"ribeye lipon/dn, fort worth (ch)"
160811,-1,unclustered,0.0,"ribeye retail, o. prairie, 10oz"
17091057,1185,cluster_1185,1.0,"ribeye roll (lomo) 10/up, afg/lp (utilit"
17092267,1185,cluster_1185,0.9949227840850509,"ribeye roll (lomo) 10/up, m p beef (util"
17101077,-1,unclustered,0.0,"ribeye roll (lomo) 10/up, palo duro (uti"
17101057,1185,cluster_1185,1.0,"ribeye roll (lomo) 8/up, afg/lp (u)"
17091177,-1,unclustered,0.0,"ribeye roll (lomo) 8/up, demkota utility"
17091317,1185,cluster_1185,1.0,"ribeye roll (lomo) 8/up, four star (util"
17102267,1185,cluster_1185,0.9877193420538588,"ribeye roll (lomo) 8/up, m p beef (utili"
17091077,-1,unclustered,0.0,"ribeye roll (lomo) 8/up, paloduro (utili"
17111057,1185,cluster_1185,0.928265349505525,"ribeye roll 8/10, small afg/lp (u)"
160680,-1,unclustered,0.0,"ribeye roll, 6/8#"
164006,-1,unclustered,0.0,"ribeye roll, ch"
168004,-1,unclustered,0.0,"ribeye roll, imported wagyu"
160001,-1,unclustered,0.0,"ribeye roll, sliced thin, util"
160280,-1,unclustered,0.0,"ribeye steak, nr bnls, 20/8oz"
162111,987,cluster_987,0.6339797868336682,"ribeye, bone in, creekstone ang, 22oz"
164100,1281,cluster_1281,0.8077289380587508,"ribeye, ch, 10oz"
164120,1281,cluster_1281,1.0,"ribeye, ch, 12oz"
163120,1279,cluster_1279,1.0,"ribeye, ch, 12oz, creekstone ang"
164140,1281,cluster_1281,1.0,"ribeye, ch, 14oz"
163141,1279,cluster_1279,1.0,"ribeye, ch, 14oz, creekstone ang"
163127,1279,cluster_1279,1.0,"ribeye, ch, 16oz, creekstone ang"
163201,1279,cluster_1279,0.7423787651528969,"ribeye, ch, 20oz, creekstone ang"
164086,1281,cluster_1281,1.0,8oz choice ribeye steak
163123,1279,cluster_1279,0.9251650303153341,"ribeye, ch, 8oz, creekstone ang"
207900011,-1,unclustered,0.0,"ribeye, chop pork,"
17193574,-1,unclustered,0.0,"ribeye, lip-on heavy, s.b. ibp (ch)"
17131090,663,cluster_663,0.806624769009185,"ribeye, mex bonaprime"
17091590,663,cluster_663,0.9933428058438517,"ribeye, mex fertres"
160040,-1,unclustered,0.0,"ribeye, nr, 4oz"
161101,1276,cluster_1276,0.7316457613128784,"ribeye, prime, 10oz"
161121,1276,cluster_1276,1.0,"ribeye, prime, 12oz"
161141,1276,cluster_1276,1.0,"ribeye, prime, 14oz"
161161,1276,cluster_1276,1.0,"ribeye, prime, 16oz"
161181,1276,cluster_1276,0.924976267249371,"ribeye, prime, 18oz"
161081,1276,cluster_1276,0.8301623712109996,"ribeye, prime, 8oz"
167050,-1,unclustered,0.0,"ribeye, util, 5oz"
17095710,-1,unclustered,0.0,"ribeye, wagyu"
54963,-1,unclustered,0.0,ribeye-steak 32oz tomahawk sty
44369980,-1,unclustered,0.0,"riblet boneless, pork (12/1.5#) (18#)"
250005,-1,unclustered,0.0,"riblets, our own"
82005930,-1,unclustered,0.0,"riblets, pork aunt bessie`s (10#)"
250003,-1,unclustered,0.0,"ribs baby back, whole, sakura"
250270,-1,unclustered,0.0,"ribs cooked st louis, bryan, 27#"
250001,-1,unclustered,0.0,ribs indiana st louis style
299025,-1,unclustered,0.0,"ribs st. louis style ckd, bryan"
84520,-1,unclustered,0.0,rice cooker
82552,-1,unclustered,0.0,rice cooking wine (green) #24765
85250,-1,unclustered,0.0,rice flour 24/1# - red
906101,189,cluster_189,0.9299325855741489,rice jasmine 25#
84980,-1,unclustered,0.0,rice king brown rice 50# bolsa amerilla
84283,188,cluster_188,1.0,rice king sweet rice short grain 50#
84280,-1,unclustered,0.0,rice king thai sweet rice - pink bag
84000,188,cluster_188,1.0,breaded cream cheese jalapeno popper 6/5
84530,44,cluster_44,0.9688239129768496,rice paper 22cm square*bamboo tree*
84580,-1,unclustered,0.0,rice paper 25cm round*bamboo tree*
90609,-1,unclustered,0.0,riceland 100# bag
195003,-1,unclustered,0.0,rich`s 1/2oz italian meatballs-10#
195002,-1,unclustered,0.0,rich`s italian meatballs 0.5 oz 10#
92280100,-1,unclustered,0.0,ricotta / fresh 6/5#
18062765,-1,unclustered,0.0,rind on ends/pieces bacon db(12/2.5lb)
750013,-1,unclustered,0.0,ring bologna 1# ave
620039,-1,unclustered,0.0,riverside 3-1 hot polish
620041,-1,unclustered,0.0,riverside 3-1 mild smk polish
625464,241,cluster_241,0.9101259412748922,riverside brat w/beer
626789,-1,unclustered,0.0,riverside fresh hungarian
620108,241,cluster_241,0.9101259412748922,riverside jalapeno ched brat
623856,-1,unclustered,0.0,riverside octoberfest brat
620030,-1,unclustered,0.0,riverside sliced turkey breast
34087,-1,unclustered,0.0,roast beef capoff
81115360,-1,unclustered,0.0,"roast beef, c/off, top round v. giordano"
20018996,-1,unclustered,0.0,roast bf dub-78879 2/16#
20018994,-1,unclustered,0.0,roast bf pot w/gravy-9710-z
20018999,218,cluster_218,0.9007179470321085,roast bf syg brsk deli 24# 2-3ct
20018990,-1,unclustered,0.0,roast bf syg top rnd-c/o wet pk 12#
1832625,218,cluster_218,1.0,roast bf thm c/off ital-hlv 2/7#
1832609,218,cluster_218,0.9621143260283033,roast bf thm london broil 4/3#
1832625,218,cluster_218,1.0,roast bf thm c/off ital-hlv 2/7#
1832602Z,218,cluster_218,0.9238634426617768,roast bf thm-z c/o.all-nat 2/7.5#
1832609,218,cluster_218,1.0,roast bf thm london broil 4/3#
20019000,217,cluster_217,0.825327578082923,roast bf-gravy dev-9003 4/1g
20021,217,cluster_217,1.0,roast bf-slc allonco 2/5# w/g
20018,217,cluster_217,0.9645554009279869,roast bf-slc allonco 4/5# w/g
20019124,217,cluster_217,1.0,roast bf-slc dev 2/5# w/hg-gravy
20019127,217,cluster_217,1.0,roast bf-slc dev hal 5# w/hg-gravy
20019129,217,cluster_217,0.9924595033871269,roast bf-slc devanco 4/5# w/o-gravy
20023,-1,unclustered,0.0,roast bf-slc font f9111 22# w/g
20019123,217,cluster_217,0.9849375904500883,roast bf-slc sam`s 5# w/hg-gravy
20027,217,cluster_217,0.850955487603973,roast bf-slc vie 21536 18# w/g
9116902,217,cluster_217,0.8250676999772965,roast bf-slc w/grvy chi-town 2/5#-z
392120,504,cluster_504,1.0,"roast duck half, 12p, maple leaf"
95180,-1,unclustered,0.0,roasted coconut juice - foco
10140,-1,unclustered,0.0,roasted duck halves 0745755
900222,-1,unclustered,0.0,roasted eggplant soup
906004,-1,unclustered,0.0,roasted poblano black bean burger
8906,-1,unclustered,0.0,roasted red pepper
906006,-1,unclustered,0.0,roasted red/yellow beet pineapple(9#)
83631,-1,unclustered,0.0,rock sugar 50/16oz (454 g)
35,-1,unclustered,0.0,roll stock forming and non forming
31740,202,cluster_202,0.8498870188330929,roma tomatoes
410072,-1,unclustered,0.0,roma veal stew meat-10#
85238,-1,unclustered,0.0,romano cheese grated 4x5#
92401900,-1,unclustered,0.0,romano-parm-blend 4x5
624894,-1,unclustered,0.0,rope brat
621234,-1,unclustered,0.0,rope italian sausage
10031320,422,cluster_422,1.0,"rose meat (suadero), mex gusi"
10031590,422,cluster_422,0.8104625378099878,"rose meat (suadero), mex los fertres"
10031120,422,cluster_422,1.0,"rose meat (suadero), mex praderas"
10031130,422,cluster_422,1.0,"rose meat (suadero), mex sukarne"
25252,-1,unclustered,0.0,roti paratia multiger - spring home
390028,-1,unclustered,0.0,"rotisserie, short cuts, 7#, perdue 4238"
174037,146,cluster_146,0.9943409154484383,"rouladen, ch, 3oz"
174041,146,cluster_146,1.0,"rouladen, ch, 4oz"
174051,146,cluster_146,1.0,"roulanden, ch, 5oz"
174061,146,cluster_146,0.5685300055906707,"roulanden, ch, 6z"
174071,146,cluster_146,1.0,"roulanden, ch, 7oz"
78332219,-1,unclustered,0.0,"round scad, west bay (22#)"
170000,-1,unclustered,0.0,round steak bnls (spec size)
170007,-1,unclustered,0.0,"round, ckd corned beef, dan`s"
11039984,273,cluster_273,1.0,"rounds bnls 161, (ch)"
11033694,273,cluster_273,1.0,"rounds bnls 161, aurora (ch)"
11031002,273,cluster_273,0.8417128420067888,"rounds bnls 161, greateromaha (cangus)"
11031004,273,cluster_273,1.0,"rounds bnls 161, greateromaha (ch)"
11033334,273,cluster_273,0.9587274023660634,"rounds bnls 161, upper iowa (ch)"
97031,-1,unclustered,0.0,rumali boti fp kaiser halal
620109,469,cluster_469,1.0,russer maple smoked ham-2pc
740565,469,cluster_469,1.0,russers boneless cooked ham-1pc
43461301,-1,unclustered,0.0,rwa oven roast turkey breast
95505146,-1,unclustered,0.0,s
15044365,6,cluster_6,1.0,s l
711612,-1,unclustered,0.0,s.field honey smoked sliced turkey breas
620031,-1,unclustered,0.0,s.lee turkey brst thigh roast
720575,-1,unclustered,0.0,s010575 roast beef logs-3/5#
95405,-1,unclustered,0.0,sabritas adobadas chicas 60/60gr
95400,286,cluster_286,1.0,sabritas cheetos bola chicos 60/46g
95406,286,cluster_286,0.9998104291121935,sabritas cheetos colmillo chicos
95403,286,cluster_286,1.0,sabritas cheetos torciditos grandes
95407,286,cluster_286,0.9677249635846016,sabritas crujitos chicos 60/46gr
95404,286,cluster_286,1.0,sabritas doritos grande 25/155gr
95402,286,cluster_286,0.933599860744511,sabritas doritos nacho chicos 60/62
95408,286,cluster_286,0.9897494089423765,sabritas rancheritos grande 25/160g
95401,286,cluster_286,0.8726813536094552,sabritas tostitos salsa verde 60/62
112999,-1,unclustered,0.0,sadler smoked beef brisket-2 pc
20383,-1,unclustered,0.0,salad macaroni 2/10#
86001,50,cluster_50,1.0,salad oil
50PT23,224,cluster_224,1.0,salad thm chkn salad 5# tub
50PT54,224,cluster_224,0.741667301785853,salad thm chkn-white meat 5# tub
50PT16,224,cluster_224,0.8686472547999277,salad thm claremont salad 10# tub
20385,-1,unclustered,0.0,salad thm cole slaw 10#
50PT15,224,cluster_224,1.0,salad thm egg salad 5# tub
50PT61,224,cluster_224,0.8651550721611801,salad thm macaroni 5# tub
50PT51,224,cluster_224,0.8671100245110135,salad thm pot & egg w/g.oni 10# tub
50PT19,-1,unclustered,0.0,salad thm pot german 10# tub
50PT63,224,cluster_224,0.7202674664914593,salad thm red potato 5# tub
50PT24,224,cluster_224,1.0,salad thm seafood salad 5# tub
50PT13,224,cluster_224,1.0,salad thm tuna salad 5# tub
20PT09,224,cluster_224,0.6534770898443297,salad thm-8/1# pot & egg
38448900,-1,unclustered,0.0,salami all beef
224411,-1,unclustered,0.0,salami bf ckd syg 12#
224410,-1,unclustered,0.0,salami cooked thm 2/4#
38888500,-1,unclustered,0.0,salami cotto
22249,-1,unclustered,0.0,pork skins - cuero -mex-
38447700,401,cluster_401,1.0,salami genoa
38447600,401,cluster_401,0.9611938692581802,salami genoa - coliseum
22PC12,401,cluster_401,1.0,salami genoa thm ac 3/6#
22254,347,cluster_347,1.0,salami hard eckrich 8/6#
2229058,-1,unclustered,0.0,salami hard rov fennel 4/3.2#
2229052,-1,unclustered,0.0,salami hard rov napoli 4/4.5#
2229056,-1,unclustered,0.0,salami hard rov toscano 4/3.2#
2229072,-1,unclustered,0.0,salami hard rov ventricina 4/3#
228866,347,cluster_347,1.0,salami hard sterling 8/5#
38116066,-1,unclustered,0.0,salami hard-6pc 30# case
220831,-1,unclustered,0.0,salami soft vie-17142 2/5#
220608,-1,unclustered,0.0,salami syg all beef 5/2# deli cut
22ND012,-1,unclustered,0.0,salami tem-b finocchiona 2/5.5#
22ND031,-1,unclustered,0.0,salami tem-b sopressata 2/5.5#
4488,401,cluster_401,1.0,"salami,genoa-volpi"
224410Z,-1,unclustered,0.0,salami-z cooked thm 4#
22255,401,cluster_401,1.0,salami-z genoa fio 30235 3/6#
22PC14Z,401,cluster_401,1.0,salami-z genoa thm ac 3/6.5#
22082,401,cluster_401,1.0,salami-z genoa volpi-30501 5/5#
22260,-1,unclustered,0.0,salami-z hard fio 30236 3/6#
2229072,-1,unclustered,0.0,salami hard rov ventricina 4/3#
228866,347,cluster_347,1.0,salami hard sterling 8/5#
98031640,-1,unclustered,0.0,"salchichon (sin pimeienta), 18pcs (c/w),"
78343650,1002,cluster_1002,1.0,salmon 4-6oz portions ivp true north
590001,1002,cluster_1002,1.0,salmon filets-26/6oz portions
78342999,508,cluster_508,1.0,"salmon fillet, 2-3#, d-trim (r/w)"
78341649,508,cluster_508,1.0,"salmon fillet, 3-4lb trim d-prem (22.05)"
78341549,-1,unclustered,0.0,"salmon fillet, d-trim (r/w)"
78895829,508,cluster_508,0.9769132467084575,"salmon fillet, pink sknls sea best 10/2#"
78795829,508,cluster_508,1.0,"salmon fillet, sknls ivp, sea best 12/1#"
78614360,308,cluster_308,1.0,salmon prtn s/on ivp rtl panamei 20/1#
78704362,308,cluster_308,1.0,salmon prtn sknls ivp rtl panamei 10/2#
78344360,308,cluster_308,1.0,salmon prtn sknls ivp rtl panamei 20/1#
78749980,508,cluster_508,1.0,salmon sockeye fillet (20/1#)
99992,1002,cluster_1002,1.0,chicken popeyes 8pc marinated
71200,-1,unclustered,0.0,salmon terityaki pan sea
30004,294,cluster_294,1.0,salsa habanera 12/1#
31214,294,cluster_294,1.0,salsa habanero 12/1#
31214,294,cluster_294,1.0,salsa habanero 12/1#
31502,294,cluster_294,0.999268466560189,salsa roja 12/1# donpedros
30001,294,cluster_294,0.999268466560189,salsa roja del molcajete 12/1#
30003,294,cluster_294,0.865001495054729,salsa taquera 12/1#
31496,294,cluster_294,1.0,salsa taquera 12/1# donpedros
30005,294,cluster_294,0.865001495054729,salsa tatemada 12/1#
32496,294,cluster_294,1.0,salsa tatemada 12/1# donpedros
31526,294,cluster_294,1.0,salsa verde 12/1# donpedros
911681,294,cluster_294,0.7257729857429718,salsa verde 6/#10 dsl
30002,294,cluster_294,0.9088674794814009,salsa verde de molcajete 12/1#
88051,89,cluster_89,1.0,salt - 50#
88052,89,cluster_89,0.8131129884426436,salt 24/26oz
90274,89,cluster_89,1.0,salt 25#
90272,89,cluster_89,1.0,salt 50#
9020184,-1,unclustered,0.0,salt kosher antica salina 6/3#
90273,-1,unclustered,0.0,salt por pak 3/1000 ct
793610,43,cluster_43,1.0,salted butter quarters 36/1 lb
94016,-1,unclustered,0.0,samaosa cocktail h/m 30pk al safa halal
94017,-1,unclustered,0.0,samaosa punjabi h/m 10pk al safa halal
94360,-1,unclustered,0.0,samaosa veggie h/m 16pk al safa halal
97352,-1,unclustered,0.0,samasa veg punjabi 20pc kaiser halal
84341,-1,unclustered,0.0,sambal oelek 5x1/2 gallon
84340,-1,unclustered,0.0,sambal oelek chili paste *huy fong* 3/1
71209,666,cluster_666,0.7363550851865054,samosa beef handmade halal
97063,666,cluster_666,1.0,samosa beef kaiser halal
97628,666,cluster_666,1.0,samosa chicken kaiser halal
97512,666,cluster_666,1.0,samosa chicken mini kaiser halal
97413,-1,unclustered,0.0,samosa veg punjabi 8pc kaiser halal
12345677,0,cluster_0,1.0,sample not for sale
99920,-1,unclustered,0.0,sample: instant noodle (hot &spicy)
920231,-1,unclustered,0.0,sampler dock box
99SAMPLE,0,cluster_0,1.0,samples
190000,0,cluster_0,1.0,sampling fee
96374740,-1,unclustered,0.0,"sancocho vegetables for stew, mambo 6x2#"
920220,-1,unclustered,0.0,sandwich lovers box
95062,-1,unclustered,0.0,sangria senorial plastic 1.5 liter
95060,327,cluster_327,1.0,sangria soda 24/12.5oz glass
22010,-1,unclustered,0.0,sanuki udon noodle 6/5 x250g
740756,-1,unclustered,0.0,sara lee sliced ham-6/2#
96033,-1,unclustered,0.0,cup foam 20 oz 20j16 500 ct
78522219,-1,unclustered,0.0,"sardines whole, (22#)"
9620224,295,cluster_295,0.7600023976518367,sauce bald arabbiata 12/25 oz
9620194,295,cluster_295,0.7669671199552875,sauce bald bolognese 12/25-oz
9620218,295,cluster_295,0.7416629996549362,sauce bald giardiniera mar 6/25-oz
9620200,295,cluster_295,0.7669671199552875,sauce bald marinara 6/25-oz
9620217,-1,unclustered,0.0,sauce bald vodka 12/25-oz
9620154,295,cluster_295,0.9174857228276428,sauce bald-fin 6/12-oz marsala
9620178,295,cluster_295,1.0,sauce bald-fin 6/12-oz piccante
9620161,295,cluster_295,1.0,sauce bald-fin 6/12-oz piccata
96202055,295,cluster_295,1.0,sauce bald-fin 6/12-oz vesuvio
91021,-1,unclustered,0.0,sauce bbq benchmark 4/1g
91011,291,cluster_291,0.9524435913599134,sauce bbq bonne chere 5-gal pail
91020544,291,cluster_291,1.0,sauce bbq open pit 5-gal pail
91020,291,cluster_291,1.0,sauce bbq swt baby ray 4/1g
91018,291,cluster_291,1.0,sauce bbq swt baby ray 5-gal pail
91011504,291,cluster_291,1.0,sauce bbq vienna 5-gal pail
90342015,-1,unclustered,0.0,sauce chamoy 6/1g
90342011,302,cluster_302,1.0,sauce chipotle 24/7.5oz**
40171015,302,cluster_302,1.0,sauce chipotle 24/7oz sm
40171023,-1,unclustered,0.0,sauce chipotle 6/#10 dsl
40171020,302,cluster_302,0.7411026195610141,sauce chipotle 6/#10 sm
40171017,302,cluster_302,1.0,sauce chipotle w/adobo 24/7oz sm
40171009,-1,unclustered,0.0,sauce chipotle w/adobo la mor
22090H1,298,cluster_298,1.0,sauce hot 4/1 gal
22089HS,298,cluster_298,1.0,sauce hot caj chef 4/1 gal
22080198,301,cluster_301,1.0,sauce hot green yucateca 12/4-oz
22081010,301,cluster_301,1.0,sauce hot huichol 12/6oz
22081000,301,cluster_301,1.0,sauce hot huichol 24/6oz
9103127,291,cluster_291,1.0,sauce hot swt baby ray 4/1g
22080214,301,cluster_301,1.0,sauce hot tamazula 35/4.5-oz
22080216,301,cluster_301,1.0,sauce hot tapatio 24/4-oz
22090HS,298,cluster_298,1.0,sauce hot tasty chef 4/1 gal
91168V,301,cluster_301,1.0,sauce hot valentina 24/12 oz
911683,-1,unclustered,0.0,sauce hot valentina 3/1g
911685,-1,unclustered,0.0,sauce hot valentina-marisco
90342020,-1,unclustered,0.0,sauce ital trad 6/4.2# preg
90342019,-1,unclustered,0.0,sauce ital trad 6/6# preg
91022,291,cluster_291,1.0,sauce mang+hab swt baby ray 4/1g
90342018,-1,unclustered,0.0,sauce pizza pas 6/#10
90342003,-1,unclustered,0.0,sauce tomato 6/#10 s.benito
914025,-1,unclustered,0.0,sauerkraurt nst 2g 4025
917PQ20,-1,unclustered,0.0,sauerkraurt thm 24/1#
18030760,-1,unclustered,0.0,sauerkraut franks (12/2 lb)
501387,-1,unclustered,0.0,sauerkraut shred 6/#10
97416030,-1,unclustered,0.0,"sausage & biscuits,20c,purnells (11.25#)"
13973188,964,cluster_964,1.0,sausage amy 10#-z andoui 73188
13912A,964,cluster_964,1.0,sausage amy 10#-z andoui 75359
13946A,964,cluster_964,0.7609551590511474,sausage amy 10#-z apl/map 75452
139498,1029,cluster_1029,1.0,sausage amy 10#-z-pat mapl 2-oz
13974138,-1,unclustered,0.0,sausage amy ret-z breakfst time
13925,964,cluster_964,1.0,sausage amy-ret-z andouille 75309
139461,964,cluster_964,0.7976441026440281,sausage amy-ret-z apple/gou 75709
13976711,964,cluster_964,0.7976441026440281,sausage amy-ret-z apple/mapl 76737
13975010,964,cluster_964,0.7050062091006245,sausage amy-ret-z capre/moz
13968882,964,cluster_964,0.770210536223525,sausage amy-ret-z chipotle 75209
13976510,964,cluster_964,0.8466069542372112,sausage amy-ret-z g/chorizo 76537
139161,964,cluster_964,0.7100634524639454,sausage amy-ret-z italian/p 75909
13968889,964,cluster_964,0.7976441026440281,sausage amy-ret-z rst/gar/asi 72737
13968873,964,cluster_964,0.7913590652541614,sausage amy-ret-z sund/tom/b 71609
97455750,1028,cluster_1028,1.0,"sausage andouil smkd, zatarain`s 10/14oz"
38141911,-1,unclustered,0.0,sausage andouille cajun pork atk-2/1
38172011,-1,unclustered,0.0,sausage andouille chicken atk
38140001,-1,unclustered,0.0,"sausage andouille pk/bf2/1 amylu 11"""
38100141,-1,unclustered,0.0,"sausage andouille-5"" retail atk"
14036AN,-1,unclustered,0.0,sausage andy kabanosy pp 20#
14039,973,cluster_973,1.0,sausage andy pol kielbasa 15#
14036909,973,cluster_973,1.0,sausage andy pol kielbasa 20#-ret
14040,973,cluster_973,1.0,sausage ash pol kielbasa 15#
14037S,1025,cluster_1025,0.9711935881482383,sausage ashl pol kiszka 10#
38867007,974,cluster_974,0.9077797797309975,"sausage beef polish smoked 4/1 -6"""
38812101,974,cluster_974,1.0,sausage beef polish-2/1-
38094070,974,cluster_974,0.7676829017069718,sausage beef smoked
90236,-1,unclustered,0.0,sausage beef smoked 12/12oz halal
13968862,-1,unclustered,0.0,sausage belm pork hot link10/1#vp-46840
97473740,1028,cluster_1028,1.0,"sausage blackned c, zatarain`s (10/14oz)"
13921000,1020,cluster_1020,1.0,sausage brat om fc 5-1 6#-z
38221333,-1,unclustered,0.0,sausage brat pork onion and green pepper
38221331,652,cluster_652,1.0,sausage bratwurst -2oz
38235107,-1,unclustered,0.0,sausage bratwurst fresh randolph
38293000,-1,unclustered,0.0,sausage bratwurst hot n spicy jv
38230061,-1,unclustered,0.0,sausage bratwurst munic atk
38278703,-1,unclustered,0.0,sausage bratwurst original raw 104772
38221330,-1,unclustered,0.0,sausage bratwurst pork mushroom swiss
38263007,-1,unclustered,0.0,sausage bratwurst raw 4/1 randolph
38231349,-1,unclustered,0.0,sausage bratwurst sheboygan 4/1 beer
38219903,-1,unclustered,0.0,sausage bratwurst stadium10# cs johnsonv
38524250,-1,unclustered,0.0,sausage breakfast bulk
38120256,1037,cluster_1037,0.7025355332864556,sausage breakfast link 2oz 10#/cs
28705000,-1,unclustered,0.0,sausage breakfast links 1 oz chicken app
38311006,-1,unclustered,0.0,sausage breakfast links 1oz peer
38311016,1038,cluster_1038,0.44657558980126916,sausage breakfast links 2oz peer
28721217,-1,unclustered,0.0,sausage breakfast links chicken 1oz
38487832,1038,cluster_1038,1.0,sausage breakfast patties 1.33oz hormel
38475002,1038,cluster_1038,1.0,sausage breakfast patties 1.5oz hormel
38483622,1038,cluster_1038,1.0,sausage breakfast patties 1oz hormel
38421006,1038,cluster_1038,0.4589201014369648,sausage breakfast patties 2oz peer
38480509,1038,cluster_1038,0.43537979067279875,sausage breakfast patties 2oz peoria
13939A,-1,unclustered,0.0,sausage busch summer thuringer 2/4#
97195750,1028,cluster_1028,1.0,"sausage cajun smkd, zatarain`s (10/14oz)"
20441,348,cluster_348,0.7142885531391729,sausage casing 35-38 1 pack
20442,348,cluster_348,0.6733245512239023,sausage casing 35-38 pro pack
97315740,975,cluster_975,0.9357335000445204,"sausage cheddar smkd, 14ct, bar s 6/2.5#"
38971809,-1,unclustered,0.0,sausage chicken habanero and tequila atk
97455850,-1,unclustered,0.0,"sausage chub hot, s f (12/1#)"
97445850,-1,unclustered,0.0,"sausage chub mild, s f (12/1#)"
97325740,975,cluster_975,1.0,"sausage classic smkd, 14ct, bar s 6/2.5#"
13968410,1020,cluster_1020,1.0,sausage com-z brat+da-fc 6-1 2/5#
13968412,1024,cluster_1024,1.0,sausage com-z fc-lnk apl/goud 12/4p
13964110,1024,cluster_1024,1.0,sausage com-z fc-lnk ital/p&p 12/4p
1361495,1024,cluster_1024,1.0,sausage com-z fc-lnk jal/ched 12/4p
13964112,-1,unclustered,0.0,sausage com-z ital bulk fresh 2/5#
1361421,1025,cluster_1025,1.0,sausage com-z pol max smk 4-1 2/5#
1361465,1025,cluster_1025,1.0,sausage com-z smk/jal/chs 4-1 2/5#
20474,637,cluster_637,1.0,sausage cosentino hot rco002
22251,-1,unclustered,0.0,sausage country gravy 6/#10
2000B,-1,unclustered,0.0,sausage daisy brat fc 5#-z
140886,-1,unclustered,0.0,sausage daisy easter polish 10#
139801,-1,unclustered,0.0,sausage daisy knockwurst 10/12-oz
2225C,-1,unclustered,0.0,sausage daisy prasky 2/4#
13976351,-1,unclustered,0.0,sausage dev ital bf fc 7606 10#-z
13976349,-1,unclustered,0.0,sausage dev ital bf link hal 10#
13968907,1016,cluster_1016,1.0,sausage dev ital rope mild 10#-z
13968903,1016,cluster_1016,1.0,sausage dev ital rope mild 5#
13968903,1016,cluster_1016,1.0,sausage dev ital rope mild 5#
13944,645,cluster_645,1.0,sausage emin chorizo 20/1#
13945,645,cluster_645,1.0,sausage emin chorizo 4/5#
1396800,1016,cluster_1016,0.7915951409586549,sausage fab ital bulk mild-z 10#
22139656,-1,unclustered,0.0,sausage fab ital bulk-fc nug 10#
13976347,-1,unclustered,0.0,sausage fab ital link mild3-1 10#-z
13976346,-1,unclustered,0.0,sausage fab ital link mild4-1 10#-z
13968984,1016,cluster_1016,1.0,sausage fab ital rope hot 10#
13968984,1016,cluster_1016,1.0,sausage fab ital rope hot 10#
13968982,1016,cluster_1016,1.0,sausage fab ital rope hot 5#
13968906,1016,cluster_1016,1.0,sausage fab ital rope mild 10#
13968906,1016,cluster_1016,1.0,sausage fab ital rope mild 10#
13968902,1016,cluster_1016,1.0,sausage fab ital rope mild 5#-z
139765,-1,unclustered,0.0,sausage fmc ital pat4-1-z moon 10#
139122,689,cluster_689,0.8037718299819753,sausage font andou link 4-1 12#-z
13944569,689,cluster_689,0.7975448730230074,sausage font chorizo 4/5#-z
13944585,689,cluster_689,0.7999923407868395,sausage font chorizo fc 3/5#-z
139767,689,cluster_689,1.0,sausage font ital link sw-610 12#-z
13976F,689,cluster_689,0.967346816986799,sausage font ital rope mild 12#-z
1397610,689,cluster_689,1.0,sausage font ital rope swt-610 10#
13977F,689,cluster_689,1.0,sausage font pol sl.75 slp500 10#
38970100,-1,unclustered,0.0,sausage for pizza - ingredients
1392095,1016,cluster_1016,0.8332936028798249,sausage gre brats-z rope 2/5#
22139662,-1,unclustered,0.0,sausage gre ital bulk-fc nug 2/10#
139642,1016,cluster_1016,0.9621796061761978,sausage gre ital rope hot 2/5#-z
1392105,1016,cluster_1016,0.8563465418303075,sausage gre polish rope 2/5#-z
97145740,975,cluster_975,0.7584243504610824,"sausage h bacon/swiss smkd, bar s (8/2#)"
34065,-1,unclustered,0.0,sausage hot 12/1.5 db
34032,975,cluster_975,0.7998318286227202,sausage hot 2.5 bar s
92295,-1,unclustered,0.0,sausage hot link 12/12oz halal
38500000,-1,unclustered,0.0,sausage hot links
97305740,975,cluster_975,1.0,"sausage hot smkd, 14ct, bar s (6/2.5#)"
38912001,363,cluster_363,1.0,sausage irish banger 10/1-mini
38912000,363,cluster_363,1.0,sausage irish banger 4/1
13969,-1,unclustered,0.0,sausage ital bulk mild-z rand 12#
38599040,-1,unclustered,0.0,sausage italian 1/10 bulk-anmar label
38519000,1032,cluster_1032,1.0,sausage italian 4/1 link raw -mild
38519009,1032,cluster_1032,1.0,sausage italian 4/1 link raw fabbri
38518057,1032,cluster_1032,1.0,sausage italian 4/1 link raw randolph
38516709,-1,unclustered,0.0,sausage italian 4oz carmignano oscar me
38519905,-1,unclustered,0.0,sausage italian hot bulk-anmar label
4008050,-1,unclustered,0.0,sausage italian pattie 3/1
38515980,-1,unclustered,0.0,sausage italian pizza topping ckd fz
38569900,1009,cluster_1009,1.0,sausage italian rope mild 1x10-19896
38553017,-1,unclustered,0.0,sausage italian rope randolph-raw mild
38529000,-1,unclustered,0.0,sausage italian rope raw mild fabbri
38566900,1009,cluster_1009,1.0,sausage italian rope spicy/hot w fennal
38519010,1009,cluster_1009,1.0,sausage italian rope- cooked-hot-5/1
97135740,975,cluster_975,0.9357335000445204,"sausage jal/cheddar smkd, bar s (8/2#)"
13917172,1020,cluster_1020,1.0,sausage jhsvl brat fc 2/5#-z
38895950,-1,unclustered,0.0,sausage kishke
13919,-1,unclustered,0.0,sausage leon andoui p&b 2-1 2/5#-z
13916,-1,unclustered,0.0,sausage leon andoui-caj 2-1 2/5#-z
13968860,584,cluster_584,0.8042419172626197,sausage leon bf hot link 4-1 2/5#-z
14026ATK,584,cluster_584,1.0,sausage leon pol bf-maxw 2/5#-z
14023013,584,cluster_584,1.0,sausage leon pol skl-bf3-1 2/5#-z
140224,584,cluster_584,1.0,sausage leon pol skl-bf4-1 2/5#-z
38760180,-1,unclustered,0.0,sausage linguica -spanish
98039980,1037,cluster_1037,0.7365289166228577,sausage link 1oz (10#)
28175459,-1,unclustered,0.0,sausage links chicken apple maple 2oz
97565850,1034,cluster_1034,0.6987306318007368,"sausage links maple, s f (12/12oz)"
20472,-1,unclustered,0.0,sausage links mild scimeca 10#
97555850,1034,cluster_1034,0.6987306318007368,"sausage links mild, s f (12/12oz)"
13920999,-1,unclustered,0.0,sausage mak brat 4-1 10#-z
13968863,-1,unclustered,0.0,sausage mak hot link nc 4-1 10#-z
1402909,-1,unclustered,0.0,sausage mak knockwurst 6-1 10#
14023560,1025,cluster_1025,1.0,sausage mak pol spcy 5-1 skl 10#
1402906,-1,unclustered,0.0,sausage mak thuringer 4-1 nc 10#
13944A,645,cluster_645,1.0,sausage mich chorizo 6/5#
20473,637,cluster_637,1.0,sausage mild cosentino rco001
38814000,974,cluster_974,0.9077797797309975,"sausage n.c.polish 12""-smoked"
38570200,-1,unclustered,0.0,sausage natural casing rope
38760185,-1,unclustered,0.0,sausage nduja
13912594,-1,unclustered,0.0,sausage old folks rolls 24#
97425840,-1,unclustered,0.0,"sausage on a bun,twin williams s (6/16.5"
13946,-1,unclustered,0.0,sausage pal chorizo
97375840,-1,unclustered,0.0,"sausage parttie mild, williamss (12/12oz"
97445840,-1,unclustered,0.0,"sausage pattie , ole south8/2.25"
97475850,1034,cluster_1034,0.9068136234899821,"sausage patties hot, s f (9/27 oz)"
97495850,1034,cluster_1034,0.655851871773964,"sausage patties hot, s f 6/45oz(16.875"
97575850,1034,cluster_1034,0.7260987179610704,"sausage patties maple, s f (12/12oz)"
97545850,1034,cluster_1034,1.0,"sausage patties mild, s f (12/12oz)"
97465850,1034,cluster_1034,1.0,"sausage patties mild, s f (12/27 oz)"
97485850,1034,cluster_1034,1.0,"sausage patties mild, s f (9/45oz)"
59011250,-1,unclustered,0.0,sausage patties veggie brk 1.34oz (9.3#)
59999999,-1,unclustered,0.0,sausage patties veggie brk1.34oz (9.3#)
34080,-1,unclustered,0.0,sausage patty hot 18ct
34075,-1,unclustered,0.0,sausage patty swg mild
13914,-1,unclustered,0.0,sausage peer andoui-42200 10#
139499,1029,cluster_1029,1.0,sausage peo 10#-z-pat 2-oz
13920550,-1,unclustered,0.0,sausage peo brat rope 10#
13968783,1016,cluster_1016,0.7915951409586549,sausage peo ital bulk mild 10#-z
13968985,1016,cluster_1016,0.8697803730355266,sausage peo ital rope hot 10#
13968,1016,cluster_1016,0.8776417781334023,sausage peo ital rope mild 10#
140372,1026,cluster_1026,1.0,sausage peo pol 10#
1043489,1026,cluster_1026,1.0,sausage peo pol 5-1 10#
14014,1025,cluster_1025,0.9938761248678819,sausage perd trky pol 5-1 2/6#-z
13928878,-1,unclustered,0.0,sausage pio brat wht fc #10-z
34059,-1,unclustered,0.0,sausage pol 2.5# bar s
1043484,1026,cluster_1026,1.0,sausage pol peo 10#-z
38801629,-1,unclustered,0.0,sausage polish 3/1 fontanini
38740635,974,cluster_974,0.7631679590595984,sausage polish 4/1 -leons
38815149,974,cluster_974,0.7992727290994596,"sausage polish 5/1 vienna skinless 6"""
38851509,974,cluster_974,0.8692619805546526,sausage polish 6-1*- skinless
38825630,-1,unclustered,0.0,sausage polish not smoked rope
97295740,975,cluster_975,1.0,"sausage polish smkd, 14ct, bar s 6/2.5#"
38812100,974,cluster_974,1.0,sausage polish smoked-4/1
38825620,-1,unclustered,0.0,sausage polish smoked-rope
38919900,669,cluster_669,0.6936146973337246,sausage pork
38091000,669,cluster_669,0.7754915097362011,sausage pork blood
38565607,-1,unclustered,0.0,sausage pork italian link 5/1-raw randol
38633005,-1,unclustered,0.0,sausage pork knockwurst-6/1
38918413,-1,unclustered,0.0,sausage pork link 1oz johnsonville
13918,-1,unclustered,0.0,sausage ran andouille smk 4-1 10#
13991,1016,cluster_1016,0.8346522857964174,sausage ran ital rope hot 5#
13981,1016,cluster_1016,1.0,sausage ran ital rope mild 10#
13989,1016,cluster_1016,1.0,sausage ran ital rope mild 5#
1396116,1016,cluster_1016,0.7915951409586549,sausage ran ital-bulk-z mild 4/5#
13920554,-1,unclustered,0.0,sausage ran-z brat 4/1 link 10#
13964,1016,cluster_1016,1.0,sausage ran-z ital rope hot 10#
13981,1016,cluster_1016,1.0,sausage ran ital rope mild 10#
14025138,-1,unclustered,0.0,sausage redh pol 5-1 10#
34081,-1,unclustered,0.0,sausage roll 1#
38977742,-1,unclustered,0.0,sausage rope blood
34045,-1,unclustered,0.0,sausage rope smk sknl eck
14019G,-1,unclustered,0.0,sausage sam`s greek loukaniko-z 10#
140190,-1,unclustered,0.0,sausage sam`s greek loukaniko-z 5#
14036S,-1,unclustered,0.0,sausage slotk pol kielbasa 12/14-oz
1480415,1029,cluster_1029,0.9898986724840798,sausage slotk-z andou caj 12/14-oz
34047,-1,unclustered,0.0,sausage smoked all natural
34044,-1,unclustered,0.0,sausage smoked fam pk
34030,-1,unclustered,0.0,sausage smoked fam pk eck
34056,-1,unclustered,0.0,sausage smoked hickory
34046,-1,unclustered,0.0,sausage smoked hickory cnc
34043,-1,unclustered,0.0,sausage smoked parker 15/1#
38944590,-1,unclustered,0.0,sausage sopressa volpi
38910730,-1,unclustered,0.0,sausage summer
134826,-1,unclustered,0.0,sausage thm knockwurst fc 12/1#
144610,-1,unclustered,0.0,sausage thm pol kielbasa 10/1.1#rng
132872Z,1019,cluster_1019,1.0,sausage thm-z brat 12/1#ret
132879Z,1019,cluster_1019,1.0,sausage thm-z ital hot 12/1#ret
132878Z,1019,cluster_1019,1.0,sausage thm-z ital swt 12/1#ret
134826Z,1019,cluster_1019,0.9850959352747342,sausage thm-z knockwurst 12/1#
144610,-1,unclustered,0.0,sausage thm pol kielbasa 10/1.1#rng
38910801,-1,unclustered,0.0,sausage thuringers smoked 4/1 n/c
140424,-1,unclustered,0.0,sausage tmc-z beef & lamb 20/24-oz
140422,-1,unclustered,0.0,sausage tmc-z pork & beef 20/24-oz
38325250,1037,cluster_1037,0.7901498570873317,sausage turkey 4/1 links
68590000,-1,unclustered,0.0,"sausage veal brat,4/1"
13917,-1,unclustered,0.0,sausage vien brat skl5 6in 10#-z
14025144,1021,cluster_1021,1.0,sausage vien pol 15150 5-1 nc 10#
14025134,1021,cluster_1021,1.0,sausage vien pol 15440 4-1 skl 10#
14025132,1021,cluster_1021,1.0,sausage vien pol 15454 5-1 skl 10#-z
14025146,-1,unclustered,0.0,sausage vien pol ditka spcy 5#
14023503,1021,cluster_1021,0.7005740602345258,sausage vien pol max61326 20#
13911463,1029,cluster_1029,1.0,sausage wgf landjaeger 2-oz 1.5#-z
13911452,1029,cluster_1029,0.9934905210829333,sausage wgf summer saus 12-oz 6#-z
13977I,363,cluster_363,1.0,sausage winston irish banger 10#-z
38569800,-1,unclustered,0.0,"sausage,4/1 mild fabrie 10 lb cs"
13950,1029,cluster_1029,1.0,sausage-z-pat brkf 1.34-oz
34048,-1,unclustered,0.0,sausagecracked pepper cnc
10261390,-1,unclustered,0.0,scalded beef skin cargill
10353580,-1,unclustered,0.0,"scalded tripe, (bleached), d & d (30#)"
10351310,464,cluster_464,1.0,"scalded tripe, beef four star (60#)"
10353570,464,cluster_464,1.0,"scalded tripe, beef ibp (50#)"
10351390,-1,unclustered,0.0,"scalded tripe, cargill circle t (60#)"
701758,-1,unclustered,0.0,scallions 48ct
70882,329,cluster_329,1.0,scallop 10/20 - (japan) iqf 2/5#
70860,329,cluster_329,0.45240249300754015,scallop 10/20 - iqf 6/5#
70880,-1,unclustered,0.0,scallop 10/20 japan block 10/5#
70870,-1,unclustered,0.0,scallop 10/20 u.s.a. 10/5#
71801,329,cluster_329,1.0,scallop 20/30 - (japan) iqf 6/5#
61000,330,cluster_330,1.0,scallop 20/30 - <case> 50# block
61010,329,cluster_329,0.46934363299503046,scallop 20/30 - iqf japan 6/5# case
61002,330,cluster_330,0.8024696843239932,scallop 20/30 case [block] 20# 4x5
61012,329,cluster_329,1.0,scallop 20/30 iqf japan 2/5# [10#]
61020,330,cluster_330,1.0,scallop 30/40 - block (case) 50#
61030,329,cluster_329,0.44144804582898267,scallop 30/40 - iqf !!! 30# <case>
61022,330,cluster_330,1.0,scallop 30/40 [block] 20# case 4x5
61050,329,cluster_329,0.44144804582898267,scallop 40/60 - i q f (case) 6/5#
61052,329,cluster_329,0.45240249300754015,scallop 40/60 - iqf 2/5# case 10#
61071,-1,unclustered,0.0,scallop 80/100 (each)
61040,-1,unclustered,0.0,scallop pieces - (iqf)
71840,-1,unclustered,0.0,scallop u-10 block 10/5#
71800,329,cluster_329,0.6013723915450144,scallop u-10 japan iqf 6/5#
78379989,328,cluster_328,1.0,"scallops 30/40ct, 10/3# (30#)"
78374759,328,cluster_328,0.5465979629005883,"scallops 30/40ct, hook & barrel (10/3#)"
78384369,328,cluster_328,0.6083677053682583,"scallops 40/60ct, panamei (8/3#)"
210490,328,cluster_328,0.5703721883679117,scallops 60-80ct-z 30#
78362999,328,cluster_328,0.51958371112792,"scallops 60/80 ct, 10#"
78361809,328,cluster_328,0.7580612751423081,"scallops 60/80ct, 6/5#, (30#)"
78364759,328,cluster_328,0.5332530068174369,"scallops 60/80ct, hook & barrel (10/3#)"
78764369,328,cluster_328,0.6083677053682583,"scallops 80/100ct, panamei (24/1#)"
78885829,-1,unclustered,0.0,"scallops bay, retail bag, sea best 12/1#"
78371529,-1,unclustered,0.0,scallops roe off (peru) 30/40 ct (wild c
78754369,328,cluster_328,0.6024713960361834,"scallops u/10ct, panamei (24/1#)"
78359989,328,cluster_328,1.0,"scallops, 20/30ct, 6/5#, (30#)"
78369899,328,cluster_328,1.0,"scallops, 30/40ct, 6/5#, (30#)"
78365259,328,cluster_328,0.6499022639297316,"scallops, 30/40ct, 6/5#, centurion (30#)"
96044,-1,unclustered,0.0,scotch bonnet pepper sauce
99502,-1,unclustered,0.0,scrubing pad green 6pk/10ct
53152,-1,unclustered,0.0,scs foxtrot pallet
20220,-1,unclustered,0.0,ham boneless brt single pack
80392070,-1,unclustered,0.0,seafood .scallops
80159000,-1,unclustered,0.0,seafood anchovy cans 28oz
80568490,-1,unclustered,0.0,seafood bass filet chilean sea s/off
80569970,899,cluster_899,1.0,seafood catfish fillets 3/5 oz frozen
80569950,899,cluster_899,0.9460345786997577,seafood catfish fillets 3/5 oz frozen br
80569558,899,cluster_899,1.0,seafood catfish fillets 5/7 oz frozen
80569980,899,cluster_899,1.0,seafood catfish fillets 7/9 oz frozen
80569990,-1,unclustered,0.0,seafood catfish fresh
80245041,-1,unclustered,0.0,seafood catfish nuggets-raw frozen
80245040,-1,unclustered,0.0,seafood catfish split la fillet breaded
80103115,-1,unclustered,0.0,seafood clam chowder new england 4/52oz
80601030,887,cluster_887,0.9058281455866143,seafood cod breaded 4oz
80601041,887,cluster_887,1.0,seafood cod loins 6oz fillets
80601040,887,cluster_887,1.0,seafood cod loins 7oz fillets
80601090,887,cluster_887,1.0,seafood cod loins fillets 4oz 10lb/cs
80553388,-1,unclustered,0.0,seafood crab claws 6/3lb/units
80149800,-1,unclustered,0.0,seafood crab lumb -12-1# cs
80778900,-1,unclustered,0.0,seafood crab snow 5/8-oceon choice
80336700,-1,unclustered,0.0,seafood fish raw white 10/12 oz frz
80336900,-1,unclustered,0.0,seafood lake superior fish fillet 4-5oz
80608100,-1,unclustered,0.0,seafood lobster claw meat 12# cs
80950400,410,cluster_410,1.0,seafood lobster tails 4oz cold water
80812700,-1,unclustered,0.0,seafood lobster tails 8/10 cold water
80300020,-1,unclustered,0.0,seafood mahi fillets 8oz
78594360,575,cluster_575,0.8999500966000575,seafood medley iqf rtl panamei (24/1#)
78654369,572,cluster_572,0.20920601152045093,"seafood medley iqf, panamei (8/3#)"
78595829,-1,unclustered,0.0,"seafood medley, paella sea best (12/1#)"
78391529,-1,unclustered,0.0,"seafood mix (wild caught), pescatore (2"
78694369,575,cluster_575,1.0,"seafood mix , panamei (20/1#)"
80210,575,cluster_575,0.8510153806025155,seafood mix 24/1#
78391789,-1,unclustered,0.0,seafood mix 24x1lb netuno (24#)
78494360,575,cluster_575,1.0,seafood mix w/surimi no/shrimp pana 24/1
78394360,575,cluster_575,1.0,seafood mix w/surimi rtl panamei (24/1#)
78399989,576,cluster_576,1.0,"seafood mix, marinara 20#"
78391869,576,cluster_576,1.0,"seafood mix, marinara sea port (20#)"
93414,576,cluster_576,1.0,seafood mix-z seaport 20/1# marinar
80457890,-1,unclustered,0.0,seafood oyster blue point
80900010,895,cluster_895,0.6115425267883641,seafood perch 4oz
80569971,-1,unclustered,0.0,seafood polllock fillets 2/4oz frozen
80239900,900,cluster_900,0.6424279282311759,seafood pollock fillets 3/5 oz
80704000,-1,unclustered,0.0,seafood salmon filet -fresh 12/14 canada
SP5081,-1,unclustered,0.0,seafood salmon filet 4oz frozen
80707000,-1,unclustered,0.0,seafood salmon filet 6oz frozen
80804400,-1,unclustered,0.0,seafood salmon filet verlasso fresh
80314001,-1,unclustered,0.0,seafood shrimp -21 basket
80131500,885,cluster_885,0.3329693949118395,seafood shrimp 13-15 ez peel raw cs
80172000,888,cluster_888,0.7912761588580312,seafood shrimp 16/20 breaded
80804000,868,cluster_868,1.0,seafood shrimp 31/40 ckd 10# cs bk
80719000,-1,unclustered,0.0,seafood shrimp ckd 71/90 t-off
80364100,885,cluster_885,0.3015826406187385,seafood shrimp ez peel 31/40-tiger bay
80133140,885,cluster_885,0.318797381694609,seafood shrimp ez peel raw 31-40
80314000,868,cluster_868,0.9225741282572761,seafood shrimp p& d 31/40
80162000,868,cluster_868,1.0,seafood shrimp raw 16/20 p/d 10# cs
80162100,868,cluster_868,1.0,seafood shrimp raw 16/20 p/d 20# cs
80608000,-1,unclustered,0.0,seafood shrimp u6/8 shell on
81080057,-1,unclustered,0.0,seafood swai fillets 5/7-15lb cs
80803610,-1,unclustered,0.0,seafood tilapia 350 ct. frz whole
80803630,888,cluster_888,0.7548488817865425,seafood tilapia 5/7 breaded
80772500,-1,unclustered,0.0,seafood tilapia 5/7oz
80803550,-1,unclustered,0.0,seafood tilapia 750 ct. frz whole
80521000,-1,unclustered,0.0,seafood tuna yellow fin sand.cut 4 oz
80336600,-1,unclustered,0.0,seafood walleye pike fillets
900002,-1,unclustered,0.0,seasoned diced potatoes-6/6#
95035033,-1,unclustered,0.0,seasoning achiote paste 12/3.5oz
95035036,-1,unclustered,0.0,seasoning adobo mat 45#
95035023,-1,unclustered,0.0,seasoning adobo w/ pep goya 24/16oz
95035026,-1,unclustered,0.0,seasoning cilantro w/achiote 15/36
95035038,-1,unclustered,0.0,seasoning culantro w/achiote 1.4/36
95035020,-1,unclustered,0.0,seasoning fajitas 5#
95261,89,cluster_89,0.8044609158013591,seasoning lem pep fulton 25#
95262,89,cluster_89,0.8002018687642358,seasoning lem pep king 25#
95035039,-1,unclustered,0.0,seasoning meat rub mat 45#
95035A,89,cluster_89,0.886093675197182,seasoning salt 50#
95035025,89,cluster_89,0.8769237553373264,seasoning salt lawrys 50#
9503524,279,cluster_279,0.700213033976008,seasoning stk & meat chef 12/14oz
70010,-1,unclustered,0.0,seaweed knots 20/14oz
13700510,-1,unclustered,0.0,see 13700400 ti tps
200001,2,cluster_2,1.0,see 20012
20605570,2,cluster_2,1.0,see 20605571
32000200,2,cluster_2,1.0,see 32100200
33080140,-1,unclustered,0.0,see amity
97567,532,cluster_532,1.0,seekh beef kabob kaiser halal
97727,532,cluster_532,1.0,seekh chicken kabob fp kaiser halal
97550,532,cluster_532,1.0,seekh chicken kabob kaiser halal
97574,532,cluster_532,0.7901194117609547,seekh lamb kabob kaiser halal
91110,-1,unclustered,0.0,seekha grilled chicken 8ct
77533350,-1,unclustered,0.0,semi bnls quail
450029,280,cluster_280,1.0,semi bnls quail 24pc
31670,-1,unclustered,0.0,serrano peppers
90500,-1,unclustered,0.0,sesame ball - frozen *baily*
905300,-1,unclustered,0.0,seven bean medley soup-4/4#
97185750,-1,unclustered,0.0,"sge cars/jerk ckn smkd, zatarain`s10/14z"
97456030,-1,unclustered,0.0,"sge&biscuits w/chees,20c,purnells(13.125"
7017281,-1,unclustered,0.0,shallot 5# pelled
31790,-1,unclustered,0.0,shallot dry 5#/bag
48049980,1043,cluster_1043,1.0,shank pork no/skin
84440,-1,unclustered,0.0,shaohxing cooking wine
85163,-1,unclustered,0.0,sharp cheddar slice
34226,-1,unclustered,0.0,sheep feet scalded halal
123,-1,unclustered,0.0,ship on chep palletts
15029984,745,cluster_745,1.0,"short loin 0x1, (ch)"
15023794,745,cluster_745,0.8101280910449881,"short loin 0x1, black mountain (ch)"
15023795,-1,unclustered,0.0,"short loin 0x1, black mountain (sel)"
15031000,-1,unclustered,0.0,"short loin 0x1, go halal"
15021003,-1,unclustered,0.0,"short loin 0x1, greateromaha (cangus)"
15021004,745,cluster_745,0.8001234075353811,"short loin 0x1, greateromaha (ch)"
15023572,745,cluster_745,0.8572000667219889,"short loin 0x1, ibp (cangus)"
15023574,745,cluster_745,1.0,"short loin 0x1, ibp (ch)"
15023576,745,cluster_745,1.0,"short loin 0x1, ibp (nr)"
15023575,745,cluster_745,0.925089894645514,"short loin 0x1, ibp (sel)"
15023563,625,cluster_625,0.9886559649150493,"short loin 0x1, ibp star ranch ch_angus"
15021164,-1,unclustered,0.0,"short loin 0x1, iowa premium (ch)"
15021163,625,cluster_625,1.0,"short loin 0x1, iowapremium (black angus"
15024640,-1,unclustered,0.0,"short loin 0x1, mex el alba"
15021590,746,cluster_746,1.0,"short loin 0x1, mex fertres"
15021320,746,cluster_746,0.877194997609607,"short loin 0x1, mex gusi"
15021090,746,cluster_746,1.0,"short loin 0x1, mex revuelta"
15023420,746,cluster_746,0.8752199336849948,"short loin 0x1, mex viba"
15021024,745,cluster_745,0.8407728631195719,"short loin 0x1, national (ch)"
15021026,745,cluster_745,0.8407728631195719,"short loin 0x1, national (n/r)"
15021025,-1,unclustered,0.0,"short loin 0x1, national (sel)"
15025723,625,cluster_625,1.0,"short loin 0x1, national a. b (ch_angus)"
15021874,-1,unclustered,0.0,"short loin 0x1, nebraska (ch)"
15021875,625,cluster_625,0.9461009299695621,"short loin 0x1, nebraska (sel angus)"
15023600,-1,unclustered,0.0,"short loin 0x1, punta espada"
15023334,-1,unclustered,0.0,"short loin 0x1, upper iowa (ch)"
15021144,-1,unclustered,0.0,"short loin 0x1, westernreserve (ch)"
144012,745,cluster_745,0.8681715698479769,"short loin, 0+1, ch"
15021120,746,cluster_746,1.0,"short loin, 0x1 mex praderas"
143011,625,cluster_625,1.0,"short loin, angus, 0+1"
15023810,-1,unclustered,0.0,"short loin, mex fc"
15021130,-1,unclustered,0.0,"short loin, mex sukarne"
141003,-1,unclustered,0.0,"short loin, prime"
144016,-1,unclustered,0.0,"short loins, ch"
124001,-1,unclustered,0.0,short rib bnls from chuckroll
164051,1246,cluster_1246,0.4896263983910939,"short rib kosher, 1 bone, 5oz"
164123,1246,cluster_1246,0.5453932333902021,"short rib kosher, 12oz"
164163,1246,cluster_1246,0.5597911925626795,"short rib kosher, 16oz"
164122,1246,cluster_1246,0.5453932333902021,"short rib kosher, 2 bone, 12oz"
16309986,716,cluster_716,1.0,"short rib plate, (n/r)"
16054544,716,cluster_716,1.0,"short rib plate, 5 star (ch)"
16054541,716,cluster_716,0.9979984894670368,"short rib plate, 5 star (prime)"
16051054,716,cluster_716,1.0,"short rib plate, afg (ch)"
16051056,716,cluster_716,1.0,"short rib plate, afg (nr)"
16051055,716,cluster_716,0.9719519773656858,"short rib plate, afg (select)"
13185004,716,cluster_716,0.8824779653131845,"short rib plate, black canyon (ch)"
13185003,716,cluster_716,0.9796935824736602,"short rib plate, black canyon (ch_angus)"
16055066,-1,unclustered,0.0,"short rib plate, blue diamond (nr)"
13185024,716,cluster_716,0.9896165612157908,"short rib plate, c. hereford b. (ch)"
16053896,-1,unclustered,0.0,"short rib plate, clear river (nr)"
16051216,-1,unclustered,0.0,"short rib plate, creekstone (nr)"
16051215,-1,unclustered,0.0,"short rib plate, creekstone (sel)"
16051170,717,cluster_717,1.0,"short rib plate, demkota (n/r)"
170511755,717,cluster_717,1.0,"short rib plate, demkota (sel)"
16051175,717,cluster_717,1.0,"short rib plate, demkota (selangus)"
16051374,716,cluster_716,1.0,"short rib plate, evp (ch)"
16053746,716,cluster_716,0.914357206426652,"short rib plate, excel (nr)"
16056010,-1,unclustered,0.0,"short rib plate, fc beef mex"
16301310,716,cluster_716,1.0,"short rib plate, four star (n/r)"
13181004,716,cluster_716,1.0,"short rib plate, greater omaha (ch)"
16053553,716,cluster_716,1.0,"short rib plate, heartland (ch angus)"
16053554,716,cluster_716,1.0,"short rib plate, heartland (ch)"
16053556,716,cluster_716,1.0,"short rib plate, heartland (n/r)"
13185013,-1,unclustered,0.0,"short rib plate, hyplains her (ch_angus)"
13183574,716,cluster_716,1.0,"short rib plate, ibp (ch)"
13181164,716,cluster_716,1.0,"short rib plate, iowa premium (ch)"
16051590,716,cluster_716,0.9007435229485647,"short rib plate, mex fertres"
13181024,716,cluster_716,1.0,"short rib plate, national (ch)"
16051070,-1,unclustered,0.0,"short rib plate, palo duro n/r (brown bo"
16053770,-1,unclustered,0.0,"short rib plate, paloduro (white box)"
16051074,716,cluster_716,0.9291325867418982,"short rib plate, topshelf (ch)"
16051142,-1,unclustered,0.0,"short rib plate, westernreserve (cangus)"
16051144,716,cluster_716,1.0,"short rib plate, westernreserve (ch)"
164093,1246,cluster_1246,0.7497589579998358,"short ribs kosher, 10oz"
164062,1246,cluster_1246,1.0,"short ribs kosher, 6oz"
164071,1246,cluster_1246,1.0,"short ribs kosher, 7oz"
164081,1246,cluster_1246,1.0,"short ribs kosher, 8oz"
164090,1246,cluster_1246,0.9560051497849801,"short ribs kosher, 9oz"
160101,1248,cluster_1248,0.8254189730838197,"short ribs, boneless, 10oz"
160121,1248,cluster_1248,0.8645571819462716,"short ribs, boneless, 12oz"
160140,1248,cluster_1248,0.8794459146811093,"short ribs, boneless, 14oz"
164001,1248,cluster_1248,1.0,"short ribs, boneless, 4oz"
160050,1248,cluster_1248,0.9463138657528514,"short ribs, boneless, 5oz"
160060,1248,cluster_1248,1.0,"short ribs, boneless, 6oz"
160072,1248,cluster_1248,1.0,"short ribs, boneless, 7oz"
160080,1248,cluster_1248,1.0,"short ribs, boneless, 8oz"
160901,1248,cluster_1248,0.9120848721844055,"short ribs, boneless, 9oz"
164002,1246,cluster_1246,0.9255045690413346,"short ribs, kosher, 4oz"
93289,37,cluster_37,1.0,do not use shorten cube av blue 50#
93292D,37,cluster_37,1.0,shorten cube hd bb-83450 50#
93296,-1,unclustered,0.0,shorten liq clear 35# butcher boy
93293,-1,unclustered,0.0,shorten liq crmy 35# sunrise
93300890,-1,unclustered,0.0,shorten liq pan & grill 35#
144972,-1,unclustered,0.0,"shortloin, dry age, ch, 0x1"
750053,266,cluster_266,0.8906570651898514,shredded cheddar cheese 4/ 5lb
31880,-1,unclustered,0.0,shredded lettuce 1/8
750054,266,cluster_266,0.7426539322582842,shredded mozzarella 4/5#
72840,-1,unclustered,0.0,shrimp 13/15 p&d white tail-on ckd
SP542,-1,unclustered,0.0,shrimp 31/40 p&d tail off 2-5#
SP539,-1,unclustered,0.0,shrimp 31/40 p&d* tail on
71206,-1,unclustered,0.0,shrimp 8/12 tp
70810,-1,unclustered,0.0,shrimp ball - venus
21210123,-1,unclustered,0.0,shrimp basket 21
212161,885,cluster_885,0.3141922780204491,shrimp bbq ez peel 13-15 10/2#-z
212163,885,cluster_885,0.3141922780204491,shrimp bbq ez peel 16-20 10/2#-z
212162,885,cluster_885,0.30466483474702827,shrimp bbq ez peel 16-20 16/12oz-z
83482,-1,unclustered,0.0,shrimp brand fish sauce 12/700ml
21225203,-1,unclustered,0.0,shrimp brd btrfly 16-20 4/3#
212341,948,cluster_948,0.9089865964802819,shrimp ckd p&d t/off 41-50 cen-5/2#
212232,545,cluster_545,1.0,shrimp ckd salad 120-200 cen-5/2#
212349,948,cluster_948,0.9334178262526667,shrimp ckd t/off 31-40 cen-5/2#-z
212346,948,cluster_948,0.9334178262526667,shrimp ckd t/off 51-60 cen-5/2#-z
21224045,948,cluster_948,1.0,shrimp ckd t/on 16-20 cen-5/2#-z
21224036,948,cluster_948,1.0,shrimp ckd t/on 21-25 cen-5/2#-z
21224,948,cluster_948,1.0,shrimp ckd t/on 26-30 cen-5/2#-z
21234T,949,cluster_949,0.8924121194247456,shrimp ckd t/on 41-50 cen-5/2#
SP546,-1,unclustered,0.0,shrimp cooked 13/15 p&dtail on
81200,-1,unclustered,0.0,shrimp dumpling (haukau)*savory exp
21220,885,cluster_885,0.8307709069458773,bonless ham brtsiouxpreme/ibp/seaboard
21216,885,cluster_885,0.9736245235811042,shrimp ez peel 16-20 10/2#-z cen
21232E1,885,cluster_885,1.0,shrimp ez peel 21-25 10/2#-z cen
80363900,885,cluster_885,0.3226852605309001,shrimp ez peel 21/25
21225,885,cluster_885,1.0,shrimp ez peel 26-30 10/2#-z cen
21229,885,cluster_885,0.7692343599682359,shrimp ez peel 26-30 9/2#-z
80363910,885,cluster_885,0.327059914438346,shrimp ez peel 26/30
21234W,885,cluster_885,1.0,shrimp ez peel 31-40 10/2#-z cen
21233S,885,cluster_885,0.7791114661718925,shrimp ez peel 41-50 10/2#-z cen
21201045,885,cluster_885,0.34481920861125465,shrimp freshw ez peel 6-8 10/2# cen
212011,885,cluster_885,0.34785093285191226,shrimp freshw ez peel 8-12 10/2#
21201B,883,cluster_883,0.7025356018963991,shrimp freshw h/on 04-06 12/2#
211751,883,cluster_883,1.0,shrimp freshw h/on 06-08 24# oce-z
21178,883,cluster_883,1.0,shrimp freshw h/on 08-12 24#-z
21176,883,cluster_883,1.0,shrimp freshw h/on 08-12 24#-z oce
21257,912,cluster_912,0.8667744395807945,shrimp h/on 20-30 40#-z
21253,912,cluster_912,0.727424293310917,shrimp h/on 26-30 24#-z
21245T,912,cluster_912,1.0,shrimp h/on 40-50 10/4#-z
21245,912,cluster_912,1.0,shrimp h/on 50-60 10/4#-z
21237,912,cluster_912,1.0,shrimp h/on 60-70 10/4#-z
2121312,949,cluster_949,1.0,shrimp p&d t/off 16-20 cen-5/2#
21227000,-1,unclustered,0.0,shrimp p&d t/off 21-25 cen-5/2#
21226,-1,unclustered,0.0,shrimp p&d t/off 26-30-5/2#
21249,-1,unclustered,0.0,shrimp p&d t/off 31-40 10# cen
21206,-1,unclustered,0.0,shrimp p&d t/on 13-15-cen 5/2#
21213,949,cluster_949,1.0,shrimp p&d t/on 16-20 cen-5/2#
21226999,949,cluster_949,1.0,shrimp p&d t/on 21-25 cen-5/2#
21226C,-1,unclustered,0.0,shrimp p&d t/on 26-30 cen-5/2#
21248,949,cluster_949,0.9078980312481929,shrimp p&d t/on 31-40 cen-5/2#
21233C,949,cluster_949,0.9078980312481929,shrimp p&d t/on 41-50 cen-5/2#
73551,-1,unclustered,0.0,shrimp pd cooked 250/350
90101,-1,unclustered,0.0,shrimp shao mai (c-01)
21255,881,cluster_881,0.9292950384612721,shrimp shell on 10-15 6/4#
21207,881,cluster_881,0.7889911498968445,shrimp shell on 13-15 6/4#
21258,881,cluster_881,1.0,shrimp shell on 16-20 10/5#-z
21211,881,cluster_881,1.0,dearborn natural casing frank 8-1 #7039
21215,881,cluster_881,1.0,shrimp shell on 16-20 6/4#-z
21232A,881,cluster_881,1.0,shrimp shell on 21-25 10/5#-z
2122410,881,cluster_881,1.0,shrimp shell on 26-30 6/4#-z
21234,881,cluster_881,1.0,shrimp shell on 36-40 10/4#-z
212311,881,cluster_881,1.0,shrimp shell on 36-40 6/4#-z
2123141,881,cluster_881,1.0,shrimp shell on 41-50-z 10/4#
212314,881,cluster_881,1.0,shrimp shell on 41-50-z 10/5#
212325,881,cluster_881,1.0,shrimp shell on 41-50-z 6/4#
212321,881,cluster_881,0.7583343935027933,shrimp shell on 71-90-z 10/5#
21201A,885,cluster_885,0.34785093285191226,shrimp white ez peel 8-12 10/2#
74045809,-1,unclustered,0.0,"shrimp, brd bfly 16/20ct happy s(6/2#)"
74044360,-1,unclustered,0.0,"shrimp, brd bfly 21/25 panamei (4/3#)"
74019980,888,cluster_888,1.0,"shrimp, breaded 13-15, (4/3#)"
74019989,888,cluster_888,1.0,"shrimp, breaded 16/20 (4/3#)"
74029989,888,cluster_888,1.0,"shrimp, breaded 26/30 (4/3#)"
74014369,-1,unclustered,0.0,"shrimp, breaded bfl 16/18 panamei 24/10z"
74039980,888,cluster_888,0.8057746774707341,"shrimp, breaded butterfly 16/20 (4/3#)"
74091106,914,cluster_914,0.7311115581340824,"shrimp, ckd broken 100-200, sea cove 5/2"
74099989,913,cluster_913,0.6516026691295556,"shrimp, ckd broken 100-200ct, (5/2#)"
74059989,913,cluster_913,0.9049202052378921,"shrimp, ckd broken 20-40ct, (5/2#)"
74051260,913,cluster_913,0.7139446703307519,"shrimp, ckd broken 20-40ct, censea 5/2#"
74054759,918,cluster_918,1.0,"shrimp, ckd broken 20-40ct, hook & 5/2#"
74054419,914,cluster_914,1.0,"shrimp, ckd broken 20-40ct, sea cove 5/2"
74051109,913,cluster_913,1.0,"shrimp, ckd broken 40-60ct, (10/1#)"
74061109,913,cluster_913,1.0,"shrimp, ckd broken 40-60ct, (5/2#)"
74064759,918,cluster_918,1.0,"shrimp, ckd broken 40-60ct, hook & 5/2#"
74064419,914,cluster_914,1.0,"shrimp, ckd broken 40-60ct, sea cove 5/2"
74071109,913,cluster_913,1.0,"shrimp, ckd broken 60-90ct, (10/1#)"
74081109,913,cluster_913,0.9049323174112134,"shrimp, ckd broken 60-90ct, (5/2#)"
74084759,918,cluster_918,1.0,"shrimp, ckd broken 60-90ct, hook & 5/2#"
74084419,914,cluster_914,1.0,"shrimp, ckd broken 60-90ct, sea cove 5/2"
74994369,-1,unclustered,0.0,"shrimp, ckd lrg pcs, panamei (10/1)"
74945829,545,cluster_545,1.0,"shrimp, ckd salad 100-200, sea b (8/8z)"
74109989,545,cluster_545,1.0,"shrimp, ckd salad 200-300 (5/2#)"
74112009,960,cluster_960,1.0,"shrimp, ckd t/off 21-25ct, (5/2#)"
74114360,-1,unclustered,0.0,"shrimp, ckd t/off 21-25ct, panamei 5/2#"
74129989,960,cluster_960,1.0,"shrimp, ckd t/off 26-30ct, (5/2#)"
74121269,960,cluster_960,0.9671359995071832,"shrimp, ckd t/off 26-30ct, censea (5/2#)"
74124759,917,cluster_917,1.0,"shrimp, ckd t/off 26-30ct, hook & b 5/2#"
74121109,936,cluster_936,1.0,"shrimp, ckd t/off 26-30ct, sea cove 5/2#"
74139989,960,cluster_960,1.0,"shrimp, ckd t/off 31-40ct, (5/2#)"
74131269,960,cluster_960,0.9293157672546224,"shrimp, ckd t/off 31-40ct, censea (5/2#)"
74134759,917,cluster_917,1.0,"shrimp, ckd t/off 31-40ct, hook & b 5/2#"
74134419,936,cluster_936,1.0,"shrimp, ckd t/off 31-40ct, sea cove 5/2#"
74131105,-1,unclustered,0.0,"shrimp, ckd t/off 31-40ct,feast (5/2#)"
71549989,-1,unclustered,0.0,"shrimp, ckd t/off 51-60ct, (5/2#)"
74524759,917,cluster_917,1.0,"shrimp, ckd t/on 16-20ct, hook & b 5/2#"
74111501,-1,unclustered,0.0,"shrimp, ckd t/on 16-20ct, sea mazz 5/2#"
74114759,917,cluster_917,1.0,"shrimp, ckd t/on 21-25ct, hook & b 5/2#"
74111509,937,cluster_937,0.9188684912696801,"shrimp, ckd t/on 21-25ct, seamazz (5/2#)"
74209989,947,cluster_947,0.8126751289282049,"shrimp, ckd t/on 26-30ct, (5/2#)"
74191269,947,cluster_947,1.0,"shrimp, ckd t/on 26-30ct, censea (10/1#)"
74201269,947,cluster_947,1.0,"shrimp, ckd t/on 26-30ct, censea (5/2#)"
74191109,-1,unclustered,0.0,"shrimp, ckd t/on 26-30ct, crystal c 10/1"
74194759,917,cluster_917,1.0,"shrimp, ckd t/on 26-30ct, hook & b 10/1#"
74204759,917,cluster_917,1.0,"shrimp, ckd t/on 26-30ct, hook & b 5/2#"
74204370,-1,unclustered,0.0,"shrimp, ckd t/on 26-30ct, pescatore"
74202579,-1,unclustered,0.0,"shrimp, ckd t/on 26-30ct, sand bar 5/2#"
74111500,-1,unclustered,0.0,"shrimp, ckd t/on 26-30ct, sea mazz black"
74201509,937,cluster_937,1.0,"shrimp, ckd t/on 26-30ct, seamazz (5/2#)"
74559989,947,cluster_947,0.7701930449036879,"shrimp, ckd t/on 31-40ct, (5/2#)"
74561269,947,cluster_947,1.0,"shrimp, ckd t/on 31-40ct, censea (10/1#)"
74551260,947,cluster_947,1.0,"shrimp, ckd t/on 31-40ct, censea (5/2#)"
74564759,917,cluster_917,1.0,"shrimp, ckd t/on 31-40ct, hook & b 10/1#"
74554759,917,cluster_917,1.0,"shrimp, ckd t/on 31-40ct, hook & b 5/2#"
74669989,-1,unclustered,0.0,"shrimp, ckd t/on 61-70ct, (5/2)"
74364369,-1,unclustered,0.0,"shrimp, ckd t/on 61-70ct, panamei (10/1)"
74664369,-1,unclustered,0.0,"shrimp, ckd t/on 61-70ct, panamei (5/2)"
74724369,658,cluster_658,1.0,"shrimp, coconut brd 14/17 panamei 24/9z"
74219989,658,cluster_658,1.0,"shrimp, coconut brd 16/20 (12#)"
74161109,-1,unclustered,0.0,"shrimp, cp&d t/off 100-200, crystalc 5/2"
74169989,-1,unclustered,0.0,"shrimp, cpd t/off 100-200ct, (5/2#)"
74904759,917,cluster_917,1.0,"shrimp, cpnd t/off 13-15ct, hook & b 5/2"
74121260,-1,unclustered,0.0,"shrimp, cpnd t/off 16-20ct, censea (5/2)"
74924759,917,cluster_917,1.0,"shrimp, cpnd t/off 16-20ct, hook & b 5/2"
74141269,-1,unclustered,0.0,"shrimp, cpnd t/off 41-50ct censea (5/2#)"
74144759,917,cluster_917,1.0,"shrimp, cpnd t/off 41-50ct hook & b 5/2#"
74145679,-1,unclustered,0.0,"shrimp, cpnd t/off 41-50ct sprint g 5/2#"
74149989,-1,unclustered,0.0,"shrimp, cpnd t/off 41-50ct, (10/1#)"
74141109,-1,unclustered,0.0,"shrimp, cpnd t/off 41-50ct, (5/2#)"
74844759,917,cluster_917,1.0,"shrimp, cpnd t/off 41-50ct, hook & 10/1#"
74144419,-1,unclustered,0.0,"shrimp, cpnd t/off 41-50ct, sea c. 5/2#"
74145589,-1,unclustered,0.0,"shrimp, cpnd t/off 41-50ct, tastema 5/2#"
74141106,-1,unclustered,0.0,"shrimp, cpnd t/off 41-50ct,sea maste 5/2"
74709989,953,cluster_953,0.9002095329506337,"shrimp, cpnd t/on 13-15ct, (5/2#)"
74704759,917,cluster_917,1.0,"shrimp, cpnd t/on 13-15ct, hook & b 5/2#"
74511269,961,cluster_961,1.0,"shrimp, cpnd t/on 16-20ct, censea (10/1)"
74514759,917,cluster_917,1.0,"shrimp, cpnd t/on 16-20ct, hook (10/1)"
74551269,-1,unclustered,0.0,"shrimp, cpnd t/on 41-50ct, censea (5/2#)"
74541269,-1,unclustered,0.0,"shrimp, cpnd t/on 41-50ct, censea 10/1#"
74544759,917,cluster_917,1.0,"shrimp, cpnd t/on 41-50ct, hook & b 10/1"
74744759,917,cluster_917,1.0,"shrimp, cpnd t/on 41-50ct, hook & b 5/2#"
74553489,-1,unclustered,0.0,"shrimp, cpnd t/on 41-50ct, pacific d."
74754369,943,cluster_943,1.0,"shrimp, cpt/off 51-60ct panamei (10/1#)"
74154369,943,cluster_943,1.0,"shrimp, cpt/off 51-60ct panamei (5/2#)"
74194369,932,cluster_932,1.0,"shrimp, cpt/on 26-30ct, panamei (10/1#)"
74204369,932,cluster_932,1.0,"shrimp, cpt/on 26-30ct, panamei (5/2#)"
74564360,-1,unclustered,0.0,"shrimp, cpt/on 31-40 panamei (10/1#)"
74554369,932,cluster_932,1.0,"shrimp, cpt/on 31-40ct, panamei (5/2#)"
74155829,-1,unclustered,0.0,"shrimp, cpt/on 51-60 sea best (12/12oz)"
74174369,932,cluster_932,0.7089098593769454,"shrimp, cpt/on 51-60ct, panamei (10/1#)"
74184369,932,cluster_932,0.780354181844886,"shrimp, cpt/on 51-60ct, panamei (5/2#)"
74514360,930,cluster_930,0.8215426972769415,"shrimp, cpto 16-20, panamei (10/1#)"
74529989,-1,unclustered,0.0,"shrimp, cpto 16-20ct (5/2#)"
74521269,-1,unclustered,0.0,"shrimp, cpto 16-20ct, censea (5/2#)"
74524369,933,cluster_933,1.0,"shrimp, cpto 16-20ct, panamei (5/2#)"
74005829,916,cluster_916,1.0,"shrimp, cpto 16-20ct, sea best (10/1#)"
74814369,933,cluster_933,1.0,"shrimp, cpto 21-25ct, panamei (10/1#)"
74114369,933,cluster_933,1.0,"shrimp, cpto 21-25ct, panamei (5/2#)"
74335829,916,cluster_916,1.0,"shrimp, cpto 30-40ct, sea best (10/1#)"
74565829,916,cluster_916,0.5963956630199396,"shrimp, cpto 31-40ct, sea best (12/12oz)"
74544360,930,cluster_930,1.0,"shrimp, cpto 41-50 panamei (10/1#)"
74554360,930,cluster_930,1.0,"shrimp, cpto 41-50 panamei (5/2#)"
74634369,930,cluster_930,1.0,"shrimp, cpto 71-90 panamei (10/1#)"
74534360,930,cluster_930,1.0,"shrimp, cpto 71-90 panamei (5/2#)"
74875829,916,cluster_916,1.0,"shrimp, cpto, 41/50ct, sea best (10/1#)"
74885829,916,cluster_916,0.8842497921801525,"shrimp, cpto, 70/90ct, sea best (10/1#)"
74104360,903,cluster_903,1.0,"shrimp, cpud 200-300 t/off panamei 10/1"
74464369,903,cluster_903,1.0,"shrimp, cpud 90-110 t/off, panamei 10/1"
74769989,903,cluster_903,0.9349628516034191,"shrimp, cpud t/off 100-200, (5/2)"
74164360,903,cluster_903,1.0,"shrimp, cpud t/off 100-200, panamei 10/1"
74164412,-1,unclustered,0.0,"shrimp, cpud t/off 100-200, sea cove 5/2"
74229989,942,cluster_942,0.7690886592010174,"shrimp, ez pld 13-15ct, (10/2#)"
74825409,-1,unclustered,0.0,"shrimp, ez pld 13-15ct, akasaka (5/2#)"
74221269,942,cluster_942,0.8641604296574069,"shrimp, ez pld 13-15ct, censea (10/2#)"
74229985,-1,unclustered,0.0,"shrimp, ez pld 13-15ct, costar (10/2#)"
74224759,917,cluster_917,1.0,"shrimp, ez pld 13-15ct, hook & b (10/2#)"
74324360,941,cluster_941,0.9759105381259047,"shrimp, ez pld 13-15ct, panamei (20/1#)"
74221509,940,cluster_940,1.0,"shrimp, ez pld 13-15ct, seamazz (10/2#)"
74241509,940,cluster_940,1.0,"shrimp, ez pld 16-20ct seamazz (10/2#)"
74242399,942,cluster_942,0.8694743117470755,"shrimp, ez pld 16-20ct, (10/2#)"
74241269,942,cluster_942,0.9248418011427572,"shrimp, ez pld 16-20ct, censea (10/2#)"
74231269,942,cluster_942,0.8319187387731255,"shrimp, ez pld 16-20ct, censea (20/1#)"
74244759,917,cluster_917,1.0,"shrimp, ez pld 16-20ct, hook & b (10/2#)"
74234759,917,cluster_917,1.0,"shrimp, ez pld 16-20ct, hook & b (20/1#)"
74244360,941,cluster_941,0.9587069194616917,"shrimp, ez pld 16-20ct, panamei (10/2#)"
72234369,941,cluster_941,0.7625100405596865,"shrimp, ez pld 16-20ct, panameil (20/1#)"
74241529,-1,unclustered,0.0,"shrimp, ez pld 16-20ct, pescatore (20#)"
74235829,929,cluster_929,1.0,"shrimp, ez pld 16-20ct, sea best (10/1#)"
74245689,-1,unclustered,0.0,"shrimp, ez pld 16-20ct, talassa (10/2#)"
74259989,942,cluster_942,0.8694743117470755,"shrimp, ez pld 21-25ct (10/2#)"
74654369,941,cluster_941,0.9759105381259047,"shrimp, ez pld 21-25ct panamei (20/1#)"
74251509,940,cluster_940,1.0,"shrimp, ez pld 21-25ct seamazz (10/2#)"
74251269,942,cluster_942,1.0,"shrimp, ez pld 21-25ct, censea (10/2#)"
74279989,942,cluster_942,0.916943307238216,"shrimp, ez pld 26-30ct, (10/2#)"
74269989,942,cluster_942,0.8315390738785235,"shrimp, ez pld 26-30ct, (20/1#)"
74271269,942,cluster_942,0.916943307238216,"shrimp, ez pld 26-30ct, censea (10/2#)"
74261269,942,cluster_942,0.8521262990492857,"shrimp, ez pld 26-30ct, censea (20/1#)"
74275199,-1,unclustered,0.0,"shrimp, ez pld 26-30ct, diamond r. 10/2#"
74274759,917,cluster_917,1.0,"shrimp, ez pld 26-30ct, hook & b (10/2#)"
74264759,917,cluster_917,1.0,"shrimp, ez pld 26-30ct, hook & b (20/1#)"
74272119,929,cluster_929,0.6374612253078107,"shrimp, ez pld 26-30ct, icy ocean(10/2#)"
74272115,929,cluster_929,0.6279749781031184,"shrimp, ez pld 26-30ct, icy ocean(20/1#)"
74274360,941,cluster_941,1.0,"shrimp, ez pld 26-30ct, panamei (10/2#)"
74264360,941,cluster_941,1.0,"shrimp, ez pld 26-30ct, panamei (20/1#)"
74955829,929,cluster_929,1.0,"shrimp, ez pld 26-30ct, sea best (10/1#)"
74271509,940,cluster_940,0.8978282380284804,"shrimp, ez pld 26-30ct, seamazz (10/2#)"
74965829,929,cluster_929,1.0,"shrimp, ez pld 30-40ct, sea best (10/1#)"
74299980,942,cluster_942,0.8422899168939851,"shrimp, ez pld 31-40ct, (10/2#)"
74291269,942,cluster_942,1.0,"shrimp, ez pld 31-40ct, censea (10/2#)"
74281260,942,cluster_942,1.0,"shrimp, ez pld 31-40ct, censea (20/1#)"
74294759,917,cluster_917,1.0,"shrimp, ez pld 31-40ct, hook & b (10/2#)"
74294369,941,cluster_941,1.0,"shrimp, ez pld 31-40ct, panamei (10/2#)"
74284360,941,cluster_941,1.0,"shrimp, ez pld 31-40ct, panamei (20/1#)"
74301509,-1,unclustered,0.0,"shrimp, ez pld 41-50ct seamazz (10/2#)"
74301269,942,cluster_942,0.7945394782208854,"shrimp, ez pld 41-50ct, censea (10/2#)"
74304759,917,cluster_917,1.0,"shrimp, ez pld 41-50ct, hook & b (10/2#)"
74404759,917,cluster_917,1.0,"shrimp, ez pld 41-50ct, hook & b (20/1#)"
74404369,941,cluster_941,0.8928607385339968,"shrimp, ez pld 41-50ct, panamei (10/2#)"
74304369,941,cluster_941,0.9696847400664836,"shrimp, ez pld 41-50ct, panamei (20/1#)"
74314369,941,cluster_941,0.8562567112726425,"shrimp, ez pld 51-60ct, panamei (10/2#)"
74714369,941,cluster_941,0.9290253251660475,"shrimp, ez pld 51-60ct, panamei (20/1#)"
74319989,-1,unclustered,0.0,"shrimp, ez pld 51-60ct, sea cove (10/2#)"
74312009,-1,unclustered,0.0,"shrimp, ez pld 51-60ct, soematra (10/2#)"
74735309,909,cluster_909,0.9110283245225966,"shrimp, hd/on 20-30ct, champmar (6/4#)"
74834369,909,cluster_909,0.9424982164297364,"shrimp, hd/on 20-30ct, panamei (1/20#)"
74734369,909,cluster_909,0.9110283245225966,"shrimp, hd/on 20-30ct, panamei (6/4#)"
74681387,910,cluster_910,1.0,"shrimp, hd/on 30-40ct, blk cielosea 10/4"
74335529,910,cluster_910,0.7648923341376013,"shrimp, hd/on 30-40ct, blk pescanova 40#"
74335689,910,cluster_910,1.0,"shrimp, hd/on 30-40ct, blk talassa 10/4#"
74334847,910,cluster_910,1.0,"shrimp, hd/on 30-40ct, blk tropical 10/4"
74334457,910,cluster_910,0.8134656203929822,"shrimp, hd/on 30-40ct, blk vanonis 10/4#"
74335469,910,cluster_910,0.7999789362128304,"shrimp, hd/on 30-40ct, blk wonder 10/4#"
74339987,906,cluster_906,0.7937259948145472,"shrimp, hd/on 30-40ct, block (10/4#)"
74331387,906,cluster_906,0.7939601390824446,"shrimp, hd/on 30-40ct, block 40# ecd mar"
74335309,909,cluster_909,1.0,"shrimp, hd/on 30-40ct, iqf champmar 4/5#"
74331459,909,cluster_909,1.0,"shrimp, hd/on 30-40ct, iqf marycielo 20#"
74334369,909,cluster_909,1.0,"shrimp, hd/on 30-40ct, iqf panamei (20#)"
74791387,-1,unclustered,0.0,"shrimp, hd/on 30-40ct, white ganiva 10/4"
74389989,590,cluster_590,1.0,"shrimp, hd/on 4-6ct, oceanic (12/2#)"
74335539,-1,unclustered,0.0,"shrimp, hd/on 40-50ct, blk palmar 10/4#"
74349987,906,cluster_906,1.0,"shrimp, hd/on 40-50ct, block ecuadr 10/4"
74341389,907,cluster_907,1.0,"shrimp, hd/on 40-50ct, block venezuela 1"
74344369,909,cluster_909,0.8704554590181434,"shrimp, hd/on 40-50ct, iqf panamei (20#)"
74359989,906,cluster_906,1.0,"shrimp, hd/on 50-60ct, block ecuadr 10/4"
74351389,907,cluster_907,1.0,"shrimp, hd/on 50-60ct, block venezuela 1"
74351457,909,cluster_909,0.8704554590181434,"shrimp, hd/on 50-60ct, iqf vanonni (20#)"
74354369,909,cluster_909,0.8164087560906997,"shrimp, hd/on 50-60ct, panamei (6/4#)"
74419989,590,cluster_590,1.0,"shrimp, hd/on 6-8ct, oceanic (12/2#)"
74365559,-1,unclustered,0.0,"shrimp, hd/on 60-70ct, blk frescama 10/4"
74361389,906,cluster_906,1.0,"shrimp, hd/on 60-70ct, block ecuadr 10/4"
74361457,-1,unclustered,0.0,"shrimp, hd/on 60-70ct, iqf vanonni (20#)"
74371389,907,cluster_907,1.0,"shrimp, hd/on 70-80ct, block venezuela 1"
74399989,590,cluster_590,1.0,"shrimp, hd/on 8-12ct, oceanic (12/2#)"
74572769,884,cluster_884,1.0,"shrimp, hdless shellon 10-15ct, white, b"
74601387,-1,unclustered,0.0,"shrimp, hdless shellon 36-40ct, block ec"
74619989,884,cluster_884,1.0,"shrimp, hdless shellon 41-50ct, brown, b"
74629989,884,cluster_884,0.7392944481967664,"shrimp, hdless shellon u12ct, white, blk"
74582769,935,cluster_935,1.0,"shrimp, hdls sh/lon 16-20ct, 6/4"
74585309,935,cluster_935,1.0,"shrimp, hdls sh/lon 16-20ct,champmar 6/4"
74604919,935,cluster_935,1.0,"shrimp, hdls sh/lon 26-30ct, apac 6/4"
74604369,935,cluster_935,0.904076732896863,"shrimp, hdls sh/lon 26-30ct, panamei 6/4"
74601509,-1,unclustered,0.0,"shrimp, hdls sh/lon 31-40ct, seamazz 6/4"
74592769,935,cluster_935,0.9518021686097231,"shrimp, hdls sh/on 21-25ct, (6/4#)"
74595309,935,cluster_935,0.9542577818059189,"shrimp, hdls sh/on 21-25ct, champmar 6/4"
74594369,935,cluster_935,0.9542577818059189,"shrimp, hdls sh/on 21-25ct, panamei 6/4#"
74984369,648,cluster_648,1.0,"shrimp, ring 41-50 w/sauc panamei 10/10z"
74429989,963,cluster_963,0.7050217850493956,"shrimp, rp&d t/off 16-20ct, 5/2"
74421260,962,cluster_962,0.8910756083796523,"shrimp, rp&d t/off 16-20ct, censea 5/2"
74424415,936,cluster_936,0.9273923903237908,"shrimp, rp&d t/off 16-20ct, sea cove 5/2"
74423947,-1,unclustered,0.0,"shrimp, rp&d t/off 16-20ct,blueriver 5/2"
74449980,963,cluster_963,0.7584814520068046,"shrimp, rp&d t/off 21-25ct, 5/2"
74441269,962,cluster_962,1.0,"shrimp, rp&d t/off 21-25ct, censea (5/2)"
74441109,936,cluster_936,0.7069970492998221,"shrimp, rp&d t/off 21-25ct, seacove 5/2"
74431209,963,cluster_963,0.773052801501847,"shrimp, rp&d t/off 26-30ct, 2/5"
74431109,963,cluster_963,0.7584814520068046,"shrimp, rp&d t/off 26-30ct, 5/2"
116600001,962,cluster_962,1.0,"shrimp, rp&d t/off 26-30ct, censea 5/2"
74434999,-1,unclustered,0.0,"shrimp, rp&d t/off 26-30ct, chefsnet 5/2"
74435809,938,cluster_938,1.0,"shrimp, rp&d t/off 26-30ct, happy s (5/2"
74674759,917,cluster_917,1.0,"shrimp, rp&d t/off 26-30ct, hook b. 5/2"
74434419,936,cluster_936,1.0,"shrimp, rp&d t/off 26-30ct, sea cove 5/2"
74431509,937,cluster_937,1.0,"shrimp, rp&d t/off 26-30ct, seamazz 5/2"
74439981,963,cluster_963,1.0,"shrimp, rp&d t/off 31-40ct, 10/2"
74439980,963,cluster_963,1.0,"shrimp, rp&d t/off 31-40ct, 5/2"
74939980,963,cluster_963,1.0,"shrimp, rp&d t/off 31-40ct, 6/5"
74435569,-1,unclustered,0.0,"shrimp, rp&d t/off 31-40ct, breeze b 5/2"
74431260,962,cluster_962,1.0,"shrimp, rp&d t/off 31-40ct, censea 5/2"
74434759,917,cluster_917,1.0,"shrimp, rp&d t/off 31-40ct, hook b. 5/2"
74434369,943,cluster_943,0.9210793745785766,"shrimp, rp&d t/off 31-40ct, panamei 5/2"
74644369,943,cluster_943,1.0,"shrimp, rp&d t/off 51-60ct, panamei 10/1"
74469980,-1,unclustered,0.0,"shrimp, rp&d t/off 91-110ct, block (50#)"
74509980,953,cluster_953,1.0,"shrimp, rp&d t/on 13-15ct, 10/2"
74469989,953,cluster_953,1.0,"shrimp, rp&d t/on 13-15ct, 5/2"
74461269,953,cluster_953,1.0,"shrimp, rp&d t/on 13-15ct, censea 5/2"
74464759,917,cluster_917,1.0,"shrimp, rp&d t/on 13-15ct, hook b. 5/2"
74504360,-1,unclustered,0.0,"shrimp, rp&d t/on 13-15ct, panamei 5/2"
74501504,937,cluster_937,0.9698998382149098,"shrimp, rp&d t/on 13-15ct, seamazz 10/2"
74509981,-1,unclustered,0.0,"shrimp, rp&d t/on 16-20ct, 5/2"
74471269,961,cluster_961,1.0,"shrimp, rp&d t/on 16-20ct, censea 10/1"
74481269,961,cluster_961,1.0,"shrimp, rp&d t/on 16-20ct, censea 5/2"
74481109,-1,unclustered,0.0,"shrimp, rp&d t/on 16-20ct, deep 5/2"
74484759,917,cluster_917,1.0,"shrimp, rp&d t/on 16-20ct, hook b. 5/2"
74504399,-1,unclustered,0.0,"shrimp, rp&d t/on 16-20ct, royal wh. 5/2"
74504419,-1,unclustered,0.0,"shrimp, rp&d t/on 16-20ct, seacove 5/2"
74459980,957,cluster_957,1.0,"shrimp, rp&d t/on 21-25ct, 5/2"
74454759,917,cluster_917,1.0,"shrimp, rp&d t/on 21-25ct, hook b. 5/2"
74454369,943,cluster_943,0.9101787825910841,"shrimp, rp&d t/on 21-25ct, panamei 5/2"
74455030,-1,unclustered,0.0,"shrimp, rp&d t/on 21-25ct, seastar 5/2"
74499989,957,cluster_957,1.0,"shrimp, rp&d t/on 26-30ct, 5/2"
74491269,957,cluster_957,1.0,"shrimp, rp&d t/on 26-30ct, censea 5/2"
74492109,-1,unclustered,0.0,"shrimp, rp&d t/on 26-30ct, channel 5/2"
74501269,-1,unclustered,0.0,"shrimp, rp&d t/on 31-40ct, censea 5/2"
74505809,938,cluster_938,1.0,"shrimp, rp&d t/on 31-40ct, happy s (5/2)"
74504759,917,cluster_917,1.0,"shrimp, rp&d t/on 31-40ct, hook b. 5/2"
74501509,937,cluster_937,1.0,"shrimp, rp&d t/on 31-40ct, seamazz 10/2"
74919989,884,cluster_884,1.0,"shrimp, white, hdless shellon, 41-50ct"
74804360,934,cluster_934,1.0,"shrimp, wht rpdto 13-15ct, panamei 10/1#"
74474360,934,cluster_934,1.0,"shrimp, wht rpdto 16-20ct, panamei 10/1#"
74494360,934,cluster_934,0.8388639256745476,"shrimp, wht rpdto 26-30ct, panamei (5/2)"
74694360,934,cluster_934,1.0,"shrimp, wht rpdto 26-30ct, panamei 10/1#"
74434360,934,cluster_934,0.8341449039237401,"shrimp, wht rpdtoff 26-30ct, panamei 5/2"
74084416,914,cluster_914,0.8714796609734861,"shrimp,ckd broken 60-90ct, sea cove,10/1"
74195829,-1,unclustered,0.0,"shrimp,ckd t/on 26-30ct,sea best (10/1#)"
74565809,-1,unclustered,0.0,"shrimp,ckd t/on 31-40ct, happy s (5/2#)"
74725809,658,cluster_658,1.0,"shrimp,coconut brd 16/20 happy s(6/28oz)"
74265829,929,cluster_929,0.6431940446122902,"shrimp,ez pld 26-30ct, sea best (12/12oz"
74975829,929,cluster_929,0.8249542362025789,"shrimp,ez pld, 40/50ct, sea best (10/1#)"
80212500,-1,unclustered,0.0,"shrimp,raw shell on 10-15 w"
74984364,648,cluster_648,1.0,"shrimp,ring 41-50 w/sauc panamei,(10x10z"
74985829,648,cluster_648,1.0,"shrimp,ring 41-50 w/sauc sea best 12/11z"
74855809,938,cluster_938,1.0,"shrimp,rp&d t/off 31-40ct, happy s (5/2)"
74641645,-1,unclustered,0.0,"shrimp,rp&d t/off 51-60ct,akasaka s(5/2)"
74567809,-1,unclustered,0.0,"shrimp,rpdton(16-20ct) happy s (5/2#)"
95052,-1,unclustered,0.0,sidral mundet 1.5 liter plastic
95050,-1,unclustered,0.0,sidral mundet soda 24/12.5oz glass
900206,352,cluster_352,0.9077686242425353,signature cordon bleu-20/6oz
900246,352,cluster_352,0.9436795711313666,signature cordon bleu-24/6oz
140159,-1,unclustered,0.0,"siloin patty, oval, 5oz"
78604360,-1,unclustered,0.0,"silverside,hdls,h&g rtl, panamei (20/1#)"
900018,-1,unclustered,0.0,simplot shredded hashbrowns-6/3#
44141980,-1,unclustered,0.0,"sirloin b/in, pork smithfield vp #15295"
144024,-1,unclustered,0.0,"sirloin ball tip, diced, ch, 1.5"" 2/5#pk"
44002090,1161,cluster_1161,1.0,"sirloin bone in, pork apc (50#)"
44141150,1161,cluster_1161,1.0,"sirloin bone in, pork seaboard vp (60#)"
44089990,1161,cluster_1161,1.0,"sirloin bone in, pork, moesle"
140013,-1,unclustered,0.0,"sirloin breakaway, steak-eze"
144110,-1,unclustered,0.0,"sirloin cubes, 1in"
44143350,-1,unclustered,0.0,"sirloin end bone in, pork swift"
44301060,1141,cluster_1141,1.0,"sirloin ends b/in cov, pork indiana"
44301920,1141,cluster_1141,1.0,"sirloin ends b/in cov, pork prestage"
44083570,1141,cluster_1141,1.0,"sirloin ends b/in, pork ibp"
44309980,1141,cluster_1141,0.9321147839509352,"sirloin ends bnls, pork"
44301940,-1,unclustered,0.0,"sirloin ends roast bnls vp, premum iowa"
44301150,-1,unclustered,0.0,"sirloin ends roast boneless vp, pork, se"
44271980,-1,unclustered,0.0,"sirloin ends roast boneless vp, pork, sm"
15149984,467,cluster_467,1.0,"sirloin fat on culotte, (ch)"
15141094,467,cluster_467,1.0,"sirloin fat on culotte, b. mountain (ch)"
15141004,467,cluster_467,0.9960482207957696,"sirloin fat on culotte, go (ch)"
15141001,467,cluster_467,0.7977455185323168,"sirloin fat on culotte, go (prime)"
15141050,467,cluster_467,0.8861893634335797,"sirloin fat on culotte, heartland, ch"
15141014,467,cluster_467,1.0,"sirloin fat on culotte, ibp (ch)"
15143332,467,cluster_467,0.7249365676471314,"sirloin fat on culotte, upper iowa (can)"
141000,-1,unclustered,0.0,"sirloin filet, baseball, prime"
144002,-1,unclustered,0.0,"sirloin filet, ch, spec-size"
140006,1006,cluster_1006,1.0,"sirloin flap meat, ch"
190578,344,cluster_344,1.0,"sirloin ground, pkg, 5lb"
140510,-1,unclustered,0.0,sirloin patty 5/1
190571,1213,cluster_1213,1.0,sirloin patty 5oz
140610,-1,unclustered,0.0,sirloin patty 6/1
190574,1213,cluster_1213,1.0,sirloin patty 6oz
190577,1213,cluster_1213,1.0,sirloin patty 8oz
140189,1213,cluster_1213,0.46050691079470346,"sirloin patty, oval, 8oz"
44141010,1160,cluster_1160,1.0,"sirloin roast bone in, pork ibp vp (60#)"
44271010,1160,cluster_1160,1.0,"sirloin roast boneless vp, pork, ibp"
44271940,-1,unclustered,0.0,"sirloin roast boneless, pork, premium i"
140881,-1,unclustered,0.0,"sirloin steak, retail, o.priaire"
140014,-1,unclustered,0.0,"sirloin steak-buck, steak-eze"
140106,470,cluster_470,0.7617794533969033,"sirloin top butt st, cc, ch, 10oz"
140206,470,cluster_470,0.7901233212611585,"sirloin top butt st, cc, ch, 20oz"
140056,470,cluster_470,1.0,"sirloin top butt st, cc, ch, 5oz"
140066,470,cluster_470,1.0,"sirloin top butt st, cc, ch, 6oz"
140086,470,cluster_470,1.0,"sirloin top butt st, cc, ch, 8oz"
144008,1054,cluster_1054,1.0,"sirloin top butt, ch"
144007,1054,cluster_1054,1.0,"sirloin top butt, ch, cs lot"
144017,1054,cluster_1054,1.0,"sirloin top butt, nr, cs lot"
141002,-1,unclustered,0.0,"sirloin top butt, prime"
142061,470,cluster_470,0.34880083229710085,"sirloin top, cc, ch, 6oz"
141004,-1,unclustered,0.0,"sirloin top, cc, prime"
140389,-1,unclustered,0.0,"sirloin top, full face, ch"
96675940,-1,unclustered,0.0,"skd ham&ovn rstd turkey,lofp ,6/20z (7.5"
96745880,177,cluster_177,1.0,"skd slcd bacon 14c,kentucky l (16/12z)"
96755880,177,cluster_177,1.0,"skd slcd bacon 14c,kentucky l (8/2.5#)"
96725880,177,cluster_177,1.0,"skd slcd bacon 14ct , kentucky l (12/1#)"
96735880,177,cluster_177,0.8806688656414863,"skd slcd bacon appwd,kentucky l (16/12z"
40159990,-1,unclustered,0.0,pork skin (machine)
50109980,-1,unclustered,0.0,"skin, chicken, (40#)"
280512,-1,unclustered,0.0,"skinless polish, hill 5-1, 12#"
620138,-1,unclustered,0.0,skinless-shankless ham 12-16# -pickled-
40152080,1004,cluster_1004,0.9680147127735487,"skins (machine), pork dekalb"
40151060,1004,cluster_1004,1.0,"skins (machine), pork indiana"
40152430,1004,cluster_1004,1.0,"skins (machine), pork peoria"
40151330,1004,cluster_1004,0.870164468562528,"skins (machine), pork, hylife (60#)"
40151940,1004,cluster_1004,1.0,"skins (machine), pork, premium iowa (60#"
40141060,-1,unclustered,0.0,pork skin ind 2000#
37680203,-1,unclustered,0.0,slab bacon
18061765,547,cluster_547,0.9647185470615516,"sliced bacon rindon,dutchbrand (12/2.5)"
18063765,-1,unclustered,0.0,sliced bacon thick db(30lbbulk)rindon
18060765,547,cluster_547,0.9647185470615516,"sliced bacon thick,dutchbrand (12/2.5)"
97435840,-1,unclustered,0.0,"sliced bacon thick,williamss (8/2.5)"
SP801,-1,unclustered,0.0,sliced bologna 12#
750162,266,cluster_266,1.0,sliced cheddar cheese 16/12oz
SP3800,-1,unclustered,0.0,sliced chicken deli meat
750163,266,cluster_266,0.9690047748393582,sliced cojack cheese 16/12oz
SP800,-1,unclustered,0.0,sliced combo variety pack 12#
SP189,431,cluster_431,1.0,sliced cooked gyros
SP1900,-1,unclustered,0.0,sliced cooked it bf-au jus 20#
SP2441,581,cluster_581,0.8507181847745986,sliced deli ham 12#
999410,-1,unclustered,0.0,sliced jalapenos-4/1 gallons
83620,88,cluster_88,1.0,sliced mushroom 6/5 *vesin*
750164,266,cluster_266,1.0,sliced pepper cheese 16/12oz
750425,266,cluster_266,0.8795201315125805,sliced pepper jack cheese-4/2.5#
750014,-1,unclustered,0.0,sliced processed swiss america
750165,266,cluster_266,1.0,sliced swiss cheese 16/12oz
SP40034,998,cluster_998,1.0,sliced turkey breast
750166,266,cluster_266,0.7803987639649184,sliced white cheddar cheese 8/1.5#
19295900,-1,unclustered,0.0,"smashed burger, glenmark classic (12/2#)"
78402109,-1,unclustered,0.0,"smelt h/on(charales),great lakes (12/2#)"
78409989,-1,unclustered,0.0,smelt-(charales) 20/1#
82020,61,cluster_61,1.0,smelts fish
231822,-1,unclustered,0.0,smith #23223 18-22ct layout bacon-15#
18066765,-1,unclustered,0.0,smith ends/pcs bacon(10#)
18065765,-1,unclustered,0.0,smith wayside bacon(10#)
741727,-1,unclustered,0.0,smithfied smoked heartland ham
292255,-1,unclustered,0.0,smithfield 17-19ct bacon-25#
740082,-1,unclustered,0.0,smithfield brown sugar hams quarter
740221,-1,unclustered,0.0,smithfield carve master hams-6pc
110212,-1,unclustered,0.0,smithfield raw corned beef brisket-2pc
613408,-1,unclustered,0.0,smithfield smkd trky saus 12/12 oz
84045810,-1,unclustered,0.0,"smoked 2nd joint wings, turkey alex deli"
82381440,-1,unclustered,0.0,"smoked andouille sausage, belmont (10#)"
96725620,-1,unclustered,0.0,"smoked bb hearty sge,butterball,12/12 oz"
84105810,1092,cluster_1092,0.9720889322805224,"smoked drummettes, turkey alex deli"
84125810,1092,cluster_1092,0.9720889322805224,"smoked drums, hen turkey alex deli"
83009980,-1,unclustered,0.0,"smoked drumsticks, chicken (17#)-22150"
83005810,1092,cluster_1092,0.845526103227548,"smoked drumsticks, chicken alex deli"
83009990,1092,cluster_1092,0.9910231100224622,"smoked drumsticks, chicken moesle"
84025810,1092,cluster_1092,1.0,"smoked drumsticks, turkey alex deli"
84021440,-1,unclustered,0.0,"smoked drumsticks, turkey belmont #20100"
84029990,1092,cluster_1092,1.0,"smoked drumsticks, turkey moesle"
84024610,1092,cluster_1092,0.794103306374836,"smoked drumsticks, turkey retail, #3831"
207900001,1092,cluster_1092,1.0,"smoked drumsticks, turkey villari"
84021350,1092,cluster_1092,0.836896965178504,"smoked drumsticks, turkey, ashland (30#)"
392710,386,cluster_386,1.0,"smoked duck breast, retail, culver"
82021350,1100,cluster_1100,1.0,"smoked feet, pork ashland"
620110,-1,unclustered,0.0,smoked ham shanks
97285740,-1,unclustered,0.0,"smoked ham, deli style, bar s (12/1#)"
96745890,980,cluster_980,0.7136888143565054,"smoked ham, lof delis 8/9oz (4.5#)"
97051900,-1,unclustered,0.0,smoked ham/or turkey lof(6/20 oz)
82165810,1107,cluster_1107,1.0,"smoked hocks, pork alex deli"
82161440,1109,cluster_1109,0.9610021980714507,"smoked hocks, pork belmont #15100"
82164610,1110,cluster_1110,0.9023046038791627,"smoked hocks, pork retail, p. m. #3841"
82065810,-1,unclustered,0.0,"smoked jowls skin on, pork, alex deli"
82061440,1109,cluster_1109,1.0,"smoked jowls, pork belmont #15135"
4066,-1,unclustered,0.0,smoked linguisa
82115810,1107,cluster_1107,0.9973710347803407,"smoked loins , pork alex deli"
82111350,1100,cluster_1100,1.0,"smoked loins , pork ashland"
82115480,-1,unclustered,0.0,"smoked loins , pork back of the yards"
82112720,-1,unclustered,0.0,"smoked loins cvp, pork los cerditos"
82127939,-1,unclustered,0.0,"smoked loins, boneless dewig 2066"
82111440,1109,cluster_1109,0.9495542647015102,"smoked loins, pork belmont #10460"
180019,-1,unclustered,0.0,ox tails cut-up -net weight-
82075810,1107,cluster_1107,1.0,"smoked neckbone, pork alex deli"
82071440,1109,cluster_1109,1.0,"smoked neckbone, pork belmont #15108"
82074610,1110,cluster_1110,1.0,"smoked neckbone, pork retail p. m. #3855"
84035810,1104,cluster_1104,1.0,"smoked necks, turkey alex deli"
84034610,1101,cluster_1101,1.0,"smoked necks, turkey retail, p. m. #3830"
84031440,1047,cluster_1047,1.0,"smoked necks,turkey belmont #20110"
84039990,1104,cluster_1104,1.0,"smoked necks,turkey moesle"
82151440,1109,cluster_1109,0.8494054715901377,"smoked picnics, pork belmont #48500"
20592,1064,cluster_1064,0.7347335452566179,smoked pork ham shank sknls
620111,1106,cluster_1106,1.0,smoked pork hock
20262,1106,cluster_1106,0.8925805136359464,smoked pork hocks fzn
20234,-1,unclustered,0.0,smoked pork neckbones frozen
20342,-1,unclustered,0.0,smoked pork tails
82051440,1109,cluster_1109,0.8478329738408015,"smoked rib tips, pork belmont #15115"
82004610,1110,cluster_1110,1.0,"smoked riblet, pork retail, p. m. #3856"
82005810,1107,cluster_1107,0.8847580161215594,"smoked riblet/sweetmeat, pork alex deli"
82001440,1109,cluster_1109,0.8478329738408015,"smoked riblet/sweetmeat, pork belmont #1"
97705830,660,cluster_660,0.9161465996073671,"smoked sausage rope, motor city (2 lbs)"
95685620,-1,unclustered,0.0,"smoked sausage,16/13z,butterball (13#)"
82265810,1107,cluster_1107,1.0,"smoked shanks skinless, pork alex deli"
82045810,1107,cluster_1107,0.9721036299694299,"smoked skins, pork alex deli"
82041440,1109,cluster_1109,0.9717252386090692,"smoked skins, pork belmont #15145"
82051441,1109,cluster_1109,0.9702246847023672,"smoked spareribs, pork belmont #15120"
82015810,1107,cluster_1107,0.9973710347803407,"smoked tails, pork alex deli"
82011350,1109,cluster_1109,0.8320668779087904,"smoked tails, pork ashland (30#)"
82011440,1109,cluster_1109,1.0,"smoked tails, pork belmont #15125"
82014610,1110,cluster_1110,1.0,"smoked tails, pork retail, p. m. #3857"
84011350,-1,unclustered,0.0,"smoked tails, turkey (30#) ashland"
84015810,1104,cluster_1104,1.0,"smoked tails, turkey alex deli"
84011440,1047,cluster_1047,1.0,"smoked tails, turkey belmont #20115"
84014610,1101,cluster_1101,1.0,"smoked tails, turkey retail p. m. #3829"
11401,-1,unclustered,0.0,smoked turkey drumsticks cw frozen
11411,-1,unclustered,0.0,smoked turkey drumsticks jumbo cw frozen
11071,1104,cluster_1104,0.9516776708941441,smoked turkey necks frzn
11081,-1,unclustered,0.0,smoked turkey tails fzn
11041,-1,unclustered,0.0,smoked turkey wings bulk cw frozen
96755890,-1,unclustered,0.0,"smoked turkey, lof delis 8/9oz (4.5#)"
84005810,1104,cluster_1104,1.0,"smoked wings, turkey alex deli"
84001440,1047,cluster_1047,1.0,"smoked wings, turkey belmont #20105"
84009990,-1,unclustered,0.0,"smoked wings, turkey moesle"
84004610,1101,cluster_1101,1.0,"smoked wings, turkey retail, p. m. #3832"
75005829,-1,unclustered,0.0,"snapper fillet, bnls ivp, sea best 12/1#"
75001789,-1,unclustered,0.0,"snapper, fillet (retail) ivp 12x3-5oz, n"
75109980,-1,unclustered,0.0,"snapper, fillet s/on, 8-10oz (10#)"
75004369,309,cluster_309,1.0,"snapper, prtn ivp rtl, panamei (10/1.5#)"
75124360,309,cluster_309,1.0,"snapper, prtn ivp sel, panamei 20/1#"
75014369,-1,unclustered,0.0,"snapper, scarlet 1-2lb, wggs panamei 10#"
75189989,-1,unclustered,0.0,"snapper, wggs b - liner .50-.75lb, (10#)"
75319989,-1,unclustered,0.0,"snapper, wggs b - liner 1-2lb, (10#)"
75084369,309,cluster_309,1.0,"snapper, wggs ivp rtl, panamei (7/3#)"
75015059,-1,unclustered,0.0,"snapper, wggs lane 1-2lb, allmare (10#)"
75015099,-1,unclustered,0.0,"snapper, wggs lane 1-2lb, condessa (10#)"
75111789,-1,unclustered,0.0,"snapper, wggs lane 1-2lb, netuno (10#)"
75155050,-1,unclustered,0.0,"snapper, wggs lane 2-3lb, allmare (22#)"
75151789,427,cluster_427,0.8725251697670153,"snapper, wggs lane 2-3lb, netuno (22#)"
75089989,-1,unclustered,0.0,"snapper, wggs red .50-.75lb, iwp (10#)"
75219980,427,cluster_427,0.8941372261715369,"snapper, wggs red 1-2lb, (22.05#)"
75011789,427,cluster_427,1.0,"snapper, wggs red 1-2lb, netuno (10#)"
75059989,427,cluster_427,0.9490027913541238,"snapper, wggs red 2-3lb, (22#)"
75021739,-1,unclustered,0.0,"snapper, wggs red 2-3lb, caribbean (25#)"
75051789,427,cluster_427,1.0,"snapper, wggs red 2-3lb, netuno (22#)"
75055429,427,cluster_427,0.8941372261715369,"snapper, wggs red 2-3lb, prime sf (22#)"
75081789,-1,unclustered,0.0,"snapper, wggs rtl red .50-.75lb, ivp net"
75251789,427,cluster_427,0.9534867245080743,"snapper, wggs yellow t 2-3lb, netuno 22#"
75069989,424,cluster_424,1.0,"snapper, wggs yellow tail .5-.75lb, 10#"
75099989,424,cluster_424,1.0,"snapper, wggs yellow tail .75-.1lb, 10#"
75119989,424,cluster_424,1.0,"snapper, wggs yellow tail 1-2lb, (10#)"
75045050,-1,unclustered,0.0,"snapper, whole lane 1.5-2lb, allmare 10#"
75039989,426,cluster_426,0.8378484615066312,"snapper, whole red .75-1lb, (10#)"
75035050,426,cluster_426,0.7582809239589664,"snapper, whole red .75-1lb, allmare 10#"
75031789,-1,unclustered,0.0,"snapper, whole red .75-1lb, netuno (10#)"
75139989,426,cluster_426,0.7582809239589664,"snapper, whole red .75-1lb, prime (10#)"
75049989,426,cluster_426,1.0,"snapper, whole red 1.5-2lb, (10#)"
75041789,427,cluster_427,1.0,"snapper, whole red 1.5-2lb, netuno (10#)"
75051739,426,cluster_426,1.0,"snapper, whole red 2-3lb, (10#)"
75079989,426,cluster_426,1.0,"snapper, whole red 3-4lb, (25#)"
40099980,-1,unclustered,0.0,"snouts, pork"
40091010,-1,unclustered,0.0,"snouts, pork ibp (60#)"
50060,382,cluster_382,0.9027955003805688,snow crab cluster 5-8 30#
50003,382,cluster_382,0.9027955003805688,snow crab cluster 8 up
51012,-1,unclustered,0.0,snow crab legs 8up gulf
77064360,382,cluster_382,0.835334235929878,"snow crab, cluster 4/up, panamei (10/2#)"
77069983,382,cluster_382,1.0,"snow crab, cluster 5/8oz, (30#)"
77065133,382,cluster_382,0.9939257448169875,"snow crab, cluster 5/8oz, captain d(30#)"
77065643,382,cluster_382,1.0,"snow crab, cluster 5/8oz, ocean ch (30#)"
77165143,382,cluster_382,0.9765893791879123,"snow crab, cluster 5/8oz, quinlan b 6/5#"
77065143,382,cluster_382,1.0,"snow crab, cluster 5/8oz, quinlan b. 30#"
77131503,382,cluster_382,0.9759130170726873,"snow crab, cluster 5/8oz,seamazz (30#)"
77265829,382,cluster_382,0.8506401110187124,"snow crab, cluster, ret sea best (10/2#)"
31800,-1,unclustered,0.0,snow pea
99915015,-1,unclustered,0.0,soap multipurpose liq 5gal
99915,134,cluster_134,1.0,soap pink 4/1 gal
99915012,134,cluster_134,1.0,soap pink 5 gal sam`s
410126,-1,unclustered,0.0,sobeval 6 rib veal rack-chef ready
410116,-1,unclustered,0.0,sobeval french full trim veal top rounds
410118,-1,unclustered,0.0,sobeval french veal bnls sirloin butt
410117,-1,unclustered,0.0,sobeval french veal flank steak
410119,-1,unclustered,0.0,sobeveal veal tenderloin-whole
590005,-1,unclustered,0.0,sockeye salmon-retail 20/1#
906000,324,cluster_324,1.0,soda coca cola classic cans 35/12oz
90601,325,cluster_325,1.0,soda coca cola mex 24/12.5 oz
906001,325,cluster_325,1.0,quinoa veggie burger (9#)
906003,324,cluster_324,1.0,soda coke diet cans 35/12oz
90621,326,cluster_326,0.9838816153400577,soda jarritos fruit pnch 24/12.5 oz
90619,326,cluster_326,1.0,soda jarritos limon 24/12.5 oz
906191,326,cluster_326,1.0,soda jarritos limon 24/16.9oz
90612,326,cluster_326,1.0,soda jarritos mandarina 24/12.5 oz
90605,326,cluster_326,1.0,soda jarritos mango 24/12.5 oz
906051,326,cluster_326,1.0,soda jarritos mango 24/16.9oz
90623,326,cluster_326,1.0,soda jarritos pineapple 24/12.5 oz
906231,326,cluster_326,0.983917518414087,soda jarritos pineapple 24/16.9oz
90624,326,cluster_326,1.0,soda jarritos strwbrry 24/12.5 oz
90611,326,cluster_326,1.0,soda jarritos tamarindo 24/12.5 oz
906111,326,cluster_326,1.0,soda jarritos tamarindo 24/16.9 oz
90620,326,cluster_326,1.0,soda jarritos toronja 24/12.5 oz
906002,325,cluster_325,1.0,soda pepsi mex 24/16oz
90605A,327,cluster_327,1.0,soda sangria senorial 24/12.5 oz
906052,327,cluster_327,1.0,soda sangria senorial 24/16.9oz
90605B,-1,unclustered,0.0,soda sidral mundet 24/12.5 oz
906007,324,cluster_324,1.0,soda sprite cans 35/12oz
90627,326,cluster_326,0.8166891160158108,soda topo chico mineragua 12/12.5oz
90622,326,cluster_326,0.8676994848619153,soda topo chico mineragua 24/12.5oz
96384740,-1,unclustered,0.0,"sofrito/onio pepper blend, mambo (12x2#)"
90200,-1,unclustered,0.0,soho - vegetable spring roll 400ct
920202,-1,unclustered,0.0,some of everything box
920230,-1,unclustered,0.0,something to cluck about
220046,-1,unclustered,0.0,sopressata citterio swt lrg 4/5#
22PC15Z,-1,unclustered,0.0,sopressata-z thm swt sml 14/.75#
97255700,-1,unclustered,0.0,soup cheese broccoli 18/7oz retail
84160,155,cluster_155,1.0,soup cups plastic 16 oz hs-s16
84241,155,cluster_155,1.0,soup cups plastic 24oz hs
84130,155,cluster_155,1.0,soup cups plastic 32oz hs-s32
97103106,-1,unclustered,0.0,soup minestrone 4/52 oz frozen
960PU40,183,cluster_183,0.7609235819334631,soup-z thm boston clam chowder 16#
960PU30,183,cluster_183,0.826082813634829,soup-z thm chili 16#
960PU31,183,cluster_183,1.0,soup-z thm chkn dumpling 16#
960PU20,183,cluster_183,1.0,soup-z thm chkn noodle 16#
960PU37,183,cluster_183,1.0,soup-z thm chkn wild rice 16#
960PU41,183,cluster_183,0.7247149896298921,soup-z thm cream of broccoli 16#
960PU43,183,cluster_183,0.7531230844175563,soup-z thm minestrone 16#
30352,220,cluster_220,1.0,sour cream cremosa 32# pail
30353,220,cluster_220,0.8109017183696152,sour cream el gallito 32# pail
94019981,220,cluster_220,1.0,sour cream pail (32#)
30337015,-1,unclustered,0.0,sour cream real 4/5#
30337,-1,unclustered,0.0,sour cream real-30#
30348,-1,unclustered,0.0,sour cream salva 32#
94014891,220,cluster_220,1.0,"sour cream, pail, cremosa (32#)"
34040,-1,unclustered,0.0,souse sausage mag hot
86692,-1,unclustered,0.0,southern style sausage szn pss #102
903980,-1,unclustered,0.0,southwest sweet potato soup-4/4#
84203,-1,unclustered,0.0,southwestern cheddar stuffed spudz
82391,-1,unclustered,0.0,soy fry oil clear old world
84571,-1,unclustered,0.0,soy sauce dispenser kikkoman small box
84880,126,cluster_126,1.0,soy sauce packets panda blue 500pc
93232390,-1,unclustered,0.0,soy--tvp 50 lb. bag
84291,-1,unclustered,0.0,soybeans dry - retail pack 14 x3#
84290,-1,unclustered,0.0,soybeans dry 60#/bag *hunsty*
95138010,-1,unclustered,0.0,spagetti 20 lb. units
78482218,-1,unclustered,0.0,"spanish mackerel, 2/4, (44#)"
78484369,-1,unclustered,0.0,"spanish mackerel, stk ivp panamei (10/2)"
44521980,1049,cluster_1049,1.0,"spareribs (1pc) vp, pork smithfield"
45032200,-1,unclustered,0.0,"spareribs (large), pork abbyland (30#)"
45101920,1127,cluster_1127,1.0,"spareribs (light) 1pc cov, pork prestage"
45201920,1127,cluster_1127,1.0,"spareribs (light) 3pc cov, pork prestage"
45213570,1127,cluster_1127,0.7036375233462426,"spareribs (light) vp 2pk, pork ibp"
45004550,1127,cluster_1127,0.7566182996668261,"spareribs (light) vp, pork hylife"
45001010,1127,cluster_1127,0.832642569201421,"spareribs (light) vp, pork ibp"
45001150,-1,unclustered,0.0,"spareribs (light) vp, pork seaboard #411"
45001940,1127,cluster_1127,0.7266091474572078,"spareribs (light) vp, pork, premium iowa"
45009980,1127,cluster_1127,0.7566182996668261,"spareribs (light), pork"
45111010,1127,cluster_1127,0.8729087066169731,"spareribs (medium) 1pc vp, pork ibp"
45014140,1127,cluster_1127,0.802558820303056,"spareribs (medium) 2pc, pork hormel"
45011010,1127,cluster_1127,0.8622701537826399,"spareribs (medium) vp, pork ibp"
45011940,1127,cluster_1127,0.7273768179082709,"spareribs (medium) vp, pork premium iowa"
45031080,1127,cluster_1127,0.802558820303056,"spareribs (medium) vp, pork, wholestone"
45001060,-1,unclustered,0.0,"spareribs 4/dn (light) vp, pork indiana"
45011060,1127,cluster_1127,0.7273768179082709,"spareribs 4/up (medium) vp, pork indiana"
45011150,-1,unclustered,0.0,"spareribs 4/up (medium) vp, pork seaboar"
45001920,1127,cluster_1127,0.7036375233462426,"spareribs light 4/2 vp, pork wholestone"
45111920,1127,cluster_1127,1.0,"spareribs medium 1pc cov, pork prestage"
45011920,1127,cluster_1127,0.7693758785074153,"spareribs medium 4/2 vp, pork wholestone"
45021060,-1,unclustered,0.0,"spareribs miscut (medium), poly, pork in"
45031980,1049,cluster_1049,0.8471600250146979,"spareribs vp, pork smithfield"
45011989,1049,cluster_1049,1.0,"spareribs, 3-2 pc vp, pork smithfield"
45011980,1049,cluster_1049,1.0,"spareribs, 4-2pc vp, pork smithfield"
45019980,-1,unclustered,0.0,pork spare rib 2000#
45039990,-1,unclustered,0.0,pork spare rib 10#
45019990,-1,unclustered,0.0,pork spare rib 30#
45035930,-1,unclustered,0.0,"spareribs, pork, aunt bessie`s (10#)"
974660030,-1,unclustered,0.0,"spareribs, pork, purnell(10lb)"
45031530,-1,unclustered,0.0,"spareribs, pork, tri eagle (10#)"
350245,-1,unclustered,0.0,sparetime iqf chicken tenders-4/5#
190073,1240,cluster_1240,1.0,special blend patty 10oz thick
190084,1240,cluster_1240,1.0,"special blend patty, 8oz"
190074,1240,cluster_1240,1.0,"special blend patty, thick, 7oz"
190064,1240,cluster_1240,0.7347407036870282,"special blend patty-oval, 6oz"
190040,-1,unclustered,0.0,beef special trim sliced for taco
18071214,-1,unclustered,0.0,"special trim, choice, creeckstone farms"
18071014,-1,unclustered,0.0,"special trim, choice, ibp"
190550,-1,unclustered,0.0,"special trim, diced, 0.5x0.5"
410073,-1,unclustered,0.0,special veal steaks
900805,-1,unclustered,0.0,spicy battered pickle fries
598243,-1,unclustered,0.0,spicy breaded 2-3oz pollock filet-10#
907508,-1,unclustered,0.0,spinach artichoke popper
50130123,108,cluster_108,1.0,spinach cal clnd 4/2.5#
50130125,108,cluster_108,1.0,spinach chopped-z 12/3#
20478,-1,unclustered,0.0,spinach feta brat 4/1 chickn rpc942
31810,108,cluster_108,1.0,"spinach, clip 4/2.5#"
10443690,-1,unclustered,0.0,"spleen, beef aurora"
23010000,-1,unclustered,0.0,split breast with back
990335,-1,unclustered,0.0,spoon soup s/s 2/6ct
99034,-1,unclustered,0.0,spoons plst soup wht 1000ct
20254,-1,unclustered,0.0,spring hill pork feet
20235,1069,cluster_1069,0.7471547999859846,spring hill pork femur bones
20263,-1,unclustered,0.0,spring hill pork hocks
20233,-1,unclustered,0.0,spring hill pork neck bones
741123,-1,unclustered,0.0,spring hill smoked half hams-12/2.5-3#
740226,418,cluster_418,1.0,spring hill smoked pit hams-2pc
97095,-1,unclustered,0.0,spring roll veggie kaiser halal
95190,-1,unclustered,0.0,sprite glass mexico 24x12oz
369030,-1,unclustered,0.0,"squab whole, 15-17oz, 12pc"
50512010,20,cluster_20,1.0,squash grn zucchini med 20#
50512012,20,cluster_20,1.0,squash mex zucchini med 25#
31932,20,cluster_20,0.7951051042787146,squash mexican (calabcita mexicana)
50512011,20,cluster_20,0.9859403154287552,squash yel zuc med 20#
80172010,83,cluster_83,1.0,squid 5/8 clean 10# case
83480,-1,unclustered,0.0,squid brand fish sauce.. white box
78844360,235,cluster_235,1.0,"squid ckd, slices iqf rtl, panamei 10/2#"
78144360,235,cluster_235,1.0,"squid ckd, slices iqf rtl, panamei 12/1#"
78944360,235,cluster_235,1.0,"squid ckd, slices iqf rtl, panamei 20/1#"
62010,83,cluster_83,1.0,squid cleaned t&t 10/20 (5/8) case
62012,83,cluster_83,1.0,squid cleaned t&t 20/40 10/2kg
78134369,235,cluster_235,0.18929780681557865,"squid rings, rtl iqf, panamei (12/1#)"
78014360,123,cluster_123,1.0,squid rngs calamari s&p brd panamei 12/1
62080,236,cluster_236,1.0,squid tube u-5 palomine 22#
78541649,236,cluster_236,1.0,"squid tube, u/10"
78044369,123,cluster_123,1.0,"squid, t&t 3/5, loligo panamei (4/2.5#)"
78644369,123,cluster_123,1.0,"squid, t&t 5/8, loligo panamei (4/2.5#)"
78544369,236,cluster_236,1.0,"squid, tube u/10 iqf, panamei (10#)"
95073,-1,unclustered,0.0,squirt soda glass 12 bottles only
95072,-1,unclustered,0.0,squirt soda plastic 24 bottles only
83890,150,cluster_150,1.0,sr327 square plastic container 32oz
84370,301,cluster_301,0.9547778310649392,sriracha hot chili sauce 12/28oz
84372,-1,unclustered,0.0,sriracha mayo - lee kum kee 12/15oz
97415840,-1,unclustered,0.0,"ssge egg/cheese crois, williams s (8/16)"
45041480,-1,unclustered,0.0,"st. louis ribs 1 pc vp, pork, clemens"
45041010,-1,unclustered,0.0,"st. louis ribs vp, pork, ibp (35#)"
45043630,-1,unclustered,0.0,"st. louis ribs vp, pork, pine ridge farm"
45049990,-1,unclustered,0.0,"st. louis ribs, pork moesle (35#)"
59,-1,unclustered,0.0,stapping wire
629180,342,cluster_342,0.7208528180087653,state fair mini corn dogs-240/.72oz
610012,342,cluster_342,0.7065590726552917,state fair tky corn dogs-12#
900200,192,cluster_192,1.0,steak & white bean chimichurri soup-4/4#
144040,1249,cluster_1249,1.0,"steak boston, ch, 4oz"
144050,1249,cluster_1249,1.0,"steak boston, ch, 5oz"
144060,1249,cluster_1249,1.0,"steak boston, ch, 6oz"
144085,1249,cluster_1249,0.940779370669033,"steak boston, ch, 8oz"
190777,-1,unclustered,0.0,"steak breakaway, steakeze, 7oz"
190134,-1,unclustered,0.0,"steak for kabobs, 304oz"
190075,-1,unclustered,0.0,"steak meat, grilled sliced, yt"
140035,-1,unclustered,0.0,"steak philly, ch"
140031,1249,cluster_1249,0.45347684841043634,"steak philly, ch, 3oz"
140251,1249,cluster_1249,0.45733746689407895,"steak philly, ch, 5oz"
190250,-1,unclustered,0.0,"steak philly, steakeze, 2/5#"
SP199,-1,unclustered,0.0,steak sauce4a/r&tenderizer4c/r
140048,1155,cluster_1155,1.0,"steak swiss, 4oz"
140058,1155,cluster_1155,0.9971829660444419,"steak swiss, 5oz"
140068,1155,cluster_1155,1.0,"steak swiss, 6oz"
140088,1155,cluster_1155,1.0,"steak swiss, 8oz"
144004,-1,unclustered,0.0,"steak top butt, solid side, cc"
18050762,-1,unclustered,0.0,steak-umm chickenquaker(12-9oz)
18040762,-1,unclustered,0.0,steak-umm quaker(12-9oz)
19285900,-1,unclustered,0.0,steakeater burgers glenmark c. (12/2#)
920210,-1,unclustered,0.0,steaks and stuff
91400,-1,unclustered,0.0,steam bun (b-14)
91100,-1,unclustered,0.0,steamed sponge (e-11)
92200,-1,unclustered,0.0,steamed spongy cake (e-22)
84402,-1,unclustered,0.0,sterno - ethanol 4/1 gallon 20266
52021640,141,cluster_141,0.9111939168564591,"stewing hen frozen ivp, kikiri"
52023440,141,cluster_141,0.9062932744947187,"stewing hen frozen ivp, top bee"
52025150,141,cluster_141,1.0,"stewing hen, butterfield"
10012,141,cluster_141,1.0,stewing hens 12pc
52023430,141,cluster_141,0.9111939168564591,"stewing penny hen ivp, red label"
40049980,-1,unclustered,0.0,"stomachs scalded, pork, norson"
40045930,-1,unclustered,0.0,"stomachs, pork aunt bessie`s (8/3#)"
40045490,-1,unclustered,0.0,"stomachs, pork costa brava"
40041010,-1,unclustered,0.0,"stomachs, pork ibp (30#)"
40041060,-1,unclustered,0.0,"stomachs, pork indiana (30#)"
STORA,-1,unclustered,0.0,storage charge
410074,-1,unclustered,0.0,strauss #1 veal stk. spe size
410180,-1,unclustered,0.0,strauss 18oz veal porterhouse
420040,-1,unclustered,0.0,strauss 4oz lamb t-bone chop
83590,-1,unclustered,0.0,straw mushroom 6cans/case
50141034,116,cluster_116,1.0,strawberry 4/2#
31820,116,cluster_116,1.0,strawberry 8*1#
50141032,116,cluster_116,1.0,strawberry 8/1#
96001,116,cluster_116,0.5791117402349932,strawberry syrup
50141036,116,cluster_116,0.5902653237528679,strawberry whl iqf-z n/stem 30#
96042,35,cluster_35,1.0,dry jerk seasoning
96022,35,cluster_35,1.0,d&g kola champagne
83580,-1,unclustered,0.0,"stretch film 18"" x 1,000"
144020,-1,unclustered,0.0,"strip loin #2, ch"
15073794,-1,unclustered,0.0,"strip loin b/in 1x1, black maountai (ch)"
15041002,-1,unclustered,0.0,"strip loin b/in 1x1, go (cangus)"
15071004,1158,cluster_1158,0.6577556377536561,"strip loin b/in 1x1, greateromaha (ch)"
15041490,-1,unclustered,0.0,"strip loin bnls 0x1 new york, mex proboc"
15049984,1158,cluster_1158,0.8909619497162187,"strip loin bnls 0x1, (ch)"
15041056,1158,cluster_1158,0.7943453656116698,"strip loin bnls 0x1, afg (angusnr)"
15043794,1158,cluster_1158,0.7553718974575158,"strip loin bnls 0x1, black mountain (ch)"
15043795,1158,cluster_1158,0.6595666969248655,"strip loin bnls 0x1, black mountain sel"
15041214,1159,cluster_1159,0.8293430178379618,"strip loin bnls 0x1, creekstone (ch)"
15041174,-1,unclustered,0.0,"strip loin bnls 0x1, demkota (ch)"
15041004,1158,cluster_1158,0.7943543272917615,"strip loin bnls 0x1, greateromaha (ch)"
15051004,1158,cluster_1158,0.7276732623423551,"strip loin bnls 0x1, greateromaha (ch) h"
15043550,-1,unclustered,0.0,"strip loin bnls 0x1, heartland (angus)"
15043572,1158,cluster_1158,0.8698446754465476,"strip loin bnls 0x1, ibp (cangus)"
15041014,1158,cluster_1158,1.0,"strip loin bnls 0x1, ibp (ch)"
15041010,1158,cluster_1158,1.0,"strip loin bnls 0x1, ibp (n/r)"
15043575,1158,cluster_1158,1.0,"strip loin bnls 0x1, ibp (sel)"
15043563,-1,unclustered,0.0,"strip loin bnls 0x1, ibp star ranch (ch_"
15041164,1159,cluster_1159,0.8293430178379618,"strip loin bnls 0x1, iowa premium (ch)"
15041090,1158,cluster_1158,0.7149102772886223,"strip loin bnls 0x1, mex bona prime"
15043370,-1,unclustered,0.0,"strip loin bnls 0x1, mex don saul"
15044640,-1,unclustered,0.0,"strip loin bnls 0x1, mex el alba"
15043810,1158,cluster_1158,0.6664109987728304,"strip loin bnls 0x1, mex fc beef"
15041590,1158,cluster_1158,0.8759799680892071,"strip loin bnls 0x1, mex fertres"
15041320,1158,cluster_1158,0.8637663160811998,"strip loin bnls 0x1, mex gusi"
15041120,1158,cluster_1158,0.8637663160811998,"strip loin bnls 0x1, mex praderas"
15043700,1158,cluster_1158,0.6872366088508798,"strip loin bnls 0x1, mex ramada"
15041130,1158,cluster_1158,0.7986955573512835,"strip loin bnls 0x1, mex sukarne"
15041024,1158,cluster_1158,0.809339710583166,"strip loin bnls 0x1, national (ch)"
15045723,1158,cluster_1158,0.6988482959426372,"strip loin bnls 0x1, national a. b ch_an"
15041874,1159,cluster_1159,1.0,"strip loin bnls 0x1, nebraska (ch)"
15041875,1159,cluster_1159,1.0,"strip loin bnls 0x1, nebraska (sel)"
15041876,-1,unclustered,0.0,"strip loin bnls 0x1, nebraska beef (n/r)"
15043334,1159,cluster_1159,0.869630598129391,"strip loin bnls 0x1, upper iowa (ch)"
15042401,1158,cluster_1158,0.6469640519412748,"strip loin bnls 0x1, us212 (prime)"
15041001,-1,unclustered,0.0,"strip loin bnls 0x1,gre omaha,halal (pr)"
15042260,-1,unclustered,0.0,"strip loin bnls 100% lean, m p beef (uti"
15041076,-1,unclustered,0.0,"strip loin bnls 12/up 0x1, paloduro (nr)"
15071876,1159,cluster_1159,1.0,"strip loin bnls 1x1, nebraska (n/r)"
15045710,-1,unclustered,0.0,"strip loin bnls, wagyu"
15041876,-1,unclustered,0.0,"strip loin bnls 0x1, nebraska beef (n/r)"
15241014,-1,unclustered,0.0,"strip loin boneless ii, ibp (ch)"
144010,-1,unclustered,0.0,"strip loin ny, 0+1, ch"
143010,-1,unclustered,0.0,"strip loin, angus, ch, 0+1"
143021,-1,unclustered,0.0,"strip loin, angus, vein-off, ch, 0+1"
148860,-1,unclustered,0.0,"strip loin, itoham japanese wagyu"
144011,-1,unclustered,0.0,"strip loin, process, 0+1, ch"
141039,-1,unclustered,0.0,"strip loin, vein end removed, prime"
144039,-1,unclustered,0.0,"strip loin, vein end, ch"
141010,-1,unclustered,0.0,"strip loins, bnls, 0+1, prime"
148013,310,cluster_310,0.9359306997448892,"strip steak 0x1, imported wagyu"
144166,1308,cluster_1308,1.0,"strip steak kc, ch, 16oz"
143184,1308,cluster_1308,1.0,"strip steak kc, ch, 18oz"
143189,1308,cluster_1308,1.0,"strip steak kc, ch, 24oz"
144165,-1,unclustered,0.0,"strip steak kc, spec trim, chm 16oz"
144515,-1,unclustered,0.0,"strip steak manhattan, ch"
144029,-1,unclustered,0.0,"strip steak manhattan, grass fed, 10oz"
140300,-1,unclustered,0.0,"strip steak manhattan, grass fed, 16oz"
141032,-1,unclustered,0.0,"strip steak manhattan, prime"
141029,1311,cluster_1311,0.839857786899137,"strip steak manhattan, prime, 10oz"
141031,1311,cluster_1311,0.8734749564273354,"strip steak manhattan, prime, 12oz"
141030,1311,cluster_1311,0.7792087119080714,"strip steak manhattan, prime, 8oz"
142110,-1,unclustered,0.0,"strip steak ny, angus, ch, 12/14oz"
143100,1310,cluster_1310,0.7067978307713583,"strip steak ny, cc, ch, 10oz"
143120,1310,cluster_1310,1.0,"strip steak ny, cc, ch, 12oz"
140130,1310,cluster_1310,1.0,"strip steak ny, cc, ch, 13oz"
143160,1310,cluster_1310,0.9043204006815274,"strip steak ny, cc, ch, 16oz"
143002,1310,cluster_1310,0.7310415152452014,"strip steak ny, cc, ch, 20oz"
144124,1310,cluster_1310,0.7668287280056624,"strip steak ny, ch, 12oz"
144205,1310,cluster_1310,0.712833652426316,"strip steak ny, ch, 20oz"
144104,1310,cluster_1310,0.6788618104674747,"strip steak ny, ch, cc, 10oz"
144121,1310,cluster_1310,1.0,"strip steak ny, ch, cc, 12oz"
144140,1310,cluster_1310,0.9213560564209579,"strip steak ny, ch, cc, 14oz"
144168,1310,cluster_1310,0.9213560564209579,"strip steak ny, ch, cc, 16oz"
144084,1310,cluster_1310,0.7723708137504258,"strip steak ny, ch, cc, 8oz"
143140,-1,unclustered,0.0,"strip steak ny, creekstone angus, ch"
144199,-1,unclustered,0.0,"strip steak ny, dry age, ch, 14oz"
140102,1301,cluster_1301,1.0,"strip steak ny, end cut, 10oz"
140121,1301,cluster_1301,1.0,"strip steak ny, end cut, 12oz"
140141,1301,cluster_1301,1.0,"strip steak ny, end cut, 14oz"
140062,1301,cluster_1301,0.8873215647121396,"strip steak ny, end cut, 6oz"
140301,-1,unclustered,0.0,"strip steak ny, grass fed, cc"
141100,1311,cluster_1311,0.839857786899137,"strip steak ny, prime, 10oz"
141104,1311,cluster_1311,1.0,"strip steak ny, prime, 12oz"
141140,1311,cluster_1311,1.0,"strip steak ny, prime, 14oz"
141160,1311,cluster_1311,1.0,"strip steak ny, prime, 16oz"
141180,1311,cluster_1311,0.9914714799208709,"strip steak ny, prime, 18oz"
141181,1311,cluster_1311,0.8504058859019058,"strip steak ny, prime, 20oz"
144103,1307,cluster_1307,0.803561102914421,"strip steak ny, spec trim, ch, 10oz"
144123,1307,cluster_1307,1.0,"strip steak ny, spec trim, ch, 12oz"
144143,1307,cluster_1307,1.0,"strip steak ny, spec trim, ch, 14oz"
144171,1307,cluster_1307,1.0,"strip steak ny, spec trim, ch, 15oz"
144167,1307,cluster_1307,0.9135195816070935,"strip steak ny, spec trim, ch, 16oz"
144083,1307,cluster_1307,0.8110732508057182,"strip steak ny, spec trim, ch, 8oz"
140811,-1,unclustered,0.0,"strip stk ny, retail, o.prairie"
148010,310,cluster_310,1.0,"striploin 0x1, imported wagyu"
144015,-1,unclustered,0.0,"striploin ny, processed, ch"
148981,-1,unclustered,0.0,"striploin, broadleaf japanese wagyu"
140009,-1,unclustered,0.0,"striploin, organic prairie"
140072,-1,unclustered,0.0,"strips ny, end cut, ind cryo, 7oz"
207900013,-1,unclustered,0.0,"strips, pork,"
907509,145,cluster_145,1.0,stuffed buffalo chicken popper
907100,-1,unclustered,0.0,stuffed buffalo chix meatball
390013,-1,unclustered,0.0,"stuffed chicken, brie & apple, sign chix"
907512,-1,unclustered,0.0,stuffed elote street corn bites
905004,107,cluster_107,0.875694779660892,stuffed foods baby spinach ravioli
900030,107,cluster_107,0.9763755279237784,stuffed foods butternut squash ravioli
900070,107,cluster_107,1.0,stuffed foods grilled vegtable ravioli
905002,107,cluster_107,1.0,stuffed foods lobster ravioli
905013,107,cluster_107,1.0,stuffed foods ricotta impastata ravioli
99999945,-1,unclustered,0.0,"stuffed long green peppers, 30 pcs (14#)"
31686,-1,unclustered,0.0,stuffed long green peppers30pc
9999985,-1,unclustered,0.0,styrofoam 7/6/5.5
99999981,149,cluster_149,1.0,styrofoam boxes
9999984,149,cluster_149,1.0,styrofoam boxes1.5x15.5x12.5
9999982,149,cluster_149,1.0,styrofoam boxes18x18x17
430001,-1,unclustered,0.0,su cabarito retail goat cubes
88000,-1,unclustered,0.0,sugar 50#
91195,-1,unclustered,0.0,sugar granulated white 50# bag
88060,-1,unclustered,0.0,sugar packets *domino*
31801,-1,unclustered,0.0,sugar snap peas
96310,-1,unclustered,0.0,sugarcan hinged container 963 - sh89
920208,-1,unclustered,0.0,summer selection
920222,-1,unclustered,0.0,summer sizzler box
22001,-1,unclustered,0.0,sun noodle classic thick wavy 50/5oz
22005,-1,unclustered,0.0,sun noodle milky tonkotsu soup base 8/4#
22006,-1,unclustered,0.0,sun noodle miso soup base 6/2.2kg
22000,-1,unclustered,0.0,sun noodle temomi thick wavy 50/5.5oz
22007,-1,unclustered,0.0,sun noodle vegitarian miso soup 6/4.45#
310543,-1,unclustered,0.0,sunland iqf b/s chicken breasts-10/4#
94191241,-1,unclustered,0.0,super melt cheese bongard (30#)
907501,-1,unclustered,0.0,super pretzel bavarian 40/5.5 oz 13.75lb
77129989,405,cluster_405,1.0,surimi crab sticks 15/1lb (15#)
78511109,-1,unclustered,0.0,"surimi flakes, (30/1#)"
78519980,-1,unclustered,0.0,"surimi flakes, 12x2.5# (30#)"
77119989,405,cluster_405,1.0,surimi snow crab legs 10/2lb (20#)
77289989,405,cluster_405,1.0,surimi snow crab legs 28/12oz (21#)
77115609,-1,unclustered,0.0,"surimi snow crab legs, nature`s b. 10/2#"
88030,-1,unclustered,0.0,sushi ginger white 20# *super dx*
82520,-1,unclustered,0.0,sushi nori premium gold ( each )
81090,-1,unclustered,0.0,sushi salmon fillets 2/4 10kg
625850,-1,unclustered,0.0,swaggerty mild pork saus patty-30ct
30222,240,cluster_240,0.9281380462122133,swai (basa) fillet 11/13 corner 17
560791,-1,unclustered,0.0,swai filet-7-9oz (15#)
560570,-1,unclustered,0.0,swai filets-5-7oz (15#)
30220,240,cluster_240,1.0,swai fillet 3-5
30221,240,cluster_240,0.9560827027447353,swai fillet 7-9 mekong
79185829,240,cluster_240,0.8804149333533489,"swai fillet, skls sea best (10/2#)"
79085829,240,cluster_240,1.0,"swai fillet, skls sea best (12/1#)"
71207,240,cluster_240,1.0,swai fillets 12/1#
79234360,-1,unclustered,0.0,"swai, fil 5-9oz, ivp rtl panamei (10/2#)"
79134360,-1,unclustered,0.0,"swai, fil 5-9oz, ivp rtl panamei (20/1#)"
79001459,922,cluster_922,1.0,"swai, fillets 2-3oz, iqf (15#)"
79004759,908,cluster_908,0.9087132269392734,"swai, fillets 2-3oz, iqf hook & b (15#)"
79011459,922,cluster_922,1.0,"swai, fillets 3-5oz, iqf (15#)"
79011699,-1,unclustered,0.0,"swai, fillets 3-5oz, iqf aquanita (15#)"
79014759,908,cluster_908,1.0,"swai, fillets 3-5oz, iqf hook & b (15#)"
79011549,-1,unclustered,0.0,"swai, fillets 3-5oz, iqf otten`s (15#)"
79015329,923,cluster_923,1.0,"swai, fillets 3-5oz, iqf royal king 15#"
79011509,-1,unclustered,0.0,"swai, fillets 3-5oz, iqf sea mazz (15#)"
79041104,915,cluster_915,1.0,"swai, fillets 3-5oz, iqf, mira fish, 15#"
79021459,922,cluster_922,1.0,"swai, fillets 5-7oz, iqf (15#)"
79024759,908,cluster_908,1.0,"swai, fillets 5-7oz, iqf hook & b (15#)"
79025329,923,cluster_923,1.0,"swai, fillets 5-7oz, iqf royal king 15#"
79021509,-1,unclustered,0.0,"swai, fillets 5-7oz, iqf sea mazz (15#)"
79051104,915,cluster_915,1.0,"swai, fillets 5-7oz, iqf, mira fish, 15#"
79075809,-1,unclustered,0.0,"swai, fillets 5-7oz,iqf happy seas(2/5#)"
79031459,922,cluster_922,0.8259128053292827,"swai, fillets 7-9oz, iqf (15#)"
79034759,908,cluster_908,1.0,"swai, fillets 7-9oz, iqf hook & b (15#)"
79061104,915,cluster_915,1.0,"swai, fillets 7-9oz, iqf mira fish, 15#"
79031509,922,cluster_922,0.6663719823183883,"swai, fillets 7-9oz, iqf pfm (15#)"
79035329,923,cluster_923,1.0,"swai, fillets 7-9oz, iqf royal king 15#"
79011104,-1,unclustered,0.0,"swai,fillets3-5oz,original mekong iqf#15"
79021104,-1,unclustered,0.0,"swai,fillets5-7oz,original mekong iqf#15"
88130,-1,unclustered,0.0,sweet chili sauce 3x4kg *mae ploy*
100000006,284,cluster_284,1.0,sweet fennel sausage fs 00815
100000001,284,cluster_284,1.0,sweet fennel sausage retail 00801
906007,-1,unclustered,0.0,soda sprite cans 35/12oz
207900027,305,cluster_305,1.0,"sweet potato fries, (12/22oz)"
999025,-1,unclustered,0.0,sweet rice-25#
88080,-1,unclustered,0.0,sweet soy sauce *khs* glass bottles
10291000,336,cluster_336,1.0,"sweetbreads, beef greateromaha (20#)"
10293350,336,cluster_336,0.9539053134201961,"sweetbreads, beef swift (20#)"
10293330,336,cluster_336,0.9074847803763739,"sweetbreads, beef upper iowa (15#)"
340999,-1,unclustered,0.0,swift ckd savory b/s chicken thighs
620075,-1,unclustered,0.0,swift smoked buffet ham-2/#10
85401,266,cluster_266,0.8174551707898138,"swiss cheese 1/4"" diced hi temp"
750051,-1,unclustered,0.0,swiss cheese 5lb avg
85166,-1,unclustered,0.0,swiss pre slice
91090111,46,cluster_46,1.0,syrup pancake & waf 4/1 gal tec
91090123,46,cluster_46,1.0,syrup pancake & waf 4/1 gal tone
91097466,46,cluster_46,1.0,syrup vanilla sno-bal 4/1gal
4707,-1,unclustered,0.0,t bone steaks 18 oz choice
408720,-1,unclustered,0.0,t bone steaks 20oz prime
15029980,1231,cluster_1231,1.0,t-bone steak 12oz ivp (12#)
15029990,-1,unclustered,0.0,"t-bone steak 12oz, moesle bulk (12#)"
143001,-1,unclustered,0.0,"t-bone steak, ch"
143144,1231,cluster_1231,1.0,"t-bone steak, ch, 14oz"
143164,1231,cluster_1231,1.0,"t-bone steak, ch, 16oz"
144160,848,cluster_848,0.3371838634533453,choice t-bone
144200,-1,unclustered,0.0,"t-bone, ch, 20oz"
144120,848,cluster_848,1.0,"t-bone, spec trim, ch, 12oz"
144161,848,cluster_848,1.0,"t-bone, spec trim, ch, 16oz"
144180,848,cluster_848,1.0,"t-bone, spec trim, ch, 18oz"
144201,848,cluster_848,0.8883985723549919,"t-bone, spec trim, ch, 20oz"
84591,-1,unclustered,0.0,t-shirt bag (l) `thank you` 1/6inch
929299,24,cluster_24,0.2750559803409251,t`s & p`s gift box
920260,24,cluster_24,0.2618455920722531,t`s n p`s box
901024,-1,unclustered,0.0,"table talk 8"" pumpkin pie-baked"
900005,-1,unclustered,0.0,taco john tater coins-potato oles
19219980,623,cluster_623,1.0,taco meat
190045,-1,unclustered,0.0,"taco meat precooked, 8-5#"
19211320,623,cluster_623,1.0,"taco meat, mex gusi"
19213700,623,cluster_623,1.0,"taco meat, mex ramada"
19211130,623,cluster_623,1.0,"taco meat, mex sukarne"
190088,623,cluster_623,1.0,"taco meat, sukarne"
71890,181,cluster_181,0.8866811345563662,tail on 26/30 p&d iqf 10#
40069980,-1,unclustered,0.0,"tails, pork"
40061010,-1,unclustered,0.0,"tails, pork ibp (30#)"
40061530,-1,unclustered,0.0,"tails, pork tri eagle (30#)"
40061060,-1,unclustered,0.0,"tails, pork, indiana (30#)"
60029980,839,cluster_839,1.0,"tails, turkey (30#)"
60021350,839,cluster_839,0.9550124072780197,"tails, turkey, tyson hillshire (30#)"
60024310,839,cluster_839,1.0,"tails, turkey. michigan turkey (30#)"
70236C,-1,unclustered,0.0,tamale beef-z 4oz 72ct tom tom
SP111B,-1,unclustered,0.0,tamales - beef 18# 72- 4oz
63605,208,cluster_208,0.9930414204061458,tamales beeef donpedros 60ct bulk
63603,208,cluster_208,0.9656358720376828,tamales cheese donpedros 60ct bulk
63601,208,cluster_208,1.0,tamales chicken donpedros 60ct bulk
63604,208,cluster_208,1.0,tamales corn donpedros 60ct bulk
63942,-1,unclustered,0.0,tamales pork 15/4pk retail
63602,208,cluster_208,1.0,tamales pork donpedros 60ct bulk
97390,399,cluster_399,0.9033302257896245,tandoori plain naan fp kaiser halal
97444,399,cluster_399,1.0,tandoori roll chicken kaiser halal
97321,399,cluster_399,1.0,tandorri chicken quesadilla kaiser halal
97673,399,cluster_399,1.0,tandorri chicken tikka kaiser halal
88010,-1,unclustered,0.0,tapioca starch 24/1# /case
88012,-1,unclustered,0.0,tapioca starch 44# *ameris tarch
96061,-1,unclustered,0.0,tastee jamaican cheese
900001,-1,unclustered,0.0,tatar tot potatoes
84630,-1,unclustered,0.0,tea oolong *abc* 6/5# (case)
84971,22,cluster_22,1.0,tempura powder 25# kikkoman
84970,22,cluster_22,1.0,tempura powder 30# *shirakiku*
145050,-1,unclustered,0.0,"tender, psmo, select, 5up"
15223530,-1,unclustered,0.0,"tenderloin ""n"" beef (mex)"
15223397,265,cluster_265,0.7760583008332033,tenderloin 3-4 black mountain (utility)
15221077,265,cluster_265,1.0,tenderloin 3-4 palo duro (utility)
15224927,265,cluster_265,0.7760583008332033,tenderloin 4/5 long prairie
152237770,265,cluster_265,1.0,tenderloin 4up palo duro (utility)
15234927,-1,unclustered,0.0,tenderloin 5/up long prairie
15223777,265,cluster_265,1.0,tenderloin 5up paloduro (utility)
15223520,-1,unclustered,0.0,tenderloin bona prime (mex)
140081,1290,cluster_1290,0.48813599339240626,"tenderloin filet 3-4#, 8oz"
140089,-1,unclustered,0.0,"tenderloin filet 3-4#, 8oz flat filet"
140053,1290,cluster_1290,1.0,"tenderloin filet 3-4#, cc, 5oz"
140063,1290,cluster_1290,1.0,"tenderloin filet 3-4#, cc, 6oz"
140067,-1,unclustered,0.0,"tenderloin filet 3-4#, cubed, 5oz"
140073,-1,unclustered,0.0,"tenderloin filet 3-4#, cubed, 6oz"
140064,1293,cluster_1293,0.5773884267307764,"tenderloin filet, 4up, 6oz"
140084,1293,cluster_1293,0.5945772049479726,"tenderloin filet, 4up, 8oz"
140055,1293,cluster_1293,0.824310641729855,"tenderloin filet, cc, 4up, 5oz"
140065,1293,cluster_1293,1.0,"tenderloin filet, cc, 4up, 6oz"
140085,1293,cluster_1293,1.0,"tenderloin filet, cc, 4up, 8oz"
140095,1293,cluster_1293,1.0,"tenderloin filet, cc, 4up, 9oz"
140042,1290,cluster_1290,0.49708138887863995,"tenderloin filet/3-4#, 4oz"
140103,1290,cluster_1290,0.8081468415803378,"tenderloin filet/3-4#, cc, 10oz"
140043,1290,cluster_1290,1.0,"tenderloin filet/3-4#, cc, 4oz"
140083,1290,cluster_1290,0.8787093669212082,"tenderloin filet/3-4#, cc, 8oz"
15221012,1052,cluster_1052,1.0,"tenderloin psmo, ibp (cangus)"
15221014,1052,cluster_1052,1.0,"tenderloin psmo, ibp (ch)"
15221011,1052,cluster_1052,1.0,"tenderloin psmo, ibp (prime)"
15221164,-1,unclustered,0.0,"tenderloin psmo, iowa premium (ch)"
15221024,-1,unclustered,0.0,"tenderloin psmo, national (ch)"
15225723,-1,unclustered,0.0,"tenderloin psmo, national a b (ch_angus)"
15421876,-1,unclustered,0.0,"tenderloin psmo, nb angus gold (n/r)"
15221876,-1,unclustered,0.0,"tenderloin psmo, nebraska beef (n/r)"
15222401,1052,cluster_1052,0.8446371807926927,"tenderloin psmo, us212 (prime)"
15221130,-1,unclustered,0.0,tenderloin su karne (mex)
144030,-1,unclustered,0.0,"tenderloin tails, ch, 3/5oz"
144043,-1,unclustered,0.0,"tenderloin tails, ch, oz"
140125,-1,unclustered,0.0,"tenderloin, cc, 4up, 12oz"
140045,-1,unclustered,0.0,"tenderloin, center cut, 4up, 4oz"
144151,1292,cluster_1292,1.0,"tenderloin, filet cc, ch, 3oz"
144102,1292,cluster_1292,0.7821946094183339,"tenderloin, filet, cc, ch, 10oz"
144111,1292,cluster_1292,0.8089378711330827,"tenderloin, filet, cc, ch, 11oz"
144122,1292,cluster_1292,0.8906554007750557,"tenderloin, filet, cc, ch, 12oz"
144141,1292,cluster_1292,1.0,"tenderloin, filet, cc, ch, 2oz"
144041,1292,cluster_1292,1.0,"tenderloin, filet, cc, ch, 4oz"
144052,1292,cluster_1292,0.986642317673362,"tenderloin, filet, cc, ch, 5oz"
144062,1292,cluster_1292,1.0,"tenderloin, filet, cc, ch, 6oz"
144072,1292,cluster_1292,1.0,"tenderloin, filet, cc, ch, 7oz"
144082,1292,cluster_1292,1.0,"tenderloin, filet, cc, ch, 8oz"
144092,1292,cluster_1292,1.0,"tenderloin, filet, cc, ch, 9oz"
144162,1292,cluster_1292,0.6946545723984249,"tenderloin, filet, ch, 16oz"
148871,615,cluster_615,0.8144555039720217,"tenderloin, itoham japanese wagyu"
15224636,-1,unclustered,0.0,"tenderloin, naeve beef (n/r)"
44322090,-1,unclustered,0.0,"tenderloin, pork 1.25/dn 2pc, apc"
44322030,-1,unclustered,0.0,"tenderloin, pork 2pc vac, rantoul"
44321300,-1,unclustered,0.0,"tenderloin, pork 2pc vp, hylife"
44321010,969,cluster_969,1.0,"tenderloin, pork 2pk cryo, ibp"
44321060,969,cluster_969,1.0,"tenderloin, pork 2pk vp, indiana"
207900010,1234,cluster_1234,0.608309890046258,"tenderloin, pork 5oz"
44321150,1033,cluster_1033,1.0,"tenderloin, pork 6x2pc vp, seaboard"
44321980,1033,cluster_1033,1.0,"tenderloin, pork 6x2pc vp, smithfield"
44323350,-1,unclustered,0.0,"tenderloin, pork 6x2pc vp, swift"
44311010,-1,unclustered,0.0,"tenderloin, pork single pk cryo, ibp"
44311060,969,cluster_969,1.0,"tenderloin, pork single pk, indiana"
44324430,-1,unclustered,0.0,"tenderloin, pork, sioux preme"
15225710,615,cluster_615,1.0,"tenderloin, wagyu"
140249,-1,unclustered,0.0,"tenderloins buffalo, 4pc box"
52011640,-1,unclustered,0.0,"tenders buffalo, winganza (10/2#)"
52013390,763,cluster_763,0.9023040599941929,"tenders jumbo cvp, chicken mountaire (40"
52013400,763,cluster_763,0.74058246606529,"tenders jumbo cvp, chicken qasri hills ("
52019980,763,cluster_763,1.0,"tenders jumbo, chicken (40#)"
52014680,763,cluster_763,0.9433693612915286,"tenders jumbo, chicken fosterfarms (40#)"
52011180,763,cluster_763,1.0,"tenders jumbo, chicken hor (40#)"
52011880,763,cluster_763,0.8827532132640685,"tenders jumbo, chicken new sbl (40#)"
52011220,763,cluster_763,0.9668450736281075,"tenders jumbo, chicken pilgrims (40#)"
52011040,763,cluster_763,1.0,"tenders jumbo, chicken sanderson(40#)"
52011340,763,cluster_763,0.7677000285065788,"tenders jumbo, chicken wayne f. (40#)"
52311040,-1,unclustered,0.0,"tenders jumbo, sanderson frozen (40#)"
52015540,-1,unclustered,0.0,"tenders, 3s t/p, organic, miller"
59021410,775,cluster_775,1.0,"tenders, breaded chicken (#20)"
59024240,-1,unclustered,0.0,"tenders, breaded chicken lake liner 8/3#"
52011010,644,cluster_644,0.9775776461401031,"cornish hen, 24/18oz, tyson (27#)"
4097,-1,unclustered,0.0,"tenders,butt peeled ibp"
96424740,-1,unclustered,0.0,"tequeños chesse, 4ct, mambo 8x12z"
128009,-1,unclustered,0.0,teres major imported wagyu mbs #3
128010,-1,unclustered,0.0,teres major imported wagyu mbs #7
99990,-1,unclustered,0.0,test
123456,0,cluster_0,0.9569477017799974,test product
TEST,0,cluster_0,0.9569477017799974,testing fee
31080,-1,unclustered,0.0,thai basil leaf
84660,-1,unclustered,0.0,thai tea mix *pantai* orange box
450012,835,cluster_835,1.0,the big game burger 20/8oz round
990305,13,cluster_13,1.0,the birdie
920268,-1,unclustered,0.0,the combo
990306,-1,unclustered,0.0,the home run
920295,-1,unclustered,0.0,the lazy susan box
990307,-1,unclustered,0.0,the most valuable player
920296,-1,unclustered,0.0,the ono kine grindz
920297,-1,unclustered,0.0,the raised grain
920301,-1,unclustered,0.0,the sack
920302,-1,unclustered,0.0,the scrum
920303,13,cluster_13,1.0,the slam dunk
929304,13,cluster_13,1.0,the three pointer
84505,-1,unclustered,0.0,"thermal paper roll 3 1/8"" x 230` 50 rol"
24150,97,cluster_97,0.9104623754950653,thick wonton wrapper *golden bowl* green
56019980,567,cluster_567,1.0,"thigh bone in, chicken (40#)"
56014590,567,cluster_567,0.8989134579602838,"thigh bone in, chicken gnp (40#)"
56011180,567,cluster_567,1.0,"thigh bone in, chicken hor (40#)"
56011220,567,cluster_567,1.0,"thigh bone in, chicken pilgrim`s (40#)"
56015290,567,cluster_567,0.7822369014403792,"thigh bone in, chicken pure praire (40#)"
56005540,-1,unclustered,0.0,"thigh m bnls/sknls, 3s t/p, organ miller"
207900002,-1,unclustered,0.0,"thigh meat bnls/sknls, tray pack, signat"
56001010,-1,unclustered,0.0,"thigh meat bnls/sknls, tray pack, tyson,"
56004020,-1,unclustered,0.0,"thigh meat, bnls/sknls, chicken cvp (40#"
56001880,1098,cluster_1098,1.0,"thigh meat, bnls/sknls, chicken new sbl"
56001360,1098,cluster_1098,0.9457575851001374,"thigh meat, bnls/sknls, chicken peco"
56001220,1098,cluster_1098,0.9457575851001374,"thigh meat, bnls/sknls, chicken pilgrims"
56001250,1094,cluster_1094,1.0,"thigh meat, bnls/sknls, fm (40#)"
56001180,1094,cluster_1094,1.0,"thigh meat, bnls/sknls, hor (40#)"
66104310,1099,cluster_1099,1.0,"thigh meat, bnls/sknls, michigan turkey"
56003390,1094,cluster_1094,1.0,"thigh meat, bnls/sknls, mountaire (40#)"
101200001,1094,cluster_1094,0.9903588449811619,"thigh meat, bnls/sknls, sanderson (40#)"
56005180,1094,cluster_1094,0.8416353808040851,"thigh meat, bnls/sknls, simmons (40#)"
66001770,1099,cluster_1099,1.0,"thigh meat, bnls/sknls, turkey norbest ("
66001010,1099,cluster_1099,1.0,"thigh meat, bnls/sknls, turkey tyson hil"
56001340,1094,cluster_1094,0.8440219535710524,"thigh meat, bnls/sknls, wayne f. (40#)"
56004800,-1,unclustered,0.0,"thighs b/s t. p., delta sunrise 12/1.75"
310073,-1,unclustered,0.0,thin sliced organic breasts
84481,-1,unclustered,0.0,thin soy sauce *dsb* brand
84480,-1,unclustered,0.0,thin soy sauce 24 glass bottles
24230,97,cluster_97,0.9104623754950653,thin wonton wrapper golden bowl*
430150,307,cluster_307,0.8632857654923967,thomas goat legs cut 1.5 cube
430152,307,cluster_307,0.8581127635758573,thomas goat legs-whole
191220,-1,unclustered,0.0,thomas grass fed beef patties-4/4oz pack
190049,-1,unclustered,0.0,thor`s hammer
742257,-1,unclustered,0.0,thuman deli loaf pepperoni
741011,-1,unclustered,0.0,thuman delux baby ham-pear shaped
799168,243,cluster_243,0.9167202872058101,thuman onions in sauce-12/16oz
718364,495,cluster_495,1.0,thuman oven roasted turkey breast
799112,-1,unclustered,0.0,thuman roasted peppers-12/12oz
91PQ602,243,cluster_243,1.0,thumann 12/9-oz deli dressing
91PQ57,-1,unclustered,0.0,thumann 12/9-oz ham glaze
91PQ69,243,cluster_243,1.0,thumann 12/9-oz horseradish sauce
91PQ63,243,cluster_243,0.9551426669585895,thumann 12/9-oz mustard-dusseldorf
91PQ64,243,cluster_243,0.9551426669585895,thumann 12/9-oz mustard-honey
91PQ62,243,cluster_243,1.0,thumann 12/9-oz mustard-horseradish
622568,-1,unclustered,0.0,thumann 6-1 all beef frankfurter
625269,-1,unclustered,0.0,thumann 6-1 natural cas. deep fry frank
622515,-1,unclustered,0.0,thumann 6-1 natural casing frankfurter
612125,-1,unclustered,0.0,thumann chicken franks-12/1#
742212,401,cluster_401,0.9518073513423075,thumann genoa salami
754018,-1,unclustered,0.0,thumann hot peeper jack loaf
91PQ68,243,cluster_243,0.9538734826087512,thumann onions in sauce 12/16-oz gl
91PQ12,243,cluster_243,0.9169670164155804,thumann roasted peppers 12/12-oz gl
722642,-1,unclustered,0.0,thumann top rnd corned beef
623069,-1,unclustered,0.0,thumann`s 2oz cooked meatballs-10#
752700,-1,unclustered,0.0,thumann`s american cheese loaf
724050,-1,unclustered,0.0,thumann`s beef bologna
744005,-1,unclustered,0.0,thumann`s bologna-long
744230,-1,unclustered,0.0,thumann`s braunschweigr-10/1#
744205,-1,unclustered,0.0,thumann`s braunschweigr-2/4#
744410,-1,unclustered,0.0,thumann`s cooked salami-4#
741054,-1,unclustered,0.0,thumann`s deluxe low sodium ham-9#
799169,-1,unclustered,0.0,thumann`s dussledorf mustard
712210,495,cluster_495,1.0,thumann`s gourmet turkey breast
741285,-1,unclustered,0.0,thumann`s hot ham-7.5#
723625,-1,unclustered,0.0,thumann`s italian cap off roast beef
744075,250,cluster_250,1.0,thumann`s mortadella w/pistachio
754015,268,cluster_268,1.0,thumann`s muenster cheese
722647,-1,unclustered,0.0,thumann`s pastrami bottom round flat
712206,495,cluster_495,1.0,thumann`s premium white turkey breast
754016,-1,unclustered,0.0,thumann`s provolone
754012,-1,unclustered,0.0,thumann`s sharp white cheddar
749321,98,cluster_98,0.6072553147236442,thumann`s taylor pork roll
743024,-1,unclustered,0.0,thumann`s virginia style ham-8# box
722625,-1,unclustered,0.0,thumanns cap off italian roast beef
89102,-1,unclustered,0.0,thyme leaf 2# jamaican
80772400,-1,unclustered,0.0,tilaia
80803580,-1,unclustered,0.0,tilapia
80240,-1,unclustered,0.0,tilapia 350/550 cleaned
80360,-1,unclustered,0.0,tilapia 550 ct. frz whole
80223,-1,unclustered,0.0,tilapia belly nuggets 10#
80017,920,cluster_920,1.0,tilapia fillet 2-3 iqf 10#
76001109,-1,unclustered,0.0,"tilapia fillet 2-5z, retail crystal 10/2"
540351,-1,unclustered,0.0,tilapia fillet 3-5
80018,920,cluster_920,1.0,tilapia fillet 3-5 iqf 10#
80220,921,cluster_921,1.0,tilapia fillet 3-5 ivp 10#
80021,920,cluster_920,1.0,tilapia fillet 5-7 iqf 10#
80022,-1,unclustered,0.0,tilapia fillet 5-7 iqf bulk 20#
80020,921,cluster_921,1.0,tilapia fillet 5-7 ivp 10#
80270,921,cluster_921,1.0,corn on the cob 48ct-z
76095829,-1,unclustered,0.0,"tilapia fillet, sea best (10/2#)"
76005829,-1,unclustered,0.0,"tilapia fillet, sknls sea best (10/1#)"
71204,-1,unclustered,0.0,tilapia loins 10/2#
81040,911,cluster_911,0.9400371738457707,tilapia whole 550/750gr
81050,911,cluster_911,0.8317034355956063,tilapia whole 750up
76174369,-1,unclustered,0.0,"tilapia, black wgs ivp, panamei (10/3#)"
76124360,896,cluster_896,1.0,"tilapia, fil 4oz, ivp rtl panamei 10/2#"
76424360,896,cluster_896,1.0,"tilapia, fil 4oz, ivp rtl panamei 10/4#"
76224360,896,cluster_896,1.0,"tilapia, fil 4oz, ivp rtl panamei 20/1#"
76524360,-1,unclustered,0.0,"tilapia, fil ivp selectrtl panamei 20/1#"
76011450,926,cluster_926,1.0,"tilapia, fillet 2-3oz iqf (10#)"
76014170,926,cluster_926,0.325716645873667,"tilapia, fillet 2-3oz iqf c. blue (10#)"
76011459,926,cluster_926,1.0,"tilapia, fillet 2-3oz, iqf (10#)"
76015809,926,cluster_926,0.31973302546416393,"tilapia, fillet 2-3oz, iqf happy s. 2/5#"
76013479,919,cluster_919,1.0,"tilapia, fillet 2-3oz, iqf mercado del m"
76013489,-1,unclustered,0.0,"tilapia, fillet 2-3oz, iqf pacific dynas"
76019980,926,cluster_926,1.0,"tilapia, fillet 3-5oz, iqf (10#)"
76021109,926,cluster_926,0.325716645873667,"tilapia, fillet 3-5oz, iqf crystal blue"
76013499,926,cluster_926,0.36666233190365394,"tilapia, fillet 3-5oz, iqf fortune`s 10#"
76014750,-1,unclustered,0.0,"tilapia, fillet 3-5oz, iqf hook&b.(10#)"
76023479,919,cluster_919,1.0,"tilapia, fillet 3-5oz, iqf mercado del m"
76023489,-1,unclustered,0.0,"tilapia, fillet 3-5oz, iqf pacific dynas"
76021459,926,cluster_926,0.326432635664556,"tilapia, fillet 3-5oz, iqf rega s. (10#)"
76105239,926,cluster_926,0.3681789341527516,"tilapia, fillet 3-5oz, iqf royal h. 10#"
76029989,927,cluster_927,1.0,"tilapia, fillet 3-5oz, ivp (10#)"
76023499,926,cluster_926,0.3063660878130948,"tilapia, fillet 3-5oz, ivp fortune`s 10#"
76024210,919,cluster_919,1.0,"tilapia, fillet 3-5oz, ivp mercado del m"
76023480,927,cluster_927,0.6202333679817947,"tilapia, fillet 3-5oz, ivp pacific (10#)"
76031459,926,cluster_926,0.6673693393686143,"tilapia, fillet 5-7oz, iqf (10#)"
76033470,919,cluster_919,1.0,"tilapia, fillet 5-7oz, iqf mercado del m"
76035239,926,cluster_926,0.3566530225622568,"tilapia, fillet 5-7oz, iqf royal h. 10#"
76039989,927,cluster_927,1.0,"tilapia, fillet 5-7oz, ivp (10#)"
76034529,-1,unclustered,0.0,"tilapia, fillet 5-7oz, ivp crystal b 10#"
76033499,926,cluster_926,0.32507065771655846,"tilapia, fillet 5-7oz, ivp fortune`s 10#"
76033479,919,cluster_919,1.0,"tilapia, fillet 5-7oz, ivp mercado del m"
76034979,-1,unclustered,0.0,"tilapia, fillet 5-7oz, ivp o. sereni 10#"
76034369,-1,unclustered,0.0,"tilapia, fillet 5-7oz, ivp panamei (10#)"
76031109,-1,unclustered,0.0,"tilapia, fillet 5oz, iqf crystal blue"
76049989,927,cluster_927,1.0,"tilapia, fillet 7-9oz, ivp (10#)"
76044529,-1,unclustered,0.0,"tilapia, fillet 7-9oz, ivp crystal b 10#"
76043479,919,cluster_919,1.0,"tilapia, fillet 7-9oz, ivp mercado del m"
76041500,927,cluster_927,0.819134022125686,"tilapia, fillet 9-11oz, ivp (10#)"
76251699,898,cluster_898,1.0,"tilapia, wgs 350/550, aquanita (10#)"
76261699,898,cluster_898,1.0,"tilapia, wgs 550/750, aquanita (10#)"
76271699,898,cluster_898,1.0,"tilapia, wgs 750/950, aquanita (10#)"
76059989,911,cluster_911,1.0,"tilapia, whole 350/550, (40#)"
76051739,-1,unclustered,0.0,"tilapia, whole 350/550, austin gold 40#"
76053479,911,cluster_911,1.0,"tilapia, whole 350/550, mercado del mar"
76054369,911,cluster_911,1.0,"tilapia, whole 350/550, panamei (40#)"
76053509,911,cluster_911,0.7976392651042453,"tilapia, whole 350/550, prairie nat. 40#"
76055239,911,cluster_911,0.8223069800001354,"tilapia, whole 350/550, royal horse 40#"
76069989,911,cluster_911,1.0,"tilapia, whole 550/750, (40#)"
76061739,911,cluster_911,0.7892070755298101,"tilapia, whole 550/750, austin gold 40#"
76061109,911,cluster_911,0.8290550622517527,"tilapia, whole 550/750, crystal blue 40#"
76063479,911,cluster_911,1.0,"tilapia, whole 550/750, mercado del mar"
76064362,911,cluster_911,1.0,"tilapia, whole 550/750, panamei (40#)"
76065239,911,cluster_911,0.8120049054595159,"tilapia, whole 550/750, royal horse 40#"
76079989,911,cluster_911,1.0,"tilapia, whole 750/950, (40#)"
76075452,-1,unclustered,0.0,"tilapia, whole 750/950, fortune wind 40#"
76073479,911,cluster_911,1.0,"tilapia, whole 750/950, mercado del mar"
76074369,911,cluster_911,1.0,"tilapia, whole 750/950, pamamei (40#)"
76074362,911,cluster_911,1.0,"tilapia, whole 750/950, panamei (40#)"
76071649,-1,unclustered,0.0,"tilapia, whole 750/950, quirch (22#)"
76083479,911,cluster_911,0.908335752386535,"tilapia, whole 950/up, mercado del mar"
76159989,911,cluster_911,0.8411763619091364,"tilapia, whole red 450/550"
76189989,911,cluster_911,0.8148815960975614,"tilapia, whole red 650/750"
76169989,-1,unclustered,0.0,"tilapia, whole red wgs 550/650, (22#)"
76052112,911,cluster_911,0.7840476366236043,"tilapia,whole 350/550, crystal blue(40#)"
76055372,911,cluster_911,0.7931314038199091,"tilapia,whole 350/550, harbor island 40#"
76065372,911,cluster_911,0.8217284956684517,"tilapia,whole 550/750, harbor island 40#"
96024,-1,unclustered,0.0,cup foam 12 oz squat 12sj20 dart
11500,-1,unclustered,0.0,tky bacon bb
96665880,-1,unclustered,0.0,"tky br sliced quarter, kentucky l (8/2l)"
31941,82,cluster_82,1.0,tofu - firm 12/19oz red *ichiban*
31951,82,cluster_82,1.0,tofu - medium 19oz blue *ichiban*
31961,82,cluster_82,1.0,tofu - soft 19oz green *ichiban*
17131011,-1,unclustered,0.0,"tomahaw b/in, ibp (prime)"
17131160,-1,unclustered,0.0,"tomahaw b/in, iowa premium"
17139980,-1,unclustered,0.0,"tomahawk b/in,"
31840,-1,unclustered,0.0,tomatillo (green)
501374,40,cluster_40,1.0,tomatillo whl milpero mad
50142,40,cluster_40,1.0,tomatillo whl pld 36#
501421,40,cluster_40,1.0,tomatillo whl pld 6/#10
50137,40,cluster_40,0.8620784789416365,tomatillo whl skin-on 40#
906610,-1,unclustered,0.0,tomato basil ravioletti-4/4#
906887,192,cluster_192,1.0,tomato basil soup-4/4#
501412,202,cluster_202,0.9074732066331158,tomato iwd roma #1
40171016,204,cluster_204,1.0,tomato paste big 6/#10
40171000,204,cluster_204,1.0,tomato paste red gold 6/#10
22080301,204,cluster_204,1.0,tomato puree 6/#10 s.ben
22080184,204,cluster_204,0.9403932277041765,tomato puree rg 6/#10
90738,204,cluster_204,1.0,tomato sauce 6/#10 full red
50139795,202,cluster_202,1.0,tomato whl 5x6 25#
50139,202,cluster_202,1.0,tomato whl 6x6 25#
22080200,-1,unclustered,0.0,tomato whl pld 6/#10 s.benit
50141,202,cluster_202,0.9074732066331158,tomato whl roma 25#
31830,202,cluster_202,1.0,tomatoes 20lbs 5x6
94332800,-1,unclustered,0.0,tomatoes diced
96544551,-1,unclustered,0.0,"tombstone pepperoni pizza 12"""
25431,-1,unclustered,0.0,tomoshiraga somen
10183860,228,cluster_228,0.8185758036641204,"tongue #1 black, affco"
10181070,228,cluster_228,1.0,"tongue #1 black, caviness"
10189980,228,cluster_228,1.0,"tongue #1 black, h & b"
10184490,228,cluster_228,0.788315701097896,"tongue #1 black, swiss harmony"
10181140,228,cluster_228,0.8110992769282027,"tongue #1 black, western reserved"
10173760,-1,unclustered,0.0,"tongue #1 mixed ivp, liffey"
10171070,228,cluster_228,1.0,"tongue #1 white, caviness"
10174650,-1,unclustered,0.0,"tongue #1 white, frozen lone star"
10179980,228,cluster_228,1.0,"tongue #1 white, h & b"
10173350,-1,unclustered,0.0,"tongue #1 white, premium trim, swift"
10171080,-1,unclustered,0.0,"tongue #1 white, st. helens"
10174490,-1,unclustered,0.0,"tongue #1 white, swiss harmony"
10191145,-1,unclustered,0.0,"tongue #2, (selected) western reserve"
10191070,228,cluster_228,0.7993299771325116,"tongue #2, caviness"
10194490,-1,unclustered,0.0,"tongue #2, harmony"
10193350,-1,unclustered,0.0,"tongue #2, premium trim, swift"
10191140,228,cluster_228,0.761299674152717,"tongue #2, western reserve"
10184830,227,cluster_227,1.0,"tongue black, southeastern provisions"
10209980,-1,unclustered,0.0,"tongue diced cooked, beef (2/5#)"
10201680,-1,unclustered,0.0,"tongue diced cooked, dtm (3/5#)"
10211720,-1,unclustered,0.0,"tongue mixed, republic foods"
10214830,227,cluster_227,1.0,"tongue mixed, southeastern provisions"
10214980,-1,unclustered,0.0,"tongue mixed, the chop shop"
10461000,-1,unclustered,0.0,"tongue root fillet, greater omaha"
10229980,-1,unclustered,0.0,tongue tips excel
10174830,227,cluster_227,1.0,"tongue white, southeastern provisions"
10501680,-1,unclustered,0.0,"tongue whole cooked, dtm"
10504810,-1,unclustered,0.0,"tongue whole cooked, friboi"
10171050,229,cluster_229,1.0,"tongue, #1 white swiss, afg"
10181050,229,cluster_229,1.0,"tongue, #1 white swiss, vp afg"
10191050,229,cluster_229,1.0,"tongue, #2 swiss, afg"
40209980,-1,unclustered,0.0,"tongue, pork"
40201010,1066,cluster_1066,0.8706192421454955,"tongue, pork ibp (#30)"
40201060,-1,unclustered,0.0,"tongue, pork indiana (#40)"
140077,-1,unclustered,0.0,"top butt xt, grass run farms, ch"
240341,-1,unclustered,0.0,"top loin boneless, heritage berkshire"
174001,-1,unclustered,0.0,top round roast capoff
170011,-1,unclustered,0.0,chk br bs rand w .fmc 4/10#
170520,-1,unclustered,0.0,"top round sliced, swift, 5/2#"
174170,38,cluster_38,1.0,"top round, ch, 17-20#"
170009,239,cluster_239,0.909487677286722,"top round, ckd roast beef, p.label"
170006,-1,unclustered,0.0,"top round, ckd, angus, dan`s"
174171,38,cluster_38,1.0,"top round-17-20# caselo, ch"
15101214,-1,unclustered,0.0,"top sirloin butt 1/4`, creekstone (ch)"
15109984,1053,cluster_1053,0.8306556863620085,"top sirloin butt xt, (ch)"
15103694,-1,unclustered,0.0,"top sirloin butt xt, aurora (ch)"
15103794,-1,unclustered,0.0,"top sirloin butt xt, black mountain (ch)"
15101002,1053,cluster_1053,1.0,"top sirloin butt xt, greateromaha (cang"
15101004,1053,cluster_1053,1.0,"top sirloin butt xt, greateromaha (ch)"
15111000,1053,cluster_1053,0.8478930163929645,"top sirloin butt xt, greateromaha (hala"
15111004,1053,cluster_1053,1.0,"top sirloin butt xt, greateromaha heref"
15101012,1053,cluster_1053,0.7644294602425212,"top sirloin butt xt, ibp (cangus)"
15103574,1053,cluster_1053,0.8194192014093514,"top sirloin butt xt, ibp (ch)"
15101011,1053,cluster_1053,0.7644294602425212,"top sirloin butt xt, ibp (prime)"
15101165,1051,cluster_1051,1.0,"top sirloin butt xt, iowa premium (sel)"
15101024,1053,cluster_1053,0.7499430660075492,"top sirloin butt xt, national (ch)"
15101874,-1,unclustered,0.0,"top sirloin butt xt, nebraska beef (ch)"
15111876,-1,unclustered,0.0,"top sirloin butt xt, nebraska bf (n/r)"
15103354,-1,unclustered,0.0,"top sirloin butt xt, swift (ch)"
15103332,-1,unclustered,0.0,"top sirloin butt xt, upper iowa (cangus)"
15103334,1051,cluster_1051,1.0,"top sirloin butt xt, upper iowa (ch)"
15101142,-1,unclustered,0.0,"top sirloin butt xt, westernreserve (can"
15101144,1053,cluster_1053,0.7956350414290876,"top sirloin butt xt, westernreserve (ch)"
15103563,-1,unclustered,0.0,"top sirloin butt, ibp star ranch (ch_ang"
15101164,1051,cluster_1051,1.0,"top sirloin butt, iowa premium (ch)"
15101320,995,cluster_995,1.0,"top sirloin butt, mex gusi"
15101120,995,cluster_995,1.0,"top sirloin butt, mex praderas huastecas"
15101490,995,cluster_995,1.0,"top sirloin butt, mex proboca"
95160,-1,unclustered,0.0,topo chico mineral water glass
7612,116,cluster_116,0.5788408608332901,toppings strawberry 6/10#
15101876,-1,unclustered,0.0,topsirloin butt xt nebraska gold nr_angu
90282014,210,cluster_210,0.5323108068223575,tortilla chip wht whl 6 popo
9028007,-1,unclustered,0.0,tortilla corn fam 6 pk wht
9028003,-1,unclustered,0.0,tortilla corn wht pre-cut raw 20#
90280016,210,cluster_210,0.5225288862023326,tortilla corn yel 6 popo
90280014,-1,unclustered,0.0,tortilla corn yell 5
9028014,210,cluster_210,1.0,tortilla flour wht 12 popo
9028012,210,cluster_210,1.0,tortilla flour wht 14 popo
9028004,210,cluster_210,0.9762764820579514,tortilla flour wht 5 popo
9028006,210,cluster_210,1.0,tortilla flour wht 6 popo
99999903,209,cluster_209,1.0,"tortilla, corn #5, atotonilco (20pkg)"
94104720,209,cluster_209,0.8084084903074539,"tortilla, corn rancho, atotonilco 40pkg"
94184860,209,cluster_209,0.8314057577675639,"tortilla, flauta blanca 5"", popo 8/5dz"
94154860,210,cluster_210,0.6724883088666505,"tortilla, flour 12"", popo 10/10ct"
94164860,210,cluster_210,0.6662900496217656,"tortilla, flour 6"", popo 36/10ct"
94094720,209,cluster_209,1.0,"tortilla, white corn #5, atotonilco 20pk"
94124860,209,cluster_209,1.0,"tortilla, white corn 5"", popo 20/2dzn"
94114720,209,cluster_209,0.981194953731677,"tortilla, yellow corn #5, atotonilco 20p"
94134860,209,cluster_209,0.9727945223823322,"tortilla, yellow corn 5"", popo 20/2dzn"
94174860,209,cluster_209,0.8337557722144713,"tortilla, yellow corn 6"", popo 16/27z"
901343,-1,unclustered,0.0,tortino orange chix pizza rolls-9/24.46
98320480,-1,unclustered,0.0,"tostada 6"" corn shells"
98816000,-1,unclustered,0.0,"tostada corn shell 6"" 20/10 cs"
9028017,-1,unclustered,0.0,tostada el ranc 20ct
96354740,-1,unclustered,0.0,"tostones de pana, mambo (12x1.25lb)"
84642,-1,unclustered,0.0,towel cntr pull 2p
10030,-1,unclustered,0.0,tp chicken breast #829
19440034,-1,unclustered,0.0,trash
84801,68,cluster_68,1.0,trash bag/heavy duty- black 40g
84800,68,cluster_68,1.0,trash bag/heavy duty- black 55g
33,68,cluster_68,1.0,trash bags
84190,71,cluster_71,0.8341717930791609,trash can liner 38x58 1.2 mil black
15209984,290,cluster_290,1.0,"tri-tip, (ch)"
15203694,290,cluster_290,0.9884408786781357,"tri-tip, aurora (ch)"
15203794,-1,unclustered,0.0,"tri-tip, black mountain (ch)"
15203574,290,cluster_290,1.0,"tri-tip, ibp (ch)"
15205473,-1,unclustered,0.0,"tri-tip, iowa best beef (ch angus)"
15201590,290,cluster_290,1.0,"tri-tip, mex fertres"
900035,-1,unclustered,0.0,triangle tofu
48259980,1071,cluster_1071,1.0,"trimmings 50%, combo pork"
48159999,1071,cluster_1071,1.0,pork trimming 50% moe
48059980,1071,cluster_1071,1.0,pork trimming 72% comb
480599809,1071,cluster_1071,1.0,"trimmings 72%, pork moesle (60#)"
18013790,1068,cluster_1068,0.3796563629875704,"trimmings, 50%, beef, black mountain"
18011010,1068,cluster_1068,0.3620042065943038,"trimmings, 50%, beef, ibp"
48052080,-1,unclustered,0.0,"trimmings, 80%, pork boxed, dekalb"
10241050,194,cluster_194,0.9101024348474485,"tripas (split) intestine large, afg 30#"
10241370,194,cluster_194,0.9653314656974707,"tripas (split) intestine large, evp #917"
10239980,194,cluster_194,1.0,"tripas intestine small, (30#)"
10231680,194,cluster_194,1.0,"tripas intestine small, (cooked) (25#)"
10231840,194,cluster_194,0.7876074864229888,"tripas intestine small, (cooked), produc"
10231050,194,cluster_194,1.0,"tripas intestine small, afg (15#)"
10231370,194,cluster_194,0.9653314656974707,"tripas intestine small, evp #91744 (20#)"
10231000,194,cluster_194,0.8537600525815081,"tripas intestine small, greater omaha (3"
10231020,194,cluster_194,0.9885695429740753,"tripas intestine small, national (30#)"
10233350,194,cluster_194,0.868639643349914,"tripas intestine small, swift"
10541020,194,cluster_194,0.8608192374556535,"tripas unsplit intestine lrg, national30"
144006,-1,unclustered,0.0,"tritips, fat-on, ch"
144099,-1,unclustered,0.0,"tritips, peeled, ch"
181888,634,cluster_634,1.0,trky br bi 03-09 fes ct-z
18188713,634,cluster_634,1.0,trky br bi 04-07 *__ -z
181885,634,cluster_634,1.0,trky br bi 04-08 hol ct-z
180111,633,cluster_633,0.6712607654509659,trky br bi 04-08 tvf 6 ct-z
18188714,634,cluster_634,0.8897064069248216,trky br bi 04-09 nrt 6ct -z
181897,633,cluster_633,1.0,trky br bi 10-12 hol 4 ct-z
181894NB,633,cluster_633,0.6354567598940359,trky br bi 10-12 nor 4 ct-z
181895,633,cluster_633,1.0,trky br bi 10-12 nrt 4 ct-z
18038,633,cluster_633,0.5804856796372003,trky br bi 12-14 agro 3 ct-z
1803219,633,cluster_633,0.9619282338037157,trky br bi 12-14 hg 4 ct-z
180321,633,cluster_633,1.0,trky br bi 12-14 hol 4 ct-z
1803217,633,cluster_633,1.0,trky br bi 12-14 nrt 4 ct-z
1803211,633,cluster_633,1.0,trky br bi 12-14 tva 4 ct-z
180325,633,cluster_633,0.5674873944840774,trky br bi 14-16 agro 2 ct-z
1803230,633,cluster_633,1.0,trky br bi 14-16 harv 4 ct-z
180323,633,cluster_633,1.0,trky br bi 14-16 hol 4 ct-z
1803225,633,cluster_633,1.0,trky br bi 14-16 nrt 4 ct-z
18048A,633,cluster_633,1.0,trky br bi 14-16 tvf 4 ct-z
180361,633,cluster_633,0.9678559658973429,trky br bi 16-18 hol 2 ct-z
18049,633,cluster_633,0.9505542981864249,trky br bi 16-18 tvf 2 ct-z
18045,633,cluster_633,0.9678559658973429,trky br bi 18-20 hol 2 ct-z
18035,633,cluster_633,0.6671026730634129,trky br bi 18-20 nor 2 ct-z
1804776,633,cluster_633,0.9505542981864249,trky br bi 18-20 tvf 2 ct-z
18011T,633,cluster_633,0.8295679210620318,trky br bi 20-22 hol 2 ct-z
180522,633,cluster_633,0.8359491478581259,trky br bi 20-22 tvf 2 ct-z
1818889,-1,unclustered,0.0,trky br bi chops -z
18040109,-1,unclustered,0.0,trky br bnl-z fm br meat 40#
18040988,468,cluster_468,1.0,trky br bnl-z hml foil 2/11#
18040105,468,cluster_468,1.0,trky br bnl-z jen foil 218603
18040102,-1,unclustered,0.0,trky br bnl-z nor-40407 br meat 40#
1899180,468,cluster_468,1.0,trky br bnl-z tvf foil 2/11#
18040104,-1,unclustered,0.0,trky br bnl-z tvf-2041 br meat 40#
18040101,-1,unclustered,0.0,trky br bnl.combo 2000#
182014,-1,unclustered,0.0,trky burg jen 3-1
182013,-1,unclustered,0.0,trky burg shen 3-1 80190
17857877,354,cluster_354,0.9282909570580947,trky drums tom-z *__
1820486,354,cluster_354,1.0,trky drums tom-z dak 30#
1820488,354,cluster_354,1.0,trky drums tom-z hok 30#
1820485,354,cluster_354,0.7949359411289549,trky drums tom-z mtp 30# 32001
182044,354,cluster_354,0.7715024992270489,trky drums-hen-z nor 30#
1822814,-1,unclustered,0.0,trky fries 30# mi-z
18228G1,476,cluster_476,0.8181192807712173,trky gizzards tom-z val 30#
18228GZ,476,cluster_476,1.0,trky gizzards-z *__ 30#
1822812,476,cluster_476,1.0,trky gizzards-z car 40#
1822821,476,cluster_476,1.0,trky gizzards-z far 30#
1822815,476,cluster_476,0.887976331722215,trky gizzards-z mit 30#
13209S,476,cluster_476,0.9305954000255373,trky gizzards-z nor 40#
18210789,-1,unclustered,0.0,trky grnd car-12/1#
18210788,-1,unclustered,0.0,trky grnd t.p per-12/1#
182105,505,cluster_505,1.0,trky grnd-z anm-chub 1# 10ct
182102,505,cluster_505,1.0,trky grnd-z anm-chub 1# 20ct
182111,-1,unclustered,0.0,trky grnd-z mit-l-43010 4/5#
18211B,-1,unclustered,0.0,trky grnd-z mit-l-43011 4/5#
18212,-1,unclustered,0.0,trky grnd-z nor 2/10# 30300 tubes
18210B,505,cluster_505,1.0,trky grnd-z nor-chub 1# 20ct
18220NB,-1,unclustered,0.0,trky ham nor-z tav styl 70129 2/7#
1786378,-1,unclustered,0.0,trky kneecaps-z cooper 40#
1786379,-1,unclustered,0.0,trky kneecaps-z mit 40#
1786377,-1,unclustered,0.0,trky leg 1/4-z nor 33#
18229N,-1,unclustered,0.0,trky necks-z mic 30#
18228N,501,cluster_501,0.8945533521284922,trky necks-z nor 30#
1899176,-1,unclustered,0.0,trky or br cpr-z brwn 8164 2/9#
18190,-1,unclustered,0.0,trky or br eck-z-skl
18304,-1,unclustered,0.0,trky or br jen-slc-z 40/.8 24#
183PE64,-1,unclustered,0.0,trky or br mit gl-46502 2/9#
183PE64Z,-1,unclustered,0.0,trky or br mit-z gldl-46502 2/9#
181301,-1,unclustered,0.0,trky or br nor gold-son 60112 2/9#
18107,638,cluster_638,1.0,trky or br nor silv-skl 60216 2/9#
18110789,638,cluster_638,1.0,trky or br nor silv-smk 60264 2/9#
181311,639,cluster_639,0.6841970825550304,trky or br nor-z gold-skl 60038
18131B,639,cluster_639,1.0,trky or br nor-z gold-skl 60116
181119,639,cluster_639,1.0,trky or br nor-z gold-skl smk 60157
18112,639,cluster_639,1.0,trky or br nor-z gold-skl smk 60162
181303,639,cluster_639,0.4412050921231062,trky or br nor-z gold-son 60112
18110789,638,cluster_638,1.0,trky or br nor silv-smk 60264 2/9#
18108,638,cluster_638,1.0,trky or br nor-z silv-skl 60216
181811,638,cluster_638,0.8522201435762123,trky or br nor-z-sig brw 60003 2/9#
1832980,-1,unclustered,0.0,trky or br syg white skl 12# 2-3p
1832227,413,cluster_413,0.7355005502433959,trky or br syg-pastrami 12# 2-3p
18030,-1,unclustered,0.0,trky or br thigh son-z 317002 19#
1832232,356,cluster_356,1.0,trky or br thm .brwnd/oil 2/8.5#
1832253,-1,unclustered,0.0,trky or br thm .low-sod heart 2/9#
1832206,-1,unclustered,0.0,trky or br thm .prem white 2/9#
1832251,642,cluster_642,0.9011166023526156,trky or br thm .smk hky-2/9#
1832212,168,cluster_168,1.0,trky or br thm cajun style 2/8#
1832229,168,cluster_168,1.0,trky or br thm cajun-hlv 5/3.5#
1832210,642,cluster_642,1.0,trky or br thm grmt-2/8.5#
1832210H,642,cluster_642,1.0,trky or br thm grmt-hlv 4/4.5#
1832204,642,cluster_642,0.877152258945559,trky or br thm ital styl 2/7.5#
1832233,643,cluster_643,1.0,trky or br thm map-hny-glz 2/7#
183PE25,-1,unclustered,0.0,trky or br thm-920 wht skin-on 2/9#
183PE30,-1,unclustered,0.0,trky or br thm-925 wht skl 2/9#
183PE16,636,cluster_636,1.0,trky or br thm-browned skl 2/9#
183PE20,636,cluster_636,1.0,trky or br thm-justper brw skl 2/9#
183PE27,-1,unclustered,0.0,trky or br thm-z 920 wht skin-on
1832232Z,356,cluster_356,1.0,trky or br thm-z brwnd/oil 2/8.5#
1832212,168,cluster_168,1.0,trky or br thm cajun style 2/8#
1832213,585,cluster_585,1.0,trky or br thm-z grm all-nat 8.5#
1832210,642,cluster_642,1.0,trky or br thm grmt-2/8.5#
1832247,-1,unclustered,0.0,trky or br thm-z honey & mol 6.5#
1832204,642,cluster_642,1.0,trky or br thm ital styl 2/7.5#
1838101,-1,unclustered,0.0,trky or br thm-z jersey made 2/9#
1832253Z,-1,unclustered,0.0,trky or br thm-z low-sod heart 2/9#
1832233Z,643,cluster_643,1.0,trky or br thm-z map-glz-hlv 4/4#
1832233,643,cluster_643,1.0,trky or br thm map-hny-glz 2/7#
1832224Z,413,cluster_413,0.7715186277354451,trky or br thm-z pastrami 5/4#
1832219Z,585,cluster_585,1.0,trky or br thm-z smk hky all-nat
183224P,642,cluster_642,1.0,trky or br thm-z smk hky-2/9#
1832251,642,cluster_642,1.0,trky or br thm .smk hky-2/9#
1832209Z,642,cluster_642,0.7203224553805305,trky or br thm-z smk skl petite4/2#
183PE16,636,cluster_636,1.0,trky or br thm-browned skl 2/9#
18363,-1,unclustered,0.0,trky or br-z kretschmar 2/8#
1811080,-1,unclustered,0.0,trky or br-z peer smk 45550 6/6#
18111586,-1,unclustered,0.0,trky or-slc-z btb 12/1#
18066881,-1,unclustered,0.0,trky or-slc-z osm-06441 12#
18228MI,501,cluster_501,0.9465707809428305,trky tails -z 30# mit
18228TA,501,cluster_501,0.8998485768736274,trky tails -z 30# nor
182293,501,cluster_501,0.9465707809428305,trky tails -z 30# wlf
1823506,-1,unclustered,0.0,trky tenders-z per 40#
18209T,1093,cluster_1093,1.0,trky thigh meat bnl -z *__ 30#
18225,1093,cluster_1093,1.0,trky thigh meat bnl -z fm 40#
18229,1093,cluster_1093,0.8919201297745786,trky thigh meat bnl -z mit 40#
182299,1093,cluster_1093,1.0,trky thigh meat bnl -z wlf 40#
182292,-1,unclustered,0.0,trky thigh meat bnl-z jennie o 40#
18217,641,cluster_641,0.7329364137266882,trky whl 08-10# nor-rr-z 4ct
182191,-1,unclustered,0.0,trky whl 10-12# car-z 4ct
180382,640,cluster_640,0.5228732804404186,trky whl 10-12# jenno-z 4ct
180383,640,cluster_640,0.8312719647385033,trky whl 10-12# tvf-z 4ct
180386,640,cluster_640,0.5202522933587378,trky whl 10-14# jenno-z 4ct
180387,640,cluster_640,1.0,trky whl 10-14# tvf-z 4ct
1800114,-1,unclustered,0.0,trky whl 10-16# btb-z
18222734,-1,unclustered,0.0,trky whl 10-16# hny 4 ct-z
18224444,641,cluster_641,0.7693154246619048,trky whl 10-16# nor-z 4ct
1800194,-1,unclustered,0.0,trky whl 10-16# sbf-z
18220A,641,cluster_641,1.0,trky whl 12-14# nor-rr-z 4ct
18224885,-1,unclustered,0.0,trky whl 12-14# svo organic-z 2 ct
182206,640,cluster_640,1.0,trky whl 12-14# tvf-z 4ct
182208,-1,unclustered,0.0,trky whl 12-16# jennie o-z 4ct
182223,-1,unclustered,0.0,trky whl 14-16# jennie-o-z 4ct
18222A,641,cluster_641,1.0,trky whl 14-16# nor-rr-z 4ct
180381,640,cluster_640,1.0,trky whl 14-16# tvf-z 4ct
1822467,641,cluster_641,1.0,trky whl 16-18# nor-rr-z 2ct
18224757,640,cluster_640,0.47727582704383725,trky whl 16-18# npr-z 2ct
18224756,640,cluster_640,0.7075488345363286,trky whl 16-18# tvf-z 4ct
1800115,-1,unclustered,0.0,trky whl 16-20# jen-z
1822680,-1,unclustered,0.0,trky whl 16-22# nor 2ct
1800113,-1,unclustered,0.0,trky whl 16-24# btb-z
1823073,-1,unclustered,0.0,trky whl 20-24# car-z 2ct
1823067,640,cluster_640,0.5228732804404186,trky whl 20-24# jen-z 2ct
18250TV1,640,cluster_640,0.5228732804404186,trky whl 20-24# tvp-z 2ct
18252,641,cluster_641,0.9939952470623594,trky whl 24-26# nor-rr-z 2ct
18265,-1,unclustered,0.0,trky whl 28-32#-z 2 ct count
18266,635,cluster_635,1.0,trky whl 28-32#-z 2 ct tvf
182602,635,cluster_635,1.0,trky whl 30-32# 2 ct tvf-z
182608,635,cluster_635,1.0,trky whl 36-38# 2 ct tvc-z
1822284,631,cluster_631,1.0,trky whl-ref amish 16-20# 2 ct
1823066,631,cluster_631,1.0,trky whl-ref amish 20-24# 2 ct
18259,631,cluster_631,1.0,trky whl-ref amish 24-28# 2 ct
18230999,-1,unclustered,0.0,trky whl-ref ho-ka 20-22# 1 ct
1822286,631,cluster_631,0.2542109156260904,trky whl-ref tvf 16-20#
1822287,631,cluster_631,0.2490968186376097,trky whl-ref tvf 24-28#
17864986,502,cluster_502,1.0,trky wing -z *__ 30#
18231,502,cluster_502,0.9894919365011349,trky wing -z car 30#
18204014,-1,unclustered,0.0,trky wing -z jennie-o 30#
18204013,502,cluster_502,1.0,trky wing -z mtp 30#
18204012,502,cluster_502,1.0,trky wing -z nor 30#
18205B,354,cluster_354,0.8668403080547951,trky-smk drums tom-z ash 30#
18204B,354,cluster_354,1.0,trky-smk drums tom-z bel 30#
18228SB,501,cluster_501,0.9793740601735987,trky-smk necks ash 30#
182281,-1,unclustered,0.0,trky-smk necks bel 30#
18228B,501,cluster_501,1.0,trky-smk tails ash 30#
18230B,501,cluster_501,0.951147665671413,trky-smk tails bel 30#
18215,-1,unclustered,0.0,trky-smk whl nor 08-10# 4p 83103
1822980,-1,unclustered,0.0,trky-smk wing anm 30#
18229B,501,cluster_501,1.0,trky-smk wing ash 30#
1822978,501,cluster_501,1.0,trky-smk wing bel 30#
96050,-1,unclustered,0.0,tropical rythms mango
80773100,-1,unclustered,0.0,trout filet -fresh 4oz
71201,-1,unclustered,0.0,trout rainbow fillets
DIESEL,-1,unclustered,0.0,truck fuel
805466,-1,unclustered,0.0,"truffles, pate, blk 6/17.7-oz isola"
84221,-1,unclustered,0.0,tsuru mai brown rice 50# california
80060,-1,unclustered,0.0,tuna cut frozen 22#
80063,-1,unclustered,0.0,tuna ground/minced aa ivp
80062,629,cluster_629,1.0,tuna loins 5-8lb ivp co
80061,628,cluster_628,1.0,tuna saku block ahi co aaa 10oz
78419969,-1,unclustered,0.0,tuna saku yellowfin #10
78784529,546,cluster_546,0.936160844121063,"tuna steaks 6oz, crystal blue (#10)"
78489980,546,cluster_546,1.0,tuna steaks 8oz (#10)
78484520,546,cluster_546,1.0,"tuna steaks 8oz, crystal blue (#10)"
78422179,546,cluster_546,0.6536843942128996,tuna yellowfin portions 2-4oz 4x2.5# (#1
78419980,546,cluster_546,1.0,tuna yellowfin steaks 10oz (#10)
78419986,546,cluster_546,0.8551632922481045,"tuna yellowfin steaks, emc 8oz (#10)"
78634369,629,cluster_629,1.0,"tuna, loin 5-8 lb cc ivp, panamei 30#"
78424369,-1,unclustered,0.0,"tuna, portions ivp, panamei (20/1#)"
10001056,-1,unclustered,0.0,"turano sub rolls 6"""
41129350,-1,unclustered,0.0,turducken ground
42301146,-1,unclustered,0.0,turkey -brest foil turkey valley-18%
99910,-1,unclustered,0.0,foil sheets 9x10 3/4 vintage
41501900,-1,unclustered,0.0,turkey 20/24 organic
41664500,1076,cluster_1076,1.0,turkey 3/1 burgers 5# cs
41405000,1076,cluster_1076,0.9675460053431298,turkey 3/1 burgers perdue
41218603,-1,unclustered,0.0,turkey b/out raw foil 2-8/12 lb /cs jenn
96705620,550,cluster_550,0.8816161644989633,"turkey bacon ,12/12z butterball (9#)"
SP425,550,cluster_550,0.8816161644989633,turkey bacon 12#
41303070,-1,unclustered,0.0,turkey bacon butterball
41548600,550,cluster_550,0.9872092598220918,turkey bacon l/r 16/12 oz pk
95695620,-1,unclustered,0.0,"turkey bacon loso,12/12z butterball (9#)"
391036,-1,unclustered,0.0,"turkey bacon, club pack, o. mayer"
391111,-1,unclustered,0.0,turkey bones
SP410,869,cluster_869,1.0,turkey breakfast sausage links
43410212,-1,unclustered,0.0,turkey breakfast sausage patties 2oz rwa
SP411,869,cluster_869,1.0,turkey breakfast sausage patty
43400693,-1,unclustered,0.0,turkey breast -bonelesss netted 2/9
43400692,-1,unclustered,0.0,turkey breast -bonelesss netted skin on
41800200,1000,cluster_1000,1.0,turkey breast 10/12 raw b/in
41800300,1000,cluster_1000,1.0,turkey breast 12/14 raw b/in
41800500,1000,cluster_1000,0.8665851241118953,turkey breast 16/18 raw b/in-2-cs
41800100,1000,cluster_1000,0.6929748557452893,turkey breast 18/20 b/in
41800700,1000,cluster_1000,0.6812812016883305,turkey breast 20-/up raw b/in
41799900,1000,cluster_1000,0.7410005071304183,turkey breast 4/8 b/in
41611480,1000,cluster_1000,0.5483273160108003,turkey breast 4oz fillet
41800000,1000,cluster_1000,1.0,turkey breast 8/10 raw b/in
41312400,-1,unclustered,0.0,turkey breast b/out raw bake-n-bag coope
43400391,1000,cluster_1000,0.5713012641926657,turkey breast b/out raw netted
41200100,1095,cluster_1095,1.0,turkey breast b/out s/off
41200002,-1,unclustered,0.0,turkey breast b/out s/off combopac
41200001,-1,unclustered,0.0,turkey breast b/out s/off combopac tk va
41350100,1000,cluster_1000,0.5709094057567945,turkey breast b/out s/on raw netted perd
311777,-1,unclustered,0.0,"turkey breast bi split, empire kosher"
311122,1000,cluster_1000,0.6240224522285589,"turkey breast bi, 12-14#"
311048,1000,cluster_1000,0.6448876797765853,"turkey breast bi, 4-8#"
310029,1000,cluster_1000,0.5709094057567945,turkey breast bnls raw netted
41200899,1095,cluster_1095,1.0,turkey breast bnls s/off abf
41611514,-1,unclustered,0.0,turkey breast bone in chop 14oz
SP4011,-1,unclustered,0.0,turkey breast boneless foil*
391990,-1,unclustered,0.0,"turkey breast chop, moesle"
43475021,-1,unclustered,0.0,turkey breast deli hickory smoked 2/8 fr
311040,-1,unclustered,0.0,"turkey breast filet, 4oz, our own"
41218904,791,cluster_791,1.0,turkey breast frenched cut jennie-o
311121,-1,unclustered,0.0,"turkey breast frenched, j.o., 4pc"
43466621,-1,unclustered,0.0,turkey breast golden browned petite low
971117598,-1,unclustered,0.0,turkey breast honey(9-8oz)plumrose
41200300,1000,cluster_1000,0.5436403639236237,turkey breast meat b/out fresh
41200120,1095,cluster_1095,1.0,turkey breast meat b/out s/off
41200800,1095,cluster_1095,1.0,turkey breast meat b/out s/off abf
41251060,-1,unclustered,0.0,turkey breast norbest sweet b/out raw
971116598,1000,cluster_1000,0.5483273160108003,turkey breast o/r(9-8oz)plumrose
43446678,-1,unclustered,0.0,turkey breast oven browned whole 46678
97125740,-1,unclustered,0.0,"turkey breast oven r, bar s 12/14oz"
41634100,1027,cluster_1027,1.0,turkey breast oven roasted norbest
43461240,-1,unclustered,0.0,turkey breast oven roasted petite mt
48501000,1027,cluster_1027,0.9934462702419897,turkey breast oven roasted sliced fz
43463001,-1,unclustered,0.0,turkey breast oven roasted white fresh m
311001,-1,unclustered,0.0,"turkey breast oven roasted, carolina"
41850200,-1,unclustered,0.0,turkey breast oven rost oil browned
41742400,-1,unclustered,0.0,turkey breast pan rst cooper
311030,-1,unclustered,0.0,"turkey breast qtr, foster, oven roasted"
311020,-1,unclustered,0.0,"turkey breast roast, foil wrap, 2pc"
43400792,-1,unclustered,0.0,turkey breast roast/petite s/on french c
41602160,-1,unclustered,0.0,turkey breast s/off oven roasted
41602650,1027,cluster_1027,1.0,turkey breast s/off oven roasted norb
41200901,-1,unclustered,0.0,turkey breast skin/off bnls abf
43488032,-1,unclustered,0.0,turkey breast sliced browned frozen mt
48305,-1,unclustered,0.0,turkey breast sliced frozen mt
43485321,-1,unclustered,0.0,turkey breast sliced hickory smoked fres
43485361,1045,cluster_1045,1.0,turkey breast sliced oven roasted fresh
41868500,-1,unclustered,0.0,turkey breast smoked -fresh 2-9 lb/cs
311003,-1,unclustered,0.0,"turkey breast tender, j.o., brown"
41739836,516,cluster_516,1.0,turkey breast trim
43200011,516,cluster_516,1.0,turkey breast trim mt
42301143,-1,unclustered,0.0,turkey breast turkey valley cook in bag
43468032,1045,cluster_1045,1.0,turkey breast whole oven roasted frozen
SP400,-1,unclustered,0.0,turkey breast-cooked*
43478101,-1,unclustered,0.0,turkey breast-pan whole hickory smoke fr
43468172,1027,cluster_1027,1.0,turkey breast-pan whole oven roasted fro
43400132,1045,cluster_1045,1.0,turkey breast/ thigh roasted s/on frozen
311002,-1,unclustered,0.0,"turkey brst/thigh roast raw, j.o."
41800401,473,cluster_473,0.6481003879245297,turkey bst bone in 10-12
41800400,473,cluster_473,0.6563136959144404,turkey bst bone in 14/16
41422210,-1,unclustered,0.0,turkey burger (2oz sliders )
41497800,1076,cluster_1076,0.8594748473910753,turkey burger 3/1-10#cs
41249810,1081,cluster_1081,1.0,turkey burger 5.33 oz 93/7
41549810,1081,cluster_1081,1.0,turkey burger 5.33 ozte
41723550,1076,cluster_1076,0.9028364855988003,turkey burger all americen
391030,1081,cluster_1081,0.7543467907307886,"turkey burger ckd, jennie, 2.85oz, 30#,"
41723850,1076,cluster_1076,0.8780739632846475,turkey burger mediterranean
41802010,1076,cluster_1076,0.8957793166603799,turkey burger patties perdue
391530,1081,cluster_1081,0.9520750074112861,"turkey burger, 5.3oz, 10#, j.o."
391122,1081,cluster_1081,1.0,"turkey burger, 7oz, 12.25, j.o."
SP413,1076,cluster_1076,1.0,turkey burgers
41664600,1076,cluster_1076,1.0,turkey burgers 2/1
41404000,-1,unclustered,0.0,turkey burgers perdue senandoah 3.53
41404004,-1,unclustered,0.0,turkey burgers pure 4/1
41531030,-1,unclustered,0.0,turkey deli sliced oven roasted buddig
SP4162,-1,unclustered,0.0,turkey diced
41829220,-1,unclustered,0.0,"turkey diced mixed 3/8"""
41544650,-1,unclustered,0.0,"turkey dogs 12#cs 5-1 6"" butterball"
41561886,-1,unclustered,0.0,"turkey dogs 8-1 6"" 2/5 lb"
41618368,-1,unclustered,0.0,"turkey dogs 8-1 6"" 36# cs"
41887400,1092,cluster_1092,0.813057451989709,turkey drums smoked
321001,1092,cluster_1092,0.813057451989709,"turkey drums, smoked, belmont"
321002,1092,cluster_1092,0.7962583024367144,"turkey drums, smoked, villari"
321122,-1,unclustered,0.0,"turkey drums, tray pack, perdue"
321000,1046,cluster_1046,1.0,turkey drumsticks
41161700,1088,cluster_1088,0.8139608628781374,turkey fresh 10/16 fresh- norbest
41501200,-1,unclustered,0.0,turkey fresh 12/15
41161701,1088,cluster_1088,0.8139608628781374,turkey fresh 12/16 fresh- turkey valley
41161801,1088,cluster_1088,0.8139608628781374,turkey fresh 16/20 turkey valley
41161800,1088,cluster_1088,1.0,turkey fresh 16/22 norbest
41501300,1088,cluster_1088,0.8461228339379733,turkey fresh 20/22
41161900,1088,cluster_1088,1.0,turkey fresh 22/28 norbest
41161901,1088,cluster_1088,0.7204790008970183,turkey fresh 22/28 turkey valley
41163000,1088,cluster_1088,1.0,turkey fresh 28/32 norbest
361812,1039,cluster_1039,1.0,"turkey fresh, country day, 8-12#"
11082,-1,unclustered,0.0,turkey fries 40#
11420,-1,unclustered,0.0,turkey gizzards bulk raw frozen 30#
43350213,-1,unclustered,0.0,turkey gizzards frozen
SP415,1078,cluster_1078,0.8701523831243038,turkey ground
41445930,-1,unclustered,0.0,turkey ground anmarfoods
48200000,1078,cluster_1078,1.0,turkey ground breast fresh
41385500,1078,cluster_1078,1.0,turkey ground fresh
41385900,1078,cluster_1078,0.8385938852825326,turkey ground fresh organic
41385000,-1,unclustered,0.0,turkey ground norbest-all natural
48100000,1078,cluster_1078,1.0,turkey ground thigh fresh
48100001,-1,unclustered,0.0,turkey ground thigh frozen 1 lb. units
96735620,-1,unclustered,0.0,"turkey ham skd bb hickory,2/6.5 butt (13"
41701262,-1,unclustered,0.0,turkey ham whole fully cooked
361100,877,cluster_877,0.9801715188073395,"turkey hen, 10-12#"
361140,877,cluster_877,1.0,"turkey hen, 14-16#"
11044,-1,unclustered,0.0,turkey kuckles frozen
41320030,-1,unclustered,0.0,turkey leg quarters
331001,-1,unclustered,0.0,"turkey leg, smoked, 16-20ct"
41501030,1037,cluster_1037,1.0,turkey link sausage 1oz perdue
41717970,1037,cluster_1037,1.0,turkey link sausage 2oz
43350712,-1,unclustered,0.0,turkey livers 50 lb case
381000,-1,unclustered,0.0,turkey necks
11070,-1,unclustered,0.0,turkey necks raw fzn catchweight
41548850,1104,cluster_1104,1.0,turkey necks smoked
97665880,-1,unclustered,0.0,"turkey oven roast 1/4 slcd, k l (12/16l)"
41816550,256,cluster_256,1.0,turkey pastrami 2-7# no peppercor
96745620,256,cluster_256,1.0,"turkey pastrami, 4/1.88-2.63,butt (10#)"
41246400,1082,cluster_1082,1.0,turkey pattie 4oz white jennie-o
41247300,1082,cluster_1082,1.0,turkey pattie 5.33oz premium frozen- jen
41246500,1082,cluster_1082,1.0,turkey pattie 5.33oz white jennie-o
41246100,-1,unclustered,0.0,turkey pattie 7oz savory dark frozen - j
41609020,-1,unclustered,0.0,turkey pot roast
SP450,-1,unclustered,0.0,turkey pulled / raw bnls thighs
41430180,1078,cluster_1078,0.8770977693157669,turkey raw ground
41430160,-1,unclustered,0.0,turkey raw ground 90% -abf
11045,-1,unclustered,0.0,turkey ribs jumbo fc frozen
41816400,-1,unclustered,0.0,turkey salami
48000124,1037,cluster_1037,0.7198446330018162,turkey sausage cajun 4oz
48000123,-1,unclustered,0.0,turkey sausage jalapeno
61009980,1037,cluster_1037,1.0,turkey sausage link 1oz (10#)
207900019,-1,unclustered,0.0,"turkey sausage links, johnsonville (6#)"
41501040,1037,cluster_1037,0.7353782138602306,turkey sausage patties 1.5oz perdue
207900020,-1,unclustered,0.0,"turkey sausage patties, j. dean (5#)"
41350050,-1,unclustered,0.0,turkey skin 40lb cs frozen
41350040,-1,unclustered,0.0,turkey skins 300lb cmbo
41117200,-1,unclustered,0.0,turkey smoked thigh
12340,998,cluster_998,1.0,turkey split breast
12341,998,cluster_998,1.0,turkey split breast b/i
11050,-1,unclustered,0.0,turkey tails ( 20lb)
11080,-1,unclustered,0.0,turkey tails raw frozen( 30#)
41548870,-1,unclustered,0.0,turkey tails smoked
381030,-1,unclustered,0.0,"turkey tails, smoked, 30#"
43210012,-1,unclustered,0.0,turkey tender filet tendon out
351000,-1,unclustered,0.0,"turkey tender, 18#"
351040,-1,unclustered,0.0,"turkey tender, 40#"
11410,-1,unclustered,0.0,turkey thigh b/i bulk frozen
11460,1045,cluster_1045,0.9883447617158874,turkey thigh boneless frozen
41390400,1095,cluster_1095,1.0,turkey thigh meat b/in s/on abf
41300150,1095,cluster_1095,1.0,turkey thigh meat b/out s/off abf
41300140,-1,unclustered,0.0,turkey thigh meat b/out s/off fresh 40lb
41300152,1095,cluster_1095,0.8610402012149998,turkey thigh meat b/out s/on
41300151,1095,cluster_1095,1.0,turkey thigh meat b/out s/on abf
41300000,-1,unclustered,0.0,"turkey thigh meat, b/out-skinless"
341000,1095,cluster_1095,0.8610402012149998,"turkey thigh meat, b/s"
41739837,516,cluster_516,1.0,turkey thigh trim
341122,-1,unclustered,0.0,"turkey thigh, bi, perdue, tray pack"
11400,1046,cluster_1046,1.0,turkey tom drumsticks
361162,1039,cluster_1039,0.9368958142574023,"turkey whol freshe, country day, 16-22#"
SP4031,1087,cluster_1087,0.9172777328318138,turkey whole 10/12*
SP4030,1087,cluster_1087,1.0,turkey whole 12/14*
11102,-1,unclustered,0.0,turkey whole 14/16 turkey valley
SP4032,1087,cluster_1087,1.0,turkey whole 14/16*
11104,1086,cluster_1086,0.8382864876321835,turkey whole 16/18 2pc
SP4033,1087,cluster_1087,0.8361660953121955,turkey whole 18/20 *
41802110,-1,unclustered,0.0,turkey whole 18/20 abf
41803118,-1,unclustered,0.0,turkey whole 18/20 halal
362022,1088,cluster_1088,0.7329194261023765,"turkey whole fresh, 20-22#"
361106,1039,cluster_1039,1.0,"turkey whole fresh, country day, 10-16#"
361012,1089,cluster_1089,0.9456337755510277,"turkey whole fresh, midwest pride 10-14#"
361146,1089,cluster_1089,1.0,"turkey whole fresh, midwest pride 14-16#"
361182,1089,cluster_1089,1.0,"turkey whole fresh, midwest pride 18-20#"
361202,1089,cluster_1089,1.0,"turkey whole fresh, midwest pride 20-22#"
41701260,-1,unclustered,0.0,turkey whole ham 2/6-8#
361114,1087,cluster_1087,1.0,"turkey whole, 10/14#"
361118,-1,unclustered,0.0,"turkey whole, ferndale mkt, 18-20#"
361228,1039,cluster_1039,1.0,"turkey whole, fresh country day, 22-28#"
361149,1087,cluster_1087,0.9355858313737834,"turkey whole, norbest only, 12-14#"
361209,1087,cluster_1087,0.847599085716425,"turkey whole, norbest only, 20-21#"
361249,1087,cluster_1087,0.8683087847402562,"turkey whole, norbest only, 24-26#"
360169,1087,cluster_1087,0.8822104109718898,"turkey whole, norbest, only 16-18#"
371000,-1,unclustered,0.0,turkey wings
43230013,-1,unclustered,0.0,turkey wings drummettes 1st joint only
11043,-1,unclustered,0.0,turkey wings jive fc 12pk/6 frozen
41564871,-1,unclustered,0.0,turkey wings smoked
11042,-1,unclustered,0.0,turkey wings smoked 2nd joint frozen
11040,-1,unclustered,0.0,turkey wings tom bulk frozen
41640003,-1,unclustered,0.0,turkey wings whole
371122,-1,unclustered,0.0,"turkey wings, tray pack, perdue"
361000,1077,cluster_1077,0.7372824882686172,"turkey, 18-20#"
361001,1077,cluster_1077,1.0,"turkey, 20-22#"
361002,1077,cluster_1077,1.0,"turkey, 22-24#"
361003,1077,cluster_1077,1.0,"turkey, 24-26#"
361004,1077,cluster_1077,0.9675777514928388,"turkey, 26-28#"
361280,1077,cluster_1077,0.7529180584237221,"turkey, 28-30#"
41801000,823,cluster_823,1.0,turkeys 10/12 - 4 hd/cs
41801300,823,cluster_823,1.0,turkeys 10/12- 4 hd/cs
41801200,823,cluster_823,1.0,turkeys 12/14 - 4 hd/cs
41803900,823,cluster_823,1.0,turkeys 14/16 - 1 hd/cs
41801401,823,cluster_823,1.0,turkeys 14/16 - 4 hd/cs
41801600,823,cluster_823,1.0,turkeys 16/18 - 2 hd/cs
41801601,823,cluster_823,1.0,turkeys 16/18 2 hd/cs
41801801,823,cluster_823,1.0,turkeys 18/20 - 2 hd/cs
41802001,823,cluster_823,1.0,turkeys 20/22 - 2 hd/cs
41802300,823,cluster_823,0.49149172716325856,"turkeys 22-24, 2 hd/cs jennie-o"
41802022,823,cluster_823,1.0,turkeys 22/24 - 2 hd/cs
41802400,823,cluster_823,1.0,turkeys 24/26 - 2 hd/cs
41802100,823,cluster_823,0.5619935545733362,"turkeys 24/26, 2 hd/cs honeysuckle"
41802024,823,cluster_823,1.0,turkeys 24/26- 2 hd/cs
41802600,823,cluster_823,1.0,turkeys 26/28 - 2 hd/cs
41802800,823,cluster_823,1.0,turkeys 28/32 - 2 hd/cs
41803200,823,cluster_823,0.959844532939861,turkeys 30/32 - 2 hd/cs
41880110,823,cluster_823,1.0,turkeys 8/10 - 4 hd/cs
41803400,-1,unclustered,0.0,turkeys whole smoked 12/14
41801500,823,cluster_823,0.7099958043930941,turkeys- 12/14 4/cs
31870,-1,unclustered,0.0,turnip 25#
50131912,115,cluster_115,0.8794501521756838,turnip green 24ct
25250,-1,unclustered,0.0,"tyj sprng roll pastry 8"" *tyj*"
350928,-1,unclustered,0.0,tyson chicken breast tenderloins-2/#10
343140,-1,unclustered,0.0,tyson rtc jumbo b/s ckn thigh 4/10 lb
610269,-1,unclustered,0.0,tyson sliced pepperoni-pork free
310600,644,cluster_644,1.0,tyson tray pack chicken breast strips
320818,644,cluster_644,1.0,tyson tray pack chicken drumsticks
70000,-1,unclustered,0.0,u/15 shrimp 10/4# case
85460,-1,unclustered,0.0,unagi tare (eel sauce) *lee kum kee
12100415,-1,unclustered,0.0,usda prime spinalis
83430,-1,unclustered,0.0,use -----89850 8x8 3 cmpt
10001066,16,cluster_16,0.7977357544740242,use 10001056
11101407,16,cluster_16,0.9085920913621134,use 11111407
12100222,16,cluster_16,1.0,use 12100215
13540408,16,cluster_16,1.0,use 13101408
13545406,16,cluster_16,1.0,use 13101505
13611606,16,cluster_16,0.6459225420554892,use 13610606
13611610,16,cluster_16,0.6815499101487219,use 13610610
14700410,16,cluster_16,0.6687761299569025,use 14000400
15040000,16,cluster_16,0.6461191156213096,use 15000400
17100513,16,cluster_16,0.7674018416423699,use 17100512
18111041,16,cluster_16,0.8828101957279492,use 18100041
18119402,16,cluster_16,0.8828101957279492,use 18119002
18273280,16,cluster_16,0.6687761299569025,use 19009000
20305041,16,cluster_16,0.6073817576918271,use 20021300
21170270,16,cluster_16,0.8215767387139886,use 21170470
23119999,16,cluster_16,0.8822250822220932,use 23110106
24565468,16,cluster_16,0.8191595004318365,use 24965869
29315000,16,cluster_16,0.7104462438984157,use 29915000
37880501,16,cluster_16,0.6081796246878877,use 37880500
5054,16,cluster_16,0.5560914690568123,use 50020
84081,155,cluster_155,0.5476643096962021,use 84080 plastic soup cups 8oz hs-s8
41704200,16,cluster_16,0.5589654325706812,use code 41701260
620112,-1,unclustered,0.0,using bransweigerliversausno.
620042,-1,unclustered,0.0,using slicing summer 8lb
620043,-1,unclustered,0.0,using stic summer nogarlic 2l
620143,140,cluster_140,0.9455381931947817,using stic summer with garlic 2l
620113,-1,unclustered,0.0,using stk summsausw/garlic 2l
620044,-1,unclustered,0.0,using summer w/jalapeno
622366,241,cluster_241,0.838613635243938,usinger 4-1 jalapeno cheese brat
620114,-1,unclustered,0.0,usinger 4-1 raw brat 6#
620045,-1,unclustered,0.0,usinger 4-1 raw italian 6#
620115,-1,unclustered,0.0,usinger all beef 5-1 hot dog
620069,-1,unclustered,0.0,b.park 5-1 all beef hot dog
620046,-1,unclustered,0.0,usinger andouille
620072,-1,unclustered,0.0,bnls smoked pork loin
620067,-1,unclustered,0.0,6oz smoked pork chop
620116,-1,unclustered,0.0,usinger bavarian wiener
620115,583,cluster_583,1.0,usinger all beef 5-1 hot dog
620070,-1,unclustered,0.0,b.park 8-1 all beef hot dogs
620057,-1,unclustered,0.0,2oz homemade bratwurst links
620110,401,cluster_401,1.0,smoked ham shanks
620105,-1,unclustered,0.0,rb rice ital saus roll-12/1#
620095,-1,unclustered,0.0,j.dean ckd pork sausage links-30#
620097,-1,unclustered,0.0,jimmy dean pork sausage roll
620117,-1,unclustered,0.0,usinger hungarian sausage 4/1
620047,-1,unclustered,0.0,usinger knackwurst (6#)
620048,-1,unclustered,0.0,usinger landjaeger 5# 15pc
620111,-1,unclustered,0.0,smoked pork hock
620061,-1,unclustered,0.0,4-1 homemade brat links 10# b
620053,-1,unclustered,0.0,usinger octoberfest brat 9
620092,222,cluster_222,0.9150031189555123,j.dean bulk italian saus-12/1#
620101,-1,unclustered,0.0,jones precooked sausage patty
620049,-1,unclustered,0.0,usinger polish
620063,-1,unclustered,0.0,usinger ring bologna
620050,-1,unclustered,0.0,usinger weiswurst 5-6/1 6#bx
620074,-1,unclustered,0.0,bratwurst patty 5oz 10# bx
40111010,1001,cluster_1001,1.0,"uteri, ibp, pork"
40111060,1001,cluster_1001,1.0,"uteri, indiana, pork"
40119980,1001,cluster_1001,1.0,"uteri, pork"
140051,1262,cluster_1262,1.0,"utility tenderloin filet 2-3#, 5oz"
140061,1262,cluster_1262,1.0,"utility tenderloin filet 2-3#, 6oz"
140041,1262,cluster_1262,0.9917146474442349,"utility tenderloin filet/2-3#, 4oz"
140071,1262,cluster_1262,1.0,"utility tenderloin filet/2-3#, 7oz"
140032,-1,unclustered,0.0,"utility tenderloin, full trim, 3-4#"
140044,-1,unclustered,0.0,"utility tenderloin, full trim, 4up"
41548910,-1,unclustered,0.0,v
121,75,cluster_75,1.0,vac bags 18x28 3m 250 cs
110,75,cluster_75,0.8179876774137065,vack bags 16x20 3m
67830100,587,cluster_587,0.7636257866764083,veal 4/1 luncheon breaded
61120202,-1,unclustered,0.0,veal arm chuck
63250130,-1,unclustered,0.0,veal bhs strauss
64700100,-1,unclustered,0.0,veal bones cut -imported
410076,-1,unclustered,0.0,veal bones cut up
64700300,510,cluster_510,1.0,veal bones domestic 50lb/cs
68957002,-1,unclustered,0.0,veal bones domestic mixed
1121472,-1,unclustered,0.0,veal bones-z hard-cut pro 50#
1121473,-1,unclustered,0.0,veal bones-z hard-cut wol 50#
11210686,513,cluster_513,1.0,veal bones-z neck 50#
11210688,513,cluster_513,1.0,veal bones-z neck 50# mont
11210689,513,cluster_513,0.9326602264696137,veal bones-z neck 50# mrc
11210687,513,cluster_513,1.0,veal bones-z neck 50# pio
11190,-1,unclustered,0.0,duck necks
11188,-1,unclustered,0.0,veal brain-z marcho 10#
67308000,-1,unclustered,0.0,veal brat cooked-4/1
11122,461,cluster_461,1.0,veal breast bi *
11123,461,cluster_461,1.0,veal breast bnl
11123,461,cluster_461,1.0,veal breast bnl
66950090,461,cluster_461,0.7743279549551864,veal breast bone in
65995000,283,cluster_283,1.0,veal briskets b/in .
65418060,283,cluster_283,1.0,veal briskets fat on
63190070,827,cluster_827,0.9527393356023983,veal butt tenderloin
68689370,844,cluster_844,0.6632488086208616,veal calf liver
68936094,844,cluster_844,0.6632488086208616,veal calf liver 4/1 provimi
11129,-1,unclustered,0.0,veal carcass a 40-50# bob
410078,-1,unclustered,0.0,veal cheek meat
104423,-1,unclustered,0.0,veal cheek-z pro 10#
10442,511,cluster_511,0.833055779703562,veal cheek-z str 10#
62144704,-1,unclustered,0.0,veal chop frenched to eye 16oz provimi
1208955,429,cluster_429,0.9151759193752205,veal chuck bi neck 2ct mrc
1111B,429,cluster_429,1.0,veal chuck bi sqc
1109911,429,cluster_429,1.0,veal chuck clod-bnl pio 15#
1109910,429,cluster_429,1.0,veal chuck clod-bnl prv 15#
61120021,-1,unclustered,0.0,veal chuck roll
61310500,-1,unclustered,0.0,veal chuck short ribs
61120020,-1,unclustered,0.0,veal clod boneless bobby
90008,-1,unclustered,0.0,veal cube steak c/r *catelli*
SP920,1090,cluster_1090,0.6674589343866928,veal cutlet 4 oz
11218776,-1,unclustered,0.0,veal demi glace-z provimi 16#
66966977,-1,unclustered,0.0,veal demi glaze
63340040,-1,unclustered,0.0,veal denuded strip loin slices 3 oz ea
11208889,415,cluster_415,0.6562399238044156,veal diced stew 1.0-in 10# fresh
11212,415,cluster_415,1.0,veal diced stew-z 1.0-in 10# mar
11211,415,cluster_415,1.0,duck - head-on duck 6.0# bulk culvr
11208892,415,cluster_415,0.9814540026908454,veal diced stew-z 1.0-in 10# prv
11208,415,cluster_415,1.0,veal diced stew-z 1.0-in 10# str
11199E1,375,cluster_375,1.0,veal eye of round-z prv 20#
64175090,375,cluster_375,1.0,veal eye round
1121252,-1,unclustered,0.0,veal feet-z cts
411674,-1,unclustered,0.0,veal flank steak
90013,-1,unclustered,0.0,veal fore osso bucco vsp *catelli*
67140000,383,cluster_383,1.0,veal ground
90004,383,cluster_383,1.0,beef patty jamaican halal
11210682,-1,unclustered,0.0,veal ground fine mar 2/5#
11210675,411,cluster_411,1.0,veal ground fine prv 10/1# ret
11210683,411,cluster_411,1.0,veal ground-z fine prv 2/5#
11210679,-1,unclustered,0.0,veal ground-z fine swf 10#
11210680,411,cluster_411,1.0,veal ground-z str 2/5#
1122231,515,cluster_515,1.0,veal head-z cat 2ct
112223C,515,cluster_515,1.0,veal head-z cat 3ct
1122242,515,cluster_515,1.0,veal head-z pro 3ct
68897000,514,cluster_514,1.0,veal heads
11222591,511,cluster_511,0.9823122690086508,veal hearts-z ekro 18#
11222589,511,cluster_511,1.0,veal hearts-z mar 10#
11222587,511,cluster_511,1.0,veal hearts-z str 10#
11222592,511,cluster_511,1.0,veal hearts-z wolv 15#
64131092,-1,unclustered,0.0,"veal hind shank-2"""
64318000,-1,unclustered,0.0,veal hind shank-4pc /cs
410025,478,cluster_478,1.0,veal hindshank 2.5 ossobuco
410079,478,cluster_478,1.0,veal hindshank ossobucco 2in
410082,478,cluster_478,1.0,veal hindshank ossobucco 3in
68191800,-1,unclustered,0.0,veal innerskirts fresh
410096,-1,unclustered,0.0,veal inside slice 4oz full face
64316000,-1,unclustered,0.0,veal knuckles
11213,-1,unclustered,0.0,veal knuckles bnl*
64308000,-1,unclustered,0.0,veal leg b/out - top bottom sirloin - ch
90012,-1,unclustered,0.0,veal leg cutlet cr *catelli*
11165,1091,cluster_1091,1.0,veal leg cutlet-z mar 2-oz 10#
74157988,1091,cluster_1091,1.0,veal leg cutlet-z pio 2-oz 10#
74157987,1091,cluster_1091,0.9318256783629474,veal leg cutlet-z pio 4-oz 10#
11157,1091,cluster_1091,1.0,veal leg cutlet-z prv 2-oz 10#
64190093,-1,unclustered,0.0,veal leg hip culet-5oz
11156801,1091,cluster_1091,0.7237496071110879,veal leg hip cutlet-z 32/5-oz prv
64200094,-1,unclustered,0.0,veal leg slices 4oz
64123451,-1,unclustered,0.0,veal leg-45/55lbs
11235,844,cluster_844,0.888993099781087,veal liver whole *__ 10#
68888800,844,cluster_844,0.7419786289874979,veal liver whole 1pc/cs
11230,844,cluster_844,0.888993099781087,veal liver whole cat 10#
11238,844,cluster_844,0.8459433536395861,veal liver whole pio 10#
11227122,844,cluster_844,1.0,veal liver whole prov-10#
11231,844,cluster_844,0.7847102413050959,veal liver whole str 10#
11230,844,cluster_844,0.898907746552453,veal liver whole cat 10#
11227122,844,cluster_844,1.0,veal liver whole prov-10#
11229015,844,cluster_844,0.653355253797398,veal liver-slcd-z 6-oz mar 10#
11231,844,cluster_844,1.0,veal liver whole str 10#
90005,-1,unclustered,0.0,veal loin chop vsp *catelli*
1117480,-1,unclustered,0.0,veal loin short bi trmd mar 2pc 16#
11173GZ,-1,unclustered,0.0,veal loin short-z bi-br cat
11172GZ,655,cluster_655,1.0,veal loin strip bnl 0x0 *__
1102265,655,cluster_655,1.0,veal loin strip bnl 0x0 prv 10#
11172G1,655,cluster_655,1.0,veal loin strip bnl-z 0x0 str
11172G2,655,cluster_655,0.9074055867138503,veal loin strip bnl-z 0x0 tho
1117482,827,cluster_827,1.0,veal loin tenderloin short-z pio10#
1117481,827,cluster_827,1.0,veal loin tenderloin short-z prv10#
63314040,-1,unclustered,0.0,veal loin trimmed 4x4
64700317,-1,unclustered,0.0,veal marrow bones domestic 10lb/cs
68151008,-1,unclustered,0.0,veal medallion 2oz
410083,513,cluster_513,0.6533685610411821,veal neck bones
64700700,-1,unclustered,0.0,veal necks
410084,655,cluster_655,0.7647944987675344,veal o+o strip loin
61528092,-1,unclustered,0.0,"veal osso buco- 2.5"""
410085,-1,unclustered,0.0,veal ossobucco center cut 1.5in
410086,-1,unclustered,0.0,veal ossobucco center cut 1in
64200195,587,cluster_587,1.0,veal pattie oval 4oz breaded -march fms
64200194,587,cluster_587,1.0,veal pattie oval 4oz breaded -provimi
61286802,-1,unclustered,0.0,veal provimi forshank sliced 2# osso buc
68990770,-1,unclustered,0.0,veal provimi glace de veau 20lb/box
410087,647,cluster_647,0.46855059313650277,veal rack - 6 rib chined
62410076,647,cluster_647,0.3611400838218921,veal rack 6-rib chop ready
62414057,647,cluster_647,0.4502924847150387,veal rack bone 4x4 7 rib
62414046,647,cluster_647,0.3598444087636786,veal rack chop bone 6#
62410020,-1,unclustered,0.0,veal rack single (fr) provimi
62221207,647,cluster_647,0.42815582321096257,veal rack single heavy 7 bone
62446040,1228,cluster_1228,1.0,"veal rib chop 14oz 1"" tail"
62446160,1228,cluster_1228,0.9811887019057701,veal rib chop 16oz
62420050,1228,cluster_1228,1.0,veal rib chop frenched 10oz
410088,-1,unclustered,0.0,veal rib chop frenched e to e
90014,-1,unclustered,0.0,veal rib chop vsp *catelli*
11021996,647,cluster_647,1.0,veal rib rack cr 6r3x3 *
11021330,647,cluster_647,0.8846883048687372,veal rib rack cr 6r4x4 brb 3/6#
11021017,647,cluster_647,1.0,veal rib rack cr 6r9x9 prv 2/6#
11021012,647,cluster_647,1.0,veal rib rack cr 7r3x3 prv 2/6#
11021016,647,cluster_647,0.9011291305871679,veal rib rack cr 7r3x3 prv 3/10#
11021206,647,cluster_647,0.4334389381486613,veal rib rack-z cr 7r-frc cat
62437040,-1,unclustered,0.0,veal rib shop 10oz
1130414,1147,cluster_1147,1.0,veal rib-chop 14s fmc 10#
1130416,1147,cluster_1147,1.0,veal rib-chop 16s fmc 10#
11320A2,1147,cluster_1147,0.923746515581755,veal rib-chop frc16s fmc 10#
11342304,1147,cluster_1147,0.8792964023600485,veal rib-chop frc16s prv 10#
11304,1147,cluster_1147,0.947073186884328,veal rib-chop-cc 12s fmc 10#
1130457,1147,cluster_1147,1.0,veal rib-chop-cc 14s fmc 10#
1130415,1147,cluster_1147,0.5067686058635723,veal rib-chop-z end cut 14s chi 10#
11320A2,1147,cluster_1147,0.923746515581755,veal rib-chop frc16s fmc 10#
11342304,1147,cluster_1147,0.923746515581755,veal rib-chop frc16s prv 10#
62418050,1228,cluster_1228,1.0,veal ribeye chop frenched 12oz 1` tail
90006,-1,unclustered,0.0,veal ribeye roast frenched
62446170,-1,unclustered,0.0,veal ribeye spec fed
90003,-1,unclustered,0.0,veal scallopini fvz vsp rd
68180050,-1,unclustered,0.0,veal shanks -four
1116622,595,cluster_595,0.9711941748333875,veal shnk fore-osob-z prv 2.0-in
11161A,595,cluster_595,1.0,veal shnk hind whl *__
111612,595,cluster_595,1.0,veal shnk hind whl-cc prv
11166D,595,cluster_595,1.0,veal shnk hind-oso-z prv 2.0-in 10#
63340070,827,cluster_827,0.9494357639654315,veal short loin
410089,-1,unclustered,0.0,veal short tender
63347040,827,cluster_827,1.0,veal short tenderloins
90015,-1,unclustered,0.0,veal shoulder 60#
63250040,437,cluster_437,0.6399220530605283,veal sir butt
11177013,437,cluster_437,1.0,veal sir butt/hip c/o mar 7#
11177016,437,cluster_437,0.8328132939740891,veal sir butt/hip c/o pio 10#
11177012,437,cluster_437,1.0,veal sir butt/hip c/o prv 7#
11177015,437,cluster_437,1.0,veal sir butt/hip c/o str 7#
111784,437,cluster_437,0.8512023816641493,veal sir butt/hip c/o-z cat 10#
11114121,-1,unclustered,0.0,veal skirt outer [10#]
66597700,-1,unclustered,0.0,veal skirts strauss
90002,-1,unclustered,0.0,veal slice scallopini cr *catelli*
410090,415,cluster_415,0.5510842447902423,veal stew 10# bag
68585090,-1,unclustered,0.0,veal stew xtra lean
63336040,655,cluster_655,0.7599692378851507,veal strip loin 0x0 provimi
68956060,416,cluster_416,1.0,veal sweetbreads
410091,416,cluster_416,0.9521487396615134,veal sweetbreads 5# bag
74173,416,cluster_416,0.8857209424975919,veal sweetbreads-z cat 10#
74172,416,cluster_416,1.0,veal sweetbreads-z str 10#
63348040,-1,unclustered,0.0,veal tenderloin psmo whole
410092,278,cluster_278,1.0,veal tongue fresh
410092,-1,unclustered,0.0,veal tongue fresh
112308,278,cluster_278,1.0,veal tongue-z gld
11191791,-1,unclustered,0.0,veal top rnd inside c/o pio 2/5#
11191790,-1,unclustered,0.0,veal top rnd inside c/o prv 3/5#
64151050,375,cluster_375,0.9930535148348216,veal top round
64151060,-1,unclustered,0.0,veal top round uncleaned
411864,353,cluster_353,0.8791871298268876,veal trim 1864
11119,283,cluster_283,1.0,veal trim brisket
11240,353,cluster_353,1.0,duck tongues 30# avg
11246,353,cluster_353,1.0,veal trimming 60#** -z
11245,353,cluster_353,1.0,veal trimming-z mar 3/20#
11233,353,cluster_353,1.0,veal trimming-z pio
64140050,353,cluster_353,1.0,veal trimmings 85/15
64140060,353,cluster_353,1.0,veal trimmings 90% cl -
64175040,375,cluster_375,1.0,veal trmmed eye round
1121253,-1,unclustered,0.0,veal whl feet-z cat 50#
30119980,-1,unclustered,0.0,"veal, brains"
39306040,587,cluster_587,0.9423543255572968,"veal, breaded patties, 4oz catelli (10#)"
39302610,587,cluster_587,1.0,"veal, breaded patties, strauss 3oz (12#)"
30219980,-1,unclustered,0.0,"veal, caul fat"
30216040,-1,unclustered,0.0,"veal, caul fat, catelli"
30189980,383,cluster_383,1.0,"veal, ground"
30186040,-1,unclustered,0.0,"veal, ground, catelli (10#)"
30049980,514,cluster_514,1.0,"veal, heads 2pc"
30149980,514,cluster_514,1.0,"veal, heads 3pc"
30139980,511,cluster_511,0.8518823527172971,"veal, hearts"
30159980,-1,unclustered,0.0,"veal, intestines"
30154940,-1,unclustered,0.0,"veal, intestines 2/15# marcho farms 30#"
30152610,-1,unclustered,0.0,"veal, intestines strauss"
30202220,-1,unclustered,0.0,"veal, kidney"
30196040,844,cluster_844,0.678865449244017,"veal, liver 1pc, catelli"
30199980,844,cluster_844,0.6028081585032115,"veal, livers"
38276040,-1,unclustered,0.0,"veal, stew deluxe, catelli"
38279980,415,cluster_415,0.5510842447902423,"veal, stew, (10#)"
30175960,416,cluster_416,1.0,"veal, sweetbread, superior farms"
30122220,278,cluster_278,1.0,"veal, tongue"
30161760,353,cluster_353,1.0,"veal, trimmings"
30009980,-1,unclustered,0.0,"veal, whole carcass"
62417040,647,cluster_647,0.37406078652280944,"veal,7 bone rack"
74160,-1,unclustered,0.0,vealstk brd 3-1 sup-335 10#-z
74156,-1,unclustered,0.0,vealstk unb 3-1 sup-211nl 10#-z
80225012,-1,unclustered,0.0,veg frz mix 12/2.5#
906522,192,cluster_192,1.0,vegetable beef soup-6/8#
86030,27,cluster_27,1.0,vegetable cake shortening
94907300,-1,unclustered,0.0,vegetable onions red
93507540,-1,unclustered,0.0,vegetable shortening cube 76850
25551,-1,unclustered,0.0,vegetable spring roll 1.76oz
94711100,-1,unclustered,0.0,vegetable wh peeled tomatoes 6/10
906030,192,cluster_192,0.9958229322755318,vegetarian vegetable soup-4/4#
SP1050,147,cluster_147,0.6109347769619851,veggie burger - dr. praeger
98108004,-1,unclustered,0.0,veggie burger garden 3.4-4oz
SPV1052,-1,unclustered,0.0,veggie- breakfast sausage
SPV1055,-1,unclustered,0.0,veggie-chicken tenders
SPV1053,-1,unclustered,0.0,veggie-meatballs 10#
99998,-1,unclustered,0.0,vender sample 1/4# patties
SAMPLES,0,cluster_0,1.0,vendor samples
457091,-1,unclustered,0.0,venison b trim
457103,-1,unclustered,0.0,venison berkshire salami-6/6oz
453064,526,cluster_526,1.0,venison cervena tenderloin
450081,-1,unclustered,0.0,venison frenched 8 rib rack
91279955,412,cluster_412,1.0,venison ground 2#
20216,412,cluster_412,1.0,venison ground 2/5#-z
20218,412,cluster_412,1.0,venison ground 4/2.5#-z
79113004,-1,unclustered,0.0,venison leg boneless
79113112,-1,unclustered,0.0,venison legs b/out
20214S,526,cluster_526,0.9549036077573462,venison loin strip -z
457018,-1,unclustered,0.0,venison pate w/apricots & hazelnuts
912779,-1,unclustered,0.0,venison patties 5.3oz 2#
79113225,-1,unclustered,0.0,venison rack 8 bone frenched
79113111,-1,unclustered,0.0,venison sausage
79113000,526,cluster_526,1.0,venison striploins
140007,526,cluster_526,1.0,"venison striploins, cervena"
84055,-1,unclustered,0.0,vermicelli - bean thread 250g/100
84070,-1,unclustered,0.0,vermicelli 50/17.6oz *long kou*
750120,-1,unclustered,0.0,vert. slic amer cheese 120ct
83361,-1,unclustered,0.0,vesin msg med. 20kg (44#)
84452,35,cluster_35,1.0,"vesin straws wrapped 7.75"" only"
22387890,-1,unclustered,0.0,vienna chili no beans
93211216,214,cluster_214,1.0,vinegar apple cider 4/1gal
93211226,214,cluster_214,1.0,vinegar distilled white 4/1 gal
62800,10,cluster_10,1.0,vinyl disposable gloves ( large )
62801,10,cluster_10,1.0,vinyl disposable gloves ( medium )
62802,10,cluster_10,1.0,vinyl disposable gloves ( small )
VOID,-1,unclustered,0.0,void
1365100,191,cluster_191,1.0,volpi slc-z coppa salame 12/4-oz
1330552,191,cluster_191,1.0,volpi slc-z genoa salame 12/4-oz
1316700,191,cluster_191,1.0,volpi slc-z mort/copp/genoa 12/4-oz
12000500,-1,unclustered,0.0,w
740224,418,cluster_418,1.0,w.creek smoked pit hams-2pc box
148413,310,cluster_310,1.0,wagyu 0x1 striploin mb 3-5
148408,310,cluster_310,1.0,wagyu 0x1 striploin mb 8-9
198081,1225,cluster_1225,1.0,wagyu 4oz beef patty
628311,667,cluster_667,1.0,wagyu beef 3-1 hot dog-10#
628511,667,cluster_667,1.0,wagyu beef 5-1 hot dog-10#
168002,-1,unclustered,0.0,wagyu beef back ribs
138296,-1,unclustered,0.0,wagyu beef flank steak-marble score 5
118350,-1,unclustered,0.0,wagyu corned beef brisket
168321,-1,unclustered,0.0,"wagyu hot dog, 32/1"
78204369,-1,unclustered,0.0,"wahoo, stk b/in s/on ivp, panamei 10/2#"
84501,-1,unclustered,0.0,wai wai insant noodles 24x17.5 thailand
86480,22,cluster_22,1.0,wasabi powder 10/2.2#
906032,-1,unclustered,0.0,water 40/16oz nestle
86510,-1,unclustered,0.0,water chesnuts - sliced
86500,-1,unclustered,0.0,water chestnuts - diced
920200,-1,unclustered,0.0,web site sales daily
25251,-1,unclustered,0.0,wei chuan spring roll shells 71002
24992,186,cluster_186,1.0,wei-chuan pork potsticker 2-62181
620124,-1,unclustered,0.0,weisgerber smoked brat
620125,-1,unclustered,0.0,weissgerber fresh brats 7in 6#
312025,-1,unclustered,0.0,wentzel boneless duck breasts-25#
25450,-1,unclustered,0.0,wet noodle 20lb #14 *golden bowl*
1242,-1,unclustered,0.0,wheeling steaks
71690,-1,unclustered,0.0,white clam - cooked (11/20) 10#/case
31921,-1,unclustered,0.0,white onion #1 jumbo blanca
84030,289,cluster_289,1.0,white pepper powder - 5# each
84641,-1,unclustered,0.0,white roll towel 6/case 78000003
30354,-1,unclustered,0.0,white satin bulk 5 gal 7780
94000,-1,unclustered,0.0,white sesame seed (5#/bag) each
410010,-1,unclustered,0.0,white valley veal outside skirt-10#
86110,214,cluster_214,1.0,white vinegar 4x1
78431619,-1,unclustered,0.0,"whiting, fillet 2-4oz skin-on, (40#)"
78682609,-1,unclustered,0.0,"whiting, fillet 6-8oz sknls, (4/10#)"
78584369,-1,unclustered,0.0,"whiting, fillet s-on rtl, panamei 12/2#"
78459989,-1,unclustered,0.0,"whiting, h&g (50#)"
78454369,-1,unclustered,0.0,"whiting, hgt iqf rtl, panamei (15/2#)"
78469969,-1,unclustered,0.0,"whiting,fillet,4-6 skin-on,coomarpes(40)"
78441619,-1,unclustered,0.0,"whiting,fillet4-6 sknls,coomarpes (4/10)"
84651,-1,unclustered,0.0,whole baby corn 250 up
84011,-1,unclustered,0.0,whole black pepper -{ 5#/bag }
50120,731,cluster_731,0.9465309688417045,whole ckd crawfish 16/22
62070,-1,unclustered,0.0,whole cleaned cuttlefish - case u/1
51130,731,cluster_731,1.0,whole cooked crawfish 10-15 10#
50170,731,cluster_731,1.0,pepper jalapeno red 38#
12032670,-1,unclustered,0.0,whole corned beef brisket (flat)
12052670,-1,unclustered,0.0,"whole corned beef brisket, o`connell`s"
50130,731,cluster_731,1.0,whole crawfish 16/22 ssn ckd - ( 10# )
83210,288,cluster_288,0.961568661482795,whole dried chili 6x5
93009980,-1,unclustered,0.0,"whole duck headless, 6 count"
190083,-1,unclustered,0.0,femur whole combo
360049,-1,unclustered,0.0,whole fryer 4lb
52152960,-1,unclustered,0.0,"whole fryer 5/up, perdue"
52151010,-1,unclustered,0.0,"whole fryer 5/up, tyson"
91001530,-1,unclustered,0.0,whole goats skin/on
390812,-1,unclustered,0.0,"whole goose, 8-12#"
30020,-1,unclustered,0.0,whole lamb carcass
40419980,-1,unclustered,0.0,"whole pig carcass, skls large (100-150#)"
289304,661,cluster_661,1.0,"whole pig, 30-40#"
289100,661,cluster_661,1.0,"whole pig, 90-100#"
40019980,661,cluster_661,1.0,"whole pig, large (100-150#)"
40029980,-1,unclustered,0.0,"whole pig, medium (51-99#)"
40039980,661,cluster_661,0.9381742773061064,"whole pig, small (0-50#)"
40009980,-1,unclustered,0.0,"whole pig, with head"
399026,364,cluster_364,0.8613547720910565,whole poussin-16/19-22oz birds
540350,911,cluster_911,0.882634927913904,whole tilapia-350-550
153700005,471,cluster_471,1.0,"whole, fryer 2.5/up, yellow chicken perd"
52052960,471,cluster_471,1.0,"whole, fryer 3.0/up, yellow chicken perd"
52202960,471,cluster_471,0.8637400428916625,"whole, fryer 3.5, yellow chicken perdue"
52065540,-1,unclustered,0.0,"whole, fryer 3.5/up, poly, organi miller"
52062960,471,cluster_471,1.0,"whole, fryer 3.5/up, yellow chicken perd"
52071850,471,cluster_471,0.717612836959079,"whole, fryer 4/up, yellow chicken harris"
52072960,471,cluster_471,0.911930814214317,"whole, fryer 4/up, yellow chicken perdue"
52081850,471,cluster_471,0.6318780828418971,"whole, fryer 5/up, yellow chicken harris"
61115390,1083,cluster_1083,1.0,"whole, turkey 10/14 jennie-o 4pc."
61019980,1086,cluster_1086,1.0,"whole, turkey 12/14, 4pc."
61015390,1083,cluster_1083,1.0,"whole, turkey 14/16 jennie-o 4pc."
61011770,1086,cluster_1086,1.0,"whole, turkey 14/16 norbest 4pc."
61001770,1086,cluster_1086,1.0,"whole, turkey 16/18, norbest 2pc"
61215390,1083,cluster_1083,1.0,"whole, turkey 16/20 jennie-o 2pc."
61225390,1083,cluster_1083,0.5193815558882704,"whole, turkey 20/24 jennie-o"
451025,-1,unclustered,0.0,wild boar andouille 4-1 saus
453110,-1,unclustered,0.0,wild boar baby back ribs
72235648,462,cluster_462,0.9669024726757702,wild boar bnls striploin
72710001,-1,unclustered,0.0,wild boar boneless chuck
451004,462,cluster_462,1.0,wild boar boneless shoulder
451010,462,cluster_462,0.9548399442938484,wild boar brt legs
451132,462,cluster_462,0.9910921088999027,wild boar neck meat
454103,-1,unclustered,0.0,wild boar proscuitto-4# average
451051,-1,unclustered,0.0,wild boar saddle-29# ave
72710000,462,cluster_462,1.0,wild boar shoulder
450255,462,cluster_462,0.9536367097803033,wild boar slab bacon 2/5#ave
450250,462,cluster_462,0.9808930073278345,wild boar stew meat (2/5#)
451022,462,cluster_462,0.9808930073278345,wild boar tenderloin
420947,-1,unclustered,0.0,willow brook aussie 16oz lamb shank
370007,-1,unclustered,0.0,"wing cut portion, iqf, raw, tyson"
370380,-1,unclustered,0.0,"wing med portions, iqf, 4/5#, tyson"
54043390,-1,unclustered,0.0,wings economy miscut mountaire(4/10#)
54055770,-1,unclustered,0.0,"wings hot, f/c #2, mr. z`s (10/2#)"
54049980,866,cluster_866,0.8285300719149081,wings jumbo miscut (40#)
54041580,866,cluster_866,0.704774537518569,"wings jumbo miscut, amick (40#)"
54041040,-1,unclustered,0.0,"wings jumbo miscut, sanderson (44.09#)"
540099800,-1,unclustered,0.0,wings jumbo party
54059980,624,cluster_624,1.0,"wings jumbo party 2jt prtn, (40#)"
54053920,624,cluster_624,0.94671319121391,"wings jumbo party 2jt prtn, amick (40#)"
54054130,624,cluster_624,1.0,"wings jumbo party 2jt prtn, hor (40#)"
54053390,624,cluster_624,0.8058731939474867,"wings jumbo party 2jt prtn, mountaire (4"
54061360,624,cluster_624,1.0,"wings jumbo party 2jt prtn, peco (40#)"
54051040,624,cluster_624,0.7938747073948412,"wings jumbo party 2jt prtn, sanderson (4"
54051340,624,cluster_624,0.8153997507427989,"wings jumbo party 2jt prtn, wayne f. 40#"
54055510,624,cluster_624,0.6078196274874305,"wings jumbo party, sun land (40#)"
54009980,866,cluster_866,1.0,"wings jumbo whole, (40#)"
54011470,866,cluster_866,1.0,"wings jumbo whole, george`s (40#)"
54009980,866,cluster_866,0.9398960205886754,"wings jumbo whole, (40#)"
54003390,866,cluster_866,0.9008210362620661,"wings jumbo whole, mountaire (40#)"
54001360,866,cluster_866,0.8243644157847685,"wings jumbo whole, peco (40#)"
54011220,866,cluster_866,1.0,"wings jumbo whole, pilgrim`s (40#)"
54003400,866,cluster_866,0.9008210362620661,"wings jumbo whole, qasri hill (40#)"
54001040,866,cluster_866,0.9005921184060758,"wings jumbo whole, sanderson (40#)"
54001340,866,cluster_866,0.8345560176382838,"wings jumbo whole, wayne (40#)"
54035120,-1,unclustered,0.0,"wings medium whole, farmers pride (40#)"
54031220,866,cluster_866,0.7972248952540295,"wings medium whole, pilgrim`s (40#)"
370006,-1,unclustered,0.0,"wings oven roasted, ckd, tyson"
54001220,624,cluster_624,0.7326865616845286,"wings party 2jt cvp, pilgrim`s (40#)"
54001220,624,cluster_624,0.7326865616845286,"wings party 2jt cvp, pilgrim`s (40#)"
54055930,527,cluster_527,0.7535480643898392,"wings party buffalo, aunt bessie`s 10/2#"
54051640,527,cluster_527,0.9520910879015807,"wings party buffalo, winganza (10/2#)"
54041640,527,cluster_527,1.0,"wings party buffalo, winganza (4/5#)"
54121470,-1,unclustered,0.0,wings party iqf georges(10/4#)
54051580,-1,unclustered,0.0,"wings party miscut #2 , (40#)"
54004610,-1,unclustered,0.0,"wings party, 2jt iqf, integrity (4/5#)"
54041010,-1,unclustered,0.0,"wings party, 3.5lb bag, chicken tyson"
54005110,527,cluster_527,0.7890209330361637,"wings party, island delight, (16/2.5#)"
54051360,-1,unclustered,0.0,"wings party, peco (40#)"
54001640,-1,unclustered,0.0,"wings portions 1&2 join sections, (8/5#)"
54003610,-1,unclustered,0.0,"wings small, cookin` good (40#)"
54001010,866,cluster_866,0.7011102559498955,"wings small, cvp tyson (40#)"
54021340,866,cluster_866,0.6825989136505973,"wings small, cvp, wayne farms (40#)"
54001470,866,cluster_866,0.7891460705987019,"wings small, george`s (40#)"
54004930,866,cluster_866,0.7323987504219958,"wings small, gerber (40#)"
54004590,866,cluster_866,0.7323987504219958,"wings small, gnp (40#)"
54001280,-1,unclustered,0.0,"wings small, koch (40#) cvp"
54004870,866,cluster_866,0.7564649213247803,"wings small, mar jac (40#)"
54021220,866,cluster_866,0.7972248952540295,"wings small, pilgrim`s (40#)"
540013400,-1,unclustered,0.0,"wings small, wayne farms (40#)"
54003410,-1,unclustered,0.0,"wings whole, gold`n plump (40#)"
54051010,644,cluster_644,1.0,"wings whole, tray pack, tyson chicken"
930199800,-1,unclustered,0.0,"wings, duck"
54002960,-1,unclustered,0.0,"wings, perdue cvp (40#)"
64005390,-1,unclustered,0.0,"wings, turkey 2-joint, jennie-o (30#)"
64004310,-1,unclustered,0.0,"wings, turkey, michigan turkey (30#)"
64009200,-1,unclustered,0.0,"wings, turkey, sensening tky farms"
64009980,-1,unclustered,0.0,"wings, turkey, tom, (30#)"
64009980,-1,unclustered,0.0,"wings, turkey, tom, (30#)"
64001640,-1,unclustered,0.0,"wings, turkey, whitewater (30#)"
450022,-1,unclustered,0.0,wisconsin grass fed rabbit 20#
52191010,102,cluster_102,1.0,"wog 10 hd lemon/pepper, tyson"
52184800,-1,unclustered,0.0,"wog 10 hd, 1.75/2.25, delta sunrise 10ct"
52181010,102,cluster_102,1.0,"wog 10 hd, traditional tyson"
52141019,102,cluster_102,0.8656440487107051,"wog 10 hd, uncooked mojo, tyson"
52181019,102,cluster_102,1.0,"wog 10 hd, uncooked traditional tyson"
52191019,102,cluster_102,0.9780180533876934,"wog 12 hd, uncooked lemon/pepper, tyson"
52264100,90,cluster_90,0.9035478775753388,"wog 2-3/4, 24hd, golden rod"
52093410,39,cluster_39,1.0,"wog 2.5/up, gold`n plump"
52094100,90,cluster_90,0.8361487464231536,"wog 2.5/up, golden rod"
52299980,-1,unclustered,0.0,"wog 2.5/up, split"
10007,-1,unclustered,0.0,fryer bagged 4up
10001,-1,unclustered,0.0,chicken halal
10001,-1,unclustered,0.0,chicken halal
52113610,91,cluster_91,1.0,"wog 3.5/up, 20hd cookin` good"
52114680,-1,unclustered,0.0,"wog 3.5/up, 20hd foster farms"
52111470,92,cluster_92,1.0,"wog 3.5/up, 20hd george`s"
52009980,90,cluster_90,1.0,"wog 3.5/up, 20hd golden rod"
52111280,93,cluster_93,1.0,"wog 3.5/up, 20hd koch"
52004870,-1,unclustered,0.0,"wog 3.5/up, 20hd mar jac"
52111290,91,cluster_91,1.0,"wog 3.5/up, 20hd okfoods"
52111220,92,cluster_92,1.0,"wog 3.5/up, 20hd pilgrim`s"
52003430,93,cluster_93,1.0,"wog 3.5/up, 20hd, koch"
52113410,39,cluster_39,1.0,"wog 3.5/up, gold`n plump"
52005290,-1,unclustered,0.0,"wog 3.5/up, pure prarie"
52004620,-1,unclustered,0.0,"wog 3.5/up, the best dressed chicken"
52103610,91,cluster_91,1.0,"wog 3/up, 22hd cookin` good"
52101280,93,cluster_93,1.0,"wog 3/up, 22hd cvp koch foods"
52104620,-1,unclustered,0.0,"wog 3/up, 22hd the best dressed chicken"
52101890,-1,unclustered,0.0,"wog 3/up, 22hd, case farms"
52161470,92,cluster_92,1.0,"wog 3/up, 22hd, george`s"
52104100,90,cluster_90,1.0,"wog 3/up, 22hd, golden rod"
52101290,91,cluster_91,1.0,"wog 3/up, 22hd, ok foods"
52161220,92,cluster_92,1.0,"wog 3/up, 22hd, pilgrim`s"
52003410,39,cluster_39,1.0,"wog 3/up, gold`n plump"
52003390,-1,unclustered,0.0,"wog 3/up, mountaire"
52161010,102,cluster_102,0.8407203010120414,"wog 4/up cvp seasoned, tyson"
52174930,-1,unclustered,0.0,"wog 4/up cvp, gerber"
52174100,90,cluster_90,1.0,"wog 4/up, 18hd cvp, golden rod"
10002,-1,unclustered,0.0,chicken brst pan ready
10003,-1,unclustered,0.0,wog 6up
25230,97,cluster_97,1.0,wonton wrapper - regular (yellow)
25220,97,cluster_97,1.0,wonton wrapper -regular*baily* blue
24140,97,cluster_97,1.0,wonton wrapper -thick *baily*
24241,97,cluster_97,0.9089865217009102,wonton wrapper for boil-golden bowl
91206,-1,unclustered,0.0,work - labor
620126,-1,unclustered,0.0,wright smoked buffet hams-2pc
19990001,5,cluster_5,1.0,x
12354,16,cluster_16,0.7017824128212642,x use 12110420
18102531,16,cluster_16,0.6999869721205298,x use 18100531
26405021,16,cluster_16,0.6999869721205298,x use 26422030
P118S5,-1,unclustered,0.0,xdept 118 bench trim for grind
95,5,cluster_5,1.0,xx
31970,-1,unclustered,0.0,yam - sweet potatos (jumbo)
85241,-1,unclustered,0.0,yellow cheese block
80346,-1,unclustered,0.0,yellow croaker 500/1000 w/r (22# case)
83330,133,cluster_133,1.0,yellow curry paste *mae ploy*
80067,-1,unclustered,0.0,yellowfin tuna co aaa ground meat
80066,629,cluster_629,1.0,yellowfin tuna co aaa loin 5-8lbs
80064,628,cluster_628,1.0,yellowfin tuna saku block co aaa 8-10oz
80065,628,cluster_628,1.0,yellowfin tuna saku block co aaa12-14oz
501302,-1,unclustered,0.0,yucca
37029273,-1,unclustered,0.0,z
zt,-1,unclustered,0.0,z1
CS138027,-1,unclustered,0.0,zbacon com sl14-18-z aw 32161 12/1#
CS170339,-1,unclustered,0.0,zchk br bs-z fillet 06 oz 4/10#fmc
CS17032K,-1,unclustered,0.0,zchk br bs-z fillet 06 oz 4/10#koc
86112,-1,unclustered,0.0,zhenjiang vinegar 4/3 l
99506,-1,unclustered,0.0,zip-net 18
CS122615,-1,unclustered,0.0,zlamb tripe-z nz 57#
84320,-1,unclustered,0.0,zodiac placemats 1000/cs
31931,-1,unclustered,0.0,zucchini (lg) 40# !!!!!
31930,20,cluster_20,1.0,zucchini (m) 20#
9955385,14,cluster_14,1.0,zvm compart rail divider 28-22-14
9955386,14,cluster_14,1.0,zvm compart rail strips
9955602,14,cluster_14,0.8164748505491106,zvm compart stickers #55602
9955604,14,cluster_14,0.7922007745329941,zvm compart sunrise logo lrg sign
9955387,14,cluster_14,0.7922007745329941,zvm compart tri-fold brochure
ZVMSVO2,-1,unclustered,0.0,zvm ffo danglers 3.5x2
ZVMSVO5,14,cluster_14,0.9998436848164608,zvm ffo divider large 4x24
ZVMSVO4,14,cluster_14,1.0,zvm ffo divider small 4x14
ZVMSVO1,14,cluster_14,0.8154756180475156,zvm ffo rack card 4x9
ZVMSVO3,14,cluster_14,0.9356216162016792,zvm ffo rail strips 11.25x1.25
MKTTHM03,14,cluster_14,0.7897338380162726,zvm thumann`s retail mkt catalog
MKTTHM00,-1,unclustered,0.0,zvm thumann`s ss & price list
10416109,-1,unclustered,0.0,zz bf grnd 80 fine ibp. 8/10# sold*
1397050,-1,unclustered,0.0,zz brkfst-z$ svo link-12/12-oz 9#
178615,-1,unclustered,0.0,zz chk thigh meat pec 10#
22104L,536,cluster_536,1.0,zz hot dog leon ab skl 4-1 10#26063
13066064,-1,unclustered,0.0,zz pork loin bi-cc>10r chops fmc
13123026,-1,unclustered,0.0,zz pork spare rib-z stl com-4695
11321400,-1,unclustered,0.0,zzzzzzzzzzzzzzzz
