product_code,cluster,cluster_id,probability,product_description
184001,-1,unclustered,0.0,"#1 special trim, ch"
89042,-1,unclustered,0.0,#4d tray white
53154,-1,unclustered,0.0,*fulton* pallet for delivery
31311,-1,unclustered,0.0,*jerry only* ginger by pc
22654601,-1,unclustered,0.0,1
62720,-1,unclustered,0.0,1-oz portion cup verde/green sticker
84600,-1,unclustered,0.0,1/6 large t - sacks
84610,-1,unclustered,0.0,1/8 medium t-sacks iedal
590012,-1,unclustered,0.0,10-12oz walleye fillets-frozen
71570,-1,unclustered,0.0,110/130 pud usa 10/5#
18130181,-1,unclustered,0.0,111
20480,-1,unclustered,0.0,12/1# longhorn hot link 35625
454050,-1,unclustered,0.0,12oz buffalo ribeye steaks-10#
41,-1,unclustered,0.0,12x6x14liners
250366,-1,unclustered,0.0,13 farms berkshire pork tomahawk rack
73820,-1,unclustered,0.0,13/15 ez peel white 10/2#
72830,-1,unclustered,0.0,13/15 shirmp s/on 10/4# case
71571,-1,unclustered,0.0,130/150 pud usa 10/5#
410140,-1,unclustered,0.0,14oz french veal rib chop
72012,-1,unclustered,0.0,16/20 p&d white 10/2#
45,-1,unclustered,0.0,17x18x2o linrs
13800500,-1,unclustered,0.0,2
84091,-1,unclustered,0.0,2 oz portion cup clear *pac-link*
84092,-1,unclustered,0.0,2 oz portion lid - pli 162 pac-link
520023,-1,unclustered,0.0,2-3oz beer battered cod portio
72550,-1,unclustered,0.0,20# 71/90 iqf pnd 4/5#
70871,-1,unclustered,0.0,20# scallop 10/20 u.s.a. 4/5#
620056,-1,unclustered,0.0,20031 beef smoked rope sausage
70300,-1,unclustered,0.0,21/25 s/ on *ocean garden* 30#
1220,-1,unclustered,0.0,220 lunch meats
84410,-1,unclustered,0.0,222 rice stick-bun tuoi dac biet
56,-1,unclustered,0.0,23/18/34 blue liners
24565868,-1,unclustered,0.0,24565869
532630,-1,unclustered,0.0,26-30ct cooked tail on shrimp-5/2#
71050,-1,unclustered,0.0,26/30 p & d block 10/4#
620032,-1,unclustered,0.0,2oz british bangers 10# bx
620057,-1,unclustered,0.0,2oz homemade bratwurst links
40,-1,unclustered,0.0,3.5/5.25 label
745123,-1,unclustered,0.0,"3/8"" diced ham-riverside"
30200,-1,unclustered,0.0,3021 rex sole round 4l 800/1000
72081,-1,unclustered,0.0,31/35 p & d - (each) 4#
72321,-1,unclustered,0.0,31/35 p&d t/off - america`s 5/2#
72322,-1,unclustered,0.0,31/40 p&d t/off (10/2# ) seamazz 20#
72330,-1,unclustered,0.0,31/40 pnd iqf shrimp 30gw/24nw rcky
38210130,-1,unclustered,0.0,38301078
310130,-1,unclustered,0.0,3oz fresh bnls/skls chicken brst
FEE,-1,unclustered,0.0,3rd party fee
620051,-1,unclustered,0.0,4-1 all beef hot dogs
620033,-1,unclustered,0.0,4-1 h.m. pre-cook italian link
620662,-1,unclustered,0.0,4-1 ital.saus.link homemade
620164,-1,unclustered,0.0,4-1 smoked andouillie sausage
620058,-1,unclustered,0.0,4/1 h.m. smoked polish
620059,-1,unclustered,0.0,4/1 hungarian smoked brat
99995,-1,unclustered,0.0,404 a 24# bottle
140241,-1,unclustered,0.0,4oz cho. philly stk.
520040,-1,unclustered,0.0,4oz cod loin 10# bx
85440,-1,unclustered,0.0,4oz cup - ys400 *pactiv*
590034,-1,unclustered,0.0,4oz flathead sole-origin pacific-10#
590304,-1,unclustered,0.0,4oz flounder-origin pacific-10#
190444,-1,unclustered,0.0,4oz special trim steak ribeye
22177240,-1,unclustered,0.0,5
623897,-1,unclustered,0.0,5-1 bratwurst
621032,-1,unclustered,0.0,5-1 lamb merguez sausage-12/12oz
550030,-1,unclustered,0.0,5-8ct canadian snow crab legs-30#
620558,-1,unclustered,0.0,5/1 h.m. smoked polish
19990550,-1,unclustered,0.0,50% brisket trim
180034,-1,unclustered,0.0,50% frozen beef fat
70700,-1,unclustered,0.0,51/60 cooked shrimp t/off
72630,-1,unclustered,0.0,51/60 p&d t/off -la fresh- 5/2#
70250,-1,unclustered,0.0,51/60 shell on - s. america 10/4#
720527,-1,unclustered,0.0,"527 cooked corned beef brisket, ressler"
720008,-1,unclustered,0.0,"555 corned beef flat, ressler"
11018,-1,unclustered,0.0,6# duck buddhist wog blue* 144-001
590068,-1,unclustered,0.0,6-8oz walleye fillets-frozen
70760,-1,unclustered,0.0,61-70 cooked pdf golden sea
70240,-1,unclustered,0.0,61/70 shell on-10/4# maximus sea
71260,-1,unclustered,0.0,70/90 peeled & deveined 10/4#
70830,-1,unclustered,0.0,7087 scallop 10/20 (japan)
450083,-1,unclustered,0.0,8 bone frenched elk rack
52301220,-1,unclustered,0.0,"8 piece cut up, marinated pilgrim`s"
399810,-1,unclustered,0.0,8-10oz pheasant airline breasts
83090,-1,unclustered,0.0,8134 lane sanpper wggs 2-3#
83470,-1,unclustered,0.0,8338 panda * 0yster sauce -rojo
164086,-1,unclustered,0.0,8oz choice ribeye steak
140119,-1,unclustered,0.0,8oz end cut ny strip steak
451047,-1,unclustered,0.0,90% lean wild boar trim
73550,-1,unclustered,0.0,90/110 peeled & deveined 40#
72571,-1,unclustered,0.0,91/110 pud iqf 5/2#
70560,-1,unclustered,0.0,91/110 pud shrimp gulf white 50#
AS,-1,unclustered,0.0,a
620034,-1,unclustered,0.0,abbyland slicing summer 2pc
96041,-1,unclustered,0.0,ackee
ADJ,-1,unclustered,0.0,adjustment
94084730,-1,unclustered,0.0,adobo para chorizo el gallo de oro 45#
410054,-1,unclustered,0.0,advance 5oz veal cutlets
900076,-1,unclustered,0.0,advance ctry fried steak-3.8oz
55663,-1,unclustered,0.0,airline bst 10z sngl t/in
83370,-1,unclustered,0.0,ajinomoto - m.s.g. (50#) red
740888,-1,unclustered,0.0,alexander hornung b-in half hams-50#
81010,-1,unclustered,0.0,alexia whole potato rosemary/garlic
920266,-1,unclustered,0.0,all filets
6,-1,unclustered,0.0,all michigan tureky breast layer of 10
920203,-1,unclustered,0.0,all occasions box
10000001,-1,unclustered,0.0,all prices are subject to change
920205,-1,unclustered,0.0,all steaks box
22080182,-1,unclustered,0.0,allspice ground 16 oz
22080217,-1,unclustered,0.0,allspice ground 5#
96622900,-1,unclustered,0.0,"alpple pie 6/cs 10"""
85240,-1,unclustered,0.0,ameramelt cheese block
84243,-1,unclustered,0.0,america medium grain rice 50# 02075
85242,-1,unclustered,0.0,american cheese slices
31000,-1,unclustered,0.0,american eggplant
38173188,-1,unclustered,0.0,andouille 8/1 chicken sausage amylou
86700,-1,unclustered,0.0,andouille sausage seasoning
310140,-1,unclustered,0.0,anmar 4oz marinated b/s chicken breast
190303,-1,unclustered,0.0,anmar 4oz salisbury steak patties-10#
190313,-1,unclustered,0.0,anmar raw meatloaves-15#
40172008,-1,unclustered,0.0,annato achiote paste 12/15-oz
31010,-1,unclustered,0.0,apple 88ct
96531220,-1,unclustered,0.0,apple caramel chudleigh
83990,-1,unclustered,0.0,apple sauce sweetened - hunsty
720115,-1,unclustered,0.0,applegate precooked roast beef
610001,-1,unclustered,0.0,applegate smoked turkey breast
50140201,-1,unclustered,0.0,apples gransmith 72ct
96404740,-1,unclustered,0.0,"arepa cheese, 2ct, mambo (12x14z)"
80019,-1,unclustered,0.0,arln brst 10/12oz amish
13159984,-1,unclustered,0.0,"arm portion b/in, (ch)"
13153790,-1,unclustered,0.0,"arm portion bone in, black mountain (ch)"
190067,-1,unclustered,0.0,armour 1/2oz meatballs-6/4# bags
31020,-1,unclustered,0.0,asparagus 11#
50133403,-1,unclustered,0.0,asparagus lrg 11#
420002,-1,unclustered,0.0,ausi brt lamb legs
420320,-1,unclustered,0.0,aust 32oz & up french lamb rack
420260,-1,unclustered,0.0,aust.26/28oz french lamb rack
620941,-1,unclustered,0.0,avli greek sausage
5051,-1,unclustered,0.0,b
440150,-1,unclustered,0.0,b-in mutton cubes-15#
620148,-1,unclustered,0.0,b-in smoked pork loin
44525240,-1,unclustered,0.0,"baby backribs 1.25, pork chefs choice"
44622090,-1,unclustered,0.0,"baby backribs, pork amity"
84650,-1,unclustered,0.0,baby corn cut 6/5
280140,-1,unclustered,0.0,"bac apple d.s., webster city, 14-18, 15#"
33662008,-1,unclustered,0.0,back rib 3.3lb 2 pack
250125,-1,unclustered,0.0,"back rib peeled, wichita, 1.25#"
240340,-1,unclustered,0.0,"back ribs 3-4 bone, berkshire"
82185810,-1,unclustered,0.0,"backfat salted cov, pork alex deli"
82181440,-1,unclustered,0.0,"backfat salted, pork belmont"
44341570,-1,unclustered,0.0,"backribs 2/up, pork, 1pcvp peeled jasper"
17203334,-1,unclustered,0.0,"backribs beef, upper iowa (ch)"
17203574,-1,unclustered,0.0,"backribs beef, vp, ibp (ch)"
17201024,-1,unclustered,0.0,"backribs cntr cut, beef national (ch)"
44442080,-1,unclustered,0.0,"backribs, #2 pork dekalb"
44343630,-1,unclustered,0.0,"backribs, 1/12 vac, pork pine ridge"
44341980,-1,unclustered,0.0,"backribs, 2.5/up 1pc vp, pork smithfield"
44341060,-1,unclustered,0.0,"backribs, 2/up (1pc) vp, pork indiana"
17203694,-1,unclustered,0.0,"backribs, beef black aurora (ch)"
17203794,-1,unclustered,0.0,"backribs, beef black mountain (ch)"
17201176,-1,unclustered,0.0,"backribs, beef demkota (n/r)"
44342080,-1,unclustered,0.0,"backribs, pork dekalb"
50003390,-1,unclustered,0.0,"backs, chicken mountaire (40#)"
58011850,-1,unclustered,0.0,"backs, yellow chicken harrison (40#)"
920221,-1,unclustered,0.0,backyard bbq box
13852,-1,unclustered,0.0,bacon *__
37312105,-1,unclustered,0.0,bacon 13/17platter 15lb/cs - mariah
37312104,-1,unclustered,0.0,bacon 18/22 platter 15lb/cs - mariah
13853,-1,unclustered,0.0,bacon andy smk rib 25#
290266,-1,unclustered,0.0,"bacon bits ckd, windy hill"
94219,-1,unclustered,0.0,bacon breakfast beef 12oz alsafa halal
13879C,-1,unclustered,0.0,bacon celeb slab derind 4/7#-z
907505,-1,unclustered,0.0,bacon cheddar mac and cheese
1332147,-1,unclustered,0.0,bacon com slab-dr aw 32147 2/10#
1332147,-1,unclustered,0.0,bacon com slab-dr aw 32147 2/10#
134325,-1,unclustered,0.0,bacon com-can-styl 4325 4-7/2-4#-z
13860154,-1,unclustered,0.0,bacon com-end/pcs-z aplw 6/5#
232300,-1,unclustered,0.0,"bacon cooked, jones farm, 300ct, 4.7"
290258,-1,unclustered,0.0,"bacon doub smoked, wc hotel, 12-14 (15#)"
290259,-1,unclustered,0.0,"bacon double smoked, 12-14 5#bx"
290260,-1,unclustered,0.0,"bacon double smoked, bell mills, 12/14"
290242,-1,unclustered,0.0,"bacon economy, pritzlaff, 15# l"
290650,-1,unclustered,0.0,"bacon ends & pieces, 6/5# box per case"
82331060,-1,unclustered,0.0,"bacon ends/pcs, indiana (30#)"
82331060,-1,unclustered,0.0,"bacon ends/pcs, indiana (30#)"
138PB351,-1,unclustered,0.0,bacon fml z 24/1#vp
290226,-1,unclustered,0.0,bacon ground
290256,-1,unclustered,0.0,"bacon honey jalapeno, wc, 14-18"
290265,-1,unclustered,0.0,"bacon hotelpak, pritzlaff, 18-2"
236483,-1,unclustered,0.0,"bacon hri, daily`s 18-22"
13888047,-1,unclustered,0.0,bacon ind-aw sl10-14 80523 lf 15#
1380286,-1,unclustered,0.0,bacon ind-prem sl14-18 80507 pl 15#
1380285,-1,unclustered,0.0,bacon ind-prem sl18-22 80508 pl 15#
13887S,-1,unclustered,0.0,bacon ind-slab r/on sl10 80204 15#
37880129,-1,unclustered,0.0,bacon indiana 10/14 layout
13802014,-1,unclustered,0.0,bacon jones sl09-11 33595 lf 15#
920234,-1,unclustered,0.0,bacon lovers dream
138309,-1,unclustered,0.0,bacon mar sl13-17 3318 pl16/1.5#
138325,-1,unclustered,0.0,bacon mar sl18-22-03327-z 15#
138871,-1,unclustered,0.0,bacon nea-slab r/on sl10 80204 25#
13830483,-1,unclustered,0.0,bacon nueske sl16-20 2174 2/5#
290137,-1,unclustered,0.0,"bacon pecan, hormel, 13-17ct"
13830482,-1,unclustered,0.0,bacon peer sl14-18 20001 pl10/12-oz
138027,-1,unclustered,0.0,bacon peer sl14-18 pl (cozy corner)
1387430,-1,unclustered,0.0,bacon peer-can-styl slcd 12/1.5#-z
290253,-1,unclustered,0.0,"bacon pepper, w.c., 14-18, 15#"
18064765,-1,unclustered,0.0,bacon platter ranch smith packing (25lb)
82311060,-1,unclustered,0.0,"bacon platter thick sliced, 10-14ct 15#"
290300,-1,unclustered,0.0,"bacon preckd, jimmy dean, 300ct"
1387482,-1,unclustered,0.0,bacon rose-can-styl 400101
37880503,-1,unclustered,0.0,bacon single slice 18/22 80503
290249,-1,unclustered,0.0,"bacon slab, 9-11# avg derind"
292171,-1,unclustered,0.0,"bacon sliced applewood, dailys, 13-15ct"
290251,-1,unclustered,0.0,"bacon sliced, top value, 24/1#"
13832015,-1,unclustered,0.0,bacon thm-pre-cooked-z #12500
14006,-1,unclustered,0.0,bacon trky jennie o 12#
138941,-1,unclustered,0.0,bacon web-slab derind aw 2/14#
37999101,-1,unclustered,0.0,"bacon, applegate, sunday natural"
37215268,-1,unclustered,0.0,"bacon, jones 9-11"
37951252,-1,unclustered,0.0,"bacon, natural choice hormel 13-17"
82739990,-1,unclustered,0.0,"bacon, sliced hardw smkd moesle (10#)"
290252,-1,unclustered,0.0,"bacon, top value, 15/1#"
37181340,-1,unclustered,0.0,"bacon,beef ends and pcs"
104306,-1,unclustered,0.0,bacon-beef devanco slc hal 10#-z
104308,-1,unclustered,0.0,bacon-beef slab-z city food 3/7#
104315,-1,unclustered,0.0,bacon-beef slcd-z smk hal bea
13955008,-1,unclustered,0.0,bacon-chkn amy uc hkry smkd-12/8-oz
13857A,-1,unclustered,0.0,bacon-end/pcs-z mar-3367 8/3#
14005,-1,unclustered,0.0,bacon-trky oscar mayer 54860 12#
13860140,-1,unclustered,0.0,bacon-z$ bigbuy sl#2 60140 24/1#
13860145,-1,unclustered,0.0,bacon-z$ bigbuy sl#2 60145 lf 15#
13860320,-1,unclustered,0.0,bacon-z$ bigbuy sl#2 pepper 24/1#
1302222,-1,unclustered,0.0,bacon-z$ clm sl10-12 15# platter
13750D,-1,unclustered,0.0,bacon-z$ daily sl.5-in 37750 lf 15#
13845103,-1,unclustered,0.0,bacon-z$ om-02132# 12/16-oz 12#
99497B,-1,unclustered,0.0,bag paper sandwch 12x15 1000ct
99491,-1,unclustered,0.0,bag t-shirt 500-1000ct
18416356,-1,unclustered,0.0,bagel dog cocktail franks vienna #16356
52024710,-1,unclustered,0.0,"baking hen (gallina) 6 hd, southern hens"
52121640,-1,unclustered,0.0,"baking hen (gallina) frzn, kikiri"
207900018,-1,unclustered,0.0,"ball park beef franks, 5:1, 6"", (2/5lb)"
83300,-1,unclustered,0.0,bamboo chopsticks white envelope
82350,-1,unclustered,0.0,"bamboo skewer 3.0x150mm -6"" 6""only"
31100,-1,unclustered,0.0,banana
909091,-1,unclustered,0.0,bang bang broccoli-12#
900247,-1,unclustered,0.0,barber chicken kiev-24/7oz
900407,-1,unclustered,0.0,barber homestyl chicken kiev-36/4oz
620071,-1,unclustered,0.0,bars 8/1 bunlength wiener 24#
84460,-1,unclustered,0.0,bathroom tissues 96 counts
901091,-1,unclustered,0.0,battered cauliflower wings-4/3#
85070,-1,unclustered,0.0,battered corn nuggets 6/2
900094,-1,unclustered,0.0,"battered onion rings 1/4"""
83313,-1,unclustered,0.0,bay leaf (1#/bag)
83312,-1,unclustered,0.0,bay leaf - 55#/case
94109,-1,unclustered,0.0,bay leaves 1#
718753,-1,unclustered,0.0,bb turkey ham 20% - 2 per case
610002,-1,unclustered,0.0,bball turkey smkoke sausage
920269,-1,unclustered,0.0,bbq box
31150,-1,unclustered,0.0,bean sprout (10#)
50141021,-1,unclustered,0.0,bean sprout 10#
31151,-1,unclustered,0.0,bean sprouts 1#/25 bags/case
SPV1054,-1,unclustered,0.0,bean&ch burrito-4.5oz 96pc 27#
96324740,-1,unclustered,0.0,"beans baby lima, mambo (6x2#)"
97215600,-1,unclustered,0.0,beans baked can
SP120,-1,unclustered,0.0,beef -roast- inside rounds*
40400,-1,unclustered,0.0,beef 0x1 strip nr 10-14 *palo duro*
42100,-1,unclustered,0.0,beef 90% imported bnls beef
42603,-1,unclustered,0.0,beef angus gold chuckroll
41603,-1,unclustered,0.0,beef angus gold knuckle
46703,-1,unclustered,0.0,"beef angus gold xt clod 1/4"""
41303,-1,unclustered,0.0,beef angus gold xt inside round
SP1314,-1,unclustered,0.0,beef b/i ribeye -choice 20 oz*
SP1321,-1,unclustered,0.0,beef b/i ribeye steak ch 22oz*
49030,-1,unclustered,0.0,beef back rib cov ibp/national
49030,-1,unclustered,0.0,beef back rib cov ibp/national
160002,-1,unclustered,0.0,beef back ribs as is
12941000,-1,unclustered,0.0,beef back ribs cut to weigh 1 1/2 dwn
12940000,-1,unclustered,0.0,beef back ribs whole -creekstone
160006,-1,unclustered,0.0,"beef back ribs, split"
12990000,-1,unclustered,0.0,beef back spare ribs
160005,-1,unclustered,0.0,"beef back spareribs, split"
144023,-1,unclustered,0.0,"beef ball tip, diced, 0.5"" 2/5# pk"
144019,-1,unclustered,0.0,"beef ball tip, diced, 1"" 2/5# pk"
44003,-1,unclustered,0.0,beef ball tips *palo duro*
43340,-1,unclustered,0.0,beef balls 30/8oz *venus*
42190,-1,unclustered,0.0,beef banana shank *fc beef* bnls fz
14240502,-1,unclustered,0.0,beef bell knuckle choice (ui)
190037,-1,unclustered,0.0,beef bench trim
34094,-1,unclustered,0.0,beef bites 32oz
42901,-1,unclustered,0.0,beef bone center cut femur paloduro
40380,-1,unclustered,0.0,beef bone-in ribeye tomahawk
1000002,-1,unclustered,0.0,beef boneless clod xt cmb
12410406,-1,unclustered,0.0,beef boneless rib cap meat choice 6oz
12410400,-1,unclustered,0.0,beef boneless rib cap meat prime
41580,-1,unclustered,0.0,beef boneless short rib ibp
42920,-1,unclustered,0.0,beef bones - whole
19110001,-1,unclustered,0.0,beef bones cut-knuckles only
180015,-1,unclustered,0.0,beef bones meaty
15441,-1,unclustered,0.0,beef bones nichalas#
42900,-1,unclustered,0.0,beef bones soup - cut 21135
180023,-1,unclustered,0.0,"beef bones, custom smoked"
180013,-1,unclustered,0.0,"beef bones, local grass fed"
43330,-1,unclustered,0.0,beef bottom round flat
30371,-1,unclustered,0.0,beef bottom round flat ch gop
43331,-1,unclustered,0.0,beef bottom round flat ibp
15000500,-1,unclustered,0.0,beef brisket 120 choice (ui)
15000910,-1,unclustered,0.0,beef brisket 120 choice light
15000400,-1,unclustered,0.0,beef brisket 120 choice-ibp
40367,-1,unclustered,0.0,beef brisket ad code
SP121,-1,unclustered,0.0,beef brisket choice*
15100500,-1,unclustered,0.0,beef brisket flat angus choice
41700,-1,unclustered,0.0,beef brisket flat choice
10171072,-1,unclustered,0.0,beef brisket fully cooked -vienna-21400
15280000,-1,unclustered,0.0,beef brisket pastrami vienna
41720,-1,unclustered,0.0,beef brisket points fzn *palo duro*
19090000,-1,unclustered,0.0,beef brisket points raw
41770,-1,unclustered,0.0,beef brisket }fc beef{ mex frozen
18200301,-1,unclustered,0.0,beef btft
41220,-1,unclustered,0.0,beef btm sirl flap meat star ranch angus
18100808,-1,unclustered,0.0,beef burger kobe-8oz 10# case
94700,-1,unclustered,0.0,beef burger patties halal
18134610,-1,unclustered,0.0,beef burger prime 10 oz 77/23
19202000,-1,unclustered,0.0,beef cachett de res american
19192620,-1,unclustered,0.0,beef casings 50/55
19202620,-1,unclustered,0.0,beef casings 55/60
43870,-1,unclustered,0.0,beef bottom sirloin tri tip ch angs
SP135,-1,unclustered,0.0,beef ch skirt stk-outr peeled*
44200,-1,unclustered,0.0,beef ch xt top butt
37584,-1,unclustered,0.0,beef ch xt top butt cc gop
190602,-1,unclustered,0.0,"beef cheak meat, 60#"
90150,-1,unclustered,0.0,beef cheek meat gop 60#
190310,-1,unclustered,0.0,"beef cheek meat, 3-10# cs"
19200000,-1,unclustered,0.0,beef cheek meat-60lb cs
190010,-1,unclustered,0.0,"beef chili, bg, 2/10#"
19009400,-1,unclustered,0.0,beef choice chuck roll for taco meat
140333,-1,unclustered,0.0,"beef choice tenderloin drop filet, 3oz"
19010001,-1,unclustered,0.0,beef chopped steak 80/20
11000202,-1,unclustered,0.0,beef chuck 2pc nr evp
11100500,-1,unclustered,0.0,beef chuck clod choice xt hearts
11100201,-1,unclustered,0.0,beef chuck clod nr xt
11100600,-1,unclustered,0.0,beef chuck clod prime
11100300,-1,unclustered,0.0,beef chuck clod select
11400400,-1,unclustered,0.0,beef chuck clod tender choice
11400200,-1,unclustered,0.0,beef chuck clod tender nr
11110401,-1,unclustered,0.0,beef chuck clods choice cut 1/2 inch
11320400,-1,unclustered,0.0,beef chuck flap tail choice
11300800,-1,unclustered,0.0,beef chuck flap tail wagyu
11910000,-1,unclustered,0.0,beef chuck pectoral meat choice
11200010,-1,unclustered,0.0,beef chuck ribletts excel 10428
11399000,-1,unclustered,0.0,beef chuck roast 6lb
11200600,-1,unclustered,0.0,beef chuck roll prime
42620,-1,unclustered,0.0,beef chuck roll xt star ranch angus
11200500,-1,unclustered,0.0,beef chuck roll-neckoff choice (ui)
11100400,-1,unclustered,0.0,beef chuck rolls/ clods prime
11310500,-1,unclustered,0.0,beef chuck short ribs (ui)
11310510,-1,unclustered,0.0,beef chuck short ribs (ui)-pack 1per
11310422,-1,unclustered,0.0,"beef chuck short ribs bone in 1.5 x 1.5"""
11321000,-1,unclustered,0.0,beef chuck short ribs boneless
11321440,-1,unclustered,0.0,beef chuck short ribs choice boneless
41500,-1,unclustered,0.0,beef chuck shortrib (4 bone)
30332,-1,unclustered,0.0,beef chuck shortrib ch gop
48500,-1,unclustered,0.0,beef chuck tender
11400510,-1,unclustered,0.0,beef chuck tender choice ind pack
48501,-1,unclustered,0.0,beef chuck tender ibp
11600400,-1,unclustered,0.0,beef chuck tender scotties choice
11403400,-1,unclustered,0.0,beef chuck tenderloin choice
11500404,-1,unclustered,0.0,beef chuck under blade (denver cut)
48500,-1,unclustered,0.0,beef chuck tender
11300408,-1,unclustered,0.0,beef chuckflap bnls choice 8oz
11401009,-1,unclustered,0.0,"beef chunks (teres major) 1 1/2"""
42610,-1,unclustered,0.0,beef clod blade rollstock (patio steak)
42608,-1,unclustered,0.0,beef clod choice (flat iron out)
42609,-1,unclustered,0.0,beef clod select (flat iron out)
15110000,-1,unclustered,0.0,beef corned briskets cooked-18919
15122002,-1,unclustered,0.0,beef corned briskets raw-2 pc /cs
15124335,-1,unclustered,0.0,beef corned briskets raw-box
44215,-1,unclustered,0.0,beef coulotte choice(butt cap)
43312,-1,unclustered,0.0,beef cow cheek meat +palo duro+ 60#
12000412,-1,unclustered,0.0,beef cowboy cut rib choice angus
12000612,-1,unclustered,0.0,beef cowboy cut rib prime
190035,-1,unclustered,0.0,"beef crumbles precooked, 15#"
190036,-1,unclustered,0.0,"beef crumbles quality ckd, 40#"
190025,-1,unclustered,0.0,"beef cube in brown sauce, ckd"
19530000,-1,unclustered,0.0,beef cut for stroganoff
19500002,-1,unclustered,0.0,beef cut for stroganoff-tenderloin
15000418,-1,unclustered,0.0,beef denver steaks 10oz
19550000,-1,unclustered,0.0,beef dried bresaola
907801,-1,unclustered,0.0,beef empanada
45350,-1,unclustered,0.0,beef eye of round *palo duro* only
30271,-1,unclustered,0.0,beef eye of round choice gop halal
45301,-1,unclustered,0.0,beef eye of round ibp choice
SP1231,-1,unclustered,0.0,beef eye rounds ch*
194085,-1,unclustered,0.0,"beef fajita strip, 2/5#"
13802714,-1,unclustered,0.0,"beef fajita strips 1/4"" x 1/4"" x3"""
82171250,-1,unclustered,0.0,beef fajita strips full ckd season (10#)
19980002,-1,unclustered,0.0,beef fat- rendered (tallow)
90114,-1,unclustered,0.0,beef feet gop 30#
42980,-1,unclustered,0.0,beef femur bones center cut liffey
19100003,-1,unclustered,0.0,beef femur c/c bone
10159980,-1,unclustered,0.0,beef femur/knuckles bones
13515006,-1,unclustered,0.0,beef fillet peeled 6oz-choice
40083,-1,unclustered,0.0,beef flank steak *i.b.p.*frozen !!
17100515,-1,unclustered,0.0,beef flank steak choice angus 10lb/cs
17100514,-1,unclustered,0.0,beef flank steak use 17100515
17100200,-1,unclustered,0.0,beef flank steak utility
41400,-1,unclustered,0.0,"beef flank, rough flank- frozen pd"
41270,-1,unclustered,0.0,beef flap meat -su karne- mex
41220,-1,unclustered,0.0,beef btm sirl flap meat star ranch angus
14449000,-1,unclustered,0.0,beef flat eye denuded
11111407,-1,unclustered,0.0,beef flat iron 7oz
11101610,-1,unclustered,0.0,beef flat iron steak prime 10oz
43330,-1,unclustered,0.0,beef bottom round flat
154120,-1,unclustered,0.0,"beef flats, ch, 8-12#avg"
154080,-1,unclustered,0.0,"beef flats, ch, cs, 8-12#avg"
170001,-1,unclustered,0.0,"beef flats, grass run farms, ch"
83780,-1,unclustered,0.0,beef flavor paste 490115 *por kwan*
19009100,-1,unclustered,0.0,beef for taco meat cvp
19009145,-1,unclustered,0.0,"beef for taco meat diced 1/4 x 1/4"""
18480041,-1,unclustered,0.0,beef franks 10/1 ward`s
18480051,-1,unclustered,0.0,beef franks 5/1 leons
18480071,-1,unclustered,0.0,beef franks 6/1 leons
97605880,-1,unclustered,0.0,"beef franks jumbo, scott pete (16/14z)"
18481001,-1,unclustered,0.0,beef franks mini vienna pups
18481181,-1,unclustered,0.0,beef franks n/c -6/1-10lb vienna
18481091,-1,unclustered,0.0,beef franks skls 10/1-
18481051,-1,unclustered,0.0,beef franks snls 5/1-10lb vienna
18488051,-1,unclustered,0.0,beef franks wagyu 5/1
43335,-1,unclustered,0.0,beef gooseneck btm round
190211,-1,unclustered,0.0,"beef goulash, 2/10# pkg"
19971000,-1,unclustered,0.0,beef gravy au jus gallon
990610,-1,unclustered,0.0,beef gravy-canned
18100600,-1,unclustered,0.0,beef ground 1# roll stock
18104021,-1,unclustered,0.0,beef ground 70-30% pork
18273230,-1,unclustered,0.0,beef ground 73 lean -cvp 10lb bags
18200101,-1,unclustered,0.0,beef ground 80/20 1# roll stock
18260005,-1,unclustered,0.0,beef ground 80/20 5#
18200500,-1,unclustered,0.0,beef ground 80/20 angus
190039,-1,unclustered,0.0,"beef ground 80/20, 10/1#"
18260001,-1,unclustered,0.0,beef ground 81/19 60 lb cs go
18260002,-1,unclustered,0.0,beef ground 81/19 fresh pattie mix
18200185,-1,unclustered,0.0,beef ground 85/15 fresh 10lb bag anmar
18230008,-1,unclustered,0.0,beef ground 8oz frz
18260003,-1,unclustered,0.0,beef ground 90% frz
1810091,-1,unclustered,0.0,beef ground 90/10
18160004,-1,unclustered,0.0,beef ground 90/10 fresh rollstock
18265005,-1,unclustered,0.0,beef ground angus-81/19 5# vac pac
18120000,-1,unclustered,0.0,beef ground brisket 80/20
190600,-1,unclustered,0.0,"beef ground brisket and chuck, 80/20"
18218000,-1,unclustered,0.0,beef ground bulk custom blend - cvp
18230080,-1,unclustered,0.0,beef ground bulk double blend fine grind
18208000,-1,unclustered,0.0,beef ground bulk triple special blend
18230015,-1,unclustered,0.0,beef ground chuck 85/15
18140090,-1,unclustered,0.0,beef ground chuck 90/10 fresh
18200300,-1,unclustered,0.0,beef ground coarse - fine
18100400,-1,unclustered,0.0,beef ground coarse fresh
18230000,-1,unclustered,0.0,beef ground coarse fresh protein added
18100601,-1,unclustered,0.0,beef ground cvp
18140091,-1,unclustered,0.0,beef ground cvp 90/10
SP1101,-1,unclustered,0.0,beef ground fresh
SP11025,-1,unclustered,0.0,beef ground fresh 2 - 5#
SP11042,-1,unclustered,0.0,beef ground fresh 4 - 2.5#
SP100,-1,unclustered,0.0,beef ground frozen
18242000,-1,unclustered,0.0,beef ground grass fed-2/5 frozen
18140421,-1,unclustered,0.0,beef ground patties 2/1 80/20 vac pac
18140004,-1,unclustered,0.0,"beef ground patties 4""/4oz/73/27"
18110441,-1,unclustered,0.0,beef ground patties 4/1 10# cs
18103041,-1,unclustered,0.0,beef ground patties 4/1 fresh
18198041,-1,unclustered,0.0,beef ground patties 4/1 thin
18100006,-1,unclustered,0.0,beef ground patties 6/oz 28per cs
18160032,-1,unclustered,0.0,beef ground patties 6oz-pub style 27/cs
18160031,-1,unclustered,0.0,beef ground patties 6oz-pub style-27cs
18100503,-1,unclustered,0.0,beef ground patties 80/20
18210030,-1,unclustered,0.0,beef ground patties 80/20 3/1
18100406,-1,unclustered,0.0,beef ground patties 80/20 6oz
18119073,-1,unclustered,0.0,beef ground patties 80/20 prime 6/1
18110541,-1,unclustered,0.0,beef ground patties angus 4/1
18100531,-1,unclustered,0.0,beef ground patties angus steak blend
18101106,-1,unclustered,0.0,beef ground patties chuck round-32/6oz
18140541,-1,unclustered,0.0,beef ground patties chuck trim
18218007,-1,unclustered,0.0,beef ground patties custom blend 7oz
18100121,-1,unclustered,0.0,beef ground patties pure oval 2/1
13820121,-1,unclustered,0.0,beef ground patties sirloin 2/1
18900300,-1,unclustered,0.0,beef ground patties steak burger
18100610,-1,unclustered,0.0,beef ground patties usda prime
18180010,-1,unclustered,0.0,beef ground sirloin 80/20
18534002,-1,unclustered,0.0,beef ground triple blend 2oz slider
190751,-1,unclustered,0.0,"beef ground, 75/25, 10lb bag"
190803,-1,unclustered,0.0,"beef ground, 80/20 w/3%, pro, 5lb"
190802,-1,unclustered,0.0,"beef ground, 80/20, 2# tubes"
180112,-1,unclustered,0.0,"beef ground, empire kosher, 12/1#"
190007,-1,unclustered,0.0,"beef ground, special blend"
12500606,-1,unclustered,0.0,beef hanger steak prime 6oz
46160,-1,unclustered,0.0,beef hanging tender +creekstone+
12510200,-1,unclustered,0.0,beef hanging tender no roll
46200,-1,unclustered,0.0,beef hanging tender palo duro 42365
12511000,-1,unclustered,0.0,beef hanging tenderloin pieces
40617,-1,unclustered,0.0,beef hanging tenders frozen *jbs*
180004,-1,unclustered,0.0,beef head
41019,-1,unclustered,0.0,beef head (2pc/cs)
10095470,-1,unclustered,0.0,"beef heads, w/tongue, 2pcs iowa best"
45400,-1,unclustered,0.0,beef hearts
190601,-1,unclustered,0.0,"beef hearts, bulk frozen, 60#"
46970,-1,unclustered,0.0,beef hind shank //ibp// bone-in
46900,-1,unclustered,0.0,beef hind shank bone-in *palo duro*
14910000,-1,unclustered,0.0,beef hindshank bone in (ui)
190003,-1,unclustered,0.0,"beef hindshank, ch"
19010000,-1,unclustered,0.0,beef hoagie steak 5oz
18090606,-1,unclustered,0.0,beef hoagie y kit jtm(4-2.5oz)
190023,-1,unclustered,0.0,"beef hot sticks, 6-7 in 5/1# cs"
16180500,-1,unclustered,0.0,beef inner skirts choice (ui)
16180501,-1,unclustered,0.0,beef inner skirts choice (ui) peeled
11000002,-1,unclustered,0.0,beef inside caps boneless
12168,-1,unclustered,0.0,"beef inside round cab gop xt 1/4"""
32168,-1,unclustered,0.0,"beef inside round ch gop xt 1/4"""
41305,-1,unclustered,0.0,beef inside round commodity
33168,-1,unclustered,0.0,beef inside round denuded ch gop
41320,-1,unclustered,0.0,beef inside round xtstar ranch angus
46600,-1,unclustered,0.0,beef inside skirt angus
19800000,-1,unclustered,0.0,beef jerky peppered
SP141,-1,unclustered,0.0,beef julienne
190043,-1,unclustered,0.0,"beef kabob 0.75 sirloin nr, 4oz"
144100,-1,unclustered,0.0,"beef kabob, 3oz"
170002,-1,unclustered,0.0,"beef knuckes, grass run farms, ch"
30267,-1,unclustered,0.0,beef knuckle ch gop
14240802,-1,unclustered,0.0,beef knuckle cleaned and trimmed
80267,-1,unclustered,0.0,beef knuckle gop ch halal
14240400,-1,unclustered,0.0,beef knuckle peeled halal
14240000,-1,unclustered,0.0,beef knuckle peeled no roll
190022,-1,unclustered,0.0,"beef knuckle, organic prairie, premium"
194813,-1,unclustered,0.0,"beef knuckle, peeled, ch, 8/13#"
194830,-1,unclustered,0.0,"beef knuckle, peeled, ch, 8/13#cas"
42710,-1,unclustered,0.0,beef leg tendon *palo duro*
42700,-1,unclustered,0.0,beef leg tendon 11# *ibp* only
41952,-1,unclustered,0.0,beef lifter meat
32212,-1,unclustered,0.0,beef lipon choice dn gop
43720,-1,unclustered,0.0,beef lipon choice frozen
43710,-1,unclustered,0.0,beef lipon select down
43711,-1,unclustered,0.0,beef lipon select up
43120,-1,unclustered,0.0,beef liver s&d //ibp// frozen
96715890,-1,unclustered,0.0,beef lof delishaved 8/7.5oz (3.75#)
13800405,-1,unclustered,0.0,beef loin ball tip choice pinned
44380,-1,unclustered,0.0,beef loin bottom ball tips ch frozen
13329622,-1,unclustered,0.0,beef loin porterhouse prime dry aged
13320324,-1,unclustered,0.0,beef loin porterhouse steak choice
13320532,-1,unclustered,0.0,beef loin porterhouse steak choice angus
40720,-1,unclustered,0.0,beef loin strip 100l \abf\
13410600,-1,unclustered,0.0,beef loin strip loin bone in prime (ui)
13319624,-1,unclustered,0.0,beef loin t-bone prime dry aged 24oz
13319642,-1,unclustered,0.0,beef loin t-bone prime dry aged 42oz
13310516,-1,unclustered,0.0,beef loin t-bone steak angus 16oz
13310520,-1,unclustered,0.0,beef loin t-bone steak angus 20oz
144014,-1,unclustered,0.0,"beef loin top butt hearts, cc, ch"
40700,-1,unclustered,0.0,"beef loin, strip 100l - palo duro"
13420006,-1,unclustered,0.0,beef manhhattan strip prime 4oz
180008,-1,unclustered,0.0,beef marrow bones centers
180008,-1,unclustered,0.0,beef marrow bones centers
180024,-1,unclustered,0.0,"beef marrow bones, cut smoked"
42903,-1,unclustered,0.0,beef marrow pipe bone cc
SP133,-1,unclustered,0.0,beef meatballs 1oz fc (20#)
SP1333,-1,unclustered,0.0,beef meatballs 1oz/4-5# bags
94572,-1,unclustered,0.0,beef meatballs al safa halal
19020040,-1,unclustered,0.0,beef meatballs triple special blend
SP132,-1,unclustered,0.0,beef meatloaf
99999908,-1,unclustered,0.0,beef mild jamaican patties mambo (12/9z)
42430,-1,unclustered,0.0,beef minced chuck meat diced 25#
156000,-1,unclustered,0.0,beef naval
19900002,-1,unclustered,0.0,beef navel b/in w/skirt
SP131,-1,unclustered,0.0,beef ny strip steaks ch 8/9oz*
16606139,-1,unclustered,0.0,beef outerskirt jbs-peeled cargill
16290110,-1,unclustered,0.0,beef outside skirt fajitas
16290090,-1,unclustered,0.0,beef outside skirt grass fed
16291010,-1,unclustered,0.0,beef outside skirt peeled
16200600,-1,unclustered,0.0,beef outside skirt prime
16200067,-1,unclustered,0.0,beef outside skirt steak 6-7oz
16200508,-1,unclustered,0.0,beef outside skirt steak angus 8oz
19410001,-1,unclustered,0.0,beef ox lips
46800,-1,unclustered,0.0,beef oxlips 40-60#
19410000,-1,unclustered,0.0,beef oxlips-c
43541,-1,unclustered,0.0,beef oxtail cut jbs/swift
43540,-1,unclustered,0.0,beef oxtail cut mexican
43520,-1,unclustered,0.0,beef oxtails 15# ibp
19400011,-1,unclustered,0.0,beef oxtails valley
SP139,-1,unclustered,0.0,beef oxtails* erb cut
15910000,-1,unclustered,0.0,beef pastrami brisket cooked
43478612,-1,unclustered,0.0,beef pastrami flat round cooked
190016,-1,unclustered,0.0,"beef pastrami, crescent city"
920238,-1,unclustered,0.0,beef pattie box
19142250,-1,unclustered,0.0,"beef patties 4/1 jemm, (8/4#)"
49010,-1,unclustered,0.0,beef patties 4:1 iqf pucks creekstone
190032,-1,unclustered,0.0,"beef patties ckd, 160/3oz"
19152250,-1,unclustered,0.0,"beef patties, 2/1 jemm (8/4#)"
19149980,-1,unclustered,0.0,"beef patties, 4/1, (5 lb)"
SP1027,-1,unclustered,0.0,beef patty 2/1 thick kirby
SP114,-1,unclustered,0.0,beef patty 4oz
SP1141,-1,unclustered,0.0,"beef patty 4oz wh 5"" hly"
190807,-1,unclustered,0.0,beef patty 80/20 6.5oz wide
190072,-1,unclustered,0.0,"beef patty 80/20 thick, 7oz"
190031,-1,unclustered,0.0,"beef patty ckd, cti, 3oz-20#"
47001,-1,unclustered,0.0,beef patty flanders 4/10#
47000,-1,unclustered,0.0,beef patty flanders 4oz 8/4#
190080,-1,unclustered,0.0,beef patty grass fed 8oz- round 80/20
190041,-1,unclustered,0.0,"beef patty ground chuck, angus, 4oz"
190504,-1,unclustered,0.0,beef patty ground steak burger
90004,-1,unclustered,0.0,beef patty jamaican halal
49015,-1,unclustered,0.0,beef patty la 4oz 16/2#
49016,-1,unclustered,0.0,beef patty la 4oz 8/4#
190011,-1,unclustered,0.0,"beef patty natural, 5oz"
193001,-1,unclustered,0.0,"beef patty natural, creekstone, 8oz"
SP1026,-1,unclustered,0.0,"beef patty pb 2/1 round 5""kirby"
190070,-1,unclustered,0.0,"beef patty thick, prime, 7oz"
190179,-1,unclustered,0.0,"beef patty, 9.625# case, 7oz"
190017,-1,unclustered,0.0,"beef patty, grass fed, 4oz"
190006,-1,unclustered,0.0,"beef patty, special blend"
190079,-1,unclustered,0.0,"beef patty, thick, prime, 7oz"
11910404,-1,unclustered,0.0,beef pectoral meat chunks 3oz
41601,-1,unclustered,0.0,beef peeled knuckle ibp choice
41620,-1,unclustered,0.0,beef peeled knuckles star ranch angus
18070606,-1,unclustered,0.0,beef philly kit jtm(4-2.25oz)
19550066,-1,unclustered,0.0,beef philly steak -bulk pack
41740,-1,unclustered,0.0,beef plate short plate navel
16312000,-1,unclustered,0.0,beef plate short rib fingers
16310804,-1,unclustered,0.0,beef plate short ribs wagyu 4
141240,-1,unclustered,0.0,"beef porterhouse, prime, 24oz"
141832,-1,unclustered,0.0,"beef porterhouse, prime, 8/32oz"
19630025,-1,unclustered,0.0,beef pulmunary hearts
190009,-1,unclustered,0.0,"beef r ground , 10#"
97735830,-1,unclustered,0.0,"beef red hots links,motor city (20/16oz)"
43770,-1,unclustered,0.0,"beef rib, ribeye 100 l*palo duro"
40200,-1,unclustered,0.0,beef ribeye (cow) 6-8 fresh *pd*
40201,-1,unclustered,0.0,beef ribeye (cow) 8up frozen *pd*
12321414,-1,unclustered,0.0,beef ribeye 14.5 down choice
12110116,-1,unclustered,0.0,beef ribeye b/in nr 16oz
12140430,-1,unclustered,0.0,beef ribeye b/in prime angus 32-34 oz
12140540,-1,unclustered,0.0,beef ribeye b/in prime angus 40oz
12100800,-1,unclustered,0.0,beef ribeye cap on wagyu 6/7
12320110,-1,unclustered,0.0,beef ribeye finger off
43700,-1,unclustered,0.0,beef ribeye l/o boneless nr
12131415,-1,unclustered,0.0,beef ribeye steak boneless choice
SP1322,-1,unclustered,0.0,beef ribeye steak ch 8/9 oz*
SP1822,-1,unclustered,0.0,beef ribeye ute 5.3 oz(3/1)
SP1202,-1,unclustered,0.0,beef roast inside round1/4cut*
SP1201,-1,unclustered,0.0,beef roast inside roundcut1/2*
10130000,-1,unclustered,0.0,beef roast sliced
10100006,-1,unclustered,0.0,beef roast sliced 6oz frozen
10140000,-1,unclustered,0.0,beef roast sliced fresh 4/5 /cs
14100400,-1,unclustered,0.0,beef round 160 choice
14300420,-1,unclustered,0.0,beef round eyes choice
14300200,-1,unclustered,0.0,beef round eyes no roll evp
14110200,-1,unclustered,0.0,beef round flat /eyes no roll
14400500,-1,unclustered,0.0,beef round flat choice (ui)
14400512,-1,unclustered,0.0,beef round flat usda choice angus
14450400,-1,unclustered,0.0,beef round flats
14401414,-1,unclustered,0.0,beef round flats choice
14440414,-1,unclustered,0.0,"beef round flats choice sliced 1/8"""
14472300,-1,unclustered,0.0,beef round flats strap -off de nuted
14400200,-1,unclustered,0.0,beef round flats ute
14110400,-1,unclustered,0.0,beef round gooseneck choice
14110300,-1,unclustered,0.0,beef round gooseneck select
14500500,-1,unclustered,0.0,beef round inside choice xt (ui)
14500200,-1,unclustered,0.0,beef round inside no roll
14500300,-1,unclustered,0.0,beef round inside select
14600000,-1,unclustered,0.0,beef round outside
14000400,-1,unclustered,0.0,beef round whole choice
10010000,-1,unclustered,0.0,beef salisbury steak
SP130,-1,unclustered,0.0,beef salisbury steak 4oz
34098,-1,unclustered,0.0,beef seekh family pack
44260,-1,unclustered,0.0,beef sel xt top butt
46920,-1,unclustered,0.0,beef shank trimmed bnls pd
42110,-1,unclustered,0.0,"beef shank, banana bnls 13275 *pd*"
13301900,-1,unclustered,0.0,beef short loin
35174,-1,unclustered,0.0,beef short loin 0x1 ch gop
46020,-1,unclustered,0.0,beef short loin 0x1 choice
46000,-1,unclustered,0.0,beef short loin 0x1 select
46000,-1,unclustered,0.0,beef short loin 0x1 select
46030,-1,unclustered,0.0,beef short loin 0x1 ~prime~
13305416,-1,unclustered,0.0,beef short loin choice
13301501,-1,unclustered,0.0,beef short loin choice 0x1
13309602,-1,unclustered,0.0,"beef short loin cut 2"" thick prime"
11301000,-1,unclustered,0.0,beef short loin mexico arias
13301600,-1,unclustered,0.0,beef short loin prime 0x1
13301623,-1,unclustered,0.0,beef short loin prime 2x3
11912393,-1,unclustered,0.0,beef short rib tips (ui)
41501,-1,unclustered,0.0,beef short ribs choice 3 bone
160007,-1,unclustered,0.0,"beef short ribs, bone-in sliced"
160003,-1,unclustered,0.0,"beef short ribs, bone-in, 3 bone"
160004,-1,unclustered,0.0,"beef short ribs, bone-in, 4rib"
46700,-1,unclustered,0.0,"beef shoulder clod 1/4"" choice"
46721,-1,unclustered,0.0,beef shoulder clod heart star ranch
46720,-1,unclustered,0.0,beef shoulder clod xt star ranch angus
128004,-1,unclustered,0.0,"beef shoulder clods, imported wagyu"
13810400,-1,unclustered,0.0,beef sirloin cubes choice
19540174,-1,unclustered,0.0,"beef sirloin diced 1.5"" x 1.5"" 50# case"
142113,-1,unclustered,0.0,"beef sirloin filet, angus, ch, 8oz"
140087,-1,unclustered,0.0,"beef sirloin filet, ch, 8oz"
11300406,-1,unclustered,0.0,beef sirloin flap bnls choice 6oz
19900000,-1,unclustered,0.0,beef sirloin kabobs 1x1
12830006,-1,unclustered,0.0,beef sirloin steaks choice 6oz
19540034,-1,unclustered,0.0,"beef sirloin tips diced - 3/4""x 3/4"" cvp"
19540012,-1,unclustered,0.0,"beef sirloin tips diced- 1/2""x 1/2"""
44220,-1,unclustered,0.0,beef sirloin top butt *palo duro*
13600210,-1,unclustered,0.0,beef sirloin top butt american foods
198020,-1,unclustered,0.0,"beef slider patties, wagyu, 2oz"
190008,-1,unclustered,0.0,"beef slider patty, 5#, 2oz"
19500001,-1,unclustered,0.0,beef slim jims
10001000,-1,unclustered,0.0,beef small bits and pieces
41951,-1,unclustered,0.0,beef special trim 93-95%
19080000,-1,unclustered,0.0,beef special trim boneless-loin tails
190050,-1,unclustered,0.0,"beef special trim, pritzlaff, 50#cs"
99999909,-1,unclustered,0.0,beef spicy jamaican patties mambo 12/9z
19360000,-1,unclustered,0.0,beef spleen (ui)
42970,-1,unclustered,0.0,beef split cc femur bone //ibp//
19081000,-1,unclustered,0.0,beef steak ends choice salads
19550100,-1,unclustered,0.0,beef steak fritter 5.3oz texas style
190060,-1,unclustered,0.0,"beef steak shldr tender butterfly, 6oz"
SP1312,-1,unclustered,0.0,beef steak strip choice -14oz*
13114800,-1,unclustered,0.0,"beef stew, delta sunrise (6/1lb)"
190091,-1,unclustered,0.0,"beef stew, o.prairie retail"
19540025,-1,unclustered,0.0,beef stir fry choice
19541060,-1,unclustered,0.0,beef stir fry strip
45900,-1,unclustered,0.0,beef strip 0x1 *excel* choice
40470,-1,unclustered,0.0,beef strip 0x1 -14-18 *palo duro*
46061,-1,unclustered,0.0,beef strip loin #2 choice
40440,-1,unclustered,0.0,beef strip loin 0x1 angus
14280,-1,unclustered,0.0,beef strip loin 0x1 cab gop
12410412,-1,unclustered,0.0,beef strip loin 0x1 choice 12oz
13410407,-1,unclustered,0.0,beef strip loin 0x1 choice 14oz
1568413,-1,unclustered,0.0,beef strip loin 0x1 evp n/r
40462,-1,unclustered,0.0,beef strip loin 0x1 prime
40510,-1,unclustered,0.0,beef strip loin 1x1 boneless
13400617,-1,unclustered,0.0,beef strip loin bone in choice vein end
13430620,-1,unclustered,0.0,beef strip loin bone-in prime 20oz
13400499,-1,unclustered,0.0,beef strip loin boneles choice 0x0
13400511,-1,unclustered,0.0,beef strip loin boneless angus 1x1
13400501,-1,unclustered,0.0,beef strip loin boneless choice 0x1 (ui)
13400900,-1,unclustered,0.0,beef strip loin boneless kobe
13400201,-1,unclustered,0.0,beef strip loin boneless n/r 0x1
13400322,-1,unclustered,0.0,beef strip loin boneless n/r 1x1
13400600,-1,unclustered,0.0,beef strip loin boneless prime 0x1
13400606,-1,unclustered,0.0,beef strip loin boneless prime dry aged
13400300,-1,unclustered,0.0,beef strip loin boneless select 0x0
13400011,-1,unclustered,0.0,beef strip loin choice 0x1 cut vp-1
13421401,-1,unclustered,0.0,"beef strip loin steak 1.5"" thick"
13410401,-1,unclustered,0.0,"beef strip loin steak choice !"""
13450418,-1,unclustered,0.0,"beef strip loin steak choice 2"" thick"
13420508,-1,unclustered,0.0,beef strip loin steak choice 8oz angus
13439616,-1,unclustered,0.0,beef strip loin steak choice kc 12-14 oz
13420606,-1,unclustered,0.0,"beef strip loin steak prime 1 1/4"""
13439618,-1,unclustered,0.0,beef strip loin steak prime kc 14oz
13490400,-1,unclustered,0.0,beef strip loin vein ends choice
140001,-1,unclustered,0.0,"beef strip steak, ny, ungraded"
140981,-1,unclustered,0.0,"beef striploin, grass fed, pure angus"
194102,-1,unclustered,0.0,"beef stroganoff, ch, 10#pkg"
184002,-1,unclustered,0.0,"beef suey, ch"
19511000,-1,unclustered,0.0,beef swiss/cube steak-spec size
40610,-1,unclustered,0.0,beef t-bone 12oz steak moesle 12#
19019000,-1,unclustered,0.0,beef taco meat sirlion
140010,-1,unclustered,0.0,"beef tender tips 1.25-1.5"" cubes"
144059,-1,unclustered,0.0,"beef tender, top shelf, 190a, ch"
13000950,-1,unclustered,0.0,beef tenderloin 5 up /down
13101206,-1,unclustered,0.0,beef tenderloin 5/dwn cut 6oz s/all
13000409,-1,unclustered,0.0,beef tenderloin barrell only choice
13000609,-1,unclustered,0.0,beef tenderloin barrell only prime
13000201,-1,unclustered,0.0,beef tenderloin commercial side muscle
140343,-1,unclustered,0.0,"beef tenderloin drop filet, 4oz, choice"
13101110,-1,unclustered,0.0,beef tenderloin filet 10oz no roll
13101106,-1,unclustered,0.0,beef tenderloin filet 6oz-n-r
13102408,-1,unclustered,0.0,beef tenderloin filet 8oz banquet cut
13111422,-1,unclustered,0.0,beef tenderloin filet bone in 12oz
13111420,-1,unclustered,0.0,"beef tenderloin filet choice cut 2"""
13101705,-1,unclustered,0.0,beef tenderloin filet halal choice 5oz
13101708,-1,unclustered,0.0,beef tenderloin filet halal choice 8oz
13104208,-1,unclustered,0.0,beef tenderloin filet nr 8oz silver on
140100,-1,unclustered,0.0,"beef tenderloin filet, cc, 10oz"
13000780,-1,unclustered,0.0,beef tenderloin halal
4084,-1,unclustered,0.0,beef tenderloin pleeled -barroll
40000,-1,unclustered,0.0,beef tenderloin psmo - palo duro
13191000,-1,unclustered,0.0,beef tenderloin strap cleaned
13105704,-1,unclustered,0.0,beef tenderloin tail
13190000,-1,unclustered,0.0,beef tenderloin tip cubes
140015,-1,unclustered,0.0,"beef tenderloin tip, 2oz bias"
140002,-1,unclustered,0.0,beef tenderloin tips
13105714,-1,unclustered,0.0,beef tenderloin tips 1-4oz
207900015,-1,unclustered,0.0,beef tenderloin tips thomas
140099,-1,unclustered,0.0,"beef tenderloin tips, retail, o.prairie"
3691,-1,unclustered,0.0,"beef tenderloin, 6oz filletts"
142120,-1,unclustered,0.0,"beef tenderloin, angus, ch, cc, 12oz"
140091,-1,unclustered,0.0,"beef tenderloin, butterfly comm, 27/6oz"
142000,-1,unclustered,0.0,"beef tenderloin, full trim, angus"
144005,-1,unclustered,0.0,"beef tenderloin, full trim, choice"
140004,-1,unclustered,0.0,"beef tenderloin, full trim, diamond cut"
141005,-1,unclustered,0.0,"beef tenderloin, full trim, prime"
140801,-1,unclustered,0.0,"beef tenderloin, grass fed, cc, 8oz"
140980,-1,unclustered,0.0,"beef tenderloin, grass fed, pure angus"
140005,-1,unclustered,0.0,"beef tenderloin, nr, full trim, tornado"
142050,-1,unclustered,0.0,"beef tenderloin, peeled, angus, ch, 5up"
140033,-1,unclustered,0.0,"beef tenderloin, processed, ss 3-4#"
140047,-1,unclustered,0.0,"beef tenderloin, processed, ss, 4up"
140054,-1,unclustered,0.0,"beef tenderloin, psmo, diamond cut, 5up"
140019,-1,unclustered,0.0,"beef tenderloin, retail, o.prairie"
140017,-1,unclustered,0.0,"beef tenderloin, silver skin diamond cut"
140340,-1,unclustered,0.0,"beef tenderloin, ss, 3-4#"
140341,-1,unclustered,0.0,"beef tenderloin, ss, 3-4# case lo"
140149,-1,unclustered,0.0,"beef tenderloin, ss, 4up"
140150,-1,unclustered,0.0,"beef tenderloin, ss, 4up, case lo"
140049,-1,unclustered,0.0,"beef tenderloin, ss, 4up, cs lot"
141006,-1,unclustered,0.0,"beef tenderloin, ss, prime"
140003,-1,unclustered,0.0,"beef tenderloin, tornado"
140046,-1,unclustered,0.0,"beef tenderloin, trimmed, ss, 4up"
3614,-1,unclustered,0.0,"beef tenderloin,12oz filletts bone in"
13000407,-1,unclustered,0.0,beef tenderloins choice 5 up
140052,-1,unclustered,0.0,"beef tenderloins, ss, 5up"
19350001,-1,unclustered,0.0,beef tendons frozen
46420,-1,unclustered,0.0,beef teres major *ibp* frozen
46450,-1,unclustered,0.0,beef teres major choice
46450,-1,unclustered,0.0,beef teres major choice
128008,-1,unclustered,0.0,"beef teres major, imported wagyu, mbs #5"
140011,-1,unclustered,0.0,"beef tips w/gravy, dans prize"
163002,-1,unclustered,0.0,"beef tomahawk chop, ch"
163003,-1,unclustered,0.0,"beef tomahawk chop, prime"
19610000,-1,unclustered,0.0,beef tongue 1#- white
19623000,-1,unclustered,0.0,beef tongue black small aurora
43201,-1,unclustered,0.0,beef tongue tips
19630010,-1,unclustered,0.0,beef tongue tips excel
180340,-1,unclustered,0.0,"beef tongue, fresh, 3/4# ave"
43200,-1,unclustered,0.0,beef tongues
13630600,-1,unclustered,0.0,beef top butt hearts prime
54184,-1,unclustered,0.0,beef top butt xt pr gop
13600513,-1,unclustered,0.0,beef top sirloin butt choice (ui)
13699222,-1,unclustered,0.0,beef top sirloin butt cleaned + trimmed
13600214,-1,unclustered,0.0,beef top sirloin butt n/r 14 up evp
13600613,-1,unclustered,0.0,beef top sirloin butt prime 13 up
13631401,-1,unclustered,0.0,"beef top sirloin butt steak 1"" thick"
13631406,-1,unclustered,0.0,"beef top sirloin butt steak 1/2"" thick"
44210,-1,unclustered,0.0,beef top sirloin butts angus
44201,-1,unclustered,0.0,beef top sirloin butts cab -frozen-
13641607,-1,unclustered,0.0,beef top sirloin coullotte prime 7oz
13651401,-1,unclustered,0.0,beef top sirloin coulotte
13640410,-1,unclustered,0.0,beef top sirloin coulotte choice
13640600,-1,unclustered,0.0,beef top sirloin coulotte prime
141001,-1,unclustered,0.0,"beef top sirloin filet, prime"
13621496,-1,unclustered,0.0,beef top sirloin steak choice 6oz
190019,-1,unclustered,0.0,"beef trim 85%, organic prairie"
180011,-1,unclustered,0.0,beef tripas
44001,-1,unclustered,0.0,beef tripas jbs
45002,-1,unclustered,0.0,"beef tripe 1.5"" cubed 20#"
19960000,-1,unclustered,0.0,beef tripe circle t frozen cargill
19910000,-1,unclustered,0.0,beef tripe ckd evp 15# cs
19950000,-1,unclustered,0.0,beef tripe scalded bleach/333
19960115,-1,unclustered,0.0,beef tripe yellow 1.5 lb. pac
180199,-1,unclustered,0.0,"beef tripe, ommasum"
43401,-1,unclustered,0.0,beef tripe-bible (omasum)- aa 22#
43402,-1,unclustered,0.0,beef tripe-bible (omasum)- aa 30#
13490410,-1,unclustered,0.0,beef vein steaks choice 10oz
12000103,-1,unclustered,0.0,beef whole ribs tomahawkui choice
12500106,-1,unclustered,0.0,beef whole ribs tomahawkui prime
19011001,-1,unclustered,0.0,"beef/pork binici, meatball 1oz"
97415880,-1,unclustered,0.0,"beefpolish sauge , scott pete (12/20z)"
22107,-1,unclustered,0.0,beelers 9 rib loin rack frenched
22105,-1,unclustered,0.0,beelers bnls sirloin
22101,-1,unclustered,0.0,beelers breakfast sausage 2/5#
22100,-1,unclustered,0.0,beelers ground pork bulk
22110,-1,unclustered,0.0,beelers hickory smk 14/18 layout poly
22109,-1,unclustered,0.0,beelers natural dinner sliced ham
22102,-1,unclustered,0.0,beelers natural retail weiners
22174,-1,unclustered,0.0,beelers non gmo ground pork bulk
97535850,-1,unclustered,0.0,"beer brats, swaggertys farms (8/19oz)"
31022,-1,unclustered,0.0,beets
350351,-1,unclustered,0.0,bell & evan chicken tenderloins-4/#10
340440,-1,unclustered,0.0,bell & evans b/s chicken thighs-4/10#
43022010,-1,unclustered,0.0,"belli rib, morris"
82085810,-1,unclustered,0.0,"belli salted cov, pork alex deli"
82081440,-1,unclustered,0.0,"belli salted, pork belmont #10570"
43001090,-1,unclustered,0.0,belli skin on danish crown (denmark)
43004820,-1,unclustered,0.0,"belli skin on, pork, animex"
43014650,-1,unclustered,0.0,"belli skinless, pork seara"
50141022,-1,unclustered,0.0,berry black 12/6oz
971121599,-1,unclustered,0.0,best`s 5-7pc smoked beef slab bacon
971121599,-1,unclustered,0.0,best`s 5-7pc smoked beef slab bacon
10439,-1,unclustered,0.0,bf blood-z 4/1 gal
41770,-1,unclustered,0.0,beef brisket }fc beef{ mex frozen
10089S,-1,unclustered,0.0,bf chuck bi blad/sec-n/o me suk 50#
10388048,-1,unclustered,0.0,bf chuck flap->ch 00-oz 10#-vp
10878769,-1,unclustered,0.0,bf chuck roll n/off ca aur #61620
1087HCAN,-1,unclustered,0.0,bf chuck roll n/off can-her
10870577,-1,unclustered,0.0,bf chuck roll->1/8-in slc 3ct-vp
10870544,-1,unclustered,0.0,bf chuck roll->3/8-in apolis~*
10870531,-1,unclustered,0.0,bf chuck roll->3x3 sqc/jac 10#
10870522,-1,unclustered,0.0,bf chuck roll->roast 2/5#
1087A2CF,-1,unclustered,0.0,bf chuck roll-z roast ch-gf wgf 9#
10090070,-1,unclustered,0.0,bf chuck scotch tender ute lpr
10088988,-1,unclustered,0.0,bf chuck shl clod xt cab oma
10089894,-1,unclustered,0.0,bf chuck shl clod xt ch nat
103672,-1,unclustered,0.0,bf diced sirl 1/4-3/8 in 4/2.5#-vp
10038176,-1,unclustered,0.0,bf diced stew meat-z gf grf-8/16-oz
10660951,-1,unclustered,0.0,bf diced stew meat-z gf wgf12/1#
10424G,-1,unclustered,0.0,bf fat ground-z 10#
10436660,-1,unclustered,0.0,bf fat kidney-z suet 30#
10436661,-1,unclustered,0.0,bf fat kidney-z suet blm
104361,-1,unclustered,0.0,bf fat suet halal 60# bea-z
10436R,-1,unclustered,0.0,bf fat tallow col 50#
41000,-1,unclustered,0.0,bf flank steak *palo duro* 425155
10426F,-1,unclustered,0.0,bf fries bull afg-06241 20#-z
10500035,-1,unclustered,0.0,bf grnd 75 fine and 4/10#
104170,-1,unclustered,0.0,bf grnd 80 fine excel 8/10#
104164,-1,unclustered,0.0,bf grnd 81 fine ame 6/10#
104230,-1,unclustered,0.0,bf grnd 81 fine cab oma 6/10#
1040993,-1,unclustered,0.0,bf grnd chuck 80 fine cab ibp 80#
1040958,-1,unclustered,0.0,bf grnd- chuck 75 coarse oma-hal
1040959,-1,unclustered,0.0,bf grnd- chuck 85 coarse oma-hal
10500035,-1,unclustered,0.0,bf grnd 75 fine and 4/10#
104170,-1,unclustered,0.0,bf grnd 80 fine excel 8/10#
10500042,-1,unclustered,0.0,bf grnd-z 80 fine swi 8/10#
1042234,-1,unclustered,0.0,bf grnd-z 80 jr`s 4/10#
104233,-1,unclustered,0.0,bf grnd-z 81 fine cab oma- 6/10#
97351900,-1,unclustered,0.0,bf ham/bf turkey(6/20 oz))lof
13004AL1,-1,unclustered,0.0,bf head meat-z ram
10437773,-1,unclustered,0.0,bf heart bnls-z grass-fed-wgf 16#
10192,-1,unclustered,0.0,bf intes/tripas lg-z afg split 30#
10190,-1,unclustered,0.0,bf intes/tripas lg-z oma 30#
10431K,-1,unclustered,0.0,bf kidneys-z ame 30#
10433K,-1,unclustered,0.0,bf kidneys-z aur 40#
10443565,-1,unclustered,0.0,bf lips-z car-tay 60#
10443876,-1,unclustered,0.0,bf lips-z evp 15#
1044309,-1,unclustered,0.0,bf lips-z ram 60#
10443566,-1,unclustered,0.0,bf lips-z row 30#
10261972,-1,unclustered,0.0,bf loin short 0x1-dry age mbl rsv
10287,-1,unclustered,0.0,bf loin strip ch no.2 exc
10288,-1,unclustered,0.0,bf loin strip-z 0x1_no.2 nat
10352,-1,unclustered,0.0,bf loin tend ssr ch fmc
1035280,-1,unclustered,0.0,bf loin tend ssr ch fmc s/a
103716,-1,unclustered,0.0,bf loin tend ssr me pra
1036805,-1,unclustered,0.0,bf loin tenderute 4+ car w59080
10347PV1,-1,unclustered,0.0,bf loin tenderute 4+ pva
1036800,-1,unclustered,0.0,bf loin tenderute 5+ car w59090
10347PV,-1,unclustered,0.0,bf loin tenderute 6+ pva
1030A2I1,-1,unclustered,0.0,bf loin top but ch blm
1030A2IB,-1,unclustered,0.0,bf loin top but ch ibp d4427ac
10308862,-1,unclustered,0.0,bf loin top but ch->jac
1033NRSK,-1,unclustered,0.0,bf loin top but me gus
10295,-1,unclustered,0.0,bf loin top but nr ame
1030A3NB,-1,unclustered,0.0,bf loin top but pr->jac
1030A6G3,-1,unclustered,0.0,bf loin top but xt ang omc
1031042,-1,unclustered,0.0,bf loin top but xt se oma-hal
10310963,-1,unclustered,0.0,bf loin top but-cchrt cab oma
1003857,-1,unclustered,0.0,bf loin top but-z xt ch-gf wgf
10300111,-1,unclustered,0.0,bf loin top but-z xt pr ibp
10600103,-1,unclustered,0.0,bf meat tenderizer 4/9.18#
104321Z,-1,unclustered,0.0,bf oxtail-z ibp 15# v1510db
1043202,-1,unclustered,0.0,bf oxtail-z ibp-xt 2pk 12.2#
10516101,-1,unclustered,0.0,bf pat 100% oval-st 2-1 5#
10540052,-1,unclustered,0.0,bf pat 100% rnd-st 07-oz 10#
1051698,-1,unclustered,0.0,bf pat 100% rnd-st 10-oz 5#
10516022,-1,unclustered,0.0,bf pat 100% rnd-st 2-1 10#-ivp
10516024,-1,unclustered,0.0,bf pat 100% rnd-st 2-1 5/4ct-vp
10544082,-1,unclustered,0.0,bf pat 100% rnd-st 4-1 5#-ivp
10557,-1,unclustered,0.0,bf pat 100% rnd-st 8-1 mini 5#
10544412,-1,unclustered,0.0,bf pat 100% smash 5-1
10544413,-1,unclustered,0.0,bf pat 100% smash 5-1 vp
10516101,-1,unclustered,0.0,bf pat 100% oval-st 2-1 5#
10557,-1,unclustered,0.0,bf pat 100% rnd-st 8-1 mini 5#
10516018,-1,unclustered,0.0,bf pat ch rnd-thick 10-oz 4/4ct
10516170,-1,unclustered,0.0,bf pat ch-oval-st 07-oz 2/5#-vp
10512100,-1,unclustered,0.0,bf pat gf ch rnd-st 2-1 5/1#-vp
10517823,-1,unclustered,0.0,bf pat pr ***prime ***
10517166,-1,unclustered,0.0,bf pat pr rnd smash 10#
10517472,-1,unclustered,0.0,bf pat pr rnd-st 2-1 5/4ct-vp
10517131,-1,unclustered,0.0,bf pat pr rnd-st 6-1 5#
10517,-1,unclustered,0.0,bf pat pr rnd-st 2-1 10#
10517163,-1,unclustered,0.0,bf pat pr rnd-st 2-1 5# fmc
10517120,-1,unclustered,0.0,bf pat pr rnd-st 3-1 10#
10517016,-1,unclustered,0.0,bf pat pr rnd-thick 10-oz 4/4ct
10544C1,-1,unclustered,0.0,bf pat rnd oma 2-1 8oz hal-z
10544C2,-1,unclustered,0.0,bf pat rnd oma 2-1 8oz-z
10548013,-1,unclustered,0.0,bf pat sb grass-fed-z 10#
10590019,-1,unclustered,0.0,bf pat spec-bl -z .60 8-1 10#
1088385,-1,unclustered,0.0,bf pat-crk nba 81% 3-oz 22.5#-z
10544803,-1,unclustered,0.0,bf pat-crk pba 81% 3-1 6/2# hal-z
10038114,-1,unclustered,0.0,bf pat-grf 80% 2-1 4/3#-z
10038120,-1,unclustered,0.0,bf pat-grf 80% 3-1 6/2# iqf-z
1088386,-1,unclustered,0.0,bf pat-oma 81% 5.33-oz 12# hal-z
10545002,-1,unclustered,0.0,bf pat.jem pepper 4-1 6/3#-z
10425,-1,unclustered,0.0,bf pizzles
10426,-1,unclustered,0.0,bf pizzles car 30#-z
97405880,-1,unclustered,0.0,"bf polish sauge hot, scott pete (12/20z)"
1015283,-1,unclustered,0.0,bf rib back riblet bbcue 20/2#vp
1003A2IB,-1,unclustered,0.0,bf ribeye bi hvy ch ibp d2347ac
10040015,-1,unclustered,0.0,bf ribeye bi hvy-dry age mbl rsv
1056A2IB,-1,unclustered,0.0,bf ribeye bnl l/o-hvy ch ibp d2147ac
1006534,-1,unclustered,0.0,bf ribeye bnl l/o-hvy her omc 1881
10065873,-1,unclustered,0.0,bf ribeye bnl l/o-lgt ang omc
10069100,-1,unclustered,0.0,bf ribeye ute 10+ 4st
10038191,-1,unclustered,0.0,bf round bot rump-rst gf-zch grf 8#
1020662,-1,unclustered,0.0,bf round knuckle pld aaa exc
10260554,-1,unclustered,0.0,bf round knuckle pld cab ibp
1085A1AM,-1,unclustered,0.0,bf round knuckle pld ch * halal
1026A25S,-1,unclustered,0.0,bf round knuckle pld ch 5st
10240190,-1,unclustered,0.0,bf round knuckle pld->sl-thin 10#
1084165,-1,unclustered,0.0,bf round knuckle pld-z brazil
1023A2IB,-1,unclustered,0.0,bf round os flat ch ibp d6277ah
1023212,-1,unclustered,0.0,bf round os flat ch us2
1023A203,-1,unclustered,0.0,bf round os flat-s/off nr lpr
102145,-1,unclustered,0.0,bf round top inside ch-gf pre
1021419,-1,unclustered,0.0,bf round top inside-cosmo ch nat
10605155,-1,unclustered,0.0,bf shank hind cc fm thors hmr
1060A223,-1,unclustered,0.0,bf shank hind ch bmt #15532
1060A615,-1,unclustered,0.0,bf shank hind dmk
1060A2PM,-1,unclustered,0.0,bf shank hind me *__ fresh
10611,-1,unclustered,0.0,bf shank hind me gus
10611,-1,unclustered,0.0,bf shank hind me gus
1060A210,-1,unclustered,0.0,bf shank hind nr evp 4/18
10605164,-1,unclustered,0.0,bf shank hind-frenched
1060A223,-1,unclustered,0.0,bf shank hind ch bmt #15532
10604878,-1,unclustered,0.0,bf shank hind-z>ch ee1.25in
10605154,-1,unclustered,0.0,bf shank hind-z>me cc 1.25in
10604466,-1,unclustered,0.0,bf shank hind-z>me cc 1.5-in
10604467,-1,unclustered,0.0,bf shank hind-z>me cc 2.0-in
106049,-1,unclustered,0.0,bf shank hind-z>me ee 1.25-in
105423,-1,unclustered,0.0,bf shank-fore me gus
105476,-1,unclustered,0.0,bf shank-fore-z me pra
10604AU,-1,unclustered,0.0,bf shank-meat bnl aur
10604AU,-1,unclustered,0.0,bf shank-meat bnl aur
10389A,-1,unclustered,0.0,bf short plate/navel bi *_
10389AA,-1,unclustered,0.0,bf short plate/navel bnl *_
10086248,-1,unclustered,0.0,bf short rib pla-bi ang oma
1016230,-1,unclustered,0.0,bf short rib pla-bi me lft
101612,-1,unclustered,0.0,bf short rib pla-bi> english cts
10162,-1,unclustered,0.0,bf short rib-chu-bi> ch14-16-oz
19982999,-1,unclustered,0.0,bf short rib-chu-bi>-z me .25in
10722S,-1,unclustered,0.0,bf short rib-chu-bi>me .50in
10144985,-1,unclustered,0.0,bf short rib-chu-bnl>ch cts 10#
10435,-1,unclustered,0.0,bf spleen-z aur 30#
10636689,-1,unclustered,0.0,bf steak t-bone -z me 10-oz ivp
1042202,-1,unclustered,0.0,bf stk ckd season-z fajita 10#
100730,-1,unclustered,0.0,bf stk clod-tnd/tm ch 00s 11#
100733,-1,unclustered,0.0,bf stk clod-tnd/tm ch 03s 4/2.8#-vp
10073306,-1,unclustered,0.0,bf stk clod-tnd/tm ch 06s 4/2.25#vp
101604,-1,unclustered,0.0,bf stk flank ch diced.25-in 10#vp
10164S,-1,unclustered,0.0,bf stk hanger ch 00s 00ct
1016408,-1,unclustered,0.0,bf stk hanger pr 08s 20ct ivp
10329966,-1,unclustered,0.0,bf stk loin bb baltip->cts-vp
10030916,-1,unclustered,0.0,bf stk ribeye bi ch 16s 10#
10030922,-1,unclustered,0.0,bf stk ribeye bi ch 22s 10#
1004018,-1,unclustered,0.0,bf stk ribeye bi-cowboy ch 18s ivp
1004148,-1,unclustered,0.0,bf stk ribeye bi-cowboy ch 24s ivp
1004140,-1,unclustered,0.0,bf stk ribeye bi-cowboy ch cts
1004081,-1,unclustered,0.0,bf stk ribeye bi-tomahk ch 00s ivp
10067568,-1,unclustered,0.0,bf stk ribeye bnl ch 18-oz del
10067561,-1,unclustered,0.0,bf stk ribeye bnl ch cc11 10ct yolk
10067620,-1,unclustered,0.0,bf stk ribeye bnl ch cc20 1.25 ivp8
10067508,-1,unclustered,0.0,bf stk ribeye bnl ch ee 07
10065760,-1,unclustered,0.0,bf stk ribeye bnl ch ee-s/a-3/1-iwp
10061120,-1,unclustered,0.0,bf stk ribeye bnl ch oma 12s
10371010,-1,unclustered,0.0,bf stk ribeye bnl pr 08s thick ivp
10067574,-1,unclustered,0.0,bf stk ribeye bnl pr 18-oz del
1006756P,-1,unclustered,0.0,bf stk ribeye bnl pr oma cc12s 10p
10069804,-1,unclustered,0.0,bf stk ribeye ute10+ cube 3-1 ivp
10069803,-1,unclustered,0.0,bf stk ribeye ute10+ ee3-1 lp
10260892,-1,unclustered,0.0,bf stk shrtln 2x3 ch ee00s
10261310,-1,unclustered,0.0,bf stk shrtln ch ee tb+ph 10s ivp
10635,-1,unclustered,0.0,bf stk shrtln ch ee tb+ph 16s sa
10636686,-1,unclustered,0.0,bf stk shrtln t-bone me 08s ee20p
10660936,-1,unclustered,0.0,bf stk strip bnl cab cc14s 10ct
10283P,-1,unclustered,0.0,bf stk strip bnl ch ee00s
1028307,-1,unclustered,0.0,bf stk strip bnl ch ee07s-ivp10#
10305846,-1,unclustered,0.0,bf stk strip bnl ch-v snug 08s 10#
10305888,-1,unclustered,0.0,bf stk strip bnl ch-v snug 6s 10#
10305930,-1,unclustered,0.0,bf stk strip bnl-v lngi ch08 10#
10371176,-1,unclustered,0.0,bf stk strip-z bnl ch>snug 7oz
10371180,-1,unclustered,0.0,bf stk strip-z bnl ch>vein 12oz
10371160,-1,unclustered,0.0,bf stk tndr filet ch 06s cc tray
10371164,-1,unclustered,0.0,bf stk tndr filet ch 07s cc tray??
1030A201,-1,unclustered,0.0,bf stk top but-> cut 10-oz sall
10185240,-1,unclustered,0.0,bf stk top sir strip stir fry 4/3#
10422F,-1,unclustered,0.0,bf stk trim fajita cut ch 10#
1042201,-1,unclustered,0.0,bf stk trim fajita cut ch 4/3#vp
10422045,-1,unclustered,0.0,bf stk trim stroganof ch 10#
10038260,-1,unclustered,0.0,bf stk-z ribeye bnl ch grf 10s/6
10875281,-1,unclustered,0.0,bf stk-z rnd top ch wgf 12-oz
10636686,-1,unclustered,0.0,bf stk shrtln t-bone me 08s ee20p
1028317,-1,unclustered,0.0,bf stk-z strip bnl ch 10s chp 6p
10371179,-1,unclustered,0.0,bf stk-z tndr filet ch-gf wgf 06s
1036366,-1,unclustered,0.0,bf stk-z tndr-fil ch-gf 06s grf 8p
10038368,-1,unclustered,0.0,bf stk-z top sir ch-gf 08s grf 8p
10165SA,-1,unclustered,0.0,bf taco meat fmc-sam 10#
10165802,-1,unclustered,0.0,bf taco meat fulton market-vp
1016510,-1,unclustered,0.0,bf taco meat tend-z gwb 4/5# cvp
104424,-1,unclustered,0.0,bf tendon leg achilles-z ame 30#
104428,-1,unclustered,0.0,bf tendon leg achilles-z car 20#
10445PBG,-1,unclustered,0.0,bf tong-z #2 hel 15#
1044511,-1,unclustered,0.0,bf tong-z ckd hal fri
10443522,-1,unclustered,0.0,bf tong-z root filet oma 30#
10490223,-1,unclustered,0.0,bf tong-z trim gom 60#
1044503,-1,unclustered,0.0,bf tong-z white #1 cav
104239,-1,unclustered,0.0,bf trim 50% fat-z
10427,-1,unclustered,0.0,bf trimming fco 50%
10389980,-1,unclustered,0.0,bf tripe reg cut
10441545,-1,unclustered,0.0,bf tripe reg scld fresh ame6475 60#
10440801,-1,unclustered,0.0,bf tripe reg scld-z->aur1-in 70#
1006490,-1,unclustered,0.0,bf wag bhf bacon 20/1#-z
1006462,-1,unclustered,0.0,bf wag bhf grind-75 brk 10/1#-z
1006460,-1,unclustered,0.0,bf wag bhf grind-75 brk 25/1#-z
1006473,-1,unclustered,0.0,bf wag bhf pat-75 4-oz 20/2p 10#-z
1006472,-1,unclustered,0.0,bf wag bhf pat-75 8-oz 10/2p 10#-z
101724,-1,unclustered,0.0,bf wag msh short rib-chu-bnl
1006860,-1,unclustered,0.0,bf wag-jap-a5 loin strip hlv 1/12#
1006871,-1,unclustered,0.0,bf wag-jap-a5 loin tnderloin-1/7#
1006825,-1,unclustered,0.0,bf wag-jap-a5 ribeye bnl 1/12#
1006827,-1,unclustered,0.0,bf wag-jap-a5 ribeye-cap 2/3.5#
10277510,-1,unclustered,0.0,bf wag-jap-a5 short rib chuck 2/15#
10100000,-1,unclustered,0.0,bf-a cutting labor
1998677,-1,unclustered,0.0,bfstk chopped jemm 08 oz 8/4#-z
10519989,-1,unclustered,0.0,bfstk-frit ctry 5.3 oz hol-19007-z
22018,-1,unclustered,0.0,bfstk-hoagie pat 3-1 jemm 15#-z
22019,-1,unclustered,0.0,bfstk-philly 4-oz apf-350400 10#
12510000,-1,unclustered,0.0,bht
90801432,-1,unclustered,0.0,biscuit btmlk 3-in 100/2.25 bf6185
71562250,-1,unclustered,0.0,bison bnls strips
22058B,-1,unclustered,0.0,bison chuck roll-z 10#
10416G1,-1,unclustered,0.0,bison grnd 10#-z
71244000,-1,unclustered,0.0,bison ground-4-2.5lb-broadleaf
71103000,-1,unclustered,0.0,bison osso bucco
907800,-1,unclustered,0.0,black bean empanada
88780,-1,unclustered,0.0,black container ve-878b 32oz *queen*
210002,-1,unclustered,0.0,black forest ham logs
62063,-1,unclustered,0.0,black mussel whole 10#
625584,-1,unclustered,0.0,black oak rope sausage 11#
190811,-1,unclustered,0.0,black river farms 90/10 boxed triming
85291,-1,unclustered,0.0,black soy sauce *dsb* brand
85290,-1,unclustered,0.0,black soy sauce *khs* 12 glass bottles
13179984,-1,unclustered,0.0,"blade b/i chuck, aurora (ch)"
13173790,-1,unclustered,0.0,"blade b/in chuck, ch, black mountain"
48013570,-1,unclustered,0.0,"blade meat, pork ibp"
99999,-1,unclustered,0.0,blank
84941,-1,unclustered,0.0,bleach 5.25% 1/3 gallon
99914,-1,unclustered,0.0,bleach 6/1 gal majestic
96725890,-1,unclustered,0.0,"blk fores ham, lof delis 8/9oz (4.5#)"
96705940,-1,unclustered,0.0,"blk frt ham&blk frttky,lofp 6c,6/20 (7.5"
31604,-1,unclustered,0.0,blood orange 22# case
77084369,-1,unclustered,0.0,"blue crab, gumbo 3-7ct, panamei (16/1#)"
99190,-1,unclustered,0.0,blue mask procedural style w/loops
60202250,-1,unclustered,0.0,"blue ribbon, 4/1, turkey patties"
78679980,-1,unclustered,0.0,"blue runner, .75-1 whole lwp, (25#)"
77042179,-1,unclustered,0.0,"blue swimming crab lump meat (tubs), wil"
77052179,-1,unclustered,0.0,"blue swimming crab special meat (tubs),"
620072,-1,unclustered,0.0,bnls smoked pork loin
120882,-1,unclustered,0.0,bnls top blade flat iron dices-3/10#
72114000,-1,unclustered,0.0,boar st louie ribs
72780000,-1,unclustered,0.0,boar wild ground frz
41816300,-1,unclustered,0.0,bologna
1834070,-1,unclustered,0.0,bologna thm-rings 10/1.5#
37,-1,unclustered,0.0,bone cover
41651900,-1,unclustered,0.0,bone in airline tky breast
4079,-1,unclustered,0.0,bone in filletts 12oz
32625,-1,unclustered,0.0,bone in ham 13/18-wheeling transp
420810,-1,unclustered,0.0,bone in lamb legs 8-10# ea
261111,-1,unclustered,0.0,bone in pork butt-sliced 1/4
200402,-1,unclustered,0.0,bone/in beef shank
420081,-1,unclustered,0.0,boneless lamb loin 8-10oz
45032730,-1,unclustered,0.0,boneless pork ribs - original bbq (6 x 1
207900012,-1,unclustered,0.0,"boneless thin, cut pork, chop"
40181960,-1,unclustered,0.0,"bones edible, pork (10# bag)"
40189960,-1,unclustered,0.0,"bones inedible combo, pork"
40289990,-1,unclustered,0.0,"bones(cut), pork moesle"
10151000,-1,unclustered,0.0,"bones, greater omaha"
78472219,-1,unclustered,0.0,"bonito, whole 2/4, (33#)"
21220,-1,unclustered,0.0,bonless ham brtsiouxpreme/ibp/seaboard
84553,-1,unclustered,0.0,bossen tapioca pearl - 6/6.6# onlly
31090,-1,unclustered,0.0,boston lettuce
99999980,-1,unclustered,0.0,boxes
170003,-1,unclustered,0.0,"boyles royal round, c/b stmshp"
40431060,-1,unclustered,0.0,"brains 12/1# tubes, pork indiana (12#)"
40471060,-1,unclustered,0.0,"brains, pork indiana (25#)"
34096,-1,unclustered,0.0,braised beef
22616300,-1,unclustered,0.0,brakebush 2nd wing honey 8-12pc/lb
22515400,-1,unclustered,0.0,brakebush breaded breast fully ckd 4oz
22584100,-1,unclustered,0.0,brakebush breaded breast strip full cook
22585810,-1,unclustered,0.0,brakebush breaded breast strip gluten fr
22505600,-1,unclustered,0.0,brakebush breaded fillet fully ckd 6oz
22583500,-1,unclustered,0.0,brakebush breast cutlets spicy f/c brd
22584400,-1,unclustered,0.0,brakebush breast strip fully cooked
22520600,-1,unclustered,0.0,brakebush cayenne kicker 4oz breast
22659000,-1,unclustered,0.0,brakebush country krisp 9cut
22656200,-1,unclustered,0.0,brakebush country krisp wing
22559000,-1,unclustered,0.0,brakebush fritter chunk fully cooked
22557100,-1,unclustered,0.0,brakebush popcorn breast fritter
22505046,-1,unclustered,0.0,brakebush signature filet crispy breaded
22577900,-1,unclustered,0.0,brakebush tenderloin southern style raw
22505467,-1,unclustered,0.0,brakebush tenderloins gold spice-
22506000,-1,unclustered,0.0,brakebush tenderloins raw bulk 1.3oz
22654600,-1,unclustered,0.0,brakebush unbreaded cooked wing
22616100,-1,unclustered,0.0,brakebush wings 1st joint only with hone
2205057,-1,unclustered,0.0,brakebush-breaded filet 5oz
78004369,-1,unclustered,0.0,"branzino, fillet s/on ivp, panamei 20/1#"
78001789,-1,unclustered,0.0,"branzino, so fillet (retail) 12x12z (9#)"
SP72035,-1,unclustered,0.0,bratwurst 21#
SP720,-1,unclustered,0.0,bratwurst 40z 5#
94405070,-1,unclustered,0.0,"bratwurst 5-1, f/c, ogden f. (12/1#)"
97525850,-1,unclustered,0.0,"bratwurst, swaggertys farms (8/19oz)"
97635880,-1,unclustered,0.0,"braunschweiger chunk sp, (12-1lb)"
902715,-1,unclustered,0.0,bread crumbs 30#
902712,-1,unclustered,0.0,bread texas toast
84210,-1,unclustered,0.0,breaded buffalo wing sections 10/2#
901090,-1,unclustered,0.0,breaded cheese curds-2/5#
83700,-1,unclustered,0.0,breaded chicken fritter 6/5# fc
90903,-1,unclustered,0.0,breaded chicken patties spicy 12/21oz
92201,-1,unclustered,0.0,breaded chicken strip 12/1.5lb
98154,-1,unclustered,0.0,breaded chicken tender hala
84311,-1,unclustered,0.0,breaded coco jamaican 25ct
84000,-1,unclustered,0.0,breaded cream cheese jalapeno popper 6/5
84211,-1,unclustered,0.0,breaded mozzarella sticks 8/3#
84300,-1,unclustered,0.0,breaded onion rings 10#
82143,-1,unclustered,0.0,breaded pollock fish 10# 590013
84200,-1,unclustered,0.0,breaded popcorn shrimp 70/90ct 20#
70800,-1,unclustered,0.0,breaded shrimp-popcorn
90281,-1,unclustered,0.0,breading chicken mix 50# tasty
90289,-1,unclustered,0.0,breading fish mix 50# fulton
90277,-1,unclustered,0.0,breading fish mix 50# king
920219,-1,unclustered,0.0,breakfast box combo pack
97385840,-1,unclustered,0.0,"breakfast links, williams s (15/12oz)"
63049990,-1,unclustered,0.0,"breast 4/8 (chops - 1/2""), turkey moesle"
53061010,-1,unclustered,0.0,"breast b/in, split tray pack, chicken, t"
53054800,-1,unclustered,0.0,"breast b/s, t. p., delta sunrise 12/llb"
207900022,-1,unclustered,0.0,"breast bnls ckd, turkey butterball"
207900007,-1,unclustered,0.0,"breast bnls ckd, turkey kretchmar"
63039980,-1,unclustered,0.0,"breast bnls foil wrap, turkey"
53155540,-1,unclustered,0.0,"breast bnls/sknls, 3s t/p, organi miller"
53051890,-1,unclustered,0.0,"breast bnls/sknls, chicken cvp casefarms"
53051280,-1,unclustered,0.0,"breast bnls/sknls, chicken koch foods cv"
53059980,-1,unclustered,0.0,"breast bnls/sknls, hor (40#)"
53851040,-1,unclustered,0.0,"breast bnls/sknls, sanderson 14085 (40#)"
53051010,-1,unclustered,0.0,"breast bnls/sknls, tray pack, tyson, chi"
53053920,-1,unclustered,0.0,breast bnls/sknls chicken amick (40#)
211023,-1,unclustered,0.0,breast bone- in perdue
207900040,-1,unclustered,0.0,"breast diced, chicken pre cooked, 8/5#"
207900023,-1,unclustered,0.0,"breast strips, grlld ckd, windy hill 20#"
900195,-1,unclustered,0.0,brew city battered waffle fries-6/4.5#
740680,-1,unclustered,0.0,briar street smoked ham - 2 piece box
729390,-1,unclustered,0.0,brickman ckd roast beef top round
110120,-1,unclustered,0.0,"brisket beef pastrami, henry j, 10-12lb"
114001,-1,unclustered,0.0,"brisket beef, ch, 9-11a"
114490,-1,unclustered,0.0,"brisket beef, whole, ch, 120 dekl, 4/9lb"
12013693,-1,unclustered,0.0,"brisket bnls, aurora (ch_angus)"
12011090,-1,unclustered,0.0,"brisket bnls, black muntain"
12071001,-1,unclustered,0.0,"brisket bnls, greateromaha (prime)"
12013563,-1,unclustered,0.0,"brisket bnls, ibp star ranch (ch_angus)"
12011590,-1,unclustered,0.0,"brisket bnls, mex fertres"
12013600,-1,unclustered,0.0,"brisket bnls, mex punta espada"
12011876,-1,unclustered,0.0,"brisket bnls, nebraska gold (nr_angus)"
12013575,-1,unclustered,0.0,"brisket bnls, tdo ibp (sel)"
920212,-1,unclustered,0.0,brisket burger 5-2# pkgs
110005,-1,unclustered,0.0,"brisket corned beef ckd, dan`s"
110006,-1,unclustered,0.0,"brisket corned beef raw frz, 9-12lb"
110011,-1,unclustered,0.0,"brisket corned beef, beas best"
110002,-1,unclustered,0.0,"brisket corned beef, shamrock"
12211024,-1,unclustered,0.0,"brisket flat, national (ch)"
110004,-1,unclustered,0.0,"brisket pulled beef bbq, rich, 2/5lb"
72085890,-1,unclustered,0.0,brkfst com-z bangers fc 3.2-oz 2/5#
1391437,-1,unclustered,0.0,brkfst com-z raw bulk 2/5# 21437
72088N,-1,unclustered,0.0,brkfst fon link ckd chk/cran 2-oz 2/6#
13966IN,-1,unclustered,0.0,brkfst ind pat-83035 fc2-oz w 10#
72047,-1,unclustered,0.0,brkfst jones link 16/12-oz
72047013,-1,unclustered,0.0,brkfst jones pat fc 2-oz 18750 10#
72047012,-1,unclustered,0.0,brkfst jones pat fc1.5-oz 18853 10#
7204020,-1,unclustered,0.0,brkfst peer link-20020 1-oz 16/14oz
105621,-1,unclustered,0.0,brkfst-z link rose-700205 fc
72088P,-1,unclustered,0.0,brkfst-z pat rose-800158 fc
7204406,-1,unclustered,0.0,brkfst-z$-trky pat-cpf916 10#
454085,-1,unclustered,0.0,broadleaf 4-1 bison patty-retail (6#)
450131,-1,unclustered,0.0,broadleaf buffalo patties 3-1-10#
455012,-1,unclustered,0.0,broadleaf elk jerky-2oz
456136,-1,unclustered,0.0,broadleaf elk stew-10#
454080,-1,unclustered,0.0,broadleaf retail buffalo strip steaks
190068,-1,unclustered,0.0,broadleaf retail grass fed ground beef
455013,-1,unclustered,0.0,broadleaf venison jerky-2oz
31120,-1,unclustered,0.0,broccoli crown (n.y.cut)
90342127,-1,unclustered,0.0,broth chk boui maggi
90342113,-1,unclustered,0.0,broth chk flavor knorr 4/1 gal
90342126,-1,unclustered,0.0,broth shrimp bouillon knorr 4.4#
90342124,-1,unclustered,0.0,broth tomato w/chk flv knorr 4.4#
96040,-1,unclustered,0.0,browning
64125890,-1,unclustered,0.0,brt veal leg
620175,-1,unclustered,0.0,bryan smoked buffet ham-sliced 3oz
190819,-1,unclustered,0.0,"bskt, chuck, sh rib 4oz pattie"
22089H1,-1,unclustered,0.0,buf wing sauce frank`s 4/1 gal
70129989,-1,unclustered,0.0,buffalo #1 scalded & dressed
454215,-1,unclustered,0.0,buffalo clods
20064B,-1,unclustered,0.0,buffalo patties 2/1 10#
91207CG,-1,unclustered,0.0,buffalo patties 5.3oz 2#
454232,-1,unclustered,0.0,buffalo/bison striploin
620076,-1,unclustered,0.0,bulk bratwurst 10# bag
620035,-1,unclustered,0.0,bulk chorizo 2/5#
620077,-1,unclustered,0.0,bulk italian saus 10# bag
620078,-1,unclustered,0.0,bulk pork sausage 10# bag
45700,-1,unclustered,0.0,bull fries *palo duro* 30#
10281070,-1,unclustered,0.0,"bull fries, beef paloduro"
10281030,-1,unclustered,0.0,"bull fries, beef, jbs four star"
45710,-1,unclustered,0.0,bull pizzle fz561
40131010,-1,unclustered,0.0,"bung, pork (15#) ibp"
40131530,-1,unclustered,0.0,"bung, pork tri eagle (30#)"
97872895,-1,unclustered,0.0,bunmaster hotdogs(8/1.5lb)roger wood
200523,-1,unclustered,0.0,buns hamburger w/sesame seed 10ct
200521,-1,unclustered,0.0,buns hamburger w/sesame seed 12/1#
25380,-1,unclustered,0.0,buns steamed with pork *peking*
25260,-1,unclustered,0.0,buns w/red bean paste *chef hon*
98017,-1,unclustered,0.0,burger patties beef angus 12/21oz halal
105409,-1,unclustered,0.0,burgers sams 3-1 blk ang 12/2#
SP1113,-1,unclustered,0.0,burrito - breakfast
46081150,-1,unclustered,0.0,"butt bone in 1/4"", seaboard"
46083350,-1,unclustered,0.0,"butt bone in, 4/2 vac, swift"
46083350,-1,unclustered,0.0,"butt bone in, 4/2 vac, swift"
46081010,-1,unclustered,0.0,"butt bone in, ibp"
46091150,-1,unclustered,0.0,"butt boneless 1/4 vp, pork, seaboard"
46091920,-1,unclustered,0.0,butt boneless prestage
46091010,-1,unclustered,0.0,"butt boneless vp, pork, ibp"
46092420,-1,unclustered,0.0,"butt boneless vp, pork, redwood"
46099990,-1,unclustered,0.0,"butt boneless, (poly), moesle"
46092080,-1,unclustered,0.0,"butt boneless, dekalb #14301"
46089980,-1,unclustered,0.0,butt boston bone in combo pork
46099980,-1,unclustered,0.0,butt boston boneless combo pork
15321214,-1,unclustered,0.0,"butt tender, creekstone (ch)"
15321211,-1,unclustered,0.0,"butt tender, creekstone (prime)"
15323380,-1,unclustered,0.0,"butt tender, karnika (mex)"
96032,-1,unclustered,0.0,butter beans
30571050,-1,unclustered,0.0,butter por 90ct cup
30570983,-1,unclustered,0.0,butter-blend cntry crock 4-6/5#
78562219,-1,unclustered,0.0,butterfish (30#) west bay
29404000,-1,unclustered,0.0,c
501301,-1,unclustered,0.0,cabbage green box 50#
50130015,-1,unclustered,0.0,cabbage grn 3 ct
5014421,-1,unclustered,0.0,cactus slc 6/#10
501441,-1,unclustered,0.0,cactus whl w/ spine 35-38#
83860,-1,unclustered,0.0,cafe special c&c 24/15oz 65315
625983,-1,unclustered,0.0,cajun style sausage
21061975,-1,unclustered,0.0,calamari brd ring 12#-z *__
78012419,-1,unclustered,0.0,calamari breaded (6/2#)
19990,-1,unclustered,0.0,calendar - 2025
21,-1,unclustered,0.0,call for price quoted daily
32430001,-1,unclustered,0.0,cancel
99472,-1,unclustered,0.0,canliner 36x60 clr-3660hc 250ct
994691,-1,unclustered,0.0,canliner comb 49x42x96
31210,-1,unclustered,0.0,cantaloupe
22046,-1,unclustered,0.0,capicola fio swt-z 20108 3/3.5#
1901074,-1,unclustered,0.0,capon whl-z hol 05-07# 6ct
1901080,-1,unclustered,0.0,capon whole hol-z 05-07# 6ct
29084000,-1,unclustered,0.0,capons
96531246,-1,unclustered,0.0,caramel/apple upsidedown chudleigh
620421,-1,unclustered,0.0,carl`s whole hot pork sausage chub
610003,-1,unclustered,0.0,carolina smoked turkey breast
94913500,-1,unclustered,0.0,carrotts 50 lb sack
61032,-1,unclustered,0.0,case scallop 30/40 2/5# iqf 10#
97487780,-1,unclustered,0.0,caseys franks (8-1.5lb)polks
97480780,-1,unclustered,0.0,caseys hot links(8-28oz))polks
82500,-1,unclustered,0.0,cashew nuts whole - w320 10/5#
10176C,-1,unclustered,0.0,casing bf middle 1ct
12252C,-1,unclustered,0.0,casing lamb 22-24mm 1ct
132216,-1,unclustered,0.0,casing pork bung-z 15#
11187678,-1,unclustered,0.0,casing veal sml 2/5#
413102,-1,unclustered,0.0,catelli 2oz veal cutlet-leg (bottom)
417300,-1,unclustered,0.0,catelli cooked veal shank osso bucco
411022,-1,unclustered,0.0,catelli grain fed veal skirt steak
411021,-1,unclustered,0.0,catelli milk fed veal skirt steak
420111,-1,unclustered,0.0,catelli retail ground lamb 6#
410630,-1,unclustered,0.0,"catelli small end osso bucco-1.5"""
70229989,-1,unclustered,0.0,"catfish 32/up, bloody"
70029989,-1,unclustered,0.0,"catfish 32oz, ag"
70082249,-1,unclustered,0.0,"catfish 40oz/up, ag"
70189989,-1,unclustered,0.0,"catfish 42/up, bloody"
70015829,-1,unclustered,0.0,"catfish fil, sknls ivp sea best (12/1#)"
513512,-1,unclustered,0.0,catfish filets-retail-12/1#
70061309,-1,unclustered,0.0,"catfish fillets, miscut (15#)"
70062311,-1,unclustered,0.0,"catfish fillets, miscut, superior (15#)"
70029981,-1,unclustered,0.0,catfish head on ag
70004581,-1,unclustered,0.0,catfish nuggets breaded america`s c. #10
70004420,-1,unclustered,0.0,catfish nuggets iqf america`s catch 15#
80110,-1,unclustered,0.0,catfish nuggets mealed
70079980,-1,unclustered,0.0,catfish steaks
70079989,-1,unclustered,0.0,catfish steaks (30#)
82410,-1,unclustered,0.0,catfish whole 2-3 skin-on cleaned
82411,-1,unclustered,0.0,catfish whole 5-7 skin-on clean 30#
82070,-1,unclustered,0.0,catfish whole [15-17oz] clean 15#
70064361,-1,unclustered,0.0,"catfish, fillets iqf, panamei (12/2#)"
70091309,-1,unclustered,0.0,"catfish, whole 15-17 (15#)"
920250,-1,unclustered,0.0,cattleman`s box
15132002,-1,unclustered,0.0,cb
410056,-1,unclustered,0.0,cc veal rib chop frenched
99987,-1,unclustered,0.0,cecina do not use
531260,-1,unclustered,0.0,censea cooked tail off p&d shrimp-5/2#
44094160,-1,unclustered,0.0,"center/middles, pork peoria"
453017,-1,unclustered,0.0,cervena elk ny strip
450024,-1,unclustered,0.0,cervena ground venison-4/2.5#
450020,-1,unclustered,0.0,cervena venison 2 rib racks
458993,-1,unclustered,0.0,"cervena venison 3"" hind shank osso bucco"
450080,-1,unclustered,0.0,cervena venison 8 rib rack
420004,-1,unclustered,0.0,ch domestic lamb racks cut-up
420680,-1,unclustered,0.0,ch lamb leg b-r-t 6/8#
163117,-1,unclustered,0.0,ch. angus l-o ribeye 12up #112
12011090,-1,unclustered,0.0,"brisket bnls, black muntain"
98004890,-1,unclustered,0.0,"charcoal, mesquite, el gallito (8.5#)"
501305,-1,unclustered,0.0,chayote liso
904536,-1,unclustered,0.0,checkers sweet potato fries-12/22oz
750050,-1,unclustered,0.0,cheddar cheese 5lb pkg
85425,-1,unclustered,0.0,cheddar mild feather shred stk12388
84202,-1,unclustered,0.0,cheddar rounds
4005,-1,unclustered,0.0,"chedder,shredded 4x5"
84352,-1,unclustered,0.0,chee hou sauce 6/5 *koon chun*
10089980,-1,unclustered,0.0,"cheek meat cooked, friboi (20#)"
10071050,-1,unclustered,0.0,"cheek meat, afg (30#)"
10083690,-1,unclustered,0.0,"cheek meat, aurora"
10081370,-1,unclustered,0.0,"cheek meat, evp (15#)"
10081010,-1,unclustered,0.0,"cheek meat, ibp, cov"
10081160,-1,unclustered,0.0,"cheek meat, iowa premium (60#)"
10081020,-1,unclustered,0.0,"cheek meat, national"
10083350,-1,unclustered,0.0,"cheek meat, swift (60#)"
10061050,-1,unclustered,0.0,"cheek meat, white box afg (30#) cov"
40011530,-1,unclustered,0.0,"cheek meat,pork tri eagle (30#)"
92406100,-1,unclustered,0.0,cheese american 4/5 cs
92401300,-1,unclustered,0.0,cheese baker
92807000,-1,unclustered,0.0,cheese chedder smoked loafs /cs
94039980,-1,unclustered,0.0,cheese cotija grated
92111220,-1,unclustered,0.0,cheese cream pc
92478900,-1,unclustered,0.0,cheese fresh mozzarella
92421580,-1,unclustered,0.0,cheese monterey jack loaf 10# cs
92457780,-1,unclustered,0.0,cheese paneer 20lb/cs
83901,-1,unclustered,0.0,cheese requeson 1/17#
86418,-1,unclustered,0.0,cheese smk sharp cheddar 6#
94009980,-1,unclustered,0.0,"cheese, brick buholzer"
94074890,-1,unclustered,0.0,"cheese, cotija wedge, el viajero 12/12z"
94019982,-1,unclustered,0.0,"cheese, oaxaca"
96617430,-1,unclustered,0.0,cheesecake cherry swirl
96621030,-1,unclustered,0.0,cheesecake oreogv
96617530,-1,unclustered,0.0,cheesecake turtle distinctive
900624,-1,unclustered,0.0,"chef pierre 8"" pumpkin pies-baked"
4667,-1,unclustered,0.0,chep palletts
31250,-1,unclustered,0.0,cherry tomatoes 12/1pt
19305910,-1,unclustered,0.0,"chicago style, bf patties 4/1, jemm 6/3#"
97772,-1,unclustered,0.0,chicken 65 kaiser halal
10005,-1,unclustered,0.0,chicken 8pc cut up
21102071,-1,unclustered,0.0,chicken airline breast (s) 7oz amish 18
21121071,-1,unclustered,0.0,chicken airline breast (s) t/in
21198016,-1,unclustered,0.0,chicken airline breast 6-8oz koch
21103081,-1,unclustered,0.0,chicken airline breast organic 8 oz
99996,-1,unclustered,0.0,chicken b/s breast (tyson) frozen!!
10225,-1,unclustered,0.0,chicken b/s breast formosa/sandrsn
10460,-1,unclustered,0.0,chicken b/s leg meat
29104000,-1,unclustered,0.0,chicken backs 40# frozen
29105000,-1,unclustered,0.0,chicken backs fresh 40lb/cs
29109000,-1,unclustered,0.0,chicken backs organic
10810,-1,unclustered,0.0,chicken bone (bulk frames)
29207000,-1,unclustered,0.0,chicken bones
22420100,-1,unclustered,0.0,chicken brakebuch breast grillfillet 4oz
22583300,-1,unclustered,0.0,chicken brakebush breast cutlets gold`n`
22525700,-1,unclustered,0.0,chicken brakebush breast pulled & shredd
22656100,-1,unclustered,0.0,chicken brakebush drumettes country kris
22618800,-1,unclustered,0.0,chicken brakebush fryer 8 pc country kp
22610400,-1,unclustered,0.0,chicken brakebush fryer honey touch 4pc
22599000,-1,unclustered,0.0,chicken brakebush patties unbreaded f/c
22720100,-1,unclustered,0.0,chicken brakebush wings bnls doo-wa ditt
22720600,-1,unclustered,0.0,chicken brakebush wings country style br
SP334,-1,unclustered,0.0,chicken breaded nuggets
22563400,-1,unclustered,0.0,chicken breakbush breast b/out s/off ful
23110004,-1,unclustered,0.0,chicken breast (s) 4oz 4/10 lb bags
23119004,-1,unclustered,0.0,chicken breast (s) 4oz butterflied
23119006,-1,unclustered,0.0,chicken breast (s) 6oz butterflied
23110061,-1,unclustered,0.0,chicken breast (s) 6oz-roll stock 1 per
23110017,-1,unclustered,0.0,chicken breast (s) 7oz cvp 2 per vac
20101234,-1,unclustered,0.0,chicken breast (w) 10oz- cvp 1 per
23242023,-1,unclustered,0.0,chicken breast (w) 12oz-koch
23120004,-1,unclustered,0.0,chicken breast (w) 4oz 4/10 lb. bags
23235079,-1,unclustered,0.0,chicken breast (w) 7-9oz cvp
23220007,-1,unclustered,0.0,chicken breast (w) 7oz cvp
23097440,-1,unclustered,0.0,chicken breast (w) bone in
23244706,-1,unclustered,0.0,chicken breast (w) mesquite b/out s/off
23020000,-1,unclustered,0.0,chicken breast (w)-bone in
14100021,-1,unclustered,0.0,chicken breast (w)-frozen
23421015,-1,unclustered,0.0,chicken breast 10 w -chef trim
23120114,-1,unclustered,0.0,chicken breast 14oz single lobe
23110204,-1,unclustered,0.0,chicken breast 4oz (s)-421040
23904053,-1,unclustered,0.0,chicken breast 5oz mesquite solution add
23142065,-1,unclustered,0.0,chicken breast 6.5oz (s) b/out s/off 40p
23148060,-1,unclustered,0.0,chicken breast 6oz (s) b/out s/off 20lb/
23255080,-1,unclustered,0.0,chicken breast 8oz (w) b/in s/on
23111006,-1,unclustered,0.0,chicken breast all-natural (s) 6oz
10234,-1,unclustered,0.0,chicken breast b/s 8oz split small box
10235,-1,unclustered,0.0,bf round os flat xt nr oma
310001,-1,unclustered,0.0,"chicken breast b/s, harrison"
316615,-1,unclustered,0.0,"chicken breast b/s, tr pk, harvestland"
310011,-1,unclustered,0.0,chicken breast bi
310018,-1,unclustered,0.0,chicken breast bi med split
310115,-1,unclustered,0.0,"chicken breast bi, med split, 40#"
SP3272,-1,unclustered,0.0,chicken breast bnls 4oz
23020010,-1,unclustered,0.0,chicken breast bone in perdue
23355002,-1,unclustered,0.0,chicken breast bone in skin on
23012500,-1,unclustered,0.0,chicken breast bone in skin-on split
23355000,-1,unclustered,0.0,chicken breast bone in split
23355001,-1,unclustered,0.0,chicken breast bone in split 12 oz
23282900,-1,unclustered,0.0,chicken breast boneless 14oz (w)
23990000,-1,unclustered,0.0,chicken breast boneless smoked
22586321,-1,unclustered,0.0,chicken breast breaded bnls wing-chunk
23468281,-1,unclustered,0.0,chicken breast buffalo style fresh mt
23004006,-1,unclustered,0.0,chicken breast cajun style frozen aspen
23495112,-1,unclustered,0.0,chicken breast chunks trimmed
23705015,-1,unclustered,0.0,"chicken breast diced 1/4 x 1/4"" halal"
310546,-1,unclustered,0.0,"chicken breast diced, harvestland"
310027,-1,unclustered,0.0,"chicken breast filets ckd, jewels"
10850,-1,unclustered,0.0,chicken breast fillet 6oz >15705<
310836,-1,unclustered,0.0,chicken breast flame broiled with sauce
84212,-1,unclustered,0.0,chicken breast flt rtc 4/5##
310188,-1,unclustered,0.0,"chicken breast formed, koch, ckd, 10#"
23595011,-1,unclustered,0.0,chicken breast frozen 3.oz avg -4 pack
310063,-1,unclustered,0.0,"chicken breast frozen, bnls, 6oz"
SP3261,-1,unclustered,0.0,chicken breast grilled fc 4oz
23245900,-1,unclustered,0.0,chicken breast jumbo random tyson - comb
310287,-1,unclustered,0.0,chicken breast machine cut for stirfry
23005700,-1,unclustered,0.0,chicken breast mesquite/ sliced fresh
23485470,-1,unclustered,0.0,chicken breast oven roasted mt
23595000,-1,unclustered,0.0,chicken breast pieces skin off
310461,-1,unclustered,0.0,"chicken breast pieces, fulton, b/s"
310087,-1,unclustered,0.0,"chicken breast pulled ckd, tyson"
23304006,-1,unclustered,0.0,chicken breast random (w) frozen house o
23495000,-1,unclustered,0.0,chicken breast random chunks s/off
23345308,-1,unclustered,0.0,chicken breast random halal
23594007,-1,unclustered,0.0,chicken breast random pcs frozen
23345309,-1,unclustered,0.0,chicken breast random-split amish
SP34011,-1,unclustered,0.0,chicken breast raw diced
SP3501,-1,unclustered,0.0,chicken breast raw-pulled
310013,-1,unclustered,0.0,"chicken breast roast, butterball"
22939430,-1,unclustered,0.0,chicken breast s b/out s/off fillet f/ck
29364100,-1,unclustered,0.0,chicken breast scrap pieces abf
310210,-1,unclustered,0.0,"chicken breast stir fry, 2/10#"
310022,-1,unclustered,0.0,"chicken breast strip grill, foster, 10#"
310333,-1,unclustered,0.0,"chicken breast strip, roasted, ckd, 4/5#"
310086,-1,unclustered,0.0,"chicken breast strips, grill"
SP341,-1,unclustered,0.0,chicken breast tempura 10#
25015001,-1,unclustered,0.0,chicken breast tenderloins abf
SP308,-1,unclustered,0.0,chicken breast tenders-raw
316619,-1,unclustered,0.0,"chicken breast thin sliced, perdue"
310441,-1,unclustered,0.0,"chicken breast trim, fulton, b/s"
310846,-1,unclustered,0.0,"chicken breast trim, pritzlaff"
310670,-1,unclustered,0.0,"chicken breast, b/s sl, gerber, 6/7oz"
310005,-1,unclustered,0.0,"chicken breasts b/s tray pack, halal"
310009,-1,unclustered,0.0,"chicken breasts b/s, gold n plump"
310006,-1,unclustered,0.0,"chicken breasts b/s, halal"
310002,-1,unclustered,0.0,chicken breasts bnls skn
310091,-1,unclustered,0.0,"chicken brst b/s, 6oz (do not use)"
310829,-1,unclustered,0.0,"chicken brst b/s, tr pk, perdue 829/8829"
310552,-1,unclustered,0.0,"chicken brst filet ckd grill, j. soules"
310041,-1,unclustered,0.0,"chicken brst fresh, halal, b/s, 4oz"
310585,-1,unclustered,0.0,"chicken brst nuggets raw, blns, s. river"
10002,-1,unclustered,0.0,chicken brst pan ready
310158,-1,unclustered,0.0,"chicken brst perfect prtn, perdue, 12#"
310084,-1,unclustered,0.0,"chicken brst split, abf, b/s, 7-8oz"
310890,-1,unclustered,0.0,"chicken brst strip grill, windy hill, 8#"
311215,-1,unclustered,0.0,"chicken brst thin sliced, tyson, 12/1.5#"
23245068,-1,unclustered,0.0,chicken brst. 6oz slt bsb hala
23210009,-1,unclustered,0.0,chicken bst bnls 9-oz w skin on
23595001,-1,unclustered,0.0,chicken bst pcs for grinding - pcs s/off
360006,-1,unclustered,0.0,"chicken capon, whole"
790139,-1,unclustered,0.0,chicken chorizo 2-5# case
390041,-1,unclustered,0.0,"chicken chorizo links, 4-1"
390030,-1,unclustered,0.0,"chicken chorizo, bulk"
22387880,-1,unclustered,0.0,chicken crispito chili 590991
566572,-1,unclustered,0.0,chicken crispy- lishus tender
360059,-1,unclustered,0.0,"chicken cut-up fryer, pilgrim, 8pc"
24152205,-1,unclustered,0.0,chicken dark meat deboned drum meat
29055000,-1,unclustered,0.0,chicken demi glaze
27210140,-1,unclustered,0.0,"chicken diced leg meat taco1/4"" raw"
390225,-1,unclustered,0.0,"chicken diced, ckd-8/5# boxes"
25015000,-1,unclustered,0.0,chicken dio not use
10823,-1,unclustered,0.0,chicken drumstick (frozen)
24499000,-1,unclustered,0.0,chicken drumstick smoked
SP306,-1,unclustered,0.0,chicken drumsticks med 40#
320005,-1,unclustered,0.0,"chicken drumsticks, random, bi skn, 20#"
25190,-1,unclustered,0.0,chicken eggroll 3oz `no msg`- baily
3212,-1,unclustered,0.0,chicken fahita 1# pack frz
93560,-1,unclustered,0.0,chicken fajita marinade 4/1 gallon
390025,-1,unclustered,0.0,"chicken fajita, ckd, short cuts, perdue"
390023,-1,unclustered,0.0,"chicken fajita, dark meat, fresh"
390247,-1,unclustered,0.0,"chicken fat, retail, empire kosher"
29404002,-1,unclustered,0.0,chicken feet
29404001,-1,unclustered,0.0,chicken feet 1.5 lb. v/p
380000,-1,unclustered,0.0,"chicken feet, 22# box, perdue"
380011,-1,unclustered,0.0,"chicken feet, 40# box"
83002,-1,unclustered,0.0,chicken flavor soup base 6/5 totole
22603950,-1,unclustered,0.0,chicken florentine
SP323,-1,unclustered,0.0,chicken fried fc - 8 cut*
380005,-1,unclustered,0.0,"chicken fritter, bread, koch"
29504000,-1,unclustered,0.0,chicken fronts 40 pc case
29500000,-1,unclustered,0.0,chicken fronts split 40 lb. /cs
20605571,-1,unclustered,0.0,chicken fryer golden 4#
20004046,-1,unclustered,0.0,chicken fryer southwest 3# cs frozen asp
20005120,-1,unclustered,0.0,chicken fryer wog 2 1/2# b/out
20000235,-1,unclustered,0.0,chicken fryer wog 2 3/4--3lb 16hd
20592011,-1,unclustered,0.0,chicken fryer wog 2.75 lb. without necks
20005445,-1,unclustered,0.0,chicken fryer wog 3.5# - boneless
20005441,-1,unclustered,0.0,chicken fryer wog 3.5# - brick chicken
20007410,-1,unclustered,0.0,chicken fryer wog 3.5-3.75- 70lb cw
20002070,-1,unclustered,0.0,chicken fryer wog 4# white 44 cvp
20005263,-1,unclustered,0.0,chicken fryer wog 4#- boneless
20060500,-1,unclustered,0.0,chicken fryer wog 5#
20055080,-1,unclustered,0.0,chicken fryer wog 5# butterfly whole
20605580,-1,unclustered,0.0,chicken fryer wog 5# yellow gold
20582010,-1,unclustered,0.0,chicken fryer wog 8 cut (2.25-2.50)#
20032300,-1,unclustered,0.0,chicken fryer wog amish bagged 3#
20001300,-1,unclustered,0.0,chicken fryer wog cvp 3#
20005360,-1,unclustered,0.0,chicken fryer wog harrison 4#-brick
20010300,-1,unclustered,0.0,chicken fryer wog natural 3#
20005362,-1,unclustered,0.0,chicken fryer wog-3.5lb split brick cx
360143,-1,unclustered,0.0,"chicken fryer, bagged w/gib, gerber"
360804,-1,unclustered,0.0,"chicken fryer, cut-up, gerber, #0804"
360035,-1,unclustered,0.0,"chicken fryer, gerber amish, 3.5#"
360002,-1,unclustered,0.0,"chicken fryer, marinated, gold n plump"
360005,-1,unclustered,0.0,"chicken fryer, organic, smart chicken"
360001,-1,unclustered,0.0,"chicken fryer, strausberg"
360041,-1,unclustered,0.0,"chicken fryer, w/o gib, 4#, (40#)"
360950,-1,unclustered,0.0,"chicken fryer, whole bag, tyson, frozen"
20041300,-1,unclustered,0.0,chicken fryers organic 3-3 1/2
29034000,-1,unclustered,0.0,chicken giblets
29045001,-1,unclustered,0.0,chicken gizzards 2 lb pack
10750,-1,unclustered,0.0,chicken gizzards 8/5#
10753,-1,unclustered,0.0,chicken gizzards tyson
29019000,-1,unclustered,0.0,chicken ground abf-all dark meat-perdue
29015000,-1,unclustered,0.0,chicken ground breast/w rib meat 20lb cv
29915001,-1,unclustered,0.0,chicken ground leg thighs meat fresh
29014004,-1,unclustered,0.0,chicken ground perdue
29015200,-1,unclustered,0.0,chicken ground sliders 2oz
29606001,-1,unclustered,0.0,chicken hearts 1.50 lb. pack
360560,-1,unclustered,0.0,"chicken heavy hens, 5/6# average"
10220,-1,unclustered,0.0,chicken jumbo b/s breast
10220,-1,unclustered,0.0,chicken jumbo b/s breast
10022,-1,unclustered,0.0,chicken jumbo b/s thighs formosa
10102,-1,unclustered,0.0,chicken jumbo leg quarter sanderson
34019,-1,unclustered,0.0,chicken kabobs
22207531,-1,unclustered,0.0,chicken kiev broccoli and cheese koch
22105240,-1,unclustered,0.0,chicken kiev butter-chive 5oz
22107240,-1,unclustered,0.0,chicken kiev butter-chive 7oz
22208680,-1,unclustered,0.0,chicken kiev creme brie-apple
24406000,-1,unclustered,0.0,chicken leg drumstick
24403000,-1,unclustered,0.0,chicken leg drumstick lollipop
24265068,-1,unclustered,0.0,chicken leg meat 6/8 oz
24265168,-1,unclustered,0.0,chicken leg meat 6/8oz 40 lb case
55109980,-1,unclustered,0.0,"chicken leg meat, skin on, combo"
330140,-1,unclustered,0.0,"chicken leg qtrs, halal, fresh"
24106011,-1,unclustered,0.0,chicken leg quarter 2/pack
24255040,-1,unclustered,0.0,chicken leg quarter meat yellow
24105040,-1,unclustered,0.0,chicken leg quarter yellow
24105405,-1,unclustered,0.0,chicken leg quarter- cut from 2.75 chick
10102,-1,unclustered,0.0,chicken jumbo leg quarter sanderson
24104000,-1,unclustered,0.0,chicken leg quaters
22402846,-1,unclustered,0.0,chicken leg stuffed lady aster
24590000,-1,unclustered,0.0,chicken leg thigh bone in-skin-on
120,-1,unclustered,0.0,chicken less than a case +.20
380051,-1,unclustered,0.0,"chicken liver, frozen, 5# bag"
29604000,-1,unclustered,0.0,chicken livers
29604001,-1,unclustered,0.0,chicken livers 2 lb. pac
10700,-1,unclustered,0.0,chicken livers cvp 40#
10700,-1,unclustered,0.0,chicken livers cvp 40#
10071,-1,unclustered,0.0,chicken livers halal tp
96785890,-1,unclustered,0.0,chicken lof delishaved 8/9oz (4.5#)
29016000,-1,unclustered,0.0,chicken mech. seperated (msc)
920255,-1,unclustered,0.0,chicken n ribs box
29704000,-1,unclustered,0.0,chicken neck
380110,-1,unclustered,0.0,chicken necks
380010,-1,unclustered,0.0,"chicken necks & backs, 10# bag (40#)"
10550,-1,unclustered,0.0,chicken necks 40# bulk
22581010,-1,unclustered,0.0,chicken nugget dinos
10250,-1,unclustered,0.0,chicken party wings (sections)
SP333,-1,unclustered,0.0,chicken patty breaded-fc
390010,-1,unclustered,0.0,"chicken patty, bread, heritage, 3oz"
10500,-1,unclustered,0.0,chicken paws 44.09# formosa/sandrsn
10502,-1,unclustered,0.0,chicken paws frozen 90120 - 22kg
10500,-1,unclustered,0.0,chicken paws 44.09# formosa/sandrsn
18080606,-1,unclustered,0.0,chicken philly kit jtm(4-2.25oz)
10634,-1,unclustered,0.0,chicken popeyes 8-piece 8059 tyson
10171,-1,unclustered,0.0,chicken popeyes dark mt 4pc 114509
27300100,-1,unclustered,0.0,chicken pulled mixed 10lb/cs
27100100,-1,unclustered,0.0,chicken pulled white 10#cs (3)
310037,-1,unclustered,0.0,"chicken qtr breast, med, bi skn, 40#"
29085004,-1,unclustered,0.0,chicken roaster 8 cut roll stk perdue
29088004,-1,unclustered,0.0,chicken roaster perdue 9hd/cs
360780,-1,unclustered,0.0,"chicken roasters, 7/8# average"
360505,-1,unclustered,0.0,"chicken rotisserie, traditional, tyson"
28075759,-1,unclustered,0.0,chicken sausage apple&gouda cheese
28076560,-1,unclustered,0.0,chicken sausage chorizo 8/1 f-ckd
28076901,-1,unclustered,0.0,chicken sausage italian 1oz 621145
28000123,-1,unclustered,0.0,chicken sausage mississippi sage 1oz
29804000,-1,unclustered,0.0,chicken skin
10520,-1,unclustered,0.0,chicken skin 4/10# frozen
380040,-1,unclustered,0.0,"chicken skins, 40#"
566638,-1,unclustered,0.0,chicken smartshapes g`n`s
566634,-1,unclustered,0.0,chicken smartshapes g`n`s brd
20481,-1,unclustered,0.0,chicken spinach feta brat rpc951
22383000,-1,unclustered,0.0,chicken strips grill tyson 10lb/cs
94011,-1,unclustered,0.0,chicken tender bites al safa halal
421027,-1,unclustered,0.0,chicken tender cubes 1x1 raw
310221,-1,unclustered,0.0,"chicken tender raw b/s, foster, 10#"
350010,-1,unclustered,0.0,"chicken tender, bread hstyle, tyson, 10#"
22546900,-1,unclustered,0.0,chicken tenderloin breaded goldnspice
25002030,-1,unclustered,0.0,chicken tenderloins clipped jumbo cvp
25012110,-1,unclustered,0.0,chicken tenderloins house cut cvp 11/12o
25002000,-1,unclustered,0.0,chicken tenderloins jumbo cvp
22121100,-1,unclustered,0.0,chicken tenderloins southern styke bread
25000000,-1,unclustered,0.0,chicken tenderloins southern style
22182401,-1,unclustered,0.0,chicken tenderloins uncooked - 182401
10150,-1,unclustered,0.0,chicken tenders
10154,-1,unclustered,0.0,bf short rib-chu-bi oma-hrf
24565869,-1,unclustered,0.0,chicken thigh anmar halal 6/8 oz hala
SP3052,-1,unclustered,0.0,chicken thigh b/i skin on 40#
340242,-1,unclustered,0.0,"chicken thigh b/s, cut 24/26ct"
10363,-1,unclustered,0.0,chicken thigh bone-in <8998> tyson
24598000,-1,unclustered,0.0,chicken thigh boneless skinless cvp
24565870,-1,unclustered,0.0,chicken thigh butterfly anmar flatten
310551,-1,unclustered,0.0,"chicken thigh cubed, 5oz, b/s"
27510000,-1,unclustered,0.0,chicken thigh fajitas strips
24605000,-1,unclustered,0.0,chicken thigh fryer pieces
10360,-1,unclustered,0.0,chicken thigh jumbo cvp <14525>
10020,-1,unclustered,0.0,chicken thigh meat boneless
24565010,-1,unclustered,0.0,chicken thigh meat pan ready
340001,-1,unclustered,0.0,"chicken thigh meat, diced, 1in"
340004,-1,unclustered,0.0,"chicken thigh meat, skewer"
27510060,-1,unclustered,0.0,chicken thigh strips halal for fajita
340003,-1,unclustered,0.0,"chicken thigh, bnls, s/l, sliced"
24565025,-1,unclustered,0.0,chicken thighs 1 pc cw roll stock
24565002,-1,unclustered,0.0,chicken thighs 1# roll stock
24565040,-1,unclustered,0.0,chicken thighs 4/10 cvp
24565800,-1,unclustered,0.0,chicken thighs 4/10 cvp halal
24505001,-1,unclustered,0.0,chicken thighs 4/10 frozen
24565500,-1,unclustered,0.0,chicken thighs 4oz halal
24565100,-1,unclustered,0.0,chicken thighs all-natural
10362,-1,unclustered,0.0,chicken thighs b/i
24527000,-1,unclustered,0.0,chicken thighs b/in 30lb/cs
340006,-1,unclustered,0.0,"chicken thighs, bi, 40#"
24525010,-1,unclustered,0.0,chicken thighs-bone in back on
29064000,-1,unclustered,0.0,chicken triming
29364000,-1,unclustered,0.0,chicken triming breast
29964000,-1,unclustered,0.0,chicken triming leg thighs frozen
SP310,-1,unclustered,0.0,chicken whole 3.5# ea ~70#*
360805,-1,unclustered,0.0,"chicken whole, perdue 805"
360087,-1,unclustered,0.0,"chicken whole, processed"
10801,-1,unclustered,0.0,chicken wing fritter strip
10255,-1,unclustered,0.0,chicken wing section fc 2/5#
10253,-1,unclustered,0.0,chicken wing sections fc bbq 4/5#
26105000,-1,unclustered,0.0,chicken wings drumette 1st joint
26135400,-1,unclustered,0.0,chicken wings drumette frenched 4oz
10249,-1,unclustered,0.0,chicken wings halal 4# tray
26500000,-1,unclustered,0.0,chicken wings jumbo 2nd & 3rd joint
26422030,-1,unclustered,0.0,chicken wings jumbo 5/9 ct
26415031,-1,unclustered,0.0,chicken wings jumbo cut halal
10261,-1,unclustered,0.0,chicken wings jumbo halal... frozen
10260,-1,unclustered,0.0,chicken whole wings jumbo
10250,-1,unclustered,0.0,chicken party wings (sections)
26415000,-1,unclustered,0.0,chicken wings party iqf
SP3043,-1,unclustered,0.0,chicken wings whole reg/sm 40#
360389,-1,unclustered,0.0,"chicken wings, 4/10# bags, (40#)"
SP3041,-1,unclustered,0.0,chicken wings-breaded spicy
390004,-1,unclustered,0.0,"chicken, ground, raw, frozen, 5lb"
390002,-1,unclustered,0.0,"chicken, natural, 1/8 pc cut, gerber"
20501050,-1,unclustered,0.0,chickens fryer wog (2.5-2.75 marnatied
968209,-1,unclustered,0.0,chile relleno w/chs 30ct
98042450,-1,unclustered,0.0,"chile relleno, frida`s 1/30 pcs"
96010347,-1,unclustered,0.0,chili beans paisano-z 6/5#
84390,-1,unclustered,0.0,chili garlic sauce 3x136oz (green)
96010349,-1,unclustered,0.0,chili numero uno v063641 16#
83240,-1,unclustered,0.0,chili paste w/ soya bean oil* large 4x1
83241,-1,unclustered,0.0,chili paste w/ soya bean oil* small 16oz
83020,-1,unclustered,0.0,"chinese wok 14"" with iron handle each"
83690,-1,unclustered,0.0,"chinese wok 16"" w/iron handle ( each )"
917113,-1,unclustered,0.0,chip com 20/2-oz simply sea salt
40054030,-1,unclustered,0.0,"chitterlings, cleaned pork danish (9/5#)"
40055930,-1,unclustered,0.0,"chitterlings, pork aunt bessie`s (9/5#)"
40051010,-1,unclustered,0.0,"chitterlings, pork ibp (6/10#)"
210780,-1,unclustered,0.0,chix bst bone in heavy yellow
23175170,-1,unclustered,0.0,chix bst skinless 7oz (s) special trim
29915005,-1,unclustered,0.0,chixground leg thighs meat frozen-2-5 lb
91206G,-1,unclustered,0.0,chk assorted fritters (labor) 8/5#
17875,-1,unclustered,0.0,chk backs fmc 40# bulk
17875A,-1,unclustered,0.0,chk backs fmc-10#
17875,-1,unclustered,0.0,chk backs fmc 40# bulk
16207,-1,unclustered,0.0,chk br al son bfly 10-12 oz 10#
161970,-1,unclustered,0.0,chk br al son sng 08 oz 2p 10/1#-rs
161991,-1,unclustered,0.0,chk br al son sng 09 oz 4/5# per
16223012,-1,unclustered,0.0,chk br al son sng 14-16 oz 10# 10/1 ind
16191f1,-1,unclustered,0.0,chk br al son sng to 08oz 5/2#-z
16191F,-1,unclustered,0.0,chk br al son sng 08 oz 2/10#cvp
16136,-1,unclustered,0.0,chk br al-sknls sng 06 oz 10#
16138B,-1,unclustered,0.0,chk br al-sknls sng 08 oz 10#
17802306,-1,unclustered,0.0,chk br bi f-ball per 2000#
17823,-1,unclustered,0.0,chk br bi so chef 40#
17818046,-1,unclustered,0.0,chk br bi so split 10tray 40#
17818045,-1,unclustered,0.0,chk br bi so split 8tray 40#
17811B1,-1,unclustered,0.0,chk br bi so-fmc 18-20-oz 40#
17817109,-1,unclustered,0.0,chk br bi so-miscuts pil 40#
17821003,-1,unclustered,0.0,chk br bi so-split b/o-sml-yel 40#
17817977,-1,unclustered,0.0,chk br bi so-split gnp 40#
17823,-1,unclustered,0.0,chk br bi so chef 40#
17817110,-1,unclustered,0.0,chk br bi so-z miscuts pil 40#
170654,-1,unclustered,0.0,chk br bs bfly 08 oz 8/5#fox
17020K,-1,unclustered,0.0,chk br bs fillet 04 oz 10#..
170231,-1,unclustered,0.0,chk br bs fillet 04 oz 2/10#cvp
1701789,-1,unclustered,0.0,chk br bs fillet 05 oz 4/5#hrv
1712004,-1,unclustered,0.0,chk br bs fillet 05 oz-2p/vp 40#
170322,-1,unclustered,0.0,chk br bs fillet 06 oz 4/5#per
170350,-1,unclustered,0.0,chk br bs fillet 06 oz fmc-13/2p-vp
170351,-1,unclustered,0.0,chk br bs fillet 06 oz fmc-26/2p-vp
17008669,-1,unclustered,0.0,chk br bs fillet 06 oz halal 20#
1703206,-1,unclustered,0.0,chk br bs fillet 07 to 10 oz 4/10#
1703205,-1,unclustered,0.0,chk br bs fillet 07 to10 oz 4/10#
17063K1,-1,unclustered,0.0,chk br bs fillet 08 oz 4/10#fox
17064KA,-1,unclustered,0.0,chk br bs fillet 08 oz nae 10#..
17064KB,-1,unclustered,0.0,chk br bs fillet 08 oz nae 4/10#
17081,-1,unclustered,0.0,chk br bs fillet 10 oz 4/10#
170812P,-1,unclustered,0.0,chk br bs fillet 11 oz 2/10#
170812,-1,unclustered,0.0,chk br bs fillet 12 oz 4/10#
170171,-1,unclustered,0.0,chk br bs fillet 5oz 2/10 cvp
1708074,-1,unclustered,0.0,chk br bs fillet xt 04 oz 2/10p-vp
17011A,-1,unclustered,0.0,chk br bs fillet xt 04 oz 4/10#
1703290,-1,unclustered,0.0,chk br bs fillet-z 06oz 4/10#vp fmc
17017889,-1,unclustered,0.0,chk br bs fillet-z 5-6oz 4/10 fmc
1700110,-1,unclustered,0.0,chk br bs rand filet gnp 6/5# 85946
17001406,-1,unclustered,0.0,chk br bs rand filet hrv-hal
1700588,-1,unclustered,0.0,chk br bs rand filet mta-blk
1770019,-1,unclustered,0.0,chk br bs rand filet wfa 4/10#
170183,-1,unclustered,0.0,chk br bs rand fillet ppp
170698,-1,unclustered,0.0,chk br bs rand thin slc fm 40#
170040,-1,unclustered,0.0,chk br bs rand w .agri 50#
175768,-1,unclustered,0.0,chk br bs rand w hrv-nae 4/5#
1700219,-1,unclustered,0.0,chk br bs rand w-combo sim
17009912,-1,unclustered,0.0,chk br bs rand w-yel har 4/10#cvp
17009914,-1,unclustered,0.0,chk br bs rand-s/on w-yel har
17009919,-1,unclustered,0.0,chk br bs rand-s/on w-yel har-hal
17001011,-1,unclustered,0.0,chk br bs rand w okf 4/10# cvp
1700594,-1,unclustered,0.0,chk br bs rand-z w-yel per-thin
17064CK,-1,unclustered,0.0,chk br bs sc-chunk 0.75-oz 10#cvp
10001B,-1,unclustered,0.0,chk br bs sc-fajita strip 4/10#
10001B13,-1,unclustered,0.0,chk br bs tp-strip per 10#-z
17843B,-1,unclustered,0.0,chk br bs trim w fat fmc 4/10#
17832812,-1,unclustered,0.0,chk br bs-pieces.combo
17053,-1,unclustered,0.0,chk br bs-z bfly 08 oz 4/10# koch
17080081,-1,unclustered,0.0,chk br bs-z fillet xt 08 oz 10#..
1700588,-1,unclustered,0.0,chk br bs rand filet mta-blk
1700603,-1,unclustered,0.0,chk br bs rand filet pil 4/10#
17001C,-1,unclustered,0.0,chk br bs rand w hor 4/10# cvp.
175768,-1,unclustered,0.0,chk br bs rand w hrv-nae 4/5#
17005C,-1,unclustered,0.0,chk br bs rand w pil 4/10#cvp
17002G2,-1,unclustered,0.0,chk br bs-z rand w san #6tp 40#rw
17001010,-1,unclustered,0.0,chk br bs rand w wsn 4/10#cvp
17222,-1,unclustered,0.0,chk br bs-z rand w tys tp#8
17009912,-1,unclustered,0.0,chk br bs rand w-yel har 4/10#cvp
170016,-1,unclustered,0.0,chk br bs-z rand w-yel per 40#
17832808,-1,unclustered,0.0,chk br bs-z-pieces gnp 40#bulk
17832809,-1,unclustered,0.0,chk br bs-z-pieces gnp 50600 40#
17668F,-1,unclustered,0.0,chk br son bfly -z 08 oz tp-24ct
17483906,-1,unclustered,0.0,chk br son bfly 08-10 oz fmc 10#bg
17411,-1,unclustered,0.0,chk br son fillet random 2/10#cvp
17415HAL,-1,unclustered,0.0,chk br son-yel bfly har 4/10# hal
17843447,-1,unclustered,0.0,chk br ten cvp xt 2-4oz
17845037,-1,unclustered,0.0,chk br tender jum mta-hal
17845013,-1,unclustered,0.0,chk br tender jum pil comb
17843001,-1,unclustered,0.0,chk br tender med gnp 40# 34400
17845940,-1,unclustered,0.0,chk br tender med ppp 4/10#
17844,-1,unclustered,0.0,chk br tender pieces gnp-34900 40#
17845006,-1,unclustered,0.0,chk br tender reg-yel per tp 28#
17845043,-1,unclustered,0.0,chk br tender sml cgl 4/10#
17844,-1,unclustered,0.0,chk br tender pieces gnp-34900 40#
17843001,-1,unclustered,0.0,chk br tender med gnp 40# 34400
17843002,-1,unclustered,0.0,chk br tender-z med rc1lv
17789,-1,unclustered,0.0,chk br tender-z pieces gnp 40#
100021,-1,unclustered,0.0,chk br-strip-z fajita 10#
1319880,-1,unclustered,0.0,chk breast thigh blend-diced- 20#
13198801,-1,unclustered,0.0,chk breast thigh blend-diced-z 20#
1789010,-1,unclustered,0.0,chk cockscombs-z 5#
17879B,-1,unclustered,0.0,chk fat-y fmc 40#
17879998,-1,unclustered,0.0,chk fat-z fmc 40#
17879F,-1,unclustered,0.0,chk fat-z rend emp 7-oz ??
17879R,-1,unclustered,0.0,chk fat-z rend sou 25#
17880003,-1,unclustered,0.0,chk fat-z rend tip top 2/20#
17879,-1,unclustered,0.0,chk feet harrison 40#-z
178792,-1,unclustered,0.0,chk feet hor 40#-z
178794,-1,unclustered,0.0,chk feet sim 44.09#-z
1787998,-1,unclustered,0.0,chk feet/paws perd6129 22#-z
15308PP,-1,unclustered,0.0,chk front .fmc 70#
15038GR,-1,unclustered,0.0,chk front grd iice pack 70#
15038012,-1,unclustered,0.0,chk front half
15038OM3,-1,unclustered,0.0,chk front halve ger 40#
17817066,-1,unclustered,0.0,chk front-foot ball-z 40# **
17821089,-1,unclustered,0.0,chk front-split fmc 40#
15100,-1,unclustered,0.0,chk fry-z perdue 805 45#
17881G,-1,unclustered,0.0,chk gibblets
17880123,-1,unclustered,0.0,chk gizzards fox 4/10#
17880116,-1,unclustered,0.0,chk gizzards gnp 8/5# 50574
17880110,-1,unclustered,0.0,chk gizzards grd 40#
178802,-1,unclustered,0.0,chk gizzards har 10#
178801,-1,unclustered,0.0,chk gizzards har 8/5# vp
17880122,-1,unclustered,0.0,chk gizzards mar-hal 8/5#
17880114,-1,unclustered,0.0,chk gizzards mta 4/10#
178801,-1,unclustered,0.0,chk gizzards har 8/5# vp
17880122,-1,unclustered,0.0,chk gizzards mar-hal 8/5#
17880114,-1,unclustered,0.0,chk gizzards mta 4/10#
1787615,-1,unclustered,0.0,chk ground br-z 40# har msc
17850412,-1,unclustered,0.0,chk ground br-z anm 4/5#
1786113,-1,unclustered,0.0,chk ground dark fm
17851F,-1,unclustered,0.0,chk leg 1/4 jum-combo
1788554,-1,unclustered,0.0,chk leg jum-roaster yel per 40#
1784968,-1,unclustered,0.0,chk leg whl jum-combo tys
17873L,-1,unclustered,0.0,chk leg-m bnl skl- dice fmc 20#
17853ST,-1,unclustered,0.0,chk leg-m bnl skl- trim fmc 4/10#
17854102,-1,unclustered,0.0,chk leg-thi-bnl dark meat fmc
17854102,-1,unclustered,0.0,chk leg-thi-bnl dark meat fmc
1788204R,-1,unclustered,0.0,chk livers-z gnp 30# 24/20oz
17877990,-1,unclustered,0.0,chk skin-z cgl 5/10#
1786341,-1,unclustered,0.0,chk thigh bi b/o fmc 5oz 10#
1786305,-1,unclustered,0.0,chk thigh bi w/back gnp 40# 23400
17860A,-1,unclustered,0.0,chk thigh meat ami 4/10#
17860C,-1,unclustered,0.0,chk thigh meat cou 4/10#
17861044,-1,unclustered,0.0,chk thigh meat fmc 4/10# cvp
17861045,-1,unclustered,0.0,chk thigh meat fmc 4/10#-bag
17861048,-1,unclustered,0.0,chk thigh meat fmc 40#
17861B,-1,unclustered,0.0,chk thigh meat fmc-10#..
1786105,-1,unclustered,0.0,chk thigh meat fmc-5#
17861054,-1,unclustered,0.0,chk thigh meat fmc-xt 4/10#-vp
178604,-1,unclustered,0.0,chk thigh meat fox 40#
1786010,-1,unclustered,0.0,chk thigh meat hor-hal 40#
178603,-1,unclustered,0.0,chk thigh meat koc 4/10#
178691,-1,unclustered,0.0,chk thigh meat sbl 40#
17861155,-1,unclustered,0.0,chk thigh meat wfa-hal 40#
10002B,-1,unclustered,0.0,chk thigh meat-strip fajita 10#
17876,-1,unclustered,0.0,chk thigh meat-yel-fmc-10#..
1786104F,-1,unclustered,0.0,chk thigh meat-z fmc 4/10#-vp
1786710,-1,unclustered,0.0,chk thigh meat-z gnp 40#
17861051,-1,unclustered,0.0,chk thigh meat-z qas 4/10#
17869997,-1,unclustered,0.0,chk thigh meat.sk/on 5s fmc 20#
178618,-1,unclustered,0.0,chk thigh meat.sk/on 8s fmc 40#
1769990,-1,unclustered,0.0,chk thigh meat.sk/on jum fmc 2/50p
17862888,-1,unclustered,0.0,chk thigh meat.sk/on-yel-8s 10#
17869997,-1,unclustered,0.0,chk thigh meat.sk/on 5s fmc 20#
1769998,-1,unclustered,0.0,chk thigh meat.sk/on-z 8s 40#
17862S,-1,unclustered,0.0,chk thigh meat.sk/on fmc 4/10#
17855688,-1,unclustered,0.0,chk wing drumett lolli fmc 2/10#vp
17855678,-1,unclustered,0.0,chk wing drumette french fmc-2/10#
1786666,-1,unclustered,0.0,chk wing party med 40# *__4/10#
178688,-1,unclustered,0.0,chk wing party-jum mta-halal 4/10#
17870999,-1,unclustered,0.0,chk wing whl reg ger-amish 40#
17864032,-1,unclustered,0.0,chk wing whl-jum way/san
17866946,-1,unclustered,0.0,chk wing-z party-jum gem 4/10#
17864033,-1,unclustered,0.0,chk wing whl-jum wfa 40# bulk
15445,-1,unclustered,0.0,chk wog 2.25-2.50# grd 30hd ice
15001085,-1,unclustered,0.0,chk wog 2.25-2.600# gnp 14hd
152081,-1,unclustered,0.0,chk wog 2.75# cut 1/2 koch
15002023,-1,unclustered,0.0,chk wog 2.75-3.00# grd 24hd halal
15002B,-1,unclustered,0.0,chk wog 2.75-3.25# cut 1/8-16h cvp
152311,-1,unclustered,0.0,chk wog 3 - 3.25# cut 1/8 12 hd per
15220999,-1,unclustered,0.0,chk wog 3.00# cut 1/8 14hd 40#-cvp
15000S,-1,unclustered,0.0,chk wog 3.00# cut-semi bnls
15009,-1,unclustered,0.0,chk wog 3.00# cut-silver dol
15220V,-1,unclustered,0.0,chk wog 3.00# cut-virtue 14h
15006083,-1,unclustered,0.0,chk wog 3.00-3.50# fmc 20p ivp
15004052,-1,unclustered,0.0,chk wog 3.00-3.50# mta 14hd
1501820,-1,unclustered,0.0,chk wog 3.00-4.00#-mp- com tyson
15076,-1,unclustered,0.0,chk wog 3.25# cut 1/2 b/out 10hd
15005A4,-1,unclustered,0.0,chk wog 3.25# cut 1/4
15077370,-1,unclustered,0.0,chk wog 3.25-3.50# cut 1/2 22hd
1507733,-1,unclustered,0.0,chk wog 3.25-3.50# cut 1/8 per
15220997,-1,unclustered,0.0,chk wog 3.50# cut 1/8 20hd fmc
15004C8,-1,unclustered,0.0,chk wog 3.50# semi-bnl 1stj-wing
150063,-1,unclustered,0.0,chk wog 3.50-3.75# tyson 20hd
15239,-1,unclustered,0.0,chk wog-z 2.50-2.75 gnp
15238,-1,unclustered,0.0,chk wog-z fc brd cut 1/8 per
170886,-1,unclustered,0.0,chk-ff nae br bs tender 8/16-oz
170892,-1,unclustered,0.0,chk-ff nae thigh bi 8/20-oz
170894,-1,unclustered,0.0,chk-ff nae thigh meat 8/18-oz
170896,-1,unclustered,0.0,chk-ff nae wings prty 8/32-oz
17081115,-1,unclustered,0.0,chk-ff org br bs rand #8283 8/1.25#
17081048,-1,unclustered,0.0,chk-ff org br bs-thin #8290 8/1.25#
17081541,-1,unclustered,0.0,chk-ff org br tender #8284 8/1.25#
17081457,-1,unclustered,0.0,chk-ff org thigh meat #8281 8/1.25#
17081316,-1,unclustered,0.0,chk-ff org wing party #8289 8/1.25#
170860,-1,unclustered,0.0,chk-ff org-sp br bs ran# 8/3#
170861,-1,unclustered,0.0,chk-ff-z sp br bs ran# 8/3##
1781903,-1,unclustered,0.0,chk-ff-z vs ground chicken 6/1#
1781904,-1,unclustered,0.0,chk-ff-z vs ground leg-meat #8196
17081720,-1,unclustered,0.0,chk-ff-z vs livers 6/20-oz cup
9171581,-1,unclustered,0.0,chk-ff-z vs thigh bi 8/1.25#
9171316,-1,unclustered,0.0,chk-ff-z vs wing party 8/1.25#
1517002,-1,unclustered,0.0,chk-ff-z vs-seas-spatchcock 6/4#
171306C,-1,unclustered,0.0,chk-ff-z-b wing party #1306 40#
1708910,-1,unclustered,0.0,chk-ff-z-b-seas prty wing cur 6/3#
1708911,-1,unclustered,0.0,chk-ff-z-b-seas prty wing per 6/3#
1708912,-1,unclustered,0.0,chk-ff-z-b-seas thig lager 6/3#
310324,-1,unclustered,0.0,"chken brst brd chunk ckd, tyson, 30.24#"
73007991,-1,unclustered,0.0,chkn br brd fc bb6106 10#
73080747,-1,unclustered,0.0,chkn br brd fil ctryp k-1247 2/5#-z
73080801,-1,unclustered,0.0,chkn br brd pat fc bb5912 10#
13788876,-1,unclustered,0.0,chkn br fil gm-rst 4oz k88876 10#
73012765,-1,unclustered,0.0,chkn br frit dai-30#
73075,-1,unclustered,0.0,chkn br nuggets fc bb5622 12#
73133A,-1,unclustered,0.0,chkn br strips gm-fc k3546 4/2.5#
730622,-1,unclustered,0.0,chkn br unckd spare-z
73083218,-1,unclustered,0.0,chkn brd tend fc chef quick $10#
310021,-1,unclustered,0.0,"chkn breast filet brd ckd, tyson, 4.33oz"
310016,-1,unclustered,0.0,"chkn breast perfect prtn, harvest, 13.2#"
310928,-1,unclustered,0.0,"chkn brst diced grl, tyson, 1/2"", 2/5 lb"
310200,-1,unclustered,0.0,"chkn brst random b/s, gerber, 20#"
310065,-1,unclustered,0.0,"chkn brst split tray pack, b/s, 6oz"
73084140,-1,unclustered,0.0,chkn burger fc gr-mrk bb-5702 10#
73012768,-1,unclustered,0.0,chkn drum fc frit tys-20#
730621,-1,unclustered,0.0,chkn nug unckd #0023-z
1832406,-1,unclustered,0.0,chkn or br thm brwnd-round 2/4.5#
1832401,-1,unclustered,0.0,chkn or br thm buffalo styl 2/4.5#
1832416,-1,unclustered,0.0,chkn or br thm chipolte 2/5#
17874081,-1,unclustered,0.0,chkn or br-z applgate slc 6/2#
17002B,-1,unclustered,0.0,chkn or br-z thm bbq styl 4/4#
1832405,-1,unclustered,0.0,chkn or br-z thm buffalo sty 4/4.5#
13033S,-1,unclustered,0.0,chkn philly-z 4-oz orig-phily 10#
731219,-1,unclustered,0.0,chkn stfd bar-753 broc/chs 24/7oz
74141,-1,unclustered,0.0,chkn stfd k10724 kiev 24/7oz 10.5#
340865,-1,unclustered,0.0,"chkn thigh b/s, perdue, tr pk #865"
73080700,-1,unclustered,0.0,chkn thigh bi fc bb6705-z 10#
73130,-1,unclustered,0.0,chkn wing unckd 1&2p spare
1700751,-1,unclustered,0.0,chkn-wal-tys leg qtr 700751 32#
17700954,-1,unclustered,0.0,chkn-wal-tys tender seas 700954 32#
17874R,-1,unclustered,0.0,chkn-wal-tys wing/hab 705748 16#
144037,-1,unclustered,0.0,choice 2oz drop filet
144033,-1,unclustered,0.0,choice 3oz drop filet
190003,-1,unclustered,0.0,"beef hindshank, ch"
124007,-1,unclustered,0.0,choice clod tender-processed
420005,-1,unclustered,0.0,choice domestic lamb racks
420006,-1,unclustered,0.0,choice lamb loin
144164,-1,unclustered,0.0,choice porterhouse
620079,-1,unclustered,0.0,choice sauerbratten
144160,-1,unclustered,0.0,choice t-bone
174177,-1,unclustered,0.0,"choice top round sliced 3/16"""
28241000,-1,unclustered,0.0,chorizo (chicken ) by atk foods
38447890,-1,unclustered,0.0,chorizo (spain) sp order
38154300,-1,unclustered,0.0,chorizo al pastor
20045,-1,unclustered,0.0,chorizo de puerco cacique 12/9oz
82389980,-1,unclustered,0.0,chorizo el michoacano 6-5lb
620080,-1,unclustered,0.0,chorizo sausage 4-1 link
38154400,-1,unclustered,0.0,chorizo sausage bulk
4023410,-1,unclustered,0.0,chs amer- sup-melt wht sab
40072,-1,unclustered,0.0,chs blue danish whl 6#
40582,-1,unclustered,0.0,chs brick cheese sws 6/5#
40255,-1,unclustered,0.0,chs colby half longhorn 8#
40258,-1,unclustered,0.0,chs colby whl longhorn 4/14#
4018694,-1,unclustered,0.0,chs cream cheese neuf 30# 5218
4018691,-1,unclustered,0.0,chs cream-z cheese spread30#
40070125,-1,unclustered,0.0,chs feta country clsc 28# pail
406946,-1,unclustered,0.0,chs grana padano dop 09m qtr-1/20#
40PO18,-1,unclustered,0.0,chs hot pepper jack thm 6/5#
40501060,-1,unclustered,0.0,chs mascarpone galb 4/5#
405943,-1,unclustered,0.0,chs moz fresh galb ciliegine 2/3#
405949,-1,unclustered,0.0,chs moz fresh galb ovalini 2/3#
40494,-1,unclustered,0.0,chs moz lm 8/5#
40579,-1,unclustered,0.0,chs muenster 6/6#
40PO15,-1,unclustered,0.0,chs muenster thm-ny 3/5.5#
40606,-1,unclustered,0.0,chs parm grated 4/5#
4069615,-1,unclustered,0.0,chs parm-reggi agri qtr-1/20# 18m
4069614,-1,unclustered,0.0,chs parm-reggi ber qtr-1/20# 18m
408141,-1,unclustered,0.0,chs pecorino rom dop qtr 4/12#
408140,-1,unclustered,0.0,chs pecorino rom dop whl 55#
40695238,-1,unclustered,0.0,chs provolone ita madarino 42#
40PM16,-1,unclustered,0.0,chs provolone thm 4/6# hlv
40443000,-1,unclustered,0.0,chs queso cotija grated
40443004,-1,unclustered,0.0,chs queso cotija grated 12/1#
407311,-1,unclustered,0.0,chs swiss nat thm sandwch 2/8#
407316,-1,unclustered,0.0,chs swiss nat thm-hi-cut aged 4/7#
40739,-1,unclustered,0.0,chs-sauce ched age dean 6/#10
40171031,-1,unclustered,0.0,chs-sauce nacho 6/#10
40171011,-1,unclustered,0.0,chs-sauce nacho nue 6/#10
120007,-1,unclustered,0.0,chuck bnlswhole short ribs
124002,-1,unclustered,0.0,"chuck eyeroll, ch"
120001,-1,unclustered,0.0,"chuck eyeroll, sliced thin"
120005,-1,unclustered,0.0,chuck flap meat beef
122001,-1,unclustered,0.0,"chuck ground patty, angus"
122000,-1,unclustered,0.0,"chuck ground, angus, 5lb"
13069980,-1,unclustered,0.0,"chuck roll block ready, ch,"
13171120,-1,unclustered,0.0,"chuck roll bone/in, mex praderas"
13173680,-1,unclustered,0.0,"chuck roll bone/in, mex sukarne"
13083896,-1,unclustered,0.0,"chuck roll n/off, clear river (nr)"
13081204,-1,unclustered,0.0,"chuck roll n/off, creekstone (ch)"
13081201,-1,unclustered,0.0,"chuck roll n/off, creekstone (prime)"
13081205,-1,unclustered,0.0,"chuck roll n/off, creekstone (sel)"
13081176,-1,unclustered,0.0,"chuck roll n/off, demkota (nr)"
13081003,-1,unclustered,0.0,"chuck roll n/off, greateromaha (ch_angu)"
13081001,-1,unclustered,0.0,"chuck roll n/off, greateromaha (prime)"
13091000,-1,unclustered,0.0,"chuck roll n/off, greateromaha halal"
13084564,-1,unclustered,0.0,"chuck roll n/off, greateromaha hereford"
13043556,-1,unclustered,0.0,"chuck roll n/off, heartland (n/r_angus)"
157600001,-1,unclustered,0.0,"chuck roll n/off, heritage"
13083674,-1,unclustered,0.0,"chuck roll n/off, ibp chairman`s reserve"
13083544,-1,unclustered,0.0,"chuck roll n/off, ibp open prairie (ch)"
13083563,-1,unclustered,0.0,"chuck roll n/off, ibp star ranch (ch_ang"
13081036,-1,unclustered,0.0,"chuck roll n/off, jbs (nr)"
13081320,-1,unclustered,0.0,"chuck roll n/off, mex gusi"
13081120,-1,unclustered,0.0,"chuck roll n/off, mex praderas huastecas"
13081130,-1,unclustered,0.0,"chuck roll n/off, mex sukarne"
13083354,-1,unclustered,0.0,"chuck roll n/off, swift (ch)"
13083356,-1,unclustered,0.0,"chuck roll n/off, swift (nr)"
13081034,-1,unclustered,0.0,"chuck roll trim, blue ribbon (aaa)"
13083345,-1,unclustered,0.0,"chuck roll trim, diamond beef (aa)"
13083344,-1,unclustered,0.0,"chuck roll trim, diamond beef (aaa)"
120002,-1,unclustered,0.0,"chuck roll, buffalo"
120018,-1,unclustered,0.0,"chuck roll, grass run farms, ch"
13189984,-1,unclustered,0.0,"chuck short rib finger, (ch)"
13183896,-1,unclustered,0.0,"chuck short rib, clear river (nr)"
13181176,-1,unclustered,0.0,"chuck short rib, demkota (nr)"
13181070,-1,unclustered,0.0,"chuck short rib, palo duro (brown box)"
13183354,-1,unclustered,0.0,"chuck short rib, swift (ch)"
190823,-1,unclustered,0.0,"chuck, brisket short rib pattie, 4oz"
190818,-1,unclustered,0.0,"chuck, brisket short rib pattie, 8oz"
13161376,-1,unclustered,0.0,"chucks bnls 2 pc, beef evp (nr)"
78499989,-1,unclustered,0.0,"chum salmon portions, 6oz fortune`s wind"
78502789,-1,unclustered,0.0,"chum skin on salmon portions, 6oz (10#)"
96235640,-1,unclustered,0.0,churros
22080220,-1,unclustered,0.0,cinnamon ground 5# plastic cont
22080223,-1,unclustered,0.0,cinnamon stick 3 2#
620036,-1,unclustered,0.0,citterio 625 hard salami
750056,-1,unclustered,0.0,citterio mortadella 5/6# plain
750156,-1,unclustered,0.0,citterio mortadella 5/6# w/nut
750005,-1,unclustered,0.0,citterio pancetta
750002,-1,unclustered,0.0,citterio pros cotto w/rosemary
750006,-1,unclustered,0.0,citterio silver bnls prosciutto
750007,-1,unclustered,0.0,citterio sopressata lg.-hot
750008,-1,unclustered,0.0,citterio sweet capicollo
750009,-1,unclustered,0.0,citterio sweet sopressata lg
391193,-1,unclustered,0.0,"ckd diced white turkey, jennie o"
391194,-1,unclustered,0.0,"ckd turkey breast strips, jennie o"
52011250,-1,unclustered,0.0,ckn breast strips grill full ckd 5/2#
70690,-1,unclustered,0.0,clam -cooked (11/20) 10/2#
901400,-1,unclustered,0.0,clam chowder
95200,-1,unclustered,0.0,clamato tomato juice mix 12/32oz
2106100,-1,unclustered,0.0,clams chopped w/juice 12/3#
21060CL,-1,unclustered,0.0,clams large 50ct
21061CL,-1,unclustered,0.0,clams sml 50ct
78031789,-1,unclustered,0.0,"clams, wckd 27-36 netuno (10x1#)"
78034360,-1,unclustered,0.0,"clams, whl ckd 17-22 vp, panamei 10/1#"
96685940,-1,unclustered,0.0,"classic italian-style,lofp 6ct,6/20 (7.5"
97151900,-1,unclustered,0.0,classic italianlof(6-20oz)
900024,-1,unclustered,0.0,clnart glace de canard
900044,-1,unclustered,0.0,clnart glace de poulet
190099,-1,unclustered,0.0,clod combo
18061014,-1,unclustered,0.0,"clod heart, ibp (ch)"
13011204,-1,unclustered,0.0,"clod shoulder, creekstone (choice)"
13011000,-1,unclustered,0.0,"clod shoulder, greateromaha (hereford)"
13013556,-1,unclustered,0.0,"clod shoulder, heartland (n/r)"
124005,-1,unclustered,0.0,"clod tender peeled, ch, 10#a"
124003,-1,unclustered,0.0,"clod tender, ch"
124004,-1,unclustered,0.0,"clods beef, ch"
78061789,-1,unclustered,0.0,cobia diced netuno (10#)
78051789,-1,unclustered,0.0,"cobia, iwp fillet 1-3lb; netuno 20#"
78054369,-1,unclustered,0.0,"cobia, portion ivp, rtl panamei (10/1#)"
95152,-1,unclustered,0.0,coca cola mexico 12oz small only
95150,-1,unclustered,0.0,coca cola mexico 16.9oz large only
906175,-1,unclustered,0.0,cocktail juice tomato 8/64oz
910410,-1,unclustered,0.0,cocktail mix sweet & sour 4/1gal
82440,-1,unclustered,0.0,coco king coconut milk small case
31290,-1,unclustered,0.0,coconut (fresh)
538815,-1,unclustered,0.0,coconut breaded shrimp-16/20ct-4/3#
30337019,-1,unclustered,0.0,coconut cream lopez 24/15oz
970410,-1,unclustered,0.0,coconut wat ouc 12/10.8-oz can
71011669,-1,unclustered,0.0,"cod 2-3oz, harvest (10/1#)"
71039989,-1,unclustered,0.0,"cod loin 4oz, (100-120g), atlantic (11#)"
71049989,-1,unclustered,0.0,"cod loin 6oz, (160-180g), atlantic (11#)"
207900035,-1,unclustered,0.0,"cod loin, iceland 4oz (10#)"
207900030,-1,unclustered,0.0,"cod loin, iceland 8oz (10#)"
71074369,-1,unclustered,0.0,"cod portion, ivp rtl, panamei (20/1#)"
71071529,-1,unclustered,0.0,"cod portions 4oz, blumaris (10#)"
207900031,-1,unclustered,0.0,"cod sandwich cut, iceland 3.5oz (10#)"
71014769,-1,unclustered,0.0,"cod, ch boned cristobal, (24/1#)"
12135414,-1,unclustered,0.0,code 1231514
99990001,-1,unclustered,0.0,cold storage/overwrite description
50131910,-1,unclustered,0.0,collard green 24ct
40302600,-1,unclustered,0.0,"collars boneless, pork aurora"
COL,-1,unclustered,0.0,collect
99996,-1,unclustered,0.0,chicken b/s breast (tyson) frozen!!
920209,-1,unclustered,0.0,comfort food carton
84310,-1,unclustered,0.0,concentrate cooking tamarind 24/16
85281,-1,unclustered,0.0,condensed milk *black & white*
85282,-1,unclustered,0.0,condensed sweet milk [tub] 25#
101278,-1,unclustered,0.0,cont 7in aluminum rnd 500ct
101274,-1,unclustered,0.0,cont 9-in aluminum rnd 500ct
99540,-1,unclustered,0.0,cont foam 5 sandwch 4/125ct
101264,-1,unclustered,0.0,cont foam 9x5x3 hoggie 99ht1 dart
99244,-1,unclustered,0.0,cont rnd 1/2 gal berry 200ct
99245,-1,unclustered,0.0,cont rnd 1gal berry 100ct
620081,-1,unclustered,0.0,cook`s smoked 3x3 ham portions
749995,-1,unclustered,0.0,cook`s/sherwood smoked 1/2 hams
44061,-1,unclustered,0.0,cooked beef intestines bronco meat
44060,-1,unclustered,0.0,cooked beef sml intestinestripitas
82560,-1,unclustered,0.0,cooking michiu 4 x 3 liters (101oz)
84508,-1,unclustered,0.0,copy paper 8.5x11 20# bright white
15110510,-1,unclustered,0.0,corn beef hash 4/12lb /cs
96294740,-1,unclustered,0.0,"corn cut, mambo (6x2#)"
71208,-1,unclustered,0.0,corn dog 1/10
20700,-1,unclustered,0.0,corn dog 12/16oz tray
20703,-1,unclustered,0.0,corn dog chicken bulk 4/1 18#
952521,-1,unclustered,0.0,corn husk 24/1#
82700,-1,unclustered,0.0,corn husks (hojas p/tamales) 24x1
82660,-1,unclustered,0.0,corn maize starch 55# *sunar*
95251B,-1,unclustered,0.0,corn meal yel 50# bag
97103111,-1,unclustered,0.0,corn oil mazola gallons
80270,-1,unclustered,0.0,corn on the cob 48ct-z
80269,-1,unclustered,0.0,corn on the cob 96ct-z
82601,-1,unclustered,0.0,corn starch (individual ) 3lb
80271,-1,unclustered,0.0,corn sweet whl in husk 48ct
120770599,-1,unclustered,0.0,corned beef brisket flatsgrobbel(10pc)
190029,-1,unclustered,0.0,"corned beef eye-rind, ckd, dan`s"
12022670,-1,unclustered,0.0,"corned beef flat, o`connell`s"
190027,-1,unclustered,0.0,"corned beef ground, ckd"
190014,-1,unclustered,0.0,"corned beef round, shamrock"
190015,-1,unclustered,0.0,"corned beef, ckd, shred, boyles"
190024,-1,unclustered,0.0,"corned beef, sliced, private label"
91169000,-1,unclustered,0.0,corned bf hash chef-mate 6/#10
9116899,-1,unclustered,0.0,corned bf hash henj 4/12#-z
1832642,-1,unclustered,0.0,cornedbf ckd thm top round 2/8#
220615,-1,unclustered,0.0,cornedbf ckd v br flat 18500 2/18#
1832642Z,-1,unclustered,0.0,cornedbf ckd-z thm-top-rnd 2/8#
22062676,-1,unclustered,0.0,cornedbf-raw olf-ret points 12/3#
10011,-1,unclustered,0.0,cornish hen ty tp
SP1600,-1,unclustered,0.0,cornish hens - whole
29200420,-1,unclustered,0.0,cornish hens stuffed with rice
363003,-1,unclustered,0.0,"cornish hens, kosher rock"
SP16001,-1,unclustered,0.0,cornish hens-split* orderwhole
AOL00010,-1,unclustered,0.0,coronavirus meat pack
86613,-1,unclustered,0.0,cosentino`s chorizo seasoning mix
97469740,-1,unclustered,0.0,"cotto salami, bar s (12/1lb))"
97445740,-1,unclustered,0.0,"cotto salami, bar s (16/12oz)"
SP195,-1,unclustered,0.0,country fry steak/beef pat 3oz
99999,-1,unclustered,0.0,blank
21050B,-1,unclustered,0.0,crab blue clean whl 20#-z
71205,-1,unclustered,0.0,crab cake 12/6oz
210538,-1,unclustered,0.0,crab claws 5-9ct 10/2#-z
77044360,-1,unclustered,0.0,"crab jonah, claw/arm 5-6ct panamei 10/2#"
21059,-1,unclustered,0.0,crab meat imit flake-z 30/1#
21052,-1,unclustered,0.0,crab meat imit flakes -z 12/2.5#
77035690,-1,unclustered,0.0,"crab meat, claw can, chicken of the 12/1"
77034360,-1,unclustered,0.0,"crab meat, claw can, panamei (12/1#)"
550825,-1,unclustered,0.0,crabjoy imitation crab flakes-8/2.5#
902701,-1,unclustered,0.0,crackers saltines 500ct
21060018,-1,unclustered,0.0,crawfish ckd
78084360,-1,unclustered,0.0,"crawfish whl ckd, 18/27ct panamei (10/2)"
85000,-1,unclustered,0.0,cream cheese 10/3 *pauly* long box
85003,-1,unclustered,0.0,cream cheese bulk *pauly* bola 30#
30337018,-1,unclustered,0.0,cream heavy whip qt 12-16ct
902610,-1,unclustered,0.0,cream of mushroom soup-canned
83640,-1,unclustered,0.0,creamy peanut butter *hunsty*
628826,-1,unclustered,0.0,creamy pick beer cheese brat 4-1
625567,-1,unclustered,0.0,creamy pig brat 4-1
240013,-1,unclustered,0.0,creekstone b-in pork loin case lot
143090,-1,unclustered,0.0,creekstone chefs table ch psmo
390624,-1,unclustered,0.0,"crispy bread chicken strips, ckd, foster"
24350,-1,unclustered,0.0,crispy chow mein *golden bowl*
78091789,-1,unclustered,0.0,"croaker, h&g 8-16oz netuno 25#"
78094369,-1,unclustered,0.0,"croaker, h&g 8-16oz, (25#)"
90270135,-1,unclustered,0.0,croissant-z 3 oz 45ct
90270136,-1,unclustered,0.0,croissant-z 4 oz 30ct
24993,-1,unclustered,0.0,crushed tomatoes 6/5
621735,-1,unclustered,0.0,cti cooked pork sausage patty-30#
97426030,-1,unclustered,0.0,"ctry sge links sknlss,6/2,purnells (12#)"
97436030,-1,unclustered,0.0,"ctry sge patties hot,6/38,purnells(14.25"
97446030,-1,unclustered,0.0,"ctry sge patties m,6/38,purnell`s(14.25#"
53079980,-1,unclustered,0.0,"cubed chicken pieces, (40#)"
96705880,-1,unclustered,0.0,"cubed ham, kentucky legend 8oz (6#)"
31270,-1,unclustered,0.0,cucumber 24ct small case
50120124,-1,unclustered,0.0,cucumbers seedless med 12ct
40244890,-1,unclustered,0.0,cueritos botaneros el gallito (12/1#)
144009,-1,unclustered,0.0,"culotte, peeled, ch"
930099801,-1,unclustered,0.0,"culver, b grade, duck"
22080176,-1,unclustered,0.0,cumin ground 5#
22080174,-1,unclustered,0.0,cumin whl 5#
960246,-1,unclustered,0.0,cup foam soup 08 oz 8sj20 dart
9602748,-1,unclustered,0.0,cup foam soup 32 oz 32mj48
96039,-1,unclustered,0.0,cup foam vented 04 oz 4j6
80016,-1,unclustered,0.0,cup for warehouse use only
96028,-1,unclustered,0.0,cup-4 carrier no handles
900007,-1,unclustered,0.0,curly`s ckd pot roast-36/8oz
720004,-1,unclustered,0.0,curly`s cooked roast beef
93121133,-1,unclustered,0.0,curry irish buckets
47061920,-1,unclustered,0.0,"cushion meat cov, prestage"
47061980,-1,unclustered,0.0,"cushion meat cov, smithfield"
90700,-1,unclustered,0.0,custard bun (b-07)
85251,-1,unclustered,0.0,cutlery kit
995331,-1,unclustered,0.0,cutlery kit combo med white
2971,-1,unclustered,0.0,cvp 8pc (2.5-2.75) 16hd/cs ice
96016,-1,unclustered,0.0,d&g ginger beer brown bottle
96022,-1,unclustered,0.0,d&g kola champagne
740205,-1,unclustered,0.0,daily`s smoked pit hams-1pc
84005,-1,unclustered,0.0,daisy sour cream 16 oz
21205,-1,unclustered,0.0,dearborn deli hams 2pc #3516
21210,-1,unclustered,0.0,dearborn natural casing frank 8-1 #1052
21211,-1,unclustered,0.0,dearborn natural casing frank 8-1 #7039
21200,-1,unclustered,0.0,dearborn old fashion hams 20up 2pc
21209,-1,unclustered,0.0,dearborn smoked ham shanks #3534
99127944,-1,unclustered,0.0,dee amore twice baked loaded(8-10oz)
999999999,-1,unclustered,0.0,default pricing product
9999999,-1,unclustered,0.0,default product for pricing
41552210,-1,unclustered,0.0,deli sliced ham buddig
12345,-1,unclustered,0.0,delivery charge - .08
95420,-1,unclustered,0.0,diana platanitos 24/2.4oz
96695880,-1,unclustered,0.0,"dice ham, kentucky legend 12/8oz (6#)"
49002120,-1,unclustered,0.0,diced pork
20969020,-1,unclustered,0.0,dino mature whole body chicken
363240,-1,unclustered,0.0,do not use
ZZ10436R,-1,unclustered,0.0,do not use bf fat tallow col 50#
952530TP,-1,unclustered,0.0,do not use flour top white 50# bag
ZZ50152,-1,unclustered,0.0,do not use pepper chile morita 5#
70242TP,-1,unclustered,0.0,do not use pizza puff el greg beef
ZZ95259,-1,unclustered,0.0,do not usebreading lem pep fry krisp 25#
Z0346032,-1,unclustered,0.0,do not usejalapeno pep slcd la cos 6/#10
9406610,-1,unclustered,0.0,dolmades stuffed grape leaf ath
421012,-1,unclustered,0.0,domestic lamb neck
420161,-1,unclustered,0.0,domestic lamb shank 16-24oz
99,-1,unclustered,0.0,donation
51054,-1,unclustered,0.0,double baked potato
85450,-1,unclustered,0.0,double black soy sauce *koon chun*
620082,-1,unclustered,0.0,double smoked bacon
31580,-1,unclustered,0.0,dragon fruit 6 ct
82390,-1,unclustered,0.0,dried black fungus strip 5#/bag each
9114847,-1,unclustered,0.0,drink mix bloody mary 12/32oz
91148474,-1,unclustered,0.0,drink mix lem 12/20oz crt
89001,-1,unclustered,0.0,drink mix swt & sour dj
93661845,-1,unclustered,0.0,drs catalina 4/1 gal
57004130,-1,unclustered,0.0,"drumstick jumbo, hor (40#)"
57005540,-1,unclustered,0.0,"drumstick, 3s t/p, organic, miller"
57001010,-1,unclustered,0.0,"drumstick, chicken tyson co2 (40#)"
57004800,-1,unclustered,0.0,"drumstick, t. p., delta sunrise 12/1.75"
190093,-1,unclustered,0.0,dry age white fat
96042,-1,unclustered,0.0,dry jerk seasoning
11211,-1,unclustered,0.0,duck - head-on duck 6.0# bulk culvr
42300550,-1,unclustered,0.0,duck 4.25-5.75# fresh
19584,-1,unclustered,0.0,duck bones/carcasses cul 30#
1058688,-1,unclustered,0.0,duck br bnl cul random 6/5#
1954710,-1,unclustered,0.0,duck br-meat jur 20# 97021
11120,-1,unclustered,0.0,duck breasts bnls 20pc keystone
390112,-1,unclustered,0.0,"duck breasts, retail, 12/1pk"
11310,-1,unclustered,0.0,duck chitterlings - 8oz packs <jj>
42100550,-1,unclustered,0.0,duck confucian head on
19575,-1,unclustered,0.0,duck fat rend mlf tub 3/3.5#
332002,-1,unclustered,0.0,duck feet
42225000,-1,unclustered,0.0,duck foie-gras
11250,-1,unclustered,0.0,duck gizzards - bulk pack
42638900,-1,unclustered,0.0,duck ground
11003,-1,unclustered,0.0,duck halal 6.0# grade a
1956387,-1,unclustered,0.0,duck head w/0-tong cul 3/10#
11251,-1,unclustered,0.0,duck heads
1956383,-1,unclustered,0.0,duck hearts cul 3/12#
362032,-1,unclustered,0.0,"duck hens, muscovy, 8/4#"
19520014,-1,unclustered,0.0,duck hlv-roasted cul 12/16-oz
1956530,-1,unclustered,0.0,duck leg bi jur 3/10p-vp 24#
1956534,-1,unclustered,0.0,duck leg bi jur-ret 8/2p 10#
42390000,-1,unclustered,0.0,duck leg confit bone in 8 lb case
332081,-1,unclustered,0.0,"duck leg confit, retail, #3680216"
42250000,-1,unclustered,0.0,duck leg quarters
332082,-1,unclustered,0.0,"duck leg, maple leaf, 2pc pack"
1955892,-1,unclustered,0.0,duck leg-confit mlf bnl 5/2#
11253,-1,unclustered,0.0,duck livers
11190,-1,unclustered,0.0,duck necks
42630204,-1,unclustered,0.0,duck pate 4.5 lb. loaf
42351851,-1,unclustered,0.0,duck roasted halvs
42351061,-1,unclustered,0.0,duck roasted halvs rotisserie
85350,-1,unclustered,0.0,duck sauce 5 gallon/tub *wah yoan*
85340,-1,unclustered,0.0,duck sauce panda 5 gallon/tub
42631100,-1,unclustered,0.0,duck sausage-gourmet
42500000,-1,unclustered,0.0,duck tenderloins
11240,-1,unclustered,0.0,duck tongues 30# avg
19516,-1,unclustered,0.0,duck wbd a mlf 4.25-5.75# 6-ct
19514D,-1,unclustered,0.0,duck wbd-mature cul 6/4.5#
11180,-1,unclustered,0.0,duck wings - bulk pack
11181,-1,unclustered,0.0,duck wings cov retail keystonekatie
1,-1,unclustered,0.0,"due to increse cost of labor ,packing ,"
451112,-1,unclustered,0.0,durham ranch ground venison-12/1#
85015,-1,unclustered,0.0,dutch farms american loaf 6/5#
85010,-1,unclustered,0.0,dutch farms american slices 120ct 4/5#
85025,-1,unclustered,0.0,dutch farms baby swis wheel 20#
95503850,-1,unclustered,0.0,e
901135,-1,unclustered,0.0,echo lake french toast-13.5# box
34010,-1,unclustered,0.0,eckrich loaf p&p
92280400,-1,unclustered,0.0,egg hard boiled -184 pac
31640,-1,unclustered,0.0,egg liq yolk sugar 30#-z
24910,-1,unclustered,0.0,egg noodle -- baily (small) frozen
25440,-1,unclustered,0.0,egg roll wrapper (7*7) -- west lake
92110000,-1,unclustered,0.0,egg yolks sugar
50120148,-1,unclustered,0.0,eggplant chinese 30#
31532,-1,unclustered,0.0,eggs brown 15-doz fmc lg cartoned
83520,-1,unclustered,0.0,eggshade food color - (case)
457030,-1,unclustered,0.0,elk b trim
450031,-1,unclustered,0.0,elk patties 3-1
79113350,-1,unclustered,0.0,elk short ribs
456060,-1,unclustered,0.0,elk standard muscles shoulder jerky
140008,-1,unclustered,0.0,elk tenderloin
451031,-1,unclustered,0.0,elk w/madeira 5-1 sausage
622589,-1,unclustered,0.0,emerald city fresh polish
90278015,-1,unclustered,0.0,empanada fry dough wht 30/14-oz
96414740,-1,unclustered,0.0,"empanadas beef, argenti 4ct, mambo 8x12z"
618181,-1,unclustered,0.0,empire kosher hot dogs
321008,-1,unclustered,0.0,empire kosher iqf chicken drumsticks
160777,-1,unclustered,0.0,empire kosher ribeye steaks-retail
84551,-1,unclustered,0.0,empty soy sauce dispenser -lkk
920285,-1,unclustered,0.0,end of summer griller
94655080,-1,unclustered,0.0,ep chocolate 12/7.5oz
94715080,-1,unclustered,0.0,ep mole paste 12/8.5oz
50125,-1,unclustered,0.0,epazote 24ct
17063795,-1,unclustered,0.0,"export rib, black mountain (select)"
17061455,-1,unclustered,0.0,"export rib, ft worth packers (sel)"
17071004,-1,unclustered,0.0,"export rib, greateromaha (ch) halal"
17061032,-1,unclustered,0.0,"export rib, jbs (cangus)"
17063742,-1,unclustered,0.0,"export rib, no roll, excel (aaa)"
17061076,-1,unclustered,0.0,"export rib, no roll, palo duro"
17063334,-1,unclustered,0.0,"export rib, upper iowa (ch)"
12070600,-1,unclustered,0.0,exports 12x12 prime
97345840,-1,unclustered,0.0,"extra sausage, williams sausage (12/1#)"
203783,-1,unclustered,0.0,extract vanilla 4/1gal molina
170010,-1,unclustered,0.0,"eye of round cb, sliced cooked"
174369,-1,unclustered,0.0,"eye of round, ch remove fat slice 1.25mm"
174360,-1,unclustered,0.0,"eye of round, ch, 3-6#"
170004,-1,unclustered,0.0,"eye of round, ckd corned beef"
170005,-1,unclustered,0.0,"eye of round, corned beef"
11261310,-1,unclustered,0.0,"eye round 100, four star"
11264496,-1,unclustered,0.0,"eye round, 1/4"", harmony"
11264544,-1,unclustered,0.0,"eye round, 5star (ch)"
11263694,-1,unclustered,0.0,"eye round, aurora (ch)"
11261201,-1,unclustered,0.0,"eye round, creekstone (prime)"
11261002,-1,unclustered,0.0,"eye round, greateromaha (cangus)"
11271004,-1,unclustered,0.0,"eye round, greateromaha (ch) halal"
11261001,-1,unclustered,0.0,"eye round, greateromaha (prime)"
11264565,-1,unclustered,0.0,"eye round, hereford"
11261164,-1,unclustered,0.0,"eye round, iowa premium (ch)"
96445870,-1,unclustered,0.0,"f c ruby grapefruit,n/a sgr,t f, (12/7z)"
99200,-1,unclustered,0.0,face mask *be clean* each
99201,-1,unclustered,0.0,face mask - case (40 boxes)
10809980,-1,unclustered,0.0,"face plate, burnt, beef,"
31180,-1,unclustered,0.0,fajita vegetable blend
97758,-1,unclustered,0.0,falafel kaiser halal
95170,-1,unclustered,0.0,fanta orange .naranja. 16oz
622247,-1,unclustered,0.0,farmer john pork saus chub-24/7oz
621619,-1,unclustered,0.0,farmer john smoked polish sausage
320817,-1,unclustered,0.0,farmers focus drumsticks
360029,-1,unclustered,0.0,farmers focus nae 10 head wog
320408,-1,unclustered,0.0,farmers focus organic drums
370818,-1,unclustered,0.0,farmers focus party wings
350814,-1,unclustered,0.0,farmers focus tenders
612412,-1,unclustered,0.0,farmington turkey polska kielbasa
741612,-1,unclustered,0.0,farmland boneless ham steaks-12/1#
190703,-1,unclustered,0.0,fc flamebroiled beef patty - 70ct - 3oz
10113690,-1,unclustered,0.0,"feet beef, aurora"
10109980,-1,unclustered,0.0,"feet burnt, beef,"
10101390,-1,unclustered,0.0,"feet burnt, beef, cargill"
10121130,-1,unclustered,0.0,"feet cut, mex sukarne (#30)"
40081530,-1,unclustered,0.0,"feet front with hock, pork, tri-eagle (3"
40071060,-1,unclustered,0.0,"feet front, pork indiana (30#)"
40071010,-1,unclustered,0.0,"feet front, pork, ibp (31#)"
40071150,-1,unclustered,0.0,"feet front, seaboard (30#)"
82031440,-1,unclustered,0.0,"feet salted, pork belmont"
10121120,-1,unclustered,0.0,"feet whole, mex, praderas"
10125950,-1,unclustered,0.0,bf feet-z whl moe
10313690,-1,unclustered,0.0,"feet, #2 beef, aurora"
50041010,-1,unclustered,0.0,"feet, chicken 3d tray pk tyson 12/1.75#"
10153570,-1,unclustered,0.0,"femur bones (split), ibp"
10151090,-1,unclustered,0.0,"femur bones, (whole) black mountain"
10251160,-1,unclustered,0.0,"femur bones, (whole) iowa premium"
10151390,-1,unclustered,0.0,"femur bones, center cut beef cargill"
10153330,-1,unclustered,0.0,"femur bones, center cut, upper iowa"
10153760,-1,unclustered,0.0,"femur bones, liffey"
190083,-1,unclustered,0.0,femur whole combo
10151160,-1,unclustered,0.0,"femur/tibia bones, cc beef iowa premium"
10451090,-1,unclustered,0.0,"femur/tibia bones,cc beef black mountain"
96045,-1,unclustered,0.0,festival mix
85239,-1,unclustered,0.0,feta cheese crumbled 2/5 -mosaic-
349056,-1,unclustered,0.0,ff bnls/skls chicken thigh 12/2.5 lb
144089,-1,unclustered,0.0,"filet barrelcut, ch, 6oz"
144080,-1,unclustered,0.0,"filet barrelcut, ch, 8oz"
144000,-1,unclustered,0.0,"filet bone-in, ch, spec size"
13199428,-1,unclustered,0.0,filet mignon pack
144001,-1,unclustered,0.0,"filet strap-on, ch"
78965,-1,unclustered,0.0,filletts 8oz blk angus
901500,-1,unclustered,0.0,fire roasted vegetable soup-4/4#
97599880,-1,unclustered,0.0,fischers cooked hamf16/5oz)
97596880,-1,unclustered,0.0,fischers slcd ham/cheese(12-6oz)
SP5000,-1,unclustered,0.0,fish breaded catfish nugget
21027,-1,unclustered,0.0,fish cat fresh-stk 01-in 30#
21024014,-1,unclustered,0.0,fish cat-z fil china 5-7oz 15#
SP510,-1,unclustered,0.0,fish golden fried portions 4oz
21060013,-1,unclustered,0.0,fish nova lox-z
21160013,-1,unclustered,0.0,fish nova lox-z 4/2.2#
SP5094,-1,unclustered,0.0,fish parmesan bread 3-4 oz
21070982,-1,unclustered,0.0,fish pollock-z filet skl 4-6 oziqf
21060SP,-1,unclustered,0.0,fish pollock-z salted 20/1#
21070204,-1,unclustered,0.0,fish pollock-z square brd 4 oz 10#
21060015,-1,unclustered,0.0,fish pompano 600-800mg -z 40#
21065,-1,unclustered,0.0,fish salmon chum 8-oz ivp10#-z
SP512,-1,unclustered,0.0,fish stick breaded
71210,-1,unclustered,0.0,fish stick panko 12/9oz
SP509,-1,unclustered,0.0,fish tilapia fillets bulk
SP888,-1,unclustered,0.0,fish tuna - geisha
21160,-1,unclustered,0.0,fish tuna steak 10#-z
21075,-1,unclustered,0.0,fish whiting fil son-z 4-6 10# pac
40900,-1,unclustered,0.0,flank steak *excel* select 19341
134002,-1,unclustered,0.0,"flank steak hand cut, ch, 4-10lb"
13191567,-1,unclustered,0.0,"flank steak, (util)"
134060,-1,unclustered,0.0,"flank steak, ch, 6oz"
134061,-1,unclustered,0.0,"flank steak, ch, 6oz portion"
134067,-1,unclustered,0.0,"flank steak, ch, portioned spec size"
13191454,-1,unclustered,0.0,"flank steak, ft worth packers (ch)"
13193760,-1,unclustered,0.0,"flank steak, liffey"
13192260,-1,unclustered,0.0,"flank steak, m p beef (utl)"
13191876,-1,unclustered,0.0,"flank steak, nebraska gold (nr_angus)"
13191070,-1,unclustered,0.0,"flank steak, paloduro (utl)"
131130,-1,unclustered,0.0,"flank steak, prime, 13oz"
131000,-1,unclustered,0.0,"flank steak, prime, jaccard 1x"
13294920,-1,unclustered,0.0,"flank steak, rough c/c cov, long prairie"
131062,-1,unclustered,0.0,"flank, prime, creekstone, 13oz"
15183572,-1,unclustered,0.0,"flap meat (sirloin), ibp (cangus)"
11304545,-1,unclustered,0.0,"flat bottom round, 5star (select)"
11303344,-1,unclustered,0.0,"flat bottom round, diamond beef (aaa)"
11303744,-1,unclustered,0.0,"flat bottom round, excel (ch)"
11301013,-1,unclustered,0.0,"flat bottom round, ibp star ranch (ch_an"
11303755,-1,unclustered,0.0,"flat bottom round,st helens (sel)"
154009,-1,unclustered,0.0,"flat iron steak, ch, 10oz"
154002,-1,unclustered,0.0,"flat iron steak, ch, spec size"
154001,-1,unclustered,0.0,"flat iron top blade, ch"
151001,-1,unclustered,0.0,"flat iron top blade, prime"
154003,-1,unclustered,0.0,"flat iron, whole, full trim, ch"
14400400,-1,unclustered,0.0,flats choice ui
110013,-1,unclustered,0.0,"flats corned beef, beas best"
70114369,-1,unclustered,0.0,"flounder fillet, ivp rtl, panamei 20/1#"
70119980,-1,unclustered,0.0,"flounder, fillet (retail), (12/1#)"
70119981,-1,unclustered,0.0,"flounder, fillet (retail), (15/2#)"
207900029,-1,unclustered,0.0,"flounder, pacific 4oz (10#)"
952530,-1,unclustered,0.0,flour top white 50# bag
89030,-1,unclustered,0.0,foam 9x9 - 3 compartment
89011,-1,unclustered,0.0,foam 9x9 1 comp - sn200 vw
89033,-1,unclustered,0.0,foam 9x9 3 comp - sn203 vw
84700,-1,unclustered,0.0,foam hamburger box 60 ht1 6x6x3
2,-1,unclustered,0.0,fob ub-tuesday close +5%
390006,-1,unclustered,0.0,"foie gras a, sliced, 16/2oz"
19702B,-1,unclustered,0.0,foie gras b
392016,-1,unclustered,0.0,foie gras duck cubes-1# ave
390105,-1,unclustered,0.0,"foie gras, grade a, lobes"
190166,-1,unclustered,0.0,fontinini 1oz mama cooked meatball-10#
620401,-1,unclustered,0.0,fontinini bulk italian sausage-4/5#
81443,-1,unclustered,0.0,food absorbent p/s pad 4x6.5 75001443
90271139,-1,unclustered,0.0,food base chk buillon 20#
90271135,-1,unclustered,0.0,food base powder chk base 30# swiss
95252611,-1,unclustered,0.0,food color egg shade 1qt
84840,-1,unclustered,0.0,food pails pints 16 pagoda 17-00020
18023696,-1,unclustered,0.0,"fore shank b/in, aurora (n/r)"
83600,-1,unclustered,0.0,fortune cookie *golden bowl*
340385,-1,unclustered,0.0,foster b/s chicken thighs-6/5#
620015,-1,unclustered,0.0,foster cook in bag turkey brst
900047,-1,unclustered,0.0,foster mini sausage pancake wraps
620016,-1,unclustered,0.0,foster sliced turkey pastrami
52039980,-1,unclustered,0.0,fowl fresh (gallina) cvp
59049980,-1,unclustered,0.0,"frame bones, chicken (40#)"
90410,-1,unclustered,0.0,frank beef 12/12oz halal
92356,-1,unclustered,0.0,frank beef jumbo halal
34016,-1,unclustered,0.0,frank caseys
90810,-1,unclustered,0.0,frank chicken 12/12oz halal
92332,-1,unclustered,0.0,frank chicken jumbo halal
34015,-1,unclustered,0.0,frank jumbo hot
34017,-1,unclustered,0.0,franks beef db
421802,-1,unclustered,0.0,freedom run farms 2oz lamb patty-10#
920206,-1,unclustered,0.0,freezer filler box
81013,-1,unclustered,0.0,"french fry 1/2"""" crinkle cut valley"
420007,-1,unclustered,0.0,french lamb rack cap-off dom
420022,-1,unclustered,0.0,french lamb rack cap-on dom
900921,-1,unclustered,0.0,french onion soup
900820,-1,unclustered,0.0,french toast sticks-8/2#
621456,-1,unclustered,0.0,fresh 4-1 andoulle
310063,-1,unclustered,0.0,"chicken breast frozen, bnls, 6oz"
80141,-1,unclustered,0.0,fresh amish turkeys 10-16
620037,-1,unclustered,0.0,fresh kielbasa 10lb
5120,-1,unclustered,0.0,fresh product
40143640,-1,unclustered,0.0,fried pork skin (sancocho) mr. chicharro
80531,-1,unclustered,0.0,fries 3/8 btr str snowflake 27#
80527GF,-1,unclustered,0.0,fries 3/8 stk cut mccain 6/5#
805319,-1,unclustered,0.0,fries 3/8 str ore ida 6/5#
805291,-1,unclustered,0.0,fries s/on spiral 6/4.5#
80516120,-1,unclustered,0.0,fries steak cut lemanski 6/5.2#
8052710,-1,unclustered,0.0,fries waffle s/on 6/4.5#
40129980,-1,unclustered,0.0,"fries, pork,"
200150,-1,unclustered,0.0,frogleg-sknls 5#-z
40071190,-1,unclustered,0.0,"front feet, combo pork"
340006,-1,unclustered,0.0,"chicken thighs, bi, 40#"
85090,-1,unclustered,0.0,frozen corn *golden bridge* 30#
96455870,-1,unclustered,0.0,"fruit cup p pineapple,true f, (12/7z)"
96000,-1,unclustered,0.0,fruit punch syrup **jamaican**
96244690,-1,unclustered,0.0,"fruit, tostones hawaiianos, chiq (10x2#)"
91123744,-1,unclustered,0.0,fry-oil-creamey
360312,-1,unclustered,0.0,fryer 2.5-2.75# split in half-w/out gibs
360032,-1,unclustered,0.0,"fryer as is w/o gib, 12hd/20hd, 3-3.25#"
10007,-1,unclustered,0.0,fryer bagged 4up
10013,-1,unclustered,0.0,fryer bagged 4up mountaire
360802,-1,unclustered,0.0,"fryer, 8pc marinated, gold n plump"
360022,-1,unclustered,0.0,"fryer, as is w/o gib, 2.75-3.00#"
10632,-1,unclustered,0.0,chicken popeyes 8-piece marinated
82172730,-1,unclustered,0.0,fully cooked pork carnitas - slow braise
93692,-1,unclustered,0.0,fz cke carrot high 14sl
93691,-1,unclustered,0.0,fz cke limoncello 14slc
84373,-1,unclustered,0.0,gallon - sriracha hot chile sauce
96364740,-1,unclustered,0.0,"gandules/green pigeon peas, mambo 12x14z"
32005,-1,unclustered,0.0,garden fresh deviled egg potato salad
83718,-1,unclustered,0.0,garlic flakes 10/5#
70174856,-1,unclustered,0.0,garlic ground bx 5-7#
93425940,-1,unclustered,0.0,garlic juice
70174810,-1,unclustered,0.0,garlic pld 5#
701754,-1,unclustered,0.0,garlic whl white 5#
31300,-1,unclustered,0.0,garlic whole 30lbs
360083,-1,unclustered,0.0,gerber amish 4-4.5## fryers-#3083
340083,-1,unclustered,0.0,gerber b-in skin-on thighs-#0645
330083,-1,unclustered,0.0,gerber bnls sknls chix breast-#0829
320083,-1,unclustered,0.0,gerber drumsticks-#0808
370134,-1,unclustered,0.0,gerber medium cut chicken wings-40#
310089,-1,unclustered,0.0,"duck breasts, lac brome, 10-12oz"
78134370,-1,unclustered,0.0,"giant squid rings (wild caught), pescato"
10660G,-1,unclustered,0.0,gift box special - wine
930199801,-1,unclustered,0.0,"gizzards, duck (30#)"
60039980,-1,unclustered,0.0,"gizzards, turkey (30#)"
900008,-1,unclustered,0.0,glace de veau 4/5#bx
99128240,-1,unclustered,0.0,glacier gold hash brown patties(12-18ct)
99129240,-1,unclustered,0.0,glacier gold hash brown patties(24/10ct)
84380,-1,unclustered,0.0,glutinous rice 50# * bell & flower
85260,-1,unclustered,0.0,glutinous rice flour green
30510,-1,unclustered,0.0,goat - whole carcass
74771000,-1,unclustered,0.0,goat -leg bone in australian
91049980,-1,unclustered,0.0,"goat burnt, 6-way, au"
30504,-1,unclustered,0.0,goat cubes bone-in <skin-on>
30122,-1,unclustered,0.0,goat feet burnt halal
30540,-1,unclustered,0.0,goat heads brown 8pc
120447,-1,unclustered,0.0,goat hearts
37044,-1,unclustered,0.0,goat kidney halal
30530,-1,unclustered,0.0,goat leg b/i
12000L,-1,unclustered,0.0,goat leg bnl-z 62# wes
74771010,-1,unclustered,0.0,goat shoulder boneless
30115,-1,unclustered,0.0,goat tripe halal
1200089,-1,unclustered,0.0,goat whl h/on small
74770000,-1,unclustered,0.0,goat whole dressed 30 lb /down
91032470,-1,unclustered,0.0,"goat, 6-way 35/down, thomas"
91059980,-1,unclustered,0.0,"goat, 6-way skin/on"
91019980,-1,unclustered,0.0,"goat, baby"
430835,-1,unclustered,0.0,goat/mutton leg bone in 7-8#ave 35#cs
84282,-1,unclustered,0.0,golden crane sweet rice 50#
85310,-1,unclustered,0.0,golden label soy sauce *lee kum kee
84470,-1,unclustered,0.0,golden mountain soy sauce 12/20oz
11401032,-1,unclustered,0.0,"gooseneck, jbs (cangus)"
11401876,-1,unclustered,0.0,"gooseneck, nebraska (n/r)"
85470,-1,unclustered,0.0,gouda smoked log 2/6# -vangogh-
31330,-1,unclustered,0.0,"grape, red"
50141800,-1,unclustered,0.0,grapes red seedless bag 18#
96051,-1,unclustered,0.0,green banana chips
31200,-1,unclustered,0.0,green cabbage
902923,-1,unclustered,0.0,green giant popcorn cauliflower
31360,-1,unclustered,0.0,green onion - (iceless)
31361,-1,unclustered,0.0,green onion mexican cebollitas
96304740,-1,unclustered,0.0,"green peas, mambo (6x2#)"
22080175,-1,unclustered,0.0,grill brick 12/1 ct
920265,-1,unclustered,0.0,grill master
920270,-1,unclustered,0.0,grill master deluxe
390246,-1,unclustered,0.0,"grill short cuts, 7#, perdue 64246"
12345678,-1,unclustered,0.0,"grill, bake to145 f -rest 3 min-re take"
920213,-1,unclustered,0.0,griller box
120780599,-1,unclustered,0.0,grobbels brisket burnt ends(13-1lb)
120790599,-1,unclustered,0.0,grobbels pulled chicken/bbq(13-1
120800599,-1,unclustered,0.0,grobbels pulled porkbbq(13-1lb)
45200,-1,unclustered,0.0,ground 85% fine grind frozen
83093,-1,unclustered,0.0,ground 93% 80# gop hala frozen
85110,-1,unclustered,0.0,ground bean sauce 6/5# *koon chun*
18020103,-1,unclustered,0.0,ground beed corse 2x fresh cvp
18260073,-1,unclustered,0.0,ground beef 70/30
19163570,-1,unclustered,0.0,ground beef 73% fine (3lb chub) ibp
19161012,-1,unclustered,0.0,ground beef 73% fine 6/10 ibp(c-angus)
19261870,-1,unclustered,0.0,ground beef 73% fine 6/10# nebraska
19163660,-1,unclustered,0.0,ground beef 73% fine 8-10lb caviness
19163740,-1,unclustered,0.0,"ground beef 73%, excel"
19251872,-1,unclustered,0.0,ground beef 80% all american 6/10(cangus
19313570,-1,unclustered,0.0,ground beef 80% chub ibp (24/2#)
19115590,-1,unclustered,0.0,ground beef 80% fine all american meats
19185350,-1,unclustered,0.0,ground beef 80% harris ranch (60#)
19111872,-1,unclustered,0.0,ground beef 80% nebraska beef (cangus)
18208100,-1,unclustered,0.0,ground beef 80/20 chuck/tenderloin 8oz
42310,-1,unclustered,0.0,ground beef 80/20 fg 5#
42302,-1,unclustered,0.0,ground beef 80/20 frzn 60#
45090,-1,unclustered,0.0,ground beef 81% fresh
42302,-1,unclustered,0.0,ground beef 80/20 frzn 60#
19133660,-1,unclustered,0.0,"ground beef 85%, (40/1#) caviness"
18230086,-1,unclustered,0.0,ground beef 85/15 10 lb. case
45080,-1,unclustered,0.0,ground beef 93% - 93%
45040,-1,unclustered,0.0,ground beef 93% organic 1# brick tf
42330,-1,unclustered,0.0,ground beef chuck 80/20
18200186,-1,unclustered,0.0,ground beef corase2x -85% anmar
41238,-1,unclustered,0.0,ground beef fine 73% 12/3#
41230,-1,unclustered,0.0,ground beef fine 73%
42301,-1,unclustered,0.0,ground beef fine 80/20 fresh
73073,-1,unclustered,0.0,ground beef fine 80/20 halal frozen
SP10263,-1,unclustered,0.0,ground beef patty 2/1 round
SP1022,-1,unclustered,0.0,ground beef patty 2/1-oval
SP1033,-1,unclustered,0.0,"ground beef patty 3/1 5"""
SP1041,-1,unclustered,0.0,ground beef patty 4/1-w
19141020,-1,unclustered,0.0,"ground beef, 73% fat 27% lean national"
19241050,-1,unclustered,0.0,"ground beef, 73%, afg (8/10#)"
19441020,-1,unclustered,0.0,"ground beef, 75% fat 25% lean national"
19001050,-1,unclustered,0.0,"ground beef, 81%, afg (8/10#)"
19134800,-1,unclustered,0.0,"ground beef, 85%, delta sunrise (6/1lb)"
34095,-1,unclustered,0.0,ground beef/bison
455101,-1,unclustered,0.0,ground camel-10/1#
390007,-1,unclustered,0.0,"ground chicken, 2/5# cs"
390369,-1,unclustered,0.0,"ground chicken, 9/1#, harvestland"
59009990,-1,unclustered,0.0,"ground chicken, moesle"
120805,-1,unclustered,0.0,ground chuck patty 80/20 5.5oz
382250,-1,unclustered,0.0,"ground duck, 2/5#, maple leaf"
57310640,-1,unclustered,0.0,ground lamb /beef 60/40%
30152,-1,unclustered,0.0,ground lamb 12/1#
57310621,-1,unclustered,0.0,ground lamb fresh
45210,-1,unclustered,0.0,ground organic beef 85% cl 12#
49009990,-1,unclustered,0.0,"ground pork, moesle, (cw)"
49002430,-1,unclustered,0.0,"ground pork,peoria, (6/10#)"
99985,-1,unclustered,0.0,ground round 85/15 frz fine
45060,-1,unclustered,0.0,ground sirloin -choice angus- //ibp
390121,-1,unclustered,0.0,"ground turkey xtra lean, organic p."
391012,-1,unclustered,0.0,"ground turkey, 12/1#, perdue"
69004310,-1,unclustered,0.0,"ground turkey, michigan turkey"
391001,-1,unclustered,0.0,"ground turkey, norbest"
410059,-1,unclustered,0.0,ground veal 10# bag
450425,-1,unclustered,0.0,ground wild boar-4/2.5#
78161789,-1,unclustered,0.0,"grouper, fillet (retail) 3-5oz, netuno ("
78164369,-1,unclustered,0.0,"grouper, filllet ivp, panamei (12/12oz)"
78171789,-1,unclustered,0.0,"grouper, wggs .75 - 1lb; netuno (10#)"
78181789,-1,unclustered,0.0,"grouper, wggs 1 - 2lb; netuno (10#)"
99604,-1,unclustered,0.0,guest check 2 part 50ct
620176,-1,unclustered,0.0,gwaltney mild pork saus roll
796071,-1,unclustered,0.0,gwaltney sliced chicken bologna
220931,-1,unclustered,0.0,gyro bf/lmb slcd-z fc oly 2/5# 402
220893,-1,unclustered,0.0,gyro chkn 20#
220891,-1,unclustered,0.0,gyro chkn cone fc kronos-1141 2/16#
220914,-1,unclustered,0.0,gyro loaf slc dev ckd-z 20#
220911,-1,unclustered,0.0,gyro loaf whl dev ckd-z 30#
220912,-1,unclustered,0.0,gyro redi-cut-z 10# iqf
22091601,-1,unclustered,0.0,gyro slcd fc devanco-broil-6320 10#
58500630,-1,unclustered,0.0,gyros sliced grecian delight 4x4
71030,-1,unclustered,0.0,h/on s/on shrimp -30/40
540355,-1,unclustered,0.0,haddock loin 5oz iqf
12002,-1,unclustered,0.0,halal bnls sknl breast koch foods
12220,-1,unclustered,0.0,halal whole chicken 3up
12001,-1,unclustered,0.0,halal wog 3.25-3.50 16 head koch foods
71203,-1,unclustered,0.0,halibut fillet 12/10oz
38201049,-1,unclustered,0.0,ham -capicola -
210008,-1,unclustered,0.0,"ham applewood carving, smith"
210010,-1,unclustered,0.0,"ham applewood, usinger"
210216,-1,unclustered,0.0,"ham black oak carving, 2-16#"
SP2382,-1,unclustered,0.0,ham bnls pit*
620460,-1,unclustered,0.0,"ham boiled 4+6, hoffmeister"
SP231,-1,unclustered,0.0,ham boiled cooked
82212060,-1,unclustered,0.0,"ham boiled, hofmeister"
SP232,-1,unclustered,0.0,ham bone in - cut in half*
41801060,-1,unclustered,0.0,"ham bone in, 23/27 vp, indiana"
34330150,-1,unclustered,0.0,ham bone-in peer 2pc cs
34310166,-1,unclustered,0.0,ham bone-in roses 1 pc box
20204,-1,unclustered,0.0,ham bone-in skinless //ibp//
20150,-1,unclustered,0.0,ham bone-in uncooked select combo
41211110,-1,unclustered,0.0,ham boneless (poly) boxed moesle
20220,-1,unclustered,0.0,ham boneless brt single pack
41192080,-1,unclustered,0.0,ham boneless dekalb #10502
41219980,-1,unclustered,0.0,"ham boneless, bulk combo pork"
20201,-1,unclustered,0.0,ham bones
40189990,-1,unclustered,0.0,"ham bones, pork moesle"
210350,-1,unclustered,0.0,"ham brown sugar, s lee, 3-5#"
20200,-1,unclustered,0.0,ham brt
210524,-1,unclustered,0.0,"ham carving smoked, columbus, 7-8#"
20083,-1,unclustered,0.0,ham chopped ham farmland
620260,-1,unclustered,0.0,"ham ckd 4x6, smithfield, 26#"
13485080,-1,unclustered,0.0,ham ckd fml-spiced lunch 2/10#
13463,-1,unclustered,0.0,ham ckd fud original 2/12#
13458010,-1,unclustered,0.0,ham ckd hof 30% 3/14#
1831034,-1,unclustered,0.0,ham ckd rov sapore ricco 2/7#
1831011,-1,unclustered,0.0,ham ckd thm deluxe baby 11#
1831054,-1,unclustered,0.0,ham ckd thm deluxe low sodium 9#
1831415,-1,unclustered,0.0,ham ckd thm wally square 9#
1831285,-1,unclustered,0.0,ham ckd thm-fl rpl hot 7.5#
1831024,-1,unclustered,0.0,ham ckd thm-fl virg sty delux 8#
13485043,-1,unclustered,0.0,ham ckd-z hof chopped 4/10#
13485044,-1,unclustered,0.0,ham ckd-z om chopped 12-16oz
1831011,-1,unclustered,0.0,ham ckd thm deluxe baby 11#
1831415,-1,unclustered,0.0,ham ckd thm wally square 9#
210004,-1,unclustered,0.0,ham course ground
96394740,-1,unclustered,0.0,"ham croquette, 40ct, mambo (6x3lb)"
34328692,-1,unclustered,0.0,ham cure 81 hormel
20450,-1,unclustered,0.0,ham deli
SP2362,-1,unclustered,0.0,ham diced - cooked
210025,-1,unclustered,0.0,"ham diced, hillshire, 2-5#"
210122,-1,unclustered,0.0,"ham ends & pcs, dan`s prize"
620911,-1,unclustered,0.0,"ham flat, pritzlaff, 9/11#"
210013,-1,unclustered,0.0,ham fresh bnls
210003,-1,unclustered,0.0,"ham fresh, bone in"
210420,-1,unclustered,0.0,"ham half honey smoked, kretschmar"
210305,-1,unclustered,0.0,"ham hock pork cndn, 30#"
620014,-1,unclustered,0.0,"ham honey tavern pit, webster city"
82219980,-1,unclustered,0.0,"ham natural, old warsaw (36#)"
34758000,-1,unclustered,0.0,ham pork leg fresh bone in
34314085,-1,unclustered,0.0,ham pork smoked bone in16/21 lb
620019,-1,unclustered,0.0,"ham pork spiral, creekstone"
41289198,-1,unclustered,0.0,"ham portions, (3 shanks/3butts)cooks"
210129,-1,unclustered,0.0,"ham s/l hsankless, 12-16#"
41109990,-1,unclustered,0.0,"ham sectioned (poly), pork moesle (60#)"
SP2352,-1,unclustered,0.0,ham semi sm - hof
620009,-1,unclustered,0.0,ham serrano
21200,-1,unclustered,0.0,dearborn old fashion hams 20up 2pc
20203,-1,unclustered,0.0,ham shank sknls b/i 30#
620180,-1,unclustered,0.0,"ham short shank, webster, 18-22#"
40142080,-1,unclustered,0.0,"ham skin, cuero de pierna dekalb"
40142070,-1,unclustered,0.0,"ham skin, t&j"
40149980,-1,unclustered,0.0,"ham skin, w/fat cuero de pierna"
41139980,-1,unclustered,0.0,ham skin-on 14/17# combo
41132010,-1,unclustered,0.0,ham skin-on 14/17# morris
41122010,-1,unclustered,0.0,"ham skin-on, 17/20# morris"
620121,-1,unclustered,0.0,"ham sknls shankless, webster, 12-16#"
210101,-1,unclustered,0.0,"ham sliced black forest, 4/2.5#"
210006,-1,unclustered,0.0,"ham sliced flat, pritzlaff"
210127,-1,unclustered,0.0,"ham sliced honey, 6#"
96685880,-1,unclustered,0.0,"ham sliced quarter, kentucky l (8/2l)"
210250,-1,unclustered,0.0,"ham sliced, riverside, 2-5# box"
13530,-1,unclustered,0.0,ham smk car-19067 bi-ss h
13485833,-1,unclustered,0.0,ham smk hof bi 2/26#w
13484,-1,unclustered,0.0,ham smk kre bnl 20#
13529044,-1,unclustered,0.0,ham smk mkl bnl buf whole
134142,-1,unclustered,0.0,ham smk rose bi 310129 1/22#w
1351899,-1,unclustered,0.0,ham smk speck alto adige 11#
13534C,-1,unclustered,0.0,ham smk tasso bnl prud 2/5#-z
1831052,-1,unclustered,0.0,ham smk thm bnl hny baked 2/9#
1831025,-1,unclustered,0.0,ham smk thm bnl mapl glzd 2/8#
13485850,-1,unclustered,0.0,ham smk web bi wa oliva 2/15#w
13485851,-1,unclustered,0.0,ham smk web bi wa oliva 4/7#h
1352072,-1,unclustered,0.0,ham smk web bi-ss 4/8#h
13501454,-1,unclustered,0.0,ham smk-z pat bnl buf 17070 2/9#
1352070,-1,unclustered,0.0,ham smk-z peer bi-ss-shc #1 3/15#w
185131,-1,unclustered,0.0,ham smk-z rose slc blk frst 12/1#
1831050,-1,unclustered,0.0,ham smk-z smf bnl 30#
135010SC,-1,unclustered,0.0,ham smk-z stg bnl pit 35#
13547,-1,unclustered,0.0,ham smk-z sup bnl tav 4/12#
131614,-1,unclustered,0.0,ham smk-z thm bi-ss 1610 2/14#w
1831052,-1,unclustered,0.0,ham smk thm bnl hny baked 2/9#
1831821Z,-1,unclustered,0.0,ham smk-z thm roast pork-sml2.5#
620149,-1,unclustered,0.0,"ham smoked pit, webster city, #2"
82224700,-1,unclustered,0.0,"ham spicy, ckd, farmland (2/10#)"
34100113,-1,unclustered,0.0,ham spiral cut - hillshire /smithfield
41309980,-1,unclustered,0.0,"ham spiral,smkd, (4x1) sugardalale pork"
20205,-1,unclustered,0.0,ham steak b/i *cook`s* fresh
210009,-1,unclustered,0.0,"ham steak por bnls, smithfield"
40109980,-1,unclustered,0.0,"ham steak, pork"
210240,-1,unclustered,0.0,"ham steaks bone in, swift, 24/1#"
210100,-1,unclustered,0.0,"ham tasso, 10# ave"
82214890,-1,unclustered,0.0,"ham turkey cooked, el gallito (2/10#)"
41409980,-1,unclustered,0.0,"ham whole, b/in smoked pork"
41149981,-1,unclustered,0.0,"ham, barrel"
202261,-1,unclustered,0.0,"ham,julliene style"
13462,-1,unclustered,0.0,ham-spice glaze packet lei
13452,-1,unclustered,0.0,ham-spice glaze packet peer-60295
190080,-1,unclustered,0.0,beef patty grass fed 8oz- round 80/20
SP1142,-1,unclustered,0.0,hamburger-seasoned 4 oz 12#
SP1143,-1,unclustered,0.0,"hamburger-seasoned 4oz 3"" slider"
SP115,-1,unclustered,0.0,hamburger-seasoned 5/1
99210,-1,unclustered,0.0,hand santizer 1lx18 bottle beclean
150080,-1,unclustered,0.0,"hanger steak portion, 8oz up"
150003,-1,unclustered,0.0,"hanger steak, cleaned"
150001,-1,unclustered,0.0,hanger steaks
150059,-1,unclustered,0.0,"hanger steaks, clear river"
150002,-1,unclustered,0.0,"hanger steaks, spec size"
16064496,-1,unclustered,0.0,hanging tender harmony
16061076,-1,unclustered,0.0,hanging tender palo duro (nr)
16061875,-1,unclustered,0.0,"hanging tender, nebraska beef (select)"
340987,-1,unclustered,0.0,harvestland b/s tray thighs #86987
620017,-1,unclustered,0.0,harvestland turkey brst cutlet
80576,-1,unclustered,0.0,hash brown 6/3#-z
900028,-1,unclustered,0.0,hashbrown patties-oval-6/2.8#
747743,-1,unclustered,0.0,hatfield smoked dinner hams-uncured
89002,-1,unclustered,0.0,hawiain punch lemon berry
82311350,-1,unclustered,0.0,"head cheese, ashland"
82321350,-1,unclustered,0.0,"head cheese, spicy ashland"
10093790,-1,unclustered,0.0,"head meat, (60#)"
10093690,-1,unclustered,0.0,"head meat, aurora"
10094500,-1,unclustered,0.0,"head meat, tejas (50#)"
40229980,-1,unclustered,0.0,"head, pork"
10099980,-1,unclustered,0.0,"heads, beef 2pcs"
10091490,-1,unclustered,0.0,"heads, beef santara 2pcs"
10093330,-1,unclustered,0.0,"heads, beef upper iowa"
10092400,-1,unclustered,0.0,"heads, beef us212"
10492400,-1,unclustered,0.0,"heads, beef, w/tongue, us212"
999928,-1,unclustered,0.0,healthy boy chili sauce
84430,-1,unclustered,0.0,healthy boy mushroom soy sauce glass btl
10161020,-1,unclustered,0.0,"hearts, beef national cov"
10162930,-1,unclustered,0.0,"hearts, beef, this old farm (30#)"
40199980,-1,unclustered,0.0,"hearts, pork"
40193570,-1,unclustered,0.0,"hearts, pork ibp (60#)"
900010,-1,unclustered,0.0,demi glace de porc 16#tub
293001,-1,unclustered,0.0,heritage berkshire caul fat
620086,-1,unclustered,0.0,heritage smoked pit ham
78525269,-1,unclustered,0.0,"herring fillet, salted & smoked (10#)"
799096,-1,unclustered,0.0,hi melt cheddar-1/4` dice
20380,-1,unclustered,0.0,hibiscus flower dry 5#
920299,-1,unclustered,0.0,high on the hog pork box
920204,-1,unclustered,0.0,high steaks box
620087,-1,unclustered,0.0,hill ckd italian saus chunks
620088,-1,unclustered,0.0,hill lit`l beef cocktail frank
610004,-1,unclustered,0.0,hill. smkd turkey rope sausage
620090,-1,unclustered,0.0,hillshire 4-1 raw brat link-10
620127,-1,unclustered,0.0,hillshire ckd chorizo crumbles
792978,-1,unclustered,0.0,hillshire club sandwich variety pack
194310,-1,unclustered,0.0,hillshire fc shred beef 2/5 lb
741483,-1,unclustered,0.0,hillshire hearthstone hams-2pc box
623137,-1,unclustered,0.0,hillshire skls polska kielbasa
740414,-1,unclustered,0.0,hillshire sliced ham-6/2#
18003696,-1,unclustered,0.0,"hind shank b/in, aurora (n/r)"
18001164,-1,unclustered,0.0,"hind shank b/in, iowapremium (ch)"
18001166,-1,unclustered,0.0,"hind shank b/in, iowapremium (n/r)"
18001146,-1,unclustered,0.0,"hind shank b/in, western reserve (n/r)"
18003790,-1,unclustered,0.0,"hind shank cnter cut b/in, black mountai"
220001,-1,unclustered,0.0,"hind shank, sakura duroc"
96695940,-1,unclustered,0.0,"hny ham&hny smkd turkey,lofp, 6/20 (7.5"
97251900,-1,unclustered,0.0,hny ham.hny smkd tkylof(6/20 oz)
83900,-1,unclustered,0.0,hoisin sauce 6/5# *lee kum kee*
U9550012,-1,unclustered,0.0,hollymatic pattie paper
999298,-1,unclustered,0.0,home and garden patio cooking box
920275,-1,unclustered,0.0,home cooked meal
22297757,-1,unclustered,0.0,home style stuffed chicken
83920,-1,unclustered,0.0,honey blend 6/5#
97275740,-1,unclustered,0.0,"honey ham, deli style, bar s (12/1#)"
390026,-1,unclustered,0.0,"honey roasted, short cuts, perdue"
96765890,-1,unclustered,0.0,"honey turkey, lof delis 8/9oz (4.5#)"
10341390,-1,unclustered,0.0,"honeycomb tripe, beef, cargill"
10343740,-1,unclustered,0.0,"honeycomb tripe, excel (10#) #000538"
10341000,-1,unclustered,0.0,"honeycomb tripe, greater omaha (15#)"
31410,-1,unclustered,0.0,honeydew
900065,-1,unclustered,0.0,hongkong wide yacamein 6/5#
530160,-1,unclustered,0.0,hook & barrel 16-20 ct breaded shrimp
301122,-1,unclustered,0.0,horchata (rice milk) powder 12/15oz
721193,-1,unclustered,0.0,hormel cooked roast beef-2/10#
744848,-1,unclustered,0.0,hormel natural juice hams-4/8#
731212,-1,unclustered,0.0,hormel sliced deli chicken breast
91063,-1,unclustered,0.0,horseradish-woebber 12/5-oz
25390,-1,unclustered,0.0,hot chicken flavor ramen *samyang*
SP7046,-1,unclustered,0.0,hot dog all beef 5/1
34018,-1,unclustered,0.0,hot dog chicken
96602,-1,unclustered,0.0,hot dog chicken halal
2261422,-1,unclustered,0.0,hot dog com-wag nc fc 6-1 2/5# 21403
269210,-1,unclustered,0.0,hot dog daisy n/c 5-1 bulk
22133000,-1,unclustered,0.0,hot dog eisenberg ab 4-1 10#-z
22133002,-1,unclustered,0.0,hot dog eisenberg ab 6-1 10#-z
26927411,-1,unclustered,0.0,hot dog mak b/p skl 8-1 10#
22110012,-1,unclustered,0.0,hot dog om ab 4-1 6.5-in 10#-z
22097E1,-1,unclustered,0.0,hot dog redhot-z ab skl 10-1 10#
22097D,-1,unclustered,0.0,hot dog redhot-z ab skl 8-1 10#
25066,-1,unclustered,0.0,hot dog thm ab nc 02-1 11.75-in 5#
255052,-1,unclustered,0.0,hot dog thm ab nc-08-1 12/1#vp ret
255275,-1,unclustered,0.0,hot dog thm pb-cocktail ret 12/1#
25269,-1,unclustered,0.0,hot dog thm pb-fry 08-1 bulk 2/5#
255219,-1,unclustered,0.0,hot dog thm pb-jalap ret 12/1#
132425,-1,unclustered,0.0,hot dog thm-chicken franks 12/1#
22131124,-1,unclustered,0.0,hot dog v mini pup skl 3-in 10#-z
22096NA,-1,unclustered,0.0,hot dog wag blf 2-1 2/5#-z
93014790,-1,unclustered,0.0,"hot dog, beef 8:1 vienna (5#)"
93012950,-1,unclustered,0.0,"hot dog, beef/duck (6:1)"
2209910,-1,unclustered,0.0,hot dog-$ shbyg-z 4-1 meat 10#
255052P,-1,unclustered,0.0,hot dog-$ thm-z ab nc.ret 12/1#vp
255275P,-1,unclustered,0.0,hot dog-$ thm-z pb-cocktail 12/1#
25269F,-1,unclustered,0.0,hot dog-$ thm-z pb-fry 08-1 2/5#
255219,-1,unclustered,0.0,hot dog thm pb-jalap ret 12/1#
132425,-1,unclustered,0.0,hot dog thm-chicken franks 12/1#
22107K,-1,unclustered,0.0,hot dog-$ wgf-z ab grass-fed 6#
22168G,-1,unclustered,0.0,hot dog-$ z heb nat 4-1 10#
98490000,-1,unclustered,0.0,hot dogs veggie 8.4oz-
97765830,-1,unclustered,0.0,"hot franks,dutchbrand(6-3lb"
97175740,-1,unclustered,0.0,"hot link 16ct, bar s (8/3#)"
97205740,-1,unclustered,0.0,"hot link beef 8ct, bar s (8/24oz)"
98025920,-1,unclustered,0.0,"hot link beef, moo & oink (12/2#)"
61105920,-1,unclustered,0.0,"hot link turkey, moo & oink (12/2#)"
98022340,-1,unclustered,0.0,hot links (randolph)
97365840,-1,unclustered,0.0,"hot rolls, williams sausage (12/1#)"
97405840,-1,unclustered,0.0,"hot sausage pattie , williams s 8/2.25"
970231,-1,unclustered,0.0,hs org juice 12/16-oz butterfly lem
9670182,-1,unclustered,0.0,hs-cbd spkl wat orgm 24/12-oz can
623487,-1,unclustered,0.0,hungarian sm brat
70425829,-1,unclustered,0.0,"hushpuppies jalapeno, sea best (12/1#)"
70415829,-1,unclustered,0.0,"hushpuppies original, sea best (12/1#)"
290072,-1,unclustered,0.0,iberico pork racks
121701,-1,unclustered,0.0,ibp top blade flat iron-not portioned
ICE,-1,unclustered,0.0,ice cubes or crushed
2159,-1,unclustered,0.0,ice- cube 22 lb. bag
85500,-1,unclustered,0.0,iced tea filter pouch 96/1oz 6#
99999987,-1,unclustered,0.0,ics bricks -frozen chill packs bklk8
210597,-1,unclustered,0.0,imitation abulon 24/15oz
50030,-1,unclustered,0.0,imitation breaded crab claw
50140,-1,unclustered,0.0,imitation breaded scallops
50070,-1,unclustered,0.0,imitation crab flake - china 30x1#
50050,-1,unclustered,0.0,imitation crab stick- minced stick
99009980,-1,unclustered,0.0,"impossible burger, 4/1, vegan patties"
95230,-1,unclustered,0.0,inca kola 8/2 liter soda
901223,-1,unclustered,0.0,"incredicrisp 3/8"" straight cut fries-6/5"
59049960,-1,unclustered,0.0,inedible chicken product cases (40#)
16049980,-1,unclustered,0.0,"inner skirts, (australian), grainfed"
16044545,-1,unclustered,0.0,"inner skirts, 5star (sel)"
16043794,-1,unclustered,0.0,"inner skirts, black mountain (ch)"
16041396,-1,unclustered,0.0,"inner skirts, circle t (nr)"
16043896,-1,unclustered,0.0,"inner skirts, clear river (n/r)"
16041201,-1,unclustered,0.0,"inner skirts, creekstone (prime)"
16043742,-1,unclustered,0.0,"inner skirts, excel (cangus)"
16043744,-1,unclustered,0.0,"inner skirts, excel (ch)"
16041074,-1,unclustered,0.0,"inner skirts, farm fresh 12/1pc (ch)"
16041002,-1,unclustered,0.0,"inner skirts, greateromaha (cangus)"
16041001,-1,unclustered,0.0,"inner skirts, greateromaha (prime)"
16044490,-1,unclustered,0.0,"inner skirts, harmony canada"
16403556,-1,unclustered,0.0,"inner skirts, heartland (n/r_angus)"
16041013,-1,unclustered,0.0,"inner skirts, ibp star ranch (ch_angus)"
16041162,-1,unclustered,0.0,"inner skirts, iowa premium (cangus)"
16044674,-1,unclustered,0.0,"inner skirts, northern gold (aaa)"
16041076,-1,unclustered,0.0,"inner skirts, paloduro (nr)"
16043352,-1,unclustered,0.0,"inner skirts, swift (cangus)"
16043354,-1,unclustered,0.0,"inner skirts, swift (ch)"
16043364,-1,unclustered,0.0,"inner skirts, topshelf (ch)"
16041075,-1,unclustered,0.0,"inner skirts, topshelf (sel)"
16041144,-1,unclustered,0.0,"inner skirts, westernreserve (ch)"
11193794,-1,unclustered,0.0,inside round (cosmo) black mountain (ch)
11194496,-1,unclustered,0.0,inside round (cosmo) harmony
111911440,-1,unclustered,0.0,inside round (cosmo) western reserve
11183575,-1,unclustered,0.0,"inside round slcd & peeled, ibp (select)"
11191211,-1,unclustered,0.0,"inside round xt, creekstone (prime)"
11391876,-1,unclustered,0.0,"inside round xt,nebraska gold (nr_angus)"
11193744,-1,unclustered,0.0,"inside round, excel (ch)"
11191120,-1,unclustered,0.0,"inside round, mex praderas"
150111,-1,unclustered,0.0,"inside skirt, grass fed, new zealand"
150012,-1,unclustered,0.0,chk wog 3.50-3.75# bdc 10hd
150060,-1,unclustered,0.0,inside skirts 60#/cs
150011,-1,unclustered,0.0,"inside skirts, grass fed, pilot"
158003,-1,unclustered,0.0,"inside skirts, peeled, imported wagyu"
83770,-1,unclustered,0.0,instant sour paste tom yum -sp505
96025,-1,unclustered,0.0,irish moss
620004,-1,unclustered,0.0,irregular sliced roast beef
620021,-1,unclustered,0.0,irregular sliced turkey breast
729795,-1,unclustered,0.0,italian roast beef top round
620091,-1,unclustered,0.0,italian saus patty 4-1 10lb
SP732,-1,unclustered,0.0,italian sausage - bulk/ground
94415070,-1,unclustered,0.0,"italian sausage 5-1, f/c, ogden f. 12/1#"
390224,-1,unclustered,0.0,"italian short cuts, 7#, perdue 4220"
390027,-1,unclustered,0.0,"italian, perfect portion, perdue"
38569901,-1,unclustered,0.0,italiansausage in natural
290600,-1,unclustered,0.0,j. dean 4/150ct cooked bacon
610008,-1,unclustered,0.0,j. dean ckd turkey sausage patties
620092,-1,unclustered,0.0,j.dean bulk italian saus-12/1#
620093,-1,unclustered,0.0,j.dean ckd pork saus patty
610005,-1,unclustered,0.0,j.dean ckd turkey saus links
619975,-1,unclustered,0.0,j.o. full muscle smkd tky bst 2/9 -10 lb
710030,-1,unclustered,0.0,j.o. turkey ham log-30#
90346032,-1,unclustered,0.0,jalapeno pep slcd la cos 6/#10
84002,-1,unclustered,0.0,jalapeno peppers 2/2.5# bags
31922,-1,unclustered,0.0,jamaican 10# yellow onion
89003,-1,unclustered,0.0,jamaican drink mix sour dailys
85442,-1,unclustered,0.0,jamaican lid clr 32jlr
31102,-1,unclustered,0.0,jamaican plantain 20#
742320,-1,unclustered,0.0,jamestown smoked half hams
620096,-1,unclustered,0.0,jamestown smoked pork chop
95182,-1,unclustered,0.0,jarritos coconut water w/pulp
95071,-1,unclustered,0.0,jarritos grapefruit plastic toronja
84620,-1,unclustered,0.0,jasmine tea 5x6 * yume* 5204
96015,-1,unclustered,0.0,jcs champagne
96030,-1,unclustered,0.0,jcs coconut cream
96006,-1,unclustered,0.0,jcs ginger sodas
96005,-1,unclustered,0.0,jcs irish moss beer
96007,-1,unclustered,0.0,jcs kola champagne
626350,-1,unclustered,0.0,jd fc pork saus patty 1.25/oz; 8/30 oz
610007,-1,unclustered,0.0,jdean ckd turkey saus patty
91098013,-1,unclustered,0.0,jelly assorted cups 200/.5 oz #4
99999913,-1,unclustered,0.0,"jemm, 2/1, patties"
99999912,-1,unclustered,0.0,"jemm, 4/1, patties"
620023,-1,unclustered,0.0,jennie o shred turkey breast
611952,-1,unclustered,0.0,jennie o sweet ital trky saus 8/19.52 oz
716920,-1,unclustered,0.0,jennie o turkey salami-2/10#
620024,-1,unclustered,0.0,jennie o turkey taco meat
620008,-1,unclustered,0.0,jennieo deli chicken breast
96043,-1,unclustered,0.0,cup 01 oz pir 50/50ct
620097,-1,unclustered,0.0,jimmy dean pork sausage roll
620098,-1,unclustered,0.0,john 5-1 ckd italian sausage
620099,-1,unclustered,0.0,john. ckd ultimate 4-1 brat
626916,-1,unclustered,0.0,johnsonville 1.5oz ckd pork saus patty
620100,-1,unclustered,0.0,johnsonville 5-1 ckd brat link
621546,-1,unclustered,0.0,johnsonville 5-1 skinless smoked polish
207900021,-1,unclustered,0.0,"johnsonville bratwurs links, 5:1, (10lb)"
611911,-1,unclustered,0.0,johnsonville ckd turkey saus links
207900041,-1,unclustered,0.0,"johnsonville italian sausage, 5:1, 10lb"
207900025,-1,unclustered,0.0,"johnsonville orig. brat links, (6/2.375)"
624585,-1,unclustered,0.0,johnsonville raw original brat links
622657,-1,unclustered,0.0,johnsonville rtc bulk italian-8/1#
622225,-1,unclustered,0.0,johnsonville sliced summer-5#
620101,-1,unclustered,0.0,jones precooked sausage patty
97878950,-1,unclustered,0.0,"jowl bacon, slcd smkd, roger wood (9/1#)"
40139980,-1,unclustered,0.0,"jowls, pork"
40031060,-1,unclustered,0.0,"jowls, pork indiana (60#)"
190069,-1,unclustered,0.0,jr 80-20 ground beef-frozen (10#)
90614,-1,unclustered,0.0,juice orange 6/64 oz tropicana
906166,-1,unclustered,0.0,juice pineapple 4/1 gal
906184,-1,unclustered,0.0,juice tomato 12/46oz sacramento
62232,-1,unclustered,0.0,jumbo squid ( bag ) korea/uruguay
97595880,-1,unclustered,0.0,"jumbo weiners, scott pete (12 #)"
31920,-1,unclustered,0.0,jumbo yellow onion
1319854,-1,unclustered,0.0,kabob pork p&s 10#-z * mfg charge
97642,-1,unclustered,0.0,kabob shami chicen kaiser halal
621012,-1,unclustered,0.0,kahn 10-1 all beef hot dogs-12#
904345,-1,unclustered,0.0,kahn`s choice cooked pot roast-4/4.5#
31555,-1,unclustered,0.0,kale c & t 4/2.5#
750020,-1,unclustered,0.0,kb large stick bologna 2pc cs
141102,-1,unclustered,0.0,"kc strip steak, prime, 10/20oz"
141108,-1,unclustered,0.0,"kc strip steak, prime, 14oz"
144301,-1,unclustered,0.0,"kc strip, dry age, ch, 16oz"
620052,-1,unclustered,0.0,kent 5-1 10.5 hot dog-10#
620128,-1,unclustered,0.0,kessler rib - cut up
620229,-1,unclustered,0.0,kessler rib center cut
83970,-1,unclustered,0.0,ketchup * hunt`s* 38251
91092,-1,unclustered,0.0,ketchup pp red gold 1000 ct
10331020,-1,unclustered,0.0,"kidney, beef, 6 pk national"
10133690,-1,unclustered,0.0,"kidney, beef, aurora"
40219980,-1,unclustered,0.0,"kidney, pork"
84920,-1,unclustered,0.0,kikkoman soy sauce 5 gallon red
905551,-1,unclustered,0.0,kikkoman soy sauce-5 gallon
84371,-1,unclustered,0.0,kikkoman sriracha hot chili sauce 6/4#
51013,-1,unclustered,0.0,king crab legs 14-17
72061789,-1,unclustered,0.0,"king fish, whole 8+, netuno (66#)"
78711649,-1,unclustered,0.0,"king mackerel, 10-up,"
78191649,-1,unclustered,0.0,"king mackerel, 5-up,"
78201789,-1,unclustered,0.0,"king mackerel, 8-up, netuno (66#)"
580001,-1,unclustered,0.0,kitchen seafood 16/20ct fan
580002,-1,unclustered,0.0,kitchen seafood lobster cakes
620271,-1,unclustered,0.0,klements 5-1 all beef hot dog
620521,-1,unclustered,0.0,klements white/yellow ched pork brat
99035,-1,unclustered,0.0,knives plst wht 1000ct
99046,-1,unclustered,0.0,knives stk plst 12ct
84311,-1,unclustered,0.0,breaded coco jamaican 25ct
180012,-1,unclustered,0.0,knuckle bones
11123693,-1,unclustered,0.0,"knuckle pld, aurora (ch_angus)"
11121204,-1,unclustered,0.0,"knuckle pld, creekstone (ch)"
11121201,-1,unclustered,0.0,"knuckle pld, creekstone (prime)"
11123344,-1,unclustered,0.0,"knuckle pld, diamond beef (aaa)"
11123744,-1,unclustered,0.0,"knuckle pld, excel (ch)"
11121002,-1,unclustered,0.0,"knuckle pld, greateromaha (cangus)"
11131002,-1,unclustered,0.0,"knuckle pld, greateromaha halal (cangus)"
11121320,-1,unclustered,0.0,"knuckle pld, mex gusi"
11121120,-1,unclustered,0.0,"knuckle pld, mex praderas"
11125342,-1,unclustered,0.0,"knuckle pld, riverbend ranch (cangus)"
11123334,-1,unclustered,0.0,"knuckle pld, upper iowa (ch)"
11122404,-1,unclustered,0.0,"knuckle pld, us212 (ch)"
41691,-1,unclustered,0.0,knuckles cow halal frz
190057,-1,unclustered,0.0,kohler grind 3.5oz puck
96002,-1,unclustered,0.0,kola champagne syrup
84510,-1,unclustered,0.0,kong moon rice stick *super chef*
310162,-1,unclustered,0.0,kopp`s 6oz s/l fresh b&s chicken. breast
710001,-1,unclustered,0.0,kosher sliced roasted tky brst
711026,-1,unclustered,0.0,kosher sliced smk turkey brst
711227,-1,unclustered,0.0,kosher sliced turkey bologna
711027,-1,unclustered,0.0,kosher sliced turkey salami
78881,-1,unclustered,0.0,kosher tray pack chicken breast
710127,-1,unclustered,0.0,kosher turkey pastrami-12/7oz
620027,-1,unclustered,0.0,kosher whole turkeys
99333331,-1,unclustered,0.0,kraft senior bags with handle
501390,-1,unclustered,0.0,kraut new-7450
620009,-1,unclustered,0.0,ham serrano
83460,-1,unclustered,0.0,kum chun oyster sauce ( black label)
901212,-1,unclustered,0.0,la rustichella black truffle pate
22081012,-1,unclustered,0.0,label pre-printed thermal 12/700ct
74,-1,unclustered,0.0,lables 3.5x5.25
75,-1,unclustered,0.0,"lables 4x3-3""core thermo"
85730,-1,unclustered,0.0,lafiness californian style orange
85720,-1,unclustered,0.0,lafiness caribbean style jerk
85710,-1,unclustered,0.0,lafiness smokey alabama style grill
591011,-1,unclustered,0.0,lake perch-11# box
590013,-1,unclustered,0.0,lake smelt dressed
20009980,-1,unclustered,0.0,lamb baby
420008,-1,unclustered,0.0,lamb belly
56974600,-1,unclustered,0.0,lamb belly b/out fresh
420009,-1,unclustered,0.0,lamb bones
37862,-1,unclustered,0.0,lamb bones hind trotters halal
12253,-1,unclustered,0.0,lamb bones-z mixed 50#
12250977,-1,unclustered,0.0,lamb bones-z seder 10#
12250978,-1,unclustered,0.0,lamb bones-z trotter 10# sup
32305,-1,unclustered,0.0,lamb brains nz
30045,-1,unclustered,0.0,lamb breast aus bulk
55629550,-1,unclustered,0.0,lamb breast b/in fresh
121214,-1,unclustered,0.0,lamb breast bi [4p]
55564400,-1,unclustered,0.0,lamb breast legs auss
20085960,-1,unclustered,0.0,"lamb breast, 6-2 superior farms"
28009980,-1,unclustered,0.0,"lamb breast, trimmed"
20015440,-1,unclustered,0.0,"lamb carcass 6-way cut, 40/down hillside"
420000,-1,unclustered,0.0,lamb casing
58479600,-1,unclustered,0.0,lamb casings sheep
51028002,-1,unclustered,0.0,lamb chop 2-2.2 oz frenched new zealand
52502000,-1,unclustered,0.0,lamb chop lollipop
20079980,-1,unclustered,0.0,"lamb chops lolli pop, 60ct"
51301400,-1,unclustered,0.0,lamb chuck square
30507,-1,unclustered,0.0,lamb cube b/i 10/3# halal
51503060,-1,unclustered,0.0,"lamb cubes 1""x 1"""
51503050,-1,unclustered,0.0,"lamb cubes 1""x 1"" for kabobs"
420500,-1,unclustered,0.0,lamb denver ribs
1224420,-1,unclustered,0.0,lamb diced fmc 10#
12244,-1,unclustered,0.0,lamb diced leg 2-in 10#
1224424,-1,unclustered,0.0,lamb diced shl-bnl 1-1.5-in 2/5#
1224440,-1,unclustered,0.0,lamb diced shld 4-oz skewer 2/5#vp
12246000,-1,unclustered,0.0,lamb diced-z stew pio 10#
122521,-1,unclustered,0.0,lamb fat wolv-z 50#
12252,-1,unclustered,0.0,lamb fat ~m
20105960,-1,unclustered,0.0,"lamb fat, caps bulk, superior farms"
121217,-1,unclustered,0.0,lamb feet aus-z
121215,-1,unclustered,0.0,lamb feet ~m
20115960,-1,unclustered,0.0,"lamb feet, white, superior farms"
30171,-1,unclustered,0.0,lamb femur bones fzn
12254801,-1,unclustered,0.0,lamb flank untrimmed-z mar 60#
51503000,-1,unclustered,0.0,lamb for stewing (diced)
18022470,-1,unclustered,0.0,"lamb fore shank, 10-14oz, thomas"
30114,-1,unclustered,0.0,lamb foreshank bone-in aussie
121426,-1,unclustered,0.0,lamb foreshank ~m
121427,-1,unclustered,0.0,lamb foreshank-z frf 10p
20285960,-1,unclustered,0.0,"lamb fries, bulk superior farms (10#)"
58957770,-1,unclustered,0.0,lamb glace -
123232,-1,unclustered,0.0,lamb grnd frf 8/1#
12249006,-1,unclustered,0.0,lamb grnd frf pat-02-oz 16/4p 8#-z
57310630,-1,unclustered,0.0,lamb ground frozen fine
57310681,-1,unclustered,0.0,lamb ground patties 2 oz mini sliders
57310631,-1,unclustered,0.0,lamb ground patties 3/1
36802,-1,unclustered,0.0,lamb head 10pk
59990009,-1,unclustered,0.0,lamb head split
12257,-1,unclustered,0.0,lamb head-z sup 10ct
20069980,-1,unclustered,0.0,"lamb heads,"
37058,-1,unclustered,0.0,lamb heart
20059980,-1,unclustered,0.0,lamb heart beaufort river
20051420,-1,unclustered,0.0,"lamb heart, 2/5, wolverine #10"
122562,-1,unclustered,0.0,lamb heart-z 15# mar
12186,-1,unclustered,0.0,lamb hind saddle tr/on ~m
59890110,-1,unclustered,0.0,lamb hind shanks osso bucco new zealand/
30113,-1,unclustered,0.0,lamb hindshank bone-in aussie
34090,-1,unclustered,0.0,lamb kababo
20099980,-1,unclustered,0.0,lamb kidney
36021,-1,unclustered,0.0,lamb kidney 10 lb
12258E1,-1,unclustered,0.0,lamb kidney-z everdene 60#
54735760,-1,unclustered,0.0,lamb leg b/out auss frozen
54735790,-1,unclustered,0.0,lamb leg b/out fresh
54735770,-1,unclustered,0.0,lamb leg b/out fresh halal
54735780,-1,unclustered,0.0,lamb leg b/out-netted
12180,-1,unclustered,0.0,lamb leg bi dbl-hangback sup-13902
12180,-1,unclustered,0.0,lamb leg bi dbl-hangback sup-13902
12174886,-1,unclustered,0.0,lamb leg bi t/off sup-27362 6p
12174879,-1,unclustered,0.0,lamb leg bi>brt s/a [1p]
30000,-1,unclustered,0.0,lamb leg bone-in short cut - nz
25092470,-1,unclustered,0.0,"lamb leg boneless, thomas"
30209,-1,unclustered,0.0,lamb leg brn nz halal
54956150,-1,unclustered,0.0,lamb leg semi bnls center bone in
25025970,-1,unclustered,0.0,"lamb leg whole b/in, mcphee"
25029980,-1,unclustered,0.0,"lamb leg whole b/in, praire natural"
20031420,-1,unclustered,0.0,"lamb liver, 2/5, wolverine, #10"
12261011,-1,unclustered,0.0,lamb liver-z cat
24029980,-1,unclustered,0.0,lamb loin (b.r) 4 pc.
53256600,-1,unclustered,0.0,lamb loin b/ in trimmed domestic-1x1
53255100,-1,unclustered,0.0,lamb loin bone in rough
30055,-1,unclustered,0.0,lamb loin chop case ready *catelli*
427841,-1,unclustered,0.0,lamb loin flanks
12322002,-1,unclustered,0.0,lamb loin trm-bnl fm
1233034,-1,unclustered,0.0,lamb loin trm br 1x1 sup 6p 10262
53943400,-1,unclustered,0.0,lamb loins chop ready -4/cs
122621,-1,unclustered,0.0,lamb neck-z chp 50#
122661,-1,unclustered,0.0,lamb neck-z mar-4290 30#
20089980,-1,unclustered,0.0,lamb necks
420019,-1,unclustered,0.0,lamb patty
30040,-1,unclustered,0.0,lamb rack 26/28
59319570,-1,unclustered,0.0,lamb rack 26/28 oz frenched colorado 4pc
52319220,-1,unclustered,0.0,lamb rack 7 rib single/vac
52301800,-1,unclustered,0.0,lamb rack 8 rib 7/8lb
52319260,-1,unclustered,0.0,lamb rack 8 rib single/vac
52309900,-1,unclustered,0.0,"lamb rack 9 rib-single-11up ""colorado"""
52319251,-1,unclustered,0.0,lamb rack end chops
21019980,-1,unclustered,0.0,"lamb rack, frenched 18/20 halal"
21009980,-1,unclustered,0.0,"lamb rack, frenched bone in"
120671,-1,unclustered,0.0,lamb rack-z-aus f34 willow bend
12009050,-1,unclustered,0.0,lamb rib chop 18-ct
52142001,-1,unclustered,0.0,lamb rib chop 2 bn 8-9 oz
52142003,-1,unclustered,0.0,lamb rib chop 5/6oz cc imp-double bone
52142002,-1,unclustered,0.0,lamb rib chop cc domestic lollipop
23009980,-1,unclustered,0.0,"lamb rib chops, vp frenched 3ct (5#)"
50004852,-1,unclustered,0.0,lamb ribs denver
58525200,-1,unclustered,0.0,lamb sausage merguez
31115,-1,unclustered,0.0,lamb shank 10/14 nz halal
12086644,-1,unclustered,0.0,lamb shldr bi whole ~m
12086646,-1,unclustered,0.0,lamb shldr bi-z whl aus
12086645,-1,unclustered,0.0,lamb shldr pieces-z aus
1208944,-1,unclustered,0.0,lamb shldr sqc bi pro 40#
24019980,-1,unclustered,0.0,"lamb short loin, b/in"
59885200,-1,unclustered,0.0,lamb short loins 0 tail -imported
30162,-1,unclustered,0.0,lamb shoulder boneless - fletcher
420011,-1,unclustered,0.0,lamb shoulder neck off
22029980,-1,unclustered,0.0,"lamb shoulder, b/in"
22029210,-1,unclustered,0.0,"lamb shoulder, b/in, c-vac, hardwicks"
420772,-1,unclustered,0.0,lamb sirloin-cap on-6/4pc packs
45413,-1,unclustered,0.0,lamb six-way aus-z 45#
420052,-1,unclustered,0.0,lamb stew 5# bag fresh
420052,-1,unclustered,0.0,lamb stew 5# bag fresh
53235600,-1,unclustered,0.0,lamb strip loin boneless imported
53610420,-1,unclustered,0.0,lamb tenderloin frozen
420019,-1,unclustered,0.0,lamb patty
30219,-1,unclustered,0.0,lamb tongue halal
12270,-1,unclustered,0.0,lamb tongues #1
420012,-1,unclustered,0.0,lamb top round
59610300,-1,unclustered,0.0,lamb trim loin b/out domestic
53610400,-1,unclustered,0.0,lamb trim loin fresh 1x1 chop ready
59568970,-1,unclustered,0.0,lamb trimmings -75cl pilot
59568980,-1,unclustered,0.0,lamb trimmings 75/25 frozen-71-028
20049980,-1,unclustered,0.0,lamb tripe
20041230,-1,unclustered,0.0,"lamb tripe, amp"
20045660,-1,unclustered,0.0,"lamb tripe, patagonia"
20045960,-1,unclustered,0.0,"lamb tripe, superior farms"
122615,-1,unclustered,0.0,lamb tripe-z nz/aus 50#
1226122,-1,unclustered,0.0,lamb tripe-z ovation 56#
20009981,-1,unclustered,0.0,lamb whole 50-60#
90119980,-1,unclustered,0.0,"lard lift, pork"
750011,-1,unclustered,0.0,large bologna 10#ave
95138000,-1,unclustered,0.0,lasagna meat avanza
19,-1,unclustered,0.0,latex gloves
620038,-1,unclustered,0.0,ld`s fresh polish 4/1
620029,-1,unclustered,0.0,ld`s fresh polish 4/1 zippy
411016,-1,unclustered,0.0,le quebecois 16oz veal porter house
410077,-1,unclustered,0.0,le quebecois veal butt tenders
410065,-1,unclustered,0.0,le quebecois veal porterhouse fresh
410065,-1,unclustered,0.0,le quebecois veal porterhouse fresh
410066,-1,unclustered,0.0,14-16oz frenched veal rib chop
84432,-1,unclustered,0.0,lee kum kee mushroom soysauce 12/4#
410062,-1,unclustered,0.0,lees brd veal patty 40/4oz
150400001,-1,unclustered,0.0,leg meat (40#)
55005480,-1,unclustered,0.0,"leg meat, back of the yards (40#)"
55001040,-1,unclustered,0.0,"leg quarters large, sanderson/wayne (40)"
55015780,-1,unclustered,0.0,"leg quarters small, chicken country 4/10"
55111220,-1,unclustered,0.0,"leg quarters small, halal pilgrim`s 40#"
900227,-1,unclustered,0.0,lemanksi battered mozz sticks-27#
900027,-1,unclustered,0.0,lemanski homestyle onion rings-8/2#
31500,-1,unclustered,0.0,lemon (yellow) amarillo 165ct
33000,-1,unclustered,0.0,lemon juice -case- 8/48oz
93940,-1,unclustered,0.0,lemon juice 4/1 *pompeii*
906131,-1,unclustered,0.0,lemon juice concentrate 12/1 qts
412115,-1,unclustered,0.0,lequebecois 4oz veal liver
411502,-1,unclustered,0.0,lequebecois veal tenderloin
84560,-1,unclustered,0.0,less sodium soy sauce lkk 5gal/tub
84921,-1,unclustered,0.0,less soduim kikkoman green label
50133401,-1,unclustered,0.0,lettuce iceburg-shred 4/5#
50130140,-1,unclustered,0.0,lettuce-mix spring 3#
93693,-1,unclustered,0.0,lib 5120 shot 1.5z 2dz
990321,-1,unclustered,0.0,lid 06 oz 6jl vented
99038,-1,unclustered,0.0,lid 1.5-2.5 oz 20/125 cs
990371,-1,unclustered,0.0,lid 1/2 gal berry 200ct
990372,-1,unclustered,0.0,lid 1gal berry 100ct
99508505,-1,unclustered,0.0,lid 9 board 500ct
995271,-1,unclustered,0.0,lid deli clr 16oz 500ct
190101,-1,unclustered,0.0,"lifter meat, trimmed, 10#pkg"
920280,-1,unclustered,0.0,links for weeks
38355741,-1,unclustered,0.0,"links,breakfast ,jones f/c-2oz"
97645880,-1,unclustered,0.0,"liver cheese, scott pete (12/8z)"
97655880,-1,unclustered,0.0,"liver cheese,red bag,1pc,scott p (5-7 l)"
96675880,-1,unclustered,0.0,"liver chse w/in pork f, ktckn g 2pc(5/7l"
10141000,-1,unclustered,0.0,"liver select, beef, greateromaha"
10141050,-1,unclustered,0.0,"liver, beef, afg"
10141030,-1,unclustered,0.0,"liver, beef, jbs four star"
10142930,-1,unclustered,0.0,"liver, beef, this old farm"
10149980,-1,unclustered,0.0,"livers, beef aurora"
10143350,-1,unclustered,0.0,"livers, beef, swift (60#)"
50031850,-1,unclustered,0.0,"livers, chicken harrison (40#)"
50034870,-1,unclustered,0.0,"livers, chicken mar jac (2/10#)"
50035780,-1,unclustered,0.0,"livers, country pride(40#)"
50031220,-1,unclustered,0.0,"livers, pilgrims (40#)"
40171530,-1,unclustered,0.0,"livers, pork tri-eagle (15#)"
40271530,-1,unclustered,0.0,"livers, pork tri-eagle (30#)"
40272680,-1,unclustered,0.0,"livers, pork, dekalb"
78932559,-1,unclustered,0.0,"lobste whole, ckd 16-20z, fisherking 10#"
78229980,-1,unclustered,0.0,"lobster ck meat, 6/2 (12#)"
78222999,-1,unclustered,0.0,"lobster tail meat, 10#"
78249989,-1,unclustered,0.0,"lobster tail wild caught, 12/14oz (10#)"
60051,-1,unclustered,0.0,lobster tails 4oz iqf n/atl 10#
21061,-1,unclustered,0.0,lobster tails-z 4-oz 10#
21053,-1,unclustered,0.0,lobster tails-z 6-7 oz brazil 10#
210544,-1,unclustered,0.0,lobster whl live 1 1ct
78231509,-1,unclustered,0.0,"lobster whole, ckd sea mazz (12/1#)"
78224369,-1,unclustered,0.0,"lobster, head & body meat, panamei 10/1#"
78221649,-1,unclustered,0.0,"lobster, head/body meat,caribbean10/1#"
44001920,-1,unclustered,0.0,"loin b/in 1/4"" trim cov, pork prestage"
44003350,-1,unclustered,0.0,"loin b/in 1/4"" trim cov, pork swift"
44103570,-1,unclustered,0.0,"loin b/in 3/8"" trim, half box pork, ibp"
44233570,-1,unclustered,0.0,"loin bnlss cc strap off, half cut pk ibp"
44001010,-1,unclustered,0.0,"loin bone in 1/4"" trim 16/22, pork, ibp"
44011060,-1,unclustered,0.0,"loin bone in 18/22, indiana (med) 1/4"" c"
44809980,-1,unclustered,0.0,"loin bone in, crown roast 12-14, pork"
44403570,-1,unclustered,0.0,"loin boneless #2 miscut, pork ibp"
44171010,-1,unclustered,0.0,"loin boneless cc strap off, chairman`s r"
44132030,-1,unclustered,0.0,"loin boneless cc strap off, pork rantoul"
44131150,-1,unclustered,0.0,"loin boneless strap-off, seaboard, #8217"
44131980,-1,unclustered,0.0,"loin boneless strap-off, smithfield"
44181060,-1,unclustered,0.0,"loin boneless strap-on vp, pork indiana"
44121980,-1,unclustered,0.0,"loin boneless strap-on, pork smithfield"
44123350,-1,unclustered,0.0,"loin boneless strap-on, pork swift"
44121920,-1,unclustered,0.0,"loin boneless strap-on, prestage"
44121150,-1,unclustered,0.0,"loin boneless strap-on, seaboard, #80137"
44704510,-1,unclustered,0.0,"loin c. c. bone in,pork, aurora"
44211700,-1,unclustered,0.0,"loin cc 11 rib t/in 1/8"" cov, pork, swif"
44209980,-1,unclustered,0.0,"loin cc, bone in, t/in, combo pork"
44221060,-1,unclustered,0.0,"loin center cut, (1/4"") vp, pork indiana"
40239980,-1,unclustered,0.0,"loin skin fat on, pork"
91300,-1,unclustered,0.0,lotus seed paste bun (b-13)
83481,-1,unclustered,0.0,lucky brand fish sauce only yellow
190065,-1,unclustered,0.0,"luncheon loaf patty, qulity ckd"
94381613,-1,unclustered,0.0,m
900011,-1,unclustered,0.0,m noodle
907503,-1,unclustered,0.0,mac & cheese fonduta
900004,-1,unclustered,0.0,mac & cheese triangles
80001,-1,unclustered,0.0,mackerel (atlantic) 400/600g (22# case)
78241529,-1,unclustered,0.0,"mahi prtn 4oz (wild caught), pescator (1"
78244369,-1,unclustered,0.0,"mahi prtn ivp rtl, panamei (20/1#)"
78245829,-1,unclustered,0.0,"mahi prtn, skls ivp sea best (12/1#)"
97469,-1,unclustered,0.0,mali boti chicken kaiser halal
96344740,-1,unclustered,0.0,"manchego croquette, mambo (8x13z)"
31560,-1,unclustered,0.0,mango 12ct
392065,-1,unclustered,0.0,mapleleaf duck hearts-6/5#
620062,-1,unclustered,0.0,margherta sliced genoa salami-6/2#
620156,-1,unclustered,0.0,marherita sliced pepperoni-25#
95035034,-1,unclustered,0.0,marinade mojo criollo goya 6/1g
95035035,-1,unclustered,0.0,marinade wing 8/3.5#
180014,-1,unclustered,0.0,marrow bones split lengthwise
84222,-1,unclustered,0.0,martin jasmine rice 50# usa
550360,-1,unclustered,0.0,maryland style crab cake 3.6oz
82630,-1,unclustered,0.0,masa - juaritos fresh 8/5# 5003
83270,-1,unclustered,0.0,massaman curry paste *mae ploy*
999999,-1,unclustered,0.0,matrix pricing product
11150,-1,unclustered,0.0,mature duck 6.0 headless vf brand
38861325,-1,unclustered,0.0,maxwell street polish footlong vienna
93100300,-1,unclustered,0.0,mayonaise-30 lb tub
901265,-1,unclustered,0.0,"mccain crispy season 1/2"" skin on fry"
900212,-1,unclustered,0.0,mccain queso triangles-4/3#
83750,-1,unclustered,0.0,meal kits 6 in 1 250/cs
97873895,-1,unclustered,0.0,meal rdy slcd smk saus(8/14oz)roger wood
93530,-1,unclustered,0.0,meat marinade (gallons) chef merito
87770,-1,unclustered,0.0,meat mitch pork seasoning
53224240,-1,unclustered,0.0,"meat rings breast, f/c lake liner (8/3#)"
53324240,-1,unclustered,0.0,"meat rings buffalo, f/c lake liner 8/3#"
30062,-1,unclustered,0.0,meatball/meatloaf mix *catelli*
19010002,-1,unclustered,0.0,meatballs all beef rosina
10369470,-1,unclustered,0.0,meatballs garlic parm 4/5lb
SP012,-1,unclustered,0.0,meatloaf mix
22139,-1,unclustered,0.0,meatloaf old fash 2/3# daisy
2239E1,-1,unclustered,0.0,meatloaf old fash-z daisy
290502,-1,unclustered,0.0,"meatloaf, beef veal & pork, 5#b"
50142010,-1,unclustered,0.0,melons honeydew 5ct
50142011,-1,unclustered,0.0,melons honeydew 6ct
920229,-1,unclustered,0.0,memorial day mixer
84400,-1,unclustered,0.0,metal sponges - sell by case
746680,-1,unclustered,0.0,metro applewood honey ham-2/8#
42040,-1,unclustered,0.0,mexican beef back ribs frozen
42030,-1,unclustered,0.0,mexican beef bnls strip 0x1
42050,-1,unclustered,0.0,mexican beef neck bones frozen
42000,-1,unclustered,0.0,mexican beef ribeye lipon 2x2
42020,-1,unclustered,0.0,mexican beef shortloin 0x1 3pc
41980,-1,unclustered,0.0,mexican chuck roll
43447151,-1,unclustered,0.0,mi turkey ham
43469301,-1,unclustered,0.0,mich tky all natl gold roasted petite br
43469321,-1,unclustered,0.0,mich tky all natural oven brown petite b
43400412,-1,unclustered,0.0,mich tky brst roast s/on b/out raw 22%
43446830,-1,unclustered,0.0,mich tky cajun style pan shape
23046828,-1,unclustered,0.0,mich tky chicken breast buffalo
43478721,-1,unclustered,0.0,mich tky golden browned whole tky breast
43480601,-1,unclustered,0.0,mich tky golden legacy hickory smoked
43473061,-1,unclustered,0.0,mich tky hickory smoked white nitrite fr
43478481,-1,unclustered,0.0,mich tky honey smoked whole tky breast
43200016,-1,unclustered,0.0,mich tky knuckles bones frozen
41835071,-1,unclustered,0.0,mich tky livers frozen
43471361,-1,unclustered,0.0,mich tky nae honey maple turkey brst
43469381,-1,unclustered,0.0,mich tky natural garlic & herb petite br
43447136,-1,unclustered,0.0,mich tky natural mple p whole breast
43468081,-1,unclustered,0.0,mich tky oven browned s/on whole breast
43486642,-1,unclustered,0.0,mich tky oven roasted sliced low sodium
43478601,-1,unclustered,0.0,mich tky pastrami seasoned breast
43490053,-1,unclustered,0.0,mich tky pattie all natl breakfast 0.8oz
43400232,-1,unclustered,0.0,mich tky petite skinless thigh roast
43430150,-1,unclustered,0.0,mich tky rwa all natural 90% ground
43490093,-1,unclustered,0.0,mich tky rwa brk sausage patties 1.5oz
41300010,-1,unclustered,0.0,mich tky thigh meat b/out s/off frozen
82550,-1,unclustered,0.0,michiu cooking wine 4/1 gal
84860,-1,unclustered,0.0,micro pail 16 oz fan/bowl 400
620005,-1,unclustered,0.0,midwest pride ckd roast beef
98035920,-1,unclustered,0.0,"mild link beef, moo & oink (12/2#)"
97355840,-1,unclustered,0.0,"mild rolls, williams sausage (12/1#)"
97395840,-1,unclustered,0.0,"mild sausage pattie ,williams s (8/2.25"
78259989,-1,unclustered,0.0,milk fish 600-800 (40#)
30114,-1,unclustered,0.0,lamb foreshank bone-in aussie
360335,-1,unclustered,0.0,miller amish retail whole chicken
620543,-1,unclustered,0.0,milwaukee polish sausage
83710,-1,unclustered,0.0,minced garlic 5#/ bag
903001,-1,unclustered,0.0,minh buffalo chicken egg roll-300/1oz
90100,-1,unclustered,0.0,mini vege. spring rolls gokujou
25550,-1,unclustered,0.0,mini vegetable spring roll *gokujou*
MISCR,-1,unclustered,0.0,misc random weight case
999019,-1,unclustered,0.0,miscellaneous equipment expense
168009,-1,unclustered,0.0,mishima back ribs ip
118017,-1,unclustered,0.0,mishima brisket 120 vp
128017,-1,unclustered,0.0,mishima chuck clod cross cut vp
128015,-1,unclustered,0.0,mishima chuck tail flap
128016,-1,unclustered,0.0,mishima chuck teres major ultra
168024,-1,unclustered,0.0,mishima export rib ultra
138009,-1,unclustered,0.0,mishima flank steak rr ultra
168011,-1,unclustered,0.0,mishima ribeye lipon 5 star
128014,-1,unclustered,0.0,mishima top blade
148017,-1,unclustered,0.0,mishima top sirloin stk ready
83870,-1,unclustered,0.0,miso shiro white *marukome* 12/2.2#
97483780,-1,unclustered,0.0,miss saus hot red link(12-2lb)
900610,-1,unclustered,0.0,mixed fruit-6/#10 cans
96284740,-1,unclustered,0.0,"mixed vegetables, 5way, mambo 6x2#"
23,-1,unclustered,0.0,moesle and fulton price sheet
40171002,-1,unclustered,0.0,mole dona maria 12/8oz
85190,-1,unclustered,0.0,monterrey cheddar 50/50 blend 4/5#
25110,-1,unclustered,0.0,moo shu wrappers(22 pack) golden bowl
190066,-1,unclustered,0.0,morrel ckd beef pot roast
22154,-1,unclustered,0.0,mortadella carando 2/6# 11423
290560,-1,unclustered,0.0,"mortadella pork with pistachio, 5-6#"
362007,-1,unclustered,0.0,moulard duck breast
2208810,-1,unclustered,0.0,mousaka 2/6#
85411,-1,unclustered,0.0,mozarella cheese shredded sk01370b
7019401,-1,unclustered,0.0,mozz brd stick kronos 4/3# 6284
7019404,-1,unclustered,0.0,mozz brd stick panos 4/3#
70194019,-1,unclustered,0.0,mozz brd stick tasty 12#
99126944,-1,unclustered,0.0,mr.dees golden rounds(12-24oz)
99124944,-1,unclustered,0.0,mr.dees hash brown patties(12/31.7oz)
83372,-1,unclustered,0.0,msg (50#) *chef dashi*
83371,-1,unclustered,0.0,msg - ajinomoto 44.1#
83360,-1,unclustered,0.0,msg 50#
83362,-1,unclustered,0.0,msg 50# *vesin* malaysia*
85288,-1,unclustered,0.0,munster cheese 6/5
70194012,-1,unclustered,0.0,mushrm brd panos 12#
31540,-1,unclustered,0.0,mushroom 3 lbs (oyster)
91141,-1,unclustered,0.0,mustard deli syg stl ny 4/1g
91135,-1,unclustered,0.0,mustard delicatessen
84960,-1,unclustered,0.0,mustard flour 25# *hunsty* 21025
50131911,-1,unclustered,0.0,mustard green curly 24ct
91127,-1,unclustered,0.0,mustard salad style woe 4/1g
59552310,-1,unclustered,0.0,mutton 6 way burnt
92003930,-1,unclustered,0.0,"mutton 6 way, beaufort river"
92019980,-1,unclustered,0.0,mutton legs b/in nz
45407,-1,unclustered,0.0,mutton-z legs b/i 44#
45409,-1,unclustered,0.0,mutton-z legs bnls 44#
45411,-1,unclustered,0.0,mutton-z trim
37021212,-1,unclustered,0.0,n
97994,-1,unclustered,0.0,naan garlic kaiser halal
31550,-1,unclustered,0.0,nappa 30#
31551,-1,unclustered,0.0,nappa 40-50#
450210,-1,unclustered,0.0,navarino ground buffalo-2/10#
450004,-1,unclustered,0.0,navarino wisconsin ground elk
20761,-1,unclustered,0.0,navel pastrimi-vennia
10051270,-1,unclustered,0.0,"neckbone beef, aurora"
40103570,-1,unclustered,0.0,"neckbones, pork ibp (30#)"
40101060,-1,unclustered,0.0,"neckbones, pork indiana (30#)"
50009980,-1,unclustered,0.0,"necks, chicken, golden rod (40#)"
50001850,-1,unclustered,0.0,"necks, chicken, harrison (40#)"
50001220,-1,unclustered,0.0,"necks, chicken, pilgrim`s (40#)"
88779,-1,unclustered,0.0,net weight product
99200000,-1,unclustered,0.0,netting #26
19991,-1,unclustered,0.0,new year gift - 2024 head on 40/50 pc
420082,-1,unclustered,0.0,new zealand frenched lamb rack
420014,-1,unclustered,0.0,new zeland b.i.lamb leg
420015,-1,unclustered,0.0,new zeland bnls lamb leg
SPS27832,-1,unclustered,0.0,newlyweds patty season 2024
219102,-1,unclustered,0.0,no desc
NSF,-1,unclustered,0.0,non-sufficient fund
24091,-1,unclustered,0.0,"noodle, broken (small)"
740250,-1,unclustered,0.0,"northwoods 1/4"" diced ham"
920236,-1,unclustered,0.0,nothing but beef patties box
NSF,-1,unclustered,0.0,non-sufficient fund
10253330,-1,unclustered,0.0,"nuckle bones, upper iowa"
207900017,-1,unclustered,0.0,"nugget breast, raw unbrd 8/5 lb"
59124240,-1,unclustered,0.0,"nuggets, breast breaded, lake liner 8/3#"
730442,-1,unclustered,0.0,o mayer sliced turkey/chicken sub kit
84552,-1,unclustered,0.0,o teh teh tapioca boba - 6/5# 32231
621215,-1,unclustered,0.0,o.mayer beef hot dog-8ct-12/15oz
750012,-1,unclustered,0.0,o.mayer sliced cotto salami
73052020,-1,unclustered,0.0,"ocean perch, 2-4ct petes, (10#)"
78274529,-1,unclustered,0.0,"ocean perch, 2-4ct, crystal blue (40#)"
78274759,-1,unclustered,0.0,"ocean perch, 2-4ct, hook & barrel (40#)"
73005809,-1,unclustered,0.0,"ocean perch, 2-4oz,iqf happy s (2/5#)"
78271109,-1,unclustered,0.0,"ocean perch, 4-6ct, crystal blue (40#)"
78284759,-1,unclustered,0.0,"ocean perch, 4-6ct, hook & barrel (40#)"
73075809,-1,unclustered,0.0,"ocean perch, 4-6oz,iqf happy s (2/5#)"
73052463,-1,unclustered,0.0,"ocean perch, 6-8ct, canadian (25#)"
78299983,-1,unclustered,0.0,"ocean perch, 6-8ct, shatter pack"
920290,-1,unclustered,0.0,octoberfest box
620102,-1,unclustered,0.0,octoberfest p/c 3-1 bratwurst
93214,-1,unclustered,0.0,oil corn 35# butcher boy
90025860,-1,unclustered,0.0,"oil fry, butcher boy (35#)"
93282,-1,unclustered,0.0,oil peanut 35# pail
93300,-1,unclustered,0.0,oil veg soy 35# mikes
80296,-1,unclustered,0.0,okra bread 6/2# tasty-z
96314740,-1,unclustered,0.0,"okra cut, mambo (6x2#)"
84680,-1,unclustered,0.0,oliang powder mixed *pantai* green
942190,-1,unclustered,0.0,olympia cooked gyro pieces-10#
710962,-1,unclustered,0.0,om oven rstd trky brst 8/9 oz; 4.5 lb
10365330,-1,unclustered,0.0,"omasum tripe, beef, bf book (20#)"
10369980,-1,unclustered,0.0,"omasum tripe, beef, d & d (22#)"
10363750,-1,unclustered,0.0,"omasum tripe, beef, st. helens"
OA,-1,unclustered,0.0,on account
701747,-1,unclustered,0.0,onion cebollita 42-48 ct
701749,-1,unclustered,0.0,onion cebollita 60 ct
70175012,-1,unclustered,0.0,onion granulated 5#
7017242,-1,unclustered,0.0,onion green med-2# iwd
70175010,-1,unclustered,0.0,onion ground 5#
70173129,-1,unclustered,0.0,onion rng a ding mor-z 12/2#
70179,-1,unclustered,0.0,onion rng brd 3/8 panos-z 4/2.5#
7017451,-1,unclustered,0.0,onion spanish jum 5# split
70101500,-1,unclustered,0.0,orange roughy (retail) 20x12oz seamazz (
620103,-1,unclustered,0.0,organic 8-1 grass fed hot dog-2/5#
23009008,-1,unclustered,0.0,organic chicken breast gerber
340084,-1,unclustered,0.0,organic chix thighs
620134,-1,unclustered,0.0,organic p. bratwurst links
610121,-1,unclustered,0.0,organic p. pork sausage chub
620130,-1,unclustered,0.0,organic p. sliced pepperoni
620131,-1,unclustered,0.0,organic p. sliced smoked ham
620133,-1,unclustered,0.0,organic pr. grass fed hot dog
610181,-1,unclustered,0.0,organic prairie pork bacon
590604,-1,unclustered,0.0,origin iceland 4oz pollock loins-10#
520195,-1,unclustered,0.0,origin iceland 4oz sandwich cut cod-10#
620391,-1,unclustered,0.0,oscar mayer 5-1 all beef hot dog
740718,-1,unclustered,0.0,oscar mayer sliced smoked ham 9/6 oz
610162,-1,unclustered,0.0,oscar meyer turkey bacon 16/12
912801,-1,unclustered,0.0,ostrich ground 2#
75356970,-1,unclustered,0.0,ostrich patties 3/1
912769,-1,unclustered,0.0,ostrich patties 4oz 2#
174050,-1,unclustered,0.0,"out of round, swiss steak, ch, 5oz"
84053,-1,unclustered,0.0,out- beansthread- vermicelli *long kou
16021050,-1,unclustered,0.0,"outside skirt 2pc, heartland (n/r)"
116600002,-1,unclustered,0.0,"outside skirt, mex revuelta"
152100,-1,unclustered,0.0,"outside skirt, peeled, angus, 10oz"
152060,-1,unclustered,0.0,"outside skirt, peeled, angus, 6oz"
150009,-1,unclustered,0.0,"outside skirt, peeled, irish"
16023544,-1,unclustered,0.0,"outside skirts natural, ibp open prairie"
16023365,-1,unclustered,0.0,"outside skirts pld, top shelf (sel)"
150006,-1,unclustered,0.0,"outside skirts, case"
16021214,-1,unclustered,0.0,"outside skirts, creekstone (ch)"
16021002,-1,unclustered,0.0,"outside skirts, greateromaha (cangus)"
16021010,-1,unclustered,0.0,"outside skirts, ibp (ungraded)"
16021013,-1,unclustered,0.0,"outside skirts, ibp star ranch, (ch_angu"
16021874,-1,unclustered,0.0,"outside skirts, nebraska beef (ch)"
16025164,-1,unclustered,0.0,"outside skirts, true west beef (ch)"
16023334,-1,unclustered,0.0,"outside skirts, upper iowa (ch)"
84945,-1,unclustered,0.0,oven & grill cleaner 4/1 - yellow
96775890,-1,unclustered,0.0,"oven rstd turkey, lof delis 8/9oz (4.5#)"
99910522,-1,unclustered,0.0,oversea cap 10/100ct
10421370,-1,unclustered,0.0,"oxlips, evp"
10423760,-1,unclustered,0.0,"oxlips, liffey"
10401010,-1,unclustered,0.0,"oxtails (cut) twin pack, ibp"
10394630,-1,unclustered,0.0,"oxtails select, naeve beef"
10391050,-1,unclustered,0.0,"oxtails, afg (30#)"
10391070,-1,unclustered,0.0,"oxtails, caviness (25#)"
10393690,-1,unclustered,0.0,"oxtails, cryo vac, aurora"
10391870,-1,unclustered,0.0,"oxtails, v. p., nebraska"
10391020,-1,unclustered,0.0,"oxtails, vac pack, national"
10391140,-1,unclustered,0.0,"oxtails, western reserve #000034"
10393760,-1,unclustered,0.0,"oxtails, whole liffey"
80163,-1,unclustered,0.0,oyster 1/2 shell 120 ct + frozen +
83810,-1,unclustered,0.0,oyster sauce *kikkoman* 6/5#
78389980,-1,unclustered,0.0,"oyster, breaded 25-35ct (retail), (5/2#)"
59055218,-1,unclustered,0.0,p
81001,-1,unclustered,0.0,p & d shrimp-ocean garden i.q.f.
530152,-1,unclustered,0.0,p&d 15/20ct tailon shrimp 2#bg
315742,-1,unclustered,0.0,p. label 7 oz iqf b/s breast - 24#
314622,-1,unclustered,0.0,p. label 8 oz iqf b/s breast - 24#
410063,-1,unclustered,0.0,p.label 2oz veal cutlets-10#
9058,-1,unclustered,0.0,packed for lowey foods
203801,-1,unclustered,0.0,pad stainless steel 12ct
99216600,-1,unclustered,0.0,pallet spacer
99900,-1,unclustered,0.0,"pallet wrap 18"" 80 g 1500 ft"
PALLETS,-1,unclustered,0.0,pallets
83630,-1,unclustered,0.0,palm sugar 30x500g - thailand
537452,-1,unclustered,0.0,panamei ckd 16/20ct p&d tail on shrimp
71007,-1,unclustered,0.0,panamei ckd large pcs 10/1#
524369,-1,unclustered,0.0,panamei cod portions-20/1#
71008,-1,unclustered,0.0,panamei cpud 90/110 t/off
596369,-1,unclustered,0.0,panamei lobster meat-10/1#
540320,-1,unclustered,0.0,panamei retail tilapia filets-20/1#
71010,-1,unclustered,0.0,panamei silverside h&g rtl 20/1#
560020,-1,unclustered,0.0,panamei swai filets-20/1#
35020000,-1,unclustered,0.0,pancetta skin off-carando
83380,-1,unclustered,0.0,panda oyster sauce - panda brand
96334740,-1,unclustered,0.0,"pandebono, raw, mambo (8x14.8z)"
50130560,-1,unclustered,0.0,papaya green
99983210,-1,unclustered,0.0,paper 12x18 butcher
99333330,-1,unclustered,0.0,paper plates
99538,-1,unclustered,0.0,paper stk peach 8x30
99526T,-1,unclustered,0.0,paper toilet jumbo 2 ply 9 jrt 402
SP0011,-1,unclustered,0.0,"paper: 5 1/2"""
SP0010,-1,unclustered,0.0,"paper: 5"""
83790,-1,unclustered,0.0,paprika dry whole (guajillo) 25#
22080234,-1,unclustered,0.0,paprika grnd 5#
22080236,-1,unclustered,0.0,paprika grnd 50#
83793,-1,unclustered,0.0,paprika powder - 5# each
85164,-1,unclustered,0.0,paratha jumbo family
85237,-1,unclustered,0.0,parmesan cheese grated 4x5#
31620,-1,unclustered,0.0,parsley
31619,-1,unclustered,0.0,parsley 60ct
50138108,-1,unclustered,0.0,parsley curly 30ct
371225,-1,unclustered,0.0,"party wings, iqf, empire kosher"
370004,-1,unclustered,0.0,"party wings, raw, iqf, sunland"
80590005,-1,unclustered,0.0,pasta noodle 1/4-in 10#
80590020,-1,unclustered,0.0,pasta orzo 10# misko
150010,-1,unclustered,0.0,"pastrami flats, ckd, p.label"
220101,-1,unclustered,0.0,pastrami mrs flat halves
22010V,-1,unclustered,0.0,pastrami vie navel ny dbl 30% 30#
91090115,-1,unclustered,0.0,pastry baklava clsc 2/36ct kro
91090119,-1,unclustered,0.0,pastry baklava kontos 2/36ct-z
13ND263,-1,unclustered,0.0,pate tem chk liver brandy 12/6-oz
13ND261,-1,unclustered,0.0,pate tem chk liver classic 12/6-oz
13ND262,-1,unclustered,0.0,pate tem chk liver truffle 12/6-oz
66004310,-1,unclustered,0.0,"patellas, turkey (kneecap), michigan 40#"
59014240,-1,unclustered,0.0,"patties, breaded chicken lake liner 8/3#"
59019980,-1,unclustered,0.0,"patties, breast, breaded chicken (20#)"
357112,-1,unclustered,0.0,pc- jelly american flv 200 cou
36,-1,unclustered,0.0,peach paper
85220,-1,unclustered,0.0,peaches sliced *din how* 12013
31041,-1,unclustered,0.0,pear - green <case> 12 count
901610,-1,unclustered,0.0,pears in light syrup-6/#10 cans
85020,-1,unclustered,0.0,dutch farms mild cheddar minihorn 12#
13073693,-1,unclustered,0.0,"pectoral meat, aurora (ch_angus)"
13073390,-1,unclustered,0.0,"pectoral meat, black mountain"
13071211,-1,unclustered,0.0,"pectoral meat, creekstone (prime)"
31630,-1,unclustered,0.0,peeled garlic (4 jars x 5#)
34232635,-1,unclustered,0.0,peer boneless mini ham 3-4# 32674
34232655,-1,unclustered,0.0,peer boneless mini ham 6-7#
31645,-1,unclustered,0.0,pepper - habanero chili fresh 2# bg
941204,-1,unclustered,0.0,pepper blk granulated bulk 5#
22080178,-1,unclustered,0.0,pepper blk grnd 5# box
22080195,-1,unclustered,0.0,pepper blk grnd 5# plastic cont
22080222,-1,unclustered,0.0,pepper cayenne sauce
31642,-1,unclustered,0.0,pepper chile anaheim 20#
50152,-1,unclustered,0.0,pepper chile morita 5#
31680,-1,unclustered,0.0,pepper chili poblano
50140,-1,unclustered,0.0,imitation breaded scallops
50146,-1,unclustered,0.0,pepper hispanic serrano 35#
501385,-1,unclustered,0.0,pepper jalapeno green 5# split
84150,-1,unclustered,0.0,pepper pulla dry 25#
40171010,-1,unclustered,0.0,pepper red crushed 4#
90526012,-1,unclustered,0.0,pepper sport mild 4/1 gal
90527,-1,unclustered,0.0,pepperoncini 4/1 gal
90527465,-1,unclustered,0.0,pepperoncini pail 25#
38782500,-1,unclustered,0.0,"pepperoni sandwich 3"""
38146235,-1,unclustered,0.0,pepperoni sliced margarita 12.5 # bag
38782501,-1,unclustered,0.0,pepperoni stickfor pizza
78282829,-1,unclustered,0.0,"perch fillet, skin/on sea best (12/1#)"
78284360,-1,unclustered,0.0,"perch, fil 4oz, ivp rtl panamei 20/1#"
360705,-1,unclustered,0.0,perdue 34705 whole chickens
390423,-1,unclustered,0.0,perdue breaded ckn nugget 8/24oz - 83423
23147745,-1,unclustered,0.0,perdue ckd steamed party wings
390471,-1,unclustered,0.0,perdue crispy ckn strips 8/26oz - 83471
22610800,-1,unclustered,0.0,perdue fully cooked 8 pc dinner-15 lb.cs
390269,-1,unclustered,0.0,perdue ground chicken-2# trays
610009,-1,unclustered,0.0,perdue turkey sausage links
211022,-1,unclustered,0.0,perdue whole leg
398411,-1,unclustered,0.0,pheasant bnls skin on breast-8-10oz
76127842,-1,unclustered,0.0,pheasant breast b/out
389354,-1,unclustered,0.0,pheasant leg quarters
76111000,-1,unclustered,0.0,pheasant mature whole
451034,-1,unclustered,0.0,pheasant sausage w/brandy-5-1
76127841,-1,unclustered,0.0,pheasant thigh boneless
19250,-1,unclustered,0.0,pheasant whl-z 3.50# 7 ct avg
350354,-1,unclustered,0.0,"pheasant, 2-2.5# average"
20489,-1,unclustered,0.0,philly cheese chicken brat 3/1 r953
18030762,-1,unclustered,0.0,philly quaker(12-9oz)
170861,-1,unclustered,0.0,chk-ff-z sp br bs ran# 8/3##
PICKUP,-1,unclustered,0.0,pick up product
PICKUP,-1,unclustered,0.0,pick up product
91149,-1,unclustered,0.0,pickle *** dil chip 1 gal
91148468,-1,unclustered,0.0,pickle hlv sour whl
31004000,-1,unclustered,0.0,picnic ham skin on
48041530,-1,unclustered,0.0,"picnic shanks,(hocks) pork tri-eagle"
190930,-1,unclustered,0.0,pierre 3oz ckd beef patty-10#
190540,-1,unclustered,0.0,pierre 4oz cooked beef patties-10#
900046,-1,unclustered,0.0,pierre rtc country fried steak
20400,-1,unclustered,0.0,pig split
39000305,-1,unclustered,0.0,pig tails
20402,-1,unclustered,0.0,pig whole small bbq 20/30lb 1 piece
280018,-1,unclustered,0.0,pigs feet cut up
280017,-1,unclustered,0.0,"pigs feet, 40#"
83501,-1,unclustered,0.0,pineapple juice (jugo) 12/46 oz*
20486,-1,unclustered,0.0,"pineapple teriyaki brat 7"" rpc495"
96531249,-1,unclustered,0.0,pineapple upsidedown chudleigh
84950,-1,unclustered,0.0,pink detergent (tub) - super pink
420180,-1,unclustered,0.0,pinn oak 8oz lamb t-bone chop
420010,-1,unclustered,0.0,lamb shoulder boneless
84050,-1,unclustered,0.0,pinto beans triple cleaned 50#/bag
90907,-1,unclustered,0.0,"pita greek olympia 12/10pc 7"" halal"
501572,-1,unclustered,0.0,pitaya 20#
9524009,-1,unclustered,0.0,pizza crust thin-z 30/14
9524008,-1,unclustered,0.0,pizza crust-z 20/16
290019,-1,unclustered,0.0,pizza meat ground 10# bag
47264,-1,unclustered,0.0,pizza pattie breaded 40/4oz
SP1052,-1,unclustered,0.0,pizza puff
SP1053,-1,unclustered,0.0,pizza-sausage indiv * 60/cs *
10271050,-1,unclustered,0.0,"pizzle steer, beef, afg #30"
10271080,-1,unclustered,0.0,"pizzle steer, beef, liffey"
21851,-1,unclustered,0.0,pk bellies skinless sheet rib swift
21863,-1,unclustered,0.0,pk skinless belly sheet half **
31101,-1,unclustered,0.0,plantain
84120,-1,unclustered,0.0,plastic - knife <cuchillo>
87000,-1,unclustered,0.0,plastic 1-comp 8x6 mc6330b
87010,-1,unclustered,0.0,plastic 2-comp 8x6 pl-288 b
84100,-1,unclustered,0.0,plastic fork 1000 pc [tenedores]
84101,-1,unclustered,0.0,plastic forks 600pc
84140,-1,unclustered,0.0,plastic soup spoon (cuchara)
84102,-1,unclustered,0.0,plastic soup spoons - 600 pcs
87525,-1,unclustered,0.0,plastic- fh 525 sushi container 6x9
99529,-1,unclustered,0.0,plates foam 9-in 4/125 ct 9prwcr
COLLECT,-1,unclustered,0.0,please pick up check
91200,-1,unclustered,0.0,plum blossom shaped dumpling (e-12)
83530,-1,unclustered,0.0,plum in brine *koon chun* glass btl
PO,-1,unclustered,0.0,po # -
96715620,-1,unclustered,0.0,"polish bb hearty sge,butterball,12/12 oz"
SP709,-1,unclustered,0.0,polish sausage - beef leons
97715830,-1,unclustered,0.0,"polish sausage rope, motor city (2 lbs)"
97484780,-1,unclustered,0.0,polks ham steaks
97485780,-1,unclustered,0.0,polks red hot link saus(6-2lb)
97495780,-1,unclustered,0.0,polksbrown hot link saus(6-2lb)
78915829,-1,unclustered,0.0,"pollock fillet, snls sea best (12/1#)"
78329989,-1,unclustered,0.0,"pollock salted - bacalao, buena ven 20/1"
78324369,-1,unclustered,0.0,"pollock, fil slt bnls, panamei (20/1#)"
78724369,-1,unclustered,0.0,"pollock, fil slt bnls, panamei (5/4#)"
78801649,-1,unclustered,0.0,"pollock, sltd 16-20"", bone/in large (50)"
78811649,-1,unclustered,0.0,"pollock, sltd 21"" +, bone/in jumbo (50#)"
78821649,-1,unclustered,0.0,"pollock, sltd, boneless wood large (40#)"
96675620,-1,unclustered,0.0,"polska sge fully ckd,16/13z,butterb(13#)"
994036,-1,unclustered,0.0,poly box liner 26 x 21 x 30 blue
38,-1,unclustered,0.0,poly sleaves
24770,-1,unclustered,0.0,pork & veg. gyoza 4/2# *cj*
20026,-1,unclustered,0.0,pork al pastor meat marinated 2x5lb
46089980,-1,unclustered,0.0,butt boston bone in combo pork
46089990,-1,unclustered,0.0,"butt bone in, moesle (70#)"
20070,-1,unclustered,0.0,pork b/i shoulder butts frozen
SP2302,-1,unclustered,0.0,pork baby back ribs 2 dn*
1317877,-1,unclustered,0.0,pork back rib 2up# smf 30#-z
13175B,-1,unclustered,0.0,pork back rib ami 1.75- 6-ivp-z
13170206,-1,unclustered,0.0,pork back rib crk 2.50+ #18141-z
1316410,-1,unclustered,0.0,pork back rib hml 2.00- #2 30#-z
13170997,-1,unclustered,0.0,pork back rib ind vp19919 #2 unp r
13170994,-1,unclustered,0.0,pork back rib ind vp19919 #2 unp-z
131466,-1,unclustered,0.0,pork back rib ind-2.25-2.5 unp913-z
13142,-1,unclustered,0.0,pork back rib wic 1.25- 33# r
13176,-1,unclustered,0.0,pork back rib wic 2.00- le-z
13170172,-1,unclustered,0.0,pork back rib wic miscuts 30#-z
13172,-1,unclustered,0.0,pork back rib wic portions4-6# 30#
250350,-1,unclustered,0.0,"pork back rib xtra meaty, smithfield"
24450,-1,unclustered,0.0,pork backfat skin on sioux preme 50#
20271,-1,unclustered,0.0,pork backfat skinless altosano
37080202,-1,unclustered,0.0,pork bacon ends and pieces
21870,-1,unclustered,0.0,pork bellies skin-on ~spring hill~
21864,-1,unclustered,0.0,pork bellies skinless - *poland*
21800,-1,unclustered,0.0,pork bellies skinless seaboard 9/11
21861,-1,unclustered,0.0,pork bellies skinless ~swift~ 45615
230001,-1,unclustered,0.0,pork belly fresh rind off
230003,-1,unclustered,0.0,pork belly fresh rind on
22230,-1,unclustered,0.0,pork belly skin no 12d *supreme*
21820,-1,unclustered,0.0,pork belly skin on #2 - sioux preme
21880,-1,unclustered,0.0,pork belly skin on *spring hill*
21840,-1,unclustered,0.0,pork belly skin on +swift+
21830,-1,unclustered,0.0,pork belly skin-on - costa brava
21832,-1,unclustered,0.0,pork belly skin-on - patel
1305456,-1,unclustered,0.0,pork belly skin-on com 6/4.6# 45610
43001190,-1,unclustered,0.0,belli skin on combo pork
21831,-1,unclustered,0.0,pork belly skin-on sheet rib*swift*
13050782,-1,unclustered,0.0,pork belly skin-on spx
130504,-1,unclustered,0.0,pork belly skin-on wic
43019990,-1,unclustered,0.0,"belli skinless trimmed, pork, moesle"
43011190,-1,unclustered,0.0,"belli skinless, combo pork"
130502PE,-1,unclustered,0.0,pork belly skls ~m fed 4ct
230007,-1,unclustered,0.0,"pork belly slice rind on, 1.5""x3mm"
13050188,-1,unclustered,0.0,pork belly sng/rib skls ind26313
13050189,-1,unclustered,0.0,pork belly sng/rib skls peo
230002,-1,unclustered,0.0,"pork belly sous vide, hillshire"
39000390,-1,unclustered,0.0,pork belly trimmings
130508,-1,unclustered,0.0,pork belly-z skin-on wic
13050127,-1,unclustered,0.0,pork belly-z skin-on-rib-on com 3p
13050568,-1,unclustered,0.0,pork belly skls com sqc cut1/3rd 6p
13050189,-1,unclustered,0.0,pork belly sng/rib skls peo
20105,-1,unclustered,0.0,pork bnls loin strap on smithfield
20238,-1,unclustered,0.0,pork bone femur split <127120> cw
13230,-1,unclustered,0.0,pork bones back gp
40181960,-1,unclustered,0.0,"bones edible, pork (10# bag)"
13209,-1,unclustered,0.0,pork bones femur cut *__-z 22#
13209F,-1,unclustered,0.0,pork bones femur cut com-z 22#
40189960,-1,unclustered,0.0,"bones inedible combo, pork"
280200,-1,unclustered,0.0,"pork bones neck, 20#bx"
20343,-1,unclustered,0.0,pork brains
20344,-1,unclustered,0.0,pork brains tub 12/1#
SP218,-1,unclustered,0.0,pork breaded fritter 3.2 oz
SP2181,-1,unclustered,0.0,pork breaded steak 85/pc 4oz
20570,-1,unclustered,0.0,pork brisket bone ibp rib tips
SP221,-1,unclustered,0.0,pork brt loin
132217,-1,unclustered,0.0,pork bung-z 30#
20630,-1,unclustered,0.0,pork bungs inverted 22#
46099990,-1,unclustered,0.0,"butt boneless, (poly), moesle"
260109,-1,unclustered,0.0,pork butt bi-creekstone
31002000,-1,unclustered,0.0,pork butt bone in 8 pc /cs 2 per pkg.
260009,-1,unclustered,0.0,"pork butt boned & defat, gw"
260002,-1,unclustered,0.0,"pork butt boned & defat, net weight"
124578,-1,unclustered,0.0,pork butt boneless pinned-2x
260007,-1,unclustered,0.0,"pork butt boneless, gwt"
260003,-1,unclustered,0.0,"pork butt boneless, net weight"
20051,-1,unclustered,0.0,pork butt ct seaboard
260004,-1,unclustered,0.0,"pork butt trim, cellar"
260006,-1,unclustered,0.0,"pork butt, 4-8#"
260008,-1,unclustered,0.0,"pork butt, 60#ave cs lot"
260005,-1,unclustered,0.0,"pork butt, heritage berkshire"
34500009,-1,unclustered,0.0,pork canned ham 5# 6/5#
39000030,-1,unclustered,0.0,pork casings-32-35mm pre flushed
39000040,-1,unclustered,0.0,pork caul fat
39000050,-1,unclustered,0.0,pork cheek meat fresh
13220,-1,unclustered,0.0,pork cheek meat ~market 10#
132995,-1,unclustered,0.0,pork cheek meat-z com42995 2/5#
40269980,-1,unclustered,0.0,pork chicharron prensado
21114,-1,unclustered,0.0,pork chitterlings
13216C,-1,unclustered,0.0,pork chitterlings-z
1321621,-1,unclustered,0.0,pork chitterlings-z 6/10#
9120944,-1,unclustered,0.0,pork chop bi rib frc
9120922,-1,unclustered,0.0,pork chop bi rib frc duroc
13329010,-1,unclustered,0.0,pork chop bicc 1.0-in ee 10#
133278,-1,unclustered,0.0,pork chop bicc00s frc toma
1332878,-1,unclustered,0.0,pork chop bicc08s 10# 16/2pc-vp
13327,-1,unclustered,0.0,pork chop bicc10s frc ivp
1332899,-1,unclustered,0.0,pork chop bicc14s frc 10# ivp
13328880,-1,unclustered,0.0,pork chop bicc16s
13328890,-1,unclustered,0.0,pork chop bicc16s 2b-frc dur
133292,-1,unclustered,0.0,pork chop bicc16s frc10#
1332920,-1,unclustered,0.0,pork chop bnl cc08s ivp 20ct 10#
33716001,-1,unclustered,0.0,"pork chop bone in 3/4"""
33721215,-1,unclustered,0.0,pork chop bone out 16 oz
207900016,-1,unclustered,0.0,pork chop boneless fzn
240069,-1,unclustered,0.0,"pork chop boneless w/pocket, 6oz"
240681,-1,unclustered,0.0,"pork chop boneless, o. prairie, 2pc"
240104,-1,unclustered,0.0,"pork chop cc w/pocket, 10oz"
240074,-1,unclustered,0.0,"pork chop cc w/pocket, 7oz"
SP213,-1,unclustered,0.0,pork chop end to end 5 oz
240008,-1,unclustered,0.0,"pork chop frenched, kurobuta"
240056,-1,unclustered,0.0,"pork chop from whole loi, 5oz"
240087,-1,unclustered,0.0,"pork chop from whole loi, 8oz"
240078,-1,unclustered,0.0,"pork chop loin chn/off, 7oz"
13334016,-1,unclustered,0.0,pork chop-z bi ribeye12s com
1302614,-1,unclustered,0.0,pork chop-z bnl 08s com-fmc 2/8#-vp
1364335,-1,unclustered,0.0,pork chop-z-da com ribeye10s 16p
13066100,-1,unclustered,0.0,pork chop-z-da com ribeye12s 14p
290200,-1,unclustered,0.0,"pork chops bnls, thomas, 14/2oz"
240100,-1,unclustered,0.0,"pork chops cc, 10oz"
292200,-1,unclustered,0.0,"pork chops ribeye, thomas"
13212101,-1,unclustered,0.0,pork ckd leaf lard-z 30# andy
39101000,-1,unclustered,0.0,pork collar boneless
21000,-1,unclustered,0.0,pork cushion meat - frozen
39000355,-1,unclustered,0.0,pork cushion meat 95% lean
290236,-1,unclustered,0.0,pork cushions
SP219,-1,unclustered,0.0,pork diced
31030002,-1,unclustered,0.0,pork diced 1-1/2 x 1-1/cvp 10lb
13208202,-1,unclustered,0.0,pork diced-z fmc 10#
20240,-1,unclustered,0.0,pork ears //ibp// 22.1# raw+edible
20241,-1,unclustered,0.0,pork ears seaboard
132097,-1,unclustered,0.0,pork ears-z com42997 4/5#
39009000,-1,unclustered,0.0,pork espinasos no skin
33040005,-1,unclustered,0.0,pork fahita
1321993,-1,unclustered,0.0,pork fat caul-z com42993 10#
132131,-1,unclustered,0.0,pork fat caul-z ~market 10#
13214,-1,unclustered,0.0,pork fat ground ~market 25#
13212,-1,unclustered,0.0,pork fat leaf lard-z com 42989 2/5#
40079990,-1,unclustered,0.0,"feet front, moesle (40#)"
132081,-1,unclustered,0.0,pork feet front -z com skn-on 30#
13208,-1,unclustered,0.0,pork feet front -z ind 30# 14002
13208887,-1,unclustered,0.0,pork feet front -z sea
13208CU,-1,unclustered,0.0,pork feet front -z-cut4-way 30#
40071190,-1,unclustered,0.0,"front feet, combo pork"
1320814,-1,unclustered,0.0,pork feet front >cut
13208124,-1,unclustered,0.0,pork feet front long-licones *_
13208885,-1,unclustered,0.0,pork feet front peo
132085,-1,unclustered,0.0,pork feet hind-z ind 03802
39000081,-1,unclustered,0.0,pork feet salted
39000129,-1,unclustered,0.0,pork for al pastor
920245,-1,unclustered,0.0,pork for days
39000126,-1,unclustered,0.0,"pork for for kabob 1 1/4"" x 1 1/4"""
39000110,-1,unclustered,0.0,pork for stewing
39000125,-1,unclustered,0.0,"pork for tacos diced 1/4"" x 1/4"""
20251,-1,unclustered,0.0,pork front feet keken
13202661,-1,unclustered,0.0,pork grnd -z com coarse78% 661 4/5#
1234567,-1,unclustered,0.0,pork grnd fmc-shld-course 10#-vp
1234567,-1,unclustered,0.0,pork grnd fmc-shld-course 10#-vp
SP225,-1,unclustered,0.0,pork ground
36200000,-1,unclustered,0.0,pork ground coarse
36111000,-1,unclustered,0.0,pork ground fine 90% lean
38121000,-1,unclustered,0.0,pork ground fine fresh
38121003,-1,unclustered,0.0,pork ground fine patties 3/1
290231,-1,unclustered,0.0,"pork ground lean, 5# bag"
290505,-1,unclustered,0.0,"pork ground, 50/50"
290805,-1,unclustered,0.0,"pork ground, organic prairie, 8/1#"
34202710,-1,unclustered,0.0,pork ham -3x3
41102430,-1,unclustered,0.0,ham bone in skin-off
41159980,-1,unclustered,0.0,"ham skin-off, 23/27# combo pork"
41113570,-1,unclustered,0.0,"ham skin-on, 23/27# pork combo ibp"
130032,-1,unclustered,0.0,pork ham bi skn-on peo 1p
1300390,-1,unclustered,0.0,pork ham bi skn-on-400# barrel
13003,-1,unclustered,0.0,pork ham bi skn-on-handle-on ~m
41219980,-1,unclustered,0.0,"ham boneless, bulk combo pork"
41211110,-1,unclustered,0.0,ham boneless (poly) boxed moesle
1301310,-1,unclustered,0.0,pork ham bnl s/on-combo ind
13006D,-1,unclustered,0.0,pork ham bnl skn-on peo
130060,-1,unclustered,0.0,pork ham bnl skn-on pp
13004104,-1,unclustered,0.0,pork ham bnl-tip/knuckl 10# fm
13004103,-1,unclustered,0.0,pork ham bnl-tip/knuckl 10#-z peo
34202504,-1,unclustered,0.0,pork ham boiled 4x6
34214354,-1,unclustered,0.0,pork ham bone in hoffmiester
34123654,-1,unclustered,0.0,pork ham boneless applewood smoked
40189990,-1,unclustered,0.0,"ham bones, pork moesle"
34314079,-1,unclustered,0.0,pork ham bonless mickelberry
34457200,-1,unclustered,0.0,pork ham hock 4#
34405300,-1,unclustered,0.0,pork ham hocks 2lb. each
41272080,-1,unclustered,0.0,"pork ham hocks, dekalb"
41472080,-1,unclustered,0.0,"pork ham hocks, skin-on dekalb"
41372080,-1,unclustered,0.0,"pork ham hocks, special dekalb"
34672208,-1,unclustered,0.0,pork ham honey cured smoked
34751240,-1,unclustered,0.0,pork ham insides cap on
34350000,-1,unclustered,0.0,pork ham insides cap-off
34391509,-1,unclustered,0.0,pork ham krakus
34400009,-1,unclustered,0.0,pork ham leg cap muscle
34890100,-1,unclustered,0.0,pork ham log for slicing
34955507,-1,unclustered,0.0,pork ham master carve
34260807,-1,unclustered,0.0,pork ham mini boneless 3/4 lb. ea.
34676565,-1,unclustered,0.0,pork ham natural -2/6# cs
41149980,-1,unclustered,0.0,"ham skin-on, (boxed)"
34207709,-1,unclustered,0.0,pork ham semi boneless-4pc cs
41229980,-1,unclustered,0.0,"ham semi boneless 14/27, combo pork"
34455500,-1,unclustered,0.0,pork ham serrano
13136985,-1,unclustered,0.0,pork ham shank s/on french
13135777,-1,unclustered,0.0,pork ham shank s/on-osso*
34457819,-1,unclustered,0.0,pork ham smoked honey fully cooked
34924889,-1,unclustered,0.0,pork ham steak bone in 5oz
34924888,-1,unclustered,0.0,pork ham steak sugardale
40149980,-1,unclustered,0.0,"ham skin, w/fat cuero de pierna"
34410108,-1,unclustered,0.0,pork ham whole mickleberry
20420,-1,unclustered,0.0,pork heads 3pc
20280,-1,unclustered,0.0,pork heart 60#
19100001,-1,unclustered,0.0,pork hearts
13209I,-1,unclustered,0.0,pork hearts-z ~m 25#
34405911,-1,unclustered,0.0,"pork hock 1 1/2"" thick"
220160,-1,unclustered,0.0,pork hock 8-16oz cs lot
34405910,-1,unclustered,0.0,pork hock with foot whole
220160,-1,unclustered,0.0,pork hock 8-16oz cs lot
41271530,-1,unclustered,0.0,pork hocks cut
SP252,-1,unclustered,0.0,pork hocks fresh
41279990,-1,unclustered,0.0,"pork hocks s/off, cut, moesle"
13136,-1,unclustered,0.0,pork hocks shldr *
13138,-1,unclustered,0.0,pork hocks shldr-z peo
20261,-1,unclustered,0.0,pork hocks skin-on //ibp// fzn
41272010,-1,unclustered,0.0,"pork hocks, dekalb/morris"
41274160,-1,unclustered,0.0,"pork hocks, peoria"
41273350,-1,unclustered,0.0,"pork hocks, pork swift (30#)"
41271920,-1,unclustered,0.0,"pork hocks, prestage"
41279980,-1,unclustered,0.0,"pork hocks, skin off"
292258,-1,unclustered,0.0,pork iberico secreto
20530,-1,unclustered,0.0,pork inverted rectums *ibp*
39000970,-1,unclustered,0.0,pork jowl
139282,-1,unclustered,0.0,pork jowls skl ~m 30#
21141,-1,unclustered,0.0,pork jowls smoked 30#
13945628,-1,unclustered,0.0,pork jowls-z skl com45628 6/6#
31020000,-1,unclustered,0.0,pork julienne strips frz
39000140,-1,unclustered,0.0,pork kc wings
20310,-1,unclustered,0.0,pork kidney *ibp*
34935610,-1,unclustered,0.0,pork knuckles
20490,-1,unclustered,0.0,pork lard 50# butcher boy
34000000,-1,unclustered,0.0,pork legs bnls ham
39000112,-1,unclustered,0.0,pork liver 1.5 # pack cvp
13216P,-1,unclustered,0.0,pork liver ~market
1325,-1,unclustered,0.0,pork liver-z com 10#
20510,-1,unclustered,0.0,pork livers ibp 60#
33018222,-1,unclustered,0.0,pork loin 18-22---- chine off
33018220,-1,unclustered,0.0,pork loin 18-22----15502
33018221,-1,unclustered,0.0,pork loin 18/22
33030000,-1,unclustered,0.0,pork loin b/out strap/on
32100134,-1,unclustered,0.0,pork loin back ribs frozen 1 3/4
32000210,-1,unclustered,0.0,pork loin back ribs frozen 2.25 down
32840000,-1,unclustered,0.0,pork loin back ribs frozen 4pc
1305682,-1,unclustered,0.0,pork loin bi m1/4t ran
13056045,-1,unclustered,0.0,pork loin bi m>??00
13056066,-1,unclustered,0.0,pork loin bi m>cbo-gw
13076,-1,unclustered,0.0,pork loin bi- rib-belly ~mrkt
130769,-1,unclustered,0.0,pork loin bi- skin-on
13066S1,-1,unclustered,0.0,pork loin bi-cc s/on *__
13066067,-1,unclustered,0.0,pork loin bi-cc to 10r ami-40275
13066458,-1,unclustered,0.0,pork loin bi-cc->ee00 iwp gw
1306619,-1,unclustered,0.0,pork loin bi-cc-cr 11r-lb-com-son
13069044,-1,unclustered,0.0,pork loin bi-cc-cr-da 11r com r
13184,-1,unclustered,0.0,pork loin bnl ca ami41220 5-9 8p
13073,-1,unclustered,0.0,pork loin bnl cc-str-on iow 6/9.5#
13188,-1,unclustered,0.0,pork loin bnl s/off ami
13084212,-1,unclustered,0.0,pork loin bnl strip str/off com
1307291,-1,unclustered,0.0,pork loin bnl w/belly s/on
1307290,-1,unclustered,0.0,pork loin bnl w/belly skl
13191,-1,unclustered,0.0,pork loin bnl whl s/on
20104,-1,unclustered,0.0,pork loin bnls (strap-off) //ibp//
SP223,-1,unclustered,0.0,pork loin bnls cc strap on*
20106,-1,unclustered,0.0,pork loin bnls center cut st-on seaboard
240750,-1,unclustered,0.0,"pork loin bone in, 75#ave, 14/17# cs lot"
21112,-1,unclustered,0.0,pork loin bone-in center cut smithfield
20115,-1,unclustered,0.0,pork loin bone-in frozen
39090000,-1,unclustered,0.0,pork loin boneless frozen
33040000,-1,unclustered,0.0,pork loin boneless strap off
240007,-1,unclustered,0.0,boneless pork loin-canadian s
33110000,-1,unclustered,0.0,pork loin cc b/in tender/in
240109,-1,unclustered,0.0,"pork loin cc bnls, case lot-creekstone"
33158000,-1,unclustered,0.0,pork loin cc t/i 8oz
240003,-1,unclustered,0.0,"pork loin cc, case lot"
240103,-1,unclustered,0.0,"pork loin cc, case lot-creekstone"
240004,-1,unclustered,0.0,"pork loin cc, cut up"
33410001,-1,unclustered,0.0,pork loin chine off-t/out b/in prime ber
33018201,-1,unclustered,0.0,"pork loin chop 1"" end to end"
33701650,-1,unclustered,0.0,pork loin chop 12oz
33170140,-1,unclustered,0.0,pork loin chop 14oz
33018234,-1,unclustered,0.0,"pork loin chop 3/4"" end to end"
33021000,-1,unclustered,0.0,pork loin chop b/out 10 oz
33028000,-1,unclustered,0.0,pork loin chop b/out 8oz
33028500,-1,unclustered,0.0,pork loin chop b/out 8oz with pocking fo
33716650,-1,unclustered,0.0,"pork loin chop bone in 1/2"""
33990002,-1,unclustered,0.0,pork loin chop bone in c/c
33726010,-1,unclustered,0.0,pork loin chop boneless c/c6 pc- 6oz cvp
33721200,-1,unclustered,0.0,pork loin chop cc 12oz bnls
33960000,-1,unclustered,0.0,pork loin chop end to end frozen
33726252,-1,unclustered,0.0,pork loin chops boneless 12 oz
33726250,-1,unclustered,0.0,"pork loin chops boneless cut 1/4"" thick"
240009,-1,unclustered,0.0,pork loin crown roast
240171,-1,unclustered,0.0,"pork loin cut up, 14/17#"
33210000,-1,unclustered,0.0,pork loin end cut b/in
13011,-1,unclustered,0.0,pork loin end sirl-bi ami-41100
33320000,-1,unclustered,0.0,pork loin end to end b/out
13017971,-1,unclustered,0.0,pork loin end-rib bnl gp
131102,-1,unclustered,0.0,pork loin end-rib bnl ibp- vp
240006,-1,unclustered,0.0,pork loin frenched
240147,-1,unclustered,0.0,"pork loin meat type, 14-17#"
1305010,-1,unclustered,0.0,pork loin mid-sec-bnl * mkt
13012098,-1,unclustered,0.0,pork loin mid-sec-bnl *__
240005,-1,unclustered,0.0,"pork loin p/c, dan prize"
20002,-1,unclustered,0.0,pork loin rib chops 2 lb. ea.
250300,-1,unclustered,0.0,"pork loin rib pcs, 30#cs"
250225,-1,unclustered,0.0,"pork loin rib, 2.25# & up"
240095,-1,unclustered,0.0,pork loin roast ranch cooked
21115,-1,unclustered,0.0,pork loin smoked boneless 2pc case
39909000,-1,unclustered,0.0,pork loin sow trimmings frozen
240001,-1,unclustered,0.0,"pork loin top bone-in, heritage berk"
240017,-1,unclustered,0.0,"pork loin, frozen s-off, swift 1/3rd cut"
13073A,-1,unclustered,0.0,pork loin-z bnl brt ami
13084212,-1,unclustered,0.0,pork loin bnl strip str/off com
1301058,-1,unclustered,0.0,pork loin-z bnl str-on 6p
130813,-1,unclustered,0.0,pork loin-z bnl str-on ibp
130812,-1,unclustered,0.0,pork loin-z bnl str-on smf
1301806,-1,unclustered,0.0,pork loin-z end sirl bnl prm
13011786,-1,unclustered,0.0,pork loin-z end sirl-bi amity
33027500,-1,unclustered,0.0,pork loins brt b/out
240026,-1,unclustered,0.0,"pork loins frozen cc boneless, 1/2 cut"
33026500,-1,unclustered,0.0,pork loins smoked boneless
39000180,-1,unclustered,0.0,pork neck bones smoked
13209128,-1,unclustered,0.0,pork neckbones meaty *__
40409980,-1,unclustered,0.0,neckbone combo pork
39000190,-1,unclustered,0.0,pork osso bucco 16oz s/off
39000933,-1,unclustered,0.0,pork osso bucco shank 6/3.3# average
39000200,-1,unclustered,0.0,pork pate
39000210,-1,unclustered,0.0,pork pectoral muscles boneless
31003000,-1,unclustered,0.0,pork picnic bone in skin on
34751220,-1,unclustered,0.0,"pork picnic ham sliced 1 1/4"""
270002,-1,unclustered,0.0,pork picnic shank bone-in
270001,-1,unclustered,0.0,pork picnic trim boneless
SP2412,-1,unclustered,0.0,pork pigs feet - split
290208,-1,unclustered,0.0,"pork porhs style bi cc, 20/8oz"
34664021,-1,unclustered,0.0,pork prosciutto boneless
34200010,-1,unclustered,0.0,pork prosciutto carando
SP10055,-1,unclustered,0.0,pork pulled - raw
SP10052,-1,unclustered,0.0,pork pulled - smoked 32lb/cs
39630716,-1,unclustered,0.0,pork pulled cooked -5 lb tub
20815,-1,unclustered,0.0,pork rib baby back honey bbq
20130,-1,unclustered,0.0,pork rib baby back ibp
250255,-1,unclustered,0.0,pork rib baby back slab
33010000,-1,unclustered,0.0,pork rib bellies b/in
35213905,-1,unclustered,0.0,pork rib belly s/on bone in cubes
250101,-1,unclustered,0.0,"pork rib chop cc, 10oz"
32113160,-1,unclustered,0.0,"pork rib chop single bone 1-3"" 16oz fren"
250560,-1,unclustered,0.0,"pork rib country style boneless, 5-6z"
250051,-1,unclustered,0.0,"pork rib country style, 5oz"
250006,-1,unclustered,0.0,pork rib end boneless
32300000,-1,unclustered,0.0,pork rib ends b/out amity
32440000,-1,unclustered,0.0,pork rib loin b/intender out f-off
32430000,-1,unclustered,0.0,pork rib loin rack frenched chine off
32330010,-1,unclustered,0.0,pork rib loin racks frenched chine off
250022,-1,unclustered,0.0,"pork rib peeled, amity, 2#dn"
207900042,-1,unclustered,0.0,pork rib shape patties 60ct
250330,-1,unclustered,0.0,"pork rib st louis, premium, iowa"
32850000,-1,unclustered,0.0,pork rib tips amity
32860000,-1,unclustered,0.0,pork rib tips smoked
32870000,-1,unclustered,0.0,pork rib tips wide
32790030,-1,unclustered,0.0,pork rib z-15lb cs
250007,-1,unclustered,0.0,"pork rib, prime, kurobuta"
20460,-1,unclustered,0.0,pork riblets 10# - ibp
13190AM,-1,unclustered,0.0,pork riblets ami 40050 30# r
32500002,-1,unclustered,0.0,pork riblets amity
32500000,-1,unclustered,0.0,pork riblets bnls fresh
13192AM,-1,unclustered,0.0,pork riblets-z ami 40050 30#
20600,-1,unclustered,0.0,pork ribs st. louis style ibp
45079980,-1,unclustered,0.0,pork ribtips brskbone comb
132102,-1,unclustered,0.0,pork rind pelletcracklin visita 12#
13208D,-1,unclustered,0.0,pork rind sancocho chichar 20#
39000230,-1,unclustered,0.0,pork salt belly
620123,-1,unclustered,0.0,"pork saus link, webster, 16-1 (10#)"
620129,-1,unclustered,0.0,"pork saus link, webster, 16-1 (5#)"
620104,-1,unclustered,0.0,pork saus patty 5-1 10# bx
86690,-1,unclustered,0.0,pork sausage (breakfast) seasoning
620540,-1,unclustered,0.0,pork sausage breakfast links
38518007,-1,unclustered,0.0,pork sausage italian 4/1 link ckd-rd
38146990,-1,unclustered,0.0,pork sausage jalapino chedder 3/1
SP2616,-1,unclustered,0.0,pork sausage links - fc
207900026,-1,unclustered,0.0,"pork sausage patties 1.25z, j. dean 15#"
SP2611,-1,unclustered,0.0,pork sausage patties 1.3oz fc
38746931,-1,unclustered,0.0,pork sausage smoked fc 4-1
39000240,-1,unclustered,0.0,pork scribe bones
220180,-1,unclustered,0.0,"pork shank canadian, 18-24oz"
220335,-1,unclustered,0.0,"pork shank special, 3-3.5#ave"
220320,-1,unclustered,0.0,"pork shank, 32oz & up"
220816,-1,unclustered,0.0,"pork shank, 8-16oz pc"
220609,-1,unclustered,0.0,"pork shank, compart duroc volcano"
21829,-1,unclustered,0.0,pork sheet belly skin on - aurora
290237,-1,unclustered,0.0,"pork shishkabob, 3/1, 5pc/skewer"
13039I3,-1,unclustered,0.0,pork shl but bi ind-moesle
1303912,-1,unclustered,0.0,pork shl but bi->cut?
13038,-1,unclustered,0.0,pork shl but bi-skn-on ~market
1303924,-1,unclustered,0.0,pork shl but bnl com-ret-18/3.8#
13001191,-1,unclustered,0.0,pork shl but bnl hat 3p
25864085,-1,unclustered,0.0,pork shl but bnl->cut cube
130358,-1,unclustered,0.0,pork shl but bnl->sl3/8-in apolis
13034999,-1,unclustered,0.0,pork shl but bnl-skn-on ~market
135612,-1,unclustered,0.0,pork shl but collar com-45612 **-z
1355693,-1,unclustered,0.0,pork shl but collar com-45693 8/4#
46109990,-1,unclustered,0.0,"butt ct #1 (poly), moesle (70#)"
1304100,-1,unclustered,0.0,pork shl but ct *__
46119990,-1,unclustered,0.0,"butt ct (b) (poly), moesle (35#)"
1304115,-1,unclustered,0.0,pork shl but ct ind
13025,-1,unclustered,0.0,pork shl picnic cushion-in
91245630,-1,unclustered,0.0,pork shl-blade-secreto-z com 2/5#
9120911,-1,unclustered,0.0,pork shl-blade-secreto-z com-dryage
31001014,-1,unclustered,0.0,pork shoulder butt bone in steak
33714660,-1,unclustered,0.0,"pork shoulder butt bone in steak 3"""
20080,-1,unclustered,0.0,pork boneless butt ibp/seaboard
31001012,-1,unclustered,0.0,pork shoulder butt boneless steak
31001001,-1,unclustered,0.0,pork shoulder butt boneless xt
31002090,-1,unclustered,0.0,pork shoulder butts bone in
31011000,-1,unclustered,0.0,pork shoulder butts smoked
31010000,-1,unclustered,0.0,pork shoulder ct butts
290035,-1,unclustered,0.0,"pork shoulder pcnc cushion, 3/5/14oz"
20000,-1,unclustered,0.0,pork shoulder picnic cushion frozen
SP222,-1,unclustered,0.0,pork shoulder/butt bnls*
20001,-1,unclustered,0.0,pork shoulderpicnic cushion - smithfield
20000,-1,unclustered,0.0,pork shoulder picnic cushion frozen
20074,-1,unclustered,0.0,pork shoulders skin-on 16/20
39630715,-1,unclustered,0.0,pork shredded cooked for carnitas
39630718,-1,unclustered,0.0,pork shredded w/ bbq sauce 4 boxes/bag -
240133,-1,unclustered,0.0,pork sirloin bnls-creekstone
86334,-1,unclustered,0.0,pork sirloin roast boneless - seaboard
20110,-1,unclustered,0.0,pork sirloin roast boneless ibp frzn
40159990,-1,unclustered,0.0,pork skin (machine)
13208780,-1,unclustered,0.0,pork skin-z mos 40#
22220,-1,unclustered,0.0,pork skins *swift* onlly
22249,-1,unclustered,0.0,pork skins - cuero -mex-
22247,-1,unclustered,0.0,pork skins 60# avg -indiana-
21521,-1,unclustered,0.0,pork skins seaboard 30#
20511,-1,unclustered,0.0,pork small intestines (kowi)
20330,-1,unclustered,0.0,pork snouts 60#
39000271,-1,unclustered,0.0,pork snouts pack 2 lb. v/p
250503,-1,unclustered,0.0,"pork spare rib cut up, 3dn 50#b"
1317910,-1,unclustered,0.0,pork spare rib fmc med 1.0-in 30#bg
13177C,-1,unclustered,0.0,pork spare rib fmc med 2.0-in 30#bg
1317712,-1,unclustered,0.0,pork spare rib ibp med
13177IN,-1,unclustered,0.0,pork spare rib ind med-20504
13177I2,-1,unclustered,0.0,pork spare rib ind smf-22235
13177185,-1,unclustered,0.0,pork spare rib ind-lgt 3.5-dwn-z
250040,-1,unclustered,0.0,"pork spare rib make, 4dn"
13123024,-1,unclustered,0.0,pork spare rib-stl com45695 4/3p
13129,-1,unclustered,0.0,pork spare rib-stl wic-pld 2.50#
13129,-1,unclustered,0.0,pork spare rib-stl wic-pld 2.50#
1317712,-1,unclustered,0.0,pork spare rib ibp med
131771,-1,unclustered,0.0,pork spare-z rib sbf med 3-5 41322
20140,-1,unclustered,0.0,pork sparerib light
20168,-1,unclustered,0.0,pork spareribs - smithfield
32200490,-1,unclustered,0.0,pork spareribs 4.9 down 20009
32200300,-1,unclustered,0.0,pork spareribs 5/up
20167,-1,unclustered,0.0,pork spareribs ibp/seaboard medium
20166,-1,unclustered,0.0,pork spareribs ibp/seaboard small/lgt
45031250,-1,unclustered,0.0,"pork spareribs medium, cut"
13208255,-1,unclustered,0.0,pork stew 1# ivp1
39000280,-1,unclustered,0.0,pork stew 1/2 x 1/2 in.
290100,-1,unclustered,0.0,"pork stew cut, 1 10# bag"
290238,-1,unclustered,0.0,"pork stew cut, 1/2 in, 10# bag"
13208206,-1,unclustered,0.0,pork stew meat-z eli 2/5#
20300,-1,unclustered,0.0,pork stomachs scalded 30# ibp/seaboard
290110,-1,unclustered,0.0,"pork strip 1/2""+5 from loin, 2/5#a"
290240,-1,unclustered,0.0,pork strip stgnf random raw
290202,-1,unclustered,0.0,"pork strips, thomas"
290241,-1,unclustered,0.0,"pork suey, 10# bag"
39000300,-1,unclustered,0.0,pork sweet meats smoked
20340,-1,unclustered,0.0,pork tails ibp
13217A12,-1,unclustered,0.0,pork tails peo
20341,-1,unclustered,0.0,pork tails seaboard 30#
39000310,-1,unclustered,0.0,pork tails smoked
1321711,-1,unclustered,0.0,pork tails-z ind-04002 30#
13217A12,-1,unclustered,0.0,pork tails peo
22250,-1,unclustered,0.0,pork tender pellets (fat w/skin)
290201,-1,unclustered,0.0,"pork tender, thomas, 5oz"
240016,-1,unclustered,0.0,"pork tenderloin boneless, aldi"
33080007,-1,unclustered,0.0,pork tenderloin fresh vac pac
240115,-1,unclustered,0.0,"pork tenderloin fresh, creekstone"
240014,-1,unclustered,0.0,pork tenderloin swift frozen
1311768,-1,unclustered,0.0,pork tndrloin com-medalion 45768
1311908,-1,unclustered,0.0,pork tndrloin fmc 12/1#-rs
20290,-1,unclustered,0.0,pork tongue
132192,-1,unclustered,0.0,pork tongues ref ~m 30#
13218,-1,unclustered,0.0,pork tongues-z ind unsc 40#-z
39000360,-1,unclustered,0.0,pork trim finely textured
39000335,-1,unclustered,0.0,pork trim picnic 15%
20011,-1,unclustered,0.0,pork trim spring hill frozen
48159999,-1,unclustered,0.0,pork trimming 50% moe
48059980,-1,unclustered,0.0,pork trimming 72% comb
39000370,-1,unclustered,0.0,pork trimmings
99999999,-1,unclustered,0.0,"blood, beef edible jbs (6/1gal)"
39000380,-1,unclustered,0.0,pork trotters
290229,-1,unclustered,0.0,"pork wings bi, kc wild wings"
47072080,-1,unclustered,0.0,"pork,shoulder, b/in, s/on, whole, dekalb"
13208S,-1,unclustered,0.0,pork-salted belly amv 15/1#
130501,-1,unclustered,0.0,pork-salted belly bel 10570 35#
132100,-1,unclustered,0.0,pork-salted belly smf 24/12-oz ret
13208B,-1,unclustered,0.0,pork-salted feet bel frnt 50#
13172012,-1,unclustered,0.0,pork-smk back rib peer46592 24ct
13208003,-1,unclustered,0.0,pork-smk jowls ash-z 30#
13212S,-1,unclustered,0.0,pork-smk jowls mar-3602 rough 40#-z
1333788,-1,unclustered,0.0,pork-smk jowls mar-3603-hvl 2#-vp-z
13010577,-1,unclustered,0.0,pork-smk loin bi chop 05-oz 10#
13010578,-1,unclustered,0.0,pork-smk loin bi chop 06-oz 10#
13210SB,-1,unclustered,0.0,pork-smk neck bones bel 30#
13192999,-1,unclustered,0.0,pork-smk ribtips brskbone bel
13045A,-1,unclustered,0.0,pork-smk shl but and 5/3#
13045D,-1,unclustered,0.0,pork-smk shl but daisy 5/2.4#
13044,-1,unclustered,0.0,pork-smk shl but peer-45300 10/4#
13044,-1,unclustered,0.0,pork-smk shl but peer-45300 10/4#
1303011,-1,unclustered,0.0,pork-smk shl but-z thm 10/2.5#
13051,-1,unclustered,0.0,pork-smk skin *__ 40#
132171,-1,unclustered,0.0,pork-smk tails *__ 30#
1321710,-1,unclustered,0.0,pork-smk tails bel 30#
22019019,-1,unclustered,0.0,pork.bbqpat fc 3.75-oz 00774 15#
74153,-1,unclustered,0.0,pork.stk strip-z al pastor 10#
822020,-1,unclustered,0.0,porterhouse cab 20oz
144299,-1,unclustered,0.0,"porterhouse, dry age, ch, 24oz"
144204,-1,unclustered,0.0,"porterhouse, vein free, ch, 20oz"
84940,-1,unclustered,0.0,pot & pan cleaner *168*
190130,-1,unclustered,0.0,"pot roast, boyles, 3pc/cs"
83390,-1,unclustered,0.0,potato starch - 20kg/44#
50130545,-1,unclustered,0.0,potato sweet jum 40#
31650,-1,unclustered,0.0,potatoes (russet)
90009074,-1,unclustered,0.0,potatoes red b`s-us#1/keep refrigerated
90009016,-1,unclustered,0.0,potatoes-russet 100 ct/keep refrigerated
84450,-1,unclustered,0.0,pp straw 19.7 - 5.6 green vesta gloval
32500003,-1,unclustered,0.0,pr--
190163,-1,unclustered,0.0,precooked burger patty-116/3oz
20306,-1,unclustered,0.0,precooked pork stomach buche
620028,-1,unclustered,0.0,precooked turkey breast-frozen
971118598,-1,unclustered,0.0,premium ham9-8oz)plumrose
971119598,-1,unclustered,0.0,premium hny ham9-8oz)plumrose
24050,-1,unclustered,0.0,prepared lo mein noodles-goldenbowl
96537379,-1,unclustered,0.0,pretzels 13b/cs
12,-1,unclustered,0.0,"prices "" subject to change"
99911,-1,unclustered,0.0,pricing matrix product
5013062,-1,unclustered,0.0,prickly pear (red)
161027,-1,unclustered,0.0,prime 16oz frenched ribeye steak
161024,-1,unclustered,0.0,prime 24oz frenched ribeye steak
111000,-1,unclustered,0.0,prime beef brisket
141021,-1,unclustered,0.0,prime beef butt tenders
190096,-1,unclustered,0.0,prime beef patty 8oz 80/20
141009,-1,unclustered,0.0,prime bone in filet spec.size
920228,-1,unclustered,0.0,prime time burger
141019,-1,unclustered,0.0,prime tritips fat on
410064,-1,unclustered,0.0,prime veal breast w/ pocket
410067,-1,unclustered,0.0,prime veal eye of round
410068,-1,unclustered,0.0,prime veal leg
410069,-1,unclustered,0.0,prime veal steak inside only 1.5oz
999998,-1,unclustered,0.0,pritzlaff 50# box bundle
310846,-1,unclustered,0.0,"chicken breast trim, pritzlaff"
53151,-1,unclustered,0.0,pritzlaff pallet for delivery
620020,-1,unclustered,0.0,private label sliced turkey breast
86130,-1,unclustered,0.0,produce bags 11x19 - ldpe 4 rolls/cs
240067,-1,unclustered,0.0,"prok chop frenched, 6oz"
240011,-1,unclustered,0.0,"prok loin rollbratten, riverside"
754116,-1,unclustered,0.0,provolone cheese-sliced
85165,-1,unclustered,0.0,provolone slice
97666,-1,unclustered,0.0,puff pastery chicken kaiser halal
59032730,-1,unclustered,0.0,pulled chicken - original bbq (6 x 16oz)
390222,-1,unclustered,0.0,"pulled chicken thighs, ckd, danâ€™s"
390015,-1,unclustered,0.0,"pulled chicken, white meat, tyson"
392001,-1,unclustered,0.0,"pulled duck meat, maple leaf"
293030,-1,unclustered,0.0,"pulled pork ckd, advance, yellow label"
97002730,-1,unclustered,0.0,pulled pork rib - original bbq (6 x 16oz
291372,-1,unclustered,0.0,"pulled pork smoked, daily choice, 4/5#"
128703,-1,unclustered,0.0,pure angus grass fed chuck roll
138724,-1,unclustered,0.0,pure angus grass fed flank steak
188368,-1,unclustered,0.0,pure angus grass fed tri tip
A6,-1,unclustered,0.0,q
10201,-1,unclustered,0.0,quail - 6/6pc halal
77533360,-1,unclustered,0.0,quail airline breast (s)
10202,-1,unclustered,0.0,quail eggs in water
968206,-1,unclustered,0.0,quesadilla poblanas 20/3ct fridas
906001,-1,unclustered,0.0,quinoa veggie burger (9#)
1478,-1,unclustered,0.0,r
78545000,-1,unclustered,0.0,rabbit
78545600,-1,unclustered,0.0,rabbit legs bone in spanish ( 8 per pack
32110,-1,unclustered,0.0,rabbit medium -whole skinless
20144A,-1,unclustered,0.0,rabbit-china whl fryer med
98009980,-1,unclustered,0.0,rabbits (44.09#)
450021,-1,unclustered,0.0,rabbits 2# ave
31690,-1,unclustered,0.0,radish
501321,-1,unclustered,0.0,radish whl cello 14/1#
620894,-1,unclustered,0.0,rangeline ckd turkey breast-frozen
95456789,-1,unclustered,0.0,ravioli meat
95503579,-1,unclustered,0.0,ravioli spinach
620105,-1,unclustered,0.0,rb rice ital saus roll-12/1#
620106,-1,unclustered,0.0,rb rice medium pork saus 12/1#
620107,-1,unclustered,0.0,rb rice mild pork sausage-12/1
620013,-1,unclustered,0.0,rebando sandwich pepperoni
90300,-1,unclustered,0.0,red bean paste bun (b-03)
31700,-1,unclustered,0.0,red cabbage 45#
83305,-1,unclustered,0.0,red envelope chopsticks - brown box
83510,-1,unclustered,0.0,red food color - (case)
97725830,-1,unclustered,0.0,"red hot franks, motor city (2 lbs)"
80345,-1,unclustered,0.0,red snapper wggs .5#-.75# 10#
82340,-1,unclustered,0.0,red snapper wggs 1.5-2.0# sea park
598023,-1,unclustered,0.0,red snapper-2-3#
904535,-1,unclustered,0.0,"redstone 3/8"" xl seasoned fry-6/5#"
10389980,-1,unclustered,0.0,bf tripe reg cut
10371390,-1,unclustered,0.0,"regular tripe, cargill circle t (60#)"
91160134,-1,unclustered,0.0,relish vienna 5 gal v57600
22305,-1,unclustered,0.0,rellena 2/10 # frozen
12120,-1,unclustered,0.0,rellena donpedros 2/20# frz
920227,-1,unclustered,0.0,residential living-pork free
721797,-1,unclustered,0.0,ressler 797 ckd roast top round-sliced
720797,-1,unclustered,0.0,ressler 797 rst capoff top rnd
620007,-1,unclustered,0.0,resslers roast beef flats
908105,-1,unclustered,0.0,retail asiago arancini
908106,-1,unclustered,0.0,retail bacon mac & cheese bite
999996,-1,unclustered,0.0,retail duck breasts-12/1pk
908107,-1,unclustered,0.0,retail spinach artichoke popper
30210,-1,unclustered,0.0,rex sole - 2l 500gr/800gr
SP2601,-1,unclustered,0.0,rib bbq 4 oz
233055,-1,unclustered,0.0,"rib belly, heritage berkshire"
45074700,-1,unclustered,0.0,"rib bit, pork farmland b/i smkd (2x5#)"
164189,-1,unclustered,0.0,"rib export processed, ch, 18up"
164185,-1,unclustered,0.0,"rib export, ch, 18up"
161001,-1,unclustered,0.0,"rib export, prime"
163001,-1,unclustered,0.0,"rib long bone french, creekstone"
161010,-1,unclustered,0.0,"rib long bone, prime, 10in"
13281120,-1,unclustered,0.0,"rib navel (costillar), beef mex praderas"
250009,-1,unclustered,0.0,"rib pork chop, kurobuta"
250010,-1,unclustered,0.0,"rib pork loin, prime"
190224,-1,unclustered,0.0,"rib precooked, briar, prime, 2pc"
250250,-1,unclustered,0.0,"rib swift st louis, 2.5lb"
45081061,-1,unclustered,0.0,"rib tips, (retail) pork indianapackers"
45083350,-1,unclustered,0.0,"rib tips, 5/5 vac, pork swift"
45079980,-1,unclustered,0.0,pork ribtips brskbone comb
45075930,-1,unclustered,0.0,"rib tips, pork aunt bessie`s (10#)"
45071830,-1,unclustered,0.0,"rib tips, pork diamond pride (10#)"
450799809,-1,unclustered,0.0,"rib tips, pork swift"
163011,-1,unclustered,0.0,"rib up export, angus, ch"
250215,-1,unclustered,0.0,"rib, st louis, 2 1/5"
82000,-1,unclustered,0.0,ribbon fish whole 700/1000
82170,-1,unclustered,0.0,ribbonfish beltfish steaks*liberty*
17151002,-1,unclustered,0.0,"ribeye b/i frenched, greateromaha (cangu"
164099,-1,unclustered,0.0,"ribeye bnls dry age, ch, 16oz"
168825,-1,unclustered,0.0,"ribeye bnls itoham japanese, wagyu"
17111012,-1,unclustered,0.0,"ribeye bnls, ibp (cangus)"
17114636,-1,unclustered,0.0,"ribeye bnls, naeve beef (n/r)"
17111130,-1,unclustered,0.0,"ribeye bnls/11dn, mex sukarne"
164117,-1,unclustered,0.0,"ribeye bone in dry age, ch"
17325381,-1,unclustered,0.0,"ribeye boneless, steaks 12-16oz (prime)"
168012,-1,unclustered,0.0,"ribeye cap a5 itoham japanese, wagyu"
160009,-1,unclustered,0.0,"ribeye clean, nr, 10oz"
161002,-1,unclustered,0.0,"ribeye french, prime"
164097,-1,unclustered,0.0,"ribeye frenched dry age, ch, 18oz"
164098,-1,unclustered,0.0,"ribeye grass fed, 12oz"
168542,-1,unclustered,0.0,"ribeye grass fed, pure angus"
17091004,-1,unclustered,0.0,"ribeye heavy, greateromaha (ch)"
168001,-1,unclustered,0.0,"ribeye lip off, wagyu, processed"
160419,-1,unclustered,0.0,"ribeye lip on hvy, grass run farms"
17213690,-1,unclustered,0.0,"ribeye lip on no. 2, aurora"
165001,-1,unclustered,0.0,"ribeye lip on precooked mr, sel"
164005,-1,unclustered,0.0,"ribeye lip on, ch, processed"
17113680,-1,unclustered,0.0,"ribeye lip-on bnls 2x2, mex sukarne"
17095723,-1,unclustered,0.0,"ribeye lipon, national a b (ch_angus)"
17111076,-1,unclustered,0.0,"ribeye lipon, palo duro (nr)"
17223520,-1,unclustered,0.0,"ribeye lipon/10up, mex bona prime"
17123810,-1,unclustered,0.0,"ribeye lipon/11up, mex fc beef"
17121000,-1,unclustered,0.0,"ribeye lipon/11up, mex greater omaha hal"
17091454,-1,unclustered,0.0,"ribeye lipon/dn, fort worth (ch)"
160811,-1,unclustered,0.0,"ribeye retail, o. prairie, 10oz"
17101077,-1,unclustered,0.0,"ribeye roll (lomo) 10/up, palo duro (uti"
17091177,-1,unclustered,0.0,"ribeye roll (lomo) 8/up, demkota utility"
17091077,-1,unclustered,0.0,"ribeye roll (lomo) 8/up, paloduro (utili"
160680,-1,unclustered,0.0,"ribeye roll, 6/8#"
164006,-1,unclustered,0.0,"ribeye roll, ch"
168004,-1,unclustered,0.0,"ribeye roll, imported wagyu"
160001,-1,unclustered,0.0,"ribeye roll, sliced thin, util"
160280,-1,unclustered,0.0,"ribeye steak, nr bnls, 20/8oz"
207900011,-1,unclustered,0.0,"ribeye, chop pork,"
17193574,-1,unclustered,0.0,"ribeye, lip-on heavy, s.b. ibp (ch)"
160040,-1,unclustered,0.0,"ribeye, nr, 4oz"
167050,-1,unclustered,0.0,"ribeye, util, 5oz"
17095710,-1,unclustered,0.0,"ribeye, wagyu"
54963,-1,unclustered,0.0,ribeye-steak 32oz tomahawk sty
44369980,-1,unclustered,0.0,"riblet boneless, pork (12/1.5#) (18#)"
250005,-1,unclustered,0.0,"riblets, our own"
82005930,-1,unclustered,0.0,"riblets, pork aunt bessie`s (10#)"
250003,-1,unclustered,0.0,"ribs baby back, whole, sakura"
250270,-1,unclustered,0.0,"ribs cooked st louis, bryan, 27#"
250001,-1,unclustered,0.0,ribs indiana st louis style
299025,-1,unclustered,0.0,"ribs st. louis style ckd, bryan"
84520,-1,unclustered,0.0,rice cooker
82552,-1,unclustered,0.0,rice cooking wine (green) #24765
85250,-1,unclustered,0.0,rice flour 24/1# - red
84980,-1,unclustered,0.0,rice king brown rice 50# bolsa amerilla
84280,-1,unclustered,0.0,rice king thai sweet rice - pink bag
84580,-1,unclustered,0.0,rice paper 25cm round*bamboo tree*
90609,-1,unclustered,0.0,riceland 100# bag
195003,-1,unclustered,0.0,rich`s 1/2oz italian meatballs-10#
195002,-1,unclustered,0.0,rich`s italian meatballs 0.5 oz 10#
92280100,-1,unclustered,0.0,ricotta / fresh 6/5#
18062765,-1,unclustered,0.0,rind on ends/pieces bacon db(12/2.5lb)
750013,-1,unclustered,0.0,ring bologna 1# ave
620039,-1,unclustered,0.0,riverside 3-1 hot polish
620041,-1,unclustered,0.0,riverside 3-1 mild smk polish
626789,-1,unclustered,0.0,riverside fresh hungarian
623856,-1,unclustered,0.0,riverside octoberfest brat
620030,-1,unclustered,0.0,riverside sliced turkey breast
34087,-1,unclustered,0.0,roast beef capoff
81115360,-1,unclustered,0.0,"roast beef, c/off, top round v. giordano"
20018996,-1,unclustered,0.0,roast bf dub-78879 2/16#
20018994,-1,unclustered,0.0,roast bf pot w/gravy-9710-z
20018990,-1,unclustered,0.0,roast bf syg top rnd-c/o wet pk 12#
20023,-1,unclustered,0.0,roast bf-slc font f9111 22# w/g
95180,-1,unclustered,0.0,roasted coconut juice - foco
10140,-1,unclustered,0.0,roasted duck halves 0745755
900222,-1,unclustered,0.0,roasted eggplant soup
906004,-1,unclustered,0.0,roasted poblano black bean burger
8906,-1,unclustered,0.0,roasted red pepper
906006,-1,unclustered,0.0,roasted red/yellow beet pineapple(9#)
83631,-1,unclustered,0.0,rock sugar 50/16oz (454 g)
35,-1,unclustered,0.0,roll stock forming and non forming
410072,-1,unclustered,0.0,roma veal stew meat-10#
85238,-1,unclustered,0.0,romano cheese grated 4x5#
92401900,-1,unclustered,0.0,romano-parm-blend 4x5
624894,-1,unclustered,0.0,rope brat
621234,-1,unclustered,0.0,rope italian sausage
25252,-1,unclustered,0.0,roti paratia multiger - spring home
390028,-1,unclustered,0.0,"rotisserie, short cuts, 7#, perdue 4238"
78332219,-1,unclustered,0.0,"round scad, west bay (22#)"
170000,-1,unclustered,0.0,round steak bnls (spec size)
170007,-1,unclustered,0.0,"round, ckd corned beef, dan`s"
97031,-1,unclustered,0.0,rumali boti fp kaiser halal
43461301,-1,unclustered,0.0,rwa oven roast turkey breast
95505146,-1,unclustered,0.0,s
711612,-1,unclustered,0.0,s.field honey smoked sliced turkey breas
620031,-1,unclustered,0.0,s.lee turkey brst thigh roast
720575,-1,unclustered,0.0,s010575 roast beef logs-3/5#
95405,-1,unclustered,0.0,sabritas adobadas chicas 60/60gr
112999,-1,unclustered,0.0,sadler smoked beef brisket-2 pc
20383,-1,unclustered,0.0,salad macaroni 2/10#
20385,-1,unclustered,0.0,salad thm cole slaw 10#
50PT19,-1,unclustered,0.0,salad thm pot german 10# tub
38448900,-1,unclustered,0.0,salami all beef
224411,-1,unclustered,0.0,salami bf ckd syg 12#
224410,-1,unclustered,0.0,salami cooked thm 2/4#
38888500,-1,unclustered,0.0,salami cotto
22249,-1,unclustered,0.0,pork skins - cuero -mex-
2229058,-1,unclustered,0.0,salami hard rov fennel 4/3.2#
2229052,-1,unclustered,0.0,salami hard rov napoli 4/4.5#
2229056,-1,unclustered,0.0,salami hard rov toscano 4/3.2#
2229072,-1,unclustered,0.0,salami hard rov ventricina 4/3#
38116066,-1,unclustered,0.0,salami hard-6pc 30# case
220831,-1,unclustered,0.0,salami soft vie-17142 2/5#
220608,-1,unclustered,0.0,salami syg all beef 5/2# deli cut
22ND012,-1,unclustered,0.0,salami tem-b finocchiona 2/5.5#
22ND031,-1,unclustered,0.0,salami tem-b sopressata 2/5.5#
224410Z,-1,unclustered,0.0,salami-z cooked thm 4#
22260,-1,unclustered,0.0,salami-z hard fio 30236 3/6#
2229072,-1,unclustered,0.0,salami hard rov ventricina 4/3#
98031640,-1,unclustered,0.0,"salchichon (sin pimeienta), 18pcs (c/w),"
78341549,-1,unclustered,0.0,"salmon fillet, d-trim (r/w)"
71200,-1,unclustered,0.0,salmon terityaki pan sea
9020184,-1,unclustered,0.0,salt kosher antica salina 6/3#
90273,-1,unclustered,0.0,salt por pak 3/1000 ct
94016,-1,unclustered,0.0,samaosa cocktail h/m 30pk al safa halal
94017,-1,unclustered,0.0,samaosa punjabi h/m 10pk al safa halal
94360,-1,unclustered,0.0,samaosa veggie h/m 16pk al safa halal
97352,-1,unclustered,0.0,samasa veg punjabi 20pc kaiser halal
84341,-1,unclustered,0.0,sambal oelek 5x1/2 gallon
84340,-1,unclustered,0.0,sambal oelek chili paste *huy fong* 3/1
97413,-1,unclustered,0.0,samosa veg punjabi 8pc kaiser halal
99920,-1,unclustered,0.0,sample: instant noodle (hot &spicy)
920231,-1,unclustered,0.0,sampler dock box
96374740,-1,unclustered,0.0,"sancocho vegetables for stew, mambo 6x2#"
920220,-1,unclustered,0.0,sandwich lovers box
95062,-1,unclustered,0.0,sangria senorial plastic 1.5 liter
22010,-1,unclustered,0.0,sanuki udon noodle 6/5 x250g
740756,-1,unclustered,0.0,sara lee sliced ham-6/2#
96033,-1,unclustered,0.0,cup foam 20 oz 20j16 500 ct
78522219,-1,unclustered,0.0,"sardines whole, (22#)"
9620217,-1,unclustered,0.0,sauce bald vodka 12/25-oz
91021,-1,unclustered,0.0,sauce bbq benchmark 4/1g
90342015,-1,unclustered,0.0,sauce chamoy 6/1g
40171023,-1,unclustered,0.0,sauce chipotle 6/#10 dsl
40171009,-1,unclustered,0.0,sauce chipotle w/adobo la mor
911683,-1,unclustered,0.0,sauce hot valentina 3/1g
911685,-1,unclustered,0.0,sauce hot valentina-marisco
90342020,-1,unclustered,0.0,sauce ital trad 6/4.2# preg
90342019,-1,unclustered,0.0,sauce ital trad 6/6# preg
90342018,-1,unclustered,0.0,sauce pizza pas 6/#10
90342003,-1,unclustered,0.0,sauce tomato 6/#10 s.benito
914025,-1,unclustered,0.0,sauerkraurt nst 2g 4025
917PQ20,-1,unclustered,0.0,sauerkraurt thm 24/1#
18030760,-1,unclustered,0.0,sauerkraut franks (12/2 lb)
501387,-1,unclustered,0.0,sauerkraut shred 6/#10
97416030,-1,unclustered,0.0,"sausage & biscuits,20c,purnells (11.25#)"
13974138,-1,unclustered,0.0,sausage amy ret-z breakfst time
38141911,-1,unclustered,0.0,sausage andouille cajun pork atk-2/1
38172011,-1,unclustered,0.0,sausage andouille chicken atk
38140001,-1,unclustered,0.0,"sausage andouille pk/bf2/1 amylu 11"""
38100141,-1,unclustered,0.0,"sausage andouille-5"" retail atk"
14036AN,-1,unclustered,0.0,sausage andy kabanosy pp 20#
90236,-1,unclustered,0.0,sausage beef smoked 12/12oz halal
13968862,-1,unclustered,0.0,sausage belm pork hot link10/1#vp-46840
38221333,-1,unclustered,0.0,sausage brat pork onion and green pepper
38235107,-1,unclustered,0.0,sausage bratwurst fresh randolph
38293000,-1,unclustered,0.0,sausage bratwurst hot n spicy jv
38230061,-1,unclustered,0.0,sausage bratwurst munic atk
38278703,-1,unclustered,0.0,sausage bratwurst original raw 104772
38221330,-1,unclustered,0.0,sausage bratwurst pork mushroom swiss
38263007,-1,unclustered,0.0,sausage bratwurst raw 4/1 randolph
38231349,-1,unclustered,0.0,sausage bratwurst sheboygan 4/1 beer
38219903,-1,unclustered,0.0,sausage bratwurst stadium10# cs johnsonv
38524250,-1,unclustered,0.0,sausage breakfast bulk
28705000,-1,unclustered,0.0,sausage breakfast links 1 oz chicken app
38311006,-1,unclustered,0.0,sausage breakfast links 1oz peer
28721217,-1,unclustered,0.0,sausage breakfast links chicken 1oz
13939A,-1,unclustered,0.0,sausage busch summer thuringer 2/4#
38971809,-1,unclustered,0.0,sausage chicken habanero and tequila atk
97455850,-1,unclustered,0.0,"sausage chub hot, s f (12/1#)"
97445850,-1,unclustered,0.0,"sausage chub mild, s f (12/1#)"
13964112,-1,unclustered,0.0,sausage com-z ital bulk fresh 2/5#
22251,-1,unclustered,0.0,sausage country gravy 6/#10
2000B,-1,unclustered,0.0,sausage daisy brat fc 5#-z
140886,-1,unclustered,0.0,sausage daisy easter polish 10#
139801,-1,unclustered,0.0,sausage daisy knockwurst 10/12-oz
2225C,-1,unclustered,0.0,sausage daisy prasky 2/4#
13976351,-1,unclustered,0.0,sausage dev ital bf fc 7606 10#-z
13976349,-1,unclustered,0.0,sausage dev ital bf link hal 10#
22139656,-1,unclustered,0.0,sausage fab ital bulk-fc nug 10#
13976347,-1,unclustered,0.0,sausage fab ital link mild3-1 10#-z
13976346,-1,unclustered,0.0,sausage fab ital link mild4-1 10#-z
139765,-1,unclustered,0.0,sausage fmc ital pat4-1-z moon 10#
38970100,-1,unclustered,0.0,sausage for pizza - ingredients
22139662,-1,unclustered,0.0,sausage gre ital bulk-fc nug 2/10#
34065,-1,unclustered,0.0,sausage hot 12/1.5 db
92295,-1,unclustered,0.0,sausage hot link 12/12oz halal
38500000,-1,unclustered,0.0,sausage hot links
13969,-1,unclustered,0.0,sausage ital bulk mild-z rand 12#
38599040,-1,unclustered,0.0,sausage italian 1/10 bulk-anmar label
38516709,-1,unclustered,0.0,sausage italian 4oz carmignano oscar me
38519905,-1,unclustered,0.0,sausage italian hot bulk-anmar label
4008050,-1,unclustered,0.0,sausage italian pattie 3/1
38515980,-1,unclustered,0.0,sausage italian pizza topping ckd fz
38553017,-1,unclustered,0.0,sausage italian rope randolph-raw mild
38529000,-1,unclustered,0.0,sausage italian rope raw mild fabbri
38895950,-1,unclustered,0.0,sausage kishke
13919,-1,unclustered,0.0,sausage leon andoui p&b 2-1 2/5#-z
13916,-1,unclustered,0.0,sausage leon andoui-caj 2-1 2/5#-z
38760180,-1,unclustered,0.0,sausage linguica -spanish
28175459,-1,unclustered,0.0,sausage links chicken apple maple 2oz
20472,-1,unclustered,0.0,sausage links mild scimeca 10#
13920999,-1,unclustered,0.0,sausage mak brat 4-1 10#-z
13968863,-1,unclustered,0.0,sausage mak hot link nc 4-1 10#-z
1402909,-1,unclustered,0.0,sausage mak knockwurst 6-1 10#
1402906,-1,unclustered,0.0,sausage mak thuringer 4-1 nc 10#
38570200,-1,unclustered,0.0,sausage natural casing rope
38760185,-1,unclustered,0.0,sausage nduja
13912594,-1,unclustered,0.0,sausage old folks rolls 24#
97425840,-1,unclustered,0.0,"sausage on a bun,twin williams s (6/16.5"
13946,-1,unclustered,0.0,sausage pal chorizo
97375840,-1,unclustered,0.0,"sausage parttie mild, williamss (12/12oz"
97445840,-1,unclustered,0.0,"sausage pattie , ole south8/2.25"
59011250,-1,unclustered,0.0,sausage patties veggie brk 1.34oz (9.3#)
59999999,-1,unclustered,0.0,sausage patties veggie brk1.34oz (9.3#)
34080,-1,unclustered,0.0,sausage patty hot 18ct
34075,-1,unclustered,0.0,sausage patty swg mild
13914,-1,unclustered,0.0,sausage peer andoui-42200 10#
13920550,-1,unclustered,0.0,sausage peo brat rope 10#
13928878,-1,unclustered,0.0,sausage pio brat wht fc #10-z
34059,-1,unclustered,0.0,sausage pol 2.5# bar s
38801629,-1,unclustered,0.0,sausage polish 3/1 fontanini
38825630,-1,unclustered,0.0,sausage polish not smoked rope
38825620,-1,unclustered,0.0,sausage polish smoked-rope
38565607,-1,unclustered,0.0,sausage pork italian link 5/1-raw randol
38633005,-1,unclustered,0.0,sausage pork knockwurst-6/1
38918413,-1,unclustered,0.0,sausage pork link 1oz johnsonville
13918,-1,unclustered,0.0,sausage ran andouille smk 4-1 10#
13920554,-1,unclustered,0.0,sausage ran-z brat 4/1 link 10#
14025138,-1,unclustered,0.0,sausage redh pol 5-1 10#
34081,-1,unclustered,0.0,sausage roll 1#
38977742,-1,unclustered,0.0,sausage rope blood
34045,-1,unclustered,0.0,sausage rope smk sknl eck
14019G,-1,unclustered,0.0,sausage sam`s greek loukaniko-z 10#
140190,-1,unclustered,0.0,sausage sam`s greek loukaniko-z 5#
14036S,-1,unclustered,0.0,sausage slotk pol kielbasa 12/14-oz
34047,-1,unclustered,0.0,sausage smoked all natural
34044,-1,unclustered,0.0,sausage smoked fam pk
34030,-1,unclustered,0.0,sausage smoked fam pk eck
34056,-1,unclustered,0.0,sausage smoked hickory
34046,-1,unclustered,0.0,sausage smoked hickory cnc
34043,-1,unclustered,0.0,sausage smoked parker 15/1#
38944590,-1,unclustered,0.0,sausage sopressa volpi
38910730,-1,unclustered,0.0,sausage summer
134826,-1,unclustered,0.0,sausage thm knockwurst fc 12/1#
144610,-1,unclustered,0.0,sausage thm pol kielbasa 10/1.1#rng
144610,-1,unclustered,0.0,sausage thm pol kielbasa 10/1.1#rng
38910801,-1,unclustered,0.0,sausage thuringers smoked 4/1 n/c
140424,-1,unclustered,0.0,sausage tmc-z beef & lamb 20/24-oz
140422,-1,unclustered,0.0,sausage tmc-z pork & beef 20/24-oz
68590000,-1,unclustered,0.0,"sausage veal brat,4/1"
13917,-1,unclustered,0.0,sausage vien brat skl5 6in 10#-z
14025146,-1,unclustered,0.0,sausage vien pol ditka spcy 5#
38569800,-1,unclustered,0.0,"sausage,4/1 mild fabrie 10 lb cs"
34048,-1,unclustered,0.0,sausagecracked pepper cnc
10261390,-1,unclustered,0.0,scalded beef skin cargill
10353580,-1,unclustered,0.0,"scalded tripe, (bleached), d & d (30#)"
10351390,-1,unclustered,0.0,"scalded tripe, cargill circle t (60#)"
701758,-1,unclustered,0.0,scallions 48ct
70880,-1,unclustered,0.0,scallop 10/20 japan block 10/5#
70870,-1,unclustered,0.0,scallop 10/20 u.s.a. 10/5#
61071,-1,unclustered,0.0,scallop 80/100 (each)
61040,-1,unclustered,0.0,scallop pieces - (iqf)
71840,-1,unclustered,0.0,scallop u-10 block 10/5#
78885829,-1,unclustered,0.0,"scallops bay, retail bag, sea best 12/1#"
78371529,-1,unclustered,0.0,scallops roe off (peru) 30/40 ct (wild c
96044,-1,unclustered,0.0,scotch bonnet pepper sauce
99502,-1,unclustered,0.0,scrubing pad green 6pk/10ct
53152,-1,unclustered,0.0,scs foxtrot pallet
20220,-1,unclustered,0.0,ham boneless brt single pack
80392070,-1,unclustered,0.0,seafood .scallops
80159000,-1,unclustered,0.0,seafood anchovy cans 28oz
80568490,-1,unclustered,0.0,seafood bass filet chilean sea s/off
80569990,-1,unclustered,0.0,seafood catfish fresh
80245041,-1,unclustered,0.0,seafood catfish nuggets-raw frozen
80245040,-1,unclustered,0.0,seafood catfish split la fillet breaded
80103115,-1,unclustered,0.0,seafood clam chowder new england 4/52oz
80553388,-1,unclustered,0.0,seafood crab claws 6/3lb/units
80149800,-1,unclustered,0.0,seafood crab lumb -12-1# cs
80778900,-1,unclustered,0.0,seafood crab snow 5/8-oceon choice
80336700,-1,unclustered,0.0,seafood fish raw white 10/12 oz frz
80336900,-1,unclustered,0.0,seafood lake superior fish fillet 4-5oz
80608100,-1,unclustered,0.0,seafood lobster claw meat 12# cs
80812700,-1,unclustered,0.0,seafood lobster tails 8/10 cold water
80300020,-1,unclustered,0.0,seafood mahi fillets 8oz
78595829,-1,unclustered,0.0,"seafood medley, paella sea best (12/1#)"
78391529,-1,unclustered,0.0,"seafood mix (wild caught), pescatore (2"
78391789,-1,unclustered,0.0,seafood mix 24x1lb netuno (24#)
80457890,-1,unclustered,0.0,seafood oyster blue point
80569971,-1,unclustered,0.0,seafood polllock fillets 2/4oz frozen
80704000,-1,unclustered,0.0,seafood salmon filet -fresh 12/14 canada
SP5081,-1,unclustered,0.0,seafood salmon filet 4oz frozen
80707000,-1,unclustered,0.0,seafood salmon filet 6oz frozen
80804400,-1,unclustered,0.0,seafood salmon filet verlasso fresh
80314001,-1,unclustered,0.0,seafood shrimp -21 basket
80719000,-1,unclustered,0.0,seafood shrimp ckd 71/90 t-off
80608000,-1,unclustered,0.0,seafood shrimp u6/8 shell on
81080057,-1,unclustered,0.0,seafood swai fillets 5/7-15lb cs
80803610,-1,unclustered,0.0,seafood tilapia 350 ct. frz whole
80772500,-1,unclustered,0.0,seafood tilapia 5/7oz
80803550,-1,unclustered,0.0,seafood tilapia 750 ct. frz whole
80521000,-1,unclustered,0.0,seafood tuna yellow fin sand.cut 4 oz
80336600,-1,unclustered,0.0,seafood walleye pike fillets
900002,-1,unclustered,0.0,seasoned diced potatoes-6/6#
95035033,-1,unclustered,0.0,seasoning achiote paste 12/3.5oz
95035036,-1,unclustered,0.0,seasoning adobo mat 45#
95035023,-1,unclustered,0.0,seasoning adobo w/ pep goya 24/16oz
95035026,-1,unclustered,0.0,seasoning cilantro w/achiote 15/36
95035038,-1,unclustered,0.0,seasoning culantro w/achiote 1.4/36
95035020,-1,unclustered,0.0,seasoning fajitas 5#
95035039,-1,unclustered,0.0,seasoning meat rub mat 45#
70010,-1,unclustered,0.0,seaweed knots 20/14oz
13700510,-1,unclustered,0.0,see 13700400 ti tps
33080140,-1,unclustered,0.0,see amity
91110,-1,unclustered,0.0,seekha grilled chicken 8ct
77533350,-1,unclustered,0.0,semi bnls quail
31670,-1,unclustered,0.0,serrano peppers
90500,-1,unclustered,0.0,sesame ball - frozen *baily*
905300,-1,unclustered,0.0,seven bean medley soup-4/4#
97185750,-1,unclustered,0.0,"sge cars/jerk ckn smkd, zatarain`s10/14z"
97456030,-1,unclustered,0.0,"sge&biscuits w/chees,20c,purnells(13.125"
7017281,-1,unclustered,0.0,shallot 5# pelled
31790,-1,unclustered,0.0,shallot dry 5#/bag
84440,-1,unclustered,0.0,shaohxing cooking wine
85163,-1,unclustered,0.0,sharp cheddar slice
34226,-1,unclustered,0.0,sheep feet scalded halal
123,-1,unclustered,0.0,ship on chep palletts
15023795,-1,unclustered,0.0,"short loin 0x1, black mountain (sel)"
15031000,-1,unclustered,0.0,"short loin 0x1, go halal"
15021003,-1,unclustered,0.0,"short loin 0x1, greateromaha (cangus)"
15021164,-1,unclustered,0.0,"short loin 0x1, iowa premium (ch)"
15024640,-1,unclustered,0.0,"short loin 0x1, mex el alba"
15021025,-1,unclustered,0.0,"short loin 0x1, national (sel)"
15021874,-1,unclustered,0.0,"short loin 0x1, nebraska (ch)"
15023600,-1,unclustered,0.0,"short loin 0x1, punta espada"
15023334,-1,unclustered,0.0,"short loin 0x1, upper iowa (ch)"
15021144,-1,unclustered,0.0,"short loin 0x1, westernreserve (ch)"
15023810,-1,unclustered,0.0,"short loin, mex fc"
15021130,-1,unclustered,0.0,"short loin, mex sukarne"
141003,-1,unclustered,0.0,"short loin, prime"
144016,-1,unclustered,0.0,"short loins, ch"
124001,-1,unclustered,0.0,short rib bnls from chuckroll
16055066,-1,unclustered,0.0,"short rib plate, blue diamond (nr)"
16053896,-1,unclustered,0.0,"short rib plate, clear river (nr)"
16051216,-1,unclustered,0.0,"short rib plate, creekstone (nr)"
16051215,-1,unclustered,0.0,"short rib plate, creekstone (sel)"
16056010,-1,unclustered,0.0,"short rib plate, fc beef mex"
13185013,-1,unclustered,0.0,"short rib plate, hyplains her (ch_angus)"
16051070,-1,unclustered,0.0,"short rib plate, palo duro n/r (brown bo"
16053770,-1,unclustered,0.0,"short rib plate, paloduro (white box)"
16051142,-1,unclustered,0.0,"short rib plate, westernreserve (cangus)"
93296,-1,unclustered,0.0,shorten liq clear 35# butcher boy
93293,-1,unclustered,0.0,shorten liq crmy 35# sunrise
93300890,-1,unclustered,0.0,shorten liq pan & grill 35#
144972,-1,unclustered,0.0,"shortloin, dry age, ch, 0x1"
31880,-1,unclustered,0.0,shredded lettuce 1/8
72840,-1,unclustered,0.0,shrimp 13/15 p&d white tail-on ckd
SP542,-1,unclustered,0.0,shrimp 31/40 p&d tail off 2-5#
SP539,-1,unclustered,0.0,shrimp 31/40 p&d* tail on
71206,-1,unclustered,0.0,shrimp 8/12 tp
70810,-1,unclustered,0.0,shrimp ball - venus
21210123,-1,unclustered,0.0,shrimp basket 21
83482,-1,unclustered,0.0,shrimp brand fish sauce 12/700ml
21225203,-1,unclustered,0.0,shrimp brd btrfly 16-20 4/3#
SP546,-1,unclustered,0.0,shrimp cooked 13/15 p&dtail on
81200,-1,unclustered,0.0,shrimp dumpling (haukau)*savory exp
21227000,-1,unclustered,0.0,shrimp p&d t/off 21-25 cen-5/2#
21226,-1,unclustered,0.0,shrimp p&d t/off 26-30-5/2#
21249,-1,unclustered,0.0,shrimp p&d t/off 31-40 10# cen
21206,-1,unclustered,0.0,shrimp p&d t/on 13-15-cen 5/2#
21226C,-1,unclustered,0.0,shrimp p&d t/on 26-30 cen-5/2#
73551,-1,unclustered,0.0,shrimp pd cooked 250/350
90101,-1,unclustered,0.0,shrimp shao mai (c-01)
74045809,-1,unclustered,0.0,"shrimp, brd bfly 16/20ct happy s(6/2#)"
74044360,-1,unclustered,0.0,"shrimp, brd bfly 21/25 panamei (4/3#)"
74014369,-1,unclustered,0.0,"shrimp, breaded bfl 16/18 panamei 24/10z"
74994369,-1,unclustered,0.0,"shrimp, ckd lrg pcs, panamei (10/1)"
74114360,-1,unclustered,0.0,"shrimp, ckd t/off 21-25ct, panamei 5/2#"
74131105,-1,unclustered,0.0,"shrimp, ckd t/off 31-40ct,feast (5/2#)"
71549989,-1,unclustered,0.0,"shrimp, ckd t/off 51-60ct, (5/2#)"
74111501,-1,unclustered,0.0,"shrimp, ckd t/on 16-20ct, sea mazz 5/2#"
74191109,-1,unclustered,0.0,"shrimp, ckd t/on 26-30ct, crystal c 10/1"
74204370,-1,unclustered,0.0,"shrimp, ckd t/on 26-30ct, pescatore"
74202579,-1,unclustered,0.0,"shrimp, ckd t/on 26-30ct, sand bar 5/2#"
74111500,-1,unclustered,0.0,"shrimp, ckd t/on 26-30ct, sea mazz black"
74669989,-1,unclustered,0.0,"shrimp, ckd t/on 61-70ct, (5/2)"
74364369,-1,unclustered,0.0,"shrimp, ckd t/on 61-70ct, panamei (10/1)"
74664369,-1,unclustered,0.0,"shrimp, ckd t/on 61-70ct, panamei (5/2)"
74161109,-1,unclustered,0.0,"shrimp, cp&d t/off 100-200, crystalc 5/2"
74169989,-1,unclustered,0.0,"shrimp, cpd t/off 100-200ct, (5/2#)"
74121260,-1,unclustered,0.0,"shrimp, cpnd t/off 16-20ct, censea (5/2)"
74141269,-1,unclustered,0.0,"shrimp, cpnd t/off 41-50ct censea (5/2#)"
74145679,-1,unclustered,0.0,"shrimp, cpnd t/off 41-50ct sprint g 5/2#"
74149989,-1,unclustered,0.0,"shrimp, cpnd t/off 41-50ct, (10/1#)"
74141109,-1,unclustered,0.0,"shrimp, cpnd t/off 41-50ct, (5/2#)"
74144419,-1,unclustered,0.0,"shrimp, cpnd t/off 41-50ct, sea c. 5/2#"
74145589,-1,unclustered,0.0,"shrimp, cpnd t/off 41-50ct, tastema 5/2#"
74141106,-1,unclustered,0.0,"shrimp, cpnd t/off 41-50ct,sea maste 5/2"
74551269,-1,unclustered,0.0,"shrimp, cpnd t/on 41-50ct, censea (5/2#)"
74541269,-1,unclustered,0.0,"shrimp, cpnd t/on 41-50ct, censea 10/1#"
74553489,-1,unclustered,0.0,"shrimp, cpnd t/on 41-50ct, pacific d."
74564360,-1,unclustered,0.0,"shrimp, cpt/on 31-40 panamei (10/1#)"
74155829,-1,unclustered,0.0,"shrimp, cpt/on 51-60 sea best (12/12oz)"
74529989,-1,unclustered,0.0,"shrimp, cpto 16-20ct (5/2#)"
74521269,-1,unclustered,0.0,"shrimp, cpto 16-20ct, censea (5/2#)"
74164412,-1,unclustered,0.0,"shrimp, cpud t/off 100-200, sea cove 5/2"
74825409,-1,unclustered,0.0,"shrimp, ez pld 13-15ct, akasaka (5/2#)"
74229985,-1,unclustered,0.0,"shrimp, ez pld 13-15ct, costar (10/2#)"
74241529,-1,unclustered,0.0,"shrimp, ez pld 16-20ct, pescatore (20#)"
74245689,-1,unclustered,0.0,"shrimp, ez pld 16-20ct, talassa (10/2#)"
74275199,-1,unclustered,0.0,"shrimp, ez pld 26-30ct, diamond r. 10/2#"
74301509,-1,unclustered,0.0,"shrimp, ez pld 41-50ct seamazz (10/2#)"
74319989,-1,unclustered,0.0,"shrimp, ez pld 51-60ct, sea cove (10/2#)"
74312009,-1,unclustered,0.0,"shrimp, ez pld 51-60ct, soematra (10/2#)"
74791387,-1,unclustered,0.0,"shrimp, hd/on 30-40ct, white ganiva 10/4"
74335539,-1,unclustered,0.0,"shrimp, hd/on 40-50ct, blk palmar 10/4#"
74365559,-1,unclustered,0.0,"shrimp, hd/on 60-70ct, blk frescama 10/4"
74361457,-1,unclustered,0.0,"shrimp, hd/on 60-70ct, iqf vanonni (20#)"
74601387,-1,unclustered,0.0,"shrimp, hdless shellon 36-40ct, block ec"
74601509,-1,unclustered,0.0,"shrimp, hdls sh/lon 31-40ct, seamazz 6/4"
74423947,-1,unclustered,0.0,"shrimp, rp&d t/off 16-20ct,blueriver 5/2"
74434999,-1,unclustered,0.0,"shrimp, rp&d t/off 26-30ct, chefsnet 5/2"
74435569,-1,unclustered,0.0,"shrimp, rp&d t/off 31-40ct, breeze b 5/2"
74469980,-1,unclustered,0.0,"shrimp, rp&d t/off 91-110ct, block (50#)"
74504360,-1,unclustered,0.0,"shrimp, rp&d t/on 13-15ct, panamei 5/2"
74509981,-1,unclustered,0.0,"shrimp, rp&d t/on 16-20ct, 5/2"
74481109,-1,unclustered,0.0,"shrimp, rp&d t/on 16-20ct, deep 5/2"
74504399,-1,unclustered,0.0,"shrimp, rp&d t/on 16-20ct, royal wh. 5/2"
74504419,-1,unclustered,0.0,"shrimp, rp&d t/on 16-20ct, seacove 5/2"
74455030,-1,unclustered,0.0,"shrimp, rp&d t/on 21-25ct, seastar 5/2"
74492109,-1,unclustered,0.0,"shrimp, rp&d t/on 26-30ct, channel 5/2"
74501269,-1,unclustered,0.0,"shrimp, rp&d t/on 31-40ct, censea 5/2"
74195829,-1,unclustered,0.0,"shrimp,ckd t/on 26-30ct,sea best (10/1#)"
74565809,-1,unclustered,0.0,"shrimp,ckd t/on 31-40ct, happy s (5/2#)"
80212500,-1,unclustered,0.0,"shrimp,raw shell on 10-15 w"
74641645,-1,unclustered,0.0,"shrimp,rp&d t/off 51-60ct,akasaka s(5/2)"
74567809,-1,unclustered,0.0,"shrimp,rpdton(16-20ct) happy s (5/2#)"
95052,-1,unclustered,0.0,sidral mundet 1.5 liter plastic
95050,-1,unclustered,0.0,sidral mundet soda 24/12.5oz glass
140159,-1,unclustered,0.0,"siloin patty, oval, 5oz"
78604360,-1,unclustered,0.0,"silverside,hdls,h&g rtl, panamei (20/1#)"
900018,-1,unclustered,0.0,simplot shredded hashbrowns-6/3#
44141980,-1,unclustered,0.0,"sirloin b/in, pork smithfield vp #15295"
144024,-1,unclustered,0.0,"sirloin ball tip, diced, ch, 1.5"" 2/5#pk"
140013,-1,unclustered,0.0,"sirloin breakaway, steak-eze"
144110,-1,unclustered,0.0,"sirloin cubes, 1in"
44143350,-1,unclustered,0.0,"sirloin end bone in, pork swift"
44301940,-1,unclustered,0.0,"sirloin ends roast bnls vp, premum iowa"
44301150,-1,unclustered,0.0,"sirloin ends roast boneless vp, pork, se"
44271980,-1,unclustered,0.0,"sirloin ends roast boneless vp, pork, sm"
141000,-1,unclustered,0.0,"sirloin filet, baseball, prime"
144002,-1,unclustered,0.0,"sirloin filet, ch, spec-size"
140510,-1,unclustered,0.0,sirloin patty 5/1
140610,-1,unclustered,0.0,sirloin patty 6/1
44271940,-1,unclustered,0.0,"sirloin roast boneless, pork, premium i"
140881,-1,unclustered,0.0,"sirloin steak, retail, o.priaire"
140014,-1,unclustered,0.0,"sirloin steak-buck, steak-eze"
141002,-1,unclustered,0.0,"sirloin top butt, prime"
141004,-1,unclustered,0.0,"sirloin top, cc, prime"
140389,-1,unclustered,0.0,"sirloin top, full face, ch"
96675940,-1,unclustered,0.0,"skd ham&ovn rstd turkey,lofp ,6/20z (7.5"
40159990,-1,unclustered,0.0,pork skin (machine)
50109980,-1,unclustered,0.0,"skin, chicken, (40#)"
280512,-1,unclustered,0.0,"skinless polish, hill 5-1, 12#"
620138,-1,unclustered,0.0,skinless-shankless ham 12-16# -pickled-
40141060,-1,unclustered,0.0,pork skin ind 2000#
37680203,-1,unclustered,0.0,slab bacon
18063765,-1,unclustered,0.0,sliced bacon thick db(30lbbulk)rindon
97435840,-1,unclustered,0.0,"sliced bacon thick,williamss (8/2.5)"
SP801,-1,unclustered,0.0,sliced bologna 12#
SP3800,-1,unclustered,0.0,sliced chicken deli meat
SP800,-1,unclustered,0.0,sliced combo variety pack 12#
SP1900,-1,unclustered,0.0,sliced cooked it bf-au jus 20#
999410,-1,unclustered,0.0,sliced jalapenos-4/1 gallons
750014,-1,unclustered,0.0,sliced processed swiss america
19295900,-1,unclustered,0.0,"smashed burger, glenmark classic (12/2#)"
78402109,-1,unclustered,0.0,"smelt h/on(charales),great lakes (12/2#)"
78409989,-1,unclustered,0.0,smelt-(charales) 20/1#
231822,-1,unclustered,0.0,smith #23223 18-22ct layout bacon-15#
18066765,-1,unclustered,0.0,smith ends/pcs bacon(10#)
18065765,-1,unclustered,0.0,smith wayside bacon(10#)
741727,-1,unclustered,0.0,smithfied smoked heartland ham
292255,-1,unclustered,0.0,smithfield 17-19ct bacon-25#
740082,-1,unclustered,0.0,smithfield brown sugar hams quarter
740221,-1,unclustered,0.0,smithfield carve master hams-6pc
110212,-1,unclustered,0.0,smithfield raw corned beef brisket-2pc
613408,-1,unclustered,0.0,smithfield smkd trky saus 12/12 oz
84045810,-1,unclustered,0.0,"smoked 2nd joint wings, turkey alex deli"
82381440,-1,unclustered,0.0,"smoked andouille sausage, belmont (10#)"
96725620,-1,unclustered,0.0,"smoked bb hearty sge,butterball,12/12 oz"
83009980,-1,unclustered,0.0,"smoked drumsticks, chicken (17#)-22150"
84021440,-1,unclustered,0.0,"smoked drumsticks, turkey belmont #20100"
620110,-1,unclustered,0.0,smoked ham shanks
97285740,-1,unclustered,0.0,"smoked ham, deli style, bar s (12/1#)"
97051900,-1,unclustered,0.0,smoked ham/or turkey lof(6/20 oz)
82065810,-1,unclustered,0.0,"smoked jowls skin on, pork, alex deli"
4066,-1,unclustered,0.0,smoked linguisa
82115480,-1,unclustered,0.0,"smoked loins , pork back of the yards"
82112720,-1,unclustered,0.0,"smoked loins cvp, pork los cerditos"
82127939,-1,unclustered,0.0,"smoked loins, boneless dewig 2066"
180019,-1,unclustered,0.0,ox tails cut-up -net weight-
20234,-1,unclustered,0.0,smoked pork neckbones frozen
20342,-1,unclustered,0.0,smoked pork tails
95685620,-1,unclustered,0.0,"smoked sausage,16/13z,butterball (13#)"
84011350,-1,unclustered,0.0,"smoked tails, turkey (30#) ashland"
11401,-1,unclustered,0.0,smoked turkey drumsticks cw frozen
11411,-1,unclustered,0.0,smoked turkey drumsticks jumbo cw frozen
11081,-1,unclustered,0.0,smoked turkey tails fzn
11041,-1,unclustered,0.0,smoked turkey wings bulk cw frozen
96755890,-1,unclustered,0.0,"smoked turkey, lof delis 8/9oz (4.5#)"
84009990,-1,unclustered,0.0,"smoked wings, turkey moesle"
75005829,-1,unclustered,0.0,"snapper fillet, bnls ivp, sea best 12/1#"
75001789,-1,unclustered,0.0,"snapper, fillet (retail) ivp 12x3-5oz, n"
75109980,-1,unclustered,0.0,"snapper, fillet s/on, 8-10oz (10#)"
75014369,-1,unclustered,0.0,"snapper, scarlet 1-2lb, wggs panamei 10#"
75189989,-1,unclustered,0.0,"snapper, wggs b - liner .50-.75lb, (10#)"
75319989,-1,unclustered,0.0,"snapper, wggs b - liner 1-2lb, (10#)"
75015059,-1,unclustered,0.0,"snapper, wggs lane 1-2lb, allmare (10#)"
75015099,-1,unclustered,0.0,"snapper, wggs lane 1-2lb, condessa (10#)"
75111789,-1,unclustered,0.0,"snapper, wggs lane 1-2lb, netuno (10#)"
75155050,-1,unclustered,0.0,"snapper, wggs lane 2-3lb, allmare (22#)"
75089989,-1,unclustered,0.0,"snapper, wggs red .50-.75lb, iwp (10#)"
75021739,-1,unclustered,0.0,"snapper, wggs red 2-3lb, caribbean (25#)"
75081789,-1,unclustered,0.0,"snapper, wggs rtl red .50-.75lb, ivp net"
75045050,-1,unclustered,0.0,"snapper, whole lane 1.5-2lb, allmare 10#"
75031789,-1,unclustered,0.0,"snapper, whole red .75-1lb, netuno (10#)"
40099980,-1,unclustered,0.0,"snouts, pork"
40091010,-1,unclustered,0.0,"snouts, pork ibp (60#)"
51012,-1,unclustered,0.0,snow crab legs 8up gulf
31800,-1,unclustered,0.0,snow pea
99915015,-1,unclustered,0.0,soap multipurpose liq 5gal
410126,-1,unclustered,0.0,sobeval 6 rib veal rack-chef ready
410116,-1,unclustered,0.0,sobeval french full trim veal top rounds
410118,-1,unclustered,0.0,sobeval french veal bnls sirloin butt
410117,-1,unclustered,0.0,sobeval french veal flank steak
410119,-1,unclustered,0.0,sobeveal veal tenderloin-whole
590005,-1,unclustered,0.0,sockeye salmon-retail 20/1#
90605B,-1,unclustered,0.0,soda sidral mundet 24/12.5 oz
96384740,-1,unclustered,0.0,"sofrito/onio pepper blend, mambo (12x2#)"
90200,-1,unclustered,0.0,soho - vegetable spring roll 400ct
920202,-1,unclustered,0.0,some of everything box
920230,-1,unclustered,0.0,something to cluck about
220046,-1,unclustered,0.0,sopressata citterio swt lrg 4/5#
22PC15Z,-1,unclustered,0.0,sopressata-z thm swt sml 14/.75#
97255700,-1,unclustered,0.0,soup cheese broccoli 18/7oz retail
97103106,-1,unclustered,0.0,soup minestrone 4/52 oz frozen
30337015,-1,unclustered,0.0,sour cream real 4/5#
30337,-1,unclustered,0.0,sour cream real-30#
30348,-1,unclustered,0.0,sour cream salva 32#
34040,-1,unclustered,0.0,souse sausage mag hot
86692,-1,unclustered,0.0,southern style sausage szn pss #102
903980,-1,unclustered,0.0,southwest sweet potato soup-4/4#
84203,-1,unclustered,0.0,southwestern cheddar stuffed spudz
82391,-1,unclustered,0.0,soy fry oil clear old world
84571,-1,unclustered,0.0,soy sauce dispenser kikkoman small box
93232390,-1,unclustered,0.0,soy--tvp 50 lb. bag
84291,-1,unclustered,0.0,soybeans dry - retail pack 14 x3#
84290,-1,unclustered,0.0,soybeans dry 60#/bag *hunsty*
95138010,-1,unclustered,0.0,spagetti 20 lb. units
78482218,-1,unclustered,0.0,"spanish mackerel, 2/4, (44#)"
78484369,-1,unclustered,0.0,"spanish mackerel, stk ivp panamei (10/2)"
45032200,-1,unclustered,0.0,"spareribs (large), pork abbyland (30#)"
45001150,-1,unclustered,0.0,"spareribs (light) vp, pork seaboard #411"
45001060,-1,unclustered,0.0,"spareribs 4/dn (light) vp, pork indiana"
45011150,-1,unclustered,0.0,"spareribs 4/up (medium) vp, pork seaboar"
45021060,-1,unclustered,0.0,"spareribs miscut (medium), poly, pork in"
45019980,-1,unclustered,0.0,pork spare rib 2000#
45039990,-1,unclustered,0.0,pork spare rib 10#
45019990,-1,unclustered,0.0,pork spare rib 30#
45035930,-1,unclustered,0.0,"spareribs, pork, aunt bessie`s (10#)"
974660030,-1,unclustered,0.0,"spareribs, pork, purnell(10lb)"
45031530,-1,unclustered,0.0,"spareribs, pork, tri eagle (10#)"
350245,-1,unclustered,0.0,sparetime iqf chicken tenders-4/5#
190040,-1,unclustered,0.0,beef special trim sliced for taco
18071214,-1,unclustered,0.0,"special trim, choice, creeckstone farms"
18071014,-1,unclustered,0.0,"special trim, choice, ibp"
190550,-1,unclustered,0.0,"special trim, diced, 0.5x0.5"
410073,-1,unclustered,0.0,special veal steaks
900805,-1,unclustered,0.0,spicy battered pickle fries
598243,-1,unclustered,0.0,spicy breaded 2-3oz pollock filet-10#
907508,-1,unclustered,0.0,spinach artichoke popper
20478,-1,unclustered,0.0,spinach feta brat 4/1 chickn rpc942
10443690,-1,unclustered,0.0,"spleen, beef aurora"
23010000,-1,unclustered,0.0,split breast with back
990335,-1,unclustered,0.0,spoon soup s/s 2/6ct
99034,-1,unclustered,0.0,spoons plst soup wht 1000ct
20254,-1,unclustered,0.0,spring hill pork feet
20263,-1,unclustered,0.0,spring hill pork hocks
20233,-1,unclustered,0.0,spring hill pork neck bones
741123,-1,unclustered,0.0,spring hill smoked half hams-12/2.5-3#
97095,-1,unclustered,0.0,spring roll veggie kaiser halal
95190,-1,unclustered,0.0,sprite glass mexico 24x12oz
369030,-1,unclustered,0.0,"squab whole, 15-17oz, 12pc"
83480,-1,unclustered,0.0,squid brand fish sauce.. white box
95073,-1,unclustered,0.0,squirt soda glass 12 bottles only
95072,-1,unclustered,0.0,squirt soda plastic 24 bottles only
84372,-1,unclustered,0.0,sriracha mayo - lee kum kee 12/15oz
97415840,-1,unclustered,0.0,"ssge egg/cheese crois, williams s (8/16)"
45041480,-1,unclustered,0.0,"st. louis ribs 1 pc vp, pork, clemens"
45041010,-1,unclustered,0.0,"st. louis ribs vp, pork, ibp (35#)"
45043630,-1,unclustered,0.0,"st. louis ribs vp, pork, pine ridge farm"
45049990,-1,unclustered,0.0,"st. louis ribs, pork moesle (35#)"
59,-1,unclustered,0.0,stapping wire
190777,-1,unclustered,0.0,"steak breakaway, steakeze, 7oz"
190134,-1,unclustered,0.0,"steak for kabobs, 304oz"
190075,-1,unclustered,0.0,"steak meat, grilled sliced, yt"
140035,-1,unclustered,0.0,"steak philly, ch"
190250,-1,unclustered,0.0,"steak philly, steakeze, 2/5#"
SP199,-1,unclustered,0.0,steak sauce4a/r&tenderizer4c/r
144004,-1,unclustered,0.0,"steak top butt, solid side, cc"
18050762,-1,unclustered,0.0,steak-umm chickenquaker(12-9oz)
18040762,-1,unclustered,0.0,steak-umm quaker(12-9oz)
19285900,-1,unclustered,0.0,steakeater burgers glenmark c. (12/2#)
920210,-1,unclustered,0.0,steaks and stuff
91400,-1,unclustered,0.0,steam bun (b-14)
91100,-1,unclustered,0.0,steamed sponge (e-11)
92200,-1,unclustered,0.0,steamed spongy cake (e-22)
84402,-1,unclustered,0.0,sterno - ethanol 4/1 gallon 20266
40049980,-1,unclustered,0.0,"stomachs scalded, pork, norson"
40045930,-1,unclustered,0.0,"stomachs, pork aunt bessie`s (8/3#)"
40045490,-1,unclustered,0.0,"stomachs, pork costa brava"
40041010,-1,unclustered,0.0,"stomachs, pork ibp (30#)"
40041060,-1,unclustered,0.0,"stomachs, pork indiana (30#)"
STORA,-1,unclustered,0.0,storage charge
410074,-1,unclustered,0.0,strauss #1 veal stk. spe size
410180,-1,unclustered,0.0,strauss 18oz veal porterhouse
420040,-1,unclustered,0.0,strauss 4oz lamb t-bone chop
83590,-1,unclustered,0.0,straw mushroom 6cans/case
83580,-1,unclustered,0.0,"stretch film 18"" x 1,000"
144020,-1,unclustered,0.0,"strip loin #2, ch"
15073794,-1,unclustered,0.0,"strip loin b/in 1x1, black maountai (ch)"
15041002,-1,unclustered,0.0,"strip loin b/in 1x1, go (cangus)"
15041490,-1,unclustered,0.0,"strip loin bnls 0x1 new york, mex proboc"
15041174,-1,unclustered,0.0,"strip loin bnls 0x1, demkota (ch)"
15043550,-1,unclustered,0.0,"strip loin bnls 0x1, heartland (angus)"
15043563,-1,unclustered,0.0,"strip loin bnls 0x1, ibp star ranch (ch_"
15043370,-1,unclustered,0.0,"strip loin bnls 0x1, mex don saul"
15044640,-1,unclustered,0.0,"strip loin bnls 0x1, mex el alba"
15041876,-1,unclustered,0.0,"strip loin bnls 0x1, nebraska beef (n/r)"
15041001,-1,unclustered,0.0,"strip loin bnls 0x1,gre omaha,halal (pr)"
15042260,-1,unclustered,0.0,"strip loin bnls 100% lean, m p beef (uti"
15041076,-1,unclustered,0.0,"strip loin bnls 12/up 0x1, paloduro (nr)"
15045710,-1,unclustered,0.0,"strip loin bnls, wagyu"
15041876,-1,unclustered,0.0,"strip loin bnls 0x1, nebraska beef (n/r)"
15241014,-1,unclustered,0.0,"strip loin boneless ii, ibp (ch)"
144010,-1,unclustered,0.0,"strip loin ny, 0+1, ch"
143010,-1,unclustered,0.0,"strip loin, angus, ch, 0+1"
143021,-1,unclustered,0.0,"strip loin, angus, vein-off, ch, 0+1"
148860,-1,unclustered,0.0,"strip loin, itoham japanese wagyu"
144011,-1,unclustered,0.0,"strip loin, process, 0+1, ch"
141039,-1,unclustered,0.0,"strip loin, vein end removed, prime"
144039,-1,unclustered,0.0,"strip loin, vein end, ch"
141010,-1,unclustered,0.0,"strip loins, bnls, 0+1, prime"
144165,-1,unclustered,0.0,"strip steak kc, spec trim, chm 16oz"
144515,-1,unclustered,0.0,"strip steak manhattan, ch"
144029,-1,unclustered,0.0,"strip steak manhattan, grass fed, 10oz"
140300,-1,unclustered,0.0,"strip steak manhattan, grass fed, 16oz"
141032,-1,unclustered,0.0,"strip steak manhattan, prime"
142110,-1,unclustered,0.0,"strip steak ny, angus, ch, 12/14oz"
143140,-1,unclustered,0.0,"strip steak ny, creekstone angus, ch"
144199,-1,unclustered,0.0,"strip steak ny, dry age, ch, 14oz"
140301,-1,unclustered,0.0,"strip steak ny, grass fed, cc"
140811,-1,unclustered,0.0,"strip stk ny, retail, o.prairie"
144015,-1,unclustered,0.0,"striploin ny, processed, ch"
148981,-1,unclustered,0.0,"striploin, broadleaf japanese wagyu"
140009,-1,unclustered,0.0,"striploin, organic prairie"
140072,-1,unclustered,0.0,"strips ny, end cut, ind cryo, 7oz"
207900013,-1,unclustered,0.0,"strips, pork,"
907100,-1,unclustered,0.0,stuffed buffalo chix meatball
390013,-1,unclustered,0.0,"stuffed chicken, brie & apple, sign chix"
907512,-1,unclustered,0.0,stuffed elote street corn bites
99999945,-1,unclustered,0.0,"stuffed long green peppers, 30 pcs (14#)"
31686,-1,unclustered,0.0,stuffed long green peppers30pc
9999985,-1,unclustered,0.0,styrofoam 7/6/5.5
430001,-1,unclustered,0.0,su cabarito retail goat cubes
88000,-1,unclustered,0.0,sugar 50#
91195,-1,unclustered,0.0,sugar granulated white 50# bag
88060,-1,unclustered,0.0,sugar packets *domino*
31801,-1,unclustered,0.0,sugar snap peas
96310,-1,unclustered,0.0,sugarcan hinged container 963 - sh89
920208,-1,unclustered,0.0,summer selection
920222,-1,unclustered,0.0,summer sizzler box
22001,-1,unclustered,0.0,sun noodle classic thick wavy 50/5oz
22005,-1,unclustered,0.0,sun noodle milky tonkotsu soup base 8/4#
22006,-1,unclustered,0.0,sun noodle miso soup base 6/2.2kg
22000,-1,unclustered,0.0,sun noodle temomi thick wavy 50/5.5oz
22007,-1,unclustered,0.0,sun noodle vegitarian miso soup 6/4.45#
310543,-1,unclustered,0.0,sunland iqf b/s chicken breasts-10/4#
94191241,-1,unclustered,0.0,super melt cheese bongard (30#)
907501,-1,unclustered,0.0,super pretzel bavarian 40/5.5 oz 13.75lb
78511109,-1,unclustered,0.0,"surimi flakes, (30/1#)"
78519980,-1,unclustered,0.0,"surimi flakes, 12x2.5# (30#)"
77115609,-1,unclustered,0.0,"surimi snow crab legs, nature`s b. 10/2#"
88030,-1,unclustered,0.0,sushi ginger white 20# *super dx*
82520,-1,unclustered,0.0,sushi nori premium gold ( each )
81090,-1,unclustered,0.0,sushi salmon fillets 2/4 10kg
625850,-1,unclustered,0.0,swaggerty mild pork saus patty-30ct
560791,-1,unclustered,0.0,swai filet-7-9oz (15#)
560570,-1,unclustered,0.0,swai filets-5-7oz (15#)
79234360,-1,unclustered,0.0,"swai, fil 5-9oz, ivp rtl panamei (10/2#)"
79134360,-1,unclustered,0.0,"swai, fil 5-9oz, ivp rtl panamei (20/1#)"
79011699,-1,unclustered,0.0,"swai, fillets 3-5oz, iqf aquanita (15#)"
79011549,-1,unclustered,0.0,"swai, fillets 3-5oz, iqf otten`s (15#)"
79011509,-1,unclustered,0.0,"swai, fillets 3-5oz, iqf sea mazz (15#)"
79021509,-1,unclustered,0.0,"swai, fillets 5-7oz, iqf sea mazz (15#)"
79075809,-1,unclustered,0.0,"swai, fillets 5-7oz,iqf happy seas(2/5#)"
79011104,-1,unclustered,0.0,"swai,fillets3-5oz,original mekong iqf#15"
79021104,-1,unclustered,0.0,"swai,fillets5-7oz,original mekong iqf#15"
88130,-1,unclustered,0.0,sweet chili sauce 3x4kg *mae ploy*
906007,-1,unclustered,0.0,soda sprite cans 35/12oz
999025,-1,unclustered,0.0,sweet rice-25#
88080,-1,unclustered,0.0,sweet soy sauce *khs* glass bottles
340999,-1,unclustered,0.0,swift ckd savory b/s chicken thighs
620075,-1,unclustered,0.0,swift smoked buffet ham-2/#10
750051,-1,unclustered,0.0,swiss cheese 5lb avg
85166,-1,unclustered,0.0,swiss pre slice
4707,-1,unclustered,0.0,t bone steaks 18 oz choice
408720,-1,unclustered,0.0,t bone steaks 20oz prime
15029990,-1,unclustered,0.0,"t-bone steak 12oz, moesle bulk (12#)"
143001,-1,unclustered,0.0,"t-bone steak, ch"
144200,-1,unclustered,0.0,"t-bone, ch, 20oz"
84591,-1,unclustered,0.0,t-shirt bag (l) `thank you` 1/6inch
901024,-1,unclustered,0.0,"table talk 8"" pumpkin pie-baked"
900005,-1,unclustered,0.0,taco john tater coins-potato oles
190045,-1,unclustered,0.0,"taco meat precooked, 8-5#"
40069980,-1,unclustered,0.0,"tails, pork"
40061010,-1,unclustered,0.0,"tails, pork ibp (30#)"
40061530,-1,unclustered,0.0,"tails, pork tri eagle (30#)"
40061060,-1,unclustered,0.0,"tails, pork, indiana (30#)"
70236C,-1,unclustered,0.0,tamale beef-z 4oz 72ct tom tom
SP111B,-1,unclustered,0.0,tamales - beef 18# 72- 4oz
63942,-1,unclustered,0.0,tamales pork 15/4pk retail
88010,-1,unclustered,0.0,tapioca starch 24/1# /case
88012,-1,unclustered,0.0,tapioca starch 44# *ameris tarch
96061,-1,unclustered,0.0,tastee jamaican cheese
900001,-1,unclustered,0.0,tatar tot potatoes
84630,-1,unclustered,0.0,tea oolong *abc* 6/5# (case)
145050,-1,unclustered,0.0,"tender, psmo, select, 5up"
15223530,-1,unclustered,0.0,"tenderloin ""n"" beef (mex)"
15234927,-1,unclustered,0.0,tenderloin 5/up long prairie
15223520,-1,unclustered,0.0,tenderloin bona prime (mex)
140089,-1,unclustered,0.0,"tenderloin filet 3-4#, 8oz flat filet"
140067,-1,unclustered,0.0,"tenderloin filet 3-4#, cubed, 5oz"
140073,-1,unclustered,0.0,"tenderloin filet 3-4#, cubed, 6oz"
15221164,-1,unclustered,0.0,"tenderloin psmo, iowa premium (ch)"
15221024,-1,unclustered,0.0,"tenderloin psmo, national (ch)"
15225723,-1,unclustered,0.0,"tenderloin psmo, national a b (ch_angus)"
15421876,-1,unclustered,0.0,"tenderloin psmo, nb angus gold (n/r)"
15221876,-1,unclustered,0.0,"tenderloin psmo, nebraska beef (n/r)"
15221130,-1,unclustered,0.0,tenderloin su karne (mex)
144030,-1,unclustered,0.0,"tenderloin tails, ch, 3/5oz"
144043,-1,unclustered,0.0,"tenderloin tails, ch, oz"
140125,-1,unclustered,0.0,"tenderloin, cc, 4up, 12oz"
140045,-1,unclustered,0.0,"tenderloin, center cut, 4up, 4oz"
15224636,-1,unclustered,0.0,"tenderloin, naeve beef (n/r)"
44322090,-1,unclustered,0.0,"tenderloin, pork 1.25/dn 2pc, apc"
44322030,-1,unclustered,0.0,"tenderloin, pork 2pc vac, rantoul"
44321300,-1,unclustered,0.0,"tenderloin, pork 2pc vp, hylife"
44323350,-1,unclustered,0.0,"tenderloin, pork 6x2pc vp, swift"
44311010,-1,unclustered,0.0,"tenderloin, pork single pk cryo, ibp"
44324430,-1,unclustered,0.0,"tenderloin, pork, sioux preme"
140249,-1,unclustered,0.0,"tenderloins buffalo, 4pc box"
52011640,-1,unclustered,0.0,"tenders buffalo, winganza (10/2#)"
52311040,-1,unclustered,0.0,"tenders jumbo, sanderson frozen (40#)"
52015540,-1,unclustered,0.0,"tenders, 3s t/p, organic, miller"
59024240,-1,unclustered,0.0,"tenders, breaded chicken lake liner 8/3#"
4097,-1,unclustered,0.0,"tenders,butt peeled ibp"
96424740,-1,unclustered,0.0,"tequeños chesse, 4ct, mambo 8x12z"
128009,-1,unclustered,0.0,teres major imported wagyu mbs #3
128010,-1,unclustered,0.0,teres major imported wagyu mbs #7
99990,-1,unclustered,0.0,test
31080,-1,unclustered,0.0,thai basil leaf
84660,-1,unclustered,0.0,thai tea mix *pantai* orange box
920268,-1,unclustered,0.0,the combo
990306,-1,unclustered,0.0,the home run
920295,-1,unclustered,0.0,the lazy susan box
990307,-1,unclustered,0.0,the most valuable player
920296,-1,unclustered,0.0,the ono kine grindz
920297,-1,unclustered,0.0,the raised grain
920301,-1,unclustered,0.0,the sack
920302,-1,unclustered,0.0,the scrum
84505,-1,unclustered,0.0,"thermal paper roll 3 1/8"" x 230` 50 rol"
56005540,-1,unclustered,0.0,"thigh m bnls/sknls, 3s t/p, organ miller"
207900002,-1,unclustered,0.0,"thigh meat bnls/sknls, tray pack, signat"
56001010,-1,unclustered,0.0,"thigh meat bnls/sknls, tray pack, tyson,"
56004020,-1,unclustered,0.0,"thigh meat, bnls/sknls, chicken cvp (40#"
56004800,-1,unclustered,0.0,"thighs b/s t. p., delta sunrise 12/1.75"
310073,-1,unclustered,0.0,thin sliced organic breasts
84481,-1,unclustered,0.0,thin soy sauce *dsb* brand
84480,-1,unclustered,0.0,thin soy sauce 24 glass bottles
191220,-1,unclustered,0.0,thomas grass fed beef patties-4/4oz pack
190049,-1,unclustered,0.0,thor`s hammer
742257,-1,unclustered,0.0,thuman deli loaf pepperoni
741011,-1,unclustered,0.0,thuman delux baby ham-pear shaped
799112,-1,unclustered,0.0,thuman roasted peppers-12/12oz
91PQ57,-1,unclustered,0.0,thumann 12/9-oz ham glaze
622568,-1,unclustered,0.0,thumann 6-1 all beef frankfurter
625269,-1,unclustered,0.0,thumann 6-1 natural cas. deep fry frank
622515,-1,unclustered,0.0,thumann 6-1 natural casing frankfurter
612125,-1,unclustered,0.0,thumann chicken franks-12/1#
754018,-1,unclustered,0.0,thumann hot peeper jack loaf
722642,-1,unclustered,0.0,thumann top rnd corned beef
623069,-1,unclustered,0.0,thumann`s 2oz cooked meatballs-10#
752700,-1,unclustered,0.0,thumann`s american cheese loaf
724050,-1,unclustered,0.0,thumann`s beef bologna
744005,-1,unclustered,0.0,thumann`s bologna-long
744230,-1,unclustered,0.0,thumann`s braunschweigr-10/1#
744205,-1,unclustered,0.0,thumann`s braunschweigr-2/4#
744410,-1,unclustered,0.0,thumann`s cooked salami-4#
741054,-1,unclustered,0.0,thumann`s deluxe low sodium ham-9#
799169,-1,unclustered,0.0,thumann`s dussledorf mustard
741285,-1,unclustered,0.0,thumann`s hot ham-7.5#
723625,-1,unclustered,0.0,thumann`s italian cap off roast beef
722647,-1,unclustered,0.0,thumann`s pastrami bottom round flat
754016,-1,unclustered,0.0,thumann`s provolone
754012,-1,unclustered,0.0,thumann`s sharp white cheddar
743024,-1,unclustered,0.0,thumann`s virginia style ham-8# box
722625,-1,unclustered,0.0,thumanns cap off italian roast beef
89102,-1,unclustered,0.0,thyme leaf 2# jamaican
80772400,-1,unclustered,0.0,tilaia
80803580,-1,unclustered,0.0,tilapia
80240,-1,unclustered,0.0,tilapia 350/550 cleaned
80360,-1,unclustered,0.0,tilapia 550 ct. frz whole
80223,-1,unclustered,0.0,tilapia belly nuggets 10#
76001109,-1,unclustered,0.0,"tilapia fillet 2-5z, retail crystal 10/2"
540351,-1,unclustered,0.0,tilapia fillet 3-5
80022,-1,unclustered,0.0,tilapia fillet 5-7 iqf bulk 20#
76095829,-1,unclustered,0.0,"tilapia fillet, sea best (10/2#)"
76005829,-1,unclustered,0.0,"tilapia fillet, sknls sea best (10/1#)"
71204,-1,unclustered,0.0,tilapia loins 10/2#
76174369,-1,unclustered,0.0,"tilapia, black wgs ivp, panamei (10/3#)"
76524360,-1,unclustered,0.0,"tilapia, fil ivp selectrtl panamei 20/1#"
76013489,-1,unclustered,0.0,"tilapia, fillet 2-3oz, iqf pacific dynas"
76014750,-1,unclustered,0.0,"tilapia, fillet 3-5oz, iqf hook&b.(10#)"
76023489,-1,unclustered,0.0,"tilapia, fillet 3-5oz, iqf pacific dynas"
76034529,-1,unclustered,0.0,"tilapia, fillet 5-7oz, ivp crystal b 10#"
76034979,-1,unclustered,0.0,"tilapia, fillet 5-7oz, ivp o. sereni 10#"
76034369,-1,unclustered,0.0,"tilapia, fillet 5-7oz, ivp panamei (10#)"
76031109,-1,unclustered,0.0,"tilapia, fillet 5oz, iqf crystal blue"
76044529,-1,unclustered,0.0,"tilapia, fillet 7-9oz, ivp crystal b 10#"
76051739,-1,unclustered,0.0,"tilapia, whole 350/550, austin gold 40#"
76075452,-1,unclustered,0.0,"tilapia, whole 750/950, fortune wind 40#"
76071649,-1,unclustered,0.0,"tilapia, whole 750/950, quirch (22#)"
76169989,-1,unclustered,0.0,"tilapia, whole red wgs 550/650, (22#)"
96024,-1,unclustered,0.0,cup foam 12 oz squat 12sj20 dart
11500,-1,unclustered,0.0,tky bacon bb
96665880,-1,unclustered,0.0,"tky br sliced quarter, kentucky l (8/2l)"
17131011,-1,unclustered,0.0,"tomahaw b/in, ibp (prime)"
17131160,-1,unclustered,0.0,"tomahaw b/in, iowa premium"
17139980,-1,unclustered,0.0,"tomahawk b/in,"
31840,-1,unclustered,0.0,tomatillo (green)
906610,-1,unclustered,0.0,tomato basil ravioletti-4/4#
22080200,-1,unclustered,0.0,tomato whl pld 6/#10 s.benit
94332800,-1,unclustered,0.0,tomatoes diced
96544551,-1,unclustered,0.0,"tombstone pepperoni pizza 12"""
25431,-1,unclustered,0.0,tomoshiraga somen
10173760,-1,unclustered,0.0,"tongue #1 mixed ivp, liffey"
10174650,-1,unclustered,0.0,"tongue #1 white, frozen lone star"
10173350,-1,unclustered,0.0,"tongue #1 white, premium trim, swift"
10171080,-1,unclustered,0.0,"tongue #1 white, st. helens"
10174490,-1,unclustered,0.0,"tongue #1 white, swiss harmony"
10191145,-1,unclustered,0.0,"tongue #2, (selected) western reserve"
10194490,-1,unclustered,0.0,"tongue #2, harmony"
10193350,-1,unclustered,0.0,"tongue #2, premium trim, swift"
10209980,-1,unclustered,0.0,"tongue diced cooked, beef (2/5#)"
10201680,-1,unclustered,0.0,"tongue diced cooked, dtm (3/5#)"
10211720,-1,unclustered,0.0,"tongue mixed, republic foods"
10214980,-1,unclustered,0.0,"tongue mixed, the chop shop"
10461000,-1,unclustered,0.0,"tongue root fillet, greater omaha"
10229980,-1,unclustered,0.0,tongue tips excel
10501680,-1,unclustered,0.0,"tongue whole cooked, dtm"
10504810,-1,unclustered,0.0,"tongue whole cooked, friboi"
40209980,-1,unclustered,0.0,"tongue, pork"
40201060,-1,unclustered,0.0,"tongue, pork indiana (#40)"
140077,-1,unclustered,0.0,"top butt xt, grass run farms, ch"
240341,-1,unclustered,0.0,"top loin boneless, heritage berkshire"
174001,-1,unclustered,0.0,top round roast capoff
170011,-1,unclustered,0.0,chk br bs rand w .fmc 4/10#
170520,-1,unclustered,0.0,"top round sliced, swift, 5/2#"
170006,-1,unclustered,0.0,"top round, ckd, angus, dan`s"
15101214,-1,unclustered,0.0,"top sirloin butt 1/4`, creekstone (ch)"
15103694,-1,unclustered,0.0,"top sirloin butt xt, aurora (ch)"
15103794,-1,unclustered,0.0,"top sirloin butt xt, black mountain (ch)"
15101874,-1,unclustered,0.0,"top sirloin butt xt, nebraska beef (ch)"
15111876,-1,unclustered,0.0,"top sirloin butt xt, nebraska bf (n/r)"
15103354,-1,unclustered,0.0,"top sirloin butt xt, swift (ch)"
15103332,-1,unclustered,0.0,"top sirloin butt xt, upper iowa (cangus)"
15101142,-1,unclustered,0.0,"top sirloin butt xt, westernreserve (can"
15103563,-1,unclustered,0.0,"top sirloin butt, ibp star ranch (ch_ang"
95160,-1,unclustered,0.0,topo chico mineral water glass
15101876,-1,unclustered,0.0,topsirloin butt xt nebraska gold nr_angu
9028007,-1,unclustered,0.0,tortilla corn fam 6 pk wht
9028003,-1,unclustered,0.0,tortilla corn wht pre-cut raw 20#
90280014,-1,unclustered,0.0,tortilla corn yell 5
901343,-1,unclustered,0.0,tortino orange chix pizza rolls-9/24.46
98320480,-1,unclustered,0.0,"tostada 6"" corn shells"
98816000,-1,unclustered,0.0,"tostada corn shell 6"" 20/10 cs"
9028017,-1,unclustered,0.0,tostada el ranc 20ct
96354740,-1,unclustered,0.0,"tostones de pana, mambo (12x1.25lb)"
84642,-1,unclustered,0.0,towel cntr pull 2p
10030,-1,unclustered,0.0,tp chicken breast #829
19440034,-1,unclustered,0.0,trash
15203794,-1,unclustered,0.0,"tri-tip, black mountain (ch)"
15205473,-1,unclustered,0.0,"tri-tip, iowa best beef (ch angus)"
900035,-1,unclustered,0.0,triangle tofu
48052080,-1,unclustered,0.0,"trimmings, 80%, pork boxed, dekalb"
144006,-1,unclustered,0.0,"tritips, fat-on, ch"
144099,-1,unclustered,0.0,"tritips, peeled, ch"
1818889,-1,unclustered,0.0,trky br bi chops -z
18040109,-1,unclustered,0.0,trky br bnl-z fm br meat 40#
18040102,-1,unclustered,0.0,trky br bnl-z nor-40407 br meat 40#
18040104,-1,unclustered,0.0,trky br bnl-z tvf-2041 br meat 40#
18040101,-1,unclustered,0.0,trky br bnl.combo 2000#
182014,-1,unclustered,0.0,trky burg jen 3-1
182013,-1,unclustered,0.0,trky burg shen 3-1 80190
1822814,-1,unclustered,0.0,trky fries 30# mi-z
18210789,-1,unclustered,0.0,trky grnd car-12/1#
18210788,-1,unclustered,0.0,trky grnd t.p per-12/1#
182111,-1,unclustered,0.0,trky grnd-z mit-l-43010 4/5#
18211B,-1,unclustered,0.0,trky grnd-z mit-l-43011 4/5#
18212,-1,unclustered,0.0,trky grnd-z nor 2/10# 30300 tubes
18220NB,-1,unclustered,0.0,trky ham nor-z tav styl 70129 2/7#
1786378,-1,unclustered,0.0,trky kneecaps-z cooper 40#
1786379,-1,unclustered,0.0,trky kneecaps-z mit 40#
1786377,-1,unclustered,0.0,trky leg 1/4-z nor 33#
18229N,-1,unclustered,0.0,trky necks-z mic 30#
1899176,-1,unclustered,0.0,trky or br cpr-z brwn 8164 2/9#
18190,-1,unclustered,0.0,trky or br eck-z-skl
18304,-1,unclustered,0.0,trky or br jen-slc-z 40/.8 24#
183PE64,-1,unclustered,0.0,trky or br mit gl-46502 2/9#
183PE64Z,-1,unclustered,0.0,trky or br mit-z gldl-46502 2/9#
181301,-1,unclustered,0.0,trky or br nor gold-son 60112 2/9#
1832980,-1,unclustered,0.0,trky or br syg white skl 12# 2-3p
18030,-1,unclustered,0.0,trky or br thigh son-z 317002 19#
1832253,-1,unclustered,0.0,trky or br thm .low-sod heart 2/9#
1832206,-1,unclustered,0.0,trky or br thm .prem white 2/9#
183PE25,-1,unclustered,0.0,trky or br thm-920 wht skin-on 2/9#
183PE30,-1,unclustered,0.0,trky or br thm-925 wht skl 2/9#
183PE27,-1,unclustered,0.0,trky or br thm-z 920 wht skin-on
1832247,-1,unclustered,0.0,trky or br thm-z honey & mol 6.5#
1838101,-1,unclustered,0.0,trky or br thm-z jersey made 2/9#
1832253Z,-1,unclustered,0.0,trky or br thm-z low-sod heart 2/9#
18363,-1,unclustered,0.0,trky or br-z kretschmar 2/8#
1811080,-1,unclustered,0.0,trky or br-z peer smk 45550 6/6#
18111586,-1,unclustered,0.0,trky or-slc-z btb 12/1#
18066881,-1,unclustered,0.0,trky or-slc-z osm-06441 12#
1823506,-1,unclustered,0.0,trky tenders-z per 40#
182292,-1,unclustered,0.0,trky thigh meat bnl-z jennie o 40#
182191,-1,unclustered,0.0,trky whl 10-12# car-z 4ct
1800114,-1,unclustered,0.0,trky whl 10-16# btb-z
18222734,-1,unclustered,0.0,trky whl 10-16# hny 4 ct-z
1800194,-1,unclustered,0.0,trky whl 10-16# sbf-z
18224885,-1,unclustered,0.0,trky whl 12-14# svo organic-z 2 ct
182208,-1,unclustered,0.0,trky whl 12-16# jennie o-z 4ct
182223,-1,unclustered,0.0,trky whl 14-16# jennie-o-z 4ct
1800115,-1,unclustered,0.0,trky whl 16-20# jen-z
1822680,-1,unclustered,0.0,trky whl 16-22# nor 2ct
1800113,-1,unclustered,0.0,trky whl 16-24# btb-z
1823073,-1,unclustered,0.0,trky whl 20-24# car-z 2ct
18265,-1,unclustered,0.0,trky whl 28-32#-z 2 ct count
18230999,-1,unclustered,0.0,trky whl-ref ho-ka 20-22# 1 ct
18204014,-1,unclustered,0.0,trky wing -z jennie-o 30#
182281,-1,unclustered,0.0,trky-smk necks bel 30#
18215,-1,unclustered,0.0,trky-smk whl nor 08-10# 4p 83103
1822980,-1,unclustered,0.0,trky-smk wing anm 30#
96050,-1,unclustered,0.0,tropical rythms mango
80773100,-1,unclustered,0.0,trout filet -fresh 4oz
71201,-1,unclustered,0.0,trout rainbow fillets
DIESEL,-1,unclustered,0.0,truck fuel
805466,-1,unclustered,0.0,"truffles, pate, blk 6/17.7-oz isola"
84221,-1,unclustered,0.0,tsuru mai brown rice 50# california
80060,-1,unclustered,0.0,tuna cut frozen 22#
80063,-1,unclustered,0.0,tuna ground/minced aa ivp
78419969,-1,unclustered,0.0,tuna saku yellowfin #10
78424369,-1,unclustered,0.0,"tuna, portions ivp, panamei (20/1#)"
10001056,-1,unclustered,0.0,"turano sub rolls 6"""
41129350,-1,unclustered,0.0,turducken ground
42301146,-1,unclustered,0.0,turkey -brest foil turkey valley-18%
99910,-1,unclustered,0.0,foil sheets 9x10 3/4 vintage
41501900,-1,unclustered,0.0,turkey 20/24 organic
41218603,-1,unclustered,0.0,turkey b/out raw foil 2-8/12 lb /cs jenn
41303070,-1,unclustered,0.0,turkey bacon butterball
95695620,-1,unclustered,0.0,"turkey bacon loso,12/12z butterball (9#)"
391036,-1,unclustered,0.0,"turkey bacon, club pack, o. mayer"
391111,-1,unclustered,0.0,turkey bones
43410212,-1,unclustered,0.0,turkey breakfast sausage patties 2oz rwa
43400693,-1,unclustered,0.0,turkey breast -bonelesss netted 2/9
43400692,-1,unclustered,0.0,turkey breast -bonelesss netted skin on
41312400,-1,unclustered,0.0,turkey breast b/out raw bake-n-bag coope
41200002,-1,unclustered,0.0,turkey breast b/out s/off combopac
41200001,-1,unclustered,0.0,turkey breast b/out s/off combopac tk va
311777,-1,unclustered,0.0,"turkey breast bi split, empire kosher"
41611514,-1,unclustered,0.0,turkey breast bone in chop 14oz
SP4011,-1,unclustered,0.0,turkey breast boneless foil*
391990,-1,unclustered,0.0,"turkey breast chop, moesle"
43475021,-1,unclustered,0.0,turkey breast deli hickory smoked 2/8 fr
311040,-1,unclustered,0.0,"turkey breast filet, 4oz, our own"
311121,-1,unclustered,0.0,"turkey breast frenched, j.o., 4pc"
43466621,-1,unclustered,0.0,turkey breast golden browned petite low
971117598,-1,unclustered,0.0,turkey breast honey(9-8oz)plumrose
41251060,-1,unclustered,0.0,turkey breast norbest sweet b/out raw
43446678,-1,unclustered,0.0,turkey breast oven browned whole 46678
97125740,-1,unclustered,0.0,"turkey breast oven r, bar s 12/14oz"
43461240,-1,unclustered,0.0,turkey breast oven roasted petite mt
43463001,-1,unclustered,0.0,turkey breast oven roasted white fresh m
311001,-1,unclustered,0.0,"turkey breast oven roasted, carolina"
41850200,-1,unclustered,0.0,turkey breast oven rost oil browned
41742400,-1,unclustered,0.0,turkey breast pan rst cooper
311030,-1,unclustered,0.0,"turkey breast qtr, foster, oven roasted"
311020,-1,unclustered,0.0,"turkey breast roast, foil wrap, 2pc"
43400792,-1,unclustered,0.0,turkey breast roast/petite s/on french c
41602160,-1,unclustered,0.0,turkey breast s/off oven roasted
41200901,-1,unclustered,0.0,turkey breast skin/off bnls abf
43488032,-1,unclustered,0.0,turkey breast sliced browned frozen mt
48305,-1,unclustered,0.0,turkey breast sliced frozen mt
43485321,-1,unclustered,0.0,turkey breast sliced hickory smoked fres
41868500,-1,unclustered,0.0,turkey breast smoked -fresh 2-9 lb/cs
311003,-1,unclustered,0.0,"turkey breast tender, j.o., brown"
42301143,-1,unclustered,0.0,turkey breast turkey valley cook in bag
SP400,-1,unclustered,0.0,turkey breast-cooked*
43478101,-1,unclustered,0.0,turkey breast-pan whole hickory smoke fr
311002,-1,unclustered,0.0,"turkey brst/thigh roast raw, j.o."
41422210,-1,unclustered,0.0,turkey burger (2oz sliders )
41404000,-1,unclustered,0.0,turkey burgers perdue senandoah 3.53
41404004,-1,unclustered,0.0,turkey burgers pure 4/1
41531030,-1,unclustered,0.0,turkey deli sliced oven roasted buddig
SP4162,-1,unclustered,0.0,turkey diced
41829220,-1,unclustered,0.0,"turkey diced mixed 3/8"""
41544650,-1,unclustered,0.0,"turkey dogs 12#cs 5-1 6"" butterball"
41561886,-1,unclustered,0.0,"turkey dogs 8-1 6"" 2/5 lb"
41618368,-1,unclustered,0.0,"turkey dogs 8-1 6"" 36# cs"
321122,-1,unclustered,0.0,"turkey drums, tray pack, perdue"
41501200,-1,unclustered,0.0,turkey fresh 12/15
11082,-1,unclustered,0.0,turkey fries 40#
11420,-1,unclustered,0.0,turkey gizzards bulk raw frozen 30#
43350213,-1,unclustered,0.0,turkey gizzards frozen
41445930,-1,unclustered,0.0,turkey ground anmarfoods
41385000,-1,unclustered,0.0,turkey ground norbest-all natural
48100001,-1,unclustered,0.0,turkey ground thigh frozen 1 lb. units
96735620,-1,unclustered,0.0,"turkey ham skd bb hickory,2/6.5 butt (13"
41701262,-1,unclustered,0.0,turkey ham whole fully cooked
11044,-1,unclustered,0.0,turkey kuckles frozen
41320030,-1,unclustered,0.0,turkey leg quarters
331001,-1,unclustered,0.0,"turkey leg, smoked, 16-20ct"
43350712,-1,unclustered,0.0,turkey livers 50 lb case
381000,-1,unclustered,0.0,turkey necks
11070,-1,unclustered,0.0,turkey necks raw fzn catchweight
97665880,-1,unclustered,0.0,"turkey oven roast 1/4 slcd, k l (12/16l)"
41246100,-1,unclustered,0.0,turkey pattie 7oz savory dark frozen - j
41609020,-1,unclustered,0.0,turkey pot roast
SP450,-1,unclustered,0.0,turkey pulled / raw bnls thighs
41430160,-1,unclustered,0.0,turkey raw ground 90% -abf
11045,-1,unclustered,0.0,turkey ribs jumbo fc frozen
41816400,-1,unclustered,0.0,turkey salami
48000123,-1,unclustered,0.0,turkey sausage jalapeno
207900019,-1,unclustered,0.0,"turkey sausage links, johnsonville (6#)"
207900020,-1,unclustered,0.0,"turkey sausage patties, j. dean (5#)"
41350050,-1,unclustered,0.0,turkey skin 40lb cs frozen
41350040,-1,unclustered,0.0,turkey skins 300lb cmbo
41117200,-1,unclustered,0.0,turkey smoked thigh
11050,-1,unclustered,0.0,turkey tails ( 20lb)
11080,-1,unclustered,0.0,turkey tails raw frozen( 30#)
41548870,-1,unclustered,0.0,turkey tails smoked
381030,-1,unclustered,0.0,"turkey tails, smoked, 30#"
43210012,-1,unclustered,0.0,turkey tender filet tendon out
351000,-1,unclustered,0.0,"turkey tender, 18#"
351040,-1,unclustered,0.0,"turkey tender, 40#"
11410,-1,unclustered,0.0,turkey thigh b/i bulk frozen
41300140,-1,unclustered,0.0,turkey thigh meat b/out s/off fresh 40lb
41300000,-1,unclustered,0.0,"turkey thigh meat, b/out-skinless"
341122,-1,unclustered,0.0,"turkey thigh, bi, perdue, tray pack"
11102,-1,unclustered,0.0,turkey whole 14/16 turkey valley
41802110,-1,unclustered,0.0,turkey whole 18/20 abf
41803118,-1,unclustered,0.0,turkey whole 18/20 halal
41701260,-1,unclustered,0.0,turkey whole ham 2/6-8#
361118,-1,unclustered,0.0,"turkey whole, ferndale mkt, 18-20#"
371000,-1,unclustered,0.0,turkey wings
43230013,-1,unclustered,0.0,turkey wings drummettes 1st joint only
11043,-1,unclustered,0.0,turkey wings jive fc 12pk/6 frozen
41564871,-1,unclustered,0.0,turkey wings smoked
11042,-1,unclustered,0.0,turkey wings smoked 2nd joint frozen
11040,-1,unclustered,0.0,turkey wings tom bulk frozen
41640003,-1,unclustered,0.0,turkey wings whole
371122,-1,unclustered,0.0,"turkey wings, tray pack, perdue"
41803400,-1,unclustered,0.0,turkeys whole smoked 12/14
31870,-1,unclustered,0.0,turnip 25#
25250,-1,unclustered,0.0,"tyj sprng roll pastry 8"" *tyj*"
350928,-1,unclustered,0.0,tyson chicken breast tenderloins-2/#10
343140,-1,unclustered,0.0,tyson rtc jumbo b/s ckn thigh 4/10 lb
610269,-1,unclustered,0.0,tyson sliced pepperoni-pork free
70000,-1,unclustered,0.0,u/15 shrimp 10/4# case
85460,-1,unclustered,0.0,unagi tare (eel sauce) *lee kum kee
12100415,-1,unclustered,0.0,usda prime spinalis
83430,-1,unclustered,0.0,use -----89850 8x8 3 cmpt
620112,-1,unclustered,0.0,using bransweigerliversausno.
620042,-1,unclustered,0.0,using slicing summer 8lb
620043,-1,unclustered,0.0,using stic summer nogarlic 2l
620113,-1,unclustered,0.0,using stk summsausw/garlic 2l
620044,-1,unclustered,0.0,using summer w/jalapeno
620114,-1,unclustered,0.0,usinger 4-1 raw brat 6#
620045,-1,unclustered,0.0,usinger 4-1 raw italian 6#
620115,-1,unclustered,0.0,usinger all beef 5-1 hot dog
620069,-1,unclustered,0.0,b.park 5-1 all beef hot dog
620046,-1,unclustered,0.0,usinger andouille
620072,-1,unclustered,0.0,bnls smoked pork loin
620067,-1,unclustered,0.0,6oz smoked pork chop
620116,-1,unclustered,0.0,usinger bavarian wiener
620070,-1,unclustered,0.0,b.park 8-1 all beef hot dogs
620057,-1,unclustered,0.0,2oz homemade bratwurst links
620105,-1,unclustered,0.0,rb rice ital saus roll-12/1#
620095,-1,unclustered,0.0,j.dean ckd pork sausage links-30#
620097,-1,unclustered,0.0,jimmy dean pork sausage roll
620117,-1,unclustered,0.0,usinger hungarian sausage 4/1
620047,-1,unclustered,0.0,usinger knackwurst (6#)
620048,-1,unclustered,0.0,usinger landjaeger 5# 15pc
620111,-1,unclustered,0.0,smoked pork hock
620061,-1,unclustered,0.0,4-1 homemade brat links 10# b
620053,-1,unclustered,0.0,usinger octoberfest brat 9
620101,-1,unclustered,0.0,jones precooked sausage patty
620049,-1,unclustered,0.0,usinger polish
620063,-1,unclustered,0.0,usinger ring bologna
620050,-1,unclustered,0.0,usinger weiswurst 5-6/1 6#bx
620074,-1,unclustered,0.0,bratwurst patty 5oz 10# bx
140032,-1,unclustered,0.0,"utility tenderloin, full trim, 3-4#"
140044,-1,unclustered,0.0,"utility tenderloin, full trim, 4up"
41548910,-1,unclustered,0.0,v
61120202,-1,unclustered,0.0,veal arm chuck
63250130,-1,unclustered,0.0,veal bhs strauss
64700100,-1,unclustered,0.0,veal bones cut -imported
410076,-1,unclustered,0.0,veal bones cut up
68957002,-1,unclustered,0.0,veal bones domestic mixed
1121472,-1,unclustered,0.0,veal bones-z hard-cut pro 50#
1121473,-1,unclustered,0.0,veal bones-z hard-cut wol 50#
11190,-1,unclustered,0.0,duck necks
11188,-1,unclustered,0.0,veal brain-z marcho 10#
67308000,-1,unclustered,0.0,veal brat cooked-4/1
11129,-1,unclustered,0.0,veal carcass a 40-50# bob
410078,-1,unclustered,0.0,veal cheek meat
104423,-1,unclustered,0.0,veal cheek-z pro 10#
62144704,-1,unclustered,0.0,veal chop frenched to eye 16oz provimi
61120021,-1,unclustered,0.0,veal chuck roll
61310500,-1,unclustered,0.0,veal chuck short ribs
61120020,-1,unclustered,0.0,veal clod boneless bobby
90008,-1,unclustered,0.0,veal cube steak c/r *catelli*
11218776,-1,unclustered,0.0,veal demi glace-z provimi 16#
66966977,-1,unclustered,0.0,veal demi glaze
63340040,-1,unclustered,0.0,veal denuded strip loin slices 3 oz ea
1121252,-1,unclustered,0.0,veal feet-z cts
411674,-1,unclustered,0.0,veal flank steak
90013,-1,unclustered,0.0,veal fore osso bucco vsp *catelli*
11210682,-1,unclustered,0.0,veal ground fine mar 2/5#
11210679,-1,unclustered,0.0,veal ground-z fine swf 10#
64131092,-1,unclustered,0.0,"veal hind shank-2"""
64318000,-1,unclustered,0.0,veal hind shank-4pc /cs
68191800,-1,unclustered,0.0,veal innerskirts fresh
410096,-1,unclustered,0.0,veal inside slice 4oz full face
64316000,-1,unclustered,0.0,veal knuckles
11213,-1,unclustered,0.0,veal knuckles bnl*
64308000,-1,unclustered,0.0,veal leg b/out - top bottom sirloin - ch
90012,-1,unclustered,0.0,veal leg cutlet cr *catelli*
64190093,-1,unclustered,0.0,veal leg hip culet-5oz
64200094,-1,unclustered,0.0,veal leg slices 4oz
64123451,-1,unclustered,0.0,veal leg-45/55lbs
90005,-1,unclustered,0.0,veal loin chop vsp *catelli*
1117480,-1,unclustered,0.0,veal loin short bi trmd mar 2pc 16#
11173GZ,-1,unclustered,0.0,veal loin short-z bi-br cat
63314040,-1,unclustered,0.0,veal loin trimmed 4x4
64700317,-1,unclustered,0.0,veal marrow bones domestic 10lb/cs
68151008,-1,unclustered,0.0,veal medallion 2oz
64700700,-1,unclustered,0.0,veal necks
61528092,-1,unclustered,0.0,"veal osso buco- 2.5"""
410085,-1,unclustered,0.0,veal ossobucco center cut 1.5in
410086,-1,unclustered,0.0,veal ossobucco center cut 1in
61286802,-1,unclustered,0.0,veal provimi forshank sliced 2# osso buc
68990770,-1,unclustered,0.0,veal provimi glace de veau 20lb/box
62410020,-1,unclustered,0.0,veal rack single (fr) provimi
410088,-1,unclustered,0.0,veal rib chop frenched e to e
90014,-1,unclustered,0.0,veal rib chop vsp *catelli*
62437040,-1,unclustered,0.0,veal rib shop 10oz
90006,-1,unclustered,0.0,veal ribeye roast frenched
62446170,-1,unclustered,0.0,veal ribeye spec fed
90003,-1,unclustered,0.0,veal scallopini fvz vsp rd
68180050,-1,unclustered,0.0,veal shanks -four
410089,-1,unclustered,0.0,veal short tender
90015,-1,unclustered,0.0,veal shoulder 60#
11114121,-1,unclustered,0.0,veal skirt outer [10#]
66597700,-1,unclustered,0.0,veal skirts strauss
90002,-1,unclustered,0.0,veal slice scallopini cr *catelli*
68585090,-1,unclustered,0.0,veal stew xtra lean
63348040,-1,unclustered,0.0,veal tenderloin psmo whole
410092,-1,unclustered,0.0,veal tongue fresh
11191791,-1,unclustered,0.0,veal top rnd inside c/o pio 2/5#
11191790,-1,unclustered,0.0,veal top rnd inside c/o prv 3/5#
64151060,-1,unclustered,0.0,veal top round uncleaned
1121253,-1,unclustered,0.0,veal whl feet-z cat 50#
30119980,-1,unclustered,0.0,"veal, brains"
30219980,-1,unclustered,0.0,"veal, caul fat"
30216040,-1,unclustered,0.0,"veal, caul fat, catelli"
30186040,-1,unclustered,0.0,"veal, ground, catelli (10#)"
30159980,-1,unclustered,0.0,"veal, intestines"
30154940,-1,unclustered,0.0,"veal, intestines 2/15# marcho farms 30#"
30152610,-1,unclustered,0.0,"veal, intestines strauss"
30202220,-1,unclustered,0.0,"veal, kidney"
38276040,-1,unclustered,0.0,"veal, stew deluxe, catelli"
30009980,-1,unclustered,0.0,"veal, whole carcass"
74160,-1,unclustered,0.0,vealstk brd 3-1 sup-335 10#-z
74156,-1,unclustered,0.0,vealstk unb 3-1 sup-211nl 10#-z
80225012,-1,unclustered,0.0,veg frz mix 12/2.5#
94907300,-1,unclustered,0.0,vegetable onions red
93507540,-1,unclustered,0.0,vegetable shortening cube 76850
25551,-1,unclustered,0.0,vegetable spring roll 1.76oz
94711100,-1,unclustered,0.0,vegetable wh peeled tomatoes 6/10
98108004,-1,unclustered,0.0,veggie burger garden 3.4-4oz
SPV1052,-1,unclustered,0.0,veggie- breakfast sausage
SPV1055,-1,unclustered,0.0,veggie-chicken tenders
SPV1053,-1,unclustered,0.0,veggie-meatballs 10#
99998,-1,unclustered,0.0,vender sample 1/4# patties
457091,-1,unclustered,0.0,venison b trim
457103,-1,unclustered,0.0,venison berkshire salami-6/6oz
450081,-1,unclustered,0.0,venison frenched 8 rib rack
79113004,-1,unclustered,0.0,venison leg boneless
79113112,-1,unclustered,0.0,venison legs b/out
457018,-1,unclustered,0.0,venison pate w/apricots & hazelnuts
912779,-1,unclustered,0.0,venison patties 5.3oz 2#
79113225,-1,unclustered,0.0,venison rack 8 bone frenched
79113111,-1,unclustered,0.0,venison sausage
84055,-1,unclustered,0.0,vermicelli - bean thread 250g/100
84070,-1,unclustered,0.0,vermicelli 50/17.6oz *long kou*
750120,-1,unclustered,0.0,vert. slic amer cheese 120ct
83361,-1,unclustered,0.0,vesin msg med. 20kg (44#)
22387890,-1,unclustered,0.0,vienna chili no beans
VOID,-1,unclustered,0.0,void
12000500,-1,unclustered,0.0,w
168002,-1,unclustered,0.0,wagyu beef back ribs
138296,-1,unclustered,0.0,wagyu beef flank steak-marble score 5
118350,-1,unclustered,0.0,wagyu corned beef brisket
168321,-1,unclustered,0.0,"wagyu hot dog, 32/1"
78204369,-1,unclustered,0.0,"wahoo, stk b/in s/on ivp, panamei 10/2#"
84501,-1,unclustered,0.0,wai wai insant noodles 24x17.5 thailand
906032,-1,unclustered,0.0,water 40/16oz nestle
86510,-1,unclustered,0.0,water chesnuts - sliced
86500,-1,unclustered,0.0,water chestnuts - diced
920200,-1,unclustered,0.0,web site sales daily
25251,-1,unclustered,0.0,wei chuan spring roll shells 71002
620124,-1,unclustered,0.0,weisgerber smoked brat
620125,-1,unclustered,0.0,weissgerber fresh brats 7in 6#
312025,-1,unclustered,0.0,wentzel boneless duck breasts-25#
25450,-1,unclustered,0.0,wet noodle 20lb #14 *golden bowl*
1242,-1,unclustered,0.0,wheeling steaks
71690,-1,unclustered,0.0,white clam - cooked (11/20) 10#/case
31921,-1,unclustered,0.0,white onion #1 jumbo blanca
84641,-1,unclustered,0.0,white roll towel 6/case 78000003
30354,-1,unclustered,0.0,white satin bulk 5 gal 7780
94000,-1,unclustered,0.0,white sesame seed (5#/bag) each
410010,-1,unclustered,0.0,white valley veal outside skirt-10#
78431619,-1,unclustered,0.0,"whiting, fillet 2-4oz skin-on, (40#)"
78682609,-1,unclustered,0.0,"whiting, fillet 6-8oz sknls, (4/10#)"
78584369,-1,unclustered,0.0,"whiting, fillet s-on rtl, panamei 12/2#"
78459989,-1,unclustered,0.0,"whiting, h&g (50#)"
78454369,-1,unclustered,0.0,"whiting, hgt iqf rtl, panamei (15/2#)"
78469969,-1,unclustered,0.0,"whiting,fillet,4-6 skin-on,coomarpes(40)"
78441619,-1,unclustered,0.0,"whiting,fillet4-6 sknls,coomarpes (4/10)"
84651,-1,unclustered,0.0,whole baby corn 250 up
84011,-1,unclustered,0.0,whole black pepper -{ 5#/bag }
62070,-1,unclustered,0.0,whole cleaned cuttlefish - case u/1
12032670,-1,unclustered,0.0,whole corned beef brisket (flat)
12052670,-1,unclustered,0.0,"whole corned beef brisket, o`connell`s"
93009980,-1,unclustered,0.0,"whole duck headless, 6 count"
190083,-1,unclustered,0.0,femur whole combo
360049,-1,unclustered,0.0,whole fryer 4lb
52152960,-1,unclustered,0.0,"whole fryer 5/up, perdue"
52151010,-1,unclustered,0.0,"whole fryer 5/up, tyson"
91001530,-1,unclustered,0.0,whole goats skin/on
390812,-1,unclustered,0.0,"whole goose, 8-12#"
30020,-1,unclustered,0.0,whole lamb carcass
40419980,-1,unclustered,0.0,"whole pig carcass, skls large (100-150#)"
40029980,-1,unclustered,0.0,"whole pig, medium (51-99#)"
40009980,-1,unclustered,0.0,"whole pig, with head"
52065540,-1,unclustered,0.0,"whole, fryer 3.5/up, poly, organi miller"
451025,-1,unclustered,0.0,wild boar andouille 4-1 saus
453110,-1,unclustered,0.0,wild boar baby back ribs
72710001,-1,unclustered,0.0,wild boar boneless chuck
454103,-1,unclustered,0.0,wild boar proscuitto-4# average
451051,-1,unclustered,0.0,wild boar saddle-29# ave
420947,-1,unclustered,0.0,willow brook aussie 16oz lamb shank
370007,-1,unclustered,0.0,"wing cut portion, iqf, raw, tyson"
370380,-1,unclustered,0.0,"wing med portions, iqf, 4/5#, tyson"
54043390,-1,unclustered,0.0,wings economy miscut mountaire(4/10#)
54055770,-1,unclustered,0.0,"wings hot, f/c #2, mr. z`s (10/2#)"
54041040,-1,unclustered,0.0,"wings jumbo miscut, sanderson (44.09#)"
540099800,-1,unclustered,0.0,wings jumbo party
54035120,-1,unclustered,0.0,"wings medium whole, farmers pride (40#)"
370006,-1,unclustered,0.0,"wings oven roasted, ckd, tyson"
54121470,-1,unclustered,0.0,wings party iqf georges(10/4#)
54051580,-1,unclustered,0.0,"wings party miscut #2 , (40#)"
54004610,-1,unclustered,0.0,"wings party, 2jt iqf, integrity (4/5#)"
54041010,-1,unclustered,0.0,"wings party, 3.5lb bag, chicken tyson"
54051360,-1,unclustered,0.0,"wings party, peco (40#)"
54001640,-1,unclustered,0.0,"wings portions 1&2 join sections, (8/5#)"
54003610,-1,unclustered,0.0,"wings small, cookin` good (40#)"
54001280,-1,unclustered,0.0,"wings small, koch (40#) cvp"
540013400,-1,unclustered,0.0,"wings small, wayne farms (40#)"
54003410,-1,unclustered,0.0,"wings whole, gold`n plump (40#)"
930199800,-1,unclustered,0.0,"wings, duck"
54002960,-1,unclustered,0.0,"wings, perdue cvp (40#)"
64005390,-1,unclustered,0.0,"wings, turkey 2-joint, jennie-o (30#)"
64004310,-1,unclustered,0.0,"wings, turkey, michigan turkey (30#)"
64009200,-1,unclustered,0.0,"wings, turkey, sensening tky farms"
64009980,-1,unclustered,0.0,"wings, turkey, tom, (30#)"
64009980,-1,unclustered,0.0,"wings, turkey, tom, (30#)"
64001640,-1,unclustered,0.0,"wings, turkey, whitewater (30#)"
450022,-1,unclustered,0.0,wisconsin grass fed rabbit 20#
52184800,-1,unclustered,0.0,"wog 10 hd, 1.75/2.25, delta sunrise 10ct"
52299980,-1,unclustered,0.0,"wog 2.5/up, split"
10007,-1,unclustered,0.0,fryer bagged 4up
10001,-1,unclustered,0.0,chicken halal
10001,-1,unclustered,0.0,chicken halal
52114680,-1,unclustered,0.0,"wog 3.5/up, 20hd foster farms"
52004870,-1,unclustered,0.0,"wog 3.5/up, 20hd mar jac"
52005290,-1,unclustered,0.0,"wog 3.5/up, pure prarie"
52004620,-1,unclustered,0.0,"wog 3.5/up, the best dressed chicken"
52104620,-1,unclustered,0.0,"wog 3/up, 22hd the best dressed chicken"
52101890,-1,unclustered,0.0,"wog 3/up, 22hd, case farms"
52003390,-1,unclustered,0.0,"wog 3/up, mountaire"
52174930,-1,unclustered,0.0,"wog 4/up cvp, gerber"
10002,-1,unclustered,0.0,chicken brst pan ready
10003,-1,unclustered,0.0,wog 6up
91206,-1,unclustered,0.0,work - labor
620126,-1,unclustered,0.0,wright smoked buffet hams-2pc
P118S5,-1,unclustered,0.0,xdept 118 bench trim for grind
31970,-1,unclustered,0.0,yam - sweet potatos (jumbo)
85241,-1,unclustered,0.0,yellow cheese block
80346,-1,unclustered,0.0,yellow croaker 500/1000 w/r (22# case)
80067,-1,unclustered,0.0,yellowfin tuna co aaa ground meat
501302,-1,unclustered,0.0,yucca
37029273,-1,unclustered,0.0,z
zt,-1,unclustered,0.0,z1
CS138027,-1,unclustered,0.0,zbacon com sl14-18-z aw 32161 12/1#
CS170339,-1,unclustered,0.0,zchk br bs-z fillet 06 oz 4/10#fmc
CS17032K,-1,unclustered,0.0,zchk br bs-z fillet 06 oz 4/10#koc
86112,-1,unclustered,0.0,zhenjiang vinegar 4/3 l
99506,-1,unclustered,0.0,zip-net 18
CS122615,-1,unclustered,0.0,zlamb tripe-z nz 57#
84320,-1,unclustered,0.0,zodiac placemats 1000/cs
31931,-1,unclustered,0.0,zucchini (lg) 40# !!!!!
ZVMSVO2,-1,unclustered,0.0,zvm ffo danglers 3.5x2
MKTTHM00,-1,unclustered,0.0,zvm thumann`s ss & price list
10416109,-1,unclustered,0.0,zz bf grnd 80 fine ibp. 8/10# sold*
1397050,-1,unclustered,0.0,zz brkfst-z$ svo link-12/12-oz 9#
178615,-1,unclustered,0.0,zz chk thigh meat pec 10#
13066064,-1,unclustered,0.0,zz pork loin bi-cc>10r chops fmc
13123026,-1,unclustered,0.0,zz pork spare rib-z stl com-4695
11321400,-1,unclustered,0.0,zzzzzzzzzzzzzzzz
