cluster_id,product_code,description,cluster_size
cluster_44,95022680,(12280609) 8oz Chocolate Bundt Cake (24o,4
cluster_44,95042680,(928064) Triple Chocolate Bundt Cake (28,4
cluster_44,95012680,(303025) Triple Chocolate Mini Crumb Cak,4
cluster_44,95052680,(5260110) Louisiana Crunch Crumb Bundt C,4
cluster_50,83251,*MAESRI* PANANG CURRY PASTE 6/1KG,7
cluster_50,83190,GREEN CURRY PASTE *MAE PLOY*,7
cluster_50,83270,MASSAMAN CURRY PASTE *MAE PLOY*,7
cluster_50,83250,PANANG CURRY PASTE *MAE PLOY*,7
cluster_50,83260,Prik Khing Curry Paste - MAESRI,7
cluster_50,83290,RED CURRY PASTE  *MAE PLOY*,7
cluster_50,83330,YELLOW CURRY PASTE *MAE PLOY*,7
cluster_19,99521,NAPKINS TALLFOLD 1PLY 20CT,7
cluster_19,99533,NAPKINS TALLFOLD MORSOFT,7
cluster_19,99549,NAPKINS TALLFOLD 1PLY 16 500CT,7
cluster_19,99521445,NAPKINS QUICK WHITE 2PLY,7
cluster_19,83440,2PLY 1/8 FOLD DINNER NAPKIN 15X17,7
cluster_19,99521444,NAPKINS DINNER WHITE 2PLY,7
cluster_19,83441,1 PLY 1/4 FOLD DINNER NAPKIN 10000016,7
cluster_98,71810,PRAWNS Head On 6/8      10/2#,4
cluster_98,72810,6-8 Fresh Water PRAWN Head On C-Bay,4
cluster_98,72811,6-8  Fresh Water PRAWN H/O   EACH,4
cluster_98,71510,4-6  Fresh Water Prawn Head On 10/2,4
cluster_409,21070982,FISH POLLOCK-z FILET SKL 4-6 ozIQF,23
cluster_409,80569970,Seafood Catfish Fillets 3/5 oz Frozen,23
cluster_409,70034759,"Catfish, Fillets 3-5 oz, Hook & B (15#)",23
cluster_409,82412,Catfish Fillet 7-9oz Guidry`s,23
cluster_409,SP5081,Seafood Salmon Filet 4oz Frozen,23
cluster_409,70134759,"Catfish, Fillets 9-11 oz, Hook & B (15#)",23
cluster_409,70035809,"Catfish, Fillets 3-5 oz, Happy S. (2/5#)",23
cluster_409,80569950,Seafood Catfish Fillets 3/5 oz Frozen Br,23
cluster_409,80569980,Seafood Catfish Fillets 7/9 oz Frozen,23
cluster_409,70031612,"Catfish, Fillets 3-5 oz, China (15#)",23
cluster_409,78301699,"Pollock, Fillets 2-4oz, 4x10 (40#)",23
cluster_409,80569971,Seafood Polllock Fillets 2/4oz Frozen,23
cluster_409,70054759,"Catfish, Fillets 7-9 oz, Hook & B (15#)",23
cluster_409,82413,Catfish Fillet 3-5oz Guidry`s,23
cluster_409,78909989,"Pollock, Fillets 3-5oz, (20#)",23
cluster_409,82414,Catfish Fillet 5-7oz,23
cluster_409,590663,ORIGIN PACIFIC 2-4OZ POLLOCK-10#,23
cluster_409,70165809,"Catfish, Fillets 5-7 oz, Happy S. (2/5#)",23
cluster_409,207900039,"Pollock, Pacific 2-4oz (10#)",23
cluster_409,80569558,Seafood Catfish Fillets 5/7 oz Frozen,23
cluster_409,80239900,Seafood Pollock Fillets 3/5 oz,23
cluster_409,78319989,"Pollock, Fillets 4-6oz, 4x10 (40#)",23
cluster_409,70059982,"Catfish, Fillets 7-9 oz, China (15#)",23
cluster_71,78003,21/25 PLD Cooked T/Off 5/2#,25
cluster_71,73330,31/40 P&D IQF T/Off  - 10/2# { 20#/case},25
cluster_71,78014,71/90 PLD Cooked T/Off 5/2#,25
cluster_71,72420,31/40 PD COOKED T/Off (5/2#),25
cluster_71,78001,16/20 PLD Cooked T/Off 5/2#,25
cluster_71,78008,41/50 PLD Cooked T/On 5/2#,25
cluster_71,72131,21/25 P&D IQF T/OFF  10X2  {20#/CASE},25
cluster_71,78005,26/30 PLD Cooked T/Off 5/2#,25
cluster_71,71180,31/35   P & D T/OFF   10/4#,25
cluster_71,72320,31/40 P&D T/Off (5/2#)  10#,25
cluster_71,72015,16/20 P&D T/Off Cooked   5/2#,25
cluster_71,72272,41/50 P&D T/OFF  2/10#   (20#/box),25
cluster_71,72632,51/60 P&D T/Off  4/5# 20# case,25
cluster_71,78000,16/20 PLD Cooked T/on 5/2#,25
cluster_71,71550,71/90 P&D T/Off 5/2#,25
cluster_71,74001,21/25 P&D Tail On 10/2#,25
cluster_71,72130,21/25 P& D 10# iqf t/OFF {small box 10#},25
cluster_71,78007,31/40 PLD Cooked T/Off 5/2#,25
cluster_71,72010,16/20 P&D iqf - 10# t/off,25
cluster_71,72990,26/30 P&D T/Off 5/2#,25
cluster_71,78016,100/200 PLD Cooked T/Off 5/2#,25
cluster_71,72671,61/70 P&D T/Off 10/2# ** ( 20#/case ) **,25
cluster_71,72670,61/70 P&D T/Off  5/2#,25
cluster_71,78006,31/40 PLD Cooked T/On 5/2#,25
cluster_71,72360,31/35 P&D T/Off  6/4#  (24#/CASE),25
cluster_531,420110,10OZ LAMB T-BONE CHOP,3
cluster_531,420080,8OZ LAMB T-BONE CHOP,3
cluster_531,420070,7OZ LAMB T-BONE CHOP,3
cluster_523,620054,10OZ SMOKED PORK CHOP,4
cluster_523,620064,4OZ SMOKED PORK CHOP,4
cluster_523,620065,5OZ SMOKED PORK CHOP,4
cluster_523,620067,6OZ SMOKED PORK CHOP,4
cluster_25,121,vac bags 18x28 3m 250 cs,3
cluster_25,115,12/14 vac bags 3m,3
cluster_25,110,vack bags 16x20 3m,3
cluster_130,70890,26/30 Shell-On 6/4#,9
cluster_130,70130,21/25 Shell On- (10/4#),9
cluster_130,71051,26/30 Shell on P&D 6/4#,9
cluster_130,71900,26/30 SHELL ON  10/4#,9
cluster_130,70060,31/35 Shell On 10/4# Case,9
cluster_130,70380,36/40 SHELL ON    10/4#,9
cluster_130,70340,50# 36/40  Shell On  10/5#,9
cluster_130,72850,16/20 Shell On 6/4#  (24#/case),9
cluster_130,72390,41/50 Shell On  10/4#,9
cluster_328,72013,16/20 Shell On Red Shrimp 10/2#,10
cluster_328,21258,SHRIMP SHELL ON 16-20 10/5#-z,10
cluster_328,21211,SHRIMP SHELL ON 16-20 10/5#-z TEX,10
cluster_328,21215,SHRIMP SHELL ON 16-20 6/4#-z,10
cluster_328,212314,SHRIMP SHELL ON 41-50-z 10/5#,10
cluster_328,2123141,SHRIMP SHELL ON 41-50-z 10/4#,10
cluster_328,21234,SHRIMP SHELL ON 36-40 10/4#-z,10
cluster_328,212325,SHRIMP SHELL ON 41-50-z 6/4#,10
cluster_328,531620,16-20 SHELL ON HEADLESS SHRIMP,10
cluster_328,212311,SHRIMP SHELL ON 36-40 6/4#-z,10
cluster_322,72993,31/40  EASY PEEL Shrimp 10/2#,3
cluster_322,72989,16/20  EASY PEEL Shrimp 10/2#,3
cluster_322,72994,41/50  EASY PEEL Shrimp 10/2#,3
cluster_129,61022,Scallop 30/40 [block] 20# CASE 4x5,23
cluster_129,70870,Scallop 10/20  U.S.A. 10/5#,23
cluster_129,61040,SCALLOP PIECES - (IQF),23
cluster_129,78369899,"Scallops, 30/40CT, 6/5#, (30#)",23
cluster_129,70880,Scallop 10/20 Japan Block 10/5#,23
cluster_129,70830,7087        SCALLOP 10/20  (JAPAN),23
cluster_129,71801,Scallop 20/30 - (Japan)  IQF  6/5#,23
cluster_129,61052,Scallop 40/60 - IQF 2/5# CASE 10#,23
cluster_129,70882,Scallop 10/20 - (Japan)  IQF  2/5#,23
cluster_129,78364759,"Scallops 60/80ct, Hook & Barrel (10/3#)",23
cluster_129,78754369,"Scallops U/10ct, Panamei (24/1#)",23
cluster_129,61030,Scallop 30/40 - IQF !!! 30# <CASE>,23
cluster_129,70872,20# Scallop 10/20 - block 20# Case,23
cluster_129,61050,Scallop 40/60 - I Q F  (case) 6/5#,23
cluster_129,210490,SCALLOPS 60-80CT-z 30#,23
cluster_129,70871,20#  Scallop 10/20  U.S.A. 4/5#,23
cluster_129,61010,Scallop 20/30 - IQF Japan 6/5# CASE,23
cluster_129,78365259,"Scallops, 30/40CT, 6/5#, Centurion (30#)",23
cluster_129,61020,Scallop 30/40 - Block (CASE) 50#,23
cluster_129,61071,Scallop 80/100 (Each),23
cluster_129,70860,Scallop 10/20 - IQF  6/5#,23
cluster_129,61032,CASE Scallop 30/40 2/5# iqf 10#,23
cluster_129,78362999,"Scallops 60/80 CT, 10#",23
cluster_141,900003,20/6OZ CORDON BLEU,3
cluster_141,900206,SIGNATURE CORDON BLEU-20/6OZ,3
cluster_141,900246,SIGNATURE CORDON BLEU-24/6OZ,3
cluster_407,538815,COCONUT BREADED SHRIMP-16/20CT-4/3#,5
cluster_407,74019989,"Shrimp, Breaded 16/20 (4/3#)",5
cluster_407,74039980,"Shrimp, Breaded Butterfly 16/20 (4/3#)",5
cluster_407,80172000,Seafood Shrimp 16/20 BREADED,5
cluster_407,72450,21/25 Breaded Butterfly Shrimp,5
cluster_22,994721,CANLINER 38x58 BLK-PH60SH 100CT,8
cluster_22,99462,CANLINER 33 GAL BLK HD 100CT,8
cluster_22,25011,CAN LINER LD 12-16 GAL. 24x33,8
cluster_22,84192,CAN LINER  46 GL 23X17X46 BLACK,8
cluster_22,999205,CANLINER 40-45 GAL BLK HD 100CT,8
cluster_22,99472,CANLINER 36x60 CLR-3660HC 250CT,8
cluster_22,99490B,CANLINER 55-60 GAL BLK HD 100CT,8
cluster_22,84193,CAN LINER 30x37 8 MIC 500pc,8
cluster_6,13611610,Use 13610610,18
cluster_6,13611606,Use 13610606,18
cluster_6,10001066,USE 10001056,18
cluster_6,12354,X Use 12110420,18
cluster_6,14700410,Use 14000400,18
cluster_6,17100513,USE 17100512,18
cluster_6,24565468,use 24965869,18
cluster_6,5054,USE 50020,18
cluster_6,18273280,Use 19009000,18
cluster_6,18102531,X Use 18100531,18
cluster_6,13545406,Use 13101505,18
cluster_6,13540408,Use 13101408,18
cluster_6,37880501,USE 37880500,18
cluster_6,18111041,Use 18100041,18
cluster_6,41704200,use code   41701260,18
cluster_6,15040000,Use 15000400,18
cluster_6,26405021,X USE 26422030,18
cluster_6,20305041,use  20021300,18
cluster_162,70024,Head On Shrimp 40/50 10/4#,4
cluster_162,70022,HEAD ON Shrimp  40/50,4
cluster_162,71131,HEAD ON Shrimp 30/40 10/4#,4
cluster_162,71133,HEAD ON Shrimp 50/60 10/4#,4
cluster_81,620160,5-1 H.M. PRE-COOK BRAT LINK 10,4
cluster_81,620160,5-1 H.M. PRE-COOK BRAT LINK 10,4
cluster_81,620060,4-1 H.M. PRE-COOK BRAT LINK 10,4
cluster_81,620861,5-1 MAC & CHEESE BRAT LINKS,4
cluster_483,SP920,VEAL CUTLET   4 oz,3
cluster_483,410041,4OZ VEAL CUTLET,3
cluster_483,410051,5OZ VEAL CUTLET,3
cluster_16,9992041,BOX Wax 20#LID,5
cluster_16,9991161,BOX Wax Lid 20.04 X 31.00 20#,5
cluster_16,999114R,BOX Wax BodPou 6x21 13/16x14 13/16,5
cluster_16,999118,BOX Wax-10 22 x 14 1/2 x10 DC 44C,5
cluster_16,999116,BOX Wax-9 7/8 x 21 7/8 x14 13/16,5
cluster_434,43400391,Turkey Breast B/Out Raw Netted,8
cluster_434,620158,5-8# BI TURKEY BREAST,8
cluster_434,311048,"TURKEY BREAST BI, 4-8#",8
cluster_434,41611480,Turkey Breast 4oz Fillet,8
cluster_434,41799900,Turkey Breast 4/8 B/In,8
cluster_434,41800700,Turkey Breast 20-/Up Raw B/In,8
cluster_434,41800300,Turkey Breast 12/14 Raw B/In,8
cluster_434,311122,"TURKEY BREAST BI, 12-14#",8
cluster_5,190082,65 COMBO,3
cluster_5,190085,85/15 COMBO,3
cluster_5,190081,80 COMBO,3
cluster_11,50080,Frog Leg  2-4  IQF  (6/5#),5
cluster_11,78255829,"Frog Legs, (Retail), (6/2#)",5
cluster_11,50082,Frog Leg  4-6  (6/5#),5
cluster_11,78111529,FROG LEGS 4/6CT 1/30# WINSEA,5
cluster_11,591068,6-8CT FROG LEGS,5
cluster_90,430156,6WAY GOAT CUT 1.5IN BONEIN,7
cluster_90,12001B,GOAT WHL-6WAY -CUT 1.5 IN,7
cluster_90,30520,Goat - 6 Way Cut  SKINLESS 40#Ave.,7
cluster_90,30521,Goat Skin-ON cut 6way *RYAN* IW,7
cluster_90,91065040,"Goat, 6-Way Skin/On 35 DN Ryan Meat",7
cluster_90,74770012,"Goat bone in Cut 1.5"" X 1.5""",7
cluster_90,430406,GOAT 6 WAY CUT 40#CS,7
cluster_123,90619,SODA JARRITOS LIMON 24/12.5 oz,36
cluster_123,90624,SODA JARRITOS STRWBRRY 24/12.5 oz,36
cluster_123,95130,Jarritos Jamaica 24/12.5 oz,36
cluster_123,90605,SODA JARRITOS MANGO 24/12.5 oz,36
cluster_123,90620,SODA JARRITOS TORONJA 24/12.5 oz,36
cluster_123,90605B,SODA SIDRAL MUNDET 24/12.5 oz,36
cluster_123,90621,SODA JARRITOS FRUIT PNCH 24/12.5 oz,36
cluster_123,90612,SODA JARRITOS MANDARINA 24/12.5 oz,36
cluster_123,95110,Jarritos Mineragua 24/12.5oz  GLASS,36
cluster_123,906231,SODA JARRITOS PINEAPPLE 24/16.9oz,36
cluster_123,95000,Jarritos Fruit Punch 24/12.5oz GLAS,36
cluster_123,95070,Jarritos Soda Grapefruit 24/12.5oz,36
cluster_123,95030,Jarritos Pineapple 24/12.5oz GLASS,36
cluster_123,95011,Jarritos Soda Mandarin 18oz plastic,36
cluster_123,95031,Jarritos Pineapple Soda18oz plastic,36
cluster_123,90605A,SODA SANGRIA SENORIAL 24/12.5 oz,36
cluster_123,95042,Jarritos Mango 1.5 Liter PLASTIC,36
cluster_123,95040,Jarritos Soda Mango 24/12.5oz,36
cluster_123,95060,Sangria Soda 24/12.5oz GLASS,36
cluster_123,95002,Jarritos Fruit Punch 1.5 LT PLASTIC,36
cluster_123,906191,SODA JARRITOS LIMON 24/16.9oz,36
cluster_123,90601,SODA COCA COLA MEX 24/12.5 oz,36
cluster_123,906051,SODA JARRITOS MANGO 24/16.9oz,36
cluster_123,95140,Jarritos Guava 24/12.5 oz,36
cluster_123,95080,Jarritos Strawberry 24/12.5oz GLASS,36
cluster_123,906111,SODA JARRITOS TAMARINDO 24/16.9 oz,36
cluster_123,95010,Jarritos Mandarin 24/12.5oz GLASS,36
cluster_123,95021,Jarritos Soda Tamarindo 18oz plastc,36
cluster_123,95020,Jarritos Tamarindo 24/12.5oz GLASS,36
cluster_123,90623,SODA JARRITOS PINEAPPLE 24/12.5 oz,36
cluster_123,906001,SODA COCA COLA MEX 24/16oz,36
cluster_123,90611,SODA JARRITOS TAMARINDO 24/12.5 oz,36
cluster_123,95091,Jarritos Soda Limon 18oz plastic,36
cluster_123,95090,Jarritos Soda Limon 24/12.5oz GLASS,36
cluster_123,95112,Jarritos Mineragua 1.5liter PLASTIC,36
cluster_123,90627,SODA TOPO CHICO MINERAGUA 12/12.5oz,36
cluster_3,900012,ALADDIN GARLIC/PESTO WRAP 12IN,5
cluster_3,900015,ALADDIN PLAIN  WRAP 12IN,5
cluster_3,900014,ALADDIN SPINACH WRAP 12IN,5
cluster_3,900013,ALADDIN SUNDRIED TOMATO WRAP 12IN,5
cluster_3,900016,ALADDIN WHOLE WHEAT WRAP 12IN,5
cluster_21,99517012,FOIL ROLL STD 12 X 1000CT,4
cluster_21,99517,FOIL ROLL STD 18 X 1000,4
cluster_21,84330,ALUMINUM FOIL ROLL 18 x500,4
cluster_21,995175,FOIL ROLL HD 24 X1000,4
cluster_12,86001,SALAD OIL,6
cluster_12,84621,PURE Japanese Toasted SESAME OIL4/1,6
cluster_12,93212,OIL CANOLA SALAD OIL 35#,6
cluster_12,84350,AOKI Sesame Oil BLEND  4x1gallon *AOKI*,6
cluster_12,84361,LEE KUM KEE PURE Sesame Oil  10x55.7,6
cluster_12,91405500,Oil -salad- soybean 35#,6
cluster_65,90466158,ATH SPINACH PUFF 1-OZ 3/48 144CT,3
cluster_65,90466159,ATH SPINACH PUFF 3-OZ 3/24,3
cluster_65,90466156,ATH SPINACH PUFF 8-OZ 3/10 30CT,3
cluster_29,50130590,AVOCADO-ALEJ GREEN 48 CT,8
cluster_29,50130581,AVOCADO RIPE 48 CT,8
cluster_29,50130619,AVOCADO-ALEJ RIPE 48 CT,8
cluster_29,50130611,AVOCADO-ALEJ RIPE 60 CT,8
cluster_29,31031,Avocado Haas 48ct (Green),8
cluster_29,50130570,AVOCADO RIPE 48 CT JIMMY BRAND,8
cluster_29,50130588,AVOCADO GREEN 60 CT,8
cluster_29,50130584,AVOCADO RIPE 60 CT,8
cluster_493,44521010,"Baby Backribs (1pc) VP, Pork IBP",5
cluster_493,44021010,"Baby Backribs (2pc) VP, Pork IBP",5
cluster_493,44341010,"Baby Backribs (3pc) VP, Pork IBP",5
cluster_493,44623570,"Baby Backribs 2/DN, Pork IBP",5
cluster_493,20130,Pork Rib Baby Back IBP,5
cluster_67,594369,PANAMEI OCTOPUS TENTACLES-COOKED,29
cluster_67,73159989,"Octopus, Whole 6-8#, (30#)",29
cluster_67,21054W,OCTOPUS WHL 2-4CT 30#-z INDO,29
cluster_67,73039988,"Octopus 2-4lb, Whl Cln Tray Pk Panamei",29
cluster_67,73014369,"Octopus, Ckd Cut/Pcs, Panamei (20/1#)",29
cluster_67,73064369,"Octopus, Bby 16-25pc/kg, Panamei (12/2#)",29
cluster_67,21054O99,OCTOPUS WHOLE 4-6 30#-z SMILING,29
cluster_67,73149989,"Octopus, Whole 4-6, (30#)",29
cluster_67,73039989,"Octopus, Whole 2-4lb, Maya (44.08#)",29
cluster_67,73049986,"Octopus, Whole 4-6#,  Indonesian",29
cluster_67,73054736,"Octopus, Whole 6/UP#, Indo Fiesta (30#)",29
cluster_67,73019980,"Octopus, Cooked, Peru (10#)",29
cluster_67,73034969,"Octopus, Whole 2-4 Ckd, El General (40#)",29
cluster_67,73151869,"Octopus, Whole 6-8#, Sea Port (30#)",29
cluster_67,78554369,"Octopus, Ckd Tentacles, Panamei (10/1#)",29
cluster_67,73031106,"Octopus, Whole 2-4# Crystal Blue, (30#)",29
cluster_67,71011,Octopus Large CKD 6.25#,29
cluster_67,21054P,OCTOPUS CKD 20#-z,29
cluster_67,62094,Octopus 2-4# iwp CAIS 22# Philippin,29
cluster_67,62090,Octopus 2-4# Philipine catch,29
cluster_67,73155419,"Octopus, Whole 6-8#, Central S. F. (30#)",29
cluster_67,73145229,"Octopus, Whole 4-6#, Polar Brand (30#)",29
cluster_67,73031869,"Octopus, Whole 2-4# Sea Port, Philippine",29
cluster_67,210540,OCTOPUS CKD 24#-z,29
cluster_67,78559989,"Octopus  Tentacles Ckd (Wild Caught), Pa",29
cluster_67,73141869,"Octopus, Whole 4-6#, Sea Port (30#)",29
cluster_67,2105410,OCTOPUS WHL 1-2CT 30#-z INDO,29
cluster_67,80663000,Octopus 2-4,29
cluster_67,62052,Baby Octopus 16-25 -OCEANIKA- 12/2#,29
cluster_126,17203574,"Backribs Beef, VP, IBP (Ch)",10
cluster_126,17201024,"Backribs Cntr Cut, Beef National (Ch)",10
cluster_126,17209980,"Backribs, Beef",10
cluster_126,17201376,"Backribs, Beef EVP (NR)",10
cluster_126,17204496,"Backribs, Beef Harmony",10
cluster_126,17204495,"Backribs, Beef Harmony (AA)",10
cluster_126,17204494,"Backribs, Beef Harmony (AAA)",10
cluster_126,17201030,"Backribs, Beef JBS",10
cluster_126,17201120,"Backribs, Beef Mex Praderas",10
cluster_126,17201130,"Backribs, Beef Mex Sukarne",10
cluster_238,37410400,Bacon 18/22 Single Peer Hotel,4
cluster_238,37410450,Bacon 22/26 Hotel 12lb/cs Peer,4
cluster_238,37410850,Bacon 14/18 Single Peer Hotel-,4
cluster_238,37411000,Bacon 22/26 Hotel 15 b/cs Peer 11000,4
cluster_234,20391,Bacon 14-18ct Indiana Platter 30#,5
cluster_234,20390,Bacon 14-18ct Indiana Platter 30# FZN,5
cluster_234,82371060,"Bacon Slicd Platter, 14-18ct Indiana 15#",5
cluster_234,82321060,"Bacon Slicd Platter, 14-18ct Indiana 30#",5
cluster_234,37880105,"Bacon,14/18 Indiana Platter",5
cluster_237,37880523,Bacon Applewood Smoked 10/14 Layout,5
cluster_237,37880519,Bacon Applewood Smoked 14/18 Layout,5
cluster_237,37880518,Bacon Applewood Smoked 18/22 Layout,5
cluster_237,37880500,Bacon Hardwood Smoked 10/14 Layout,5
cluster_237,37880502,Bacon Hardwood Smoked 14/18 Layout,5
cluster_236,37880513,Bacon Applewood Smoked 10/14 Platter,5
cluster_236,37880514,Bacon Applewood Smoked 14/18 Platter,5
cluster_236,37880508,Bacon Hardwood Smoked 18/22 Platter,5
cluster_236,37880108,Bacon Platter Hardwood Smoked 18/22,5
cluster_236,37880110,"Bacon, Hardwood Smoked Platter 10/14",5
cluster_235,41548600,Turkey Bacon L/R 16/12 oz Pk,7
cluster_235,94741,Bacon Breakfast Turkey 12oz Deen Halal,7
cluster_235,610128,KOSHER TURKEY BACON-12/8OZ,7
cluster_235,291375,HORMEL CINNADUST BACON 16/12 OZ - 12 LB,7
cluster_235,96705620,"Turkey Bacon ,12/12z Butterball (9#)",7
cluster_235,SP425,TURKEY BACON  12#,7
cluster_235,291376,HORMEL CINNADUST BACON-16/12OZ PACKS,7
cluster_233,290263,"BACON BULK, WRIGHT, 14-18CT",11
cluster_233,290264,"BACON BULK, WRIGHT, 18-22CT, 15#",11
cluster_233,SP2002,BACON LAYOUT 18/22   15#,11
cluster_233,235223,"BACON LAYOUT, DAILY`S 18-22, 15#",11
cluster_233,290234,"BACON LAYOUT, P. LABEL, 14-18CT",11
cluster_233,290235,"BACON LAYOUT, PATUXENT, 14-18CT",11
cluster_233,290244,"BACON LAYOUT, PRITZLAFF, 14-18 (15#)",11
cluster_233,290245,"BACON LAYOUT, PRITZLAFF, 18-22 (15#)",11
cluster_233,292091,"BACON LAYOUT, WRIGHT, 14-18CT",11
cluster_233,290262,"BACON LAYOUT, WRIGHT, 18-22, 15#",11
cluster_233,290250,"BACON, SMITHFIELD, 14-18CT, 15#",11
cluster_93,82352950,"Bratwurst, japaleno cheddar (4:1)",6
cluster_93,20484,"Cheddar Bratwurst Link 7"" RPC077",6
cluster_93,100000005,Jalapeno Cheddar Brat FS 00814,6
cluster_93,20485,"Cheddar&Jalapeno Brat 7"" RPC476",6
cluster_93,100000002,Jalapeno Cheddar Brat Retail 00803,6
cluster_93,20487,"Bacon Cheddar Bratwurst 7"" RPC496",6
cluster_244,13321117,BACON COM SL-LF AW10-12 15#-z,7
cluster_244,1382162,BACON COM SL-R AW05-06-z 12/1#,7
cluster_244,1382162,BACON COM SL-R AW05-06-z 12/1#,7
cluster_244,13832163,BACON COM SL-R AW10-12 32163 12/1#,7
cluster_244,13832163,BACON COM SL-R AW10-12 32163 12/1#,7
cluster_244,13832010,BACON COM SL-R AW14-18 32161 12/1#,7
cluster_244,13832010,BACON COM SL-R AW14-18 32161 12/1#,7
cluster_246,13888S,BACON IND SL10-14 80110 PL 15#-z,14
cluster_246,13888S,BACON IND SL10-14 80110 PL 15#-z,14
cluster_246,13818123,BACON IND SL10-14 80129 LF 15#,14
cluster_246,13818123,BACON IND SL10-14 80129 LF 15#,14
cluster_246,1380283,BACON IND SL14-18 80100 PL 30#,14
cluster_246,1380283,BACON IND SL14-18 80100 PL 30#,14
cluster_246,1380289,BACON IND SL14-18 80105 PL 15#,14
cluster_246,13818121,BACON IND SL14-18 80126 LF 15#,14
cluster_246,13803887,BACON IND SL18-22 80103 LF 15#,14
cluster_246,1380282,BACON IND SL18-22 80108 PL 15#,14
cluster_246,1380282,BACON IND SL18-22 80108 PL 15#,14
cluster_246,13888047,BACON IND-AW SL10-14 80523 LF 15#,14
cluster_246,13888049,BACON IND-AW SL14-18 80514 PL 15#,14
cluster_246,1380286,BACON IND-PREM SL14-18 80507 PL 15#,14
cluster_245,138026,BACON PEER SL14-18 10400 PL 12#,7
cluster_245,13818,BACON PEER SL14-18 10900 LF 15#,7
cluster_245,13810800,BACON PEER SL-LF05-07 10800 15#,7
cluster_245,138067,BACON PEER SL18-22 10450 PL 12#,7
cluster_245,13830,BACON PEER SL10-14 3398 PL 9/2.5#VP,7
cluster_245,13836,BACON PEER SL10-14 3398-z PL 9/2.5,7
cluster_245,13842,BACON PEER SL18-22 10950 LF 15#,7
cluster_68,96715880,"Bacon Slcd Smk ApeWd, Kentucky L (12/1#",5
cluster_68,96745880,"Skd Slcd Bacon 14c,Kentucky L (16/12z)",5
cluster_68,96755880,"Skd Slcd Bacon 14c,Kentucky L (8/2.5#)",5
cluster_68,96725880,"Skd Slcd Bacon 14ct , Kentucky L (12/1#)",5
cluster_68,96735880,"Skd Slcd Bacon AppWD,Kentucky L (16/12z",5
cluster_243,13435D,BACON-z$ DAILY SL14-16 37435 LF 15#,4
cluster_243,13760D,BACON-z$ DAILY SL3/16 37760 PL 15#,4
cluster_243,13915D,BACON-z$ DAILY SL14-16 37215 PL 15#,4
cluster_243,13722D,BACON-z$ DAILY SL09-11 37722 LF 15#,4
cluster_247,13888D,BACON-z$ DBUF SL10-14 33170 PL 15#,6
cluster_247,13890D,BACON-z$ DBUF SL10-14 33740 LF 15#,6
cluster_247,13887D,BACON-z$ DBUF SL14-18 33180 PL 15#,6
cluster_247,13891D,BACON-z$ DBUF SL14-18A 33750 LF 15#,6
cluster_247,13886D,BACON-z$ DBUF SL18-22 33190 PL 15#,6
cluster_247,13892D,BACON-z$ DBUF SL18-22A 33760 LF 15#,6
cluster_241,13840600,BACON-z$-CKD DAILY THK300 4.3$,4
cluster_241,13847104,BACON-z$-CKD DAILY D3/8 47104 10#,4
cluster_241,13847106,BACON-z$-CKD DAILY D3/4 47106 10#,4
cluster_241,13840400,BACON-z$-CKD DAILY SLAB300,4
cluster_23,99492,BAG PLAIN #06 BROWN 500CT,8
cluster_23,99416,BAG #06 WHITE - 500CT,8
cluster_23,99493,BAG #04 BROWN 500CT,8
cluster_23,994961,BAG #01 BROWN 500CT,8
cluster_23,99415,BAG #04 WHITE 500CT,8
cluster_23,99413212,BAG #12 BROWN 500CT,8
cluster_23,99414,BAG #10 WHITE 500 CT,8
cluster_23,99417,BAG #16 WHITE 500CT,8
cluster_24,88418,bag poly 8x4x18 clear 1000ct,5
cluster_24,994015,BAG POLY CLR 8x4x18 1000CT 1218HC13,5
cluster_24,994861,BAG POLY CLR 10X8X24 500CT,5
cluster_24,99486,BAG POLY CLR 10x14 1000,5
cluster_24,9948611,BAG POLY CLR 6.5X8 ROLL 2000CT,5
cluster_34,24090,Baily Dry Noodle -Small 20#/cs 20#,7
cluster_34,25450,Wet Noodle  20lb #14 *Golden Bowl*,7
cluster_34,25320,Canton Noodle - Baily  40# (Medium),7
cluster_34,25331,Canton Noodle BAILY  (SMALL) RED,7
cluster_34,25330,Canton Noodle-Baily  40# (SMALL),7
cluster_34,25430,Golden Bowl  Noodle SMALL#16 RED,7
cluster_34,25321,Canton Noodle BAILY (MEDIUM) Black,7
cluster_364,15191144,"Ball-Tip Bnls, Western Reserve (Ch)",9
cluster_364,15191014,"Ball-Tip Bnls, IBP (Ch)",9
cluster_364,15193354,"Ball-Tip Bnls, Swift (CH)",9
cluster_364,15191142,"Ball-Tip Bnls, Western Reserve (CAngus)",9
cluster_364,15191024,"Ball-Tip Bnls, National (CH)",9
cluster_364,15195004,"Ball-Tip Bnls, Black Canyon (CH)",9
cluster_364,15191004,"Ball-Tip Bnls, GreaterOmaha (Ch)",9
cluster_364,15191146,"Ball-Tip Bnls, Western Reserve (N/R)",9
cluster_364,15191141,"Ball-Tip Bnls, Western Reserve (Prime)",9
cluster_30,31240,Celery 24ct,15
cluster_30,50131912,TURNIP GREEN 24CT,15
cluster_30,501319,KALE 24CT,15
cluster_30,31860,Lettuce Romaine 24ct.,15
cluster_30,50133103,CELERY 12CT,15
cluster_30,50134289,LETTUCE ICEBURG LINER 24CT,15
cluster_30,50120136,BANANAS 24CT GREEN,15
cluster_30,31350,GREEN LEAF Lettuce (24ct),15
cluster_30,31400,Head Lettuce - 24ct,15
cluster_30,50135,LETTUCE ROMAINE HEART 12CT,15
cluster_30,50134290,LETTUCE LINER PREMIUM 24CT,15
cluster_30,50134,LETTUCE ROMAINE 24 CT,15
cluster_30,50133109,CELERY 30CT,15
cluster_30,50134291,LETTUCE ICEBURG LINER PREMIUM 12CT,15
cluster_30,501312,CAULIFLOWER 12/1CT,15
cluster_37,970022,BC GINGER ALE 24/12-OZ BLOOD ORANGE,5
cluster_37,970044,BC GINGER ALE 24/12-OZ JASMINE GTEA,5
cluster_37,970042,BC GINGER ALE 24/12-OZ ORIGINAL,5
cluster_37,970021,BC GINGER ALE 24/12-OZ PASSIO FRUIT,5
cluster_37,970043,BC GINGER ALE 24/12-OZ POMEGRANATE,5
cluster_103,84051,Beans - Black   50#/sack,10
cluster_103,90302,BEANS DRY PINTO FRIJOLES 100#,10
cluster_103,801282,BEANS PINTO PREF 6/#10,10
cluster_103,90304,BEANS DRY PINTO FRIJOLES 20,10
cluster_103,80127904,BEANS BLACK 50#,10
cluster_103,80127005,BEANS MAYOCOBA PERU BULK 50#,10
cluster_103,80127001,BEANS DRY 20#,10
cluster_103,8012823,BEANS PINTO WHL 24/15oz,10
cluster_103,84054,Pinto Beans 24# /BOX - GREAT PLAINS,10
cluster_103,84052,Beans - Mayocoba  50# /sack  - Mex,10
cluster_275,SP1949,BEEF - TACO MEAT*,6
cluster_275,290243,PORK TACO MEAT,6
cluster_275,19219980,Taco Meat,6
cluster_275,19211320,"Taco Meat, Mex Gusi",6
cluster_275,19213700,"Taco Meat, Mex Ramada",6
cluster_275,19211130,"Taco Meat, Mex SuKarne",6
cluster_461,43330,Beef Flat Round Choice,17
cluster_461,SP1402,BEEF DICED,17
cluster_461,19540001,"Beef Sirloin Diced 1"" X 1""",17
cluster_461,19541400,Beef Inside Round Choice Diced-1X1,17
cluster_461,19540000,Beef Diced-1-1/2,17
cluster_461,19541438,"Beef Sirloin Diced 1/4"" X 3/8""",17
cluster_461,19009145,"Beef For Taco Meat Diced 1/4 X 1/4""",17
cluster_461,19540012,"Beef Sirloin Tips Diced- 1/2""x 1/2""",17
cluster_461,14500800,Beef Inside Round Choice,17
cluster_461,41300,"Beef Inside Round Choice  XT 1/4""",17
cluster_461,19540175,"Beef Sirloin Diced 1.5"" X 1.5""  Hand Cut",17
cluster_461,42430,Beef Minced chuck meat diced 25#,17
cluster_461,19540174,"Beef Sirloin Diced 1.5"" X 1.5""  50# Case",17
cluster_461,19540112,"Beef Diced-1 1/2"" x 1 1/2""",17
cluster_461,19540011,Beef Diced 1x1,17
cluster_461,13105714,Beef Tenderloin Tips 1-4oz,17
cluster_461,32168,"Beef Inside Round CH GOP  XT 1/4""",17
cluster_439,19990040,Beef Trimmings 50% -,7
cluster_439,SP125,BEEF TRIMMINGS 50/50,7
cluster_439,190038,BEEF 90% TRIM,7
cluster_439,19990086,Beef Trimmings 85% Lean,7
cluster_439,19990050,Beef Trimmings 50% Lean-Navel,7
cluster_439,18013790,"Trimmings, 50%, Beef, Black Mountain",7
cluster_439,19990080,Beef Trimmings 80% Lean,7
cluster_137,10251050,"Beef Achilles Tendons, AFG (30#)",6
cluster_137,10251030,"Beef Front Leg Tendons, Swift (22#)",6
cluster_137,42710,Beef Leg Tendon  *PALO DURO*,6
cluster_137,42760,Beef TENDON flexor (HIND) *swift*,6
cluster_137,180005,BEEF TENDONS,6
cluster_137,10259980,"Beef Tendons, St. Helens",6
cluster_524,190094,"BEEF PUCK GROUND, SPECIAL BLEND, 4OZ",9
cluster_524,190051,GROUND BEEF PUCK 80/20 5OZ,9
cluster_524,190142,"BEEF PUCK GROUND 80/20, 4OZ",9
cluster_524,190122,"BEEF PUCK GROUND 80/20, 2OZ",9
cluster_524,190092,"BEEF PUCK GROUND, SPECIAL BLEND, 2OZ",9
cluster_524,999901,"BEEF PUCK GROUND, 40-4OZ",9
cluster_524,190053,"BEEF PUCK GROUND, 55/3OZ",9
cluster_524,190046,"BEEF PUCK GROUND 75/25, 4OZ",9
cluster_524,42301,Ground Beef Fine 80/20 Frozen,9
cluster_494,SP1214,BEEF BRISKET - PRIME*,7
cluster_494,15000590,Beef Brisket 120 Choice Angus,7
cluster_494,15000600,Beef Brisket 120 Prime,7
cluster_494,40367,Beef Brisket Ad Code,7
cluster_494,15100600,Beef Brisket Flat Prime,7
cluster_494,113000,"BRISKET BEEF, CREEKSTONE ANGUS",7
cluster_494,111000,PRIME BEEF BRISKET,7
cluster_336,120006,PECTORAL MEAT,10
cluster_336,90150,Beef Cheek Meat GOP 60#,10
cluster_336,49910,Beef Head Meat +Greater Omaha+,10
cluster_336,43313,Beef Cheek Meat,10
cluster_336,10081000,"Cheek Meat, Greater Omaha (60#)",10
cluster_336,41950,Beef Pectoral Meat,10
cluster_336,10071070,"Cheek Meat (STEER), Caviness (60#) #2012",10
cluster_336,13071004,"Pectoral Meat, Greater Omaha (Ch)",10
cluster_336,19100000,Beef Head Meat,10
cluster_336,13071024,"Pectoral Meat, National (Ch)",10
cluster_554,19204004,Beef Chopped Steak 4oz,5
cluster_554,19510005,Beef Cube Steak 4oz,5
cluster_554,19510006,Beef Cube Steak 5oz,5
cluster_554,19510010,Beef Cube Steak 8oz,5
cluster_554,19510004,Beef Cube Steak Top Butt 4oz,5
cluster_400,11300490,Beef Chuck Flap Tail Choice (UI)Angus,5
cluster_400,11300412,Beef Chuck Flap Tail 12oz,5
cluster_400,11300410,Beef Chuck Flap Tail 10oz,5
cluster_400,11300004,Beef Chuck Flap Tail  4oz,5
cluster_400,11300005,Beef Chuck Flap Tail  5oz,5
cluster_435,42601,"Beef Chuck Roll 1/4"" N\Off IBP Choice",5
cluster_435,33116,"Beef Chuck Roll CH GOP 1/4"" N\Off",5
cluster_435,42600,"Beef Chuck Roll Choice 1/4"" N\Off",5
cluster_435,42602,"Beef Chuck Roll Select 1/4"" N\Off",5
cluster_435,112002JB,Beef Chuck Roll-Neckoff NR,5
cluster_539,11105110,Beef Chuck Short Ribs 10 oz,14
cluster_539,11310412,Beef Chuck Short Ribs 12oz,14
cluster_539,11321804,Beef Chuck Short Ribs 4oz,14
cluster_539,11310406,Beef Chuck Short Ribs 6oz,14
cluster_539,11310408,Beef Chuck Short Ribs 8oz,14
cluster_539,11310410,Beef Chuck Short Ribs 9oz,14
cluster_539,11321410,Beef Chuck Short Ribs Boneless 10oz,14
cluster_539,11321403,Beef Chuck Short Ribs Boneless 3oz,14
cluster_539,11321404,Beef Chuck Short Ribs Boneless 4oz,14
cluster_539,11321405,Beef Chuck Short Ribs Boneless 5oz,14
cluster_539,11321406,Beef Chuck Short Ribs Boneless 6oz,14
cluster_539,11321407,Beef Chuck Short Ribs Boneless 7oz,14
cluster_539,11321409,Beef Chuck Short Ribs Boneless 8oz,14
cluster_539,11321413,Beef Chuck Short Ribs Boneless 9oz,14
cluster_533,11310400,Beef Chuck Short Ribs Bone In,15
cluster_533,11321000,Beef Chuck Short Ribs Boneless,15
cluster_533,11321441,Beef Chuck Short Ribs- Bone in,15
cluster_533,16330000,"Beef Plate Short Ribs 1 1/2""",15
cluster_533,16300514,Beef Plate Short Ribs 3 Bone,15
cluster_533,16310033,"Beef Plate Short Ribs 3""",15
cluster_533,16300038,"Beef Plate Short Ribs 3/8""",15
cluster_533,16310001,Beef Plate Short Ribs Bone In,15
cluster_533,16311090,Beef Plate Short Ribs Boneless,15
cluster_533,16311400,Beef Plate Short Ribs Choice,15
cluster_533,16310412,"Beef Plate Short Ribs Choice 1/2""",15
cluster_533,16310300,"Beef Plate Short Ribs CUT 3""",15
cluster_533,16300000,Beef Plate Short Ribs Whole,15
cluster_533,16310003,Beef Plate Short Ribs-,15
cluster_533,16300012,Beef Plate Short Ribs-bone- in,15
cluster_570,11401008,Beef Chuck Tenderloin Choice 8oz,4
cluster_570,11401004,Beef Chuck Tenderloin Choice 4oz,4
cluster_570,11401003,Beef Chuck Tenderloin Choice 3oz,4
cluster_570,11401006,Beef Chuck Tenderloin Choice 6oz,4
cluster_271,128003,"BEEF CHUCKTAIL FLAP, IMPORTED WAGYU",6
cluster_271,148002,"BEEF COULOTTE, IMPORTED WAGYU",6
cluster_271,13400800,Beef Strip Loin Boneless Wagyu,6
cluster_271,14300800,Beef  Tenderloin  Wagyu,6
cluster_271,148000,"BEEF TENDERLOIN, IMPORTED WAGYU",6
cluster_271,148001,"BEEF TOP SIRLOIN, IMPORTED WAGYU",6
cluster_299,12000410,Beef Export Rib,11
cluster_299,40360,Beef Export Rib Choice,11
cluster_299,40359,Beef Export Rib Select,11
cluster_299,12000400,Beef Rib Export Choice Up,11
cluster_299,164164,"BEEF RIB EXPORT, CH, 16UP",11
cluster_299,12000600,Beef Rib Export Prime,11
cluster_299,12000401,Beef Rib Export Choice Light,11
cluster_299,164181,"BEEF RIB EXPORT, CH, 18DN",11
cluster_299,17061876,"Export Rib, Nebraska Beef (N/R)",11
cluster_299,42010,Mexican Beef Export Rib,11
cluster_299,164230,"BEEF RIB #109, CH, 23#DN",11
cluster_263,180001,BEEF FEET,7
cluster_263,42890,Beef Feet CUT,7
cluster_263,42800,Beef Feet IBP/National,7
cluster_263,10111010,"Feet Beef #1 White, IBP",7
cluster_263,10115470,"Feet Beef #1 White, Iowa Best",7
cluster_263,10113350,"Feet Beef #1 White, Swift",7
cluster_263,10129980,BF FEET-z-CUT 30#,7
cluster_486,40820,Beef Flank Steak,17
cluster_486,40800,Beef Flank Steak - *National*,17
cluster_486,17101412,Beef Flank Steak Choice,17
cluster_486,17100500,Beef Flank Steak Choice (UI),17
cluster_486,17101611,Beef Flank Steak Prime,17
cluster_486,41940,Beef Flank Steak Select,17
cluster_486,13199984,"Flank Steak, (Ch)",17
cluster_486,13199985,"Flank Steak, (Sel)",17
cluster_486,13191054,"Flank Steak, AFG (Ch)",17
cluster_486,134000,"FLANK STEAK, CH",17
cluster_486,13191204,"Flank Steak, Creekstone (Ch)",17
cluster_486,13191004,"Flank Steak, GreaterOmaha (Ch)",17
cluster_486,14193574,"Flank Steak, IBP (Ch)",17
cluster_486,13191164,"Flank Steak, Iowa Premium (Ch)",17
cluster_486,13191050,"Flank Steak, LP-AFG (Utl)",17
cluster_486,13191024,"Flank Steak, National (Ch)",17
cluster_486,13193334,"Flank Steak, Upper Iowa (Ch)",17
cluster_403,140006,"SIRLOIN FLAP MEAT, CH",15
cluster_403,15184956,"Flap Meat (Sirloin), Heritage",15
cluster_403,15184496,"Flap Meat (Sirloin), Harmony",15
cluster_403,13808000,Beef Sirloin Flap Meat Choice Angus UI,15
cluster_403,15183574,"Flap Meat (Sirloin), IBP (Ch)",15
cluster_403,207900008,"Flap Meat (Sirloin), JBS",15
cluster_403,15183810,"Flap Meat (Sirloin), Mex FC Beef",15
cluster_403,120005,CHUCK FLAP MEAT BEEF,15
cluster_403,41210,Beef Flap Meat Select,15
cluster_403,41211,Beef Flap Meat Choice,15
cluster_403,15183370,"Flap Meat (Sirloin), Don Saul",15
cluster_403,15181590,"Flap Meat (Sirloin), Mex Fertres",15
cluster_403,15181024,"Flap Meat (Sirloin), National (Ch)",15
cluster_403,15181120,"Flap Meat (Sirloin), Mex Praderas",15
cluster_403,15183760,"Flap Meat (Sirloin), Liffey",15
cluster_520,11101510,Beef Flat Iron Steak Angus Choice 10oz,9
cluster_520,11101506,Beef Flat Iron Steak Angus Choice 6oz,9
cluster_520,11101508,Beef Flat Iron Steak Angus Choice 8oz,9
cluster_520,11101509,Beef Flat Iron Steak Angus Choice 9oz,9
cluster_520,11101410,Beef Flat Iron Steak Choice 10oz,9
cluster_520,11101404,Beef Flat Iron Steak Choice 4oz,9
cluster_520,11101406,Beef Flat Iron Steak Choice 6oz,9
cluster_520,11101408,Beef Flat Iron Steak Choice 8oz,9
cluster_520,11101610,Beef Flat Iron Steak Prime 10oz,9
cluster_215,10150000,Beef For Pot Roast,5
cluster_215,10151400,Beef Pot Roast Raw 15#,5
cluster_215,10110000,Beef Roast -Fully Cooked,5
cluster_215,10120000,Beef Roast Cooked Medium Rare,5
cluster_215,10121000,Beef Roast Cooked Medium Sara Lee,5
cluster_273,18481041,Beef Franks Skls  -4/1-10# Cs Vienna,9
cluster_273,18481241,Beef Franks Skls  4/1-10# Cs Vienna,9
cluster_273,18481047,"Beef Franks Skls  -4/1-10# Cs Vienna 7""",9
cluster_273,18411048,"Beef Franks   4/1 Vienna-( 8"")",9
cluster_273,18481181,Beef Franks N/C  -6/1-10Lb Vienna,9
cluster_273,18481062,Beef Franks   4/1 Vienna,9
cluster_273,18481051,Beef Franks Snls 5/1-10Lb Vienna,9
cluster_273,18481091,Beef Franks Skls 10/1-,9
cluster_273,18481081,"Beef Franks "" 8/1 skinless  Vienna",9
cluster_526,190801,80/20 GROUND BEEF-FROZEN 36/1#,18
cluster_526,18200900,Beef Ground 80/20 Fresh CVP,18
cluster_526,190803,"BEEF GROUND, 80/20 W/3%, PRO, 5LB",18
cluster_526,42310,Ground Beef 80/20 FG 5#,18
cluster_526,18200008,Beef Ground 80/20,18
cluster_526,18250010,Beef Ground 80/20 Fresh,18
cluster_526,18208416,Beef Ground 84/16 CVP Fresh,18
cluster_526,18200185,Beef Ground 85/15 Fresh 10lb Bag Anmar,18
cluster_526,18200100,Beef Ground 80/20 Fresh 10# CVP,18
cluster_526,190901,"BEEF GROUND, 90/10, 10LB",18
cluster_526,19163660,Ground Beef 73% Fine 8-10lb Caviness,18
cluster_526,190900,"BEEF GROUND, 90/10, 5LB",18
cluster_526,18278000,Beef Ground 78/22 Fresh,18
cluster_526,190855,"BEEF GROUND, 85/15, 5LB",18
cluster_526,18230086,Ground Beef 85/15  10 lb. case,18
cluster_526,18200500,Beef Ground 80/20 Angus,18
cluster_526,18140090,Beef Ground Chuck 90/10 Fresh,18
cluster_526,18260005,Beef Ground 80/20 5#,18
cluster_505,18240001,Beef Ground Grass Fed,6
cluster_505,190018,"BEEF GROUND, GRASS FED, 2/10#",6
cluster_505,190812,"BEEF GROUND, GRASS FED, O. PRAIRIE",6
cluster_505,190021,"BEEF GROUND, GRASS FED, ORGANIC PRAIRIE",6
cluster_505,19119980,"Ground Beef 80/20, Grass Fed",6
cluster_505,45030,Ground Beef 93% Grass Fed 1# Brick,6
cluster_543,18100010,Beef Ground Patties Pure 10 OZ,11
cluster_543,18107007,Beef Ground Patties 7oz 10Lb/Cs,11
cluster_543,18107005,Beef Ground Patties 5oz 10Lb/Cs,11
cluster_543,18180100,Beef Ground Patties 10oz-Fresh,11
cluster_543,18109021,Beef Ground Patties 2/1 -10Lb/Cs,11
cluster_543,18100007,Beef Ground Patties Pure 7oz,11
cluster_543,18180070,Beef Ground Patties 7oz-Fresh,11
cluster_543,18100159,"Beef Ground Patties 5""x9"" 10Lb/Cs 70/30",11
cluster_543,18180090,Beef Ground Patties 9oz-Fresh,11
cluster_543,18500003,Beef Ground Pattie 3oz 10.125 lb/CS,11
cluster_543,18106021,Beef Patties 2/1 -10LB/CS,11
cluster_548,18130031,Beef Ground Patties 3/1 -Pure,8
cluster_548,18117531,Beef Ground Patties Pure 3-1,8
cluster_548,18100631,Beef Ground Patties 3/1 Pure,8
cluster_548,18110031,Beef Ground Patties Pure 3/1,8
cluster_548,18117541,Beef Ground Patties Pure 4-1,8
cluster_548,18110621,Beef Ground Patties 2/1 Pure,8
cluster_548,18100921,Beef Ground Patties Pure 2/1 Sb,8
cluster_548,18101031,Beef Ground Patties Pure 2/1,8
cluster_549,18180041,Beef Ground Patties 4/1,3
cluster_549,18180081,Beef Ground Patties 8/1,3
cluster_549,18180031,Beef Ground Patties 3/1,3
cluster_559,12500610,Beef Hanger Steak Prime 10oz,6
cluster_559,12500410,Beef Hanger Steak Choice 10oz,6
cluster_559,12500412,Beef Hanger Steak Choice 12oz,6
cluster_559,12500404,Beef Hanger Steak Choice 4oz,6
cluster_559,12500408,Beef Hanger Steak Choice 8oz,6
cluster_559,12500405,Beef Hanger Steak Choice 5oz,6
cluster_286,46100,Beef Hanging Tender =National=,7
cluster_286,12510400,Beef Hanging Tender Choice,7
cluster_286,12510500,Beef Hanging Tender Choice (UI),7
cluster_286,12510510,Beef Hanging Tender Choice IND Pack,7
cluster_286,12511400,Beef Hanging Tender Peeled Choice,7
cluster_286,12510600,Beef Hanging Tender Prime (UI),7
cluster_286,12530000,Beef Hanging Tenderloin,7
cluster_377,194001,"BEEF HIND SHANK, CUT UP, CH",5
cluster_377,14910001,"Beef Shank Cut 1""",5
cluster_377,14910005,"Beef Shank Cut 1/2""",5
cluster_377,19960114,"BEEF TRIPE CUT 1 1/4"" x 1 1/4""",5
cluster_377,19960012,"BEEF TRIPE CUT 1/2x1/2""",5
cluster_279,98765830,"Beef Hot Smkd Sausage L,Motor C (2 Lbs)",6
cluster_279,97775830,"Beef Mild Smkd Sausage L,Motor C (2 Lbs)",6
cluster_279,97745830,"Hot Smkd Beef Sausage L,Motor C (16/16oz",6
cluster_279,97785830,"Hot Smkd Sausage Links,Motor C (2 Lbs)",6
cluster_279,97755830,"Mild  Beef Sausage Link,Motor C (16/16oz",6
cluster_279,97795830,"Mild Smkd Sausage Links,Motor C (2 Lbs)",6
cluster_525,16200410,Beef Outside Skirt Choice 10oz,7
cluster_525,16140210,Beef Inner Skirt 10oz Choice,7
cluster_525,16200498,Beef Outside Skirt Choice 8oz,7
cluster_525,16200404,Beef Outside Skirt Choice 4oz,7
cluster_525,16200412,Beef Outside Skirt Choice 12oz,7
cluster_525,16200409,Beef Outside Skirt Choice 9oz,7
cluster_525,16200407,Beef Outside Skirt Choice 7oz,7
cluster_462,16140001,Beef Inner Skirts,11
cluster_462,16180300,Beef Inner Skirts Choice,11
cluster_462,16100401,Beef Inner Skirts Choice Thin Cut,11
cluster_462,46610,Beef Inside Skirt,11
cluster_462,46670,Beef Inside Skirt Choice,11
cluster_462,16240000,Beef Outside Skirt Choice,11
cluster_462,16280500,Beef Outside Skirt Choice (UI),11
cluster_462,16210500,Beef Outside Skirt Peeled Choice (UI),11
cluster_462,16290100,Beef Outside Skirt Pieces,11
cluster_462,46671,Beef Outside Skirt PLD,11
cluster_462,16045164,"Inner Skirts, True West Beef (Ch)",11
cluster_337,88190,Beef Liver  GOP 30# HALAL,6
cluster_337,20031230,Lamb Liver,6
cluster_337,37037,Lamb liver 60# halal,6
cluster_337,36001,Lamb liver halal,6
cluster_337,37325,Lamb liver TP #4 halal,6
cluster_337,12261012,LAMB LIVER-z MAR,6
cluster_262,19210100,Beef Liver S&D,14
cluster_262,180021,"BEEF LIVER, WHOLE",14
cluster_262,190181,"BEEF LIVER, SLICED, O. PRAIRIE",14
cluster_262,10143330,"Livers, Beef Upper Iowa",14
cluster_262,180040,"BEEF LIVER, SLICED, 4OZ",14
cluster_262,10141140,"Liver, Beef,  WesternReserve",14
cluster_262,19301000,Beef Liver Whole Fresh,14
cluster_262,10142930,"Liver, Beef, This Old Farm",14
cluster_262,19320041,BEEF LIVER SLICED 4OZ,14
cluster_262,10141000,"Liver Select, Beef, GreaterOmaha",14
cluster_262,19320031,Beef Liver Sliced 3/1,14
cluster_262,18010760,"Liver Select, Beef, Sliced 30/1 Fremont",14
cluster_262,180150,"BEEF LIVER, WHOLE 1PC, 15# AVE",14
cluster_262,10743330,"Livers, Beef Upper Iowa (60#)",14
cluster_578,13320614,Beef Loin Porterhouse Steak 14oz,8
cluster_578,13320414,Beef Loin Porterhouse Steak Choice 14oz,8
cluster_578,13320424,Beef Loin Porterhouse Steak Choice 24oz,8
cluster_578,13320422,Beef Loin Porterhouse Steak Choice 22oz,8
cluster_578,13320432,Beef Loin Porterhouse Steak Choice 32oz,8
cluster_578,13320418,Beef Loin Porterhouse Steak Choice 18oz,8
cluster_578,13320416,Beef Loin Porterhouse Steak Choice 16oz,8
cluster_578,13320428,Beef Loin Porterhouse Steak Choice 28oz,8
cluster_575,13300410,Beef T-Bone Steak Choice 10oz,6
cluster_575,13310410,Beef Loin T-Bone Steak Choice 10oz,6
cluster_575,13310414,Beef Loin T-Bone Steak Choice 14oz,6
cluster_575,13310415,Beef Loin T-Bone Steak Choice 15oz,6
cluster_575,13310416,Beef Loin T-Bone Steak Choice 16oz,6
cluster_575,13310418,Beef Loin T-Bone Steak Choice 18oz,6
cluster_396,SP133,BEEF MEATBALLS 1oz FC   (20#),11
cluster_396,SP1333,BEEF MEATBALLS   1oz/4-5# Bags,11
cluster_396,19020001,Beef Meatballs  2oz- TRADITIONAL-ROSINA,11
cluster_396,SP1332,BEEF MEATBALLS ITALIAN 1/2 oz,11
cluster_396,19011001,"Beef/Pork Binici, Meatball 1oz",11
cluster_396,190121,"MEATBALL,1/2OZ QUALITY, 10#",11
cluster_396,19020012,Meatballs all beef  Italian 1/2oz Rosina,11
cluster_396,19020021,Meatballs beef -Cooked italian style 2oz,11
cluster_396,190120,"MEATBALLS,  1/2OZ REDI-SERVE, 10#",11
cluster_396,190115,"MEATBALLS, ROSINA 1/2OZ",11
cluster_396,190111,"MEATBALLS, ROSINA 1OZ",11
cluster_470,39000010,Pork Bones PORK NECK BONES,10
cluster_470,20235,SPRING HILL Pork Femur Bones,10
cluster_470,13209128,PORK NECKBONES MEATY *__,10
cluster_470,13209132,PORK BONES,10
cluster_470,40409980,PORK NECKBONES MEATY COMB,10
cluster_470,20232,Pork Femur Bones,10
cluster_470,20236,Pork Neck Bones,10
cluster_470,13231,PORK BONES FEMUR PEO,10
cluster_470,13231,PORK BONES FEMUR PEO,10
cluster_470,39000250,Pork Skin & bones,10
cluster_136,629180,STATE FAIR MINI CORN DOGS-240/.72OZ,5
cluster_136,97245740,"Corn Dogs Beef 8ct, Bar S (12/1.5#)",5
cluster_136,97215740,"Corn Dogs Classic 8ct, Bar S (12/1.34#)",5
cluster_136,97335740,"Corn Dogs Chuck Wagon, Bar S (4/40oz)",5
cluster_136,38123000,Corn Dogs -10LB CS,5
cluster_239,19440012,Beef Oxtails,9
cluster_239,19450000,Beef Oxtails (UI),9
cluster_239,43500,Beef Oxtails  *CAVINESS* only,9
cluster_239,43520,Beef OXTAILS 15# IBP,9
cluster_239,19470000,Beef Oxtails Packerland,9
cluster_239,19480000,Beef Oxtails Sukarne,9
cluster_239,43521,Beef OXTAILS Swift,9
cluster_239,19400011,Beef Oxtails Valley,9
cluster_239,10394630,"Oxtails Select, Naeve Beef",9
cluster_550,190872,BEEF PATTY 5OZ 85/15 JUMBO,5
cluster_550,190095,"BEEF PATTY JUMBO 75/25, 5OZ",5
cluster_550,190754,"BEEF PATTY, 75/25 JUMBO, 4OZ",5
cluster_550,190844,"BEEF PATTY, JUMBO 80/20, 4OZ",5
cluster_550,190856,"BEEF PATTY, JUMBO 85/15, 4OZ",5
cluster_552,190763,BEEF PATTY 75/25 6OZ,6
cluster_552,190758,"BEEF PATTY, 75/25, 8OZ",6
cluster_552,190752,"BEEF PATTY, 75/25, 4OZ",6
cluster_552,190757,"BEEF PATTY, 75/25, 7OZ",6
cluster_552,190756,"BEEF PATTY, 75/25, 5OZ",6
cluster_552,190870,"BEEF PATTY, 85/15, 7OZ",6
cluster_528,190871,BEEF PATTY 85/15 6-1,5
cluster_528,190851,"BEEF PATTY, 80/20, 5-1",5
cluster_528,190853,"BEEF PATTY, 85/15, 5-1",5
cluster_528,190806,"BEEF PATTY, 80/20, 6-1",5
cluster_528,190827,"BEEF PATTY, 80/20, 7-1",5
cluster_551,190071,"BEEF PATTY 80/20, 7OZ",4
cluster_551,190061,"BEEF PATTY 80/20, 6OZ",4
cluster_551,190824,"BEEF PATTY, 80/20, 4OZ",4
cluster_551,190821,"BEEF PATTY, 80/20, 10OZ",4
cluster_542,19550004,Beef Philly Steak 4oz,5
cluster_542,19550006,Beef Philly Steak 6oz,5
cluster_542,140251,"STEAK PHILLY, CH, 5OZ",5
cluster_542,144040,"STEAK BOSTON, CH, 4OZ",5
cluster_542,144060,"STEAK BOSTON, CH, 6OZ",5
cluster_540,16210010,Beef Plate Short Ribs Boneless 10oz,11
cluster_540,16310005,Beef Plate Short Ribs bnls 5oz,11
cluster_540,16310010,Beef Plate Short Ribs  10oz,11
cluster_540,16300010,Beef Plate Short Ribs 10 oz,11
cluster_540,16310008,Beef Plate Short Ribs 3 Bone 8oz,11
cluster_540,16310011,Beef Plate Short Ribs 10-12 oz,11
cluster_540,16311008,Beef Plate Short Ribs 8oz,11
cluster_540,16310039,Beef Plate Short Ribs 16oz,11
cluster_540,16311005,Beef Plate Short Ribs 5oz,11
cluster_540,16310404,Beef Plate Short Ribs 4oz,11
cluster_540,16310018,Beef Plate Short Ribs 18oz,11
cluster_379,SP1460,BEEF PRIME RIB-CH BNLS LIP-ON,12
cluster_379,12101514,Beef Ribeye Boneless Lip On 5# Netted,12
cluster_379,12100514,Beef Ribeye Boneless Lip On Choice (UI),12
cluster_379,12100414,Beef Ribeye Boneless Lip On Choice Dwn,12
cluster_379,12100700,Beef Ribeye Boneless Lip On Choice Up,12
cluster_379,12100200,Beef Ribeye Boneless Lip On No Roll,12
cluster_379,12100600,Beef Ribeye Boneless Lip On Prime,12
cluster_379,12100300,Beef Ribeye Boneless Lip On Select,12
cluster_379,43720,Beef Lipon Choice Frozen,12
cluster_379,43730,Beef Ribeye Lip-On Boneless PRIME,12
cluster_379,17111874,"Ribeye Lip On, Nebraska Beef (Ch)",12
cluster_379,17111875,"Ribeye Lip On, Nebraska Beef (Sel)",12
cluster_569,12115516,Beef Ribeye B/In Angus Choice 16oz,4
cluster_569,12110516,Beef Ribeye B/In Choice Angus 16oz,4
cluster_569,12140432,Beef Ribeye B/In Choice Angus 32oz,4
cluster_569,12115518,Beef Ribeye B/In Angus Choice 18oz,4
cluster_568,12115422,Beef Ribeye B/In Choice 22oz,6
cluster_568,12110422,Beef Ribeye B/In Choice 22oz-,6
cluster_568,12120424,Beef Ribeye B/In Choice 24oz,6
cluster_568,12110420,Beef Ribeye B/In Choice 20oz,6
cluster_568,12110408,Beef Ribeye B/In Choice 8oz,6
cluster_568,12110418,Beef Ribeye B/In Choice 18oz,6
cluster_565,12119622,Beef Ribeye B/In Prime Dry Aged 22oz,4
cluster_565,12115622,Beef Ribeye B/In Prime 22oz,4
cluster_565,12110622,Beef Ribeye B/In Prime 22oz frenched,4
cluster_565,12110613,Beef Ribeye B/In Prime 12-14 oz,4
cluster_499,12350180,Beef Ribeye Rolls ute 8 Up,9
cluster_499,12350110,Beef Ribeye Rolls ute 10 Up,9
cluster_499,12350108,Beef Ribeye Rolls ute 8oz,9
cluster_499,12350106,Beef Ribeye Rolls 10 Up,9
cluster_499,17102267,"Ribeye Roll (Lomo) 8/Up, M P Beef (Utili",9
cluster_499,12350118,"Beef Ribeye Rolls Ute Sliced 1/8 """,9
cluster_499,17092267,"Ribeye Roll (Lomo) 10/Up, M P Beef (Util",9
cluster_499,12350141,Beef Ribeye Rolls ute 4/1,9
cluster_499,12350131,Beef Ribeye Rolls ute 3/1,9
cluster_564,12130410,Beef Ribeye Steak Boneless Choice 10oz,21
cluster_564,12131614,Beef Ribeye Steak Boneless Prime 14oz,21
cluster_564,1213509,Beef Ribeye Steak Boneless Angus 8oz,21
cluster_564,12131408,Beef Ribeye Steak Boneless Choice 8oz,21
cluster_564,12131055,Beef Ribeye Steak Boneless 5-6oz,21
cluster_564,12131610,Beef Ribeye Steak Boneless Prime 10oz,21
cluster_564,12130606,Beef Ribeye Steak Boneless Prime 6oz,21
cluster_564,12131044,Beef Ribeye Steak Boneless No Tail 4oz,21
cluster_564,12131409,Beef Ribeye Steak Boneless Choice 9oz,21
cluster_564,12130012,Beef Ribeye Steak Boneless 12oz NR,21
cluster_564,12131418,Beef Ribeye Steak Boneless Choice 18oz,21
cluster_564,12131310,Beef Ribeye Steak Boneless Select 10oz,21
cluster_564,12131506,Beef Ribeye Steak Boneless Angus 6oz,21
cluster_564,12131612,Beef Ribeye Steak Boneless Prime 12oz,21
cluster_564,12131420,Beef Ribeye Steak Boneless Choice 24oz,21
cluster_564,12130608,Beef Ribeye Steak Boneless Prime 8oz,21
cluster_564,12130412,Beef Ribeye Steak Boneless Choice 12oz,21
cluster_564,12130607,Beef Ribeye Steak Boneless Prime 7oz,21
cluster_564,12130005,Beef Ribeye Steak Boneless 5oz,21
cluster_564,12131312,Beef Ribeye Steak Boneless Select 12oz,21
cluster_564,12131616,Beef Ribeye Steak Boneless Prime 16oz,21
cluster_182,46300,Beef Rose Meat (Suadero),5
cluster_182,10031320,"Rose Meat (Suadero), Mex Gusi",5
cluster_182,10031590,"Rose Meat (Suadero), Mex Los Fertres",5
cluster_182,10031120,"Rose Meat (Suadero), Mex Praderas",5
cluster_182,10031130,"Rose Meat (Suadero), Mex SuKarne",5
cluster_207,45500,Beef Scalded Tripe //IBP//,7
cluster_207,45530,Beef Scalded Tripe 60#,7
cluster_207,90142,Beef Scalded Tripe GOP 60#,7
cluster_207,19911000,Beef Tripe Scald Fz,7
cluster_207,19940000,Beef Tripe Scalded,7
cluster_207,10351310,"Scalded Tripe, Beef Four Star  (60#)",7
cluster_207,10353570,"Scalded Tripe, Beef IBP (50#)",7
cluster_560,40450,Beef Strip Loin 0X1 #II select,15
cluster_560,40461,Beef Strip Loin 0X1 Bone In Choice,15
cluster_560,40460,Beef Strip Loin 0X1 Choice,15
cluster_560,13400401,Beef Strip Loin 0X1 Choice-1/2,15
cluster_560,40410,Beef Strip Loin 0X1 Select,15
cluster_560,40401,Beef Strip Loin 0X1 ~SELECT~,15
cluster_560,40510,Beef Strip Loin 1x1 Boneless,15
cluster_560,13440412,Beef Strip Loin Bone In Choice 1X1,15
cluster_560,13400511,Beef Strip Loin Boneless Angus 1X1,15
cluster_560,13400701,Beef Strip Loin Boneless Choice 0X1,15
cluster_560,13400421,Beef Strip Loin Boneless Choice 1X1,15
cluster_560,13400201,Beef Strip Loin Boneless N/R 0X1,15
cluster_560,13400322,Beef Strip Loin Boneless N/R 1X1,15
cluster_560,13400300,Beef Strip Loin Boneless Select 0X0,15
cluster_560,13400011,Beef Strip Loin Choice  0X1 Cut vp-1,15
cluster_579,13430512,Beef Strip Loin Steak Prime12oz,8
cluster_579,13410010,Beef Strip Loin Steak 10oz,8
cluster_579,13410080,Beef Strip Loin Steak 8oz,8
cluster_579,13429612,Beef Strip Loin Steak Prime 12oz,8
cluster_579,13420609,Beef Strip Loin Steak Prime 8oz,8
cluster_579,13420610,Beef Strip Loin Steak Prime 10oz,8
cluster_579,13410060,Beef Strip Loin Steak 6oz,8
cluster_579,13420607,Beef Strip Loin Steak Prime 7oz,8
cluster_581,13421512,Beef Strip Loin Steak Angus 12oz,5
cluster_581,13420514,Beef Strip Loin Steak Angus 14oz,5
cluster_581,13420516,Beef Strip Loin Steak Angus 16oz,5
cluster_581,13420509,Beef Strip Loin Steak Angus 9oz,5
cluster_581,13450516,Beef Strip Loin Steak Choice Angus 16oz,5
cluster_580,13420518,Beef Strip Loin Steak Choice 18oz,9
cluster_580,13430518,Beef Strip Loin Steak Choice 18-20oz,9
cluster_580,13420411,Beef Strip Loin Steak Choice 11oz,9
cluster_580,13420407,Beef Strip Loin Steak Choice 7oz,9
cluster_580,13420408,Beef Strip Loin Steak Choice 8oz,9
cluster_580,13410414,Beef Strip Loin Steak Choice 14oz,9
cluster_580,13430412,Beef Strip Loin Steak Choice 12oz,9
cluster_580,13420511,Beef Strip Loin Steak Choice 10oz,9
cluster_580,13420413,Beef Strip Loin Steak Choice 13oz,9
cluster_132,42801,Beef Sweetbread GOP 8/3#,5
cluster_132,19955050,Beef Sweetbreads,5
cluster_132,10291000,"Sweetbreads, Beef GreaterOmaha (20#)",5
cluster_132,10293350,"Sweetbreads, Beef Swift (20#)",5
cluster_132,10293330,"Sweetbreads, Beef Upper Iowa (15#)",5
cluster_577,141080,"BEEF TENDERLOIN FILET, CC, PRIME, 8OZ",9
cluster_577,141086,"BEEF TENDERLOIN FILET, CC, PRIME, 6OZ",9
cluster_577,141081,"BEEF TENDERLOIN FILET, CC, PRIME, 10OZ",9
cluster_577,13101105,Beef Tenderloin Filet 5OZ,9
cluster_577,13101610,Beef Tenderloin Filet Prime 10oz,9
cluster_577,13101605,Beef Tenderloin Filet Prime 5oz,9
cluster_577,13101608,Beef Tenderloin Filet Prime 8oz,9
cluster_577,13105606,Beef Tenderloin Filet Prime 6oz,9
cluster_577,13101604,Beef Tenderloin Filet Prime 4oz,9
cluster_572,142080,"BEEF TENDERLOIN FILET, ANGUS, CH, 8OZ",7
cluster_572,13111607,Beef Tenderloin Filet Choice 7oz Angus,7
cluster_572,13101507,Beef Tenderloin Filet Angus Choice 7oz,7
cluster_572,13101508,Beef Tenderloin Filet Angus Choice 8oz,7
cluster_572,13101510,Beef Tenderloin Filet Angus Choice 10oz,7
cluster_572,13101511,Beef Tenderloin Filet Angus Choice 11oz,7
cluster_572,13101504,Beef Tenderloin Filet Angus Choice 4oz,7
cluster_576,13105404,Beef Tenderloin Filet Choice 4oz,8
cluster_576,13101410,Beef Tenderloin Filet Choice 10oz,8
cluster_576,13101408,Beef Tenderloin Filet Choice 8oz,8
cluster_576,13101411,Beef Tenderloin Filet Choice 11oz,8
cluster_576,13101407,Beef Tenderloin Filet Choice 7oz,8
cluster_576,13101412,Beef Tenderloin Filet Choice 12oz,8
cluster_576,13101409,Beef Tenderloin Filet Choice 9oz,8
cluster_576,13101405,Beef Tenderloin Filet Choice 5oz,8
cluster_522,13001004,Beef Tenderloin Medallions 4oz,8
cluster_522,13001005,Beef Tenderloin Medallions 5oz,8
cluster_522,13001006,Beef Tenderloin Medallions 5oz CHOICE,8
cluster_522,13001403,Beef Tenderloin Medallions Choice 3oz fr,8
cluster_522,13001404,Beef Tenderloin Medallions Choice 4oz,8
cluster_522,13001604,Beef Tenderloin Medallions Prime 4-5 oz,8
cluster_522,13001304,Beef Tenderloin Medallions- 4 oz-Fresh,8
cluster_522,13001405,Beef Tenderloin Medallions-5 oz-choice,8
cluster_515,13000499,Beef Tenderloin Psmo  #2,18
cluster_515,40010,Beef Tenderloin PSMO 5up CHOICE,18
cluster_515,40070,Beef Tenderloin PSMO 5up II,18
cluster_515,40011,Beef Tenderloin PSMO 5up Prime,18
cluster_515,40012,Beef Tenderloin PSMO 5up Select,18
cluster_515,13000001,Beef Tenderloin Psmo 6/UP AAA,18
cluster_515,13000415,Beef Tenderloin Psmo Choice 5 Down,18
cluster_515,13000905,Beef Tenderloin Psmo Choice 5 Up,18
cluster_515,13000405,Beef Tenderloin Psmo Light 5 down,18
cluster_515,13000410,Beef Tenderloin Psmo   N.R,18
cluster_515,13000606,Beef Tenderloin Psmo Prime,18
cluster_515,13000600,Beef Tenderloin Psmo Prime 7/up,18
cluster_515,13000411,Beef Tenderloin Psmo   SS & SM off,18
cluster_515,140021,"BEEF TENDERLOIN, PSMO, #2, CH",18
cluster_515,141050,"BEEF TENDERLOIN, PSMO, 5UP, PRIME",18
cluster_515,144051,"BEEF TENDERLOIN, PSMO, CH, 5UP",18
cluster_515,144053,"BEEF TENDERLOIN, PSMO, CH, 5UP, CS LO",18
cluster_515,144054,"BEEF TENDERLOIN, PSMO, CH, 5UP, PC",18
cluster_553,140023,"BEEF TENDERLOIN, DIAMOND CUT, 2OZ",7
cluster_553,140050,"BEEF TENDERLOIN, DIAMOND CUT, CC 5OZ",7
cluster_553,140040,"BEEF TENDERLOIN, DIAMOND CUT, CC, 4OZ",7
cluster_553,140030,"BEEF TENDERLOINT, DIAMOND CUT, 3OZ",7
cluster_553,140080,"BEEF TENDERLOIN, DIAMOND CUT, CC, 8OZ",7
cluster_553,140070,"BEEF TENDERLOIN, DIAMOND CUT, CC, 7OZ",7
cluster_553,140060,"BEEF TENDERLOIN, DIAMOND CUT, CC, 6OZ",7
cluster_562,13620308,Beef Top Sirloin Butt Steak Select 8oz,7
cluster_562,13620608,Beef Top Sirloin Butt Steak Choice 8oz,7
cluster_562,13610404,Beef Top Sirloin Butt Steak Choice 4oz,7
cluster_562,13610410,Beef Top Sirloin Butt Steak Choice 10oz,7
cluster_562,13620511,Beef Top Sirloin Butt Steak Choice 11oz,7
cluster_562,13620412,Beef Top Sirloin Butt Steak Choice 12oz,7
cluster_562,13610407,Beef Top Sirloin Butt Steak Choice 7oz,7
cluster_563,13610610,Beef Top Sirloin Butt Steak Prime 10oz,5
cluster_563,13610608,Beef Top Sirloin Butt Steak Prime 8oz,5
cluster_563,13610606,Beef Top Sirloin Butt Steak Prime 6oz,5
cluster_563,13610605,Beef Top Sirloin Butt Steak Prime 5oz,5
cluster_563,13610609,Beef Top Sirloin Butt Steak Prime 9oz,5
cluster_561,13641610,Beef Top Sirloin Coulotte Prime 10oz,8
cluster_561,13641609,Beef Top Sirloin Coulotte Prime 9oz,8
cluster_561,13641607,Beef Top Sirloin Coullotte Prime 7oz,8
cluster_561,13641510,Beef Top Sirloin Coulotte Choice 10oz,8
cluster_561,13641606,Beef Top Sirloin Coulotte Prime 6oz,8
cluster_561,13641506,Beef Top Sirloin Coulotte Choice 5/6OZ,8
cluster_561,13641509,Beef Top Sirloin Coulotte Choice 9oz,8
cluster_561,13641507,Beef Top Sirloin Coulotte Choice 7oz,8
cluster_463,43009990,PORK BELLY SKIN-ON TRIMMED,17
cluster_463,43004770,"Belli SKIN ON Trimmed, Pork, Orviande",17
cluster_463,43029990,PORK BELLY SNG/RIB SKIN-ON,17
cluster_463,43001010,"Belli Skin ON Trimmed, Pork, IBP",17
cluster_463,43011190,PORK BELLY SKLS COMB,17
cluster_463,43001190,PORK BELLY SKIN-ON COMB,17
cluster_463,43022080,"Belli Rib, SKIN ON, Pork, Dekalb",17
cluster_463,43005700,"Belli SKIN ON Trimmed, IVP Pork, Patel",17
cluster_463,20265,Pork Hocks skin-on IBP,17
cluster_463,43014650,"Belli SKINLESS, Pork Seara",17
cluster_463,43004820,"Belli SKIN ON, Pork, Animex",17
cluster_463,43022430,"Belli Rib, SKIN ON, Pork, Peoria",17
cluster_463,43005500,"Belli SKIN ON Trimmed, Pork, Skiba",17
cluster_463,21810,Pork Bellies Skin-On 10/14 - IBP,17
cluster_463,43011010,"Belli SKINLESS, Pork IBP",17
cluster_463,43005490,"Belli SKIN ON, Pork, Costa Brava",17
cluster_463,43004510,"Belli SKIN ON, Pork, Aurora",17
cluster_48,84420,DOUBLE HORSE Rice Stick - MEDIUM 3cm,4
cluster_48,84500,DOUBLE HORSE Rice Stick -  XL  10cm,4
cluster_48,84490,DOUBLE HORSE Rice Stick - LARGE  5cm,4
cluster_48,84422,GOLDEN ELEPHANT Rice Stick (M) 3MM,4
cluster_135,10429984,BF BONES PIPE-CCSPLIT 07-in-10#-z,15
cluster_135,10429999,BF BONES PIPE CC EVP 50#-z,15
cluster_135,10429923,BF BONES PIPE CC 05-in-10#-z,15
cluster_135,10430002,BF BONES PIPE CC BLM 50#-z,15
cluster_135,10430003,BF BONES PIPE CC NIC 60#-z,15
cluster_135,10430001,BF BONES PIPE CC CRK46985 60#-z,15
cluster_135,10430004,BF BONES PIPE CC CLR 30#-z,15
cluster_135,1044020,BF BONES PIPE CC ME SUK-z,15
cluster_135,10430005,BF BONES PIPE CC STX 60#-z,15
cluster_135,10430007,BF BONES PIPE CC EXC 40#-z,15
cluster_135,10429917,BF BONES PIPE CC 07-in 40#-z,15
cluster_135,10429921,BF BONES PIPE CC 03-in-10#-z,15
cluster_135,10429974,BF BONES PIPE-CCSPLIT 07-in 40#-z,15
cluster_135,10429925,BF BONES PIPE CC 07-in-10#-z,15
cluster_135,1043003,BF BONES PIPE CC 4ST 50#-z,15
cluster_134,1042978,BF BONES WHL FEMUR-z**,9
cluster_134,104260,BF NECK BONES-z AUR,9
cluster_134,104253,BF NECK BONES-z *__,9
cluster_134,104282,BF NECK BONES-z 5ST,9
cluster_134,104260,BF NECK BONES-z AUR,9
cluster_134,104263,BF NECK BONES-z HEL,9
cluster_134,104249,BF NECK BONES-z IAP,9
cluster_134,104258,BF NECK BONES-z ME LFT,9
cluster_134,104261,BF NECK BONES-z ME SUK,9
cluster_496,1010884,BF BRISKET BNL ANG OMC,18
cluster_496,1004118C,BF BRISKET BNL CAB FM CTS,18
cluster_496,101082,BF BRISKET BNL CAB OMA,18
cluster_496,1004A2IB,BF BRISKET BNL CH IBP D7107AH,18
cluster_496,10108,BF BRISKET BNL CH OMA,18
cluster_496,101012,BF BRISKET BNL CH OMA-HAL,18
cluster_496,1004A2I1,BF BRISKET BNL CH STR,18
cluster_496,1010832,BF BRISKET BNL CH WRE,18
cluster_496,10040234,BF BRISKET BNL-z CH-AAA STH,18
cluster_496,10040259,BF BRISKET BNL NR OMA,18
cluster_496,1010880,BF BRISKET BNL OMA-HRF,18
cluster_496,10108A,BF BRISKET BNL PR OMA,18
cluster_496,1010810,BF BRISKET BNL PR OMA-HAL,18
cluster_496,10040256,BF BRISKET BNL-z SE OMA,18
cluster_496,1003840,BF BRISKET BNL-z CH GRF,18
cluster_496,10040234,BF BRISKET BNL-z CH-AAA STH,18
cluster_496,10660931,BF BRISKET BNL-z CH-GF WGF 9#,18
cluster_496,10040256,BF BRISKET BNL-z SE OMA,18
cluster_432,1004118F,BF BRISKET Flats/Nose Off ** FMC,9
cluster_432,10060168,BF BRISKET Flats/Nose Off CAB OMA,9
cluster_432,1006A1XX,BF BRISKET Flats/Nose Off CH *__,9
cluster_432,10060157,BF BRISKET Flats/Nose Off CH BLM,9
cluster_432,1004A3IB,BF BRISKET Flats/Nose Off CH NEB,9
cluster_432,10060155,BF BRISKET Flats/Nose Off CH OMA,9
cluster_432,10060160,BF BRISKET Flats/Nose Off CH OMA-H,9
cluster_432,10060156,BF BRISKET Flats/Nose Off GOHRF,9
cluster_432,10060158,BF BRISKET Flats/Nose Off PR OMA,9
cluster_358,10028A,BF CHEEK MEAT-z AUR 60#,10
cluster_358,10027TL,BF CHEEK MEAT-z AME 60#,10
cluster_358,10028A,BF CHEEK MEAT-z AUR 60#,10
cluster_358,1002710,BF CHEEK MEAT-z IAP 60#,10
cluster_358,10028GO,BF CHEEK MEAT-z OMA 60#,10
cluster_358,10028G1,BF CHEEK MEAT-z OMA 60#-H,10
cluster_358,10029SW,BF CHEEK MEAT-z WGF,10
cluster_358,13005A,BF HEAD MEAT-z AUR,10
cluster_358,130045,BF HEAD MEAT-z IBB,10
cluster_358,13004ASW,BF HEAD MEAT-z IOW,10
cluster_346,10019887,BF CHUCK BI ARM/SEC CH AUR,5
cluster_346,10086000,BF CHUCK BI BLAD/SEC-N/O CH *__,5
cluster_346,10087S,BF CHUCK BI BLAD/SEC-N/O CH AUR,5
cluster_346,10087S,BF CHUCK BI BLAD/SEC-N/O CH AUR,5
cluster_346,100892,BF CHUCK BI BLAD/SEC-N/O-z ME SUK,5
cluster_342,10388108,BF CHUCK FLAP ANG OMC,15
cluster_342,10388111,BF CHUCK FLAP ANG OMC-H,15
cluster_342,10388100,BF CHUCK FLAP CAB OMA,15
cluster_342,1038865N,BF CHUCK FLAP-z CH NAT,15
cluster_342,10388NXL,BF CHUCK FLAP CH OMA,15
cluster_342,10388654,BF CHUCK FLAP CH-AAA HAR,15
cluster_342,10388NX3,BF CHUCK FLAP HRF-CLS,15
cluster_342,10388NX5,BF CHUCK FLAP HRF-CLS-H,15
cluster_342,10380183,BF CHUCK FLAP NR OMA,15
cluster_342,10388NX1,BF CHUCK FLAP OMA-HRF,15
cluster_342,1038870,BF CHUCK FLAP SE NAT,15
cluster_342,10388106,BF CHUCK FLAP SE OMA,15
cluster_342,1038865N,BF CHUCK FLAP-z CH NAT,15
cluster_342,10380188,BF CHUCK FLAP-z NR UIB,15
cluster_342,1038870,BF CHUCK FLAP SE NAT,15
cluster_345,1087NPL,BF CHUCK ROLL N/OFF NR IBP,23
cluster_345,1087A5AR,BF CHUCK ROLL N/OFF PR *__,23
cluster_345,1087456,BF CHUCK ROLL N/OFF NR DMK,23
cluster_345,1087A1IC,BF CHUCK ROLL-z N/OFF SE IBP,23
cluster_345,1087876,BF CHUCK ROLL N/OFF CAB OMA,23
cluster_345,1003830,BF CHUCK ROLL N/OFF CH GRF,23
cluster_345,1087AAIB,BF CHUCK ROLL N/OFF CH IBP D1307AH,23
cluster_345,1087A5AM,BF CHUCK ROLL N/OFF-ME SUK,23
cluster_345,1087A2EX,BF CHUCK ROLL N/OFF CH EXC,23
cluster_345,1087A1CS,BF CHUCK ROLL N/OFF CAB IBP,23
cluster_345,10802024,BF CHUCK ROLL N/OFF-ME PRA,23
cluster_345,108774,BF CHUCK ROLL N/OFF NR NAT,23
cluster_345,1087108,BF CHUCK ROLL N/OFF OMA-HRF,23
cluster_345,10871274,BF CHUCK ROLL-z N/OFF NR AMH,23
cluster_345,1087A116,BF CHUCK ROLL N/OFF-CA CAD AAA,23
cluster_345,10871162,BF CHUCK ROLL N/OFF CA IAP z,23
cluster_345,1087A2NA,BF CHUCK ROLL N/OFF CH NAT,23
cluster_345,1087A5AM,BF CHUCK ROLL N/OFF-ME SUK,23
cluster_345,10872014,BF CHUCK ROLL N/OFF-CA STH AAA,23
cluster_345,10871162,BF CHUCK ROLL N/OFF CA IAP z,23
cluster_345,1087A2CS,BF CHUCK ROLL N/OFF PR CRK-MC,23
cluster_345,1087A114,BF CHUCK ROLL N/OFF-CA HAR AAA,23
cluster_345,10871004,BF CHUCK ROLL N/OFF CA IBP STR,23
cluster_333,10090873,BF CHUCK SCOTCH TENDER CAB OMA-H,14
cluster_333,10090067,BF CHUCK SCOTCH TENDER CH *__,14
cluster_333,10090072,BF CHUCK SCOTCH TENDER CH AME,14
cluster_333,1009079,BF CHUCK SCOTCH TENDER CH AUR,14
cluster_333,100913,BF CHUCK SCOTCH TENDER CH BLM,14
cluster_333,100904,BF CHUCK SCOTCH TENDER CH EXCEL,14
cluster_333,100907,BF CHUCK SCOTCH TENDER CH IBP D1187AH,14
cluster_333,10090870,BF CHUCK SCOTCH TENDER CH OMA,14
cluster_333,10090872,BF CHUCK SCOTCH TENDER CH OMA-H,14
cluster_333,100915,BF CHUCK SCOTCH TENDER CH-STR IBP,14
cluster_333,100101,BF CHUCK SCOTCH TENDER NR AME,14
cluster_333,100104,BF CHUCK SCOTCH TENDER NR OMA,14
cluster_333,1009010,BF CHUCK SCOTCH TENDER PR CRK,14
cluster_333,10104,BF CHUCK SCOTCH TENDER SEL OMA,14
cluster_348,10089858,BF CHUCK SHL CLOD CH OMA,7
cluster_348,10074080,BF CHUCK SHL-CLOD TENDR/TM CH *__,7
cluster_348,100741,BF CHUCK SHL-CLOD TENDR/TM CH CRK-M,7
cluster_348,100743,BF CHUCK SHL-CLOD TENDR/TM CH OMA,7
cluster_348,1007410,BF CHUCK SHL-CLOD TENDR/TM CH WSH,7
cluster_348,1007412,BF CHUCK SHL-CLOD TENDR/TM PR OMA,7
cluster_348,10074086,BF CHUCK SHL-CLOD TENDR/TM SEL OMA,7
cluster_349,10089862,BF CHUCK SHL CLOD CLS OMA,15
cluster_349,1086A2IB,BF CHUCK SHL CLOD-z XT CH IBP,15
cluster_349,1008A2GO,BF CHUCK SHL CLOD-z XT CH OMA,15
cluster_349,10078012,BF CHUCK SHL CLOD-z XT CH-COMB-OMA,15
cluster_349,1008A210,BF CHUCK SHL CLOD-z XT OMA-HRF,15
cluster_349,10081223,BF CHUCK SHL CLOD XT PR OMA,15
cluster_349,10078010,BF CHUCK SHL CLOD XT PR-COMB-OMA,15
cluster_349,10081223,BF CHUCK SHL CLOD XT PR OMA,15
cluster_349,10089856,BF CHUCK SHL CLOD-z XT SE OMA,15
cluster_349,1086A2IB,BF CHUCK SHL CLOD-z XT CH IBP,15
cluster_349,1008A2GO,BF CHUCK SHL CLOD-z XT CH OMA,15
cluster_349,10078012,BF CHUCK SHL CLOD-z XT CH-COMB-OMA,15
cluster_349,1008A210,BF CHUCK SHL CLOD-z XT OMA-HRF,15
cluster_349,10089856,BF CHUCK SHL CLOD-z XT SE OMA,15
cluster_349,10038189,BF CHUCK SHL-CLOD-HRT-z CH GRF,15
cluster_205,1007545,BF CLOD TOP BLD-FLAT IRON CH BLM,5
cluster_205,1087676,BF STK FLAT IRON CH 06S 26CT,5
cluster_205,1087678,BF STK FLAT IRON CH 08S 20CT,5
cluster_205,1087677,BF STK FLAT IRON CH CTS,5
cluster_205,1087672,BF STK FLAT IRON PR 06S 26CT,5
cluster_145,1046NRIB,BF FEET-z WHL IBP 25#,9
cluster_145,10467603,BF FEET-z WHL IBB 25#,9
cluster_145,1047NRVZ,BF FEET-z WHL *__ 25#,9
cluster_145,1046NRI1,BF FEET-z WHL OMA-HAL 24#,9
cluster_145,1046NRI2,BF FEET-z WHL SWI 25#,9
cluster_145,1046NRIE,BF FEET-z WHL OMA 24#,9
cluster_145,10470012,BF FEET-z WHL NAT 30#,9
cluster_145,1047AU,BF FEET-z WHL AUR 55#,9
cluster_145,10467602,BF FEET-z WHL FPL 60#,9
cluster_214,1039A0PK,BF FLANK STK CH OMA,18
cluster_214,1039A0P1,BF FLANK STK CH OMA-HAL,18
cluster_214,103991,BF FLANK STK-z CH WGF,18
cluster_214,1039A2CM,BF FLANK STK CH *__,18
cluster_214,10401237,BF FLANK STK-z NR CLR,18
cluster_214,10390107,BF FLANK STK-z NR PALO 2/15#,18
cluster_214,10399887,BF FLANK STK-z ME GUS,18
cluster_214,1039A010,BF FLANK STK CH NB,18
cluster_214,1039922,BF FLANK STK-z ME CVR,18
cluster_214,10390548,BF FLANK STK CAB IBP,18
cluster_214,10399894,BF FLANK STK ME FCB,18
cluster_214,10422012,BF FLANK STK CH->16-oz IVP,18
cluster_214,10390400,BF FLANK STK SE *__,18
cluster_214,10390544,BF FLANK STK CH IBP,18
cluster_214,10406600,BF FLANK STK-z UTE 4ST 3/12#,18
cluster_214,1039NRAM,BF FLANK STK PR OMA,18
cluster_214,10399894,BF FLANK STK ME FCB,18
cluster_214,10399892,BF FLANK STK-z BRZ MF,18
cluster_317,10416G,BF GRND 80 FINE IBP 8/10#-z,9
cluster_317,10416G,BF GRND 80 FINE IBP 8/10#-z,9
cluster_317,1041615,BF GRND  80 FINE IBP 8/10#,9
cluster_317,1041615,BF GRND  80 FINE IBP 8/10#,9
cluster_317,10500034,BF GRND-z 73 FINE EXC 8/10#,9
cluster_317,1040948,BF GRND-z 73 FINE IBP 8/10#,9
cluster_317,1040948,BF GRND-z 73 FINE IBP 8/10#,9
cluster_317,10500038,BF GRND-z 81 FINE EXC 6/10#,9
cluster_317,1040920,BF GRND-z 80 FINE IBP 8/5# CTLMN,9
cluster_318,104226,BF GRND 81 FINE OMA 6/10# -z,8
cluster_318,104226,BF GRND 81 FINE OMA 6/10# -z,8
cluster_318,104223,BF GRND-z 80 FINE OMA-HAL 6/10#,8
cluster_318,104228,BF GRND-z 81 FINE OMA- 6/10#,8
cluster_318,104223,BF GRND-z 80 FINE OMA-HAL 6/10#,8
cluster_318,10500043,BF GRND 75 FINE OMA-H 6/10#,8
cluster_318,10500043,BF GRND 75 FINE OMA-H 6/10#,8
cluster_318,10417202,BF GRND 80 FINE OMA-HAL 8/10#,8
cluster_307,10416,BF GRND CHUCK 80 FINE FMC 10# VP,10
cluster_307,1041613,BF GRND CHUCK 80 FINE FMC 10#BG,10
cluster_307,10486045,BF GRND CHUCK 80 FINE FMC 3# VP,10
cluster_307,10486044,BF GRND CHUCK 80 FINE FMC 5# VP,10
cluster_307,10416615,BF GRND CHUCK 80 FINE FMC 5#BG,10
cluster_307,10486CP,BF GRND CHUCK 80-COARSE FMC 5#,10
cluster_307,10486C,BF GRND CHUCK 80-COARSE FMC10#VP,10
cluster_307,104865,BF GRND CHUCK 90 FINE FMC10# VP,10
cluster_307,10486501,BF GRND CHUCK 90 FINE FMC10/1#-IVP,10
cluster_307,1040988,BF GRND-z CHUCK 80 FINE CAB IBP 60#,10
cluster_305,10416107,BF GRND PRIME 80 FINE FMC-2/5#VP,6
cluster_305,10416105,BF GRND PRIME 80 FINE FMC-5#VP,6
cluster_305,10416108,BF GRND PRIME 80 FINE FMC10# VP,6
cluster_305,10416104,BF GRND PRIME 80 FINE FMC10#BG,6
cluster_305,10416999,BF GRND PRIME 80 FINE FMC10/1# VP,6
cluster_305,10416110,BF GRND PRIME 80-COARSE FMC-5#VP,6
cluster_308,10038115,BF GRND-z GRF 85 FINE 12/1#,5
cluster_308,10038308,BF GRND-z-GRF 80 FINE 12/1#,5
cluster_308,10038206,BF GRND-z-GRF 92 FINE 12/1#,5
cluster_308,10660939,BF GRND-z-WGF 80 FINE 12/1#,5
cluster_308,10660928,BF GRND-z-WGF 90 FINE 12/1#,5
cluster_84,10161000,BF HANGING TENDER NR-A HEL,14
cluster_84,10164577,BF HANGING TENDER PR OMA,14
cluster_84,10164575,BF HANGING TENDER CH OMA,14
cluster_84,1066092F,BF HANGING TENDER-z CH WGF,14
cluster_84,10164583,BF HANGING TENDER HRF,14
cluster_84,10181602,BF HANGING TENDER CH NEB,14
cluster_84,10161000,BF HANGING TENDER NR-A HEL,14
cluster_84,10164588,BF HANGING TENDER SEL OMA,14
cluster_84,10164677,BF HANGING TENDER NR 4ST,14
cluster_84,10164NRC,BF HANGING TENDER NR AME,14
cluster_84,10165AIB,BF HANGING TENDER-z NR IBP,14
cluster_84,10164072,BF HANGING TENDER-z NR DMK,14
cluster_84,10164072,BF HANGING TENDER-z NR DMK,14
cluster_84,10189894,BF HANGING TENDER-z NR EXC #1,14
cluster_321,10437IB,BF HEART BNLS-z AUR 30#,6
cluster_321,1043711,BF HEART BNLS-z AUR 60#,6
cluster_321,10438001,BF HEART BNLS-z IBP,6
cluster_321,10437100,BF HEART BNLS-z OMA 60#,6
cluster_321,1043713,BF HEART BNLS-z SWI 60#,6
cluster_321,1043712,BF HEART BNLS-z UIB 60#,6
cluster_362,1044011,BF TRIPE HNY COMB-z *__,11
cluster_362,10177B1,BF INTES/TRIPAS SM-z OMA-HAL 30#,11
cluster_362,10177B,BF INTES/TRIPAS SM-z OMA 30#,11
cluster_362,10440GO1,BF TRIPE HNY COMB-z OMA-HAL 15#,11
cluster_362,1044703,BF TRIPE HNY COMB-z MPB 10#,11
cluster_362,1044702,BF TRIPE HNY COMB-z AFG 10#,11
cluster_362,1018303,BF INTES/TRIPAS SM-z EVP 20#,11
cluster_362,10176B,BF INTES/TRIPAS SM-z NAT-18433 30#,11
cluster_362,104403,BF TRIPE HNY COMB-z 333 20#,11
cluster_362,10180A,BF INTES/TRIPAS SM-CKD-z ELM 30#,11
cluster_362,104402H,BF TRIPE HNY COMB-z HOS 25#,11
cluster_357,10443Z,BF LIPS-z *__,6
cluster_357,10443P2,BF LIPS-z AGRI,6
cluster_357,10443PK,BF LIPS-z AME 60#,6
cluster_357,10443A,BF LIPS-z AUR 60#,6
cluster_357,10148777,BF LIPS-z OMA 60#,6
cluster_357,10443P1,BF LIPS-z ST. HEL 60#,6
cluster_195,10439F,BF LIVER Whole FRESH AUR 30#,8
cluster_195,10439F,BF LIVER Whole FRESH AUR 30#,8
cluster_195,10439019,BF LIVER Whole-z OMA-HALAL #30,8
cluster_195,10439848,BF LIVER  Whole-z ROW 60#,8
cluster_195,10439846,BF LIVER Whole-z WRE 30#,8
cluster_195,10438999,BF LIVER-z S&D EVP 30#,8
cluster_195,10438,BF LIVER-z S&D IBP 30#,8
cluster_195,10439IB,BF LIVER-z SLCD 4-1 IBP-V1110CA-z,8
cluster_376,1032A323,BF LOIN BB BALTIP CAB ANG-H,15
cluster_376,1032A322,BF LOIN BB BALTIP CAB DEM-H,15
cluster_376,10324430,BF LOIN BB BALTIP CAB IBP,15
cluster_376,1032A321,BF LOIN BB BALTIP CAB OMA-H,15
cluster_376,13083790,BF LOIN BB BALTIP CH  DEM-H,15
cluster_376,1032A2IB,BF LOIN BB BALTIP CH IBP D4497AH,15
cluster_376,1032A210,BF LOIN BB BALTIP CH IBP STR,15
cluster_376,10329945,BF LOIN BB BALTIP CH NAT,15
cluster_376,1032A3I1,BF LOIN BB BALTIP CH OMA-H,15
cluster_376,10328926,BF LOIN BB BALTIP CLS OMA,15
cluster_376,10328924,BF LOIN BB BALTIP CLS OMA-HAL,15
cluster_376,1035A2IC,BF LOIN BB BALTIP NR EVP,15
cluster_376,1032A310,BF LOIN BB BALTIP PR OMA-H,15
cluster_376,1032404,BF LOIN BB BALTIP-z CAB OMA,15
cluster_376,10328976,BF LOIN BB BALTIP-z SE CRK-z,15
cluster_329,1001305,BF LOIN BB FLAP MEAT A HAR,11
cluster_329,1001624,BF LOIN BB FLAP MEAT ANG OMA,11
cluster_329,10016B,BF LOIN BB FLAP MEAT CH *__,11
cluster_329,10017D,BF LOIN BB FLAP MEAT CH AUR,11
cluster_329,1001619,BF LOIN BB FLAP MEAT CH BLM,11
cluster_329,100175,BF LOIN BB FLAP MEAT CH EXC,11
cluster_329,10016D,BF LOIN BB FLAP MEAT CH IBP,11
cluster_329,1001A2N,BF LOIN BB FLAP MEAT CH NAT,11
cluster_329,100174,BF LOIN BB FLAP MEAT CH WR,11
cluster_329,1001626,BF LOIN BB FLAP MEAT OMA-HRF,11
cluster_329,100164,BF LOIN BB FLAP MEAT-z BRZ MIN,11
cluster_139,1033A2B3,BF LOIN BB TRI-TIP FAT-ON CH BLM,12
cluster_139,10331210,BF LOIN BB TRI-TIP FAT-ON CH IAP,12
cluster_139,1033A2BP,BF LOIN BB TRI-TIP FAT-ON CH IBP D4527AH,12
cluster_139,103330,BF LOIN BB TRI-TIP FAT-ON CH OMA,12
cluster_139,103337,BF LOIN BB TRI-TIP FAT-ON CH OMA-H,12
cluster_139,103333,BF LOIN BB TRI-TIP FAT-ON HRF,12
cluster_139,103332,BF LOIN BB TRI-TIP FAT-ON PR OMA,12
cluster_139,103347,BF LOIN BB TRI-TIP FAT-ON-z ME RAM,12
cluster_139,103332,BF LOIN BB TRI-TIP FAT-ON PR OMA,12
cluster_139,1033A211,BF LOIN BB TRI-TIP-PLD CH FMC,12
cluster_139,1033A413,BF LOIN BB TRI-TIP-PLD ME LFT,12
cluster_139,1033A414,BF LOIN BB TRI-TIP-PLD-z ME PRA,12
cluster_347,10260845,BF LOIN SHORT 0x1 CH OMA-HAL,18
cluster_347,10260840,BF LOIN SHORT 0x1 CH OMA,18
cluster_347,1026A20,BF LOIN SHORT-z 0x1 ME GUS,18
cluster_347,10260843,BF LOIN SHORT 0x1 OMA-HRF,18
cluster_347,1026ARI,BF LOIN SHORT 0x1 CH IBP D4377AC,18
cluster_347,1026ARI9,BF LOIN SHORT 0x1 CH AUR,18
cluster_347,1026A1S,BF LOIN SHORT 0x1 ME SUK,18
cluster_347,10261051,BF LOIN SHORT-z 0x1 PR IBB,18
cluster_347,10260120,BF LOIN SHORT 0x1 ME PRA,18
cluster_347,10261026,BF LOIN SHORT 0x1 PR OMA-HAL,18
cluster_347,1026ARI,BF LOIN SHORT 0x1 CH IBP D4377AC,18
cluster_347,10260840,BF LOIN SHORT 0x1 CH OMA,18
cluster_347,10260118,BF LOIN SHORT-z 0x1 ME SAN,18
cluster_347,1026100,BF LOIN SHORT 0x1 CH IBP-SRA,18
cluster_347,10261021,BF LOIN SHORT 0x1 CAB OMA,18
cluster_347,10260112,BF LOIN SHORT 0x1 ME FCB,18
cluster_347,1026009,BF LOIN SHORT 0x1 PR IBP,18
cluster_347,10260112,BF LOIN SHORT 0x1 ME FCB,18
cluster_382,10277010,BF LOIN STRIP 0x1 CH OMA-HAL,17
cluster_382,10286,BF LOIN STRIP 0x1_No.2 EXC,17
cluster_382,1028234,BF LOIN STRIP-BI 1x1 CAB OMA,17
cluster_382,10278010,BF LOIN STRIP 0x1 CAB OMA,17
cluster_382,10283989,BF LOIN STRIP 0x1 PR *__,17
cluster_382,10277003,BF LOIN STRIP 0x1 CH OMA,17
cluster_382,1027483,BF LOIN STRIP 0x1 ME LFT,17
cluster_382,10283073,BF LOIN STRIP-BI 1x1 PR OMA,17
cluster_382,10278350,BF LOIN STRIP 0x1 ME SUK,17
cluster_382,10278350,BF LOIN STRIP 0x1 ME SUK,17
cluster_382,1028235,BF LOIN STRIP-BI 1x1 CH OMA,17
cluster_382,10277504,BF LOIN STRIP 0x1 CAB *__,17
cluster_382,10284,BF LOIN STRIP 1x1 PR OMA,17
cluster_382,10277516,BF LOIN STRIP 0x1 PR AUR,17
cluster_382,10235061,BF LOIN STRIP 0x1 CH CRK-CT,17
cluster_382,1027767,BF LOIN STRIP 0x1 CH IBP D4277AH,17
cluster_382,10277507,BF LOIN STRIP 0x1 PR CRK-MC,17
cluster_372,1035A2G1,BF Loin Tend PSMO 5+ CH OMA-HAL,16
cluster_372,1035A2GO,BF Loin Tend PSMO 5+ CH OMA,16
cluster_372,10357012,BF Loin Tend PSMO 5+ CH *__,16
cluster_372,10350010,BF Loin Tend PSMO 5+ ME SUK,16
cluster_372,1035A2B7,BF Loin Tend PSMO 5+ CH UPI,16
cluster_372,10311293,BF Loin Tend PSMO-z 5+ CH-GF WGF,16
cluster_372,1035A2BP,BF Loin Tend PSMO 5+ CH IBP D4087AH,16
cluster_372,1035A215,BF Loin Tend PSMO 5+ CAB OMA,16
cluster_372,10357015,BF Loin Tend PSMO-#2 IBP,16
cluster_372,10357026,BF Loin Tend PSMO-#2 SE IBP,16
cluster_372,1035A3GO,BF Loin Tend PSMO 5+ PR OMA,16
cluster_372,10350457,BF Loin Tend PSMO 5+ CH EXC,16
cluster_372,10357748,BF Loin Tend PSMO 5+ PR CRK,16
cluster_372,1035A2B1,BF Loin Tend PSMO 5+ CH-AAA STH,16
cluster_372,10350452,BF Loin Tend PSMO MISC SEL-AA EXC,16
cluster_372,10352,BF Loin Tend SSR CH FMC,16
cluster_335,10304RP1,BF Loin Tendr Butt PLD CAB OMA,6
cluster_335,10359976,BF Loin Tendr Butt PLD-z ME SUK-HVY,6
cluster_335,10304RP3,BF Loin Tendr Butt PLD PR OMA,6
cluster_335,10359976,BF Loin Tendr Butt PLD-z ME SUK-HVY,6
cluster_335,10304T1,BF Loin Tendr Butt-z PLD CH AUR,6
cluster_335,1035951,BF Loin Tendr Butt-z PLD ME GUS,6
cluster_369,103738,BF LOIN TOP BUT XT HRF OMA,28
cluster_369,1030A1G1,BF LOIN TOP BUT XT NR OMA,28
cluster_369,1031087,BF LOIN TOP BUT-COULOT PLD-z CA IBP,28
cluster_369,103001G1,BF LOIN TOP BUT XT PR OMA-H,28
cluster_369,1003857,BF LOIN TOP BUT-z XT CH-GF WGF,28
cluster_369,1031078,BF LOIN TOP BUT-COULOT PLD-z CH IBP,28
cluster_369,1031082,BF LOIN TOP BUT-COULOT PLD CAB IBP,28
cluster_369,1033NRSK,BF LOIN TOP BUT ME GUS,28
cluster_369,1030A1GO,BF LOIN TOP BUT NR OMA,28
cluster_369,1030NRSK,BF LOIN TOP BUT-z ME SUK,28
cluster_369,1030A1C1,BF LOIN TOP BUT XT CH CRK,28
cluster_369,1031078,BF LOIN TOP BUT-COULOT PLD-z CH IBP,28
cluster_369,10310963,BF LOIN TOP BUT-CCHRT CAB OMA,28
cluster_369,1030A2GO,BF LOIN TOP BUT CH OMA,28
cluster_369,10308738,BF LOIN TOP BUT CA OMA,28
cluster_369,1031085,BF LOIN TOP BUT-COULOT F/ON PR OMA,28
cluster_369,1031040,BF LOIN TOP BUT XT SE OMA,28
cluster_369,1031076,BF LOIN TOP BUT-COULOT F/ON CH *__,28
cluster_369,10310789,BF LOIN TOP BUT-COULOT PLD PR OMA_,28
cluster_369,1030A6G3,BF LOIN TOP BUT XT ANG OMC,28
cluster_369,10295,BF LOIN TOP BUT NR AME,28
cluster_369,10310791,BF LOIN TOP BUT-COULOT PLD CH OMA,28
cluster_369,10310994,BF LOIN TOP BUT-CCHRT PR OMA,28
cluster_369,10300133,BF LOIN TOP BUT XT CH AUR,28
cluster_369,10300136,BF LOIN TOP BUT XT PR AUR,28
cluster_369,1030A6G5,BF LOIN TOP BUT XT CH OMA-H,28
cluster_369,1030NRSK,BF LOIN TOP BUT-z ME SUK,28
cluster_369,103001GO,BF LOIN TOP BUT XT PR OMA,28
cluster_180,104356,BF OXTAIL - CUT 25#,5
cluster_180,10433BM,BF OXTAIL-z AFG 20#,5
cluster_180,10432I,BF OXTAIL FRESH AUR 25#,5
cluster_180,10433BM,BF OXTAIL-z AFG 20#,5
cluster_180,10432999,BF OXTAIL-z AUR 25#,5
cluster_356,10516014,BF PAT 100% -z RND-ST 2-1 10#,8
cluster_356,10544A19,BF PAT 100%-z PR RND-ST 4-1 5#,8
cluster_356,10516,BF PAT 100% RND-ST 2-1 5#,8
cluster_356,10540C5,BF PAT 100% RND-ST 3-1 5#,8
cluster_356,10544A1,BF PAT 100%-z RND-ST 4-1 5#,8
cluster_356,10544012,BF PAT 100% RND-ST 5-1 10#,8
cluster_356,10544011,BF PAT 100%-z RND-ST 5-1 5#,8
cluster_356,10527,BF PAT 100% RND-ST 6-1 5#,8
cluster_355,10544011,BF PAT 100%-z RND-ST 5-1 5#,9
cluster_355,10516710,BF PAT 100% RND-ST 3-1 2/5#-VP,9
cluster_355,10516,BF PAT 100% RND-ST 2-1 5#,9
cluster_355,10544012,BF PAT 100% RND-ST 5-1 10#,9
cluster_355,10544080,BF PAT 100% RND-ST 4-1 2/5#-VP,9
cluster_355,10516023,BF PAT 100% RND-ST 2-1 2/5#-VP,9
cluster_355,10516024,BF PAT 100% RND-ST 2-1 5/4CT-VP,9
cluster_355,10544A1,BF PAT 100%-z RND-ST 4-1 5#,9
cluster_355,10540C5,BF PAT 100% RND-ST 3-1 5#,9
cluster_352,10540056,BF PAT CH RND-ST 10-oz 2/5#VP,8
cluster_352,10540049,BF PAT CH RND-ST 6-oz 10#,8
cluster_352,1054012,BF PAT CH RND-ST 6-oz 2/5#VP,8
cluster_352,10517138,BF PAT PR RND-ST 06-oz 10#,8
cluster_352,10517130,BF PAT PR RND-ST 06-oz 2/5#-VP,8
cluster_352,10517102,BF PAT PR RND-ST 07-oz 10#,8
cluster_352,10501711,BF PAT PR RND-ST 07-oz 2/5#-VP,8
cluster_352,10517102,BF PAT PR RND-ST 07-oz 10#,8
cluster_351,10517120,BF PAT PR RND-ST-z 3-1 10#,18
cluster_351,10517472,BF PAT PR RND-ST 2-1 5/4CT-VP,18
cluster_351,10517224,BF PAT PR RND-ST 8-1 MINI 5#-VP,18
cluster_351,10517163,BF PAT PR RND-ST-z 2-1 5# FMC,18
cluster_351,10517063,BF PAT PR RND-ST 3-1 2/5#-VP,18
cluster_351,10512100,BF PAT GF CH RND-ST 2-1 5/1#-VP,18
cluster_351,10517068,BF PAT PR RND-ST 3-1 5/2#-VP,18
cluster_351,10517402,BF PAT PR RND-ST 2-1 5/2P-VP,18
cluster_351,10516017,BF PAT CH RND-ST 3-1 2/5#-VP,18
cluster_351,10517131,BF PAT PR RND-ST 6-1 5#,18
cluster_351,10517120,BF PAT PR RND-ST-z 3-1 10#,18
cluster_351,10517,BF PAT PR RND-ST-z 2-1 10#,18
cluster_351,10517163,BF PAT PR RND-ST-z 2-1 5# FMC,18
cluster_351,10517817,BF PAT PR RND-ST 4-1 2/5#-VP,18
cluster_351,10517465,BF PAT PR RND-ST 2-1 2/5#-VP,18
cluster_351,10516013,BF PAT CH RND-ST 2-1-2/5#-VP,18
cluster_351,10517222,BF PAT PR RND-ST 8-1 MINI 2/5#-VP,18
cluster_351,10517951,BF PAT PR RND-ST 6-1 2/5#-VP,18
cluster_222,50088B,BF PAT SOY 2-1 5#,14
cluster_222,50088B,BF PAT SOY 2-1 5#,14
cluster_222,5009977,BF PAT SOY 3-1 10# z,14
cluster_222,5009977,BF PAT SOY 3-1 10# z,14
cluster_222,50088042,BF PAT SOY-z 3-1 5#,14
cluster_222,50099102,BF PAT SOY 4-1 5#,14
cluster_222,5009910,BF PAT SOY-z 5-1 5#,14
cluster_222,50088041,BF PAT SOY OVAL 2-1 5#,14
cluster_222,5009988,BF PAT SOY-z WHOP 4-1 5#,14
cluster_222,50088042,BF PAT SOY-z 3-1 5#,14
cluster_222,50099102,BF PAT SOY 4-1 5#,14
cluster_222,5009910,BF PAT SOY-z 5-1 5#,14
cluster_222,50088041,BF PAT SOY OVAL 2-1 5#,14
cluster_222,5009988,BF PAT SOY-z WHOP 4-1 5#,14
cluster_334,1016316,BF PECTORAL MEAT ANG OMA,7
cluster_334,1016310,BF PECTORAL MEAT CAB OMA,7
cluster_334,10162XL,BF PECTORAL MEAT CH *__,7
cluster_334,1016366,BF PECTORAL MEAT CH CRK-MC,7
cluster_334,10163XL,BF PECTORAL MEAT CH OMA,7
cluster_334,1016314,BF PECTORAL MEAT OMA-HRF,7
cluster_334,1016313,BF PECTORAL MEAT PR OMA,7
cluster_360,1016491,BF RIB BACK RIB ME SUK,11
cluster_360,10169749,BF RIB BACK RIB-z CH CRK-MC-HAL,11
cluster_360,10169900,BF RIB BACK RIB-z CH IBP,11
cluster_360,10169751,BF RIB BACK RIB-z CH OMA,11
cluster_360,10169750,BF RIB BACK RIB-z CH OMA-HAL,11
cluster_360,10169903,BF RIB BACK RIB-z CH_*,11
cluster_360,10169437,BF RIB BACK RIB-z ME GUS,11
cluster_360,10169433,BF RIB BACK RIB-z ME LFT,11
cluster_360,10169436,BF RIB BACK RIB-z ME PEV,11
cluster_360,1016491,BF RIB BACK RIB ME SUK,11
cluster_360,10169907,BF RIB BACK RIB-z NR HAR,11
cluster_160,1060A117,BF RIB Meat Lifter/Blade ANG OMC,14
cluster_160,1060A107,BF RIB Meat-z Lifter/Blade CAB OMA,14
cluster_160,1060A1XL,BF RIB Meat Lifter/Blade CH *__,14
cluster_160,1060A115,BF RIB Meat Lifter/Blade CH CRK,14
cluster_160,1060A100,BF RIB Meat-z Lifter/Blade CH OMA,14
cluster_160,1060A118,BF RIB Meat Lifter/Blade CH US 212,14
cluster_160,1060A109,BF RIB Meat-z Lifter/Blade OMA-HRF,14
cluster_160,1060A105,BF RIB Meat Lifter/Blade PR OMA,14
cluster_160,1060A107,BF RIB Meat-z Lifter/Blade CAB OMA,14
cluster_160,1060A100,BF RIB Meat-z Lifter/Blade CH OMA,14
cluster_160,1060A109,BF RIB Meat-z Lifter/Blade OMA-HRF,14
cluster_160,10301211,"Lifter Meat (Blade), Creeckstone (Prime)",14
cluster_160,10301204,"Lifter Meat (Blade), Creekstone (Ch)",14
cluster_160,10301004,"Lifter Meat (Blade), GreaterOmaha (Ch)",14
cluster_386,10040009,BF RIBEYE BI HVY-FRC CAB OMA,42
cluster_386,1003A2GO,BF RIBEYE BI-z HVY CH OMA,42
cluster_386,10065204,BF RIBEYE BNL L/O-HVY ME FCB,42
cluster_386,10040004,BF RIBEYE BI-z HVY-FRC CH IBP,42
cluster_386,10065SUK,BF RIBEYE BI HVY ME SUK-z,42
cluster_386,1056769,BF RIBEYE BNL L/O-HVY ME SAN,42
cluster_386,1006532,BF RIBEYE BNL L/O-HVY HER OMC,42
cluster_386,10040010,BF RIBEYE BI-z HVY-FRC PR OMA,42
cluster_386,10065862,BF RIBEYE BNL L/O-LGT CA OMA,42
cluster_386,10371011,BF STK RIBEYE BNL PR OMA - EE CTS,42
cluster_386,10065000,BF RIBEYE BNL-z L/O-HVY ME PRA,42
cluster_386,10067011,BF STK RIBEYE BNL CH SPLT- RST,42
cluster_386,1005001,BF RIBEYE BI HVY PR NB,42
cluster_386,10040002,BF RIBEYE BI-z HVY-FRC CH THWK FM,42
cluster_386,10061131,BF STK RIBEYE BI-FRC CAB-L CTS,42
cluster_386,100613,BF RIBEYE BNL L/O-HVY NR WAS,42
cluster_386,1003A2I1,BF RIBEYE BI HVY CH BLM,42
cluster_386,1003816,BF RIBEYE BNL L/O-HVY CH GRF,42
cluster_386,1003A4NT,BF STK RIBEYE BI CAB-L CTS EE,42
cluster_386,10049998,BF RIBEYE BI HVY PR IBP,42
cluster_386,10065862,BF RIBEYE BNL L/O-LGT CA OMA,42
cluster_386,10040100,BF STK RIBEYE BI PR EE00S BVP,42
cluster_386,10061,BF RIBEYE BNL L/O-HVY NR EVP,42
cluster_386,10065000,BF RIBEYE BNL-z L/O-HVY ME PRA,42
cluster_386,100404,BF RIBEYE BI HVY PR OMA-HAL,42
cluster_386,10569954,BF RIBEYE BNL L/O-HVY PR OMA-HAL,42
cluster_386,10067500,BF STK RIBEYE BNL CH EE-S/A CTS,42
cluster_386,10065871,BF RIBEYE BNL L/O-HVY ANG OMC,42
cluster_386,1003A2GO,BF RIBEYE BI-z HVY CH OMA,42
cluster_386,10030909,BF STK RIBEYE BI CH CTS,42
cluster_386,10065864,BF RIBEYE BNL L/O-LGT CH OMA,42
cluster_386,10067550,BF STK RIBEYE BNL CH EE-S/A-12,42
cluster_386,1056769,BF RIBEYE BNL L/O-HVY ME SAN,42
cluster_386,100399,BF RIBEYE BI HVY PR OMA,42
cluster_386,10061713,BF STK RIBEYE BI-FRC CH CTS,42
cluster_386,1056680,BF RIBEYE BNL L/O-HVY SE OMA,42
cluster_386,10065204,BF RIBEYE BNL L/O-HVY ME FCB,42
cluster_386,10065845,BF STK RIBEYE BNL CAB-L OMA CC CTS,42
cluster_386,1001004,BF STK RIBEYE BI PR CTS EE,42
cluster_386,10065290,BF RIBEYE BNL-z L/O-HVY ME LFT,42
cluster_386,1006A200,BF RIBEYE BNL-z L/O-HVY CH NAT,42
cluster_386,10031923,BF RIBEYE BI HVY CAB OMA,42
cluster_104,10180550,BF ROUND 160-CP CH AUR,8
cluster_104,1018A2AR,BF ROUND 160-CP CH *__,8
cluster_104,1019A2GO,BF ROUND 160-CP CH OMA,8
cluster_104,11039984,"Rounds Bnls 161, (Ch)",8
cluster_104,1018A3GR,BF ROUND 161 2 PC BNLS CH AUR,8
cluster_104,10180553,BF ROUND 160-CP CH UIB,8
cluster_104,11033334,"Rounds Bnls 161, Upper Iowa (Ch)",8
cluster_104,10194,BF ROUND 160-CP-Handle-On CH ~M,8
cluster_338,10225786,BF ROUND BOT GOOSENK CAB OMA,8
cluster_338,10225A,BF ROUND BOT GOOSENK CH *__,8
cluster_338,1022578,BF ROUND BOT GOOSENK CH AUR,8
cluster_338,10225790,BF ROUND BOT GOOSENK CH IBP,8
cluster_338,10225784,BF ROUND BOT GOOSENK CH OMA,8
cluster_338,10225787,BF ROUND BOT GOOSENK HRF,8
cluster_338,10225785,BF ROUND BOT GOOSENK OMA-CLS,8
cluster_338,102251,BF ROUND BOT GOOSENK PR OMA,8
cluster_339,1710A28,BF ROUND EYE RNDS ANG OMA-H,18
cluster_339,1710A26,BF ROUND EYE RNDS CA AUR,18
cluster_339,1710A23,BF ROUND EYE RNDS CA OMA,18
cluster_339,1710610,BF ROUND EYE RNDS CA-SWI-SBA,18
cluster_339,1710A110,BF ROUND EYE RNDS CAB IBP,18
cluster_339,1710A111,BF ROUND EYE RNDS CAB OMA,18
cluster_339,1710AZ1,BF ROUND EYE RNDS CH *__,18
cluster_339,1710A1AR,BF ROUND EYE RNDS CH AUR,18
cluster_339,1710A1I1,BF ROUND EYE RNDS CH BLM,18
cluster_339,1710852,BF ROUND EYE RNDS CH FM CTS,18
cluster_339,1710A1IB,BF ROUND EYE RNDS CH IBP D6257AH,18
cluster_339,1710A2GO,BF ROUND EYE RNDS CH OMA,18
cluster_339,1710A2H,BF ROUND EYE RNDS CH OMA-H,18
cluster_339,1710B2GO,BF ROUND EYE RNDS NR OMA,18
cluster_339,1710B2G1,BF ROUND EYE RNDS NR XT AME,18
cluster_339,1710A3G1,BF ROUND EYE RNDS PR OMA,18
cluster_339,1710A3G3,BF ROUND EYE RNDS PR OMA-H,18
cluster_339,1710A4G2,BF ROUND EYE RNDS SEL OMA,18
cluster_225,10212,BF ROUND KNUCKLE PLD CH BMT,22
cluster_225,10268024,BF ROUND KNUCKLE PLD CAB OMA-HAL,22
cluster_225,1026A2GO,BF ROUND KNUCKLE PLD CH OMA,22
cluster_225,1085A1AM,BF ROUND KNUCKLE PLD CH * HALAL,22
cluster_225,1026655,BF ROUND KNUCKLE PLD ANG OMA,22
cluster_225,1024A2NT,BF ROUND KNUCKLE PLD CH NAT,22
cluster_225,10209CE,BF ROUND KNUCKLE PLD CH WRE,22
cluster_225,1026A8GO,BF ROUND KNUCKLE PLD PR OMA,22
cluster_225,1026A202,BF ROUND KNUCKLE PLD SE OMA,22
cluster_225,1026656,BF ROUND KNUCKLE PLD ANG CH OMA,22
cluster_225,10209,BF ROUND KNUCKLE PLD CH AUR,22
cluster_225,1026903,BF ROUND KNUCKLE PLD CH DMK,22
cluster_225,1023NRS1,BF ROUND KNUCKLE PLD ME FCB,22
cluster_225,10268020,BF ROUND KNUCKLE PLD CH OMA-HAL,22
cluster_225,1023NRSK,BF ROUND KNUCKLE PLD ME SUK,22
cluster_225,1026658,BF ROUND KNUCKLE PLD ANG OMA-HAL,22
cluster_225,10201112,BF ROUND KNUCKLE PLD NR EVP,22
cluster_225,1026A2H,BF ROUND KNUCKLE PLD PR OMA-H,22
cluster_225,10210,BF ROUND KNUCKLE PLD CH NBF,22
cluster_225,1026A218,BF ROUND KNUCKLE PLD NR OMA,22
cluster_225,1024A2C1,BF ROUND KNUCKLE PLD PR CRK,22
cluster_225,1085A2AM,BF ROUND KNUCKLE PLD CH AME,22
cluster_344,1021AAG1,BF ROUND OS FLAT ANG OMA,12
cluster_344,10230886,BF ROUND OS FLAT CA AUR,12
cluster_344,10230AAA,BF ROUND OS FLAT CH AUR,12
cluster_344,10229080,BF ROUND OS FLAT CH NAT,12
cluster_344,1021AAGB,BF ROUND OS FLAT CH OMA,12
cluster_344,10233AIW,BF ROUND OS FLAT CH WRE,12
cluster_344,1023A2I1,BF ROUND OS FLAT CH WSH,12
cluster_344,10211000,BF ROUND OS FLAT OMA-HRF,12
cluster_344,1023AAGO,BF ROUND OS FLAT PR OMA,12
cluster_344,10211002,BF ROUND OS FLAT XT ANG OMC,12
cluster_344,10231B,BF ROUND OS FLAT->CH CTS,12
cluster_344,10230450,BF ROUND OS FLAT-S/OFF NR AFG,12
cluster_343,1060A110,BF ROUND OS HEEL MEAT CA AUR,14
cluster_343,1060A200,BF ROUND OS HEEL MEAT CAB OMA,14
cluster_343,1060A203,BF ROUND OS HEEL MEAT CH *__,14
cluster_343,10601200,BF ROUND OS HEEL MEAT CH AGRI,14
cluster_343,1060A1AU,BF ROUND OS HEEL MEAT CH AUR,14
cluster_343,10601199,BF ROUND OS HEEL MEAT CH BLM,14
cluster_343,10601201,BF ROUND OS HEEL MEAT CH IBB,14
cluster_343,1060A204,BF ROUND OS HEEL MEAT CH UIB,14
cluster_343,1060A189,BF ROUND OS HEEL MEAT CH WRE,14
cluster_343,1060A201,BF ROUND OS HEEL MEAT HRF,14
cluster_343,1060A193,BF ROUND OS HEEL MEAT NR EVP,14
cluster_343,1060A208,BF ROUND OS HEEL MEAT NR IBB,14
cluster_343,1060A206,BF ROUND OS HEEL MEAT NR OMA,14
cluster_343,1060A192,BF ROUND OS HEEL MEAT NR WRE,14
cluster_332,10212012,BF ROUND TOP INSIDE XT CH EXC,24
cluster_332,1021419,BF ROUND TOP INSIDE-COSMO CH NAT,24
cluster_332,1021412,BF ROUND TOP INSIDE CH+ OMA-HEF-H,24
cluster_332,1024172,BF ROUND TOP INSIDE XT ANG OMC-H,24
cluster_332,1021A1Z1,BF ROUND TOP INSIDE CH EXC,24
cluster_332,1024170,BF ROUND TOP INSIDE XT ANG OMC,24
cluster_332,10212575,BF ROUND TOP INSIDE XT PR OMA,24
cluster_332,1713A2NT,BF ROUND TOP INSIDE XT CH NAT6472,24
cluster_332,1021A3CS,BF ROUND TOP INSIDE XT CH CRK,24
cluster_332,10210123,BF ROUND TOP INSIDE->CH CTS,24
cluster_332,10292,BF ROUND TOP INSIDE XT CH IBP-SRA,24
cluster_332,10214022,BF ROUND TOP INSIDE XT CH AME,24
cluster_332,102145,BF ROUND TOP INSIDE CH-GF PRE,24
cluster_332,10212572,BF ROUND TOP INSIDE XT PR OMA-H,24
cluster_332,10231683,BF ROUND TOP INSIDE-PLD CH OMA,24
cluster_332,10223B,BF ROUND TOP INSIDE CAB *__,24
cluster_332,1021A2GM,BF ROUND TOP INSIDE XT CH OMA,24
cluster_332,10213A2I,BF ROUND TOP INSIDE XT CH WRE,24
cluster_332,10210240,BF ROUND TOP INSIDE-PLD-CO CH IBP,24
cluster_332,1021A110,BF ROUND TOP INSIDE XT CAB IBP,24
cluster_332,1021A1ZZ,BF ROUND TOP INSIDE CH *__,24
cluster_332,1021A1IB,BF ROUND TOP INSIDE XT CH IBP 6117,24
cluster_332,1021410,BF ROUND TOP INSIDE CH+ OMA-HEF_,24
cluster_332,1024173,BF ROUND TOP INSIDE XT ANG-CH OMC,24
cluster_350,10607,BF SHANK HIND ME SUK,27
cluster_350,1060A2AU,BF SHANK HIND CH AUR,27
cluster_350,1060A2AB,BF SHANK HIND NR AME,27
cluster_350,105488,BF SHANK-FORE ME SUK,27
cluster_350,1060786,BF SHANK HIND-z ME FCB,27
cluster_350,1060A612,BF SHANK HIND CH IAP,27
cluster_350,1060A3AU,BF SHANK HIND NR AUR,27
cluster_350,1060A2AU,BF SHANK HIND CH AUR,27
cluster_350,1060786,BF SHANK HIND-z ME FCB,27
cluster_350,10605154,BF SHANK HIND-z>ME CC 1.25in,27
cluster_350,1060A625,BF SHANK HIND CH-ANG UIB,27
cluster_350,10604467,BF SHANK HIND-z>ME CC 2.0-in,27
cluster_350,1060A624,BF SHANK HIND CH UIB,27
cluster_350,1060A616,BF SHANK HIND BLK-ANG CH IAP,27
cluster_350,105488,BF SHANK-FORE ME SUK,27
cluster_350,10606,BF SHANK HIND-z CH WRE,27
cluster_350,1054202,BF SHANK-FORE-z ME LFT,27
cluster_350,106308,BF SHANK HIND ME LFT,27
cluster_350,1060A210,BF SHANK HIND NR EVP 4/18,27
cluster_350,1060A2AB,BF SHANK HIND NR AME,27
cluster_350,106050,BF SHANK HIND-z>ME EE 1.5-in,27
cluster_350,1060A2PM,BF SHANK HIND ME *__ FRESH,27
cluster_350,1060A615,BF SHANK HIND DMK,27
cluster_350,1060A3AU,BF SHANK HIND NR AUR,27
cluster_350,1060A2AA,BF SHANK HIND CH AME,27
cluster_350,1060A223,BF SHANK HIND-z CH BMT #15532,27
cluster_350,105423,BF SHANK-FORE ME GUS,27
cluster_373,10088,BF SHORT RIB PLA-BI CH *__,20
cluster_373,100100,BF SHORT RIB PLA-BI CH BLM,20
cluster_373,10086990,BF SHORT RIB PLA-BI CH EVP,20
cluster_373,10097,BF SHORT RIB PLA-BI-z CH IAP,20
cluster_373,10086998,BF SHORT RIB PLA-BI CH NAT,20
cluster_373,1008636,BF SHORT RIB PLA-BI CH OMA-HAL,20
cluster_373,10159,BF SHORT RIB PLA-BI NR IBP,20
cluster_373,101610,BF SHORT RIB PLA-BI NR NBF,20
cluster_373,1008632,BF SHORT RIB PLA-BI OMA-HRF,20
cluster_373,1008626,BF SHORT RIB PLA-BI PR OMA,20
cluster_373,101626,BF SHORT RIB PLA-BI SEL CRK,20
cluster_373,10097,BF SHORT RIB PLA-BI-z CH IAP,20
cluster_373,10086998,BF SHORT RIB PLA-BI CH NAT,20
cluster_373,10159712,BF SHORT RIB PLA-BI-z ME FCB,20
cluster_373,10170474,BF SHORT RIB PLA-BI> CH CTS,20
cluster_373,10170441,BF SHORT RIB PLA-BI> CH IBP .50-in,20
cluster_373,10170455,BF SHORT RIB PLA-BI> NR IBP .5-in,20
cluster_373,10170477,BF SHORT RIB PLA-BI> PR CTS,20
cluster_373,10158200,BF SHORT RIB PLA-BNL>CH CTS,20
cluster_373,101628,BF SHORT RIB PLA-z BI SEL CRK,20
cluster_374,1072A111,BF SHORT RIB-CHU-BI-z ME FCB,21
cluster_374,1015310,BF SHORT RIB-CHU-BI CH WRE,21
cluster_374,1072A1SK,BF SHORT RIB-CHU-BI ME SUK,21
cluster_374,1072A3GO,BF SHORT RIB-CHU-BI PR OMA,21
cluster_374,1072A129,BF SHORT RIB-CHU-BI-z ME LFT,21
cluster_374,10151346,BF SHORT RIB-CHU-BI CH CRK,21
cluster_374,107213,BF SHORT RIB-CHU-BI-z ME GUS,21
cluster_374,101470,BF SHORT RIB-CHU-BI NR DMK,21
cluster_374,101511,BF SHORT RIB-CHU-BI CAB OMA,21
cluster_374,10151,BF SHORT RIB-CHU-BI CH OMA,21
cluster_374,1072106,BF SHORT RIB-CHU-BI-z PR WRE,21
cluster_374,10082494,BF SHORT RIB-CHU-BI-z PR CRK,21
cluster_374,1015312,BF SHORT RIB-CHU-BI-z CAB WRE,21
cluster_374,1072A111,BF SHORT RIB-CHU-BI-z ME FCB,21
cluster_374,10082R,BF SHORT RIB-CHU-BI CH *__,21
cluster_374,101470,BF SHORT RIB-CHU-BI NR DMK,21
cluster_374,107280S,BF SHORT RIB-CHU-BI-z ME SAN,21
cluster_374,10724S,BF SHORT RIB-CHU-BI> CH CTS2X2,21
cluster_374,10724X,BF SHORT RIB-CHU-BI> ME CTS2X2,21
cluster_374,107213,BF SHORT RIB-CHU-BI-z ME GUS,21
cluster_374,1072106,BF SHORT RIB-CHU-BI-z PR WRE,21
cluster_221,10123810,BF SKIRT OUTER.PLD IMP-ME PRA,79
cluster_221,101445,BF SKIRT INNER SE EXC,79
cluster_221,1012412,BF SKIRT OUTER.PLD-z IMP-URU SIR,79
cluster_221,10123020,BF SKIRT INNER CH NBF,79
cluster_221,10140803,BF SKIRT INNER NR CRK,79
cluster_221,10149914,BF SKIRT INNER CH AUR,79
cluster_221,10161510,BF SKIRT OUTER SE OMA,79
cluster_221,1016A215,BF SKIRT OUTER CH OMA-HAL,79
cluster_221,1012AA12,BF SKIRT OUTER.PLD PR IBP,79
cluster_221,10599188,BF SKIRT OUTER.PLD->CH-IBP CUBED,79
cluster_221,10599110,BF SKIRT INNER PR-CTS,79
cluster_221,1014A6AM,BF SKIRT INNER CH IOW,79
cluster_221,105992F,BF SKIRT OUTER->CH END&PCS FAJITA,79
cluster_221,1014A2CS,BF SKIRT INNER CH CRK-NAT,79
cluster_221,102203,BF SKIRT INNER CH OMA-HAL,79
cluster_221,1012684,BF SKIRT OUTER NR CRK,79
cluster_221,1012206,BF SKIRT OUTER-CA HAR A,79
cluster_221,1021A3GO,BF SKIRT INNER SE OMA,79
cluster_221,10161512,BF SKIRT OUTER NR OMA,79
cluster_221,10123ANT,BF SKIRT OUTER CH NAT,79
cluster_221,1014A2NT,BF SKIRT INNER CH NAT,79
cluster_221,102234,BF SKIRT INNER-CA AAA HAR,79
cluster_221,1012301,BF SKIRT OUTER CH IBP-SRA,79
cluster_221,1012205,BF SKIRT OUTER-CA HAR AAA,79
cluster_221,1014490,BF SKIRT OUTER CH WAS,79
cluster_221,10123022,BF SKIRT INNER CAB NBF,79
cluster_221,10142222,BF SKIRT INNER CAB WRE,79
cluster_221,1021657,BF SKIRT INNER PR OMA-HAL,79
cluster_221,10148AAB,BF SKIRT OUTER.PLD IMP-ME GR,79
cluster_221,1014B1IC,BF SKIRT INNER WAG OMA-H,79
cluster_221,1014A2NT,BF SKIRT INNER CH NAT,79
cluster_221,1012A1IB,BF SKIRT OUTER-z NR IBP,79
cluster_221,10142224,BF SKIRT INNER CH EXC,79
cluster_221,10148AAK,BF SKIRT OUTER.PLD IMP-ME SUK,79
cluster_221,102233,BF SKIRT INNER-CA AA STH,79
cluster_221,1015A2NB,BF SKIRT INNER CH WRE,79
cluster_221,1021655,BF SKIRT INNER PR OMA,79
cluster_221,102202,BF SKIRT INNER ANG OMC,79
cluster_221,10599202,BF SKIRT OUTER.PLD->ME-URG CUBE 10#,79
cluster_221,10599209,BF SKIRT OUTER.PLD->CH-OMA CC08-BFL,79
cluster_221,10123797,BF SKIRT OUTER.PLD-z IMP-ME GUS,79
cluster_221,1014A1CS,BF SKIRT INNER SE CRK,79
cluster_221,1014ANI3,BF SKIRT INNER NR NBF,79
cluster_221,10124,BF SKIRT OUTER CH *__,79
cluster_221,10123045,BF SKIRT OUTER NR NAT,79
cluster_221,105992T,BF SKIRT OUTER->CH END&PCS TACO,79
cluster_221,1021990,BF SKIRT OUTER CH OMA SML BOX,79
cluster_221,1021A2GO,BF SKIRT INNER CAB OMA,79
cluster_221,10599205,BF SKIRT OUTER.PLD->CH-OMA CC05.5,79
cluster_221,1014042,BF SKIRT INNER SE WRE,79
cluster_221,1015A2NC,BF SKIRT INNER CH STX,79
cluster_221,10123076,BF SKIRT INNER CA NBF,79
cluster_221,1059921,BF SKIRT OUTER->SEL PCS-z 5 STR,79
cluster_221,10599208,BF SKIRT OUTER.PLD->CH OMA CC08 z,79
cluster_221,10234568,BF SKIRT OUTER PR CRK-NAT,79
cluster_221,1016A2G1,BF SKIRT OUTER OMA-HRF,79
cluster_221,10123810,BF SKIRT OUTER.PLD IMP-ME PRA,79
cluster_221,1016810,BF SKIRT OUTER PR OMA,79
cluster_221,10148AAK,BF SKIRT OUTER.PLD IMP-ME SUK,79
cluster_221,102232,BF SKIRT INNER-CA AA HAR,79
cluster_221,10140456,BF SKIRT INNER OMA-HRF,79
cluster_221,10599187,BF SKIRT OUTER.PLD->CH FMC CTS EE,79
cluster_221,10123876,BF SKIRT OUTER.PLD-z IMP-ME LFT,79
cluster_221,10371174,BF SKIRT OUTER.PLD->CH 08s -z,79
cluster_221,10234548,BF SKIRT OUTER PR CRK-MC,79
cluster_221,1012686,BF SKIRT OUTER SE CRK,79
cluster_221,10371175,BF SKIRT OUTER.PLD->CH 10s -z,79
cluster_221,1012A1IB,BF SKIRT OUTER-z NR IBP,79
cluster_221,10599219,BF SKIRT OUTER.PLD->PR CTS,79
cluster_221,10599211,BF SKIRT OUTER.PLD->CH-OMA CC11,79
cluster_221,1014B1I1,BF SKIRT INNER CAB IBP STR D3108AH,79
cluster_221,1015804,BF SKIRT INNER NR WRE,79
cluster_221,101236,BF SKIRT OUTER CH IBP D3157AH,79
cluster_221,102199,BF SKIRT INNER CH OMA,79
cluster_221,10599207,BF SKIRT OUTER.PLD->CH-OMA CC07,79
cluster_221,10127002,BF SKIRT OUTER CH IOW,79
cluster_221,1016A5GO,BF SKIRT OUTER PR OMA-HAL,79
cluster_221,10599203,BF SKIRT OUTER.PLD->CH-OMA CC09,79
cluster_221,10160100,BF SKIRT INNER>CH CTS,79
cluster_387,10067956,BF STK RIBEYE BNL CA CC16 10CT,5
cluster_387,10067563,BF STK RIBEYE BNL CH CC10 16CT IVP,5
cluster_387,10067999,BF STK RIBEYE BNL CH CC12 10CT,5
cluster_387,10067620,BF STK RIBEYE BNL CH CC20 1.25 IVP8,5
cluster_387,10065081,BF STK RIBEYE BNL NR EE00S 00CT LP,5
cluster_385,1004654,BF STK RIBEYE UTE08+ 08S 20CT IVP,6
cluster_385,100690JB,BF STK RIBEYE UTE10+ 00S IVP,6
cluster_385,1006901P,BF STK RIBEYE UTE10+ 10S IVP li,6
cluster_385,10069805,BF STK RIBEYE UTE10+ EE3-1 IWP,6
cluster_385,10069806,BF STK RIBEYE UTE10+ EE4-1 IVP,6
cluster_385,100691JB,BF STK-z RIBEYE UTE12+ 00S IVP,6
cluster_384,10660933,BF STK STRIP BNL CAB CC12S 12CT,18
cluster_384,10660936,BF STK STRIP BNL CAB CC14S 10CT,18
cluster_384,10652676,BF STK STRIP BNL CH CC00S 00CT,18
cluster_384,10660,BF STK STRIP BNL CH CC10S 04CT,18
cluster_384,10660912,BF STK STRIP BNL CH CC14S 12CT,18
cluster_384,10660917,BF STK STRIP BNL CH CC16S 10CT,18
cluster_384,1028307,BF STK STRIP BNL CH EE07S-IVP10#,18
cluster_384,10284010,BF STK STRIP BNL PR CC00S 00CT,18
cluster_384,10660944,BF STK STRIP BNL PR CC12S 12P,18
cluster_384,10661014,BF STK STRIP BNL PR CC14S 12P,18
cluster_384,10661016,BF STK STRIP BNL PR CC16S 10P,18
cluster_384,10284015,BF STK STRIP BNL PR EE00 GW*,18
cluster_384,1028317,BF STK-z STRIP BNL CH 10s CHP 6P,18
cluster_384,10038165,BF STK-z STRIP BNL CH-GF THM 10S/8P,18
cluster_384,10660919,BF STK-z STRIP BNL CH-V 06s FMC 26P,18
cluster_384,10660920,BF STK-z STRIP BNL CH-V 08s FMC 20P,18
cluster_384,10660937,BF STK-z STRIP BNL CH-V 10s FMC 16P,18
cluster_384,10660929,BF STK-z STRIP BNL CH-V 12s FMC 13P,18
cluster_378,1037805,BF STK TNDR FILET CH 00s CC CTS,15
cluster_378,10696,BF STK TNDR FILET CH 00s FC IVP??,15
cluster_378,10371155,BF STK TNDR FILET CH 05s CC,15
cluster_378,10371161,BF STK TNDR FILET CH 05s FC,15
cluster_378,10371162,BF STK TNDR FILET CH 06s CC IVP20,15
cluster_378,1037115,BF STK TNDR FILET CH 06s CC LEYE,15
cluster_378,10371177,BF STK TNDR FILET CH 06s FC SA,15
cluster_378,10371166,BF STK TNDR FILET CH 07s CC IVP20,15
cluster_378,1037110,BF STK TNDR FILET CH 08s CC IVP20,15
cluster_378,1037112,BF STK TNDR FILET CH 08s CC LEYE,15
cluster_378,10371167,BF STK TNDR FILET CH 08s CC-U,15
cluster_378,10371101,BF STK TNDR FILET CH 08s FC IVP20,15
cluster_378,10378064,BF STK TNDR FILET PR 04s,15
cluster_378,1037110P,BF STK TNDR FILET PR 08s CC IVP20,15
cluster_378,1037190,BF STK TNDR FILET PR 08s-U,15
cluster_361,1063652,BF STK TNDR MED PR 04s 5/10ct,7
cluster_361,10636546,BF STK TNDR MED CH 04s 5/10ct,7
cluster_361,10636557,BF STK TNDR MED CH 03s 5/10ct,7
cluster_361,10636510,BF STK TNDR MED PR 04s 8ct,7
cluster_361,10600581,BF STK TNDR MED CH 02s 26/3CT-VP,7
cluster_361,10600581,BF STK TNDR MED CH 02s 26/3CT-VP,7
cluster_361,10637,BF STK TNDR MED CH 03S 18/3CT-VP10#,7
cluster_292,10651841,BF STK TOP BUT CCBB-OMA PR CTS,8
cluster_292,10672894,BF STK TOP BUT CCBB PR 10S 16CT,8
cluster_292,10672012,BF STK TOP BUT CULOT CAP PLD CH JAC,8
cluster_292,10672898,BF STK TOP BUT CCBB CH 10S 16CT,8
cluster_292,10371038,BF STK TOP BUT CULOT PR 02.6s 20/3P,8
cluster_292,10371035,BF STK TOP BUT CULOT PR 10S 16CT,8
cluster_292,10672410,BF STK TOP BUT CULOT CH 10S 20CT,8
cluster_292,10672666,BF STK TOP BUT CCBB CH 06S 10CT,8
cluster_217,101655,BF TACO MEAT *__,8
cluster_217,10165SA,BF TACO MEAT FMC-SAM-z 10#,8
cluster_217,1016404,BF TACO MEAT MINCED GUS- 6/5#,8
cluster_217,10165389,BF TACO MEAT MINCED SUK- 6/5#,8
cluster_217,101653,BF TACO MEAT-z ALEX MEAT 60#,8
cluster_217,1016404,BF TACO MEAT MINCED GUS- 6/5#,8
cluster_217,10165395,BF TACO MEAT-z MINCED RAN,8
cluster_217,10165391,BF TACO MEAT-z MINCED SUK 6/5#,8
cluster_316,10443FL,BF TONG-z #1 BLK *__,9
cluster_316,1044565,BF TONG-z RAM # 1 BLK 28#,9
cluster_316,1044805,BF TONG-z #1 BLK CAV 30#,9
cluster_316,10447P1,BF TONG-z #1 BLK RAN 30#,9
cluster_316,1044564,BF TONG-z # 1 WHT RAM 28#,9
cluster_316,10448PZ,BF TONG-z #1 BLK AFG 5640 30#,9
cluster_316,10444FL,BF TONG-z #2 *__ 30#,9
cluster_316,10446AM,BF TONG-z #1 WHT AME-05630 25#,9
cluster_316,1044566,BF TONG-z RAM MIX 28#,9
cluster_117,1039A2EK,BF TRIM-ROSEMEAT CH *__,11
cluster_117,1040168,BF TRIM-ROSEMEAT-z ME GUS,11
cluster_117,10400924,BF TRIM-ROSEMEAT-z ME LFT,11
cluster_117,10400915,BF TRIM-ROSEMEAT ME PRA,11
cluster_117,10400912,BF TRIM-ROSEMEAT-z ME SUK,11
cluster_117,1039A1EL,BF TRIM-ROSEMEAT NR EVP,11
cluster_117,1040168,BF TRIM-ROSEMEAT-z ME GUS,11
cluster_117,10400924,BF TRIM-ROSEMEAT-z ME LFT,11
cluster_117,10400915,BF TRIM-ROSEMEAT ME PRA,11
cluster_117,10400912,BF TRIM-ROSEMEAT-z ME SUK,11
cluster_117,1039A1EL,BF TRIM-ROSEMEAT NR EVP,11
cluster_363,10440PK,BF TRIPE REG SCLD-z CAR 60#,5
cluster_363,10440957,BF TRIPE REG SCLD-z SUK 60#,5
cluster_363,10440AU,BF TRIPE REG SCLD-z AUR 70#,5
cluster_363,1044212,BF TRIPE REG SCLD-z 4ST 60#,5
cluster_363,10440AU,BF TRIPE REG SCLD-z AUR 70#,5
cluster_229,48009990,PORK BLADE MEAT POLY,5
cluster_229,48019990,PORK BLADE MEAT MOE,5
cluster_229,48029990,"Blade Meat, Moesle, Combo Pork",5
cluster_229,48013570,"Blade Meat, Pork IBP",5
cluster_229,48019990,PORK BLADE MEAT MOE,5
cluster_259,19999990,Edible Beef Blood - 4 Gallons,4
cluster_259,10539980,"Blood, Pork Edible 4/1gallons",4
cluster_259,10439980,"Blood, Beef Edible 4/1gallons",4
cluster_259,10431030,Blood Beef Edible JBS (6/1 gal),4
cluster_193,20214B,BOAR WILD- BNLS SHOULDER #11390-z,6
cluster_193,451004,WILD BOAR BONELESS SHOULDER,6
cluster_193,451132,WILD BOAR NECK MEAT,6
cluster_193,72710000,Wild Boar Shoulder,6
cluster_193,450250,WILD BOAR STEW MEAT (2/5#),6
cluster_193,451022,WILD BOAR TENDERLOIN,6
cluster_250,41816300,Bologna,4
cluster_250,SP8052,BOLOGNA BEEF,4
cluster_250,34001,Bologna Beef ECKRICH,4
cluster_250,1834050,BOLOGNA THM BEEF 2/4#,4
cluster_249,97467740,"Bologna Thick, Bar S (12/16 oz)",11
cluster_249,97045740,"Bologna Thick, Bar S (16/12oz)",11
cluster_249,97035740,"Bologna Classic, Bar S (16/12oz)",11
cluster_249,97466740,"Bologna Classic, Bar S (12/1 lb)",11
cluster_249,97055740,"Bologna Chicken, Bar S (16/12oz)",11
cluster_249,97015740,"Bologna Beef, Bar S (16/12oz)",11
cluster_249,97455740,"Bologna Chicken, Bar S (12/1 lb)",11
cluster_249,97470740,"Bologna Beef, Bar S (12/1lb))",11
cluster_249,97468740,"Bologna Garlic, Bar S (12/1 lb))",11
cluster_249,34000,Bologna Garlic 1#   Bar S,11
cluster_249,97025740,"Bologna Garlic, Bar S (16/12oz)",11
cluster_430,120891,LAMB SHLDR SQC BI MAR 4P 4/10#,28
cluster_430,12217,LAMB LEG-BNL BRT-AUS THM,28
cluster_430,12174882,LAMB LEG BI T/OFF *__ 4P IVP,28
cluster_430,54956000,Lamb Leg B/In,28
cluster_430,420003,BONELESS LAMB LOIN,28
cluster_430,59124770,Lamb Leg Boneless Australian,28
cluster_430,30208,Lamb Leg Whole BI-AUS,28
cluster_430,12102034,LAMB LEG BI T/OFF-z PRO 2P IVP,28
cluster_430,122488,LAMB GRND FMC SHLD 10#-VP,28
cluster_430,1201113,LAMB SHLDR SQC BI-z FRF 4P,28
cluster_430,12174879,LAMB LEG BI>BRT S/A [1P],28
cluster_430,1208945,LAMB SHLDR SQC BI PIO 40#,28
cluster_430,54735790,Lamb Leg B/Out fresh,28
cluster_430,420010,LAMB SHOULDER BONELESS,28
cluster_430,12102032,LAMB LEG BI T/OFF-z FRF 4P IVP,28
cluster_430,55629560,Lamb Breast Boneless Fresh,28
cluster_430,59104210,Lamb Leg Bi-S/C New Zealand,28
cluster_430,12083,LAMB SHLDR SQC-BNL FMC,28
cluster_430,12213,LAMB LEG-BNL BRT FMC-9# IVP,28
cluster_430,12205,LAMB LEG-BNL BRT FRF 2/6#,28
cluster_430,12174893,LAMB LEG BI T/OFF PIO 4P IVP,28
cluster_430,1208943,LAMB SHLDR SQC BI DOU J 40#,28
cluster_430,30209,Lamb Leg BRN NZ HALAL,28
cluster_430,12089108,LAMB SHLDR-CHOPS FMC 10#,28
cluster_430,12086646,LAMB SHLDR BI-z WHL AUS,28
cluster_430,54735780,Lamb Leg B/Out-Netted,28
cluster_430,53229520,Lamb Loin Boneless,28
cluster_430,25099980,Lamb Leg Boneless,28
cluster_204,410055,BONELESS VEAL BREAST,5
cluster_204,11122,VEAL BREAST BI *,5
cluster_204,11123,VEAL BREAST BNL,5
cluster_204,11123,VEAL BREAST BNL,5
cluster_204,66950090,Veal Breast Bone In,5
cluster_327,SP334,CHICKEN BREADED NUGGETS,12
cluster_327,59021410,"Tenders, Breaded Chicken (#20)",12
cluster_327,SP335,CHICKEN BREADED TENDERS  (20#),12
cluster_327,84204,Breaded Chicken Breast Nuggets 10/2#,12
cluster_327,350102,"CHICKEN TENDER, CKD BREAD, FIELDALE, 10#",12
cluster_327,84208,Breaded Chicken Tenders 10/2#,12
cluster_327,59029980,"Nuggets, Breast, Breaded, Chicken (20#)",12
cluster_327,84205,Breaded Chicken Breast Nugget Spicy 10/2,12
cluster_327,84209,Breaded Chicken Rings 10/2#,12
cluster_327,84207,Breaded Chicken Patties Spicy 10/2,12
cluster_327,83300,BAMBOO CHOPSTICKS white envelope,12
cluster_327,83100,Breaded Chicken Nuggets 6/5#,12
cluster_251,94200,Breaded Chicken Nuggets FP al safa Halal,10
cluster_251,94601,Breaded Chicken Nuggets VP al safa Halal,10
cluster_251,94202,Breaded Chicken Patties FP al safa Halal,10
cluster_251,94603,Breaded Chicken Patties VP al safa Halal,10
cluster_251,94201,Breaded Chicken Strips FP al safa Halal,10
cluster_251,98154,breaded chicken tender HALA,10
cluster_251,94815,Breaded Chicken Tenderz al safa Halal,10
cluster_251,93815,Breaded Chicken Tenderz VP al safa Halal,10
cluster_251,95815,Breaded Chicken Tenderz  VPal safa Halal,10
cluster_251,94011,Chicken Tender Bites al safa Halal,10
cluster_223,53063994,"Breast B/In, Chicken Chef`s Choice (40#)",8
cluster_223,53063610,"Breast B/In, Chicken Cookin` Good (40#)",8
cluster_223,53061850,"Breast B/In, Chicken Harrison (40#)",8
cluster_223,53062960,"Breast B/In, Chicken Perdue (40#)",8
cluster_223,53063410,"Breast B/In, Chicken, Gold`n Plump (40#)",8
cluster_223,53261220,"Breast B/In, Split, Chicken, Pilgrims 40",8
cluster_223,53069980,"Breast B/In, White Chicken (40#)",8
cluster_223,53063390,"Breast B/In, White Chicken Mountaire",8
cluster_476,53169980,"Breast Bnls, 6z Bulk, Chicken (40#)",11
cluster_476,53089980,"Breast Bnls, 8z Bulk, Chicken (40#)",11
cluster_476,53051470,"Breast Bnls/Sknls George`s, Chicken (40#",11
cluster_476,53051040,"Breast Bnls/Sknls Jumbo, Sanderson(40#)",11
cluster_476,53051340,"Breast Bnls/Sknls, Chicken CVP WayneFarm",11
cluster_476,53051850,"Breast Bnls/Sknls, Chicken Harrison (40#",11
cluster_476,53051360,"Breast Bnls/Sknls, Chicken Peco (40#)",11
cluster_476,53052960,"Breast Bnls/Sknls, Chicken Perdue TP (40",11
cluster_476,53051220,"Breast Bnls/Sknls, Chicken Pilgrims (40#",11
cluster_476,53051040,"Breast Bnls/Sknls Jumbo, Sanderson(40#)",11
cluster_476,53051340,"Breast Bnls/Sknls, Chicken CVP WayneFarm",11
cluster_467,530510400,"Breast Bnls/Sknls, Tray Pack, Sanderson,",3
cluster_467,53054780,"Breast Bnls/Sknls, 3D Tray Pk, Sanderson",3
cluster_467,53254780,"Breast Bnls/Sknls, 25D Tray Pk, Sandersn",3
cluster_186,63015630,"Breast Bone In 10/12, Turkey Northern P.",6
cluster_186,63019980,"Breast Bone In 10/14 Tom, Turkey",6
cluster_186,63014310,"Breast Bone In 10/14, Turkey Michigan T.",6
cluster_186,63009980,"Breast Bone In 8/10 ""A"" Grade, Turkey",6
cluster_186,41800401,Turkey bst bone in 10-12,6
cluster_186,41800400,Turkey bst bone in 14/16,6
cluster_495,12011004,"Brisket Bnls, GreaterOmaha (Ch)",5
cluster_495,12011014,"Brisket Bnls, IBP (Ch)",5
cluster_495,12011024,"Brisket Bnls, National (Ch)",5
cluster_495,12013333,"Brisket Bnls, Upper Iowa (Ch_Angus)",5
cluster_495,12011144,"Brisket Bnls, Western Reserve (Ch)",5
cluster_294,720591,BRKFST RAN PAT 1.5-oz 12#-z,9
cluster_294,72044P,BRKFST PERD-TRK PAT50104 1.5-OZ 10#,9
cluster_294,720768,BRKFST TENP PAT-1.5-OZ 3013 12#-z,9
cluster_294,72044,BRKFST PERD-TRK LINK 50103 1-OZ 10#,9
cluster_294,720590,BRKFST RAN PAT 2-oz 12#-z,9
cluster_294,720510,BRKFST RAN LINK 1-oz 16-1 12#-z,9
cluster_294,72036,BRKFST PEER LINK-41000 1-oz 10#,9
cluster_294,720515,BRKFST RAN LINK 2-oz 8-1 12#-z,9
cluster_294,72062,BRKFST FON LINK-391 4-in 1-oz 10#,9
cluster_38,720PD46,BRKFST JERSEY MADE PORK ROLL 2/6#,6
cluster_38,7209321,BRKFST TAYLOR PORK ROLL 12/1#,6
cluster_38,72087N,BRKFST TAYLOR PORK ROLL 2/6#,6
cluster_38,7209323,BRKFST-z TAYLOR PORK ROLL 4/3#,6
cluster_38,7209322,BRKFST-z$ TAYLOR PORK ROLL 12/1#,6
cluster_38,749321,THUMANN`S TAYLOR PORK ROLL,6
cluster_128,450026,BROADLEAF RETAIL GROUND BUFFALO,4
cluster_128,450023,BROADLEAF RETAIL GRD VENISON,4
cluster_128,450084,BROADLEAF RETAIL GROUND BOAR,4
cluster_128,190068,BROADLEAF RETAIL GRASS FED GROUND BEEF,4
cluster_224,75056,BUFFALO PARTY WING 4/5#,5
cluster_224,10258,Chicken Buffalo Tenders 10/2# Winganza,5
cluster_224,10252,Chicken Party Wings FC Buffalo 2/5#,5
cluster_224,54051640,"Wings Party Buffalo, Winganza (10/2#)",5
cluster_224,54041640,"Wings Party Buffalo, Winganza (4/5#)",5
cluster_55,10545007,BURGERS CLOUD-z CHOP-STK 4-1 15#,4
cluster_55,10545005,BURGERS CLOUD-z CHOP-STK 3-1 15#,4
cluster_55,105443,BURGERS SMRTSHOP 4-1 8/5#-z,4
cluster_55,10545004,BURGERS CLOUD-z 2-1 15#,4
cluster_96,46081010,"Butt Bone In, IBP",7
cluster_96,46081920,"Butt, Bone In COV, Prestage",7
cluster_96,46081920,"Butt, Bone In COV, Prestage",7
cluster_96,46081060,"Butt Bone In 1/4"", Indiana VP, #05008",7
cluster_96,46084150,"Butt Bone In 1/4"" VP, HyLife",7
cluster_96,46084470,"Butt Bone In, 5/2PC VP, Wholestone",7
cluster_96,46081980,"Butt Bone In 1/4"", Smithfield VP #86793",7
cluster_69,210598,CALAMARI T&T CLEAN 05-08 4/2.5#,4
cluster_69,78021789,"Calamari, 3-5 T & T, Netuno (4/2.5#)",4
cluster_69,2105912,CALAMARI TUBE ONLY 5-8 4/2.5#-z,4
cluster_69,210599,CALAMARI T&T CLEAN 05-08 10/4.4#,4
cluster_178,555690,CANNED CRAB CLAW MEAT-12/1#,5
cluster_178,71202,Crab Claw Meat 12/8oz,5
cluster_178,77035730,"Crab Meat, Claw Can, Gulf Shore (12/1#)",5
cluster_178,550012,IMITATION CRAB MEAT 12/2.5#,5
cluster_178,80608100,Seafood Lobster Claw Meat 12# Cs,5
cluster_149,750004,CITTERIO HOT CAPICOLLA,7
cluster_149,22PC07,CAPICOLA THM HOT 4/4.5#,7
cluster_149,22PC07,CAPICOLA THM HOT 4/4.5#,7
cluster_149,22694,CAPICOLA MAST HOT 4/4.5#,7
cluster_149,22PA40H,CAPICOLA CITT HOT 4/4.5#,7
cluster_149,22ND015,CAPICOLA TEM SPICY 3/2#,7
cluster_149,22038999,CAPICOLA MARG HOT 3/6#,7
cluster_138,13215,CASING HOG 32/35,5
cluster_138,49012620,"Hog casings, Quality Casing 32/35",5
cluster_138,99999914,"Hog casings, 32/35",5
cluster_138,39000020,Pork Casings Hog,5
cluster_138,49029960,"Hog casings, 35/38",5
cluster_406,SP5000,FISH BREADED CATFISH NUGGET,11
cluster_406,70001559,Catfish Nuggets BREADED (15#),11
cluster_406,70005100,Catfish Nuggets IQF Heartland (15#),11
cluster_406,70004420,Catfish Nuggets IQF America`s Catch 15#,11
cluster_406,70014420,Catfish Nuggets IQF Superior (15#),11
cluster_406,70144581,Catfish Nuggets BREADED America`s C. #15,11
cluster_406,70004589,Catfish Nuggets BREADED FW F (10#),11
cluster_406,80111,CATFISH NUGGETS raw 15#,11
cluster_406,70001459,Catfish Nuggets IQF Simmons/Superior (15,11
cluster_406,70004581,Catfish Nuggets BREADED America`s C. #10,11
cluster_406,70009980,Catfish Nuggets IQF 4/4# (16#),11
cluster_105,83720,GARLIC POWDER  5# EACH,8
cluster_105,83200,CRUSHED Dry Chili   5# EACH,8
cluster_105,83213,Dried Chili Pasilla   ( 5#/bag ),8
cluster_105,83123,dried chili arbol w/o stem 5#,8
cluster_105,70174855,GARLIC GRANULATED BX 5-7#,8
cluster_105,84030,White Pepper Powder  - 5# EACH,8
cluster_105,83791,CAYENNE CHILI PEPPER POWDER  5# EACH,8
cluster_105,83230,CRUSHED Dry Chili  30# - (CASE),8
cluster_529,410057,CC VEAL RIB CHOP FRENCHED 12OZ,5
cluster_529,410157,CC VEAL RIB CHOP FRENCHED 16OZ,5
cluster_529,62446160,Veal Rib Chop 16oz,5
cluster_529,62420050,Veal Rib Chop Frenched 10oz,5
cluster_529,62418050,Veal Ribeye Chop Frenched 12oz 1` tail,5
cluster_118,12565083,FRIES 1/4 SS 6/6.5#,16
cluster_118,80515,FRIES 3/8 STR 6/5#-z,16
cluster_118,99125944,Mr Dees Crinkle Cut Fries(12-24oz),16
cluster_118,80527S,FRIES 1/2 CRINKLE -z 6/5#,16
cluster_118,80516120,FRIES STEAK CUT LEMANSKI 6/5.2#,16
cluster_118,805319,FRIES 3/8 STR ORE IDA 6/5#,16
cluster_118,80527GF,FRIES 3/8 STK CUT MCCAIN 6/5#,16
cluster_118,99130240,"Fries Straight Cut 3/8"" Wonder Fry 6-5lb",16
cluster_118,80557015,FRIES 1/4 SS VAL 30#,16
cluster_118,80557021,FRIES 1/4 SS 6/6#,16
cluster_118,8051521,FRIES 3/8 CRINKLE MCCAIN 6/5#,16
cluster_118,81018,French Fries 3/8 Straight Cut 30#,16
cluster_118,8052710,FRIES WAFFLE S/ON 6/4.5#,16
cluster_118,80527123,FRIES 1/2 CRINKLE PLAIN 6/5#-z,16
cluster_118,80557P,FRIES 1/4 SS 6/6# 39521 HARV,16
cluster_118,805323,FRIES 3/8 STR PRM HARV 36#,16
cluster_101,750164,SLICED PEPPER CHEESE 16/12OZ,7
cluster_101,750162,SLICED CHEDDAR CHEESE 16/12OZ,7
cluster_101,750163,SLICED COJACK CHEESE 16/12OZ,7
cluster_101,750165,SLICED SWISS CHEESE 16/12OZ,7
cluster_101,94219980,"Cheese, Mozzarella Shredded, (20#)",7
cluster_101,750425,SLICED PEPPER JACK CHEESE-4/2.5#,7
cluster_101,85422,"Cheddar Cheese 1/4"" Diced  HI TEMP",7
cluster_102,94014890,"Cheese, Muenster El Gallito",11
cluster_102,94194890,"Cheese, Quesadilla El Gallito",11
cluster_102,94244890,"Cheese, Cincho El Gallito",11
cluster_102,94204890,"Cheese, Requeson, El Gallito (8.5#)",11
cluster_102,94254890,"Cheese, Cremoso, El Gallito (9#)",11
cluster_102,94224890,"Cheese,Fresco Wheel,El Gallito (12/12oz)",11
cluster_102,94084890,"Cheese, Fresco Wheel, El Gallito (5#)",11
cluster_102,94064890,"Cheese, Cotija Molido, El Gallito (12/1)",11
cluster_102,94044890,"Cheese, Fresco Wheel, El Gallito (8#)",11
cluster_102,94234890,"Cheese,Fresco Wheel, El Gallito (16/9oz)",11
cluster_102,94054890,"Cheese, Quesillo, El Gallito (5#)",11
cluster_198,20005361,Chicken -bnls-Wog 2 3/4#-SPLIT,9
cluster_198,20025034,Chicken Wog 2 3/4# Split,9
cluster_198,20025035,Chicken Wog 3# Split,9
cluster_198,20023001,Chicken Wog Split,9
cluster_198,20502020,Chicken Wog Split (2.5-2.75)#,9
cluster_198,20025620,Chicken Wog Split 2 1/2#,9
cluster_198,20250400,Chicken Wog Split 4#,9
cluster_198,20525041,Chicken Wog Split Free Range 3#,9
cluster_198,20270212,Chicken Wog Split SB 2 1/2#,9
cluster_488,23015251,Chicken Breast (S) 7oz - Halal,7
cluster_488,23117007,Chicken Breast Halal (S) 7oz,7
cluster_488,23127007,Chicken Breast Halal (W) 7oz,7
cluster_488,23135048,Chicken Breast 4oz (S) HALAL,7
cluster_488,21122068,Chicken Airline Breast (S) 10/12oz Halal,7
cluster_488,23117008,Chicken Breast Halal (S) 8oz,7
cluster_488,23127008,Chicken Breast Halal (W) 8oz,7
cluster_491,21152088,Chicken Airline Breast (S) T/In S/On 8oz,26
cluster_491,21271140,Chicken Airline Breast (W) T/Out 14oz,26
cluster_491,21172060,Chicken Airline Breast (S)  6oz t-out,26
cluster_491,21122181,Chicken Airline Breast (S) T/Out 8/9OZ,26
cluster_491,21121060,Chicken Airline Breast (S) T/O 6oz,26
cluster_491,21152080,Chicken Airline Breast (S)  S/On 8oz,26
cluster_491,21271160,Chicken Airline Breast (W) T/Out 16oz,26
cluster_491,21121061,Chicken Airline Breast (S) T/Out 6oz,26
cluster_491,21154060,Chicken Airline Breast (S) T/In S/On 6oz,26
cluster_491,21105212,Chicken Airline Breast (S) T/In 10-12oz,26
cluster_491,21162080,Chicken Airline Breast (S) T/In 8oz,26
cluster_491,21111070,Chicken Airline Breast (S) T/In 7oz,26
cluster_491,21122088,Chicken Airline Breast (S) 8oz,26
cluster_491,21152060,Chicken Airline Breast (S)  S/On 6oz,26
cluster_491,21152090,Chicken Airline Breast (S) T/In S/On 9oz,26
cluster_491,21102140,Chicken Airline Breast (S) 14oz  t/out,26
cluster_491,21172090,Chicken Airline Breast (S) T/Out 9oz,26
cluster_491,21122100,Chicken Airline Breast (S) 10oz,26
cluster_491,21152140,Chicken Airline Breast (S) T/In 14oz,26
cluster_491,21121100,Chicken Airline Breast (S) t/in 10 oz,26
cluster_491,21121120,Chicken Airline Breast (S) 12oz Frenched,26
cluster_491,21212160,Chicken Airline Breast (W) T/In 16-20oz,26
cluster_491,21152120,Chicken Airline Breast (S) 12oz,26
cluster_491,21172110,Chicken Airline Breast (S) T/Out 11oz,26
cluster_491,21122120,Chicken Airline Breast (S) T/Out 12oz,26
cluster_491,21101008,Chicken Airline Breast S/On T/In 8oz,26
cluster_421,10221,Chicken B/S Breast,5
cluster_421,23120070,Chicken Breast,5
cluster_421,23245009,Chicken Breast (W),5
cluster_421,23012000,Chicken Breast ABF (S),5
cluster_421,23255600,Chicken Breast ABF (W),5
cluster_474,10460,Chicken B\S Leg Meat FROZEN @@@,5
cluster_474,10460,Chicken B\S Leg Meat FROZEN @@@,5
cluster_474,29915000,Chicken Ground Leg Thighs Meat Frozen,5
cluster_474,10655,Chicken Legs WHOLE FROZEN,5
cluster_474,340042,"CHICKEN THIGHS  B/S, FROZEN",5
cluster_146,93019980,"Legs, b/in, duck",4
cluster_146,332001,"DUCK LEGS, BI",4
cluster_146,11031,Duck Legs COV,4
cluster_146,42520000,Duck Legs Boneless,4
cluster_490,310040,"CHICKEN BREAST FRESH, B/S, 4OZ",27
cluster_490,23132043,Chicken Breast (S) 4oz,27
cluster_490,23112008,Chicken Breast ABF (S) 8oz,27
cluster_490,23245350,Chicken Breast (W) 5oz,27
cluster_490,23120014,Chicken Breast (W) 12oz-14oz,27
cluster_490,23120015,Chicken Breast (W) 12oz-16oz,27
cluster_490,310082,"CHICKEN BREAST FRESH, B/S, 8OZ",27
cluster_490,310083,"CHICKEN BREAST FRESH, S/L, B/S, 8OZ",27
cluster_490,23015300,Chicken Breast (S) Small 7oz,27
cluster_490,310460,"CHICKEN BREAST FRESH,  B/S, 4/6OZ",27
cluster_490,23110007,Chicken Breast (S) 7oz,27
cluster_490,310061,"CHICKEN BREAST B/S, DL, 6OZ",27
cluster_490,310100,"CHICKEN BREAST B/S, FRESH, 10OZ",27
cluster_490,23220008,Chicken Breast (W) 8oz,27
cluster_490,23143050,Chicken Breast (S) 5oz,27
cluster_490,23015254,Chicken Breast (S) 7oz PERDUE,27
cluster_490,23120206,Chicken Breast (W) 6oz,27
cluster_490,23110008,Chicken Breast (S) 8oz,27
cluster_490,23210404,Chicken Breast 4oz (S),27
cluster_490,310060,"CHICKEN BREAST FRESH S/L, B&S, 6OZ (40#)",27
cluster_490,23136012,Chicken Breast (S) 14oz,27
cluster_490,23110206,Chicken Breast 6oz (S),27
cluster_490,23210010,Chicken Breast (S) 10oz,27
cluster_490,23120214,Chicken Breast (W) 14oz,27
cluster_490,23210006,Chicken Breast (S) 6oz,27
cluster_490,23120012,Chicken Breast (W) 12oz,27
cluster_490,310062,"CHICKEN BREAST FRESH, S/L, B&S, 6OZ",27
cluster_481,23120005,Chicken Breast (S) 5oz  Marinated,7
cluster_481,23294960,Chicken Breast 6oz (W) Marinated S/Off F,7
cluster_481,23291980,Chicken Breast 8oz (W) Marinated S/Off I,7
cluster_481,23272980,Chicken Breast 8oz (W) Marinated Special,7
cluster_481,23282004,Chicken Breast Boneless 4oz S Marinated,7
cluster_481,23193940,Chicken Breast Marinated (S) 4oz,7
cluster_481,23144960,Chicken Breast Marinated (S) 6oz,7
cluster_482,10235,BF ROUND OS FLAT XT NR OMA,8
cluster_482,23175050,Chicken Breast 5oz (S) Special Trim B/Ou,8
cluster_482,23110208,Chicken Breast Special Trim (W) 8oz,8
cluster_482,23110108,Chicken Breast Special Trim (S) 8oz,8
cluster_482,23272060,Chicken Breast Special Trim (W) 6oz,8
cluster_482,23110207,Chicken Breast Special Trim (W) 7oz,8
cluster_482,23900070,Chicken Breast Special Trim (S) 7oz,8
cluster_482,23110105,Chicken Breast Special Trim (S) 5oz,8
cluster_420,23243001,Chicken Breast Amish (W),6
cluster_420,320001,"CHICKEN DRUMSTICK, GERBER AMISH",6
cluster_420,24403001,Chicken Leg Drumstick Amish,6
cluster_420,24525061,Chicken Leg Thighs Amish,6
cluster_420,24565200,Chicken Thighs Amish,6
cluster_420,340009,"CHICKEN THIGHS, BNLS, S/L, GERBER AMISH",6
cluster_395,SP327,CHICKEN BREAST BNLS-RANDOM 40#,13
cluster_395,23345001,Chicken Breast Boneless Skinless Random,13
cluster_395,23345000,Chicken Breast Random,13
cluster_395,24565011,Chicken Breast Random 1# Pack,13
cluster_395,23346000,Chicken Breast Random 5# Bag,13
cluster_395,23342600,Chicken Breast Random ABF,13
cluster_395,23335300,Chicken Breast Random B/Out S/On w/Rib M,13
cluster_395,310000,"CHICKEN BREAST RANDOM  B/S, 40#",13
cluster_395,23345010,Chicken Breast Random Boneless Skinless,13
cluster_395,24565012,Chicken Breast Random cw,13
cluster_395,23345400,Chicken Breast Random No Rib Meat,13
cluster_395,23395000,Chicken Breast Random Select,13
cluster_395,310036,"CHICKEN BREAST RANDOM, B/S",13
cluster_242,23355002,Chicken Breast Bone In Skin on,7
cluster_242,24590000,Chicken Leg Thigh Bone In-skin-on,7
cluster_242,56019980,"Thigh Bone In, Chicken (40#)",7
cluster_242,56014590,"Thigh Bone In, Chicken GNP (40#)",7
cluster_242,56011180,"Thigh Bone In, Chicken HOR (40#)",7
cluster_242,56011220,"Thigh Bone In, Chicken Pilgrim`s (40#)",7
cluster_242,56015290,"Thigh Bone In, Chicken Pure Praire (40#)",7
cluster_485,23705000,Chicken Breast Diced 1 X 1 in raw,7
cluster_485,23705012,"Chicken Breast Diced 1/2 X 1/2"" Raw",7
cluster_485,23705114,"Chicken Breast Diced 1/4 X 1/4"" Raw",7
cluster_485,310008,"CHICKEN BREAST DICED, 1 IN",7
cluster_485,27110112,"Chicken Diced Breast 1 1/2"" x 1 1/2"" Raw",7
cluster_485,27110100,"Chicken Diced Breast 1 1/4"" x 1 1/4"" Raw",7
cluster_485,27110150,Chicken Diced Breast 1.5X1.5 Raw,7
cluster_487,310524,"CHICKEN BREASTB/S, IQF, 4/5#, 5OZ",4
cluster_487,310150,"CHICKEN BREAST IQF, TYSON, 5OZ (10#)",4
cluster_487,310035,"CHICKEN BREAST IQF, TYSON, 5OZ (2/5#)",4
cluster_487,310033,"CHICKEN BREAST IQF, TYSON 2623, 3OZ",4
cluster_285,310615,"CHICKEN BRST B/S, TRAY PACK, PERDUE 7615",13
cluster_285,320872,"CHICKEN DRUMSTICK TRAY PACK, PERDUE, 872",13
cluster_285,350615,"CHICKEN TENDER  B/S, TYSON, TRAY PACK",13
cluster_285,350736,"CHICKEN TENDER, TRAY PACK, PERDUE 7736",13
cluster_285,350936,"CHICKEN TENDER, TRAY PACK, PERDUE 86936",13
cluster_285,340237,"CHICKEN THIGHS  B/S, TRAY PACK",13
cluster_285,340007,"CHICKEN THIGHS, TRAY PACK",13
cluster_285,370810,"CHICKEN WINGS, TRAY PACK",13
cluster_285,57009980,"Drumstick, Tray Pack, Chicken",13
cluster_285,52011010,"Cornish Hen, 24/18oz, Tyson (27#)",13
cluster_285,310600,TYSON TRAY PACK CHICKEN BREAST STRIPS,13
cluster_285,320818,TYSON TRAY PACK CHICKEN DRUMSTICKS,13
cluster_285,54051010,"Wings Whole, Tray Pack, Tyson Chicken",13
cluster_404,22135240,Chicken Kiev Cordon Blue 5oz,4
cluster_404,SP1611,CHICKEN CORDON BLEU 4 OZ   9#,4
cluster_404,22137240,Chicken Cordon Blue 7oz,4
cluster_404,22215505,Chicken Cordon Bleu 24/6oz,4
cluster_411,320003,"CHICKEN DRUMSTICKS, 40#",15
cluster_411,10821,Chicken Jumbo Drumstick Formosa,15
cluster_411,10822,Chicken Jumbo Drumsticks,15
cluster_411,24405030,Chicken Leg Drumstick Jumbo,15
cluster_411,57001640,"Drumstick Jumbo, Chicken Amick (40#)",15
cluster_411,57001280,"Drumstick Jumbo, Chicken KochFoods (40#)",15
cluster_411,57003390,"Drumstick Jumbo, Chicken Mountaire (40#)",15
cluster_411,57001360,"Drumstick Jumbo, Chicken Peco (#40)",15
cluster_411,57001220,"Drumstick Jumbo, Chicken Pilgrims (40#)",15
cluster_411,57001340,"Drumstick Jumbo, Chicken WayneFarms (40#",15
cluster_411,57019980,"Drumstick Small, Chicken (40#)",15
cluster_411,57014930,"Drumstick Small, Chicken Gerber (40#)",15
cluster_411,57015540,"Drumstick Small, Chicken Miller (40#)",15
cluster_411,57011220,"Drumstick Small, Chicken, Pilgrim`s 40#",15
cluster_411,57001040,"Drumstick, Chicken Sanderson (40#)",15
cluster_200,25210,PORK Egg Roll 96/3oz #affinity#,7
cluster_200,25180,CHICKEN Eggroll 3oz/96 - AFFINITY,7
cluster_200,25200,PORK Egg Roll 120 - 2oz  #affinity#,7
cluster_200,25181,CHICKEN Eggroll 2oz/120 - AFFINITY,7
cluster_200,25290,Chicken Eggroll (3oz) -- Affinity,7
cluster_200,25211,PORK EGG ROLL 96/3oz Baily  `Green`,7
cluster_200,25010,Egg Roll 3oz -Pork   96 PC.-Mickey,7
cluster_202,20045040,Chicken Fryer Wog 4 Cut 3#,19
cluster_202,20870312,Chicken Fryer Wog 8 Cut Sq 3 1/2#,19
cluster_202,20095030,Chicken Fryer Wog 9 Cut 2 3/4#,19
cluster_202,20592030,Chicken Fryer Wog 9 Cut 3#,19
cluster_202,20085044,Chicken Fryer Wog 8 Cut 3#,19
cluster_202,20045060,Chicken Fryer Wog 4 Cut 3 1/2#,19
cluster_202,20095060,Chicken Fryer Wog 9 Cut 3 1/2#,19
cluster_202,20400234,Chicken Fryer Wog 4 Cut 2 3/4#,19
cluster_202,20085060,Chicken fryer wog 8 Cut 3 1/2#-,19
cluster_202,20800241,Chicken Fryer Wog 8 Cut 2 1/4#,19
cluster_202,20095040,Chicken Fryer Wog 9 Cut 3.5# Up,19
cluster_202,20400222,Chicken Fryer Wog 4 Cut 2 1/2#,19
cluster_202,20100300,Chicken Fryer Wog 10 Cut 3#,19
cluster_202,20045041,Chicken Fryer Wog 4 Cut 4#,19
cluster_202,360340,"CHICKEN FRYER, CUT 1/4 W/O GIB, 3-3.25#",19
cluster_202,360382,"CHICKEN FRYER, CUT 1/8 W/O GIB, 3-3.25#",19
cluster_202,20085920,Chicken Fryer wog 8 Cut 2 1/2#,19
cluster_202,20782040,Chicken Fryer Wog 8 Cut (3 - 3 1/4)#,19
cluster_202,360341,"CHICKEN FRYER CUT 1/4 W/O GIB, 2.5-2.75#",19
cluster_201,20008260,Chicken Fryer ABF Wog 3 #,13
cluster_201,20402050,Chicken Fryer Wog (3 1/4 - 3 1/2)#,13
cluster_201,20000212,Chicken Fryer Wog 2 1/2#,13
cluster_201,20005120,Chicken Fryer Wog 2 1/2# B/Out,13
cluster_201,20505010,Chicken Fryer Wog 2 1/4#,13
cluster_201,20035030,Chicken Fryer Wog 2 3/4#,13
cluster_201,20025240,Chicken Fryer Wog 3 #,13
cluster_201,20005260,Chicken Fryer Wog 3 1/2,13
cluster_201,20000313,Chicken Fryer Wog 3 1/2#,13
cluster_201,20005140,Chicken Fryer Wog 3#,13
cluster_201,20005840,Chicken Fryer Wog 3-4#,13
cluster_201,20605034,Chicken Fryer Wog 4#,13
cluster_201,20010300,Chicken Fryer Wog Natural 3#,13
cluster_199,20502030,Chicken Fryer Wog (2 .50-2.75#,6
cluster_199,20005030,Chicken Fryer Wog (2.50-2.75),6
cluster_199,20592020,Chicken Fryer Wog (2.50-2.75)#,6
cluster_199,20007353,Chicken Fryer WOG 3.0 - 3.25,6
cluster_199,20000312,Chicken Fryer Wog 3.25 - 3.50,6
cluster_199,20000325,Chicken Fryer Wog 3.25-3.75,6
cluster_197,22121007,Chicken Fryer Wog Halal 2 1/2#,4
cluster_197,22141009,Chicken Fryer Wog Halal 2 1/4#,4
cluster_197,22341007,Chicken Fryer Wog Halal 2 3/4#,4
cluster_197,23121009,Chicken Fryer Wog Halal 3 1/2#,4
cluster_161,390400,CHICKEN GIZZARDS,8
cluster_161,50029980,"Gizzards, Chicken (40#)",8
cluster_161,50021850,"Gizzards, Chicken Harrison (40#)",8
cluster_161,50021220,"Gizzards, Chicken Pilgrim`s (40#)",8
cluster_161,50023410,"Gizzards, Chicken Gold`n Plump (40#)",8
cluster_161,10750,Chicken Gizzards Sanderson,8
cluster_161,50023390,"Gizzards, Chicken Mountaire (40#)",8
cluster_161,50021040,"Gizzards, Chicken Sanderson (44.09#)",8
cluster_260,29014001,Chicken Ground 4/10,4
cluster_260,29014045,Chicken Ground 4/5#,4
cluster_260,24055000,Chicken Leg 4/10,4
cluster_260,340040,"CHICKEN THIGH  B/S, 4/10#",4
cluster_423,SP3032,CHICKEN LEG QUARTERS Med  40#,20
cluster_423,55011280,"Leg Quarters Small, Chicken, Koch (40#)",20
cluster_423,24105004,Chicken Leg Quarter-large,20
cluster_423,55001290,"Leg Quarters Large, Chicken Ok Foods 40#",20
cluster_423,55001470,"Leg Quarters, Chicken George`s (40#)",20
cluster_423,55004590,"Leg Quarters, Chicken GNP (40#)",20
cluster_423,55004870,"Leg Quarters, Chicken Mar-Jac (40#)",20
cluster_423,55001180,"Leg Quarters Large, Chicken HOR (40#)",20
cluster_423,55001220,"Leg Quarters, Chicken Pilgrims (40#)",20
cluster_423,55001010,"Leg Quarters Large, Chicken Tyson (40#)",20
cluster_423,55008120,"Leg Quarters Large, Chicken Foster (40#)",20
cluster_423,24105400,Chicken Leg Quarter Medium,20
cluster_423,24106010,Chicken Leg Quarter Small,20
cluster_423,24115000,Chicken Leg Meat,20
cluster_423,55002960,"Leg Quarters, Chicken Perdue (40#)",20
cluster_423,24107000,Chicken Leg Quarter,20
cluster_423,55001300,"Leg Quarters Small, Chicken GoldenRod (4",20
cluster_423,24265000,Chicken Leg Quarter Meat,20
cluster_423,55003390,"Leg Quarters, Chicken Mountaire (40#)",20
cluster_423,55001850,"Leg Quarters, Yellow Chicken Harrison 40",20
cluster_422,24580000,Chicken Leg Thigh,8
cluster_422,24568000,Chicken Leg Thighs ABF,8
cluster_422,330001,CHICKEN LEGS & THIGHS,8
cluster_422,24505000,Chicken Thigh,8
cluster_422,24525000,Chicken Thighs,8
cluster_422,24528000,Chicken Thighs ABF,8
cluster_422,10362,Chicken Thighs B/I,8
cluster_422,10650,Chicken Whole LEGS,8
cluster_426,97971900,LOF Deli Shaved Chicken8/9oz),14
cluster_426,96735890,"Honey Ham, LOF DeliS 8/9oz (4.5#)",14
cluster_426,97951900,LOF Deli Shaved Honey Turkey8/9oz),14
cluster_426,97651900,LOF Deli Shaved Honey Ham((8/9oz),14
cluster_426,97451900,LOF Deli Shaved Bf Ham(8/9 oz oz),14
cluster_426,97891900,LOF Deli Shaved Chicken30-2oz),14
cluster_426,97751900,LOF Deli Shaved Smkd Ham(8/9oz),14
cluster_426,96765890,"Honey Turkey, LOF DeliS 8/9oz (4.5#)",14
cluster_426,97841900,LOF Deli Shaved Smkd Turkey30-2oz),14
cluster_426,96745890,"Smoked Ham, LOF DeliS 8/9oz (4.5#)",14
cluster_426,97961900,LOF Deli Shaved OR Turkey8/9oz),14
cluster_426,96755890,"Smoked Turkey, LOF DeliS 8/9oz (4.5#)",14
cluster_426,97871900,LOF Deli Shaved Honey  Ham30-2oz),14
cluster_426,97881900,LOF Deli Shaved Smoked Ham30-2oz),14
cluster_74,906030,VEGETARIAN VEGETABLE SOUP-4/4#,8
cluster_74,900708,CHICKEN VEG STEW-4/4#,8
cluster_74,900715,OLD FASHIONED TOMATO SOUP-4/8#,8
cluster_74,905221,MASALA TOMATO LENTIL SOUP-4/4#,8
cluster_74,906887,TOMATO BASIL  SOUP-4/4#,8
cluster_74,900654,JERK CHICKEN SOUP-4/4#,8
cluster_74,900200,STEAK & WHITE BEAN CHIMICHURRI SOUP-4/4#,8
cluster_74,909852,PORTOBELLO TOMATO SOUP-4/8#,8
cluster_277,10631,Chicken Popeyes 8-Piece Marinated +15,5
cluster_277,99993,Chicken Popeyes Dark Marina,5
cluster_277,10170,Chicken Popeyes Dark Meat Marinated,5
cluster_277,10172,Chicken Popeyes Dark Meat Marinated +15,5
cluster_277,10633,Chicken Popeyes Wings NAIHM Marinated,5
cluster_443,25015010,Chicken Tenderloins House Cut 1oz,6
cluster_443,25005120,Chicken Tenderloins Jumbo 2.5-4oz,6
cluster_443,25005020,Chicken Tenderloins Jumbo 2.75-4oz,6
cluster_443,25005012,Chicken Tenderloins Jumbo 2oz,6
cluster_443,8118,Chicken Tenderloins Jumbo 2oz KOCH,6
cluster_443,25005028,Chicken Tenderloins Jumbo Halal 2oz,6
cluster_472,SP3055,CHICKEN THIGH MEAT-BNLS&SKLS,5
cluster_472,340002,"CHICKEN THIGH, BNLS, SKN",5
cluster_472,56001360,"Thigh Meat, Bnls/Sknls, Chicken Peco",5
cluster_472,56001220,"Thigh Meat, Bnls/Sknls, Chicken Pilgrims",5
cluster_472,56001880,"Thigh Meat, Bnls/Sknls, Chicken New SBL",5
cluster_413,10260,Chicken Wings Jumbo... FROZEN,8
cluster_413,SP3042,CHICKEN WINGS -JUMBO PORTIONED,8
cluster_413,26412003,Chicken Wings Jumbo Cut,8
cluster_413,26415035,Chicken Wings Jumbo Cut Mountaire,8
cluster_413,26415036,Chicken Wings Jumbo Cut Pilgrim`s,8
cluster_413,26415030,Chicken Wings Portions cut Jumbo,8
cluster_413,26405022,Chicken Wings Whole Jumbo,8
cluster_413,360390,"CHICKEN WINGS, JUMBO CUT, (40#)",8
cluster_414,26405011,Chicken Whole Wings Small,5
cluster_414,26405020,Chicken Wings Whole Medium,5
cluster_414,10263,Chicken Wings Whole Small,5
cluster_414,10264,Chicken Wings Whole Small FZN,5
cluster_414,370401,"CHICKEN WINGS WHOLE, SMALL, 40#",5
cluster_311,16175PC,CHK BR AL SON SNG 07 oz 10#,17
cluster_311,16207PF,CHK BR AL SON SNG-FRN 10 oz 10#,17
cluster_311,16223PC,CHK BR AL SON SNG 12 oz 10#,17
cluster_311,162086,CHK BR AL SON SNG-FRN 08 oz 2/10#,17
cluster_311,16223009,CHK BR AL SON-YEL SNG 12 oz 10#,17
cluster_311,16199P,CHK BR AL SON SNG 09 oz 10#,17
cluster_311,16159Z,CHK BR AL SON SNG -z 06 oz 40#,17
cluster_311,16159PC,CHK BR AL SON SNG 06 oz 10#,17
cluster_311,1617540,CHK BR AL SON SNG 07 oz 40#,17
cluster_311,16138B,CHK BR AL-SKNLS SNG 08 oz 10#,17
cluster_311,162071,CHK BR AL SON SNG 10 oz 2/10#CVP,17
cluster_311,16191F,CHK BR AL SON SNG 08 oz 2/10#CVP,17
cluster_311,16223A,CHK BR AL SON SNG-FRN 12 oz 10#,17
cluster_311,1617537,CHK BR AL SON SNG 06 oz 2/10#,17
cluster_311,16159,CHK BR AL SON SNG 06 oz 40#,17
cluster_311,16159Y,CHK BR AL SON SNG -z 06 oz 20#,17
cluster_311,1617541,CHK BR AL SON SNG -z 07 oz 40#,17
cluster_290,16247,CHK BR AL SON SNG 00 SIZED 2/10#,7
cluster_290,16175378,CHK BR AL SON SNG TI 06-08s 2/10#,7
cluster_290,16175378,CHK BR AL SON SNG TI 06-08s 2/10#,7
cluster_290,16191F8,CHK BR AL SON SNG TI 08-10s 2/10#,7
cluster_290,16191F8,CHK BR AL SON SNG TI 08-10s 2/10#,7
cluster_290,16191F5,CHK BR AL SON SNG TI 08-10s 5/2#-z,7
cluster_290,1620719,CHK BR AL SON SNG TI 10s 2/10#,7
cluster_306,17817,CHK BR BI SO *__ 4/10#,7
cluster_306,17415A,CHK BR SON BFLY .FMC 4/10#,7
cluster_306,17415,CHK BR SON BFLY .FMC-10#,7
cluster_306,170124,CHK BR SON BFLY .T/I FMC 4/10#,7
cluster_306,17012,CHK BR SON BFLY .T/I FMC 70#,7
cluster_306,17012B,CHK BR SON BFLY .T/O FMC 70#,7
cluster_306,17415H,CHK BR SON-YEL BFLY HAR 4/10#,7
cluster_325,17817013,CHK BR BI SO-z CKG 40#,16
cluster_325,17817009,CHK BR BI SO FRV 40#,16
cluster_325,17817006,CHK BR BI SO-z GNP 40#,16
cluster_325,17817001,CHK BR BI SO GRD 40#,16
cluster_325,17820,CHK BR BI SO-z HAR 40#,16
cluster_325,17818045,CHK BR BI SO SPLIT 8TRAY 40#,16
cluster_325,17836B,CHK BR BI SO-B/OUT FMC SML 40#,16
cluster_325,17817A,CHK BR BI SO-SPLIT B/O-SML FMC 40#,16
cluster_325,1781711,CHK BR BI SO-SPLIT PIL 40#,16
cluster_325,17817013,CHK BR BI SO-z CKG 40#,16
cluster_325,1781706F,CHK BR BI SO-z F-BALL FMC 40#,16
cluster_325,1781799,CHK BR BI SO-z FMC 40#,16
cluster_325,17817006,CHK BR BI SO-z GNP 40#,16
cluster_325,17820,CHK BR BI SO-z HAR 40#,16
cluster_325,17817979,CHK BR BI SO-z-SPLIT FMC 40#,16
cluster_325,1781711,CHK BR BI SO-SPLIT PIL 40#,16
cluster_314,17065K,CHK BR BS Bfly 08 oz 4/10#KOC,31
cluster_314,17081ST,CHK BR BS Bfly XT 10 oz 4/10#,31
cluster_314,17081K01,CHK BR BS Bfly 10 oz 10#..,31
cluster_314,17065K23,CHK BR BS Bfly 08 oz 10#..,31
cluster_314,1704188,CHK BR BS Bfly 06 oz 4/10#FMC,31
cluster_314,1704188,CHK BR BS Bfly 06 oz 4/10#FMC,31
cluster_314,17081K,CHK BR BS Bfly 10 oz 4/10#KOC,31
cluster_314,17057K00,CHK BR BS Bfly 07 oz 10#..,31
cluster_314,17049,CHK BR BS-z Bfly 08 oz 4/10#,31
cluster_314,1706588,CHK BR BS Bfly 08 oz 4/10#FMC,31
cluster_314,17266998,CHK BR BS-z Bfly 08 oz 12# TP,31
cluster_314,1704190,CHK BR BS Bfly 08 oz 4/10#CGL,31
cluster_314,17057K2,CHK BR BS Bfly 07 oz 2/10#CVP FMC,31
cluster_314,17041K01,CHK BR BS Bfly 06 oz 10#..,31
cluster_314,17081ST1,CHK BR BS Bfly XT 10 oz-10#..,31
cluster_314,17059,CHK BR BS Bfly XT 07 oz 4/10#,31
cluster_314,17065PCS,CHK BR BS Bfly XT 08 oz 4/10#,31
cluster_314,17124A12,CHK BR BS Bfly 05 oz 4/10#FMC,31
cluster_314,17025K01,CHK BR BS Bfly 05 oz 10#..,31
cluster_314,17065023,CHK BR BS Bfly XT 08 oz-10#..,31
cluster_314,17124A,CHK BR BS Bfly 16 oz 4/10#,31
cluster_314,17081K8,CHK BR BS Bfly 10 oz 2/10#CVP,31
cluster_314,17041K,CHK BR BS Bfly 06 oz 4/10#KOC,31
cluster_314,17073K10,CHK BR BS Bfly 09 oz 10#..,31
cluster_314,1709788,CHK BR BS Bfly 12 oz 4/10#FMC,31
cluster_314,1709788,CHK BR BS Bfly 12 oz 4/10#FMC,31
cluster_314,1705788,CHK BR BS Bfly 07 oz 4/10#FMC,31
cluster_314,1709911,CHK BR BS Bfly XT 11 oz 4/10#,31
cluster_314,1708188,CHK BR BS-z Bfly 10 oz 4/10#FMC,31
cluster_314,1707388,CHK BR BS Bfly 09 oz 4/10#FMC,31
cluster_314,17097K,CHK BR BS Bfly 12 oz 4/10#KOC,31
cluster_296,1704123F,CHK BR BS Filet 06 oz 10# NAE FMC,9
cluster_296,1704124F,CHK BR BS Filet 06 oz 4/10 NAE,9
cluster_296,1704134F,CHK BR BS Filet 06-10oz 4/10 NAE,9
cluster_296,17057K02,CHK BR BS Filet 07oz NAE 10#,9
cluster_296,17057K03,CHK BR BS Filet 07oz NAE 4/10#,9
cluster_296,17020K1,CHK BR BS-z Filet 04 oz 10#..,9
cluster_296,1703212,CHK BR BS-z Filet 06 oz 2/10#CVP,9
cluster_296,170501,CHK BR BS-z Filet 07 oz 10#,9
cluster_296,170541,CHK BR BS-z Filet 07 oz 2/10#-VP,9
cluster_301,17032K,CHK BR BS Fillet 06 oz 4/10#KOC,39
cluster_301,1708078,CHK BR BS Fillet XT 06 oz 2/10VP NS,39
cluster_301,17032K01,CHK BR BS Fillet 06 oz FMC 10#,39
cluster_301,1703588,CHK BR BS Fillet XT 06 oz 4/10#,39
cluster_301,17017K01,CHK BR BS Fillet 05 oz 10#..,39
cluster_301,17020K,CHK BR BS Fillet 04 oz 10#..,39
cluster_301,1701988,CHK BR BS Fillet 04 oz 4/10#FMC,39
cluster_301,17019A,CHK BR BS Fillet XT 05 oz 4/10#,39
cluster_301,17017210,CHK BR BS Fillet 05 oz 2/10#FMC,39
cluster_301,17080,CHK BR BS Fillet XT 08 oz 4/10#-VP,39
cluster_301,17019A12,CHK BR BS Fillet XT 05 oz 10#..,39
cluster_301,17011A,CHK BR BS Fillet XT 04 oz 4/10#,39
cluster_301,CS170339,ZCHK BR BS-z Fillet 06 oz 4/10#FMC,39
cluster_301,1701788,CHK BR BS Fillet 05 oz 4/10#FMC,39
cluster_301,1701789,CHK BR BS Fillet 05 oz 4/5#HRV,39
cluster_301,1706388,CHK BR BS Fillet 08 oz 4/10#FMC,39
cluster_301,17011A10,CHK BR BS Fillet XT 04 oz 10#..,39
cluster_301,17051,CHK BR BS Fillet XT 07 oz 2/10#VP,39
cluster_301,1703288,CHK BR BS Fillet-z 06 oz 4/10#FMC,39
cluster_301,17055K,CHK BR BS Fillet 07 oz 10#..,39
cluster_301,1708079,CHK BR BS Fillet XT 04 oz 2/10VP NS,39
cluster_301,17016K,CHK BR BS Fillet 03 oz 10#..,39
cluster_301,17064KA,CHK BR BS Fillet 08 oz NAE 10#..,39
cluster_301,17017K,CHK BR BS Fillet 05 oz 4/10#KOC,39
cluster_301,17064K,CHK BR BS Fillet 08 oz 10#..,39
cluster_301,170350,CHK BR BS Fillet 06 oz FMC-13/2P-VP,39
cluster_301,1703589,CHK BR BS Fillet XT 06 oz 10#..,39
cluster_301,1708080,CHK BR BS-z Fillet XT 06 oz 2/10VP,39
cluster_301,170351,CHK BR BS Fillet 06 oz FMC-26/2P-VP,39
cluster_301,1708074,CHK BR BS Fillet XT 04 oz 2/10P-VP,39
cluster_301,170812P,CHK BR BS Fillet 11 oz 2/10#,39
cluster_301,17019K,CHK BR BS Fillet 04 oz 4/10#KOC,39
cluster_301,17054L,CHK BR BS Fillet 07 oz 2/10#-VP,39
cluster_301,1708075,CHK BR BS Fillet XT 07 oz 2/10VP NS,39
cluster_301,1703288,CHK BR BS Fillet-z 06 oz 4/10#FMC,39
cluster_301,1701788,CHK BR BS Fillet 05 oz 4/10#FMC,39
cluster_301,170231,CHK BR BS Fillet 04 oz 2/10#CVP,39
cluster_301,17032K,CHK BR BS Fillet 06 oz 4/10#KOC,39
cluster_301,17081,CHK BR BS Fillet 10 oz 4/10#,39
cluster_324,17001C1,CHK BR BS RAND W CSF 4/10# CVP,64
cluster_324,17001436,CHK BR BS RAND W KOC 40#CVP,64
cluster_324,1700603,CHK BR BS RAND Filet PIL 4/10#,64
cluster_324,17006025,CHK BR BS RAND Filet .FMC-ST 40#,64
cluster_324,17002G2,CHK BR BS-z RAND W SAN #6TP 40#RW,64
cluster_324,1770019,CHK BR BS RAND Filet WFA 4/10#,64
cluster_324,170698,CHK BR BS RAND THIN SLC FM 40#,64
cluster_324,17005C,CHK BR BS RAND W PIL 4/10#CVP,64
cluster_324,17001C,CHK BR BS-z RAND W HOR 4/10#,64
cluster_324,1700607,CHK BR BS RAND Filet NS 40#,64
cluster_324,1700596,CHK BR BS-z RAND Filet PIL 40#,64
cluster_324,1700596,CHK BR BS-z RAND Filet PIL 40#,64
cluster_324,17001034,CHK BR BS-z RAND W MTA 4/10#,64
cluster_324,1700605,CHK BR BS RAND Filet GER 40#,64
cluster_324,1700212,CHK BR BS RAND W-COMBO PIL,64
cluster_324,17005B,CHK BR BS-z RAND Filet .FMC 4/10#,64
cluster_324,170035,CHK BR BS RAND Filet FOS 4/10#,64
cluster_324,1700603,CHK BR BS RAND Filet PIL 4/10#,64
cluster_324,1700595,CHK BR BS RAND Filet GNP 40#,64
cluster_324,17009910,CHK BR BS RAND W *__ 40#,64
cluster_324,17001C,CHK BR BS-z RAND W HOR 4/10#,64
cluster_324,1700210,CHK BR BS RAND W .FMC-XT 4/10#,64
cluster_324,17003,CHK BR BS RAND W-SML .FMC-70#,64
cluster_324,17001017,CHK BR BS RAND W SAN 4/10#,64
cluster_324,170048,CHK BR BS RAND W-COMBO *FMC,64
cluster_324,1700115,CHK BR BS-z RAND W .FMC-20/2 #VP,64
cluster_324,17001D,CHK BR BS RAND W-COMBO HOR,64
cluster_324,17001010,CHK BR BS-z RAND W SAN 4/10#,64
cluster_324,17001011,CHK BR BS RAND-z W OKF 4/10# CVP,64
cluster_324,17001039,CHK BR BS-z RAND W GNP 40#,64
cluster_324,17009912,CHK BR BS RAND W-YEL HAR 4/10#CVP,64
cluster_324,17001436,CHK BR BS RAND W KOC 40#CVP,64
cluster_324,17001M,CHK BR BS-z RAND W AMK 40#,64
cluster_324,17008677,CHK BR BS RAND W PIL-HAL 40#,64
cluster_324,17009822,CHK BR BS RAND W .FMC-XT-10#,64
cluster_324,17001439,CHK BR BS RAND W KOC-HAL 40#CVP,64
cluster_324,170023,CHK BR BS RAND W-COMBO AMI,64
cluster_324,17001044,CHK BR BS RAND W MTA-BLK 40#,64
cluster_324,17005B,CHK BR BS-z RAND Filet .FMC 4/10#,64
cluster_324,17005C,CHK BR BS RAND W PIL 4/10#CVP,64
cluster_324,17009912,CHK BR BS RAND W-YEL HAR 4/10#CVP,64
cluster_324,17001030,CHK BR BS RAND W AMK 4/10#CVP,64
cluster_324,1700599,CHK BR BS RAND Filet-COMBO PIL,64
cluster_324,1700606,CHK BR BS-z RAND Filet GERBER 40#,64
cluster_324,1700698,CHK BR BS RAND Filet GRG 40#,64
cluster_324,17005B33,CHK BR BS RAND Filet .FMC-10#..,64
cluster_324,17097K03,CHK BR BS-z RAND W-SML KOC 40#,64
cluster_324,17001010,CHK BR BS-z RAND W SAN 4/10#,64
cluster_324,170016,CHK BR BS-z RAND W-YEL PER 40#,64
cluster_324,17008B,CHK BR BS RAND W-SML .FMC 4/10#,64
cluster_324,170037,CHK BR BS RAND Filet VAL 4/10#,64
cluster_324,1700121Y,CHK BR BS RAND W-YEL .FMC 40#,64
cluster_324,17008620,CHK BR BS RAND W WFA-HAL 4/10#,64
cluster_324,17002PC,CHK BR BS RAND W PEC 4/10#CVP,64
cluster_324,1700277,CHK BR BS-z RAND W SAN #3TP 40#RW,64
cluster_324,17001015,CHK BR BS-z RAND W-SML PIL 40#,64
cluster_324,17006024,CHK BR BS RAND Filet .FMC-ST-10#..,64
cluster_324,17001009,CHK BR BS-z RAND W-SML B&E 40#,64
cluster_324,175768,CHK BR BS-z RAND W HRV-NAE 4/5#,64
cluster_324,1700594,CHK BR BS RAND-z W-YEL PER-THIN,64
cluster_324,17845030,CHK BR BS RAND Filet GNP 40# 35800,64
cluster_324,17001009,CHK BR BS-z RAND W-SML B&E 40#,64
cluster_324,17001011,CHK BR BS RAND-z W OKF 4/10# CVP,64
cluster_324,17001Z,CHK BR BS-z RAND W ALA 40#CVP,64
cluster_298,13198808,CHK BR BS SC-D KABOB-z 4-oz FMC 10#,5
cluster_298,13198893,CHK BR BS SC-D KABOB-z 4-oz FMC 20#,5
cluster_298,13198894,CHK BR BS SC-D KABOB-z 6-oz 10#,5
cluster_298,13198895,CHK BR BS SC-D KABOB-z 8-oz 10#,5
cluster_298,13198892,CHK BR BS SC-D KABOB-z-P&S 4-oz 10#,5
cluster_392,100030,CHK BR BS SC-DICED .5-in 10#,8
cluster_392,100029,CHK BR BS SC-DICED .5-in 4/10#,8
cluster_392,100034,CHK BR BS SC-DICED .75-in 10#,8
cluster_392,100033,CHK BR BS SC-DICED 1.5-in 10#,8
cluster_392,100035,CHK BR BS SC-DICED 2.0-in 10#,8
cluster_392,100031,CHK BR BS SC-DICED-z .5-in 2/10#,8
cluster_392,100037,CHK BR BS SC-DICED-z 1.0-in 10# VP,8
cluster_392,17873M,CHKN DICED FC BRD 10#-z,8
cluster_310,17418001,CHK BR SON BFLY 00 oz 4/10#,6
cluster_310,17455002,CHK BR SON BFLY 06 oz 10#,6
cluster_310,17471001,CHK BR SON BFLY 07 oz 10#,6
cluster_310,17483WP,CHK BR SON BFLY 08 oz 4/10#,6
cluster_310,178500,CHK BR SON BFLY 10 oz 4/10#,6
cluster_310,17534000,CHK BR SON BFLY 16 oz 10#,6
cluster_315,17455,CHK BR SON BFLY 06 oz 2/10#CVP,5
cluster_315,17471C,CHK BR SON BFLY 07 oz 40#CVP,5
cluster_315,17483F,CHK BR SON BFLY 08 oz 2/10#CVP,5
cluster_315,17499A,CHK BR SON BFLY 10 oz 2/10#CVP RW,5
cluster_315,17515B,CHK BR SON BFLY 12 oz 2/10#CVP,5
cluster_302,17435PC2,CHK BR SON Fillet -z 05 oz 2/10#CVP,9
cluster_302,1742710,CHK BR SON Fillet 04 oz 2/10#CVP,9
cluster_302,17435PC,CHK BR SON Fillet 05 oz 2/10#CVP,9
cluster_302,17451A,CHK BR SON Fillet 06 oz 2/10#CVP,9
cluster_302,1746700,CHK BR SON Fillet 07 oz 2/10#CVP,9
cluster_302,1748300,CHK BR SON Fillet 08 oz 2/10#CVP,9
cluster_302,17500,CHK BR SON Fillet 10 oz 2/10#CVP,9
cluster_302,1742710,CHK BR SON Fillet 04 oz 2/10#CVP,9
cluster_302,17435PC3,CHK BR SON Fillet-z 05 oz 10# CVP,9
cluster_303,17428PC,CHK BR SON Fillet 03 oz 10#,10
cluster_303,17427PC1,CHK BR SON Fillet 04 oz 10#,10
cluster_303,17435PC1,CHK BR SON Fillet 05 oz 10#,10
cluster_303,17451A01,CHK BR SON Fillet 06 oz 10#,10
cluster_303,17467PC1,CHK BR SON Fillet 07 oz 10#,10
cluster_303,17467PC,CHK BR SON Fillet 07 oz 4/10#,10
cluster_303,17483PC0,CHK BR SON Fillet 08 oz 10#,10
cluster_303,17483PC,CHK BR SON Fillet 08 oz 4/10#,10
cluster_303,17500001,CHK BR SON Fillet 10 oz 10#,10
cluster_303,17467PC2,CHK BR SON Fillet 10 oz 4/10#,10
cluster_320,17845013,CHK BR TENDER JUM PIL COMB,30
cluster_320,1784510,CHK BR TENDER-z JUM-YEL HAR 4/10#,30
cluster_320,1784511,CHK BR TENDER JUM HOR 4/10#,30
cluster_320,17845989,CHK BR TENDER JUM CSF 4/10#,30
cluster_320,17845038,CHK BR TENDER-z JUM MTA 4/10#,30
cluster_320,178454,CHK BR TENDER JUM GRG 4/10# CVP,30
cluster_320,17843,CHK BR TENDER REG .FMC 4/10#BG,30
cluster_320,178451,CHK BR TENDER JUM KOC 4/10# CVP,30
cluster_320,17844012,CHK BR TENDER JUM WFA/SAN 4/10#,30
cluster_320,17845479,CHK BR TENDER REG FMC 1.5z clip#VP,30
cluster_320,17844019,CHK BR TENDER-z JUM PIL-HAL 4/10#,30
cluster_320,17845,CHK BR TENDER REG .FMC-10#BG,30
cluster_320,17845002,CHK BR TENDER JUM PIL 4/10#,30
cluster_320,17845016,CHK BR TENDER-z JUM GRG 4/10#,30
cluster_320,188490,CHK BR TENDER JUM GC 4/10#CVP,30
cluster_320,17845010,CHK BR TENDER JUM .FMC 4/10#,30
cluster_320,1784512,CHK BR TENDER JUM HOR-HAL 4/10#,30
cluster_320,17845940,CHK BR TENDER-z MED PPP 4/10#,30
cluster_320,17844010,CHK BR TENDER JUM *__ 40#CVP,30
cluster_320,17845011,CHK BR TENDER JUM .FMC 10#,30
cluster_320,17844019,CHK BR TENDER-z JUM PIL-HAL 4/10#,30
cluster_320,17845A,CHK BR TENDER JUM HOR 4/10# CVP,30
cluster_320,17844013,CHK BR TENDER JUM WFA-HAL 4/10#,30
cluster_320,17846012,CHK BR TENDER-z JUM FMC 4/10#,30
cluster_320,17844,CHK BR TENDER-z MED GNP 40#,30
cluster_320,17845478,CHK BR TENDER REG .FMC-2oz clip#VP,30
cluster_320,17843445,CHK BR TENDER REG .FMC-VP-10#,30
cluster_320,17845033,CHK BR TENDER-z JUM AMK 4/10#,30
cluster_320,17845479,CHK BR TENDER REG FMC 1.5z clip#VP,30
cluster_320,17845005,CHK BR TENDER JUM PIL 2/10#,30
cluster_248,17857305,CHK DRUMSTICK MED GNP 40# MAR CVP,28
cluster_248,17857022,CHK DRUMSTICK MED-z PIL 40#,28
cluster_248,17857983,CHK DRUMSTICK-z SML GNP 40# 50569,28
cluster_248,1785700,CHK DRUMSTICK JUM .FMC 40#,28
cluster_248,17857300,CHK DRUMSTICK MED GNP 40# CVP 20800,28
cluster_248,17857019,CHK DRUMSTICK JUM PIL-HAL 40#,28
cluster_248,17857012,CHK DRUMSTICK JUM MTA 40#,28
cluster_248,17857029,CHK DRUMSTICK SML PER 40#,28
cluster_248,17857014,CHK DRUMSTICK JUM *__ 40#,28
cluster_248,17857301,CHK DRUMSTICK SML GNP 40# CVP 50569,28
cluster_248,1785714,CHK DRUMSTICK SML PIL 40#,28
cluster_248,17857330,CHK DRUMSTICK SML *__ 40# CVP,28
cluster_248,1785701Z,CHK DRUMSTICK-z JUM YEL HAR 40#,28
cluster_248,1785711,CHK DRUMSTICK JUM HOR 4/10#,28
cluster_248,17857022,CHK DRUMSTICK MED-z PIL 40#,28
cluster_248,17857099,CHK DRUMSTICK JUM PEC 40#,28
cluster_248,17857CF,CHK DRUMSTICK JUM HOR 40#,28
cluster_248,1785700,CHK DRUMSTICK JUM .FMC 40#,28
cluster_248,17857170,CHK DRUMSTICK JUM KOC 40# CVP,28
cluster_248,17081408,CHK-FF ORG DRUMSTICK #8285 8/1.25#,28
cluster_248,17857029,CHK DRUMSTICK SML PER 40#,28
cluster_248,17857032,CHK DRUMSTICK-z JUM YEL PER 40#,28
cluster_248,17857016,CHK DRUMSTICK-z JUM PIL 40# 22241,28
cluster_248,17857096,CHK DRUMSTICK JUM AMK 40#,28
cluster_248,17857044,CHK DRUMSTICK SML MIL-AMISH 40#,28
cluster_248,1785701,CHK DRUMSTICK JUM .FMC-10#,28
cluster_248,17857HC1,CHK DRUMSTICK SML-FMC H-CUT-10#..,28
cluster_248,17857307,CHK DRUMSTICK-z MED GNP 40# 20800,28
cluster_194,15038OMP,CHK FRONT HALVE-COMBO,6
cluster_194,1503811,CHK FRONT HALVE-COMBO OKF,6
cluster_194,15038100,CHK FRONT HALVE-COMBO PIL,6
cluster_194,15038OM2,CHK FRONT HALVE-COMBO TYS,6
cluster_194,17802308,CHK FRONT-COMBO PIL 2000#,6
cluster_194,17802310,CHK FRONT-COMBO TYS 2000#,6
cluster_168,15036,CHK FRY YEL HAR 4.00#-z 16-HD,8
cluster_168,15036,CHK FRY YEL HAR 4.00#-z 16-HD,8
cluster_168,15037,CHK FRY YEL HAR 5.00# 14-HD,8
cluster_168,15074,CHK FRY YEL PER 4.00# 219 12-HD,8
cluster_168,15080,CHK FRY YEL PER 5.00#-z,8
cluster_168,15072045,CHK FRY-YEL 4.00# CUT 1/ 8,8
cluster_168,150351,CHK FRY-z YEL HAR 4.00#,8
cluster_168,15037,CHK FRY YEL HAR 5.00# 14-HD,8
cluster_70,15078987,CHK HEN/FOWL-z BTFLD HDLS 15h BG,3
cluster_70,15078986,CHK HEN/FOWL-z B&B HDLS 15h BG,3
cluster_70,15078922,CHK HEN/FOWL-z BLACK BTF 10h BG,3
cluster_330,17849012,CHK LEG 1/4 SM HOL 40#,64
cluster_330,1785395,CHK LEG-M BNL SKL MTA 40#,64
cluster_330,17849028,CHK LEG 1/4 SM KOC-HAL 40 #,64
cluster_330,178549,CHK LEG 1/4-z JUM PIL 40#,64
cluster_330,1784994,CHK LEG 1/4-z MED GNP 40#,64
cluster_330,17854110,CHK LEG 1/4-z JUM TYS 40#,64
cluster_330,17851,CHK LEG 1/4 JUM HOR 40#,64
cluster_330,17848,CHK LEG 1/4 SM .FMC-10#..,64
cluster_330,17851777,CHK LEG 1/4 JUM>FMC-40#..,64
cluster_330,1784992,CHK LEG 1/4 SM CKG 40#,64
cluster_330,17851P,CHK LEG 1/4 JUM-YEL PER 40#,64
cluster_330,1784992,CHK LEG 1/4 SM CKG 40#,64
cluster_330,1785405,CHK LEG-M BNL-z SKL MTA 4/10#,64
cluster_330,17844950,CHK LEG WHL JUM HOR 40#,64
cluster_330,17851M,CHK LEG 1/4 JUM MTA 40#,64
cluster_330,178853B,CHK LEG-M BNL SKL FMC-PL,64
cluster_330,1785421,CHK LEG-M BNL-z SKL CAR 4/10#,64
cluster_330,17854040,CHK LEG 1/4 SM MIL 40#,64
cluster_330,17849,CHK LEG 1/4-z SM FMC 40# BULK,64
cluster_330,1785495,CHK LEG 1/4-z SM PIL 4/10#,64
cluster_330,17849010,CHK LEG 1/4 SM GRD 40#,64
cluster_330,17849020,CHK LEG 1/4 SM KOC 4/10 # CVP,64
cluster_330,17851AAB,CHK LEG 1/4 JUM>SPLIT FMC-10#..,64
cluster_330,1785416,CHK LEG-M BNL SKL T/O SBL 40#,64
cluster_330,17849030,CHK LEG 1/4 SM PRE 40#,64
cluster_330,17849024,CHK LEG 1/4 SM GRG-HAL 40#,64
cluster_330,17854035,CHK LEG 1/4 SM MRJ-HAL 4/10#,64
cluster_330,1785400,CHK LEG-M BNL SKL WFA 40#,64
cluster_330,17849080,CHK LEG 1/4 SM *__ 40#,64
cluster_330,17854010,CHK LEG 1/4 JUM *__ 40#,64
cluster_330,1789399,CHK LEG-M BNL-z SKL NAT 4/10#,64
cluster_330,17854110,CHK LEG 1/4-z JUM TYS 40#,64
cluster_330,17859,CHK LEG-M BNL SKL PEC 40#,64
cluster_330,1785410,CHK LEG-M BNL SKL *__ 40#,64
cluster_330,17849027,CHK LEG 1/4 SM KOC 40 #,64
cluster_330,17849082,CHK LEG 1/4 SM WFA 40#,64
cluster_330,178414,CHK LEG WHL MED-SPLIT 40#,64
cluster_330,178941F,CHK LEG 1/4-z SM .FMC 40/1#,64
cluster_330,17849869,CHK LEG WHL JUM PIL 40#,64
cluster_330,1785417,CHK LEG-M BNL-z SKL MTA-HAL 4/10#,64
cluster_330,1785375,CHK LEG-M BNL SKL AMK 40#,64
cluster_330,178552,CHK LEG-M BNL-z SKL ESP 40#,64
cluster_330,17854048,CHK LEG 1/4 JUM GC 4/10# CVP,64
cluster_330,17849019,CHK LEG 1/4 SM GRD 4/10#,64
cluster_330,17849866,CHK LEG WHL JUM CSF 40#,64
cluster_330,17844900,CHK LEG WHL-z JUM KOCH 40#,64
cluster_330,17851H,CHK LEG 1/4 JUM-YEL HAR 40#,64
cluster_330,17859,CHK LEG-M BNL SKL PEC 40#,64
cluster_330,17849868,CHK LEG WHL JUM PEC 40#,64
cluster_330,17854112,CHK LEG 1/4 JUM KOC 40#,64
cluster_330,17853SE,CHK LEG-M BNL SKL SE 4/10#,64
cluster_330,1784990,CHK LEG 1/4 SM COU 40#,64
cluster_330,17849015,CHK LEG 1/4 SM-HAL *__ 40#,64
cluster_330,17858,CHK LEG-M BNL SKL FMC-CVP-10#,64
cluster_330,1785420,CHK LEG-M BNL SKL SELECT 40#,64
cluster_330,17853A,CHK LEG-M BNL SKL FMC 4/10#  DON`T USE,64
cluster_330,17849082,CHK LEG 1/4 SM WFA 40#,64
cluster_330,1785495,CHK LEG 1/4-z SM PIL 4/10#,64
cluster_330,1785414,CHK LEG-M BNL-z SKL WFA-HAL 4/10#,64
cluster_330,178549,CHK LEG 1/4-z JUM PIL 40#,64
cluster_330,1785421,CHK LEG-M BNL-z SKL CAR 4/10#,64
cluster_330,17854018,CHK LEG 1/4 SM GNP 40#,64
cluster_330,17849TC,CHK LEG WHL JUM *__ 40#,64
cluster_330,1784989,CHK LEG 1/4 SM CTP 40#,64
cluster_319,17848888,CHK LEG 1/4 JUM-HALAL *__ 40#,5
cluster_319,17848889,CHK LEG 1/4 JUM-HALAL-z MTA 40#,5
cluster_319,17853H,CHK LEG 1/4 JUM-HALAL PIL 40#,5
cluster_319,178513,CHK LEG 1/4 JUM-HALAL WFA 40#,5
cluster_319,17848889,CHK LEG 1/4 JUM-HALAL-z MTA 40#,5
cluster_208,178541,CHK LEG-M BNL-SKIN-ON.COMBO *__,7
cluster_208,17854M,CHK LEG-M BNL-SKIN-ON FMC 40#,7
cluster_208,17853SO,CHK LEG-M BNL-SKIN-ON FMC-10#..,7
cluster_208,178399,CHK LEG-M BNL-SKIN-ON COMBO,7
cluster_208,17877BS,CHK SKIN-z FMC 50#,7
cluster_208,178531,CHK LEG-M BNL-SKIN-ON.BFLY 4/10#,7
cluster_208,17880BS,CHK SKIN FMC 40#,7
cluster_219,17882050,CHK LIVERS FRESH GER,11
cluster_219,178825,CHK LIVERS FRESH HAR 6/5#-z VP,11
cluster_219,178825,CHK LIVERS FRESH HAR 6/5#-z VP,11
cluster_219,17882,CHK LIVERS FRESH *__ 8/5#,11
cluster_219,17882049,CHK LIVERS FRESH 10#,11
cluster_219,17882032,CHK LIVERS FRESH GRD 8/5#,11
cluster_219,17883,CHK LIVERS FRESH .FMC 5#,11
cluster_219,178830,CHK LIVERS FRESH .FMC 10#,11
cluster_219,17882041,CHK LIVERS FRESH MTA 6/5#,11
cluster_219,17882039,CHK LIVERS FRESH MTA 4/10#,11
cluster_219,17900,CHK LIVERS FRESH PER 15#,11
cluster_213,17875N,CHK NECKS *__ 40#,5
cluster_213,1787592,CHK NECKS GR 40#,5
cluster_213,1787591,CHK NECKS HAR 40#,5
cluster_213,1787592,CHK NECKS GR 40#,5
cluster_213,1787591,CHK NECKS HAR 40#,5
cluster_85,20019127,ROAST BF-SLC DEV HAL 5# W/HG-GRAVY,14
cluster_85,20019124,ROAST BF-SLC DEV 2/5# W/HG-GRAVY,14
cluster_85,20019123,ROAST BF-SLC SAM`S 5# W/HG-GRAVY,14
cluster_85,1832602Z,ROAST BF THM-z C/O.ALL-NAT 2/7.5#,14
cluster_85,20021,ROAST BF-SLC ALLONCO 2/5# W/G,14
cluster_85,9116902,ROAST BF-SLC W/GRVY CHI-TOWN 2/5#-z,14
cluster_85,20018,ROAST BF-SLC ALLONCO 4/5# W/G,14
cluster_85,1832625,ROAST BF THM C/OFF ITAL-HLV 2/7#,14
cluster_85,1832625,ROAST BF THM C/OFF ITAL-HLV 2/7#,14
cluster_85,20019129,ROAST BF-SLC DEVANCO 4/5# W/O-GRAVY,14
cluster_85,1832609,ROAST BF THM-z LONDON BROIL 4/3#,14
cluster_85,1832609,ROAST BF THM-z LONDON BROIL 4/3#,14
cluster_85,20019000,ROAST BF-GRAVY DEV-9003 4/1G,14
cluster_85,20018990,ROAST BF SYG TOP RND-C/O WET PK 12#,14
cluster_425,17863D,CHK THIGH BI B/O GNP 40# VP,17
cluster_425,1786535,CHK THIGH BI B/O-z HOR 40#,17
cluster_425,17863CW,CHK THIGH BI B/O FMC JUM 40#,17
cluster_425,1786537,CHK THIGH BI B/O PER 40#,17
cluster_425,1786334,CHK THIGH BI B/O-z *__-10# FMC,17
cluster_425,1786538,CHK THIGH BI B/O HAR 40#,17
cluster_425,1786310,CHK THIGH BI B/O-z GNP 40#,17
cluster_425,178632,CHK THIGH BI B/O GER 40#,17
cluster_425,1786541,CHK THIGH BI B/O PPP 40#,17
cluster_425,1786402,CHK THIGH BI B/O MIL 40#,17
cluster_425,1786539,CHK THIGH BI B/O WFA 40#,17
cluster_425,178634,CHK THIGH BI B/O-z SIE-2 40#,17
cluster_425,17863CWS,CHK THIGH BI B/O FMC SML 4/10#,17
cluster_425,178636,CHK THIGH BI B/O-z GEN 40#,17
cluster_425,17863062,CHK THIGH BI B/O FMC 4/10#,17
cluster_425,1786350,CHK THIGH BI B/O PIL 40#,17
cluster_425,17863060,CHK THIGH BI B/O FMC JUM 40# CVP,17
cluster_478,17866,CHK THIGH MEAT *__40# CVP,11
cluster_478,17861150,CHK THIGH MEAT *__40# CVP HAL,11
cluster_478,178611,CHK THIGH MEAT PIL 4/10#CVP,11
cluster_478,178625,CHK THIGH MEAT PIL 40# CVP,11
cluster_478,17861154,CHK THIGH MEAT-z PIL-HAL 40#CVP,11
cluster_478,17885,CHK THIGH MEAT-z SAN 40#CVP,11
cluster_478,17860F,CHK THIGH MEAT-z HOR 4/10#CVP,11
cluster_478,178616,CHK THIGH MEAT-z PEC 40#CVP,11
cluster_478,1786713,CHK THIGH MEAT-z PIL 4/10# CVP,11
cluster_478,17861154,CHK THIGH MEAT-z PIL-HAL 40#CVP,11
cluster_478,17885,CHK THIGH MEAT-z SAN 40#CVP,11
cluster_479,17861048,CHK THIGH MEAT FMC 40#,17
cluster_479,17861B,CHK THIGH MEAT FMC-10#..,17
cluster_479,1786105,CHK THIGH MEAT FMC-5#,17
cluster_479,17876,CHK THIGH MEAT-YEL-FMC-10#..,17
cluster_479,17861999,CHK THIGH MEAT-z FMC A 40#,17
cluster_479,17869997,CHK THIGH MEAT.SK/ON 5S FMC 20#,17
cluster_479,17869999,CHK THIGH MEAT.SK/ON 5S FMC-10#,17
cluster_479,17869956,CHK THIGH MEAT.SK/ON 6S FMC 40#,17
cluster_479,17869957,CHK THIGH MEAT.SK/ON 6S FMC-10#,17
cluster_479,17862887,CHK THIGH MEAT.SK/ON 7s FMC-10#,17
cluster_479,178618,CHK THIGH MEAT.SK/ON 8S FMC 40#,17
cluster_479,17862S,CHK THIGH MEAT.SK/ON FMC 4/10#,17
cluster_479,17861S,CHK THIGH MEAT.SK/ON FMC-10#..,17
cluster_479,178613,CHK THIGH MEAT.SK/ON FMC-2/10#,17
cluster_479,1769944,CHK THIGH MEAT.SK/ON JUM FMC 10#,17
cluster_479,17862889,CHK THIGH MEAT.SK/ON-YEL FMC-10#,17
cluster_479,17862S,CHK THIGH MEAT.SK/ON FMC 4/10#,17
cluster_477,17861TP,CHK THIGH MEAT-03-oz FMC 4/10#,8
cluster_477,1786123,CHK THIGH MEAT-04-oz FMC 2/10#,8
cluster_477,17861CPZ,CHK THIGH MEAT-04-oz FMC 4/10#,8
cluster_477,17861046,CHK THIGH MEAT-05-oz FMC 4/10#,8
cluster_477,17861060,CHK THIGH MEAT-06-oz FMC 2/10#-VP,8
cluster_477,17861056,CHK THIGH MEAT-06-oz FMC 4/10#,8
cluster_477,17861068,CHK THIGH MEAT-08-oz FMC 2/10#-VP,8
cluster_477,17861047,CHK THIGH MEAT.SK/ON 4 OZ FMC 40#,8
cluster_447,17861012,CHK THIGH MEAT-DICE 0.5 4/10#VP,9
cluster_447,178619,CHK THIGH MEAT-DICE 1.0 2/10#VP,9
cluster_447,178617,CHK THIGH MEAT-DICE 1.0 4/10#VP,9
cluster_447,1319929,CHK THIGH MEAT-DICE 2S-KAB-z 10#,9
cluster_447,13199210,CHK THIGH MEAT-DICE 3S-KAB-z 10#,9
cluster_447,1319930,CHK THIGH MEAT-DICE 4S-KAB-z 10#,9
cluster_447,1319874,CHK THIGH MEAT-DICE 4S-KAB-z 10#P&S,9
cluster_447,17861015,CHK THIGH MEAT-DICE 5S-KAB-z 2/10#,9
cluster_447,17861013,CHK THIGH MEAT-z DICE 0.5 2/10#VP,9
cluster_300,17868A,CHK WING PARTY-JUM KOC 4/10#CVP,35
cluster_300,178673,CHK WING PARTY-JUM GCH 40#,35
cluster_300,17866981,CHK WING PARTY-JUM AMK 4/10#,35
cluster_300,178866,CHK WING PARTY-JUM .FMC.10/1#-VP,35
cluster_300,1786708,CHK WING-z PARTY-JUM WEST 40#,35
cluster_300,17866974,CHK WING PARTY-JUM PEC 40#,35
cluster_300,17869,CHK WING-z PARTY-JUM HOR 4/10#,35
cluster_300,178756,CHK WING PARTY-JUM HOR-HAL 4/10#,35
cluster_300,1786707,CHK WING-z PARTY-JUM HOT PIL 20#,35
cluster_300,17865GP,CHK WING-z PARTY REG GNP-32900 40#,35
cluster_300,178681,CHK WING-z PARTY-JUM MTA 4/10#CVP,35
cluster_300,17868,CHK WING PARTY-JUM HOR 40#,35
cluster_300,17868A,CHK WING PARTY-JUM KOC 4/10#CVP,35
cluster_300,17868B,CHK WING-z PARTY REG KOC 4/10#CVP,35
cluster_300,1786704,CHK WING-z PARTY-JUM *__ 40#,35
cluster_300,179001,CHK WING PARTY-JUM PXT 4/10#,35
cluster_300,17866974,CHK WING PARTY-JUM PEC 40#,35
cluster_300,178684,CHK WING-z PARTY-JUM FMC 4/10#,35
cluster_300,17866979,CHK WING-z PARTY-JUM PIL-HAL 4/10#,35
cluster_300,17866977,CHK WING PARTY-JUM PIL 4/10#,35
cluster_300,17865P1,CHK WING PARTY REG .FMC-10#,35
cluster_300,1786661,CHK WING-z PARTY REG NAT 4/10#,35
cluster_300,178668,CHK WING-z PARTY-JUM CHQ 10#,35
cluster_300,178721,CHK WING PARTY-JUM CSF 40#,35
cluster_300,17866977,CHK WING PARTY-JUM PIL 4/10#,35
cluster_300,179003,CHK WING PARTY-JUM SBL 40#,35
cluster_300,178681,CHK WING-z PARTY-JUM MTA 4/10#CVP,35
cluster_300,1787512,CHK WING-z PARTY-JUM WFA 4/10#,35
cluster_300,178666,CHK WING PARTY REG *__ 40#,35
cluster_300,1786704,CHK WING-z PARTY-JUM *__ 40#,35
cluster_300,1786708,CHK WING-z PARTY-JUM WEST 40#,35
cluster_300,17866978,CHK WING PARTY-JUM CKG 40#,35
cluster_300,1786529,CHK WING-z PARTY REG .FMC 4/10#,35
cluster_300,17867A,CHK WING PARTY-JUM .FMC 4/10#,35
cluster_300,17867B,CHK WING PARTY-JUM .FMC-10#,35
cluster_331,17870FMC,CHK WING-z WHL REG .FMC 40#,41
cluster_331,17864022,CHK WING WHL REG CGL 40#,41
cluster_331,17871008,CHK WING WHL REG GRG 40#,41
cluster_331,17864,CHK WING WHL-JUM .FMC 40#,41
cluster_331,17871009,CHK WING WHL REG CKG 40#,41
cluster_331,1787124,CHK WING-z WHL REG TYS 40#,41
cluster_331,1787099,CHK WING WHL REG PIL 40#,41
cluster_331,17864048,CHK WING-z WHL MED PPP 40#,41
cluster_331,17864012,CHK WING-z WHL-JUM HOR 40#,41
cluster_331,171301,CHK-FF ORG.B WING WHL MED 40#,41
cluster_331,17864,CHK WING WHL-JUM .FMC 40#,41
cluster_331,178745,CHK WING-z WHL-SML PIL #2 40#,41
cluster_331,17870FMC,CHK WING-z WHL REG .FMC 40#,41
cluster_331,17864016,CHK WING WHL-JUM SAN 40#,41
cluster_331,1787111,CHK WING WHL SML FDL 40#,41
cluster_331,17871010,CHK WING WHL REG KOC 40#,41
cluster_331,17864556,CHK WING WHL MED *__ 40#,41
cluster_331,1787120,CHK WING WHL SML GNP-31000 40#,41
cluster_331,17864030,CHK WING-z WHL-JUM MTA 40#,41
cluster_331,17864025,CHK WING WHL-JUM AMICK 40#,41
cluster_331,17864048,CHK WING-z WHL MED PPP 40#,41
cluster_331,1787014,CHK WING WHL REG PRE 40#,41
cluster_331,17864045,CHK WING WHL-JUM HAL MTA 40#,41
cluster_331,17864047,CHK WING-z WHL MED PER 40#,41
cluster_331,17864016,CHK WING WHL-JUM SAN 40#,41
cluster_331,1787118,CHK WING WHL REG PIL 50573 40#,41
cluster_331,17871038,CHK WING WHL REG WFA 40#,41
cluster_331,17864028,CHK WING-z WHL-JUM KOC 40#,41
cluster_331,17871009,CHK WING WHL REG CKG 40#,41
cluster_331,1786455,CHK WING WHL MED .FMC 40#,41
cluster_331,17870A,CHK WING-z WHL REG-V-CUT FMC 40#,41
cluster_331,17864080,CHK WING-z WHL-JUM PEC 40#,41
cluster_331,1787105,CHK WING WHL SML PIL-HAL 40#,41
cluster_331,1787102,CHK WING-z WHL SML PIL 40#,41
cluster_331,17871010,CHK WING WHL REG KOC 40#,41
cluster_331,17864010,CHK WING-z WHL-JUM PIL 40#,41
cluster_331,17864039,CHK WING WHL-JUM TYS 40#,41
cluster_331,1787120,CHK WING WHL SML GNP-31000 40#,41
cluster_331,17864042,CHK WING WHL REG FOX 40#,41
cluster_331,17864080,CHK WING-z WHL-JUM PEC 40#,41
cluster_331,1786409,CHK WING-z WHL JUM GC 40# CVP,41
cluster_169,15006075,CHK WOG 3.75# GRD 20hd,50
cluster_169,1500898,CHK WOG 3.75-4.00#-FMC-1hd,50
cluster_169,15005A,CHK WOG 3.00-3.75# GNP 16500 12hd,50
cluster_169,15006,CHK WOG 3.50-3.75# *__ 20hd,50
cluster_169,15002014,CHK WOG 2.75-3.00# GRD 24hd 10003,50
cluster_169,15002022,CHK WOG 2.75-3.00# GNP 14hd 50557,50
cluster_169,15030005,CHK WOG 3.00-3.25# GRD 22hd,50
cluster_169,15004032,CHK WOG-z 3.50-3.75# PILG 20hd,50
cluster_169,1500881,CHK WOG 2.50-2.75# KOC 16hd 45#,50
cluster_169,150061,CHK WOG 3.50-3.75# OKF 20hd,50
cluster_169,15007,CHK WOG 3.50-3.75#-FMC-1hd,50
cluster_169,15002019,CHK WOG 2.75-3.00# GRD 14hd 20012,50
cluster_169,150115,CHK WOG-z 4.00-4.25# GNP 9hd,50
cluster_169,15008910,CHK WOG 3.00-3.25#-FMC 12HD,50
cluster_169,150056,CHK WOG 3.25-3.50#-FMC 20HD,50
cluster_169,15006072,CHK WOG 3.50-3.75# GRD 20hd,50
cluster_169,15008988,CHK WOG 3.00-3.75#-FMC 20hd,50
cluster_169,15001097,CHK WOG 2.50-3.00# BDC 14hd,50
cluster_169,150104,CHK WOG-z 3.75-4.00# GNP 11900 12hd,50
cluster_169,15005899,CHK WOG 3.00-3.50# PIL 22hd,50
cluster_169,15005,CHK WOG 3.00-3.50#-FMC-1HD,50
cluster_169,150061,CHK WOG 3.50-3.75# OKF 20hd,50
cluster_169,15006070,CHK WOG 3.50-3.75# GRG 20hd,50
cluster_169,1500812,CHK WOG-z 3.00-3.75# GNP 12hd,50
cluster_169,15010181,CHK WOG 2.25-2.50#-FMC-1HD,50
cluster_169,15006070,CHK WOG 3.50-3.75# GRG 20hd,50
cluster_169,1500923,CHK WOG 3.25-3.50# GRD 20hd CVP,50
cluster_169,150201,CHK WOG 2.75-3.00# *__ 24hd-CVP,50
cluster_169,15000,CHK WOG 2.50-2.75# *__ 28hd,50
cluster_169,15006018,CHK WOG 4.00-5.00# GRD 18hd CVP,50
cluster_169,15030A,CHK WOG 3.50-3.75#-FMC 20hd,50
cluster_169,1502010,CHK WOG 3.50-4.00# KOC 20HD,50
cluster_169,15006080,CHK WOG 3.50-3.75# MRJ 20hd,50
cluster_169,15008840,CHK WOG 3.00-3.25# GNP 16300 12hd,50
cluster_169,15008989,CHK WOG 3.75-4.00#-FMC 18hd,50
cluster_169,15030004,CHK WOG-z 3.00-3.50# GRD 22hd,50
cluster_169,15002018,CHK WOG 2.75-3.00# KOC 24hd,50
cluster_169,15006092,CHK WOG-z 3.50-3.75# KEY 20hd,50
cluster_169,15008987,CHK WOG 3.00-3.75#-FMC-1hd,50
cluster_169,150091,CHK WOG 3.25-3.50# KOC 16hd,50
cluster_169,15004032,CHK WOG-z 3.50-3.75# PILG 20hd,50
cluster_169,15004034,CHK WOG 3.00-3.50# MRJ 22hd,50
cluster_169,15001090,CHK WOG 2.50-2.75# GRD 28hd,50
cluster_169,15006084,CHK WOG 3.50-3.75#CVP CKG 20hd,50
cluster_169,15001094,CHK WOG 2.50-2.75# GRD 16hd,50
cluster_169,15004039,CHK WOG-z 3.50-3.75# GROD 20hd,50
cluster_169,15002032,CHK WOG-z 2.75-3.00# FMC 22HD,50
cluster_169,1500883,CHK WOG 2.75-3.00# KOC 16hd 45#,50
cluster_169,15443,CHK WOG 2.25-2.50# CGL 25hd,50
cluster_169,15030007,CHK WOG 3.00-3.25# CKG 22hd,50
cluster_172,15205,CHK WOG 2.50# CUT 1/8 EA.,9
cluster_172,10212CP,CHK WOG 2.75# CUT 1/10 EA.,9
cluster_172,15209,CHK WOG 2.75# CUT 1/2 EA.,9
cluster_172,15211,CHK WOG 2.75# CUT 1/4 EA.,9
cluster_172,15213,CHK WOG 2.75# CUT 1/8 EA.,9
cluster_172,15231A1,CHK WOG 3.50# CUT 1/10 EA.,9
cluster_172,15225,CHK WOG 3.50# CUT 1/2 EA.,9
cluster_172,15229,CHK WOG 3.50# CUT 1/8 EA.,9
cluster_172,15231,CHK WOG 3.50# CUT 1/9 EA.,9
cluster_171,15202,CHK WOG 2.50# CUT 1/4,7
cluster_171,15204,CHK WOG 2.50# CUT 1/8,7
cluster_171,1507734,CHK WOG 3.25-3.50# CUT 1/8 KOC,7
cluster_171,15231A,CHK WOG 3.50# CUT 1/10,7
cluster_171,15224,CHK WOG 3.50# CUT 1/2,7
cluster_171,15226,CHK WOG 3.50# CUT 1/4,7
cluster_171,15228,CHK WOG 3.50# CUT 1/8,7
cluster_173,15215C,CHK WOG 2.75# CUT 1/10,7
cluster_173,15208,CHK WOG 2.75# CUT 1/2,7
cluster_173,15210,CHK WOG 2.75# CUT 1/4,7
cluster_173,15212898,CHK WOG 2.75# CUT 1/8,7
cluster_173,15212A,CHK WOG 2.75# CUT 1/8-16H,7
cluster_173,15212,CHK WOG 2.75# CUT 1/8-20H,7
cluster_173,15212BG,CHK WOG 2.75# CUT 1/8-2B,7
cluster_170,15230,CHK WOG 3 - 3.25# CUT 1/2 16 HD,11
cluster_170,152308,CHK WOG 3 - 3.25# CUT 1/8 16 HD,11
cluster_170,15234,CHK WOG 3.00# CUT 1/10 22hd,11
cluster_170,15216,CHK WOG 3.00# CUT 1/2 22hd,11
cluster_170,15218,CHK WOG 3.00# CUT 1/4 22hd,11
cluster_170,15220999,CHK WOG 3.00# CUT 1/8 14hd 40#-CVP,11
cluster_170,15220,CHK WOG 3.00# CUT 1/8 22hd,11
cluster_170,15220998,CHK WOG 3.00# CUT 1/8 22hd FMC,11
cluster_170,15220B,CHK WOG 3.00-3.25# CUT 1/8 12H,11
cluster_170,15076,CHK WOG 3.25# CUT 1/2 B/OUT 10HD,11
cluster_170,15005A4,CHK WOG 3.25# CUT 1/4,11
cluster_295,73007921,CHKN BR BRD FC 4-oz BB5206 10#,6
cluster_295,73081998,CHKN BR FIL BRD PB 4oz K151410 10#,6
cluster_295,73012,CHKN BR FIL FC GF 04 OZ BB4201 10#,6
cluster_295,73007987,CHKN BR FIL ORGMFC 04 OZ BB5154 10#,6
cluster_295,73084177,CHKN BRD FIL5-oz FC BB-5057 10#,6
cluster_295,13724,CHKN STFD K13724 CBLU 24/7oz 10.5#,6
cluster_254,73087303,CHKN WING BNL BRD FC BB7303-z 10#,4
cluster_254,73133022,CHKN WING BNL BRD PB K86387 10#,4
cluster_254,75054,CHKN WING BRD FC SPCY K86616 15#-z,4
cluster_254,73124,CHKN WING BRD FC TRAD K86614 15#-z,4
cluster_256,145080,"FILET, CC, SELECT, 8OZ",7
cluster_256,145060,"FILET, CC, SELECT, 6OZ",7
cluster_256,144112,"FILET, CC, CH, 11.5OZ",7
cluster_256,144080,"FILET BARRELCUT, CH, 8OZ",7
cluster_256,144089,"FILET BARRELCUT, CH, 6OZ",7
cluster_256,145100,"FILET, CC, SELECT, 10OZ",7
cluster_256,145090,"FILET, CC, SELECT, 9OZ",7
cluster_100,21990,Chorizo guatamalan DonPedros 20/1#,14
cluster_100,22301,Chorizo Salvadorean 20/1#,14
cluster_100,22143,Chorizo salvadorian DonPedros 20/1#,14
cluster_100,21162,Chorizo longaniza DonPedros 20/1#,14
cluster_100,22142,Chorizo salvadorian DonPedros 2/10#,14
cluster_100,22300,Chorizo Salvadorean 2/10#,14
cluster_100,21996,Chorizo guatamalan DonPedros 2/10#,14
cluster_100,22303,Chorizo Longaniza 20/1#,14
cluster_100,22304,Chorizo Guatamalan 20/1 #,14
cluster_100,22162,Chorizo longaniza DonPedros 2/10#,14
cluster_100,22120,Chorizo rellena  20/1#,14
cluster_100,22199,Chorizo Guatemalteco 20/1#,14
cluster_100,22302,Chorizo Longaniza 2/10#,14
cluster_100,38240700,Chorizo (Eminente),14
cluster_45,40234,CHS CHED MILD SHRED REG 4/5#,8
cluster_45,40514,CHS MOZ SHRED WM SOR 6/5#,8
cluster_45,40516,CHS MOZ SHRED *__ PS 4/5#,8
cluster_45,40239,CHS CHED & MNT JAC SHRED FINE 4/5#,8
cluster_45,40518,CHS MOZ SHRED *__ PS 6/5#,8
cluster_45,40476,CHS MONT JACK SHRED*__ 4/5#,8
cluster_45,40182,CHS CHED MILD LOAF YEL 4/5# WISC,8
cluster_45,40445344,CHS QUESADILLA SHRED CHIHU V&V 4/5#,8
cluster_20,40022C,CHS AMER YELLOW SLC120 *__ 4/5#,4
cluster_20,40PK18,CHS AMER YELLOW SLC120 THM 4/5#,4
cluster_20,40024,CHS AMER YELLOW SLC160 *__ 4/5#,4
cluster_20,40606,CHS PARM GRATED 4/5#,4
cluster_312,120007,CHUCK BNLSWHOLE SHORT RIBS,17
cluster_312,13189984,"Chuck Short Rib Finger, (Ch)",17
cluster_312,13381015,"Chuck Short Rib, 4pc, IBP (Sel)",17
cluster_312,13181055,"Chuck Short Rib, AFG (Sel)",17
cluster_312,13181054,"Chuck Short Rib, AFG (Ch)",17
cluster_312,13181056,"Chuck Short Rib, AFG (NR)",17
cluster_312,13181055,"Chuck Short Rib, AFG (Sel)",17
cluster_312,13183896,"Chuck Short Rib, Clear River (NR)",17
cluster_312,13181376,"Chuck Short Rib, EVP, (N/R_Angus)",17
cluster_312,13181375,"Chuck Short Rib, EVP, (NR)",17
cluster_312,13183554,"Chuck Short Rib, Heartland (Ch)",17
cluster_312,13143556,"Chuck Short Rib, Heartland (N/R)",17
cluster_312,13183556,"Chuck Short Rib, Heartland (N/R_Angus)",17
cluster_312,13181014,"Chuck Short Rib, IBP (Ch)",17
cluster_312,13183354,"Chuck Short Rib, Swift (Ch)",17
cluster_312,13183334,"Chuck Short Rib, Upper Iowa (Ch)",17
cluster_312,13183352,"Chuck Short Rib,Swift (C_Angus)",17
cluster_509,128011,"CHUCK GROUND PATTY 80/20, 10OZ",6
cluster_509,120804,"CHUCK GROUND PATTY 80/20, 4OZ",6
cluster_509,128007,"CHUCK GROUND PATTY 80/20, 7OZ",6
cluster_509,128018,"CHUCK GROUND PATTY 80/20, 8OZ",6
cluster_509,120854,"CHUCK GROUND PATTY 85/15, 4OZ WIDE",6
cluster_509,128507,"CHUCK GROUND PATTY 85/15, 7OZ",6
cluster_313,13083356,"Chuck Roll N/off, Swift (NR)",29
cluster_313,13094495,"Chuck Roll N/off, Harmony (AA)",29
cluster_313,13081204,"Chuck Roll N/off, Creekstone (Ch)",29
cluster_313,13083554,"Chuck Roll N/off, Heartland (Ch)",29
cluster_313,13094494,"Chuck Roll N/off, Harmony (AAA)",29
cluster_313,13081003,"Chuck Roll N/off, GreaterOmaha (Ch_Angu)",29
cluster_313,13094497,"Chuck Roll N/off, Harmony (A)",29
cluster_313,13084496,"Chuck Roll N/off, Harmony",29
cluster_313,13081024,"Chuck Roll N/off, National (Ch)",29
cluster_313,13901054,"Chuck Roll N/off, AFG S. B. (Ch)",29
cluster_313,13083544,"Chuck Roll N/off, IBP Open Prairie (Ch)",29
cluster_313,13083575,"Chuck Roll N/off, IBP (Sel)",29
cluster_313,13089982,"Chuck Roll N/off, (CAngus)",29
cluster_313,13081320,"Chuck Roll N/off, Mex Gusi",29
cluster_313,13081025,"Chuck Roll N/off, National (Sel)",29
cluster_313,13081160,"Chuck Roll N/off, Iowa Premium (NR)",29
cluster_313,13081054,"Chuck Roll N/off, AFG (Ch)",29
cluster_313,157600001,"Chuck Roll N/off, Heritage",29
cluster_313,13083896,"Chuck Roll N/off, Clear River (NR)",29
cluster_313,13081014,"Chuck Roll N/off, IBP (Ch)",29
cluster_313,13081002,"Chuck Roll N/off, GreaterOmaha (CAngus)",29
cluster_313,13081164,"Chuck Roll N/off, Iowa Premium (Ch)",29
cluster_313,13081201,"Chuck Roll N/off, Creekstone (Prime)",29
cluster_313,13083556,"Chuck Roll N/off, Heartland (N/R)",29
cluster_313,13081004,"Chuck Roll N/off, GreaterOmaha (Ch)",29
cluster_313,13083556,"Chuck Roll N/off, Heartland (N/R)",29
cluster_313,13083551,"Chuck Roll N/off, Heartland (Prime)",29
cluster_313,13081176,"Chuck Roll N/off, Demkota (NR)",29
cluster_313,13081130,"Chuck Roll N/off, Mex SuKarne",29
cluster_287,13109984,"Chuck Tender (Scotties), (Ch)",14
cluster_287,13103694,"Chuck Tender Scotties, Aurora (Ch)",14
cluster_287,13101214,"Chuck Tender Scotties, Creekstone (Ch)",14
cluster_287,13101216,"Chuck Tender Scotties, Creekstone (N/R)",14
cluster_287,13101001,"Chuck Tender Scotties, Greater O (Prime)",14
cluster_287,13101002,"Chuck Tender Scotties, GreaterO(C_Angus)",14
cluster_287,13101004,"Chuck Tender Scotties, GreaterOmaha (Ch)",14
cluster_287,13103574,"Chuck Tender Scotties, IBP (Ch)",14
cluster_287,13101160,"Chuck Tender Scotties, Iowa Premium",14
cluster_287,13101024,"Chuck Tender Scotties, National (Ch)",14
cluster_287,13101874,"Chuck Tender Scotties, Nebraska B. (Ch)",14
cluster_287,13103334,"Chuck Tender Scotties, Upper Iowa (Ch)",14
cluster_287,13101211,"Chuck Tender Scotties,Creekstone (Prime)",14
cluster_287,120089,"CHUCK TENDER, CH",14
cluster_309,13186010,"Chuck Short Rib, FC Beef Mex",5
cluster_309,13181320,"Chuck Short Rib, Mex Gusi",5
cluster_309,13181120,"Chuck Short Rib, Mex Praderas",5
cluster_309,13181490,"Chuck Short Rib, Mex Santara",5
cluster_309,13181130,"Chuck Short Rib, Mex SuKarne",5
cluster_31,50136,CILANTRO 60CT,3
cluster_31,31261,Cilantro 60ct    @@@@@,3
cluster_31,50160,CILANTRO 30CT,3
cluster_147,750010,GENOA SALAMI,7
cluster_147,38447700,Salami Genoa,7
cluster_147,620110,USINGER GENOA SALAMI,7
cluster_147,742212,THUMANN GENOA SALAMI,7
cluster_147,4488,"Salami,Genoa-VOLPI",7
cluster_147,22PC12,SALAMI GENOA THM AC 3/6#,7
cluster_147,750003,CITTERIO GENOA SALAMI A.C.,7
cluster_127,13021014,"Clod Shoulder XT, IBP (Ch)",12
cluster_127,13021024,"Clod Shoulder XT, National (Ch)",12
cluster_127,13021004,"Clod Shoulder XT, GreaterOmaha (Ch)",12
cluster_127,13031024,"Clod Shoulder, National (Ch)",12
cluster_127,13011056,"Clod Shoulder, AFG (NR)",12
cluster_127,13021164,"Clod Shoulder XT, Iowa Premium (Ch)",12
cluster_127,13025763,"Clod Shoulder XT, Est 8 Angus (Ch_Angus)",12
cluster_127,13021012,"Clod Shoulder XT, IBP (CAngus)",12
cluster_127,13021022,"Clod Shoulder XT, National (CAngus)",12
cluster_127,13021162,"Clod Shoulder XT, Iowa Premium (CAngus)",12
cluster_127,13021002,"Clod Shoulder XT, GreaterOmaha (CAngus)",12
cluster_127,13021143,"Clod Shoulder XT,WesternReserve (CH/CAng",12
cluster_73,30115,MILK-SWTND CONDENSED 24/14oz*,4
cluster_73,30010001,MILK WHL 4/1 GAL,4
cluster_73,30112,MILK-EVAPORATED 24/12oz IMITATION,4
cluster_73,83333,Coconut Milk *Chaokoh* 24/13.5oz,4
cluster_398,71021529,"Cod Loin 3oz, Pacific (10#)",8
cluster_398,71019980,"Cod Loin 4oz, Pacific (10#)",8
cluster_398,71079989,"Cod Loin 6oz, Pacific (10#)",8
cluster_398,71062389,"Cod Loin 8oz, Pacific (10#)",8
cluster_398,207900037,"Cod Loin, Pacific 3oz (10#)",8
cluster_398,207900032,"Cod Loin, Pacific 4oz (10#)",8
cluster_398,207900036,"Cod Loin, Pacific 6oz (10#)",8
cluster_398,207900038,"Cod Loin, Pacific 8oz (10#)",8
cluster_59,101271,CONT DELI CLR W/LID 32oz,3
cluster_59,1012576,CONT DELI CLR 32oz 500ct,3
cluster_59,1012575,CONT DELI CLR 16oz 500ct,3
cluster_61,101258A,CONT FOAM 9x9X3 LG 1-COMP 200 CT,11
cluster_61,101258,CONT FOAM 9x9X3 LG 3-COMP 200 CT,11
cluster_61,101259B,CONT FOAM 9x6 MED 1-COMP 200 CT 206,11
cluster_61,1012581,CONT FOAM 9x6x2 -1COMP 200CT 205HT1,11
cluster_61,101258B,CONT FOAM 8x8x2 MED 1-COMP 200 CT,11
cluster_61,84710,FOAM  Container  9x6  - 205,11
cluster_61,1012596,CONT FOAM 8x7x2 MED 1-COM 200 CT,11
cluster_61,89040,FOAM Container 8x8  1-CMPT  85HT 1R,11
cluster_61,89011,Foam 9x9 1 Comp - SN200 VW,11
cluster_61,101258M,CONT FOAM 8x8x3 MED 3-COMP 200 CT,11
cluster_61,89033,Foam 9x9  3 Comp - SN203 VW,11
cluster_60,1012585,CONT FOAM TRAY WHITE 400CT 2P,6
cluster_60,1012595,CONT FOAM TRAY WHITE 400CT 4PHD,6
cluster_60,1012572,CONT FOAM TRAY WHITE 500CT 2S,6
cluster_60,1012591,CONT FOAM TRAY WHITE 500CT 4P,6
cluster_60,1012582,CONT FOAM TRAY WHITE 500CT 4PR,6
cluster_60,1012580,CONT FOAM TRAY WHITE 500CT 4S,6
cluster_75,10233350,"Tripas Intestine Small, Swift",8
cluster_75,10239980,"Tripas Intestine Small, (30#)",8
cluster_75,10231840,"Tripas Intestine Small, (Cooked), Produc",8
cluster_75,10231020,"Tripas Intestine Small, National (30#)",8
cluster_75,10231000,"Tripas Intestine Small, Greater Omaha (3",8
cluster_75,10231370,"Tripas Intestine Small, EVP #91744 (20#)",8
cluster_75,10231680,"Tripas Intestine Small, (Cooked) (25#)",8
cluster_75,10231050,"Tripas Intestine Small, AFG (15#)",8
cluster_157,22059465,CORNEDBF CKD OCO BRISK-SLCD 10/3#,8
cluster_157,220605,CORNEDBF CKD SYG BRISK 1STCUT 3/4#,8
cluster_157,220633,CORNEDBF CKD SYG BRISK HRI 2-3/23#,8
cluster_157,2202916,CORNEDBF CKD SYG BRISK-XCK 2-3/24#,8
cluster_157,1832712,CORNEDBF CKD THM-BRISK1ST 5#,8
cluster_157,220602,CORNEDBF CKD-z CRO BRISK-48201 3/9#,8
cluster_157,1832712Z,CORNEDBF CKD-z THM-BRISK1ST 2/5#,8
cluster_157,220612,CORNEDBF CKD-z V018471 BRISK 5/4#,8
cluster_156,22059005,CORNEDBF-RAW OCO BRISK REG,10
cluster_156,2206211,CORNEDBF-RAW-z OCO BRISK BARREL,10
cluster_156,22059001,CORNEDBF-RAW BEA BRISK REG 4/17#,10
cluster_156,22059001,CORNEDBF-RAW BEA BRISK REG 4/17#,10
cluster_156,1832717Z,CORNEDBF-RAW-z THM-BRISK1ST-HLV8/2#,10
cluster_156,220627,CORNEDBF-RAW-z IBP BRISK 40#,10
cluster_156,22062O,CORNEDBF-RAW OLF BRISK REG 1101 40#,10
cluster_156,22065C,CORNEDBF-RAW VIE BRISK-18100 45#,10
cluster_156,1832711,CORNEDBF-RAW THM BRISK 2/9#,10
cluster_156,1832711,CORNEDBF-RAW THM BRISK 2/9#,10
cluster_293,52211010,"Cornish Hen, 24/16oz Sigles, Tyson (24#)",13
cluster_293,99999949,Cornish Hen Tyson 16oz/24pcs,13
cluster_293,52012960,"Cornish Hen, 16/24oz, Perdue (24#)",13
cluster_293,29094245,Hen Cornish Perdue Split 16pc/24oz,13
cluster_293,99999948,Cornish Hen Chef`s Choice 16pcs/24oz (24,13
cluster_293,19061P,CORNISH HEN 24-oz 16-ct PER-35824,13
cluster_293,19094A,CORNISH HEN SLVD BNLS H-CUT 24OZ,13
cluster_293,363242,"CORNISH GAME HENS, SPLIT, 24OZ",13
cluster_293,29097565,Cornish Hens 24oz/16pc,13
cluster_293,52019984,"Cornish Hen, 16/24oz Chef`s Choice (24#)",13
cluster_293,363241,"CORNISH GAME HENS, 24OZ",13
cluster_293,29094249,Hen Cornish Deboned From 22/24 oz Piece,13
cluster_293,29097518,Cornish Hens 18oz/24pc Tyson,13
cluster_163,21053S,CRAB LEGS SNOW CLSTR CKD 5-8oz30#-z,7
cluster_163,210546,CRAB CLAW DUNG CLSTR 5-8 30#-z,7
cluster_163,210512,CRAB LEGS DUNG 25#-z,7
cluster_163,210548,CRAB CLAW DUNG CLSTR 4-5 30#-z,7
cluster_163,210547,CRAB LEGS SNOW CLSTR CKD 5-8oz-z,7
cluster_163,210538,CRAB CLAWS 5-9CT 10/2#-z,7
cluster_163,21050230,CRAB LEGS SNOW 8+ 30#-z,7
cluster_56,960PU20,SOUP-z THM CHKN NOODLE 16#,5
cluster_56,960PU31,SOUP-z THM CHKN DUMPLING 16#,5
cluster_56,960PU43,SOUP-z THM MINESTRONE 16#,5
cluster_56,960PU37,SOUP-z THM CHKN WILD RICE 16#,5
cluster_56,960PU40,SOUP-z THM BOSTON CLAM CHOWDER 16#,5
cluster_64,960271,CUP 01 OZ SOUF 10/250 CS DART,4
cluster_64,96038,CUP 01 OZ SOUF 10/250CT**,4
cluster_64,96036,CUP 1.5 OZ SOUF SOLO 20/125 CS,4
cluster_64,96027,CUP 01 OZ PRO SOUF 50/50CT,4
cluster_63,960246,CUP FOAM SOUP 08 OZ 8SJ20 DART,10
cluster_63,96024F,CUP FOAM 08 OZ SQUAT 8SJ32 DART 5C,10
cluster_63,960245,CUP FOAM 08 OZ 8SJ20 SQUAT DART,10
cluster_63,960248,CUP FOAM 08 OZ 8J8 DART 40/25CT,10
cluster_63,96039,CUP FOAM VENTED 04 OZ 4J6,10
cluster_63,96025C,CUP FOAM 16 OZ 16MJ20 DART 500PC,10
cluster_63,96021222,CUP FOAM 12J16 DART,10
cluster_63,96024C,CUP FOAM 16 OZ 16J16 DART 40/25CS,10
cluster_63,96033044,CUP FOAM 24J16 DART 500 CT,10
cluster_63,96027C32,CUP FOAM 32 OZ 32TJ32,10
cluster_66,96023,D&G Pineapple Soda,4
cluster_66,96018,D&G Cream Soda,4
cluster_66,96021,D&G Pineapple Ginger Soda,4
cluster_66,96020,D&G Grape Soda,4
cluster_183,720210,DAN`S CKD BEEF POT ROAST,5
cluster_183,620001,DAN`S CKD ITALIAN ROAST BEEF,5
cluster_183,620002,DAN`S CKD ROAST BEEF,5
cluster_183,720003,DAN`S PRIZE MISC. ROAST BEEF,5
cluster_183,207900009,Dan`s Prize Precooked Pork Roast,5
cluster_26,31516,EGGS XLG 15 DZ CART AA,11
cluster_26,31534,EGGS LRG 15 DZ AA CART ORG,11
cluster_26,31536,EGGS LRG 15 DZ AA LOOSE,11
cluster_26,31517,EGGS LRG 15 DZ CART AA AMISH,11
cluster_26,92280300,Eggs/ Large  15 dz /cs,11
cluster_26,10901,Eggs 15 Dozen L/XL AA,11
cluster_26,10901,Eggs 15 Dozen L/XL AA,11
cluster_26,31532,EGGS BROWN 15-DOZ FMC LG CARTONED,11
cluster_26,31514,EGGS JUM 12 DZ AA CART,11
cluster_26,10900,Eggs - Large  Grade AA 15 dozen,11
cluster_26,31539A,EGGS JUM 12 DZ AA CART AMISH,11
cluster_51,SP1118,PITA BREAD,6
cluster_51,90271PB,PITA BREAD 6-in KRONO-z,6
cluster_51,90272PB,PITA BREAD 6-in CORFU-z,6
cluster_51,90278000,PITA BREAD 6-in KONTOS 12/10,6
cluster_51,90275PB,PITA BREAD 7-in KRONOS-z,6
cluster_51,90273PB,PITA BREAD 7-in CORFU-z,6
cluster_33,95035A,SEASONING SALT 50#,6
cluster_33,95035025,SEASONING SALT LAWRYS 50#,6
cluster_33,90272,SALT 50#,6
cluster_33,88051,SALT - 50#,6
cluster_33,ZZ95035A,DO NOT USE SEASONING SALT 50#,6
cluster_33,90274,SALT 25#,6
cluster_453,67004310,"Drumstick, Turkey, Michigan Turkey (30#)",5
cluster_453,67009980,"Drumstick, Turkey, Tom, (30#)",5
cluster_453,67001010,"Drumstick, Turkey, Tom, Tyson Hillshire",5
cluster_453,321000,TURKEY DRUMSTICKS,5
cluster_453,11400,Turkey Tom Drumsticks,5
cluster_153,11000,Duck  Headless - A Grade (5.0#),6
cluster_153,42100500,"Duck 5# Grade ""A""",6
cluster_153,42100560,"Duck 5.50# 6/cs Grade ""A""",6
cluster_153,11004,Duck Headless - A Grade 5.0# Culver,6
cluster_153,11002,Duck Headless - A Grade 5.5# 3 Gen,6
cluster_153,11001,Duck Headless Grade A 6#,6
cluster_152,1058688,DUCK BR BNL CUL RANDOM 6/5#,8
cluster_152,10580,DUCK BR BNL CUL 05-06-oz 6/4P 10#,8
cluster_152,19530006,DUCK WBD A JUR 4.5# 6P 28#-z,8
cluster_152,19514D,DUCK WBD-MATURE CUL 6/4.5#,8
cluster_152,19530008,DUCK WBD A JUR 5.5# 6P 31#-z,8
cluster_152,1957045,DUCK BR BNL MLF 9.5-OZ 12/2P 10#-z,8
cluster_152,1058630,DUCK BR BNL JUR 10-OZ BFLY 10/2P,8
cluster_152,1058616,DUCK BR BNL JUR 12-OZ BFLY 12P 9#,8
cluster_150,19583010,DUCK LEG-CONFIT CUL-RET 12/16-OZ,3
cluster_150,19560111,DUCK LEG BI CUL RET 12/16-OZ,3
cluster_150,19558,DUCK LEG BI MLF 36/8-OZ 18#,3
cluster_192,42779500,Duck Liver,5
cluster_192,1956385,DUCK LIVER JURG 5#,5
cluster_192,195621,DUCK LIVER MLF 5#,5
cluster_192,382651,"DUCK LIVER, 6/5# CS",5
cluster_192,11253,Duck Livers,5
cluster_15,85017,Dutch Farms Colby Jack Minihorn 12#,4
cluster_15,85018,Dutch Farms Colby Minihorn 12#,4
cluster_15,85016,Dutch Farms Pep Marble Jack Minihorn 12#,4
cluster_15,85019,Dutch Farms Pepperjack Minihorn 12#,4
cluster_35,24230,THIN  WONTON Wrapper GOLDEN BOWL*,4
cluster_35,24241,Wonton Wrapper for BOIL-Golden Bowl,4
cluster_35,24150,THICK Wonton Wrapper *Golden Bowl* GREEN,4
cluster_35,24140,Wonton Wrapper -THICK *Baily*,4
cluster_54,84201,Breaded Popcorn Shrimp 70/90ct   20#,5
cluster_54,84200,Breaded Popcorn Shrimp 70/90ct   20#,5
cluster_54,84202,Cheddar Rounds,5
cluster_54,84206,IVORY ELEPHANT JASMINE RICE 40#,5
cluster_54,906101,RICE JASMINE 25#,5
cluster_107,94525080,EP Chorizo Orig Vac Pac 12/12oz,8
cluster_107,94535080,EP Chorizo Mild Vac Pac 12/12oz,8
cluster_107,94505080,EP Chorizo Super Picante VP 12/12oz,8
cluster_107,94545080,EP Vegetarian Mild Chorizo 12/12oz,8
cluster_107,74775080,EP Vegetarian Picante Chorizo 12/12oz,8
cluster_107,94515080,EP Chorizo Beef Vac Pac 12/12oz,8
cluster_107,94555080,EP Chicken Chorizo 12/10oz,8
cluster_107,94755080,EP Mole Casero 12/10oz,8
cluster_108,94725080,EP Chicken Sazon Seasoning 12/13.5oz,4
cluster_108,94565080,EP Chicken Sazon Seasoning 12/6.5oz,4
cluster_108,94735080,EP Steak Sazon Seasoning 12/13.5oz,4
cluster_108,94575080,EP Steak Sazon Seasoning 12/6.5oz,4
cluster_46,44009980,Espinazo (Spine) Skin-OFF (Boxed),6
cluster_46,44062080,Espinazo (Spine) Skin-OFF Dekalb,6
cluster_46,44062010,Espinazo (Spine) Skin-OFF Morris,6
cluster_46,44064160,Espinazo (Spine) Skin-OFF Peoria,6
cluster_46,44072080,Espinazo (Spine) Skin-ON Dekalb,6
cluster_46,44072010,Espinazo (Spine) Skin-ON Morris,6
cluster_142,17069984,"Export Rib, (Ch)",7
cluster_142,164185,"RIB EXPORT, CH, 18UP",7
cluster_142,17069985,"Export Rib, (Sel)",7
cluster_142,17061014,"Export Rib, IBP (CH)",7
cluster_142,17061120,"Export Rib, Mex PraderasHuastecas",7
cluster_142,17063810,"Export Rib, Mex FC",7
cluster_142,17061590,"Export Rib, Mex Fertres",7
cluster_140,11261013,"Eye Round, IBP (Ch_Angus)",9
cluster_140,11261014,"Eye Round, IBP (Ch)",9
cluster_140,11263334,"Eye Round, Upper Iowa (Ch)",9
cluster_140,11261004,"Eye Round, GreaterOmaha (Ch)",9
cluster_140,11261003,"Eye Round, GreaterOmaha (Ch_Angus)",9
cluster_140,11265764,"Eye Round, Est 8 Angus Iowa Premium (Ch)",9
cluster_140,11261012,"Eye Round, IBP (CAngus)",9
cluster_140,11261024,"Eye Round, National (Ch)",9
cluster_140,11261164,"Eye Round, Iowa Premium (Ch)",9
cluster_122,96495870,"F Cup, Coco Pina,True  F, (12/7z)",3
cluster_122,96505870,"F Cup, Coco Papaya Pina,True  F, (12/7z)",3
cluster_122,96485870,"F Cup, Perfect Peach,True  F, (12/7z)",3
cluster_446,SP2611,PORK SAUSAGE PATTIES  1.3oz FC,36
cluster_446,38483622,Sausage Breakfast Patties 1oz Hormel,36
cluster_446,38480509,Sausage Breakfast Patties 2oz Peoria,36
cluster_446,139499,SAUSAGE PEO 10#-z-PAT 2-OZ,36
cluster_446,620094,J.DEAN CKD PORK SAUSAGE LINKS,36
cluster_446,38120256,Sausage Breakfast Link 2oz 10#/CS,36
cluster_446,38311006,Sausage Breakfast Links 1oz Peer,36
cluster_446,1480415,SAUSAGE SLOTK-z ANDOU CAJ 12/14-oz,36
cluster_446,139498,SAUSAGE AMY 10#-z-PAT MAPL 2-OZ,36
cluster_446,38325250,Sausage Turkey 4/1 Links,36
cluster_446,38487504,Pork Sausage Breakfast Patties 2oz Jones,36
cluster_446,59999999,Sausage Patties Veggie BRK1.34oz (9.3#),36
cluster_446,48000124,Turkey Sausage Cajun 4oz,36
cluster_446,620122,"PORK SAUSAGE PATTY, WEBSTER, 4OZ",36
cluster_446,97545850,"Sausage Patties Mild, S F (12/12oz)",36
cluster_446,41501030,Turkey Link Sausage 1oz Perdue,36
cluster_446,97455750,"Sausage Andouil Smkd, Zatarain`s 10/14oz",36
cluster_446,38311016,Sausage Breakfast Links 2oz Peer,36
cluster_446,13911452,SAUSAGE WGF SUMMER SAUS 12-OZ 6#-z,36
cluster_446,620119,"PORK SAUSAGE PATTY, WEBSTER 2OZ -8# CASE",36
cluster_446,13950,SAUSAGE-z-PAT BRKF 1.34-OZ,36
cluster_446,97465850,"Sausage Patties Mild, S F (12/27 oz)",36
cluster_446,97475850,"Sausage Patties Hot, S F (9/27 oz)",36
cluster_446,622275,FARMER JOHNS PORK SAUSAGE LINKS-20/8OZ,36
cluster_446,97565850,"Sausage Links Maple, S F (12/12oz)",36
cluster_446,38421006,Sausage Breakfast Patties 2oz Peer,36
cluster_446,61009980,Turkey Sausage Link 1oz (10#),36
cluster_446,38518007,Pork Sausage Italian 4/1 Link Ckd-Rd,36
cluster_446,610518,J.DEAN CKD TURKEY SAUSAGE LINK,36
cluster_446,97505850,"Italian Sausage Mild, S F (8/19oz)",36
cluster_446,97485850,"Sausage Patties Mild, S F (9/45oz)",36
cluster_446,43410212,Turkey Breakfast Sausage Patties 2oz RWA,36
cluster_446,38918413,Sausage Pork Link 1oz   Johnsonville,36
cluster_446,98039980,Sausage Link 1oz (10#),36
cluster_446,620145,"PORK SAUSAGE PATTY, WEBSTER, 2OZ",36
cluster_446,97575850,"Sausage Patties Maple, S F (12/12oz)",36
cluster_43,340583,FARMERS FOCUS ORGANIC BI THIGHS,8
cluster_43,310117,FARMERS FOCUS ORGANIC B/S BREASTS,8
cluster_43,340457,FARMERS FOCUS ORGANIC B/S THIGH,8
cluster_43,310812,FARMERS FOCUS B/S BREAST,8
cluster_43,310819,FARMERS FOCUS B/S BREAST FAMILY PACK,8
cluster_43,360010,FARMERS FOCUS ORGANIC CKN WHOLE,8
cluster_43,310503,FARMERS FOCUS NAE B/S BREASTS-BULK,8
cluster_43,370316,FARMERS FOCUS ORGANIC WINGS,8
cluster_0,920240,FATHERS DAY FEATURE,3
cluster_0,920242,FATHERS DAY FEATURE DELUX,3
cluster_0,920224,MOTHERS DAY FEATURE #2,3
cluster_99,50041180,"Feet, Chicken HOR (44.09#)",4
cluster_99,50045450,"Feet, Chicken, Lincoln Poultry",4
cluster_99,50041290,"Feet, Chicken, OK Foods (44.09#)",4
cluster_99,50141040,"Feet, Chicken Sanderson (44.10#)",4
cluster_257,144189,"FILET BONE-IN, CH 18OZ",4
cluster_257,144159,"FILET BONE-IN, CH, 15OZ",4
cluster_257,144169,"FILET BONE-IN, CH, 16OZ",4
cluster_257,144149,"FILET BONE-IN, CH, 14OZ",4
cluster_7,999105,FILM HAND 12 X 2000 FOOD SERVICE,5
cluster_7,99910518,FILM HAND 18 X 2000 FOOD SERVICE,5
cluster_7,83550,"Foodservice Film  12""x2000",5
cluster_7,83560,"Foodservice Film  18""x2000`",5
cluster_7,83570,"Foodservice Film  24"" x 2000",5
cluster_408,210595,FISH KING-z 10-12 OZ STK 10#,8
cluster_408,210596,FISH KING-z 12-14 OZ STK 10#,8
cluster_408,72002109,"King Fish, Stk 10-12oz, Channel (10#)",8
cluster_408,72019989,"King Fish, Stk 6-8oz (10#)",8
cluster_408,72012109,"King Fish, Stk 6-8oz Channel (10#)",8
cluster_408,72029989,"King Fish, Stk 8-10oz (10#)",8
cluster_408,72022109,"King Fish, Stk 8-10oz (10#) Channel",8
cluster_408,72021389,"King Fish, Stk 8-10oz, (36#)",8
cluster_410,21060P,FISH PERCH FIL 2-4oz 4/10#,5
cluster_410,107091,FISH PERCH FIL 4-6 OZ 4/10#,5
cluster_410,2106458,FISH PERCH FIL 8-12oz,5
cluster_410,2106456,FISH PERCH FIL 8-12oz 4/10#,5
cluster_410,80900010,Seafood Perch  4oz,5
cluster_261,21084B,FISH TILAPIA BRD FIL 10#-z,5
cluster_261,21067B,FISH TILAPIA FIL IQF 3-5 10#-z FM,5
cluster_261,21067TF,FISH TILAPIA FIL IVP 3-5 10#-z,5
cluster_261,21068T,FISH TILAPIA FIL IVP 5-7 10#-z,5
cluster_261,21084,FISH TILAPIA FIL IVP 7-9 10#-z FM,5
cluster_278,80064,Yellowfin Tuna Saku Block CO AAA 8-10oz,4
cluster_278,211601,FISH TUNA SAKU BLOCK 8oz 10#-z,4
cluster_278,80066,Yellowfin Tuna CO AAA Loin 5-8lbs,4
cluster_278,80061,Tuna Saku Block Ahi CO AAA 10oz,4
cluster_436,13199980,"Flank Steak, Mex",5
cluster_436,13191320,"Flank Steak, Mex Gusi",5
cluster_436,13191120,"Flank Steak, Mex Praderas",5
cluster_436,13191490,"Flank Steak, Mex Santara",5
cluster_436,13191130,"Flank Steak, Mex SuKarne",5
cluster_206,113010000,"Flat Bottom Round, GreaterOmaha HALAL",22
cluster_206,11301002,"Flat Bottom Round, GreaterOmaha (CAngus)",22
cluster_206,11303354,"Flat Bottom Round, Swift (Ch)",22
cluster_206,11301024,"Flat Bottom Round, National (Ch)",22
cluster_206,11301004,"Flat Bottom Round, GreaterOmaha (Ch)",22
cluster_206,11301142,"Flat Bottom Round, WesternReserve (CAngu",22
cluster_206,11301012,"Flat Bottom Round, IBP (CAngus)",22
cluster_206,11301001,"Flat Bottom Round, GreaterOmaha (Prime)",22
cluster_206,113010001,"Flat Bottom Round, GreaterOmaha (1881)",22
cluster_206,11301162,"Flat Bottom Round, IowaPremium (CAngus)",22
cluster_206,11301026,"Flat Bottom Round, National (N/R)",22
cluster_206,11303352,"Flat Bottom Round, Swift (C_Angus)",22
cluster_206,11301022,"Flat Bottom Round, National (CAngus)",22
cluster_206,11301141,"Flat Bottom Round, WesternReserve (Prime",22
cluster_206,11303694,"Flat Bottom Round, Aurora (Ch)",22
cluster_206,11301166,"Flat Bottom Round, IowaPremium (NR)",22
cluster_206,11301000,Beef Short Loin  Mexico Arias,22
cluster_206,11303334,"Flat Bottom Round, Upper Iowa (Ch)",22
cluster_206,11304544,"Flat Bottom Round, 5 Star (Choice)",22
cluster_206,11301164,"Flat Bottom Round, IowaPremium (Ch)",22
cluster_206,11304956,"Flat Bottom Round, Heritage",22
cluster_206,11303332,"Flat Bottom Round, Upper Iowa (CAngus)",22
cluster_521,120189,"FLAT IRON STEAK, IBP, 18/9OZ",4
cluster_521,120276,"FLAT IRON STEAK, IBP, 27/6OZ",4
cluster_521,151189,"FLAT IRON STEAK, PRIME, 18/9OZ",4
cluster_521,154276,"FLAT IRON STEAKS-27/6OZ, CH, IBP, 6OZ",4
cluster_77,85252,Flour 25#,5
cluster_77,952537,FLOUR ALL-PURPOSE 12/2#,5
cluster_77,95253000,FLOUR 25# BG *,5
cluster_77,952535,FLOUR ALL-PURPOSE 8/5#,5
cluster_77,95253001,FLOUR WHEAT 8/5#,5
cluster_57,89024,Foam Meat Tray #2 -  ROSE,6
cluster_57,89022,Foam Meat Tray #2 - YELLOW,6
cluster_57,89100,Foam Meat Tray 10S - White,6
cluster_57,89170,Foam Meat Tray 17S WHITE,6
cluster_57,89023,Foam Meat Tray  2S -  ROSE,6
cluster_57,89044,Foam Meat Tray 4D -  ROSE,6
cluster_95,18029980,"Fore Shank B/In, (Cut)",3
cluster_95,18023810,"Fore Shank B/In, Mex FC",3
cluster_95,18023680,"Fore Shank B/In, Mex SuKarne",3
cluster_274,97471740,"Franks Jumbo Classic, BL Bar S (24/1#)",4
cluster_274,97085740,"Franks Jumbo Classic, Bar S (24/1#)",4
cluster_274,97225740,"Franks Jumbo Chiken, Bar S (24/1#)",4
cluster_274,97472740,"Franks Jumbo Classic, BL Bar S (8/3 lb))",4
cluster_1,TEST,TESTING FEE,4
cluster_1,190000,SAMPLING FEE,4
cluster_1,99SAMPLE,SAMPLES,4
cluster_1,123456,TEST PRODUCT,4
cluster_124,96134690,"Fruit, IQF Fruit Blend Gourmet (8x2.5#)",9
cluster_124,99999935,"Fruit, IQF Fruit Blend (8x16oz)",9
cluster_124,96124690,"Fruit, IQF Berry Medley 4Way (8x2.5#)",9
cluster_124,96144690,"Fruit, IQF Blueberries (8x2.5#)",9
cluster_124,99999932,"Fruit, IQF Strawberries (8/2.5#)",9
cluster_124,99999934,"Fruit, IQF Strawberries (8x16oz)",9
cluster_124,96264690,"Fruit, IQF Blueberries, Chiquita 8x12oz",9
cluster_124,99999942,"Fruit, IQF Blueberries, (8x12oz)",9
cluster_124,96164690,"Fruit, IQF Berry Medley 4Way (8x12oz)",9
cluster_125,96034690,"Fruit, Yuca/Cassava IQF Rtl, Chiq (4x5)",3
cluster_125,96024690,"Fruit, Yuca/Cassava IQF Rtl, Chiq (6x3)",3
cluster_125,99999919,"Fruit, Yuca/Cassava IQF Rtl, Chiq (16x1)",3
cluster_120,99999920,"Fruit, Pulp Blkby TwinPk, Chiq (12X2/7z)",9
cluster_120,96064690,"Fruit, Pulp Guava TwinPk, Chiq (12X2/7z)",9
cluster_120,99999941,"Fruit, Pulp Mango TwinPk, Chiq 12X2/7z",9
cluster_120,96084690,"Fruit, Pulp Maracuy TwinPk, Chiq 12X2/7z",9
cluster_120,99999924,"Fruit, Pulp Mrcuya TwinPk, Chiq 12X2/7z",9
cluster_120,99999917,"Fruit, Pulp Papaya TwinPk, Chiq 12X2/7z",9
cluster_120,99999925,"Fruit, Pulp Pineap TwinPk, Chiq 12X2/7z",9
cluster_120,99999928,"Fruit, Pulp Soursop TwinPk, Chiq 12X2/7z",9
cluster_120,96114690,"Fruit, Pulp Tamarnd TwinPk, Chiq 12X2/7z",9
cluster_53,84246,FULL HARVEST Rice SHORT GRAIN 50#,6
cluster_53,84244,GENKI RICE  Short Grain  50#,6
cluster_53,84240,KOKUHO RICE  50# Medium Grain,6
cluster_53,84990,LUCKY brand-  Long Grain Rice  50#,6
cluster_53,84283,RICE KING SWEET RICE Short Grain 50#,6
cluster_53,84000,Breaded Cream Cheese Jalapeno Popper 6/5,6
cluster_88,32007,Garden Fresh Seafood Salad 2/5#,4
cluster_88,32002,Garden Fresh Bang Bang Salad 1/5#,4
cluster_88,32006,Garden Fresh Chicken Salad 2/5#,4
cluster_88,32001,Garden Fresh Mediterranean Salad 1/5#,4
cluster_133,13199466,Gift Steak 6oz Filets #37,5
cluster_133,13199406,Gift Steak 6oz Filets #35,5
cluster_133,13199446,Gift Steak 6oz Filets #38,5
cluster_133,13199486,Gift Steak 6oz Filets #36,5
cluster_133,13199426,Gift Steak 6oz Filets #34,5
cluster_2,62900,Poly Disposable Gloves XL,9
cluster_2,99500014,GLOVES POWDER FREE XL BLUE 4MIL,9
cluster_2,99500016,GLOVES LATEX POWDER FREE XL,9
cluster_2,62700,Poly Disposable Gloves - MEDIUM,9
cluster_2,62801,VINYL Disposable  Gloves  ( MEDIUM ),9
cluster_2,62910,Nitrile Gloves  (  XL LARGE )  Blue,9
cluster_2,62802,VINYL Disposable  Gloves  ( Small ),9
cluster_2,62800,VINYL Disposable Gloves  ( LARGE ),9
cluster_2,99500018,GLOVES POWDER FREE XL BLACK,9
cluster_83,30522,Goat 6way Sknls 35dn Aussie,5
cluster_83,91039980,"Goat, 6-Way 35/Up, AU",5
cluster_83,91033510,"Goat, 6-Way 35/Up, AU Wagstaff",5
cluster_83,91039981,"Goat, 6-Way 35/Up, Domestic",5
cluster_83,91032479,"Goat, 6-Way 35/UP, Thomas",5
cluster_106,31370,GREEN Bell Pepper,4
cluster_106,31002,Green Bell Pepper 1CT,4
cluster_106,31001,Gold (Yellow) Bell Pepper 1CT,4
cluster_106,31003,Red Bell Pepper 1CT,4
cluster_9,82200,Golden Pompano  600/800g,5
cluster_9,78151459,"Golden Pompano IQF, 600/800G, (40#)",5
cluster_9,78151452,"Golden Pompano IQF, 600/800G, China (40#",5
cluster_9,78153499,"Golden Pompano IQF, 600/800G, Fortune Wi",5
cluster_9,78153479,"Golden Pompano, 600/800G, Mercado (40#)",5
cluster_76,210528,MUSSELS GREEN HALF SHELL 12/2#-z,8
cluster_76,78864369,"Mussels, 1/2 Shell Med NZ, Panamei 12/2#",8
cluster_76,78269989,"Mussels, Green (12/2#)",8
cluster_76,598369,PANAMEI NZ GREEN MUSSELS 1/2 SHELL-,8
cluster_76,210527,MUSSELS VP 10#-z,8
cluster_76,62160,Mussel 1/2 Shell  NZ - LARGE,8
cluster_76,78071509,"Mussels, Green Medium, Sanford (12/2#)",8
cluster_76,78664360,"Mussels, Blk Whl Ckd VP, Panamei (10/1#)",8
cluster_527,19111070,Ground Beef 81% Fine CS Beef (40#),5
cluster_527,19121070,Ground Beef 81% Fine CS Beef (80#),5
cluster_527,42370,Ground Beef Coarse 80%,5
cluster_527,42210,Ground Beef Fine 75%,5
cluster_527,42300,Ground Beef 80/20  FRZN 60#,5
cluster_545,SP1096,GROUND BEEF PATTY 3 OZ,8
cluster_545,SP104,GROUND BEEF PATTY 4 oz,8
cluster_545,SP1091,GROUND BEEF PATTY 3.2oz,8
cluster_545,SP1048,GROUND BEEF PATTY 4oz,8
cluster_545,SP1093,"GROUND BEEF PATTY 3 oz 3""",8
cluster_545,SP1010,Ground Beef Patty 10oz THICK,8
cluster_545,SP1015,"Ground Beef Patty 10oz 5""",8
cluster_545,SP1028,"GROUND BEEF PATTY 2 OZ  3""",8
cluster_181,75041789,"Snapper, Whole Red 1.5-2lb, Netuno (10#)",26
cluster_181,75051739,"Snapper, Whole Red 2-3lb, (10#)",26
cluster_181,75219980,"Snapper, WGGS Red 1-2lb, (22.05#)",26
cluster_181,75111789,"Snapper, WGGS Lane 1-2lb, Netuno (10#)",26
cluster_181,81341,Red Snapper WGGS 1-2# (10# Case),26
cluster_181,81340,Red Snapper WGGS 2-3#  Prime 22#,26
cluster_181,75039989,"Snapper, Whole Red .75-1lb, (10#)",26
cluster_181,75011789,"Snapper, WGGS Red 1-2lb, Netuno (10#)",26
cluster_181,75189989,"Snapper, WGGS B - Liner .50-.75lb, (10#)",26
cluster_181,75049989,"Snapper, Whole Red 1.5-2lb, (10#)",26
cluster_181,80345,Red Snapper WGGS .5#-.75# 10#,26
cluster_181,75119989,"Snapper, WGGS Yellow Tail 1-2lb, (10#)",26
cluster_181,598023,RED SNAPPER-2-3#,26
cluster_181,80341,Red Snapper WGGS 1-1.5# (10# Case),26
cluster_181,75031789,"Snapper, Whole Red .75-1lb, Netuno (10#)",26
cluster_181,75021739,"Snapper, WGGS Red 2-3lb, Caribbean (25#)",26
cluster_181,75151789,"Snapper, WGGS Lane 2-3lb, Netuno (22#)",26
cluster_181,75035050,"Snapper, Whole Red .75-1lb, Allmare 10#",26
cluster_181,75051789,"Snapper, WGGS Red 2-3lb, Netuno (22#)",26
cluster_181,75015099,"Snapper, WGGS Lane 1-2lb, Condessa (10#)",26
cluster_181,82340,Red Snapper WGGS 1.5-2.0#  Sea Park,26
cluster_181,75155050,"Snapper, WGGS Lane 2-3lb, Allmare (22#)",26
cluster_181,75055429,"Snapper, WGGS Red 2-3lb, Prime SF (22#)",26
cluster_181,81342,Red Snapper WGGS 2-3# (10# Case),26
cluster_181,75014369,"Snapper, Scarlet 1-2lb, WGGS Panamei 10#",26
cluster_181,75089989,"Snapper, WGGS Red .50-.75lb, IWP (10#)",26
cluster_185,58500001,Gyro Cone Kronos 2/20#,6
cluster_185,22088030,GYRO CONE KRONOS 2/20# CENT,6
cluster_185,22093456,GYRO CONE KRONOS 1/40# CENT,6
cluster_185,22093,GYRO CONE KRONOS 1/30# CENT,6
cluster_185,22092,GYRO CONE KRONOS 4/10# CENT,6
cluster_185,22088020,GYRO CONE OLYMPIA 2/20# MED-1220,6
cluster_184,34091,Gyro Sliced 10/2# Halal,4
cluster_184,22088036,GYRO CONE MID 2/20# HALAL,4
cluster_184,90132,Gyro Sliced olympia 10/2# Halal,4
cluster_184,22088021,GYRO CONE OLYMPIA 2/20# HALAL,4
cluster_397,207900033,"Haddock Loin, Iceland 3oz (10#)",4
cluster_397,590213,ORIGIN ICELAND 3OZ HADDOCK LOIN-10#,4
cluster_397,590214,ORIGIN ICELAND 4OZ HADDOCK LOIN-10#,4
cluster_397,590215,ORIGIN ICELAND 5OZ HADDOCK LOIN-10#,4
cluster_121,12004,Halal Bnls SKNLS Thigh Meat Koch Foods,4
cluster_121,12003,Halal Chicken Tenders  Koch Foods,4
cluster_121,12006,Halal Jumbo LEG Quarters Koch Foods,4
cluster_121,12007,Halal Whole Wings  Koch Foods,4
cluster_466,41102080,"Ham BONELESS Skin-on, Dekalb #10501",5
cluster_466,41149980,PORK HAM S/ON (BOXED),5
cluster_466,41262080,"Ham Skin-ON, 3PC.(BOXED) Dekalb",5
cluster_466,41149990,PORK HAM S/ON (BOXED),5
cluster_466,41472080,"Pork Ham Hocks, SKIN-ON Dekalb",5
cluster_452,41229980,PORK HAM SEMI-BNL 14/27 COMB,8
cluster_452,41129980,Ham Skin-OFF 17/20# COMBO Pork,8
cluster_452,41159980,PORK HAM BI S/OFF 23/27# COMB,8
cluster_452,41269980,"Ham Skin-ON, 17/20# COMBO Pork",8
cluster_452,41269981,"Ham Skin-ON, 20/23# COMBO Pork",8
cluster_452,41119980,PORK HAM BI S/ON 23/27# COMB,8
cluster_452,41113570,PORK HAM BI S/ON 23/27# COMB,8
cluster_452,41229980,PORK HAM SEMI-BNL 14/27 COMB,8
cluster_464,13135776,PORK HAM SHANK SKL-OSSO*,14
cluster_464,1313582,PORK HAM SHANK SKL-CC COM45582 4/6P,14
cluster_464,13135603,PORK HAM SHANK S/ON-FLAT COM-45603,14
cluster_464,1313583,PORK HAM SHANK-z SKL-CC COM45582,14
cluster_464,1313773,PORK HAM SHANK-z S/ON COM-45773,14
cluster_464,13136846,PORK-SMK HAM SHANK SKL BEL 30#,14
cluster_464,1313773,PORK HAM SHANK-z S/ON COM-45773,14
cluster_464,13136980,PORK HAM SHANK SKL 13F,14
cluster_464,13136847,PORK-SMK HAM SHANK SKL 30#,14
cluster_464,12088609,PORK HAM SHANK-z SKL-VOL COM-88609,14
cluster_464,13136910,PORK HAM SHANK-z SKL COM 45732 2/5P,14
cluster_464,13135604,PORK HAM SHANK-z S/ON-FLAT COM,14
cluster_464,13136990,PORK HAM SHANK SKL ~MARKET 30#,14
cluster_464,13135775,PORK HAM SHANK-z SKL-OSSO COM-45774,14
cluster_267,1343232,HAM SMK-z COM BI-SS NJ NET 3232,7
cluster_267,1343232,HAM SMK-z COM BI-SS NJ NET 3232,7
cluster_267,13453,HAM SMK-z COM BI SS NJ-F/N 3242,7
cluster_267,13453,HAM SMK-z COM BI SS NJ-F/N 3242,7
cluster_267,1343212,HAM SMK COM BI NJ 3212 4/8#H,7
cluster_267,13458,HAM SMK-z COM BI SS NJ 3222 4/9#H,7
cluster_267,1343213,HAM SMK-z COM BI NJ 3212 4/8#H,7
cluster_265,1353131,HAM SMK-z COM PIT HKRY 3131 2/11#W,7
cluster_265,1353132,HAM SMK COM PIT HKRY 3132 4/6#H,7
cluster_265,1353134,HAM SMK COM PIT HKRY 3134 8/3#Q,7
cluster_265,13332,HAM SMK-z COM BNL PIT SS 3332 4/5#H,7
cluster_265,13500226,HAM SMK-z COM BNL PIT 3134 8/3#Q,7
cluster_265,13332,HAM SMK-z COM BNL PIT SS 3332 4/5#H,7
cluster_265,1353131,HAM SMK-z COM PIT HKRY 3131 2/11#W,7
cluster_264,13485845,HAM SMK MKL BNL BUF HLV,5
cluster_264,1831047,HAM SMK THM BNL BLFORST 2/7.5#,5
cluster_264,1831025,HAM SMK THM BNL MAPL GLZD 2/8#,5
cluster_264,1831043,HAM SMK THM BNL TAV HLV-FLT 2/4.5#,5
cluster_264,1831043Z,HAM SMK-z THM BNL TAV HLV-FLT 4.5#,5
cluster_266,13423,HAM SMK PEER BNL BUF 32625 2/11#,4
cluster_266,13416,HAM SMK PEER BI 30150 2/20#,4
cluster_266,13423,HAM SMK PEER BNL BUF 32625 2/11#,4
cluster_266,13416,HAM SMK PEER BI 30150 2/20#,4
cluster_27,16061024,Hanging Tender (Diaphragm) National (Ch),7
cluster_27,16069984,"Hanging Tender (Diaphragm), (Ch)",7
cluster_27,16061056,"Hanging Tender (Diaphragm), AFG (NR)",7
cluster_27,16061016,"Hanging Tender (Diaphragm), IBP (N/R)",7
cluster_27,16064640,"Hanging Tender (Diaphragm), Mex El Alba",7
cluster_27,16061120,"Hanging Tender (Diaphragm), Mex Praderas",7
cluster_27,16061014,"Hanging Tender(Diaphragm), IBP (Ch)",7
cluster_159,10041000,"Heel Meat, GreaterOmaha",5
cluster_159,10041006,"Heel Meat, GreaterOmaha (N/R)",5
cluster_159,10041004,"Heel Meat, GreaterOmaha (Hereford)",5
cluster_159,10042406,"Heel Meat, US212 (N/R)",5
cluster_159,10041003,"Heel Meat, GreaterOmaha (CAngus)",5
cluster_17,31085,Herb - Rosemary Fresh,5
cluster_17,31081,Herb - Mint Fresh,5
cluster_17,50130124,HERB FRSH ROSEMARY 1#,5
cluster_17,31087,Herb - Sage Fresh,5
cluster_17,50138012,HERB FRSH MINT 1#,5
cluster_190,18009984,"Hind Shank B/In, (Ch)",6
cluster_190,18004544,"Hind Shank B/In, 5star (Ch)",6
cluster_190,18014544,"Hind Shank B/In, CC, 5star (Ch)",6
cluster_190,18001024,"Hind Shank B/In, National (Ch)",6
cluster_190,18003334,"Hind Shank B/In, UpperIowa (Ch)",6
cluster_190,18001144,"Hind Shank B/In, Western Reserve (Ch)",6
cluster_191,18009980,"Hind Shank B/In, (Cut)",10
cluster_191,18011490,"Hind Shank B/In, Mex Proboca (Cut)",10
cluster_191,18001490,"Hind Shank B/In, Mex Proboca",10
cluster_191,18001490,"Hind Shank B/In, Mex Proboca",10
cluster_191,18003420,"Hind Shank B/In, Mex Viba",10
cluster_191,18014850,"Hind Shank B/In, Mex Revuelta (Cut)",10
cluster_191,18001620,"Hind Shank B/In, Mex Ribe",10
cluster_191,18011130,"Hind Shank B/In, Mex SuKarne (Cut)",10
cluster_191,18001590,"Hind Shank B/In, Mex Fertres",10
cluster_191,18001130,"Hind Shank B/In, Mex SuKarne",10
cluster_230,255052,HOT DOG THM AB NC-08-1 12/1#VP RET,18
cluster_230,25269F,HOT DOG-$ THM-z PB-FRY 08-1 2/5#,18
cluster_230,25064,HOT DOG-$ THM-z AB SKL 04-1 2/5#VP,18
cluster_230,24808F,HOT DOG-$ THM-z PB SKL 08-1 2/6#,18
cluster_230,25066,HOT DOG THM AB NC 02-1 11.75-in 5#,18
cluster_230,25206,HOT DOG THM PB NC 04-1 2/5#VP,18
cluster_230,25206P,HOT DOG-$ THM-z PB NC 04-1 2/5#VP,18
cluster_230,25215,HOT DOG THM PB NC 06-1 2/5#VP,18
cluster_230,26927411,HOT DOG MAK B/P SKL 8-1 10#,18
cluster_230,25068P,HOT DOG-$ THM-z AB SKL 06-1 2/5#VP,18
cluster_230,25210P,HOT DOG-$ THM-z PB NC 08-1 2/5#VP,18
cluster_230,22095N3,HOT DOG SINAI AB SKL8-1 2/5# 065-z,18
cluster_230,25064,HOT DOG-$ THM-z AB SKL 04-1 2/5#VP,18
cluster_230,22110012,HOT DOG OM AB 4-1 6.5-in 10#-z,18
cluster_230,25068,HOT DOG THM AB SKL 06-1 2/5#VP,18
cluster_230,250682,HOT DOG SINAI AB SKL6-1 2/5# 064,18
cluster_230,254816P,HOT DOG-$ THM-z PB SKL4-1 15/20-OZ,18
cluster_230,255219,HOT DOG THM PB-JALAP RET 12/1#,18
cluster_231,22130,HOT DOG V SKL 6-1 6-in 013062 10#,9
cluster_231,22131123,HOT DOG V SKL 10-1 6-in 013302 10#,9
cluster_231,22131125,HOT DOG V SKL-z 10-1 6-in 013302,9
cluster_231,22129016,HOT DOG V NC 6`s 6 010960 10#,9
cluster_231,22129014,HOT DOG V SKL-z 8-1 6-in 013180 10#,9
cluster_231,22129012,HOT DOG V NC 8`s 6 010980 10#,9
cluster_231,22131,HOT DOG-$ V-z NC 9s 6-in 10990 10#,9
cluster_231,22126132,HOT DOG V NC 4`s 6 010940 10#,9
cluster_231,22131102,HOT DOG V SKL-z 9-1 6-in 013292 10#,9
cluster_92,970026,HS ORG TEA 12/16-OZ GRN - CITRUS,10
cluster_92,970023,HS ORG TEA 12/16-OZ BLK - CURRANT,10
cluster_92,970025,HS ORG TEA 12/16-OZ BLACK,10
cluster_92,970211,HS ORG TEA 12/16-OZ BLK - SWEET,10
cluster_92,970036,HS ORG TEA 12/16-OZ UNSWT SOBA GRN,10
cluster_92,970203,HS ORG TEA 12/16-OZ UNSWT BLOOD ORG,10
cluster_92,970052,HS ORG TEA 12/16-OZ UNSWT SUP-BLACK,10
cluster_92,970031,HS ORG TEA 12/16-OZ-CAF HERBAL MINT,10
cluster_92,970053,HS ORG TEA 12/16-OZ UNSWT SUP-GREEN,10
cluster_92,970027,HS ORG TEA 12/16-OZ GRN - COCONUT,10
cluster_52,180730763,Iltaco Bee f Pizza Puff(4pack)Power Play,5
cluster_52,180830763,Iltaco Deluxe Pizza Puff(4pack)PowerPlay,5
cluster_52,180630763,Iltaco Orig Pizza Puff(4pack)Power Play,5
cluster_52,180930763,Iltaco PeperonPizza Puff(4pack)PowerPlay,5
cluster_52,181030763,Iltaco Taco Pizza Puff(4pack)PowerPlay,5
cluster_427,16041014,"Inner Skirts, IBP (Ch)",15
cluster_427,16041056,"Inner Skirts, AFG (NR)",15
cluster_427,16021014,"Outside Skirts, IBP (Ch)",15
cluster_427,16043576,"Inner Skirts, IBP (N/R)",15
cluster_427,16041054,"Inner Skirts, AFG (Ch)",15
cluster_427,120800001,"Inner Skirts, IBP (CAngus)",15
cluster_427,160410040,"Inner Skirts, Heartland (Ch)",15
cluster_427,16043742,"Inner Skirts, Excel (CAngus)",15
cluster_427,16041004,"Inner Skirts, GreaterOmaha (Ch)",15
cluster_427,16043334,"Inner Skirts, Upper Iowa (Ch)",15
cluster_427,16043575,"Inner Skirts, IBP (Sel)",15
cluster_427,16041024,"Inner Skirts, National (Ch)",15
cluster_427,16044544,"Inner Skirts, 5Star (Ch)",15
cluster_427,16043352,"Inner Skirts, Swift (CAngus)",15
cluster_427,16043332,"Inner Skirts, Upper Iowa (CAngus)",15
cluster_270,16044664,"Inner Skirts, Canadian Diamond",6
cluster_270,16044667,"Inner Skirts, Canadian Diamond (A)",6
cluster_270,16044665,"Inner Skirts, Canadian Diamond (AA)",6
cluster_270,16044662,"Inner Skirts, Canadian Diamond CAngus 3A",6
cluster_270,16044663,"Inner Skirts, Canadian Diamond ChAngu 3A",6
cluster_270,16043340,"Inner Skirts, Diamond Canada (A)",6
cluster_253,16041085,"Inner Skirts, St. Helens (AA)",6
cluster_253,16043754,"Inner Skirts, St. Helens (AAA)",6
cluster_253,16044574,"Inner Skirts, St. Helens (Ch)",6
cluster_253,16044573,"Inner Skirts, St. Helens (Ch_Angus)",6
cluster_253,16044576,"Inner Skirts, St. Helens (N/R)",6
cluster_253,16044575,"Inner Skirts, St. Helens (Sel)",6
cluster_174,11191144,"Inside Round XT, WesternReserve (Ch)",16
cluster_174,11191054,"Inside Round XT, AFG (Ch)",16
cluster_174,11191874,"Inside Round XT, HALAL Nebraska (Ch)",16
cluster_174,11291872,"Inside Round XT, Nebraska Halal (CAngus)",16
cluster_174,111910040,"Inside Round XT, GreaterOmaha HALAL (Ch)",16
cluster_174,11193574,"Inside Round XT, IBP (Ch)",16
cluster_174,11194564,"Inside Round XT, GreaterOmaha (Hereford)",16
cluster_174,11191873,"Inside Round XT, HALAL Nebraska (Ch_Ang)",16
cluster_174,11191002,"Inside Round XT, GreaterOmaha (CAngus)",16
cluster_174,11191012,"Inside Round XT, IBP (CAngus)",16
cluster_174,11173575,"Inside Round XT, IBP (Sel)",16
cluster_174,11191014,Inside Round COSMO IBP (Ch),16
cluster_174,11191004,"Inside Round XT, GreaterOmaha (Ch)",16
cluster_174,11191162,"Inside Round XT, IowaPremium (CAngus)",16
cluster_174,11191142,"Inside Round XT, WesternReserve (CAngus)",16
cluster_174,11193575,Inside Round COSMO IBP (Sel),16
cluster_80,96013,JCS Guva Nectar,4
cluster_80,96014,JCS Guva Pineapple Nectar,4
cluster_80,96011,JCS Mango Carrot Nectar,4
cluster_80,96012,JCS Mango Nectar,4
cluster_457,41549810,Turkey Burger 5.33 ozte,5
cluster_457,41246500,Turkey Pattie 5.33oz White Jennie-O,5
cluster_457,41249810,Turkey Burger 5.33 oz  93/7,5
cluster_457,41247300,Turkey Pattie 5.33oz Premium Frozen- Jen,5
cluster_457,391530,"TURKEY BURGER, 5.3OZ, 10#, J.O.",5
cluster_227,97369,Kabab Roll Lamb Kaiser Halal,8
cluster_227,97819,Kabob Chicken Adana Kaiser Halal,8
cluster_227,97437,Kabob Chicken Roll Kaiser Halal,8
cluster_227,97987,Kabob Lamb Kofta  Kaiser Halal,8
cluster_227,97567,Seekh Beef Kabob Kaiser Halal,8
cluster_227,97727,Seekh Chicken Kabob Fp Kaiser Halal,8
cluster_227,97550,Seekh Chicken Kabob Kaiser Halal,8
cluster_227,97574,Seekh Lamb Kabob Kaiser Halal,8
cluster_82,40171000,TOMATO PASTE RED GOLD 6/#10,8
cluster_82,22080184,TOMATO PUREE RG 6/#10,8
cluster_82,22080301,TOMATO PUREE 6/#10 S.BEN,8
cluster_82,40171016,TOMATO PASTE BIG 6/#10,8
cluster_82,91091,KETCHUP HEINZ 6/#10,8
cluster_82,90342003,SAUCE TOMATO 6/#10 S.BENITO,8
cluster_82,90738,TOMATO SAUCE 6/#10 FULL RED,8
cluster_82,91093,KETCHUP RED GOLD 6/#10,8
cluster_226,11129984,"Knuckle Pld, (Ch)",10
cluster_226,11121054,"Knuckle Pld, AFG (Ch)",10
cluster_226,11121014,"Knuckle Pld, IBP (Ch)",10
cluster_226,11123354,"Knuckle Pld, Swift (Ch)",10
cluster_226,11121004,"Knuckle Pld, GreaterOmaha (Ch)",10
cluster_226,11121024,"Knuckle Pld, National (Ch)",10
cluster_226,11121034,"Knuckle Pld, BlueRibbon (Ch)",10
cluster_226,11123364,"Knuckle Pld, Top Shelf (Ch)",10
cluster_226,11121144,"Knuckle Pld, WesternReserve (Ch)",10
cluster_226,11123352,"Knuckle Pld, Swift (CAngus)",10
cluster_209,11121873,"Knuckle Pld, Nebraska Beef (Ch_Angus)",3
cluster_209,11121872,"Knuckle Pld, Nebraska Beef (CAngus)",3
cluster_209,11121876,"Knuckle Pld, Nebraska Beef (NR_Angus)",3
cluster_18,85660,Lafiness Savory Garlic Marinade,6
cluster_18,85760,Lafiness WILD GARLIC Marinade,6
cluster_18,85670,Lafiness BLACK GARLIC Marinade,6
cluster_18,85680,Lafiness TERIYAKI style Marinade,6
cluster_18,85690,Lafiness Garlic & PARMESAN,6
cluster_18,85770,Lafiness CITRUS & LEMON Marinade,6
cluster_431,53256600,Lamb  Loin B/ in   trimmed Domestic-1X1,8
cluster_431,1236,LAMB LOIN SDL-TRM SPLT 4x4-z PRO,8
cluster_431,12288,LAMB LOIN TRM BR 1x1 *_,8
cluster_431,12322004,LAMB LOIN TRM BR 1x1 FMC,8
cluster_431,123177,LAMB LOIN TRM BR 1x1 FRF 6/1.8#,8
cluster_431,12289,LAMB LOIN TRM BR 1x1 PIO,8
cluster_431,1233034,LAMB LOIN-z TRM BR 1x1 SUP 6P 10262,8
cluster_431,1233034,LAMB LOIN-z TRM BR 1x1 SUP 6P 10262,8
cluster_465,12328,LAMB LOIN-TS-B/R>BI CHOP *CTS,5
cluster_465,1232810,LAMB LOIN-TS-B/R>BI CHOP 1-in EESA,5
cluster_465,12329,LAMB LOIN-TS-B/R>BI CHOP 4-oz EESA,5
cluster_465,12322001,LAMB LOIN-TS-B/R>BI CHOP 4/1 EESA,5
cluster_465,123296,LAMB LOIN-TS-B/R>BI CHOP 6-oz EESA,5
cluster_393,12024,LAMB RACK-z 09R W ~M-5PC,14
cluster_393,1201104,LAMB RACK 08R W FRF 10up 4P,14
cluster_393,12017,LAMB RACK-z 08R-D FR2 C/OFF SUP 4PC,14
cluster_393,12021206,LAMB RACK 08R-C FR2 C-ON,14
cluster_393,12021204,LAMB RACK 08R-C FR2 C-ON-1/2 FRF 8P,14
cluster_393,12024,LAMB RACK-z 09R W ~M-5PC,14
cluster_393,12054,LAMB RACK-z-NZE F16-18 AFF 10/2P,14
cluster_393,12065,LAMB RACK-z-AUS F18-20 FLE 20P,14
cluster_393,12022,LAMB RACK 08R-D FR2 C/OFF SUP 28-32,14
cluster_393,1206122,LAMB RACK-z-AUS F22-24 FLE 16P,14
cluster_393,12070,LAMB RACK-z-AUS F20-22 16P/20#,14
cluster_393,1204801,LAMB RACK-z-AUS F16-18 FLE 16P,14
cluster_393,120674,LAMB RACK-z-AUS F32+ WAG 14P,14
cluster_393,12010,LAMB RACK 08R W *_ 10up 5P,14
cluster_394,21029980,"Lamb Rack, Frenched 24/26",16
cluster_394,59550026,Lamb Rack 24/26  Frenched Australian,16
cluster_394,59550023,Lamb Rack 20/22 Frenched Australia,16
cluster_394,420082,NEW ZEALAND FRENCHED LAMB RACK,16
cluster_394,59055121,Lamb Rack 18/20 Frenched    Imported,16
cluster_394,59055122,Lamb Rack 20/22 Frenched Australian,16
cluster_394,52309000,Lamb Rack 9 Rib-Single-11Up,16
cluster_394,59055126,Lamb Rack 24/26 Frenched New Zealand,16
cluster_394,59550030,Lamb Rack Frenched Australian -32 UP,16
cluster_394,59055124,Lamb Rack 22/24 Frenched New Zealand,16
cluster_394,59055114,Lamb Rack 12/14 Frenched New Zealand,16
cluster_394,59850550,Lamb Rack 16/18  Frenched Australia,16
cluster_394,30040,Lamb Rack 26/28,16
cluster_394,30041,Lamb Rack Frenched 16-18 NZ,16
cluster_394,59550024,Lamb Rack 22/24 Frenched Australia,16
cluster_394,59055118,Lamb Rack 16/18 Frenched New Zealand,16
cluster_289,59891010,Lamb Shanks Imported- F/S New Zealand,5
cluster_289,59891012,Lamb Shanks Imported- F/S AU,5
cluster_289,59891011,Lamb Shanks Imported- F/S New Zealand-,5
cluster_289,59891014,Lamb Shanks Imported- F/S auss 10/14,5
cluster_289,59713770,Lamb Shanks Domestic-Fore,5
cluster_40,90019980,Lard (50#),4
cluster_40,93222,LARD LAV 50# CUBE,4
cluster_40,93220,LARD BB 50# CUBE,4
cluster_40,91259900,Lard (Shortening),4
cluster_32,50149,LIMES 200CT,5
cluster_32,31570,Limes (green) - Verde 200ct/230ct,5
cluster_32,50151,LIMES 230CT,5
cluster_32,50150,LIMES 175CT,5
cluster_32,50148,LIMES 150CT,5
cluster_62,9903210,LID 08 OZ 20JL DART 1000CT,7
cluster_62,99032L32,LID 32 OZ 32SL SLOTTED DART 1000CT,7
cluster_62,990373,LID 01 OZ PL1 25/100 CT DART,7
cluster_62,990323,LID 02 OZ PL2OON 20/125 DART,7
cluster_62,990367,LID 16 OZ 16SL DART,7
cluster_62,99029,LID 20 OZ 20JL VENT DART 10/100 CT,7
cluster_62,990368,LID 16 OZ 16JL DART,7
cluster_258,38141912,Pork Liver Sausage,11
cluster_258,1834205,LIVER SAUSAGE THM SMK 2/4#,11
cluster_258,1834215,LIVER SAUSAGE THM-FRESH 2/4#,11
cluster_258,1834205Z,LIVER SAUSAGE-z THM-SMK 2/4#,11
cluster_258,1834215Z,LIVER SAUSAGE-z THM 2/4#,11
cluster_258,1834240Z,LIVER SAUSAGE-z THM SMK YEL-C 2/4#,11
cluster_258,SP160,LIVER SAUSAGE,11
cluster_258,620057,2OZ HOMEMADE BRATWURST LINKS,11
cluster_258,1834240,LIVER SAUSAGE THM YEL-CELLO 2/4#,11
cluster_258,13964878,LIVER SAUSAGE USG 2/3#,11
cluster_258,38919900,Sausage Pork,11
cluster_86,1383447,LOAVES-z THM OVAL MINCED LOAF 5.5#,4
cluster_86,1383410Z,LOAVES-z THM OLIVE LOAF 5#,4
cluster_86,1383410,LOAVES THM OLIVE LOAF 2/5#,4
cluster_86,1383434,LOAVES THM HEAD CHEESE 2/5.5#,4
cluster_177,78222999,"Lobster Tail Meat, 10#",9
cluster_177,21061,LOBSTER TAILS-z 4-oz 10#,9
cluster_177,60051,Lobster TAILS 4oz IQF N/Atl 10#,9
cluster_177,78239989,"Lobster Tail (Coldwater), 4/5oz (10#)",9
cluster_177,60080,Lobster Tail (5oz) - 10# Each,9
cluster_177,60030,Lobster Tail (6oz) - 10# Each,9
cluster_177,60031,Lobster Tail (8oz) - 10# Each,9
cluster_177,78219980,"Lobster Tail, 6/7oz (10#)",9
cluster_177,80950400,Seafood Lobster Tails 4oz Cold Water,9
cluster_504,44021060,"Loin Bone In 18/22 Light, Pork Indiana",8
cluster_504,44032080,"Loin Bone In 18/22 Poly, Pork Dekalb",8
cluster_504,44003460,"Loin Bone In 18/22 VP, Pork, Hatfield",8
cluster_504,44001980,"Loin Bone In 18/22 VP, Pork, Smithfield",8
cluster_504,44041060,"Loin Bone In 18/22, Pork Indiana (Light)",8
cluster_504,44031060,"Loin Bone In 18/22, Pork Indiana (Medium",8
cluster_504,153700009,"Loin Bone In 18/22, Pork Indiana Medium",8
cluster_504,44031150,"Loin Bone In 18/22, Pork Seaboard Medium",8
cluster_218,97499780,Magnolia Mild Souse(12-1lb)Polks,3
cluster_218,97481780,Magnolia Smkd Sausage(8-1.25lb)Polks,3
cluster_218,97498780,Magnolia Hot Souse(1-6lb)Polks,3
cluster_189,22139658,MEATBALL-z FONT PK FC .5 oz MAMA10#,5
cluster_189,22139657,MEATBALL-z FONT PK FC 1-OZ 10#,5
cluster_189,22139661,MEATBALL-z FONT PK FC 1.5 oz MA10#,5
cluster_189,22139659,MEATBALL-z FONT PK FC 2-OZ MA 10#,5
cluster_189,2213069,MEATBALL-z THM CKD 2oz10#,5
cluster_228,43466021,Mich Tky Breast Whole Oven Roasted Fresh,15
cluster_228,46602,Mich Tky Breast Whole Oven Roasted Froze,15
cluster_228,23468241,Mich Tky Chicken Breast Golden Browned,15
cluster_228,43466121,Mich Tky Golden Browned Whole Breast Pan,15
cluster_228,43468121,Mich Tky Golden Browned Whole Brst Pan,15
cluster_228,43468181,Mich Tky Golden Roasted Whole Breast Pan,15
cluster_228,43476021,Mich Tky Hickory Smoked Whole Breast,15
cluster_228,43469501,Mich Tky Natural Oven Brown S/On Tky Brs,15
cluster_228,22048214,Mich Tky Oven Browned Chicken Breast Log,15
cluster_228,43468081,Mich Tky Oven Browned S/On Whole Breast,15
cluster_228,43486567,Mich Tky Oven Browned Turkey Breast Log,15
cluster_228,43464041,Mich Tky Oven Roasted Brst W/ White Meat,15
cluster_228,43468201,Mich Tky Oven Roasted Petite S/On Brst,15
cluster_228,43468001,Mich Tky Oven Roasted Skin On Whole Brst,15
cluster_228,43468021,Mich Tky Oven Roasted Whole Breast Fresh,15
cluster_375,43350112,Mich Tky Jumbo Turkey Tails Frozen,5
cluster_375,41132001,Mich Tky Turkey Drumsticks Frozen,5
cluster_375,43221001,Mich Tky Turkey Necks Fresh,5
cluster_375,43220012,Mich Tky Turkey Necks Frozen,5
cluster_375,43230012,Mich Tky Whole Turkey Wings Frozen,5
cluster_97,224075,MORTADELLA THM-PISTACHIO 2/6#,4
cluster_97,224075,MORTADELLA THM-PISTACHIO 2/6#,4
cluster_97,224076Z,MORTADELLA-z THM 2/6#,4
cluster_97,34183250,Mortadella Carando,4
cluster_49,59552302,Mutton 6 Way,7
cluster_49,45409793,MUTTON-z 6WAY AUS>CTS,7
cluster_49,92009980,"Mutton 6 Way, Frozen",7
cluster_49,45406,MUTTON-z 6WAY AUS 53#dwn,7
cluster_49,45406990,MUTTON-z 6WAY AUS>1-in SQ 45#,7
cluster_49,45406966,MUTTON-z 6WAY AUS>4-in SQ,7
cluster_49,45406989,MUTTON-z 6WAY AUS>2-in SQ,7
cluster_402,10051160,"Neckbone Beef, Iowa Premium",7
cluster_402,10051590,"Neckbone Beef, Mex Fertres",7
cluster_402,10051320,"Neckbone Beef, Mex Gusi",7
cluster_402,10051120,"Neckbone Beef, Mex Praderas",7
cluster_402,10051620,"Neckbone Beef, Mex Ribe",7
cluster_402,10051130,"Neckbone Beef, Mex SuKarne",7
cluster_402,10051090,"Neckbone Beef, Mex, FC",7
cluster_391,78289989,"Ocean Perch, 4-6ct, (40#)",10
cluster_391,78283479,"Ocean Perch, 4-6ct, Mercado Del Mar 40#",10
cluster_391,78284759,"Ocean Perch, 4-6ct, Hook & Barrel (40#)",10
cluster_391,78279989,"Ocean Perch, 2-4ct, (40#)",10
cluster_391,78271109,"Ocean Perch, 4-6ct, Crystal Blue (40#)",10
cluster_391,78271710,"Ocean Perch, 4-6ct, KING SF (40#)",10
cluster_391,78273479,"Ocean Perch, 2-4ct, Mercado Del Mar 40#",10
cluster_391,78274759,"Ocean Perch, 2-4ct, Hook & Barrel (40#)",10
cluster_391,78274529,"Ocean Perch, 2-4ct, Crystal Blue (40#)",10
cluster_391,78293470,"Ocean Perch, 4-6ct, Mercado Del Mar(10#)",10
cluster_13,90482,OLIVES KALAMATA JMB 28.5# PAIL,5
cluster_13,90482013,OLIVES KALAMATA PITTED 10-KG,5
cluster_13,90486,OLIVES KALAMATA PITTED 11-KG VILL,5
cluster_13,90483,OLIVES KALAMATA XL 28.5# PAIL,5
cluster_13,94956410,Olives Pitted Kalamata,5
cluster_399,520113,ORIGIN ICELAND 3OZ COD LOIN-10#,7
cluster_399,520114,ORIGIN ICELAND 4OZ COD LOIN-10#,7
cluster_399,520118,ORIGIN ICELAND 8OZ COD LOIN-10#,7
cluster_399,520115,ORIGIN ICELAND 5OZ COD LOIN-10#,7
cluster_399,520117,ORIGIN ICELAND 7OZ COD LOIN-10#,7
cluster_399,520193,ORIGIN ICELAND 3.5OZ SANDWICH CUT COD,7
cluster_399,521013,ORIGIN PACIFIC 3OZ COD LOIN-10#,7
cluster_167,150007,"OUTSIDE SKIRT, PEELED, GUSI/FERTRES",7
cluster_167,16029986,Outside Skirts Peeled Circle T (NR),7
cluster_167,16029980,"Outside Skirts Peeled,",7
cluster_167,16023760,"Outside Skirts Peeled, Liffey",7
cluster_167,16021320,"Outside Skirts Peeled, Mex, Gusi",7
cluster_167,16021000,"Outside Skirts, GreaterOmaha (Peeled)",7
cluster_167,150004,"OUTSIDE SKIRTS, PEELED",7
cluster_203,16021590,"Outside Skirts Pld, Mex Fertres",3
cluster_203,16021120,"Outside Skirts Pld, Mex Praderas",3
cluster_203,16021130,"Outside Skirts Pld, Mex SuKarne",3
cluster_240,10391160,"Oxtails, Iowa Premium (15#)",16
cluster_240,10393330,"Oxtails (Whole), Upper Iowa",16
cluster_240,10391010,"Oxtails Whole Steer, IBP (15#)",16
cluster_240,10411050,"Oxtails Whole Steer, AFG #06125",16
cluster_240,10401050,"Oxtails, AFG #06120 (20#)",16
cluster_240,10399980,"Oxtails, Whole",16
cluster_240,10391145,"Oxtails, Western Reserve (Sel) #000035",16
cluster_240,10391120,"Oxtails (Whole), Mex Praderas",16
cluster_240,207900014,"Oxtails Whole, JBS (15#)",16
cluster_240,10391050,"Oxtails, AFG (30#)",16
cluster_240,207900024,"Oxtails Whole, Greater Omaha (15#)",16
cluster_240,10394830,"Oxtails (Whole), S. E. P. (30#)",16
cluster_240,10391130,"Oxtails (Cut), Mex SuKarne",16
cluster_240,10394900,"Oxtails (Whole), E M M",16
cluster_240,10401120,"Oxtails (Cut), Mex Praderas",16
cluster_240,10391005,"Oxtails, Greater Omaha (Sel)",16
cluster_14,21053O,OYSTERS 100CT,4
cluster_14,21053O,OYSTERS 100CT,4
cluster_14,21053G,OYSTERS GAL STANDARD,4
cluster_14,21053K,OYSTERS GAL SELECT,4
cluster_41,71002,Panamei 26/30 EZ Peel 10/2#,5
cluster_41,71004,Panamei 31/40 P&D T/Off 5/2#,5
cluster_41,71006,Panamei 31/40 CKD T/On 5/2#,5
cluster_41,71001,Panamei 16/20 EZ Peel 10/2#,5
cluster_41,71003,Panamei 41/50 EZ Peel 10/2#,5
cluster_252,78394360,Seafood Mix W/Surimi Rtl Panamei (24/1#),9
cluster_252,78694369,"Seafood Mix , Panamei (20/1#)",9
cluster_252,78594360,Seafood Medley IQF Rtl Panamei (24/1#),9
cluster_252,560023,PANAMEI SEAFOOD MIX,9
cluster_252,78494360,Seafood Mix W/Surimi No/Shrimp Pana 24/1,9
cluster_252,80210,Seafood Mix 24/1#,9
cluster_252,78654369,"Seafood Medley IQF, Panamei (8/3#)",9
cluster_252,93414,SEAFOOD MIX-z SEAPORT 20/1# MARINAR,9
cluster_252,534369,PANAMEI COOKED SHRIMP-21/25 IQF-10/1#,9
cluster_91,597151,PANAMEI SQUID COOKED SLICES IQF-10/2#,5
cluster_91,78844360,"Squid Ckd, Slices IQF Rtl, Panamei 10/2#",5
cluster_91,78144360,"Squid Ckd, Slices IQF Rtl, Panamei 12/1#",5
cluster_91,78134369,"Squid Rings, Rtl IQF, Panamei (12/1#)",5
cluster_91,78544369,"Squid, Tube U/10 IQF, Panamei (10#)",5
cluster_10,91090123,SYRUP PANCAKE & WAF 4/1 GAL TONE,3
cluster_10,91090111,SYRUP PANCAKE & WAF 4/1 GAL TEC,3
cluster_10,90271109,PANCAKE MIX GOLDEN BEAR 6/5#,3
cluster_175,97362,Paratha  Jumbo FP Kaiser Halal,5
cluster_175,97291,Paratha Keema  Kaiser Halal,5
cluster_175,97116,Paratha Roll Tikki Marsala  Kaiser Halal,5
cluster_175,97444,Tandoori Roll Chicken Kaiser Halal,5
cluster_175,97673,Tandorri Chicken Tikka Kaiser Halal,5
cluster_179,1832012Z,PASTRAMI-z THM BRISK1ST 2/5#,9
cluster_179,1832633Z,PASTRAMI-z THM-BOT-RND AN* 2/5#,9
cluster_179,1832633,PASTRAMI THM-BOT-RND-AN* 2/5#,9
cluster_179,1832012,PASTRAMI THM-BRISK1ST 2/5#,9
cluster_179,1832016,PASTRAMI SYG SMK BRISK1ST CUT3-4/5#,9
cluster_179,1832647,PASTRAMI THM-BOT-RND LRG 2/6#,9
cluster_179,1832647,PASTRAMI THM-BOT-RND LRG 2/6#,9
cluster_179,1832646Z,PASTRAMI-z THM-BOT-RND-SML 4/3.5#,9
cluster_179,1832224Z,TRKY OR BR THM-z PASTRAMI 5/4#,9
cluster_114,50140219,PEPPER BEL GREEN CHOICE 20#,4
cluster_114,50140216,PEPPER BEL RED XLG 20#,4
cluster_114,50140213,PEPPER BEL GREEN XLRG 20#,4
cluster_114,50140214,PEPPER BEL RED MED 5#,4
cluster_111,50156,PEPPER CHILE WHL ANCHO ME 5#,6
cluster_111,50147,PEPPER CHILE PASILLA WHL ME 5#,6
cluster_111,50165,PEPPER CHILE PULLA 5#,6
cluster_111,50171,PEPPER CHILE WHL CHIPOTLE ME 5#,6
cluster_111,50143,PEPPER CHILE DE ARBOL NO STEM 5#,6
cluster_111,5014413,PEPPER CHILE GUAJILLO N/STEM PER25#,6
cluster_113,501384,PEPPER JALAPENO GREEN 15-20#,3
cluster_113,31640,EGG LIQ YOLK SUGAR 30#-z,3
cluster_113,50138,PEPPER JALAPENO GREEN 38#,3
cluster_148,SP1054,PIZZA-Pepperoni INDIV  * 54/CS *,8
cluster_148,22PC57,PEPPERONI DELI STICK THM 3/4#,8
cluster_148,22PC57,PEPPERONI DELI STICK THM 3/4#,8
cluster_148,22206,PEPPERONI-z DELI STICK FIO 4/3#,8
cluster_148,22209,PEPPERONI DELI STICK MAR-36017 4/4#,8
cluster_148,22212,PEPPERONI DELI STICK MAR-36025 2/5#,8
cluster_148,22200,PEPPERONI SLCD BEL 10#,8
cluster_148,22203,PEPPERONI SLCD MARG 8/2#,8
cluster_450,124040,"PETITE TENDER FILLET, 4OZ",3
cluster_450,124080,"PETITE TENDER FILLET, 8OZ",3
cluster_450,124030,"PETITE TENDER FILLET, 3OZ",3
cluster_28,91148465,PICKLE VIE DIL SPEAR300 5G 056690,6
cluster_28,91155,PICKLE CPC DIL SPEAR300 5G 56698,6
cluster_28,91149,PICKLE *** DIL CHIP 1 GAL,6
cluster_28,91156132,PICKLE VIE DIL WHL LG60 5G 057080,6
cluster_28,91156133,PICKLE VIE DIL WHL BABY200 5G 56470,6
cluster_28,91144440,PICKLE CPC DIL CHP SM1/8 5G 55350,6
cluster_480,47159980,Picnic BONELESS COMBO Pork,11
cluster_480,47143570,"Picnics Bone In Pork (1pc), IBP",11
cluster_480,47043570,"Picnics Bone In Pork (2pc), IBP",11
cluster_480,47041060,"Picnics Bone In VP, Pork, Indiana",11
cluster_480,47041920,"Picnics Bone In, Pork, Prestage",11
cluster_480,47059980,"Picnics Boneless, Pork",11
cluster_480,47053570,"Picnics Boneless, Pork IBP",11
cluster_480,47059990,"Picnics Boneless, Pork Moesle",11
cluster_480,47054160,"Picnics Boneless, Pork Peoria",11
cluster_480,47051920,"Picnics Boneless, Pork Prestage",11
cluster_480,31004001,Pork Picnics Boneless Skinless,11
cluster_72,900082,PIEROGI POTATO CHEDDAR BACON-8KG,4
cluster_72,900080,PIEROGI POTATO CHEESE-8KG,4
cluster_72,900081,PIEROGI POTATO ONION-8KG,4
cluster_72,900084,PIEROGI SPINACH FETA-8KG,4
cluster_268,20401,PIG -  Whole with Head 150#,3
cluster_268,40019980,"Whole Pig, Large (100-150#)",3
cluster_268,289100,"WHOLE PIG, 90-100#",3
cluster_119,86174800,"Pizza, Beef Chicken, Halal 6ct",7
cluster_119,86204800,"Pizza, beef Pepperoni, Halal 6ct",7
cluster_119,86234800,"Pizza, Beef Salami, Halal 6ct",7
cluster_119,86264800,"Pizza, Beef Sausage, Halal 6ct",7
cluster_119,86144800,"Pizza, Cheese, Halal 6ct",7
cluster_119,86294800,"Pizza, Supreme, Halal 6ct",7
cluster_119,86324800,"Pizza, Vegetable, Halal 6ct",7
cluster_58,84241,SOUP CUPS Plastic   24oz  HS,4
cluster_58,87240,Plastic Soup Cup 24oz - S 24,4
cluster_58,84080,Plastic Soup  CUPS  8oz  HS-S8,4
cluster_58,84130,SOUP CUPS plastic  32oz  HS-S32,4
cluster_428,38812100,Sausage Polish Smoked-4/1,5
cluster_428,SP710,POLISH SAUSAGE 5/1,5
cluster_428,22222223,Pork Sausage Maxwell Polish Smoked 5-1,5
cluster_428,38815149,"Sausage Polish 5/1 Vienna Skinless 6""",5
cluster_428,38867007,"Sausage Beef Polish Smoked 4/1 -6""",5
cluster_508,20070,Pork B/I Shoulder Butts FROZEN,4
cluster_508,22126,HOT DOG V SKL-z 4-1 6-in 013040 10#,4
cluster_508,20080,Pork Boneless Butt IBP/Seaboard,4
cluster_508,20050,Pork C.T. Butts boneless //ibp//,4
cluster_512,131701,PORK BACK RIB AMI 2.25- 33#-z,19
cluster_512,131224,PORK SPARE RIB-STL AMI 2.50- 33#-z,19
cluster_512,13123020,PORK SPARE RIB-STL COM744 PLD 12P-z,19
cluster_512,13177I2,PORK SPARE RIB IND SMF-22235-z,19
cluster_512,131223,PORK SPARE RIB-STL AMI 2.25- 32#-z,19
cluster_512,13123011,PORK SPARE RIB-STL COM45792-z **,19
cluster_512,131700,PORK BACK RIB AMI 2.25- 33# r,19
cluster_512,13123020,PORK SPARE RIB-STL COM744 PLD 12P-z,19
cluster_512,13174,PORK BACK RIB WIC 2.00- 31#-z,19
cluster_512,13170,PORK BACK RIB AMI 2.00- 42330-z,19
cluster_512,13177IN,PORK SPARE RIB IND MED-20504,19
cluster_512,13170C,PORK BACK RIB AMI 2.00- 42330 r,19
cluster_512,13166C,PORK BACK RIB WIC 1.75- LE31#-z,19
cluster_512,13160A,PORK BACK RIB AMI 1.75- 33# r,19
cluster_512,131501,PORK BACK RIB AMI 1.50- 33#-z,19
cluster_512,1315712,PORK SPARE RIB COM LGT 45712,19
cluster_512,13178575,PORK SPARE RIB COM LGT-45575-z,19
cluster_512,13160,PORK BACK RIB AMI 1.75- 33#-z,19
cluster_512,13129,PORK SPARE RIB-STL WIC-PLD 2.50#-z,19
cluster_513,1317619,PORK BACK RIB COM 2.5- #699 12P,6
cluster_513,1317619,PORK BACK RIB COM 2.5- #699 12P,6
cluster_513,13145759,PORK BACK RIB COM 2.5up #759**-z,6
cluster_513,1355704,PORK BACK RIB COM 2d #702 IVP 12P,6
cluster_513,13155798,PORK BACK RIB COM 2up #798 4/3P,6
cluster_513,13155798,PORK BACK RIB COM 2up #798 4/3P,6
cluster_489,43029990,PORK BELLY SNG/RIB SKIN-ON,12
cluster_489,35110000,Pork Belly W/Ribmeat B/In Skin-off,12
cluster_489,280019,PORK SKINS,12
cluster_489,13050099,PORK BELLY SNG/RIB SKIN-ON ~M 4CT,12
cluster_489,22242,Pork Belly  SKINS  Moesle 40 #,12
cluster_489,13054,PORK BELLY SKIN-ON ~M STA 4ct,12
cluster_489,13050P,PORK BELLY SKIN-ON ~M FED 4CT,12
cluster_489,40149990,PORK SKIN,12
cluster_489,40149990,PORK SKIN,12
cluster_489,13050P,PORK BELLY SKIN-ON ~M FED 4CT,12
cluster_489,35113904,Pork Belly W/Ribmeat Bone In S/On,12
cluster_489,13208780,PORK SKIN-z MOS 40#,12
cluster_454,40201010,"Tongue, Pork IBP (#30)",7
cluster_454,4271010,"Pork Hocks, Pork IBP (30#)",7
cluster_454,13225,PORK TONGUES-z IBP UNSC 30#-z,7
cluster_454,1320911,PORK EARS-z IBP 30#,7
cluster_454,13208I,PORK HEARTS-z IBP 30#,7
cluster_454,13209E1,PORK EARS-z IND 30#,7
cluster_454,13208689,PORK EARS ~MARKET 30#,7
cluster_507,133292,PORK Chop BICC16s FRC10#,15
cluster_507,133289,PORK Chop BICC06s FRC 10#,15
cluster_507,133286,PORK Chop BICC06s 10#,15
cluster_507,13334019,PORK Chop BI RIB CC08s 10#,15
cluster_507,1332898,PORK Chop BICC08s FRC 10#,15
cluster_507,133285,PORK Chop BICC05s 10# - z,15
cluster_507,13328993,PORK Chop BICC00s CTS 10#,15
cluster_507,13328722,PORK Chop BICC07s 10#,15
cluster_507,13334010,PORK Chop BI RIB CC06s 10#,15
cluster_507,133284,PORK Chop BICC04s 10#,15
cluster_507,1332897A,PORK Chop BICC10s 10#,15
cluster_507,133287,PORK Chop BICC08s 10#,15
cluster_507,133285,PORK Chop BICC05s 10# - z,15
cluster_507,13328028,PORK Chop BICC08s DUROC 10#-IVP,15
cluster_507,1332899,PORK Chop BICC14s FRC 10# IVP,15
cluster_506,13332307,PORK Chop BNL CC00s BTFLY CTS,5
cluster_506,13328914,PORK Chop BNL CC04s 10# LP,5
cluster_506,13328913,PORK Chop BNL CC05s 10# LP,5
cluster_506,13328916,PORK Chop BNL CC07s,5
cluster_506,13328918,PORK Chop BNL CC08s,5
cluster_538,33715000,Pork Loin Chop Bone In 5oz,18
cluster_538,32010040,Pork Rib Chop Bone In 4oz,18
cluster_538,33954000,Pork Loin Chop Bone In 4oz,18
cluster_538,32112140,Pork Rib Chop Bone In 14oz,18
cluster_538,32010060,Pork Rib Chop Bone In 6oz,18
cluster_538,33770120,Pork Loin Chop Bone In 12oz,18
cluster_538,33770070,Pork Loin Chop Bone In 7oz,18
cluster_538,32010070,Pork Rib Chop Bone In 7oz,18
cluster_538,32010050,Pork Rib Chop Bone In 5oz,18
cluster_538,33911000,Pork Loin Chop Bone In 10oz,18
cluster_538,32110120,Pork Rib Chop Bone In 12oz,18
cluster_538,33959000,Pork Loin Chop Bone In 9oz,18
cluster_538,33770160,Pork Loin Chop Bone In 16oz,18
cluster_538,33718001,"Pork Loin Chop Bone In 14oz 1-2"" bone",18
cluster_538,32112160,Pork Rib Chop Bone In 16oz,18
cluster_538,33966500,Pork Loin Chop Bone In 6.5-7oz,18
cluster_538,33770140,Pork Loin Chop Bone In 14oz,18
cluster_538,33718014,Pork Loin Chop Double Bone In 14oz,18
cluster_544,SP2141,PORK CHOP   BONELESS   4 OZ,12
cluster_544,240041,"PORK CHOP BONELESS, 4OZ",12
cluster_544,240053,"PORK CHOP BONELESS, 5OZ",12
cluster_544,240084,"PORK CHOP BONELESS, 8OZ",12
cluster_544,240042,"PORK CHOP CC BONELESS, 4OZ",12
cluster_544,240054,"PORK CHOP CC BONELESS, 5OZ",12
cluster_544,240085,"PORK CHOP CC BONELESS, 8OZ",12
cluster_544,33024000,Pork Loin Chop Boneless 4oz,12
cluster_544,33024001,Pork Loin Chop Boneless 5oz,12
cluster_544,33726001,Pork Loin Chop Boneless 6oz,12
cluster_544,33759000,Pork Loin Chop Boneless 8oz,12
cluster_544,33727250,Pork Loin Chops Boneless 7oz,12
cluster_546,240043,"PORK CHOP CC, 4OZ",5
cluster_546,240086,"PORK CHOP CC, 8OZ",5
cluster_546,240065,"PORK CHOP CC, 6OZ",5
cluster_546,240055,"PORK CHOP CC, 5OZ",5
cluster_546,240075,"PORK CHOP CC, 7OZ",5
cluster_534,240089,"PORK CHOP FRENCHED, 8OZ",4
cluster_534,240102,"PORK CHOP FRENCHED, 10OZ",4
cluster_534,240077,"PORK CHOP FRENCHED, 7OZ",4
cluster_534,240094,"PORK CHOP FRENCHED, 9OZ",4
cluster_541,240076,"PORK CHOP T-BONE, 7OZ",4
cluster_541,240088,"PORK CHOP T-BONE, 8OZ",4
cluster_541,240066,"PORK CHOP T-BONE, 6OZ",4
cluster_541,240101,"PORK CHOP T-BONE, 10OZ",4
cluster_530,133290,PORK Chop-z BICC-AMI-06 oz 10#,6
cluster_530,13328,PORK Chop-z BICC-AMI-07 oz 10#,6
cluster_530,13328704,PORK Chop-z BICC08 oz 10# AMIT,6
cluster_530,13328979,PORK Chop-z BICC10 oz 10#,6
cluster_530,13320B,PORK Chop-z BIEE04 oz 10#,6
cluster_530,13328915,PORK Chop-z BNL CC06 oz,6
cluster_532,207900010,"Tenderloin, Pork 5oz",6
cluster_532,240057,"PORK TENDER FILET, 5OZ",6
cluster_532,240047,"PORK TENDER FILET, 4OZ",6
cluster_532,290050,"PORK CUTLET, 5OZ",6
cluster_532,240037,"PORK TENDER FILET, 3OZ",6
cluster_532,290040,"PORK CUTLET, 4OZ",6
cluster_475,13208203,PORK DICED KABOB 1.5-OZ 10#,5
cluster_475,13198,PORK DICED KABOB 4-oz FMC 10#-z,5
cluster_475,131986,PORK DICED KABOB 6-oz FMC 10#,5
cluster_475,1319867,PORK DICED KABOB-z 8-oz FMC 2/5#,5
cluster_475,290031,"PORK KABOB, 3OZ",5
cluster_492,13006B,PORK HAM BNL SKL ~M FED,6
cluster_492,13029,PORK SHL PICNIC BI S/ON ~M FED,6
cluster_492,13024,PORK SHL PICNIC BI SKNL FED,6
cluster_492,1302408,PORK SHL PICNIC BNL S/ON ~M,6
cluster_492,13026B,PORK SHL PICNIC BNL SKL-XT ~M FED,6
cluster_492,130264,PORK SHL PICNIC BNL SKL-XT ~M STA,6
cluster_468,82011440,"Smoked Tails, Pork Belmont #15125",31
cluster_468,82111440,"Smoked Loins, Pork Belmont #10460",31
cluster_468,20262,Smoked Pork Hocks fzn,31
cluster_468,82074610,"Smoked Neckbone, Pork Retail P. M. #3855",31
cluster_468,82045810,"Smoked Skins, Pork Alex Deli",31
cluster_468,82165810,"Smoked Hocks, Pork Alex Deli",31
cluster_468,41548850,Turkey Necks Smoked,31
cluster_468,34467000,Pork Ham Hocks Smoked,31
cluster_468,84039990,"Smoked Necks,Turkey Moesle",31
cluster_468,82075810,"Smoked Neckbone, Pork Alex Deli",31
cluster_468,82061440,"Smoked Jowls, Pork Belmont #15135",31
cluster_468,34207710,Pork Ham Boneless Smoked,31
cluster_468,34750010,Pork Ham Natural Fall Boneless,31
cluster_468,82115810,"Smoked Loins , Pork Alex Deli",31
cluster_468,34400290,Pork Ham Hocks,31
cluster_468,82001440,"Smoked Riblet/Sweetmeat, Pork Belmont #1",31
cluster_468,82015810,"Smoked Tails, Pork Alex Deli",31
cluster_468,82014610,"Smoked Tails, Pork Retail, P. M. #3857",31
cluster_468,34216707,Pork Ham Flat Smoked,31
cluster_468,SP239,PORK SMOKED HOCKS,31
cluster_468,34200049,Pork Ham Semi Boneless,31
cluster_468,84014610,"Smoked Tails, Turkey Retail  P. M. #3829",31
cluster_468,82011350,"Smoked Tails, Pork Ashland (30#)",31
cluster_468,82005810,"Smoked Riblet/Sweetmeat, Pork Alex Deli",31
cluster_468,82071440,"Smoked Neckbone, Pork Belmont #15108",31
cluster_468,82051441,"Smoked Spareribs, Pork Belmont #15120",31
cluster_468,84035810,"Smoked Necks, Turkey Alex Deli",31
cluster_468,41372080,"Pork Ham Hocks, Special Dekalb",31
cluster_468,82051440,"Smoked Rib Tips, Pork Belmont #15115",31
cluster_468,84005810,"Smoked Wings, Turkey Alex Deli",31
cluster_468,82265810,"Smoked Shanks Skinless, Pork Alex Deli",31
cluster_451,34751400,Pork Ham Outer Shank Muscle,5
cluster_451,31200000,Pork Inner Shank,5
cluster_451,34751230,Pork Inner Shank Muscle,5
cluster_451,31300000,Pork Outer Shank,5
cluster_451,31100001,Pork Shank-skin - on,5
cluster_441,13005,PORK WHL PIG H/OFF-z SPLIT 50#,14
cluster_441,1329910,PORK WHL PIG H/OFF-z 40-50#,14
cluster_441,13299018,PORK WHL PIG H/ON 060-70#,14
cluster_441,13005,PORK WHL PIG H/OFF-z SPLIT 50#,14
cluster_441,1300280,PORK WHL PIG H/OFF 100-120#,14
cluster_441,13301,PORK WHL PIG H/ON-COM-z 141-160#,14
cluster_441,13299021,PORK WHL PIG H/ON 100-120#,14
cluster_441,132991,PORK WHL PIG H/ON CUT 50-70#,14
cluster_441,1320820,PORK HEAD-z ~M-1P,14
cluster_441,13299,PORK WHL PIG H/ON 050-60#,14
cluster_441,1320810,PORK HEAD-z ~M-SPLIT 8HLVS,14
cluster_441,1300283,PORK WHL PIG H/OFF 70-90#,14
cluster_441,13299020,PORK WHL PIG H/ON 070-80#,14
cluster_441,13299019,PORK WHL PIG H/ON 080-90#,14
cluster_444,32100112,Pork Loin Back Ribs 1 1/2 Down,6
cluster_444,32101134,Pork Loin Back Ribs 1 3/4 Down SP ORDER,6
cluster_444,32120034,Pork Loin Back Ribs 1-3/4 Down,6
cluster_444,32000135,Pork Loin Back Ribs 1-3/4 Down-c/c,6
cluster_444,32101212,Pork Loin Back Ribs 2 1/2 Down Peeled,6
cluster_444,32000235,Pork Loin Back Ribs 2 3/4 Down Peeled,6
cluster_445,32000112,Pork Loin Back Ribs Frozen 1 1/2 Down,11
cluster_445,32000114,Pork Loin Back Ribs Frozen 1 1/4 Down,11
cluster_445,32100134,Pork Loin Back Ribs Frozen 1 3/4,11
cluster_445,32000212,Pork Loin Back Ribs Frozen 2 1/2 Down,11
cluster_445,32000214,Pork Loin Back Ribs Frozen 2 1/4 Down,11
cluster_445,32000234,Pork Loin Back Ribs Frozen 2 3/4 Down,11
cluster_445,32100201,Pork Loin Back Ribs Frozen 2 Down,11
cluster_445,2000211,Pork Loin Back Ribs Frozen 2. down,11
cluster_445,32000211,Pork Loin Back Ribs Frozen 2.- down,11
cluster_445,32000210,Pork Loin Back Ribs Frozen 2.25 down,11
cluster_445,32840000,Pork Loin Back Ribs Frozen 4PC,11
cluster_518,13066082,PORK Loin BI-CC-CR 10R-FR COM746 4P,30
cluster_518,13055687,PORK Loin-z BI-CC-CR 08R-FR-LB COM,30
cluster_518,13085734,PORK Loin-z BNL CC-Str-On COM5731,30
cluster_518,13080120,PORK Loin-z BNL CC-Str-On IBP-4283,30
cluster_518,13066080,PORK Loin-z BI-CC 11R COM 45672,30
cluster_518,13083786,PORK Loin-z BNL CC-Str-On SBF-80137,30
cluster_518,13066454,PORK Loin BI-CC->EE00 LP GW,30
cluster_518,13083786,PORK Loin-z BNL CC-Str-On SBF-80137,30
cluster_518,13066086,PORK Loin BI-CC-CR 10R COM 45754,30
cluster_518,13066072,PORK Loin BI-CC-CR 11R TO COM-45784,30
cluster_518,13058,PORK Loin-z BI M1/4T IND15802,30
cluster_518,13056077,PORK Loin BI M>EE06 GW,30
cluster_518,130729,PORK Loin BNL CC-Str-On *__,30
cluster_518,13066065,PORK Loin BI-CC 11R AMI-40230-VP,30
cluster_518,1301174,PORK Loin BI M1/4T IBP 2/2P,30
cluster_518,13080131,PORK Loin BNL CC-S/ON C/ON IBP-4630,30
cluster_518,13055748,PORK Loin-z BI-CC-CR 05R-FR COM747,30
cluster_518,1304245,PORK Loin BI-CC-CR 08R 13F 4/7.5#,30
cluster_518,130810,PORK Loin BNL CC-Str-On SMF 54655,30
cluster_518,13066107,PORK Loin BI-CC-CR 11R-LB COM604,30
cluster_518,13084008,PORK Loin-z BNL CC-Str/Off COM45701,30
cluster_518,13066073,PORK Loin-z BI-CC-CR 11R TO COM-784,30
cluster_518,130668,PORK Loin BI-CC 11R IBP-F4913,30
cluster_518,13083995,PORK Loin-z BNL CC-Str-On SMF,30
cluster_518,1305684,PORK Loin-z BI L1/4T IND15502,30
cluster_518,13066086,PORK Loin BI-CC-CR 10R COM 45754,30
cluster_518,13056046,PORK Loin BI M>EE07 GW,30
cluster_518,13056,PORK Loin BI M1/4T IND15802 2/2P,30
cluster_518,1304245Z,PORK Loin-z BI-CC-CR 08R HBP 5/7#,30
cluster_518,13066,PORK Loin BI-CC 11R IND18418 2/2P,30
cluster_498,31020102,Pork Shoulder Butt Boneless Sliced,7
cluster_498,31031000,Pork Shoulder Butt Boneless,7
cluster_498,31020104,Pork Shoulder Butt Boneless Fresh,7
cluster_498,31030005,Pork Shoulder Butt Diced 1-X1,7
cluster_498,31030000,"Pork Shoulder Butt Diced 1""x1""",7
cluster_498,20080,Pork Boneless Butt IBP/Seaboard,7
cluster_498,31031002,"Pork Shoulder Butt Boneless 2"" x 2""",7
cluster_503,33066000,Pork Loin Cubed Steaks 5oz,5
cluster_503,33066006,Pork Loin Cubed Steaks 6oz,5
cluster_503,33067000,Pork Loin Cubed Steaks 7oz,5
cluster_503,290060,"PORK STEAK BI, 6OZ",5
cluster_503,290080,"PORK STEAK BI, 8OZ",5
cluster_519,13110B,PORK Loin End-RIB BNL AMI-40130 VP,9
cluster_519,131102,PORK Loin-z End-RIB BNL IBP- VP,9
cluster_519,1301250,PORK Loin-z End-RIB BNL IND18335,9
cluster_519,13110787,PORK Loin-z End-RIB BNL AMI-40130,9
cluster_519,131101,PORK Loin-z End-RIB BNL AT-VP,9
cluster_519,13017973,PORK Loin-z End-RIB BNL HAT,9
cluster_519,131102,PORK Loin-z End-RIB BNL IBP- VP,9
cluster_519,13012536,PORK Loin-z End-RIB BNL-P&S,9
cluster_519,1301203,PORK Loin-z End-RIB-BI AMITY,9
cluster_502,40109990,PORK NECKBONES MEATY 40#,5
cluster_502,1320912S,PORK NECKBONES MEATY IND 30#,5
cluster_502,13209305,PORK NECKBONES MEATY-z COM 45721,5
cluster_502,1320912S,PORK NECKBONES MEATY IND 30#,5
cluster_502,13209157,PORK NECKBONES MEATY-z>00 FMC 30#,5
cluster_269,30118095,Pork Pig Whole Head On Dressed 80/95Lbs,4
cluster_269,30218090,Pork Pig Whole Head Off Dressed 80/90Lbs,4
cluster_269,30113040,Pork Pig Head On Dressed Lite 30/40,4
cluster_269,30117080,Pork Pig Whole Head On Dressed 120/160lb,4
cluster_547,250070,"PORK RIB CHOP CC, 7OZ",4
cluster_547,250080,"PORK RIB CHOP CC, 8OZ",4
cluster_547,250060,"PORK RIB CHOP CC, 6OZ",4
cluster_547,250141,"PORK RIB CHOP CC, 14OZ",4
cluster_537,32213120,Pork Rib Chop Double Bone 12oz,5
cluster_537,32211140,Pork Rib Chop Double Bone 14oz,5
cluster_537,32211160,Pork Rib Chop Double Bone 16oz,5
cluster_537,32210121,Pork Rib Chop Double Bone 20-22oz,5
cluster_537,32212200,Pork Rib Chop Double Bone 20oz,5
cluster_517,250041,"PORK RIB COUNTRY STYLE, 4OZ",5
cluster_517,250051,"PORK RIB COUNTRY STYLE, 5OZ",5
cluster_517,250061,"PORK RIB COUNTRY STYLE, 6OZ",5
cluster_517,250400,"RIB COUNTRY STYLE BONELESS, 4OZ",5
cluster_517,254063,"RIB COUNTRY STYLE BONELESS, 6OZ",5
cluster_510,250012,PORK RIB TIPS,12
cluster_510,SP2801,PORK RIB TIPS  ~30*,12
cluster_510,45079990,PORK RIBTIPS 10#,12
cluster_510,45089990,PORK RIBTIPS 30#,12
cluster_510,45129990,"Rib End, Pork Moesle (30#)",12
cluster_510,45081010,"Rib Tips #30, Pork, IBP",12
cluster_510,45051080,"Rib Tips #40, Pork, JBQ",12
cluster_510,45179980,"Rib Tips, Pork",12
cluster_510,45079981,"Rib Tips, Pork (30#)",12
cluster_510,45079990,PORK RIBTIPS 10#,12
cluster_510,45089990,PORK RIBTIPS 30#,12
cluster_510,45081560,"Rib Tips, Pork Sioux-Preme (30#)",12
cluster_511,131957,PORK RIBTIPS BRSKBONE IND 2000#,9
cluster_511,131950,PORK RIBTIPS BRSKBONE-z AMI 10#,9
cluster_511,131949,PORK RIBTIPS BRSKBONE-z AMI 30#,9
cluster_511,13194993,PORK RIBTIPS BRSKBONE-z COM-45745VP,9
cluster_511,13145568,PORK RIBTIPS BRSKBONE-z COM568 30#,9
cluster_511,13195310,PORK RIBTIPS BRSKBONE-z FMG 30#,9
cluster_511,1319543,PORK RIBTIPS BRSKBONE-z IBP-XWIDE,9
cluster_511,131955,PORK RIBTIPS BRSKBONE-z IND 30#,9
cluster_511,131962,PORK RIBTIPS BRSKBONE-z WIC-WIDE30#,9
cluster_154,21110,Pork Rind Pellet Cracklin (30#),7
cluster_154,40169980,Pork Rind Pellet Cracklin 30#,7
cluster_154,40164730,Pork Rind Pellet Cracklin 50#,7
cluster_154,13208C,PORK RIND PelletCracklin TRL 50#,7
cluster_154,13208997,PORK RIND PelletCracklin QUAL 50#,7
cluster_154,13209C,PORK RIND PelletCracklin VISITA 30#,7
cluster_154,40164890,Pork Rind Pellet Cracklin 65#,7
cluster_516,13039219,PORK SHL BUT BNL COM-45573 LC 6P,15
cluster_516,13039040,PORK SHL BUT BI SBF-22126 4/2-PC,15
cluster_516,13035,PORK SHL BUT BNL *__,15
cluster_516,13039IBP,PORK SHL BUT BI-z IBP-1213,15
cluster_516,13039IBP,PORK SHL BUT BI-z IBP-1213,15
cluster_516,13034442,PORK SHL BUT BNL SBF-24166 4/2-PC,15
cluster_516,13039210,PORK SHL BUT BI-z COM 45705 8/9#,15
cluster_516,130401,PORK SHL BUT BNL-z *,15
cluster_516,13039219,PORK SHL BUT BNL COM-45573 LC 6P,15
cluster_516,13039040,PORK SHL BUT BI SBF-22126 4/2-PC,15
cluster_516,13040,PORK SHL BUT BNL SMF-70659 4/2-PC,15
cluster_516,13039210,PORK SHL BUT BI-z COM 45705 8/9#,15
cluster_516,130349,PORK SHL BUT BNL->SQC.5-in 4/5#-VP,15
cluster_516,13055574,PORK SHL BUT BI COM-XLC 45574 6/14#,15
cluster_516,13039SF,PORK SHL BUT BI SMF-86793 4/2-PC,15
cluster_501,20119,Pork Sirloin Roast BONE-IN //ibp//,9
cluster_501,20111,Pork Sirloin Roast Boneless - Smithfield,9
cluster_501,20111,Pork Sirloin Roast Boneless - Smithfield,9
cluster_501,44002090,"Sirloin Bone IN, Pork APC (50#)",9
cluster_501,44141150,"Sirloin Bone IN, Pork Seaboard VP (60#)",9
cluster_501,44089990,"Sirloin Bone IN, Pork, Moesle",9
cluster_501,44141010,"Sirloin Roast Bone IN, Pork IBP VP (60#)",9
cluster_501,44271010,"Sirloin Roast Boneless VP, Pork, IBP",9
cluster_501,44271940,"Sirloin Roast Boneless, Pork, Premium I",9
cluster_442,1320872,PORK SNOUT-z ~M,5
cluster_442,1320868,PORK SNOUT-z COM 2/5#,5
cluster_442,13208N,PORK SNOUT-z IND,5
cluster_442,1320872,PORK SNOUT-z ~M,5
cluster_442,39000270,Pork Snouts,5
cluster_497,20167,Pork Spareribs IBP/Seaboard Medium,11
cluster_497,45001010,"Spareribs (Light) VP, Pork IBP",11
cluster_497,45009980,"Spareribs (Light), Pork",11
cluster_497,45111010,"Spareribs (Medium) 1Pc VP, Pork IBP",11
cluster_497,45014140,"Spareribs (Medium) 2pc, Pork Hormel",11
cluster_497,45011010,"Spareribs (Medium) VP, Pork IBP",11
cluster_497,45011940,"Spareribs (Medium) VP, Pork Premium Iowa",11
cluster_497,45031080,"Spareribs (Medium) VP, Pork, Wholestone",11
cluster_497,45011060,"Spareribs 4/Up (Medium) VP, Pork Indiana",11
cluster_497,45111920,"Spareribs Medium 1pc COV, Pork Prestage",11
cluster_497,45011920,"Spareribs Medium 4/2 VP, Pork Wholestone",11
cluster_272,13211B,PORK SPINE ESP SKL FED 2/30#,6
cluster_272,13210999,PORK SPINE ESP SKL-> CTS,6
cluster_272,13211000,PORK SPINE ESP SKL->D-01-in 30#~M,6
cluster_272,13211002,PORK SPINE ESP SKL->D-02-in 30#~M,6
cluster_272,1321115,PORK SPINE ESP SKL-z 2/30#,6
cluster_272,13210A,PORK SPINE ESP SKN/ON,6
cluster_419,13217236,PORK STOMACH SCLD-z *__,5
cluster_419,13217,PORK STOMACH SCLD-z IBP U5619 30#,5
cluster_419,132178,PORK STOMACH SCLD-z IND 30#,5
cluster_419,1321792,PORK STOMACH SCLD-z MLF 22#,5
cluster_419,13217237,PORK STOMACH SCLD-z NOR,5
cluster_440,13206A,PORK TRIMMING AMI 50% 60#-z,11
cluster_440,13206A,PORK TRIMMING AMI 50% 60#-z,11
cluster_440,48059980,PORK TRIMMING 72% COMB,11
cluster_440,48259980,"Trimmings 50%, COMBO Pork",11
cluster_440,48059981,PORK TRIMMING 72%,11
cluster_440,13206,PORK TRIMMING AMI 80% 60#,11
cluster_440,13206,PORK TRIMMING AMI 80% 60#,11
cluster_440,48159999,PORK TRIMMING 50% MOE,11
cluster_440,48159999,PORK TRIMMING 50% MOE,11
cluster_440,99999999,PORK TRIMMINGS 60% LEAN,11
cluster_440,1325730,PORK TRIMMING COM 72% 3/20#,11
cluster_437,13222,PORK UTERI OVARI *__ 30#-z,6
cluster_437,13221,PORK UTERI OVARI IND20#,6
cluster_437,13227,PORK UTERI OVARI PEO 30#-z,6
cluster_437,132214,PORK UTERI-z OVARI IBP 30#,6
cluster_437,132218,PORK UTERI-z OVARI SPX 30#,6
cluster_437,40111010,"Uteri, IBP, Pork",6
cluster_514,144241,"PORTERHOUSE, CH, 24OZ",3
cluster_514,144181,"PORTERHOUSE, CH, 18OZ",3
cluster_514,144300,"PORTERHOUSE, CH, 30OZ",3
cluster_47,31730,RED Potatoes A,11
cluster_47,31650,Potatoes (Russet),11
cluster_47,50130540,POTATO IDAHO US#2 BOX,11
cluster_47,90009074,POTATOES RED B`S-US#1/Keep Refrigerated,11
cluster_47,50130541,POTATO IDAHO 06oz US#2 BAG,11
cluster_47,50130587,POTATO IDAHO 50 CT,11
cluster_47,50130559,POTATO RED A #1 50#,11
cluster_47,50130592,POTATO IDAHO 40 CT,11
cluster_47,50130583,POTATO IDAHO US#2 60-100ct,11
cluster_47,50130553,POTATO RED B 50#,11
cluster_47,50130549,POTATO IDAHO 90 CT,11
cluster_131,22228987,PROSCIUTTO-DI PARMA GSI 18M 17#,4
cluster_131,2220503,PROSCIUTTO-DI PARMA ZERTO 19#,4
cluster_131,22230412,PROSCIUTTO-SAN DANIELE GSI 5293 17#,4
cluster_131,22228994,PROSCIUTTO FIOR SLCD-z 12/1# 70916,4
cluster_151,290450,"PULLED PORK BBQ, BYRON, 4/5#",6
cluster_151,220999,"PULLED PORK COOKED, SADLER, 2-5#",6
cluster_151,290247,"PULLED PORK SMOKED PIT, SADLER`S",6
cluster_151,290152,"PULLED PORK SMOKED, DBBQ, 5/2#",6
cluster_151,290153,"PULLED PORK WITH BBQ SAUCE, DBBQ, 5/2#",6
cluster_151,290246,"PULLED PORK WITH BBQ SAUCE, SADLER",6
cluster_158,98069980,"Quail, Whl B-In 26oz Wrappk (6/4.5oz)",3
cluster_158,77536660,Quail Whole  4.5oz,3
cluster_158,19279,QUAIL WHOLE 4.5-5 oz 36CT-z,3
cluster_42,95503579,Ravioli Spinach,6
cluster_42,905004,STUFFED FOODS BABY SPINACH RAVIOLI,6
cluster_42,900030,STUFFED FOODS BUTTERNUT SQUASH RAVIOLI,6
cluster_42,900070,STUFFED FOODS GRILLED VEGTABLE RAVIOLI,6
cluster_42,905002,STUFFED FOODS LOBSTER RAVIOLI,6
cluster_42,905013,STUFFED FOODS RICOTTA IMPASTATA RAVIOLI,6
cluster_433,162111,"RIBEYE, BONE IN, CREEKSTONE ANG, 22OZ",4
cluster_433,163220,"RIBEYE BONE IN, CH, 22OZ, CREEKSTONE ANG",4
cluster_433,164160,"RIBEYE BONE IN, CH, 16OZ",4
cluster_433,163160,"RIBEYE BONE IN, CH, 16OZ, CREEKSTONE ANG",4
cluster_558,164080,"RIBEYE 3/4 TAIL, CH, 8OZ",3
cluster_558,164060,"RIBEYE 3/4 TAIL, CH, 6OZ",3
cluster_558,164141,"RIBEYE 3/4 TAIL, CH, 14OZ",3
cluster_291,17111490,"Ribeye Bnls, Mex Proboca",6
cluster_291,17131090,"Ribeye, Mex BonaPrime",6
cluster_291,17091590,"Ribeye, Mex Fertres",6
cluster_291,17111320,"Ribeye Bnls, 11/UP, Mex Gusi",6
cluster_291,17091320,"Ribeye Bnls, 9/UP, Mex Gusi",6
cluster_291,17111120,"Ribeye Bnls, 1X1 Mex Praderas",6
cluster_557,164142,"RIBEYE FRENCH, CH, 14OZ",6
cluster_557,164140,"RIBEYE, CH, 14OZ",6
cluster_557,164162,"RIBEYE FRENCH, CH, 16OZ",6
cluster_557,164182,"RIBEYE FRENCH, CH, 18OZ",6
cluster_557,164242,"RIBEYE FRENCH, CH, 24OZ",6
cluster_557,164202,"RIBEYE FRENCH, CH, 20OZ",6
cluster_556,163161,"RIBEYE FRENCH, CH, 16OZ, CREEKSTONE ANG",5
cluster_556,163127,"RIBEYE, CH, 16OZ, CREEKSTONE ANG",5
cluster_556,163181,"RIBEYE FRENCH, CH, 18OZ, CREEKSTONE ANG",5
cluster_556,163241,"RIBEYE FRENCH, CH, 24OZ, CREEKSTONE ANG",5
cluster_556,163141,"RIBEYE, CH, 14OZ, CREEKSTONE ANG",5
cluster_405,160008,"RIBEYE LIP ON, NR",17
cluster_405,164165,"RIBEYE LIP ON, CH, 16#DN",17
cluster_405,160019,"RIBEYE LIP ON, SEL",17
cluster_405,17119986,"Ribeye LipOn, (NR)",17
cluster_405,17112401,"Ribeye LipOn, US212 (Prime)",17
cluster_405,17193574,"Ribeye, Lip-On Heavy, S.B. IBP (Ch)",17
cluster_405,17111215,Ribeye Lip-On Bnls Creekstone (Sel),17
cluster_405,17091215,"Ribeye Lip On/Dn, Creekstone (Sel)",17
cluster_405,164025,"RIBEYE LIP ON, CH, #2",17
cluster_405,17123680,"Ribeye LipOn/11Up, Mex Sukarne",17
cluster_405,17123520,"Ribeye LipOn/11Up, Mex Bona Prime",17
cluster_405,17093574,"Ribeye Heavy, IBP (Ch)",17
cluster_405,17123810,"Ribeye LipOn/11Up, Mex FC Beef",17
cluster_405,17121000,"Ribeye LipOn/11Up, Mex Greater Omaha HAL",17
cluster_405,163112,"RIBEYE LIP ON HVY, CREEKSTONE ANG, 16UP",17
cluster_405,164145,"RIBEYE LIP ON HVY, CH, 14UP",17
cluster_405,17211020,"Ribeye LipOn No. 2, National",17
cluster_555,161101,"RIBEYE, PRIME, 10OZ",4
cluster_555,161081,"RIBEYE, PRIME, 8OZ",4
cluster_555,161181,"RIBEYE, PRIME, 18OZ",4
cluster_555,161161,"RIBEYE, PRIME, 16OZ",4
cluster_109,95402,Sabritas Doritos Nacho Chicos 60/62,4
cluster_109,95400,Sabritas Cheetos Bola Chicos 60/46g,4
cluster_109,95407,Sabritas Crujitos Chicos 60/46gr,4
cluster_109,95401,Sabritas Tostitos Salsa Verde 60/62,4
cluster_87,50PT23,SALAD THM CHKN SALAD 5# TUB,6
cluster_87,50PT24,SALAD THM SEAFOOD SALAD 5# TUB,6
cluster_87,50PT13,SALAD THM TUNA SALAD 5# TUB,6
cluster_87,50PT61,SALAD THM MACARONI 5# TUB,6
cluster_87,50PT63,SALAD THM RED POTATO 5# TUB,6
cluster_87,50PT15,SALAD THM EGG SALAD 5# TUB,6
cluster_112,30004,Salsa Habanera 12/1#,11
cluster_112,31214,Salsa habanero 12/1# DonPedro,11
cluster_112,31214,Salsa habanero 12/1# DonPedro,11
cluster_112,31502,Salsa roja 12/1# DonPedros,11
cluster_112,30001,Salsa roja del molcajete 12/1#,11
cluster_112,30003,Salsa Taquera 12/1#,11
cluster_112,31496,Salsa taquera 12/1#,11
cluster_112,30005,Salsa Tatemada 12/1#,11
cluster_112,32496,Salsa tatemada 12/1# DonPedros,11
cluster_112,31526,Salsa verde 12/1# DonPedros,11
cluster_112,30002,Salsa Verde de Molcajete 12/1#,11
cluster_116,9620178,SAUCE BALD-FIN 6/12-OZ PICCANTE,5
cluster_116,9620161,SAUCE BALD-FIN 6/12-OZ PICCATA,5
cluster_116,9620218,SAUCE BALD GIARDINIERA MAR 6/25-OZ,5
cluster_116,96202055,SAUCE BALD-FIN 6/12-OZ VESUVIO,5
cluster_116,9620154,SAUCE BALD-FIN 6/12-OZ MARSALA,5
cluster_110,91011,SAUCE BBQ BONNE CHERE 5-GAL PAIL,4
cluster_110,91020544,SAUCE BBQ OPEN PIT 5-GAL PAIL,4
cluster_110,91018,SAUCE BBQ SWT BABY RAY 5-GAL PAIL,4
cluster_110,91011504,SAUCE BBQ VIENNA 5-GAL PAIL,4
cluster_115,22090H1,SAUCE HOT 4/1 GAL,9
cluster_115,22080216,SAUCE HOT TAPATIO 24/4-oz,9
cluster_115,40171015,SAUCE CHIPOTLE 24/7oz SM,9
cluster_115,40171017,SAUCE CHIPOTLE W/ADOBO 24/7oz SM,9
cluster_115,90342011,SAUCE CHIPOTLE 24/7.5oz**,9
cluster_115,22089HS,SAUCE HOT CAJ CHEF 4/1 GAL,9
cluster_115,22081000,SAUCE HOT HUICHOL 24/6oz,9
cluster_115,40171020,SAUCE CHIPOTLE 6/#10 SM,9
cluster_115,22081010,SAUCE HOT HUICHOL 12/6oz,9
cluster_424,13925,SAUSAGE AMY-RET-z ANDOUILLE 75309,7
cluster_424,139461,SAUSAGE AMY-RET-z APPLE/GOU 75709,7
cluster_424,13976711,SAUSAGE AMY-RET-z APPLE/MAPL 76737,7
cluster_424,139161,SAUSAGE AMY-RET-z ITALIAN/P 75909,7
cluster_424,13968889,SAUSAGE AMY-RET-z RST/GAR/ASI 72737,7
cluster_424,13968873,SAUSAGE AMY-RET-z SUND/TOM/B 71609,7
cluster_424,13946A,SAUSAGE AMY 10#-z APL/MAP 75452,7
cluster_449,1043489,SAUSAGE PEO POL 5-1 10#,14
cluster_449,1043484,SAUSAGE POL PEO 10#-z,14
cluster_449,132879Z,SAUSAGE THM-z ITAL HOT 12/1#RET,14
cluster_449,1361421,SAUSAGE COM-z POL MAX SMK 4-1 2/5#,14
cluster_449,13964110,SAUSAGE COM-z FC-LNK ITAL/P&P 12/4P,14
cluster_449,14014,SAUSAGE PERD TRKY POL 5-1 2/6#-z,14
cluster_449,1361495,SAUSAGE COM-z FC-LNK JAL/CHED 12/4P,14
cluster_449,14025132,SAUSAGE VIEN POL 15454 5-1 SKL 10#-z,14
cluster_449,14023560,SAUSAGE MAK POL SPCY 5-1 SKL 10#,14
cluster_449,14025138,SAUSAGE REDH POL 5-1 10#,14
cluster_449,1361465,SAUSAGE COM-z SMK/JAL/CHS 4-1 2/5#,14
cluster_449,14023503,SAUSAGE VIEN POL MAX61326 20#,14
cluster_449,132878Z,SAUSAGE THM-z ITAL SWT 12/1#RET,14
cluster_449,132872Z,SAUSAGE THM-z BRAT 12/1#RET,14
cluster_429,97315740,"Sausage Cheddar Smkd, 14ct, Bar S 6/2.5#",5
cluster_429,97325740,"Sausage Classic Smkd, 14ct, Bar S 6/2.5#",5
cluster_429,97305740,"Sausage Hot Smkd, 14ct, Bar S (6/2.5#)",5
cluster_429,97135740,"Sausage Jal/Cheddar Smkd, Bar S (8/2#)",5
cluster_429,97295740,"Sausage Polish Smkd, 14ct, Bar S 6/2.5#",5
cluster_448,13968907,SAUSAGE DEV ITAL ROPE MILD 10#-z,17
cluster_448,13968903,SAUSAGE DEV ITAL ROPE MILD 5#-z,17
cluster_448,13968903,SAUSAGE DEV ITAL ROPE MILD 5#-z,17
cluster_448,13968984,SAUSAGE FAB ITAL ROPE HOT 10#-z,17
cluster_448,13968984,SAUSAGE FAB ITAL ROPE HOT 10#-z,17
cluster_448,13968982,SAUSAGE FAB ITAL ROPE HOT 5#,17
cluster_448,13968906,SAUSAGE FAB ITAL ROPE MILD 10#-z,17
cluster_448,13968906,SAUSAGE FAB ITAL ROPE MILD 10#-z,17
cluster_448,13968902,SAUSAGE FAB ITAL ROPE MILD 5#-z,17
cluster_448,139642,SAUSAGE GRE ITAL ROPE HOT 2/5#-z,17
cluster_448,13968985,SAUSAGE PEO ITAL ROPE HOT 10#,17
cluster_448,13968,SAUSAGE PEO ITAL ROPE MILD 10#,17
cluster_448,13991,SAUSAGE RAN ITAL ROPE HOT 5#,17
cluster_448,13981,SAUSAGE RAN ITAL ROPE MILD 10#,17
cluster_448,13989,SAUSAGE RAN ITAL ROPE MILD 5#,17
cluster_448,13964,SAUSAGE RAN-z ITAL ROPE HOT 10#,17
cluster_448,13981,SAUSAGE RAN ITAL ROPE MILD 10#,17
cluster_297,139122,SAUSAGE FONT ANDOU LINK 4-1 12#-z,5
cluster_297,139767,SAUSAGE FONT ITAL LINK SW-610 12#-z,5
cluster_297,13976F,SAUSAGE FONT ITAL ROPE MILD 12#-z,5
cluster_297,1397610,SAUSAGE FONT ITAL ROPE SWT-610 10#,5
cluster_297,13977F,SAUSAGE FONT POL SL.75 SLP500 10#,5
cluster_340,21234W,SHRIMP EZ PEEL 31-40 10/2#-z CEN,11
cluster_340,212011,SHRIMP FRESHW EZ PEEL 8-12 10/2#,11
cluster_340,21225,SHRIMP EZ PEEL 26-30 10/2#-z CEN,11
cluster_340,212163,SHRIMP BBQ EZ PEEL 16-20 10/2#-z,11
cluster_340,212161,SHRIMP BBQ EZ PEEL 13-15 10/2#-z,11
cluster_340,21201045,SHRIMP FRESHW EZ PEEL 6-8 10/2# CEN,11
cluster_340,21220,X,11
cluster_340,21201A,SHRIMP WHITE EZ PEEL 8-12 10/2#,11
cluster_340,21216,SHRIMP EZ PEEL 16-20 10/2#-z CEN,11
cluster_340,21232E1,SHRIMP EZ PEEL 21-25 10/2#-z CEN,11
cluster_340,21233S,SHRIMP EZ PEEL 41-50 10/2#-z CEN,11
cluster_323,15029984,"Short Loin 0x1, (Ch)",9
cluster_323,144012,"SHORT LOIN, 0+1, CH",9
cluster_323,15023574,"Short Loin 0x1, IBP (Ch)",9
cluster_323,15021120,"Short Loin, 0X1 Mex Praderas",9
cluster_323,15021004,"Short Loin 0x1, GreaterOmaha (CH)",9
cluster_323,15023576,"Short Loin 0x1, IBP (NR)",9
cluster_323,15021024,"Short Loin 0x1, National (Ch)",9
cluster_323,15023575,"Short Loin 0x1, IBP (Sel)",9
cluster_323,15021590,"Short Loin 0X1, Mex Fertres",9
cluster_535,164002,"SHORT RIBS, KOSHER, 4OZ",7
cluster_535,164123,"SHORT RIB KOSHER, 12OZ",7
cluster_535,164122,"SHORT RIB KOSHER, 2 BONE, 12OZ",7
cluster_535,164093,"SHORT RIBS KOSHER, 10OZ",7
cluster_535,164081,"SHORT RIBS KOSHER, 8OZ",7
cluster_535,164062,"SHORT RIBS KOSHER, 6OZ",7
cluster_535,164090,"SHORT RIBS KOSHER, 9OZ",7
cluster_304,16051374,"Short Rib Plate, EVP (Ch)",15
cluster_304,16051054,"Short Rib Plate, AFG (Ch)",15
cluster_304,16051144,"Short Rib Plate, WesternReserve (Ch)",15
cluster_304,16053746,"Short Rib Plate, Excel (NR)",15
cluster_304,16051056,"Short Rib Plate, AFG (NR)",15
cluster_304,16054544,"Short Rib Plate, 5 Star (Ch)",15
cluster_304,16053553,"Short Rib Plate, Heartland (Ch Angus)",15
cluster_304,16309986,"Short Rib Plate, (N/R)",15
cluster_304,13183574,"Short Rib Plate, IBP (Ch)",15
cluster_304,16051170,"Short Rib Plate, Demkota (N/R)",15
cluster_304,13185004,"Short Rib Plate, Black Canyon (Ch)",15
cluster_304,13181004,"Short Rib Plate, Greater Omaha (Ch)",15
cluster_304,16051216,"Short Rib Plate, Creekstone (NR)",15
cluster_304,13181024,"Short Rib Plate, National (Ch)",15
cluster_304,13185024,"Short Rib Plate, C. Hereford B. (Ch)",15
cluster_536,164001,"SHORT RIBS, BONELESS, 4OZ",6
cluster_536,160050,"SHORT RIBS, BONELESS, 5OZ",6
cluster_536,160101,"SHORT RIBS, BONELESS, 10OZ",6
cluster_536,160080,"SHORT RIBS, BONELESS, 8OZ",6
cluster_536,160060,"SHORT RIBS, BONELESS, 6OZ",6
cluster_536,160072,"SHORT RIBS, BONELESS, 7OZ",6
cluster_388,21224036,SHRIMP CKD T/ON 21-25 CEN-5/2#-z,42
cluster_388,2121312,SHRIMP P&D T/OFF 16-20 CEN-5/2#,42
cluster_388,74541269,"Shrimp, CPND T/ON 41-50ct, CenSea 10/1#",42
cluster_388,74431109,"Shrimp, RP&D T/OFF 26-30ct, 5/2",42
cluster_388,74551260,"Shrimp, Ckd T/ON 31-40ct, CenSea (5/2#)",42
cluster_388,21213,SHRIMP P&D T/ON 16-20 CEN-5/2#,42
cluster_388,116600001,"Shrimp, RP&D T/OFF 26-30ct, CenSea 5/2",42
cluster_388,74112009,"Shrimp, Ckd T/OFF 21-25ct, (5/2#)",42
cluster_388,74121269,"Shrimp, Ckd T/OFF 26-30ct, CenSea (5/2#)",42
cluster_388,21233C,SHRIMP P&D T/ON 41-50 CEN-5/2#,42
cluster_388,21234T,SHRIMP CKD T/ON 41-50 CEN-5/2#,42
cluster_388,74559989,"Shrimp, Ckd T/ON 31-40ct, (5/2#)",42
cluster_388,74481269,"Shrimp, RP&D T/ON 16-20ct, CenSea 5/2",42
cluster_388,74499989,"Shrimp, RP&D T/ON 26-30ct, 5/2",42
cluster_388,74129989,"Shrimp, Ckd T/OFF 26-30ct, (5/2#)",42
cluster_388,74439980,"Shrimp, RP&D T/OFF 31-40ct, 5/2",42
cluster_388,74511269,"Shrimp, CPND T/ON 16-20ct, CenSea (10/1)",42
cluster_388,74131269,"Shrimp, Ckd T/OFF 31-40ct, CenSea (5/2#)",42
cluster_388,21248,SHRIMP P&D T/ON 31-40 CEN-5/2#,42
cluster_388,74139989,"Shrimp, Ckd T/OFF 31-40ct, (5/2#)",42
cluster_388,74939980,"Shrimp, RP&D T/OFF 31-40ct, 6/5",42
cluster_388,212346,SHRIMP CKD T/OFF 51-60 CEN-5/2#-z,42
cluster_388,212341,SHRIMP CKD P&D T/OFF 41-50 CEN-5/2#,42
cluster_388,74449980,"Shrimp, RP&D T/OFF 21-25ct, 5/2",42
cluster_388,74191269,"Shrimp, Ckd T/ON 26-30ct, CenSea (10/1#)",42
cluster_388,21227000,SHRIMP P&D T/OFF 21-25 CEN-5/2#,42
cluster_388,74441269,"Shrimp, RP&D T/OFF 21-25ct, CenSea (5/2)",42
cluster_388,21249,SHRIMP P&D T/OFF 31-40 10# CEN,42
cluster_388,74644369,"Shrimp, RP&D T/OFF 51-60ct, Panamei 10/1",42
cluster_388,212349,SHRIMP CKD T/OFF 31-40 CEN-5/2#-z,42
cluster_388,74114360,"Shrimp, Ckd T/OFF 21-25ct, Panamei 5/2#",42
cluster_388,74454369,"Shrimp, RP&D T/ON 21-25ct, Panamei 5/2",42
cluster_388,74509980,"Shrimp, RP&D T/ON 13-15ct, 10/2",42
cluster_388,21224045,SHRIMP CKD T/ON 16-20 CEN-5/2#-z,42
cluster_388,74501269,"Shrimp, RP&D T/ON 31-40ct, CenSea 5/2",42
cluster_388,21224,SHRIMP CKD T/ON 26-30 CEN-5/2#-z,42
cluster_388,74149989,"Shrimp, CPND T/OFF 41-50ct, (10/1#)",42
cluster_388,74509981,"Shrimp, RP&D T/ON 16-20ct, 5/2",42
cluster_388,74459980,"Shrimp, RP&D T/ON 21-25ct, 5/2",42
cluster_388,74141269,"Shrimp, CPND T/OFF 41-50ct CenSea (5/2#)",42
cluster_388,21226999,SHRIMP P&D T/ON 21-25 CEN-5/2#,42
cluster_388,74121260,"Shrimp, CPND T/OFF 16-20ct, CenSea (5/2)",42
cluster_359,21245T,SHRIMP H/ON 40-50 10/4#-z,3
cluster_359,21245,SHRIMP H/ON 50-60 10/4#-z,3
cluster_359,21237,SHRIMP H/ON 60-70 10/4#-z,3
cluster_366,74091106,"Shrimp, Ckd Broken 100-200, Sea Cove 5/2",5
cluster_366,74054419,"Shrimp, Ckd Broken 20-40ct, Sea Cove 5/2",5
cluster_366,74064419,"Shrimp, Ckd Broken 40-60ct, Sea Cove 5/2",5
cluster_366,74084419,"Shrimp, Ckd Broken 60-90ct, Sea Cove 5/2",5
cluster_366,74084416,"Shrimp,Ckd Broken 60-90ct, Sea Cove,10/1",5
cluster_365,74059989,"Shrimp, Ckd Broken 20-40ct, (5/2#)",6
cluster_365,74051260,"Shrimp, Ckd Broken 20-40ct, Censea 5/2#",6
cluster_365,74051109,"Shrimp, Ckd Broken 40-60ct, (10/1#)",6
cluster_365,74061109,"Shrimp, Ckd Broken 40-60ct, (5/2#)",6
cluster_365,74071109,"Shrimp, Ckd Broken 60-90ct, (10/1#)",6
cluster_365,74081109,"Shrimp, Ckd Broken 60-90ct, (5/2#)",6
cluster_371,74504759,"Shrimp, RP&D T/ON 31-40ct, Hook B. 5/2",15
cluster_371,74554759,"Shrimp, Ckd T/ON 31-40ct, Hook & B 5/2#",15
cluster_371,74524759,"Shrimp, Ckd T/ON 16-20ct, Hook & B 5/2#",15
cluster_371,74564759,"Shrimp, Ckd T/ON 31-40ct, Hook & B 10/1#",15
cluster_371,74704759,"Shrimp, CPND T/ON 13-15ct, Hook & B 5/2#",15
cluster_371,74924759,"Shrimp, CPND T/OFF 16-20ct, Hook & B 5/2",15
cluster_371,74904759,"Shrimp, CPND T/OFF 13-15ct, Hook & B 5/2",15
cluster_371,74124759,"Shrimp, Ckd T/OFF 26-30ct, Hook & B 5/2#",15
cluster_371,74134759,"Shrimp, Ckd T/OFF 31-40ct, Hook & B 5/2#",15
cluster_371,74144759,"Shrimp, CPND T/OFF 41-50ct Hook & B 5/2#",15
cluster_371,74204759,"Shrimp, Ckd T/ON 26-30ct, Hook & B 5/2#",15
cluster_371,74114759,"Shrimp, Ckd T/ON 21-25ct, Hook & B 5/2#",15
cluster_371,74744759,"Shrimp, CPND T/ON 41-50ct, Hook & B 5/2#",15
cluster_371,74194759,"Shrimp, Ckd T/ON 26-30ct, Hook & B 10/1#",15
cluster_371,74464759,"Shrimp, RP&D T/ON 13-15ct, Hook B. 5/2",15
cluster_383,74184369,"Shrimp, CPT/ON 51-60ct, Panamei (5/2#)",3
cluster_383,74204369,"Shrimp, CPT/ON 26-30ct, Panamei (5/2#)",3
cluster_383,74174369,"Shrimp, CPT/ON 51-60ct, Panamei (10/1#)",3
cluster_381,74634369,"Shrimp, CPTO 71-90 Panamei (10/1#)",3
cluster_381,74544360,"Shrimp, CPTO 41-50 Panamei (10/1#)",3
cluster_381,74534360,"Shrimp, CPTO 71-90 Panamei (5/2#)",3
cluster_380,74434360,"Shrimp, Wht RPDTOFF 26-30ct, Panamei 5/2",4
cluster_380,74494360,"Shrimp, Wht RPDTO 26-30ct, Panamei (5/2)",4
cluster_380,74694360,"Shrimp, Wht RPDTO 26-30ct, Panamei 10/1#",4
cluster_380,74524369,"Shrimp, CPTO 16-20ct, Panamei (5/2#)",4
cluster_368,74335829,"Shrimp, CPTO 30-40ct, Sea Best (10/1#)",3
cluster_368,74875829,"Shrimp, CPTO, 41/50ct, Sea Best (10/1#)",3
cluster_368,74885829,"Shrimp, CPTO, 70/90ct, Sea Best (10/1#)",3
cluster_389,74279989,"Shrimp, EZ Pld 26-30ct, (10/2#)",10
cluster_389,74269989,"Shrimp, EZ Pld 26-30ct, (20/1#)",10
cluster_389,74271269,"Shrimp, EZ Pld 26-30ct, CenSea (10/2#)",10
cluster_389,74291269,"Shrimp, EZ Pld 31-40ct, CenSea (10/2#)",10
cluster_389,74299980,"Shrimp, EZ Pld 31-40ct, (10/2#)",10
cluster_389,74261269,"Shrimp, EZ Pld 26-30ct, CenSea (20/1#)",10
cluster_389,74242399,"Shrimp, EZ Pld 16-20ct, (10/2#)",10
cluster_389,74281260,"Shrimp, EZ Pld 31-40ct, CenSea (20/1#)",10
cluster_389,74259989,"Shrimp, EZ Pld 21-25ct (10/2#)",10
cluster_389,74241269,"Shrimp, EZ Pld 16-20ct, CenSea (10/2#)",10
cluster_370,74264759,"Shrimp, EZ Pld 26-30ct, Hook & B (20/1#)",4
cluster_370,74274759,"Shrimp, EZ Pld 26-30ct, Hook & B (10/2#)",4
cluster_370,74244759,"Shrimp, EZ Pld 16-20ct, Hook & B (10/2#)",4
cluster_370,74294759,"Shrimp, EZ Pld 31-40ct, Hook & B (10/2#)",4
cluster_390,74284360,"Shrimp, EZ Pld 31-40ct, Panamei (20/1#)",8
cluster_390,74304369,"Shrimp, EZ Pld 41-50ct, Panamei (20/1#)",8
cluster_390,74404369,"Shrimp, EZ Pld 41-50ct, Panamei (10/2#)",8
cluster_390,74294369,"Shrimp, EZ Pld 31-40ct, Panamei (10/2#)",8
cluster_390,74714369,"Shrimp, EZ Pld 51-60ct, Panamei (20/1#)",8
cluster_390,74264360,"Shrimp, EZ Pld 26-30ct, Panamei (20/1#)",8
cluster_390,74654369,"Shrimp, EZ Pld 21-25ct Panamei (20/1#)",8
cluster_390,74314369,"Shrimp, EZ Pld 51-60ct, Panamei (10/2#)",8
cluster_353,74334847,"Shrimp, Hd/ON 30-40ct, BLK Tropical 10/4",11
cluster_353,74334369,"Shrimp, Hd/ON 30-40ct, IQF Panamei (20#)",11
cluster_353,74335469,"Shrimp, Hd/ON 30-40ct, BLK Wonder 10/4#",11
cluster_353,74681387,"Shrimp, Hd/ON 30-40ct, BLK CieloSea 10/4",11
cluster_353,74334457,"Shrimp, Hd/ON 30-40ct, BLK Vanonis 10/4#",11
cluster_353,74331459,"Shrimp, Hd/ON 30-40ct, IQF MarYCielo 20#",11
cluster_353,74335689,"Shrimp, Hd/ON 30-40ct, BLK Talassa 10/4#",11
cluster_353,74335309,"Shrimp, Hd/ON 30-40ct, IQF Champmar 4/5#",11
cluster_353,74335529,"Shrimp, Hd/ON 30-40ct, BLK Pescanova 40#",11
cluster_353,74344369,"Shrimp, Hd/On 40-50ct, IQF Panamei (20#)",11
cluster_353,74361457,"Shrimp, Hd/On 60-70ct, IQF Vanonni (20#)",11
cluster_354,74349987,"Shrimp, Hd/On 40-50ct, BLOCK Ecuadr 10/4",4
cluster_354,74359989,"Shrimp, Hd/On 50-60ct, BLOCK Ecuadr 10/4",4
cluster_354,74339987,"Shrimp, Hd/ON 30-40ct, BLOCK (10/4#)",4
cluster_354,74361389,"Shrimp, Hd/On 60-70ct, BLOCK Ecuadr 10/4",4
cluster_210,15149984,"Sirloin Fat On Culotte, (Ch)",7
cluster_210,15141094,"Sirloin Fat On Culotte, B. Mountain (Ch)",7
cluster_210,15141004,"Sirloin Fat On Culotte, GO (Ch)",7
cluster_210,15141001,"Sirloin Fat On Culotte, GO (Prime)",7
cluster_210,15141050,"Sirloin Fat On Culotte, Heartland, Ch",7
cluster_210,15141014,"Sirloin Fat On Culotte, IBP (Ch)",7
cluster_210,15143332,"Sirloin Fat On Culotte, Upper Iowa (CAn)",7
cluster_211,140066,"SIRLOIN TOP BUTT ST, CC, CH, 6OZ",4
cluster_211,142061,"SIRLOIN TOP, CC, CH, 6OZ",4
cluster_211,141004,"SIRLOIN TOP, CC, PRIME",4
cluster_211,140056,"SIRLOIN TOP BUTT ST, CC, CH, 5OZ",4
cluster_460,15101164,"Top Sirloin Butt, Iowa Premium (Ch)",15
cluster_460,15101004,"Top Sirloin Butt  XT, GreaterOmaha (Ch)",15
cluster_460,144017,"SIRLOIN TOP BUTT, NR, CS LOT",15
cluster_460,15111004,"Top Sirloin Butt  XT, GreaterOmaha Heref",15
cluster_460,15109984,"Top Sirloin Butt XT, (Ch)",15
cluster_460,144007,"SIRLOIN TOP BUTT, CH, CS LOT",15
cluster_460,15111000,"Top Sirloin Butt  XT, GreaterOmaha (HALA",15
cluster_460,15101002,"Top Sirloin Butt  XT, GreaterOmaha (CAng",15
cluster_460,144008,"SIRLOIN TOP BUTT, CH",15
cluster_460,15101011,"Top Sirloin Butt  XT, IBP (Prime)",15
cluster_460,15103574,"Top Sirloin Butt XT, IBP (Ch)",15
cluster_460,15103694,"Top Sirloin Butt XT, Aurora (Ch)",15
cluster_460,15101012,"Top Sirloin Butt XT, IBP (CAngus)",15
cluster_460,15103334,"Top Sirloin Butt XT, Upper Iowa (Ch)",15
cluster_460,15101165,"Top Sirloin Butt XT, Iowa Premium (Sel)",15
cluster_438,40152080,"Skins (Machine), Pork Dekalb",5
cluster_438,40151060,"Skins (Machine), Pork Indiana",5
cluster_438,40152430,"Skins (Machine), Pork Peoria",5
cluster_438,40151330,"Skins (Machine), Pork, Hylife  (60#)",5
cluster_438,40151940,"Skins (Machine), Pork, Premium Iowa (60#",5
cluster_469,84105810,"Smoked Drummettes, Turkey Alex Deli",10
cluster_469,84125810,"Smoked Drums, Hen Turkey Alex Deli",10
cluster_469,83005810,"Smoked Drumsticks, Chicken Alex Deli",10
cluster_469,83009990,"Smoked Drumsticks, Chicken Moesle",10
cluster_469,84025810,"Smoked Drumsticks, Turkey Alex Deli",10
cluster_469,84029990,"Smoked Drumsticks, Turkey Moesle",10
cluster_469,207900001,"Smoked Drumsticks, Turkey Villari",10
cluster_469,41887400,Turkey  Drums Smoked,10
cluster_469,321001,"TURKEY DRUMS, SMOKED, BELMONT",10
cluster_469,321002,"TURKEY DRUMS, SMOKED, VILLARI",10
cluster_164,50060,Snow Crab Cluster 5-8 30#,7
cluster_164,50003,Snow Crab Cluster   8 up,7
cluster_164,77069983,"Snow Crab, Cluster 5/8oz, (30#)",7
cluster_164,77065133,"Snow Crab, Cluster 5/8oz, Captain D(30#)",7
cluster_164,77065643,"Snow Crab, Cluster 5/8oz, Ocean Ch (30#)",7
cluster_164,77065143,"Snow Crab, Cluster 5/8oz, Quinlan B. 30#",7
cluster_164,77131503,"Snow Crab, Cluster 5/8oz,SeaMazz (30#)",7
cluster_8,50512010,SQUASH GRN ZUCCHINI MED 20#,3
cluster_8,50512011,SQUASH YEL ZUC MED 20#,3
cluster_8,31930,Zucchini (M) 20#,3
cluster_459,15041090,"Strip Loin Bnls 0x1,  Mex Bona Prime",23
cluster_459,15041164,"Strip Loin Bnls 0x1, Iowa Premium (Ch)",23
cluster_459,141010,"STRIP LOINS, BNLS, 0+1, PRIME",23
cluster_459,15051004,"Strip Loin Bnls 0x1, GreaterOmaha (Ch) H",23
cluster_459,15045723,"Strip Loin Bnls 0x1, National A. B Ch_An",23
cluster_459,15043370,"Strip Loin Bnls 0x1, Mex Don Saul",23
cluster_459,15041076,"Strip Loin Bnls 12/Up 0x1, PaloDuro (NR)",23
cluster_459,15043334,"Strip Loin Bnls 0x1, Upper Iowa (Ch)",23
cluster_459,15041004,"Strip Loin Bnls 0x1, GreaterOmaha (Ch)",23
cluster_459,15041014,"Strip Loin Bnls 0x1, IBP (Ch)",23
cluster_459,15043794,"Strip Loin Bnls 0x1, Black Mountain (Ch)",23
cluster_459,15041056,"Strip Loin Bnls 0x1, AFG (AngusNR)",23
cluster_459,15043810,"Strip Loin Bnls 0x1, Mex FC Beef",23
cluster_459,15049984,"Strip Loin Bnls 0x1, (Ch)",23
cluster_459,15041590,"Strip Loin Bnls 0x1, Mex Fertres",23
cluster_459,15041120,"Strip Loin Bnls 0X1, Mex Praderas",23
cluster_459,15044640,"Strip Loin Bnls 0x1, Mex El Alba",23
cluster_459,15043575,"Strip Loin Bnls 0x1, IBP (Sel)",23
cluster_459,15041024,"Strip Loin Bnls 0x1, National (Ch)",23
cluster_459,15041214,"Strip Loin Bnls 0x1, Creekstone (Ch)",23
cluster_459,15043563,"Strip Loin Bnls 0x1, IBP Star Ranch (Ch_",23
cluster_459,15071004,"Strip Loin B/In 1x1, GreaterOmaha (Ch)",23
cluster_459,15041130,"Strip Loin Bnls 0x1, Mex SuKarne",23
cluster_574,141100,"STRIP STEAK NY, PRIME, 10OZ",5
cluster_574,141029,"STRIP STEAK MANHATTAN, PRIME, 10OZ",5
cluster_574,141104,"STRIP STEAK NY, PRIME, 12OZ",5
cluster_574,141031,"STRIP STEAK MANHATTAN, PRIME, 12OZ",5
cluster_574,141180,"STRIP STEAK NY, PRIME, 18OZ",5
cluster_573,144124,"STRIP STEAK NY, CH, 12OZ",8
cluster_573,144121,"STRIP STEAK NY, CH, CC, 12OZ",8
cluster_573,143120,"STRIP STEAK NY, CC, CH, 12OZ",8
cluster_573,144104,"STRIP STEAK NY, CH, CC, 10OZ",8
cluster_573,144168,"STRIP STEAK NY, CH, CC, 16OZ",8
cluster_573,143100,"STRIP STEAK NY, CC, CH, 10OZ",8
cluster_573,144205,"STRIP STEAK NY, CH, 20OZ",8
cluster_573,143160,"STRIP STEAK NY, CC, CH, 16OZ",8
cluster_571,144083,"STRIP STEAK NY, SPEC TRIM, CH, 8OZ",4
cluster_571,144171,"STRIP STEAK NY, SPEC TRIM, CH, 15OZ",4
cluster_571,144103,"STRIP STEAK NY, SPEC TRIM, CH, 10OZ",4
cluster_571,144143,"STRIP STEAK NY, SPEC TRIM, CH, 14OZ",4
cluster_412,79021104,"Swai,Fillets5-7oz,Original Mekong IQF#15",15
cluster_412,79041104,"Swai, Fillets 3-5oz, IQF, Mira Fish, 15#",15
cluster_412,79011459,"Swai, Fillets 3-5oz, IQF (15#)",15
cluster_412,79021459,"Swai, Fillets 5-7oz, IQF (15#)",15
cluster_412,79011509,"Swai, Fillets 3-5oz, IQF Sea Mazz (15#)",15
cluster_412,79015329,"Swai, Fillets 3-5oz, IQF Royal King 15#",15
cluster_412,79021509,"Swai, Fillets 5-7oz, IQF Sea Mazz (15#)",15
cluster_412,79011699,"Swai, Fillets 3-5oz, IQF Aquanita (15#)",15
cluster_412,79024759,"Swai, Fillets 5-7oz, IQF Hook & B (15#)",15
cluster_412,79014759,"Swai, Fillets 3-5oz, IQF Hook & B (15#)",15
cluster_412,79051104,"Swai, Fillets 5-7oz, IQF, Mira Fish, 15#",15
cluster_412,79025329,"Swai, Fillets 5-7oz, IQF Royal King 15#",15
cluster_412,79004759,"Swai, Fillets 2-3oz, IQF Hook & B (15#)",15
cluster_412,79031459,"Swai, Fillets 7-9oz, IQF (15#)",15
cluster_412,79011104,"Swai,Fillets3-5oz,Original Mekong IQF#15",15
cluster_78,63605,TAMALES Beeef  DonPedros 60CT BULK,5
cluster_78,63603,TAMALES Cheese DonPedros 60CT BULK,5
cluster_78,63601,TAMALES Chicken DonPedros 60CT BULK,5
cluster_78,63604,TAMALES Corn DonPedros 60CT BULK,5
cluster_78,63602,TAMALES Pork DonPedros 60CT BULK,5
cluster_567,140053,"TENDERLOIN FILET 3-4#, CC, 5OZ",6
cluster_567,140063,"TENDERLOIN FILET 3-4#, CC, 6OZ",6
cluster_567,140042,"TENDERLOIN FILET/3-4#, 4OZ",6
cluster_567,140103,"TENDERLOIN FILET/3-4#, CC, 10OZ",6
cluster_567,140043,"TENDERLOIN FILET/3-4#, CC, 4OZ",6
cluster_567,140083,"TENDERLOIN FILET/3-4#, CC, 8OZ",6
cluster_566,140065,"TENDERLOIN FILET, CC, 4UP, 6OZ",12
cluster_566,140085,"TENDERLOIN FILET, CC, 4UP, 8OZ",12
cluster_566,140055,"TENDERLOIN FILET, CC, 4UP, 5OZ",12
cluster_566,140064,"TENDERLOIN FILET, 4UP, 6OZ",12
cluster_566,140084,"TENDERLOIN FILET, 4UP, 8OZ",12
cluster_566,140095,"TENDERLOIN FILET, CC, 4UP, 9OZ",12
cluster_566,144041,"TENDERLOIN, FILET, CC, CH, 4OZ",12
cluster_566,144082,"TENDERLOIN, FILET, CC, CH, 8OZ",12
cluster_566,144052,"TENDERLOIN, FILET, CC, CH, 5OZ",12
cluster_566,144151,"TENDERLOIN, FILET CC, CH, 3OZ",12
cluster_566,144062,"TENDERLOIN, FILET, CC, CH, 6OZ",12
cluster_566,144092,"TENDERLOIN, FILET, CC, CH, 9OZ",12
cluster_326,52013390,"Tenders Jumbo CVP, Chicken Mountaire (40",9
cluster_326,52013400,"Tenders Jumbo CVP, Chicken Qasri Hills (",9
cluster_326,52019980,"Tenders Jumbo, Chicken (40#)",9
cluster_326,52014680,"Tenders Jumbo, Chicken FosterFarms (40#)",9
cluster_326,52011180,"Tenders Jumbo, Chicken HOR (40#)",9
cluster_326,52011880,"Tenders Jumbo, Chicken New SBL (40#)",9
cluster_326,52011220,"Tenders Jumbo, Chicken Pilgrims (40#)",9
cluster_326,52011040,"Tenders Jumbo, Chicken Sanderson(40#)",9
cluster_326,52011340,"Tenders Jumbo, Chicken Wayne F. (40#)",9
cluster_471,56001250,"Thigh Meat, Bnls/Sknls, FM (40#)",6
cluster_471,56001180,"Thigh Meat, Bnls/Sknls, HOR (40#)",6
cluster_471,56003390,"Thigh Meat, Bnls/Sknls, Mountaire (40#)",6
cluster_471,101200001,"Thigh Meat, Bnls/Sknls, Sanderson (40#)",6
cluster_471,56005180,"Thigh Meat, Bnls/Sknls, Simmons (40#)",6
cluster_471,56001340,"Thigh Meat, Bnls/Sknls, Wayne F. (40#)",6
cluster_94,91PQ602,THUMANN 12/9-OZ DELI DRESSING,5
cluster_94,91PQ69,THUMANN 12/9-OZ HORSERADISH SAUCE,5
cluster_94,91PQ63,THUMANN 12/9-OZ MUSTARD-DUSSELDORF,5
cluster_94,91PQ64,THUMANN 12/9-OZ MUSTARD-HONEY,5
cluster_94,91PQ62,THUMANN 12/9-OZ MUSTARD-HORSERADISH,5
cluster_416,80018,Tilapia FILLET 3-5  IQF 10#,5
cluster_416,80220,Tilapia Fillet 3-5  IVP 10#,5
cluster_416,80020,Tilapia FILLET 5-7  IVP 10#,5
cluster_416,80021,Tilapia Fillet  5-7 IQF 10#,5
cluster_416,540351,TILAPIA FILLET 3-5,5
cluster_415,76069989,"Tilapia, Whole 550/750, (40#)",14
cluster_415,76061109,"Tilapia, Whole 550/750, Crystal Blue 40#",14
cluster_415,76079989,"Tilapia, Whole 750/950, (40#)",14
cluster_415,76059989,"Tilapia, Whole 350/550, (40#)",14
cluster_415,81050,Tilapia Whole 750UP,14
cluster_415,540350,WHOLE TILAPIA-350-550,14
cluster_415,76054369,"Tilapia, Whole 350/550, Panamei (40#)",14
cluster_415,76053479,"Tilapia, Whole 350/550, Mercado Del Mar",14
cluster_415,76074362,"Tilapia, Whole 750/950, Panamei (40#)",14
cluster_415,76063479,"Tilapia, Whole 550/750, Mercado Del Mar",14
cluster_415,76064362,"Tilapia, Whole 550/750, Panamei (40#)",14
cluster_415,76074369,"Tilapia, Whole 750/950, Pamamei (40#)",14
cluster_415,76055239,"Tilapia, Whole 350/550, Royal Horse 40#",14
cluster_415,81040,Tilapia Whole 550/750gr,14
cluster_417,76014750,"Tilapia, Fillet 3-5oz, IQF Hook&B.(10#)",16
cluster_417,76029989,"Tilapia, Fillet 3-5oz, IVP (10#)",16
cluster_417,76013499,"Tilapia, Fillet 3-5oz, IQF Fortune`s 10#",16
cluster_417,76033499,"Tilapia, Fillet 5-7oz, IVP Fortune`s 10#",16
cluster_417,76023489,"Tilapia, Fillet 3-5oz, IQF Pacific Dynas",16
cluster_417,76023499,"Tilapia, Fillet 3-5oz, IVP Fortune`s 10#",16
cluster_417,76011459,"Tilapia, Fillet 2-3oz, IQF (10#)",16
cluster_417,76019980,"Tilapia, Fillet 3-5oz, IQF (10#)",16
cluster_417,76049989,"Tilapia, Fillet 7-9oz, IVP (10#)",16
cluster_417,76023480,"Tilapia, Fillet 3-5oz, IVP Pacific (10#)",16
cluster_417,76105239,"Tilapia, Fillet 3-5oz, IQF Royal H. 10#",16
cluster_417,76011450,"Tilapia, Fillet 2-3oz IQF (10#)",16
cluster_417,76014170,"Tilapia, Fillet 2-3oz IQF C. Blue (10#)",16
cluster_417,76021459,"Tilapia, Fillet 3-5oz, IQF Rega S. (10#)",16
cluster_417,76031459,"Tilapia, Fillet 5-7oz, IQF (10#)",16
cluster_417,76031109,"Tilapia, Fillet 5oz, IQF Crystal Blue",16
cluster_418,76033479,"Tilapia, Fillet 5-7oz, IVP Mercado Del M",4
cluster_418,76033470,"Tilapia, Fillet 5-7oz, IQF Mercado Del M",4
cluster_418,76024210,"Tilapia, Fillet 3-5oz, IVP Mercado Del M",4
cluster_418,76023479,"Tilapia, Fillet 3-5oz, IQF Mercado Del M",4
cluster_89,10184490,"Tongue #1 Black, Swiss Harmony",8
cluster_89,10171050,"Tongue, #1 White Swiss, AFG",8
cluster_89,10183860,"Tongue #1 Black, AFFCO",8
cluster_89,10181070,"Tongue #1 Black, Caviness",8
cluster_89,10181140,"Tongue #1 Black, Western Reserved",8
cluster_89,10189980,"Tongue #1 Black, H & B",8
cluster_89,10174490,"Tongue #1 White, Swiss Harmony",8
cluster_89,10181050,"Tongue, #1 White Swiss, VP AFG",8
cluster_79,94134860,"Tortilla, Yellow Corn 5"", Popo 20/2dzn",12
cluster_79,94124860,"Tortilla, White Corn 5"", Popo 20/2dzn",12
cluster_79,90280016,TORTILLA CORN YEL 6 POPO,12
cluster_79,99999903,"Tortilla, Corn #5, Atotonilco (20pkg)",12
cluster_79,94174860,"Tortilla, Yellow Corn 6"", Popo 16/27z",12
cluster_79,94094720,"Tortilla, White Corn #5, Atotonilco 20pk",12
cluster_79,9028006,TORTILLA FLOUR WHT 6 POPO,12
cluster_79,9028004,TORTILLA FLOUR WHT 5 POPO,12
cluster_79,94114720,"Tortilla, Yellow Corn #5, Atotonilco 20p",12
cluster_79,90282014,TORTILLA CHIP WHT WHL 6 POPO,12
cluster_79,90280014,TORTILLA CORN YELL 5,12
cluster_79,94104720,"Tortilla, Corn Rancho, Atotonilco 40pkg",12
cluster_282,18038,TRKY BR BI 12-14 AGRO 3 CT-z,17
cluster_282,1803219,TRKY BR BI 12-14 HG 4 CT-z,17
cluster_282,180361,TRKY BR BI 16-18 HOL 2 CT-z,17
cluster_282,1803211,TRKY BR BI 12-14 TVA 4 CT-z,17
cluster_282,1803217,TRKY BR BI 12-14 NRT 4 CT-z,17
cluster_282,18035,TRKY BR BI 18-20 NOR 2 CT-z,17
cluster_282,181885,TRKY BR BI 04-08 HOL CT-z,17
cluster_282,1803230,TRKY BR BI 14-16 HARV 4 CT-z,17
cluster_282,181895,TRKY BR BI 10-12 NRT 4 CT-z,17
cluster_282,181894NB,TRKY BR BI 10-12 NOR 4 CT-z,17
cluster_282,1804776,TRKY BR BI 18-20 TVF 2 CT-z,17
cluster_282,18045,TRKY BR BI 18-20 HOL 2 CT-z,17
cluster_282,181897,TRKY BR BI 10-12 HOL 4 CT-z,17
cluster_282,18011T,TRKY BR BI 20-22 HOL 2 CT-z,17
cluster_282,180522,TRKY BR BI 20-22 TVF 2 CT-z,17
cluster_282,18188713,TRKY BR BI 04-07 *__ -z,17
cluster_282,180111,TRKY BR BI 04-08 TVF 6 CT-z,17
cluster_144,17857877,TRKY DRUMS TOM-z *__,7
cluster_144,1820486,TRKY DRUMS TOM-z DAK 30#,7
cluster_144,1820488,TRKY DRUMS TOM-z HOK 30#,7
cluster_144,1820485,TRKY DRUMS TOM-z MTP 30# 32001,7
cluster_144,182044,TRKY DRUMS-HEN-z NOR 30#,7
cluster_144,18205B,TRKY-SMK DRUMS TOM-z ASH 30#,7
cluster_144,18204B,TRKY-SMK DRUMS TOM-z BEL 30#,7
cluster_216,18228N,TRKY NECKS-z NOR 30#,13
cluster_216,18228MI,TRKY TAILS -z 30# MIT,13
cluster_216,18228TA,TRKY TAILS -z 30# NOR,13
cluster_216,182293,TRKY TAILS -z 30# WLF,13
cluster_216,17864986,TRKY WING -z *__ 30#,13
cluster_216,18231,TRKY WING -z CAR 30#,13
cluster_216,18204013,TRKY WING -z MTP 30#,13
cluster_216,18204012,TRKY WING -z NOR 30#,13
cluster_216,182281,TRKY-SMK NECKS BEL 30#,13
cluster_216,18228B,TRKY-SMK TAILS ASH 30#,13
cluster_216,18230B,TRKY-SMK TAILS BEL 30#,13
cluster_216,18229B,TRKY-SMK WING ASH 30#,13
cluster_216,1822978,TRKY-SMK WING BEL 30#,13
cluster_281,18107,TRKY OR BR NOR SILV-SKL 60216 2/9#,8
cluster_281,181301,TRKY OR BR NOR GOLD-SON 60112 2/9#,8
cluster_281,18112,TRKY OR BR NOR-z GOLD-SKL SMK 60162,8
cluster_281,18110789,TRKY OR BR NOR SILV-SMK 60264 2/9#,8
cluster_281,18131B,TRKY OR BR NOR-z GOLD-SKL 60116,8
cluster_281,181119,TRKY OR BR NOR-z GOLD-SKL SMK 60157,8
cluster_281,181311,TRKY OR BR NOR-z GOLD-SKL 60038,8
cluster_281,181303,TRKY OR BR NOR-z GOLD-SON 60112,8
cluster_280,1832251,TRKY OR BR THM .SMK HKY-2/9#,10
cluster_280,1832210,TRKY OR BR THM GRMT-2/8.5#,10
cluster_280,1832210H,TRKY OR BR THM GRMT-HLV 4/4.5#,10
cluster_280,1832204,TRKY OR BR THM-z ITAL STYL 2/7.5#,10
cluster_280,1832210,TRKY OR BR THM GRMT-2/8.5#,10
cluster_280,1832204,TRKY OR BR THM-z ITAL STYL 2/7.5#,10
cluster_280,1832233,TRKY OR BR THM MAP-HNY-GLZ 2/7#,10
cluster_280,183224P,TRKY OR BR THM-z SMK HKY-2/9#,10
cluster_280,1832251,TRKY OR BR THM .SMK HKY-2/9#,10
cluster_280,1832209Z,TRKY OR BR THM-z SMK SKL PETITE4/2#,10
cluster_284,18224444,TRKY WHL 10-16# NOR-z 4CT,4
cluster_284,18222A,TRKY WHL 14-16# NOR-RR-z 4CT,4
cluster_284,18217,TRKY WHL 08-10# NOR-RR-z 4CT,4
cluster_284,18220A,TRKY WHL 12-14# NOR-RR-z 4CT,4
cluster_283,180387,TRKY WHL 10-14# TVF-z 4CT,7
cluster_283,180386,TRKY WHL 10-14# JENNO-z 4CT,7
cluster_283,182206,TRKY WHL 12-14# TVF-z 4CT,7
cluster_283,180383,TRKY WHL 10-12# TVF-z 4CT,7
cluster_283,180381,TRKY WHL 14-16# TVF-z 4CT,7
cluster_283,18224756,TRKY WHL 16-18# TVF-z 4CT,7
cluster_283,180382,TRKY  WHL 10-12# JENNO-z 4CT,7
cluster_232,78784529,"Tuna Steaks 6oz, Crystal Blue (#10)",5
cluster_232,78489980,Tuna Steaks 8oz (#10),5
cluster_232,78484520,"Tuna Steaks 8oz, Crystal Blue (#10)",5
cluster_232,78419980,Tuna Yellowfin Steaks 10oz (#10),5
cluster_232,78419986,"Tuna Yellowfin Steaks, EMC 8oz (#10)",5
cluster_455,41664500,Turkey 3/1 Burgers 5# Cs,6
cluster_455,41405000,Turkey 3/1 Burgers Perdue,6
cluster_455,41497800,Turkey Burger 3/1-10#Cs,6
cluster_455,41723550,Turkey Burger All Americen,6
cluster_455,SP413,TURKEY BURGERS,6
cluster_455,41664600,Turkey Burgers 2/1,6
cluster_473,41200100,Turkey Breast B/Out S/Off,9
cluster_473,41200899,Turkey Breast Bnls S/off ABF,9
cluster_473,41200120,Turkey Breast Meat B/Out S/Off,9
cluster_473,41200800,Turkey Breast Meat B/Out S/Off ABF,9
cluster_473,41390400,Turkey Thigh Meat B/In S/On ABF,9
cluster_473,41300150,Turkey Thigh Meat B/Out S/Off ABF,9
cluster_473,41300152,Turkey Thigh Meat B/Out S/On,9
cluster_473,41300151,Turkey Thigh Meat B/Out S/On ABF,9
cluster_473,341000,"TURKEY THIGH MEAT,  B/S",9
cluster_458,SP4032,TURKEY WHOLE 14/16*,22
cluster_458,41161701,Turkey Fresh 12/16  FRESH- TURKEY VALLEY,22
cluster_458,41161901,Turkey Fresh 22/28  TURKEY VALLEY,22
cluster_458,361182,"TURKEY WHOLE FRESH, MIDWEST PRIDE 18-20#",22
cluster_458,11102,Turkey Whole 14/16 Turkey Valley,22
cluster_458,41163000,Turkey Fresh 28/32 Norbest,22
cluster_458,361114,"TURKEY WHOLE, 10/14#",22
cluster_458,61215390,"Whole, Turkey 16/20 Jennie-O 2pc.",22
cluster_458,361146,"TURKEY WHOLE FRESH, MIDWEST PRIDE 14-16#",22
cluster_458,61011770,"Whole, Turkey 14/16 Norbest 4pc.",22
cluster_458,SP4033,TURKEY WHOLE      18/20 *,22
cluster_458,41161801,Turkey Fresh 16/20 TURKEY VALLEY,22
cluster_458,361209,"TURKEY WHOLE, NORBEST ONLY, 20-21#",22
cluster_458,61115390,"Whole, Turkey 10/14 Jennie-O 4pc.",22
cluster_458,360169,"TURKEY WHOLE, NORBEST, ONLY 16-18#",22
cluster_458,361202,"TURKEY WHOLE FRESH, MIDWEST PRIDE 20-22#",22
cluster_458,SP4030,TURKEY WHOLE 12/14*,22
cluster_458,361249,"TURKEY WHOLE, NORBEST ONLY, 24-26#",22
cluster_458,SP4031,TURKEY WHOLE 10/12*,22
cluster_458,61015390,"Whole, Turkey 14/16 Jennie-O 4pc.",22
cluster_458,61001770,"Whole, Turkey 16/18, Norbest 2pc",22
cluster_458,41501200,Turkey Fresh 12/15,22
cluster_456,361002,"TURKEY, 22-24#",4
cluster_456,361001,"TURKEY, 20-22#",4
cluster_456,361003,"TURKEY, 24-26#",4
cluster_456,361004,"TURKEY, 26-28#",4
cluster_367,41802024,Turkeys 24/26- 2 Hd/Cs,13
cluster_367,41802300,"Turkeys 22-24, 2 Hd/Cs Jennie-O",13
cluster_367,41801601,Turkeys 16/18 2 Hd/Cs,13
cluster_367,41802400,Turkeys 24/26 - 2 Hd/Cs,13
cluster_367,41802022,Turkeys 22/24 - 2 Hd/Cs,13
cluster_367,41802100,"Turkeys 24/26, 2 Hd/Cs Honeysuckle",13
cluster_367,41801600,Turkeys 16/18 - 2 Hd/Cs,13
cluster_367,41802800,Turkeys 28/32 - 2 Hd/Cs,13
cluster_367,41801500,Turkeys- 12/14  4/CS,13
cluster_367,41802600,Turkeys 26/28 - 2 Hd/Cs,13
cluster_367,41802001,Turkeys 20/22 - 2 Hd/Cs,13
cluster_367,41801300,Turkeys 10/12- 4 Hd/Cs,13
cluster_367,41801801,Turkeys 18/20 - 2 Hd/Cs,13
cluster_255,67830100,Veal 4/1 Luncheon Breaded,5
cluster_255,64200195,Veal Pattie Oval  4oz Breaded -March fms,5
cluster_255,64200194,Veal Pattie Oval  4oz Breaded -Provimi,5
cluster_255,39306040,"Veal, Breaded Patties, 4oz Catelli (10#)",5
cluster_255,39302610,"Veal, Breaded Patties, Strauss 3oz (12#)",5
cluster_220,1121473,VEAL BONES-z HARD-CUT WOL 50#,6
cluster_220,11210686,VEAL BONES-z NECK 50#,6
cluster_220,11210688,VEAL BONES-z NECK 50# MONT,6
cluster_220,11210689,VEAL BONES-z NECK 50# MRC,6
cluster_220,11210687,VEAL BONES-z NECK 50# PIO,6
cluster_220,410083,VEAL NECK BONES,6
cluster_212,1122231,VEAL HEAD-z CAT 2CT,5
cluster_212,112223C,VEAL HEAD-z CAT 3CT,5
cluster_212,1122242,VEAL HEAD-z PRO 3CT,5
cluster_212,68897000,Veal Heads,5
cluster_212,30149980,"Veal, Heads  3pc",5
cluster_187,11172GZ,VEAL LOIN STRIP BNL 0x0 *__,10
cluster_187,1102265,VEAL LOIN STRIP BNL 0x0 PRV 10#,10
cluster_187,11172G1,VEAL LOIN STRIP BNL-z 0x0 STR,10
cluster_187,11172G2,VEAL LOIN STRIP BNL-z 0x0 THO,10
cluster_187,1117482,VEAL LOIN TENDERLOIN SHORT-z PIO10#,10
cluster_187,1117481,VEAL LOIN TENDERLOIN SHORT-z PRV10#,10
cluster_187,410084,VEAL O+O STRIP LOIN,10
cluster_187,63340070,Veal Short Loin,10
cluster_187,410089,VEAL SHORT TENDER,10
cluster_187,63347040,Veal Short Tenderloins,10
cluster_341,11235,VEAL LIVER Whole *__ 10#,10
cluster_341,11230,VEAL LIVER Whole-z CAT 10#,10
cluster_341,11238,VEAL LIVER Whole PIO 10#,10
cluster_341,11227122,VEAL LIVER Whole-z PROV 10#,10
cluster_341,11231,VEAL LIVER Whole STR 10#,10
cluster_341,11230,VEAL LIVER Whole-z CAT 10#,10
cluster_341,11227122,VEAL LIVER Whole-z PROV 10#,10
cluster_341,11229015,VEAL LIVER-SLCD-z 6-OZ MAR 10#,10
cluster_341,11231,VEAL LIVER Whole STR 10#,10
cluster_341,30199980,"Veal, Livers",10
cluster_176,30139980,"Veal, Hearts",7
cluster_176,11210683,VEAL GROUND-z FINE PRV 2/5#,7
cluster_176,11222587,VEAL HEARTS-z STR 10#,7
cluster_176,11210680,VEAL GROUND-z STR 2/5#,7
cluster_176,11222589,VEAL HEARTS-z MAR 10#,7
cluster_176,11222592,VEAL HEARTS-z WOLV 15#,7
cluster_176,11222591,VEAL HEARTS-z EKRO 18#,7
cluster_165,11208889,VEAL DICED STEW 1.0-in 10# FRESH,6
cluster_165,11212,VEAL DICED STEW-z 1.0-in 10# MAR,6
cluster_165,11211,VEAL DICED STEW-z 1.0-in 10# PIO,6
cluster_165,11208892,VEAL DICED STEW-z 1.0-in 10# PRV,6
cluster_165,11208,VEAL DICED STEW-z 1.0-in 10# STR,6
cluster_165,38279980,"Veal, Stew, (10#)",6
cluster_155,410079,VEAL HINDSHANK OSSOBUCCO 2IN,5
cluster_155,64131092,"Veal Hind Shank-2""",5
cluster_155,11166D,VEAL SHNK HIND-OSO-z PRV 2.0-in 10#,5
cluster_155,410025,VEAL HINDSHANK 2.5 OSSOBUCO,5
cluster_155,1116622,VEAL SHNK FORE-OSOB-z PRV 2.0-in,5
cluster_484,11165,VEAL LEG CUTLET-z MAR 2-oz 10#,4
cluster_484,74157988,VEAL LEG CUTLET-z PIO 2-oz 10#,4
cluster_484,74157987,VEAL LEG CUTLET-z PIO 4-oz 10#,4
cluster_484,11157,VEAL LEG CUTLET-z PRV 2-oz 10#,4
cluster_288,410087,VEAL RACK - 6 RIB CHINED,6
cluster_288,62410076,VEAL RACK 6-RIB CHOP READY,6
cluster_288,11021996,VEAL RIB RACK CR 6R3x3 *,6
cluster_288,11021206,VEAL RIB RACK-z CR 7R-FRC CAT,6
cluster_288,62414057,Veal Rack Bone 4x4 7 rib,6
cluster_288,11021330,VEAL RIB RACK CR 6R4x4 BRB 3/6#,6
cluster_500,1130414,VEAL RIB-CHOP 14S FMC 10#,9
cluster_500,1130416,VEAL RIB-CHOP 16S FMC 10#,9
cluster_500,11320A2,VEAL RIB-CHOP-z FRC16S FMC 10#,9
cluster_500,11342304,VEAL RIB-CHOP FRC16S PRV 10#,9
cluster_500,11304,VEAL RIB-CHOP-CC 12S FMC 10#,9
cluster_500,1130457,VEAL RIB-CHOP-CC 14S FMC 10#,9
cluster_500,1130415,VEAL RIB-CHOP-z END CUT 14S CHI 10#,9
cluster_500,11320A2,VEAL RIB-CHOP-z FRC16S FMC 10#,9
cluster_500,11342304,VEAL RIB-CHOP FRC16S PRV 10#,9
cluster_188,63250040,Veal Sir Butt,6
cluster_188,11177013,VEAL SIR BUTT/HIP C/O MAR 7#,6
cluster_188,11177016,VEAL SIR BUTT/HIP C/O PIO 10#,6
cluster_188,11177012,VEAL SIR BUTT/HIP C/O PRV 7#,6
cluster_188,11177015,VEAL SIR BUTT/HIP C/O STR 7#,6
cluster_188,111784,VEAL SIR BUTT/HIP C/O-z CAT 10#,6
cluster_166,68956060,Veal Sweetbreads,5
cluster_166,410091,VEAL SWEETBREADS 5# BAG,5
cluster_166,74173,VEAL SWEETBREADS-z CAT 10#,5
cluster_166,74172,VEAL SWEETBREADS-z STR 10#,5
cluster_166,30175960,"Veal, Sweetbread, Superior Farms",5
cluster_143,30161760,"Veal, Trimmings",5
cluster_143,11233,VEAL TRIMMING-z PIO,5
cluster_143,11246,VEAL TRIMMING 60#** -z,5
cluster_143,11240,VEAL TRIMMING 40#,5
cluster_143,64140050,Veal Trimmings 85/15,5
cluster_196,153700005,"Whole, Fryer 2.5/Up, Yellow Chicken Perd",7
cluster_196,52052960,"Whole, Fryer 3.0/Up, Yellow Chicken Perd",7
cluster_196,52202960,"Whole, Fryer 3.5, Yellow Chicken Perdue",7
cluster_196,52062960,"Whole, Fryer 3.5/Up, Yellow Chicken Perd",7
cluster_196,52071850,"Whole, Fryer 4/Up, Yellow Chicken Harris",7
cluster_196,52072960,"Whole, Fryer 4/Up, Yellow Chicken Perdue",7
cluster_196,52081850,"Whole, Fryer 5/Up, Yellow Chicken Harris",7
cluster_401,54009980,"Wings Jumbo Whole, (40#)",12
cluster_401,54009980,"Wings Jumbo Whole, (40#)",12
cluster_401,54049980,Wings Jumbo MISCUT (40#),12
cluster_401,54001340,"Wings Jumbo Whole, Wayne (40#)",12
cluster_401,54001360,"Wings Jumbo Whole, Peco (40#)",12
cluster_401,54004590,"Wings Small, GNP (40#)",12
cluster_401,54011220,"Wings Jumbo Whole, Pilgrim`s (40#)",12
cluster_401,54011470,"Wings Jumbo Whole, George`s (40#)",12
cluster_401,54004930,"Wings Small, Gerber (40#)",12
cluster_401,54001040,"Wings Jumbo Whole, Sanderson (40#)",12
cluster_401,54003390,"Wings Jumbo Whole, Mountaire (40#)",12
cluster_401,54041580,"Wings Jumbo MISCUT, Amick (40#)",12
cluster_276,54059980,"Wings Jumbo Party 2JT Prtn, (40#)",8
cluster_276,54053920,"Wings Jumbo Party 2JT Prtn, Amick (40#)",8
cluster_276,54054130,"Wings Jumbo Party 2JT Prtn, HOR (40#)",8
cluster_276,54061360,"Wings Jumbo Party 2JT Prtn, Peco (40#)",8
cluster_276,54051340,"Wings Jumbo Party 2JT Prtn, Wayne F. 40#",8
cluster_276,54055510,"Wings Jumbo Party,  Sun Land  (40#)",8
cluster_276,54001220,"Wings Party 2JT CVP, Pilgrim`s (40#)",8
cluster_276,54001220,"Wings Party 2JT CVP, Pilgrim`s (40#)",8
cluster_39,52181019,"WOG 10 HD, Uncooked Traditional Tyson",4
cluster_39,52181010,"WOG 10 HD, Traditional Tyson",4
cluster_39,52141019,"WOG 10 HD, Uncooked MOJO, Tyson",4
cluster_39,52191010,"WOG 10 HD Lemon/Pepper, Tyson",4
cluster_36,52113610,"WOG 3.5/Up, 20HD Cookin` Good",13
cluster_36,52009980,"WOG 3.5/Up, 20HD Golden Rod",13
cluster_36,52103610,"WOG 3/Up, 22HD Cookin` Good",13
cluster_36,52104100,"WOG 3/Up, 22HD, Golden Rod",13
cluster_36,52003430,"WOG 3.5/Up, 20HD, koch",13
cluster_36,52111280,"WOG 3.5/Up, 20HD Koch",13
cluster_36,52101290,"WOG 3/Up, 22HD, OK Foods",13
cluster_36,52111290,"WOG 3.5/Up, 20HD OKFoods",13
cluster_36,52101280,"WOG 3/Up, 22HD CVP Koch Foods",13
cluster_36,52111470,"WOG 3.5/Up, 20HD George`s",13
cluster_36,52004870,"WOG 3.5/Up, 20HD Mar Jac",13
cluster_36,52111220,"WOG 3.5/Up, 20HD Pilgrim`s",13
cluster_36,52161470,"WOG 3/Up, 22HD, George`s",13
cluster_4,9955386,ZVM COMPART RAIL STRIPS,5
cluster_4,9955385,ZVM COMPART RAIL DIVIDER 28-22-14,5
cluster_4,ZVMSVO3,ZVM FFO RAIL STRIPS 11.25x1.25,5
cluster_4,ZVMSVO4,ZVM FFO DIVIDER SMALL 4x14,5
cluster_4,ZVMSVO5,ZVM FFO DIVIDER LARGE 4x24,5
