920207
184001
89021
89042
95032680
95022680
95012680
95002680
95052680
95042680
83323
53154
31311
83191
83251
83291
41254159
13199427
211711
22654601
62730
83441
72790
62720
84600
84610
420110
620054
590012
70780
78016
71009
71570
18130181
454050
620120
20480
115
57
41
250366
73820
72820
72830
71571
144146
410140
410066
52
531620
78000
78001
72989
72010
72011
72015
72012
72850
72013
54
48
45
13800500
620032
620057
84110
84091
84092
520023
72800
84090
72550
70872
70871
900003
620056
78002
78003
72450
72451
71310
72130
72131
74001
74000
70300
70020
70301
70130
1220
84410
56
49
44
24565868
532630
78005
72992
71050
72991
72990
71910
71900
71051
70890
83440
89103
310130
410031
620831
40
745123
30200
72081
71180
72321
72360
72180
70060
78006
78007
72993
73330
72323
72322
72320
72420
72330
70381
70380
38210130
FEE
140241
520040
85440
85441
590034
590304
62750
62740
620064
190444
410041
620051
620060
620033
620061
620662
620841
620164
539989
71510
11014
620058
620059
32
99995
78008
78009
72994
72272
72270
70160
72390
88134
22177240
420050
620065
410051
623897
620160
620160
621032
620861
550030
620158
620558
190087
70340
19990550
180034
78011
70700
72630
72632
72150
70250
905231
720527
720008
144142
420060
620067
410061
11018
591068
72811
72810
590068
70760
72671
72670
70240
190082
430156
420070
99999997
70770
71260
70830
78014
71550
190732
190731
450083
164086
140119
420080
620068
52301220
399810
190081
190801
83090
83470
190085
88144
451047
190090
73550
71590
72571
70560
88782
620072
120882
141102
141108
144301
145050
13651400
AS
620034
96041
ADJ
94084730
410034
410054
900076
94705080
94635080
94645080
94595080
55663
83370
900012
900015
900014
900013
900016
740888
81010
920266
6
920203
10000001
920205
78532109
78539980
450006
22080182
22080217
96622900
84330
85240
84243
85242
31000
38173188
86700
310140
190303
190313
40172008
84350
31010
96531220
83990
720115
610001
50140201
96404740
80019
13159984
13153790
190067
83321
31020
50133403
90466162
90466158
90466159
90466156
520040
420002
430105
420320
420260
620941
50130588
31031
31030
50130593
50130581
50130570
50130584
50130595
50130590
50130599
50130619
50130611
5051
440150
620148
620069
620169
620070
44521010
44021010
44341010
44525240
44623570
44622090
84650
62052
280140
33662008
250125
250020
240340
82185810
82181440
44341150
44341570
17201024
17203334
17203574
44442080
44343630
44341980
44341060
17209980
17203694
17203794
17201176
17201376
17204496
17204495
17204494
17201030
17201320
17201120
17201130
44342080
50003390
58011850
920221
13852
37410401
37312105
20391
20390
37410850
37312104
37410400
37410450
37411000
37412002
13853
13874BS
290257
37880523
37880513
37880519
37880514
37880518
290266
94219
94741
290263
290264
290224
37255410
13879C
20487
907505
13321117
13832205
1382162
1382162
13832163
13832163
13832010
13832010
1332147
1332147
134325
13860154
232300
290258
290259
290260
290242
290650
82331060
82331060
138PB351
290226
97095740
37880500
37880502
37880508
82724530
82725530
13884BS
290256
290265
236483
138880
13888S
13888S
13818123
13818123
1380283
1380283
1380289
13818121
13803887
1380280
1380280
1380282
1380282
13888047
13888049
1380286
1380285
13887S
37880129
13802014
SP2002
235223
290234
290235
290244
290245
292091
290262
920234
97105740
138309
138325
138871
13830483
290137
13834
13810800
13830458
13830481
13830
13836
138026
13818
13830482
138027
138067
13842
13810
1387430
290253
37880108
18064765
82311060
290300
1387482
37880503
290249
82371060
82321060
292171
96715880
290251
97155740
97115740
13832015
14006
138941
37999101
290261
37880110
37215268
37951252
82739990
290250
290252
290254
290255
290267
37880105
37880103
37181340
104306
104308
104315
13955008
13857A
14005
13860140
13860145
13860320
1302222
13750D
13722D
13911D
13915D
13435D
13919D
13760D
13832407
13832410
13832413
13832309
13888D
13890D
13887D
13891D
13886D
13892D
13845103
13842650
13847106
13847104
13847128
13840400
13840600
994961
99493
99415
99492B
99416
99492W
99491W
99414
99413212
99413
99417
994979
99497B
99492
88418
99486
99511
994861
99400510
994841
9948611
994015
994892
994881
99491
18416356
24090
52024710
52121640
82330
82300
82570
207900018
144022
144021
146020
15195004
15191204
15191002
15191004
15191001
15191012
15191014
15191022
15191024
15193354
15191142
15191144
15191146
15191141
83300
82310
82370
82320
82360
82350
82380
31100
50120136
50120145
50120146
909091
85390
85380
85370
85400
900247
900407
620071
99521B
84460
901091
85070
900094
83313
83312
94109
718753
710014
610002
920269
970022
970044
970042
970021
970043
82341060
82341060
82361060
82311060
31150
50141021
31151
SPV1054
84051
84052
96324740
97215600
80127904
801279
80127001
90302
90304
80127003
50120152
80127005
801282
8012823
90305
SP1949
SP120
40400
42100
190038
1040948
1041928
10500035
10500043
104170
1041615
10416G
10416G
104223
10417202
104164
104230
104226
104226
1040993
10416
1041613
10486045
10486044
10416615
10486CP
10486C
10487C
1048656
104865
104866
10486501
10416107
10416105
10416108
10416104
10416999
10416110
1040958
1040959
10500034
10500032
1040948
10500026
1041928
10500044
104245
10500040
10500035
10500001
10500043
104170
1041615
1040920
10500018
10500041
104223
10500042
1042234
104165
104233
10500038
104228
10500039
10418
1040995
1040988
1040953
10038115
10038308
10038206
10660939
10660928
SP131
1042202
101604
1087676
1087678
1087677
1087672
10164S
1016408
10329966
10067956
10065870
10065845
10570476
10067568
10067564
10067563
10067561
10067999
10067954
10067620
10067508
10067500
1006753
10067550
10065760
10061120
10067011
10570460
10067554
10065081
10371010
10067574
10371011
1006756P
1003A4NT
10030916
10030922
10030909
1001004
10040100
1004018
1004148
1004140
10061131
10061713
1004081
1004654
10069C
100690JB
1006901P
10069804
10069805
10069803
10069806
100730
100733
10073306
10260892
10261308
10261310
10635
10260850
102612BB
10261204
10260851
10636686
10660933
10660936
10652676
10652678
10660
10660912
10660917
10283P
1028307
10305846
10305845
10305888
10284010
10660944
10661014
10661016
10284015
10305930
10371176
10371180
1037805
10696
10371155
10371161
10371162
1037115
10371160
10371177
10371166
10371164
1037110
1037112
10371167
10371101
1037114
1037210
10371090
10371154
1037806
10378064
1037110P
1037190
10600580
10600581
10600581
10637
10636557
10636556
10636546
1063652
10636510
10636530
1038701
10387012
10672666
10672890
10672896
10672898
10672894
10651841
10672012
10672308
10672410
10371038
10371030
10371035
1030A201
10185240
10422F
1042201
10422045
10875281
10038260
100691JB
10636686
10261978
10261977
1028317
10038165
10660919
10660920
10660937
10660929
10371179
1036366
1038701
10387879
10038368
140010
144059
10251050
34097
42603
42604
45303
45304
41603
41604
41303
41304
46703
46704
SP1314
SP1321
49030
49030
160002
12941000
12940000
160006
12990000
160005
13800102
13802713
13801410
13801416
13801505
144023
144019
44003
44002
44300
43340
42190
14240502
190037
34094
198002
198003
10439
42901
40380
11000001
12410406
12410400
12400400
41580
1000002
42920
19150001
19100006
19100007
19110001
19110013
10424IB
1042400
1042488
180015
15441
10429920
10429921
10429923
10429917
10429925
1043003
10430002
10430004
10430001
10429999
10430007
1044020
10430003
10430005
10430006
10429980
10429981
10429971
10429975
10429983
10429974
10429984
42900
1042980
1042979
1042978
180023
180013
43330
30371
43331
43870
41770
SP1214
15000500
15000590
15000910
15000400
15000600
1010884
1004118C
101082
1004A2IB
10108
101012
1004A2I1
1010832
10040234
10040259
1010880
10108A
1010810
10040256
1003840
10040234
10660931
10040256
40367
SP121
40367
15100500
41700
15100600
1004118F
10060168
1006A1XX
10060157
1004A3IB
10060155
10060160
10060156
10060158
41710
41710
10171072
15280000
41723
41720
19090000
15000800
40368
41770
118003
18200301
41220
18100808
94700
18134610
18119002
4047
19202000
19192620
19202620
190602
43313
10028A
90150
190310
19200000
10027T1
10027TL
10028A
10027CT
1002A1E
1002710
10028GO
10028G1
10029SW
190010
43870
40367
48310
19009400
SP135
140333
44200
37584
19204004
19010001
11000502
11000202
11001302
48500
11400510
48501
11600400
11600404
11600408
10019891
10019887
10086000
10087S
10089S
10087S
100892
11110401
10388108
10388111
10388100
1038865N
10388NXL
10388656
10388654
10388NX3
10388NX5
10380183
10388NX1
10388103
1038870
10388106
11300410
11300412
11300003
11300004
11300005
11300006
11300007
11320400
11300490
11300800
10388048
1038865N
10380188
10388103
1038870
43050
190861
11910000
11200010
11399000
13116
33116
42600
10878769
10871162
10871162
10871004
1087A1CS
1087876
1087HCAN
1087AAIC
10877660
1087765A
1087A2EX
1003830
1087AAIB
1087A2NA
1087A2GB
1087A210
10871274
1087456
1087NPL
108774
1087108
1087A5AR
1087A2CS
10879898
1087A116
1087A114
1087A118
10872014
10802024
1087A5AM
11200600
42601
42602
42620
10870577
10870544
10870531
10870532
10870522
11200500
11202012
112002JB
11202018
10877660
1087AAIB
10871274
1087A1IC
1087A116
1087A5AM
1087A2CF
11100400
10090873
10090067
10090072
1009079
100913
100904
100907
10090870
10090872
100915
100101
100104
1009010
10104
10090070
10090070
48400
10089858
10089862
1008A2G1
1086A2IB
1008A2GO
10078012
1008A210
10089856
1008A2G1
10088988
1086A2IB
10089894
1008A2GO
10078012
1008A210
10081223
10078010
10081223
10089856
100761
10074080
100741
100743
1007410
1007412
10074086
10038189
11310500
11310510
11105110
11310412
11310414
11311414
11321804
11310406
11310408
11310410
11310400
11310422
11321000
11321410
11321403
11321404
11321405
11321406
11321407
11321409
11321413
11321440
11321441
41500
30332
11403400
11401003
11401004
11401005
11401006
11401007
11401008
11101490
11101300
11500404
48500
11300408
128003
11401009
15110000
15122002
15124335
15126100
15110100
15110101
15110200
SP126
44215
148002
43312
12000412
12000612
190035
190036
190025
19510005
19510006
19510010
19510004
19510008
19530001
19530000
19500002
15000418
SP1402
19540011
19540022
103672
10038176
10660951
10870538
10870510
10870526
19540134
19540112
19540000
19550000
907801
12000410
40360
40359
45350
45300
30271
45301
SP1231
19541000
194085
82171250
13802714
10424G
10436660
10436661
104361
10436R
19980002
19980000
180001
42890
180006
90114
80114
42800
1047NRVZ
104710
1047AU
10467602
10467899
10467603
1046NRIB
10125950
10470012
1046NRIE
1046NRI1
1046NRI2
10129980
1046A310
1046A4PL
42980
42950
19100003
10159980
13515006
1039031
10390548
1039A2CM
1039972
10390547
10390544
1039A010
1039A0PK
1039A0P1
10422012
10390555
1039922
10399894
1039NRAM
10390400
1040A0PK
1039A100
10399892
103991
1039922
10399894
10399887
10401237
10390107
10406600
1040A0PK
40820
40083
41010
41000
40800
40830
17101412
17100500
17101512
17101405
17101406
17100515
17101611
41940
17100514
17100200
41400
41270
41211
41210
41220
14449000
11111407
11101510
11101506
11101508
11101509
11101410
11101512
11101404
11101405
11101406
11101408
11101610
43330
154120
154080
170001
83780
190034
19007012
19007412
19007624
10150000
19840001
19008400
190210
19009000
19009100
19009145
18481061
18481081
18481009
18480041
18481062
18411048
18480051
18480071
18481161
97605880
18481001
18481181
18481041
18481047
18481091
18481241
18481051
18488051
10426F
10251030
43335
190211
19971000
990610
18200012
18100600
18200015
18104021
18273230
18273000
18278000
18230008
18200008
18200101
18200106
18260005
18200500
18250010
18200100
18200900
18200400
190801
190039
18260001
18260002
18208416
190020
18230085
18200185
18260003
1810091
18160004
18210500
18265005
18120000
190600
18218000
18230080
18208000
18230015
18140090
18200300
18100400
18230000
18100601
18140091
SP1101
SP11025
SP11042
SP100
190033
18240001
18242000
18500003
18180100
18188021
18109021
18140421
18135021
18188121
18110621
18180031
18105031
18130031
18100631
18140004
18180041
18110441
18103041
18115041
18198041
18107005
18100159
18180051
18111051
18160032
18160031
18180061
18100006
18107007
18180070
18180081
18100503
18210030
18100406
18119073
18100641
18180090
18110541
18100531
18100421
18100431
18101106
18140541
18218007
18130141
18100010
18101031
18100921
18117531
18110031
18110631
18117541
18110041
18110051
18117561
18110061
18100007
18110081
18100121
13820121
18534802
18900300
18135008
18100610
19980001
18180010
18534002
18534003
190751
190750
190803
190802
190805
190855
190901
190900
180112
190018
190812
190021
190007
198425
97351900
18130211
12500410
12500412
12500416
12500404
12500405
12500406
12500407
12500408
12500610
12500606
46160
46100
12510400
12510500
12510510
10181519
10181602
10164575
10164583
12510200
10164677
10164NRC
10164072
10161000
46200
12511400
12510600
10164577
10164588
10388055
1016A213
1066092F
10164677
10164NRC
10164072
10164952
10189894
10165AIB
10181523
10161000
12530000
12511000
40617
180004
41019
19100000
49910
13005A
130045
13004ASW
13004AL1
1014044
13005ASW
13005432
13005412
10095470
10437IB
1043711
10437773
10438001
10437100
1043713
1043712
45400
190601
45910
46970
46900
14910002
190001
194001
14910000
14920000
190003
19010000
18090606
98765830
190023
16140210
16140001
16140208
16180300
16180500
16180501
16100401
11000002
12168
14500800
19541400
32168
41300
41305
33168
41320
46610
46600
46670
10192
10190
10180A
101801
10174699
10176
1018303
10176B
10177B
10177B1
1017513
19210015
19240000
19800000
SP141
190043
144100
45800
10431K
10433K
170002
30267
14240802
80267
14240500
14240503
14240400
14240000
190022
194813
194830
19252000
180007
42710
42700
41952
43725
41952
32212
43720
43710
43711
10443Z
10443P2
10443PK
10443A
10443565
10443876
10148777
1044309
10443566
10443P1
104435
98190
88190
19210100
43120
19320031
19320041
19320006
19301000
10439F
10439F
10439019
10439848
10439846
180040
190181
180021
180150
10438999
10438
10439IB
96715890
13800408
13800405
13800403
1032A323
1032A322
10324430
1032A321
13083790
1032A2IB
1032A210
10329945
1032A3I1
10328926
10328924
1035A2IC
1032A310
1032404
10328976
1001305
1001624
10016B
10017D
1001619
100175
10016D
1001A2N
100174
1001626
100164
1033A2B3
10331210
1033A2BP
103330
103337
103333
103332
103347
103332
1033A211
1033A413
1033A414
44380
13324516
13324524
13324548
13329622
13320614
13320324
13320410
13320412
13320414
13320416
13320418
13320420
13320422
13320424
13320428
13320432
13322440
13320532
13320618
13324622
1026174H
10261021
1026ARI9
1026AR2
10261061
1026ARI
1026100
10260840
10260845
10260112
1026A20
10260119
10260120
1026A1S
10260843
1026009
10261020
10261026
10261972
1026ARI
10260840
10260112
1026A20
10260118
1026A1S
10261051
10261026
1026953
10278016
10278015
10277504
10278010
1027776
1027774
10235061
1027767
10277003
10277010
1027483
1027491
10278350
10283989
10277516
10277507
10277502
10277512
10277530
10286
40720
1028A2IB
10284
10287
13410600
1028234
1028235
10283073
10278350
10288
13319624
13319642
13310422
13310516
13310520
13310410
13310412
13310414
13310415
13310416
13310418
13310524
13310428
13310616
13310624
1035A212
1035A215
10357012
1035A2AU
1035A2B5
10350457
1035A2BP
1035A2GO
1035A2G1
1035A2B7
1035A2B3
1035A2B1
10350010
1036862
10357748
1035A3GO
10356030
10350349
10350452
10357022
10357015
10357026
10311293
10352
1035280
103716
13000906
1036805
10347PV1
1036800
10347PV
10304RP1
10359976
10304RP3
10359976
10304T1
1035951
10308738
1030A2I1
1030A2IB
1030A2GO
10308862
1033NRSK
1030NRSK
10295
1030A1GO
1030A3NB
1030A6G3
10300133
1030A1C1
10300130
1030A6GO
1030A6G5
103738
1030A1G1
10300136
103001GO
103001G1
1031040
1031042
10310963
10310962
10310994
1031082
1031105
1031078
10310791
10310789
1031087
1031078
10310787
1031076
1031176
10310788
1031085
10310802
103413
1030NRSK
1003857
10300111
144014
13720400
13701400
13700500
40700
13420005
13420007
13420008
13420006
180008
180008
180024
42903
10600103
SP133
SP1333
19020001
94572
SP1332
19020040
SP132
180009
99999908
97775830
42430
190026
156000
19900002
180010
104260
104253
104282
104260
104263
104249
104258
104261
14910112
19210000
46671
16240000
16280500
16200410
16200412
16200414
16200416
16200404
16200405
16200406
16200407
16200498
16200409
16290110
16290090
16606139
16280200
16291010
16210500
16210410
16290100
16200600
16200067
16200508
19410001
46800
19410000
104356
10433BM
43541
43540
10432I
10433BM
10432999
104321Z
1043202
1043334
10435H
10433000
19440012
19450000
43500
43520
19470000
19480000
43521
19400011
SP139
15910000
43478612
190016
190809
10516014
10540052
1051698
10516016
10516022
10516023
10516
10516024
10516720
10516710
10540C5
10544070
10544080
10544A1
10544082
10544012
10544011
10528
10527
10557
10516454
10516455
10516444
10516101
10544412
10544413
10516
10516720
10540C5
10544070
10544A1
10544012
10544011
10527
10557
10516454
10516444
10516101
10544A19
10544C1
10544C2
10540056
10516013
10516017
10540049
1054012
10516018
10516012
10516170
10512100
10517823
10517166
10517138
10517130
10517133
10517136
10517102
10501711
10517132
10517
10517465
10517163
10517402
10517472
10517120
10517063
10517164
10517068
10517177
10517818
10517817
10517178
10517162
10517951
10517131
10517499
10517222
10517224
10517102
10517
10517163
10517120
10517016
10517012
10517015
10517014
10517224
10548013
50088B
50088B
5009977
5009977
50088042
50099102
5009910
50088041
5009988
50088042
50099102
5009910
50099131
50088041
5009988
10590019
1088385
10544803
10038114
10038120
1088386
10545002
920238
18106021
19142250
49010
190032
19152250
19231250
19149980
SP1027
SP114
SP1141
190872
190763
190755
190817
190103
190849
190807
190072
190061
190071
190871
190031
47000
47001
190080
190041
190504
90004
190095
49015
49016
190011
193001
SP1026
190100
190042
190070
190754
190752
190756
190757
190758
190880
190821
190824
190850
190851
190806
190827
190808
190810
190888
190854
190858
190853
190870
190859
190179
190017
190831
190844
190852
190856
190857
190006
190079
198050
198080
41950
1016316
1016310
10162XL
1016366
10163XL
11910404
1016314
1016313
41600
41601
41620
19240012
18070606
19550066
19550004
19550006
42902
10425
10426
41740
16312000
16308000
16330000
16310010
16300010
16310011
16310013
16310015
16310039
16310018
16310020
16300514
16310008
16310033
16300038
16310404
16311005
16310096
16310437
16311008
16311009
16310005
16310001
16311090
16210010
16312400
16311400
16310412
16311401
16310300
16310023
16310804
16300000
16300500
16310003
16300012
97405880
97615880
141240
141832
10151400
190028
SP1460
190046
190122
190142
999901
190053
190092
190094
19630025
190009
97735830
164230
164109
1016491
10169903
10169749
10169900
10169751
10169750
10169901
10169437
10169433
10169436
1016491
10169907
1015283
12000401
12000400
12000600
164164
164181
1060A117
1060A107
1060A1XL
1060A115
1060A100
1060A118
1060A109
1060A105
1060A107
1060A100
1060A109
164210
164231
43770
40200
40201
12321414
40200
10065871
10065860
1003816
1056A2IB
1056A2GO
1056A4GO
1006532
1006534
1056766
10065204
1006512
10065000
1056769
10065SU1
10061
100662
100613
10569954
1056680
10065873
10065862
10065864
1006A200
1003816
10065204
10065290
10065000
1056769
1056773
10065862
12115516
12115518
12115412
12115414
12110416
12110418
12110420
12115422
12110422
12120424
12110408
12110516
12115520
12115538
12140432
12140440
12110116
12110613
12110614
12110616
12115618
12115622
12110622
12140430
12140540
12119622
12119628
10039010
10031923
1003A2I1
1003A2IB
1003A2GO
10065SUK
10065SUK
10049998
1005001
100399
100404
10040015
10040009
10040004
10040012
1003A2IB
1003A2GO
10040004
10040002
10040010
12101514
12100514
12100414
12100700
12100200
12100600
12100300
12100800
12320110
43700
43720
43730
12350101
12350106
12370068
12350110
12350131
12350141
12350108
12350180
12350118
12132512
12130012
12130005
12131055
12130006
12131008
12131477
12131506
1213509
12131415
13142005
12130410
12130412
12131414
12131516
12131418
12135420
12131420
12130405
12131406
12131407
12131408
12131409
12130112
12131044
12131610
12131612
12131614
12131616
12130606
12130607
12130608
12131310
12131312
12131309
12130503
12130514
SP1322
10069LP
100693PL
10069100
10069CGG
SP1822
10069CGG
10069014
41552
10110000
10120000
10121000
SP1202
SP1201
10122000
10130000
10100006
10140000
46300
14100400
1019A1GO
1018A2AR
10180550
1019A2GO
10180553
10194
1018A3GR
10225786
10225A
1022578
10225790
10225784
10225787
10225785
102251
10038191
1710A28
1710A26
1710A23
1710610
1710A110
1710A111
1710AZ1
1710A1AR
1710A1I1
1710852
1710A1IB
1710A2GO
1710A2H
1710B2GO
1710B2G1
1710A3G1
1710A3G3
1710A4G2
14300420
14300200
14110200
14400500
14400512
14450400
14401414
14440414
14472300
14400200
14110400
14110300
14510418
14510100
14510200
14500401
14500500
14500200
14500300
1020662
1026656
1026655
1026658
1026902
10260554
1026654
10268024
1085A1AM
1026A25S
1085A2AM
10209
10212
1024023
1026903
1003890
10206
1020612
1024A2NT
10210
1026A2GO
10268020
10209CE
1023NRS1
1023NRSK
10201112
1026A218
1024A2C1
1026A8GO
1026A2H
1026A202
10240190
1084165
1021AAG1
10230886
1006A13
1023B2IB
1021AAGO
10230AAA
1023A2IB
10229080
1021AAGB
1023212
10233AIW
1023A2I1
10211000
1023AAGO
10211002
10235
10231B
10230450
1023A203
1060A110
1060A200
1060A203
10601200
1060A1AU
10601199
10601201
1060A204
1060A189
1060A201
1060A193
1060A208
1060A206
1060A192
14600000
14010400
174002
174003
10223B
1021A1ZZ
1021A1Z1
10214B
1021412
1021410
102145
1024170
1024172
1024173
1021A110
10219833
10219836
10214022
1021A3CS
10212012
1021A1IB
10292
1713A2NT
1021A2GM
10216010
10213A2I
1021450
1021414
1021232
10212575
10212572
10212582
10210123
1021085
10231683
10210240
1021A112
1021419
102143
14000400
10010000
SP130
45500
45530
90142
34098
40366
44260
48420
14900000
14910001
14910005
1060A616
10605155
1060A2AA
1060A2AU
1060A223
1060A612
1060A624
10606
1060A625
1060A615
1060A2PM
1060786
10611
10611
106308
10607
1060A2AB
1060A3AU
1060A210
10605164
1060A2AU
1060A223
10606
1060786
10607
1060A2AB
1060A3AU
1060A210
10604109
10604878
10605154
10604466
10604467
106049
106050
106051
46920
42110
105423
105488
1054202
105476
105488
10604AU
10604AU
13301900
46020
35174
46000
46000
46030
13305416
13301501
13309602
11301000
13301600
13301623
10389AA
10389A
10158200
10158201
10086248
10088
100100
10086990
10097
10086
10086998
1008636
1016230
10159
101610
1008632
1008626
101626
10097
10086998
10159712
10170474
10170441
10161050
101612
10170455
1016105N
10170477
101628
11912393
10150F
10144985
101514
10151335
101511
1015312
10082R
10151341
10151346
10151
1015310
1072A111
107213
1072A1SK
101470
10154
10082494
1072A3GO
1072106
10082498
1015312
10151346
1072A111
107213
1072A129
107280S
1072A1SK
101470
10082494
1072106
10082498
10162
10724S
10724X
19982999
10082968
10722S
41501
160007
160003
160004
42610
42608
42609
10074944
10075024
10075015
1007545
128004
11400400
11400200
11100500
46721
11100201
11100600
46700
11100300
46720
13810400
40335
19540001
19540174
19540175
19541438
142113
140087
11300406
13808000
19900000
12830006
19540034
19540012
44220
13600210
102202
10123076
10149916
1014B1IB
1014B1I1
10123022
1021A2GO
10142222
10149914
1014A2CS
10142224
1014A1IB
1014A6AM
1014A2NT
10123020
102199
102203
1015A2NC
1014BLR
1015A2NB
10140803
1014ANI3
1015804
1014ANI5
10140456
1014A3CS
1021655
1021657
10599110
1014A1CS
101445
1021A3GO
1014042
1014B1IC
102232
102233
102234
1014A1IB
1014A2NT
1014A1IC
10160100
1012204
10234544
10123015
10124
10234546
101236
1012301
10127002
10123ANT
1016A2GO
1021990
1016A215
10127023
1014490
1012684
1012A1IB
10127005
10123045
10161512
10161516
1016A2G1
1016A2G5
1016812
10234548
10234568
1016810
1016A5GO
1012686
10161510
105992F
105992T
1059921
1059921
1012206
1012207
1012205
101236
1012A1IB
101244
1012A2EV
10148AAB
10123797
10123810
10148AAK
1012AA12
10599100
10371174
10371175
105992
10599187
10599208
10599208
10599246
10599188
10599205
10599206
10599207
10599209
10599203
10599210
10599211
10599201
10599214
10599202
10599180
10599190
10599219
1012374
10123797
10123876
10123810
10148AAK
1012412
18500502
190030
198020
190098
190008
19500001
10001000
19220001
44000
97878895
190002
190044
190054
41951
19080000
190040
190050
99999909
19360000
10435
42970
19081000
19550100
190060
SP1312
10636689
194100
194101
13114800
190091
19540025
19541060
45900
40470
46061
40450
40440
40461
14280
40460
12410412
13410407
13400401
1568413
40462
40410
40401
40510
13400432
13440412
13400617
13430620
13400499
13400511
13400701
13400501
13400421
13400900
13400201
13400322
13400600
13400606
13400300
13400800
13400011
13421401
13410010
13410060
13410080
13421512
13420514
13420516
13420509
13410401
13420511
13420411
13430412
13420413
13410414
13450416
13420518
13430518
13450418
13420420
13420406
13420407
13420408
13420508
13420409
13439616
13450516
13420606
13420610
13429612
13420614
13424616
13420618
13420620
13420607
13420609
13439618
13430512
13420314
13490400
13490406
13490408
13490416
190178
140001
140981
194102
180003
1378
81378
180017
184002
10441S99
104410
104411
42801
42801
19955050
19511000
40610
13300410
101655
101653
10165SA
10165SA
10165800
10165802
1016404
10165389
19019000
1016510
101653
1016404
10165395
10165391
13000940
95240
13000950
13101206
13000409
13000609
SP1851
13000201
140343
13101110
13101204
13101105
13101106
13101208
13101108
13102408
13101510
13101511
13101512
13101504
13101505
13101506
13101507
13101508
13101509
13111422
13101410
13101411
13101412
13111514
13101416
13101403
13105404
13101405
13101406
13101407
13111607
13101408
13101409
13111420
13101705
13101708
13101308
13104208
13101610
13101611
13101612
13101114
13101604
13101605
13105606
13101607
13101608
13101100
142080
140100
141081
141086
141080
13000840
13000780
13001002
13001003
13001004
13001005
13001006
13001402
13001403
13001404
13001604
13001304
13001405
4084
13000499
40000
40010
40070
40011
40012
13000001
13000415
13000905
13000405
13000410
13000606
13000600
13000411
13191000
13105704
13190000
140015
140002
13105714
207900015
140099
14300800
3691
142060
142120
140091
140023
140050
140120
140140
140160
140040
140060
140070
140080
140090
142000
144005
140004
141005
140801
140980
148000
140005
142050
140033
140047
140021
141050
144051
144053
144054
140054
140019
140017
140340
140341
140149
140150
140049
141006
140003
140046
3614
13000407
140052
140030
42760
104424
104428
180005
19350001
10259980
46420
46450
46450
128008
140011
163002
163003
1044564
10443FL
10448PZ
1044805
10447P1
10446AM
104489
10444FL
10445PBG
1044610
1044511
1044565
1044566
10443522
10490223
1044503
19610000
19623000
43201
19630010
180340
43200
13630600
13620403
54184
13630400
13600513
13600713
13699222
13600214
13600613
13630200
13631401
13631406
13610410
13620511
13620412
13610496
13610404
13610405
13640406
13610407
13620608
13610409
13610610
13610612
13620616
13610605
13610606
13610607
13610608
13610609
13620308
13600410
44210
44201
13641607
13651401
13640410
13641510
13641511
13541511
13641503
13641506
13641507
13641508
13641509
13640600
13641610
13641606
13641609
141001
13621496
148001
13710400
13700410
104239
190019
104237
10423885
10510
10512
1039A2EK
1040168
10400924
10400915
10400912
1039A1EL
1040168
10400924
10400915
10400912
1039A1EL
10427
19955000
19990040
19990050
SP125
19990000
19990080
19990086
19990085
19990090
180011
44001
45002
10389980
10441545
10440AU
1044039
1044212
10371050
10440AU
10440PK
1044049
1044213
10440957
10440800
10440803
10440802
10440801
10440333
10440HU1
10440H1
19960000
19910000
19960114
19960012
19960011
1044011
104403
1044702
1044024
104402H
10440158
1044703
10440GO1
180002
180002
44800
44801
19911000
19940000
19950000
19960115
180199
43401
43402
SP124
13490410
13490412
1006490
1006462
1006460
1006473
1006472
101724
1006781
10660981
10660982
1006860
1006871
1006825
1006827
10277510
12000103
12500106
40301
46701
46702
18218920
18218900
18218902
18218910
10100000
19011001
97415880
22107
22105
22103
22106
22108
22101
22112
22113
22114
22100
22110
22109
22102
22174
22111
22104
97535850
20483
31022
350351
340440
43022010
43021190
43022080
43029990
43022430
82085810
82081440
43251060
43006020
43001190
43001090
43005700
43001010
43009990
43004770
43005650
43005500
43002010
43002010
43004160
43004820
43004510
43005490
43005170
43005200
43019990
43011190
43011640
43011010
43014650
84421
50141022
50141020
971121599
971121599
1998677
10519989
22018
22019
12510000
450106
450105
90801432
71562250
71563350
10416G1
22058B
71525220
71244000
71103000
71319230
71562251
71562252
71720500
907800
900221
88780
96725890
210002
96705940
62063
625584
84010
88680
190811
85291
85290
13179984
13173790
48009990
48019990
48029990
48013570
99999
84941
99914
10431030
31604
10439980
99999999
10539980
51011
77084369
77002179
77019989
77022179
99190
60202250
78679980
77042179
77052179
72114000
72780000
20214B
84451
41816300
SP8052
34001
97470740
97015740
97455740
97055740
97466740
97035740
34000
97468740
97025740
97467740
97045740
1834050
1834005
1834070
97465740
97065740
1834073Z
1834005
1834070
1834065Z
37
41651900
4079
32625
420810
261111
200402
420003
420081
240007
45032730
207900012
410055
40181960
40189960
40289990
10151000
78472219
21220
84553
31090
99276100
99289
99277
9992041
999114R
9991161
999116R
999118
999116
99999980
170003
40431060
40471060
34096
22616300
22515400
22584100
22585810
22505600
22562200
22591200
22583500
22584400
22652600
22520600
22659000
22656200
22559000
22657200
22651600
22594400
22557100
22505046
22577900
22505467
22506000
22654600
22616100
22626200
2205057
78004369
78001789
SP72035
SP720
94405070
86720
86610
20482
86620
620073
620074
86602
82352950
97525850
97635880
78974369
78984369
78994369
83420
902715
902712
84210
901090
98154
84205
84204
83700
83100
94200
94601
84206
94202
84207
90903
94603
84209
92201
94201
84208
83102
94815
93815
95815
84311
84000
84211
84300
82143
84200
70800
83300
90281
90289
90277
95259
920219
97385840
63021650
63049990
63029980
207900022
207900007
63039980
53169980
53089980
53053920
53051470
53054680
53051290
53051040
53254780
53151220
53054780
53155540
53252960
53051890
53051340
53051850
53051280
53051360
53052960
53051220
53051040
53051340
53059980
53053390
53851040
530510400
53051010
63011770
53063994
53063610
53061850
53062960
53063410
53061010
53261220
53069980
53063390
53054800
53053920
63015630
63019980
63014310
63009980
211023
207900040
207900023
900195
740680
729390
12013693
12011090
12011204
12011004
12071001
12011014
12013563
12011160
12011590
12013600
12011024
12011876
12013575
12013333
12011144
110120
114000
114001
113000
114490
920212
110005
110006
110011
110001
110002
12211024
110004
72085890
1391437
72088N
72062
72062545
72061
7203802
7203801
7203018
7203904
13966IN
720PD46
72047
72047013
72047012
7204020
72036
72040
72076
72076132
72076133
720852
72044
72044P
720510
720515
720591
720590
7209321
72087N
720768
72863
105621
72088P
7209323
72863
7209322
7204406
454085
450131
455012
456136
454082
454080
190068
450023
450084
450026
450003
420101
455013
31120
50138200
50138212
50138210
90342127
90342113
90342126
90342124
96040
64125890
620175
190819
22089H1
70129989
909090
454215
71562210
912789
20056
75056
20064B
91207CG
20072
71103010
454232
620076
620035
620077
620078
45700
10281070
10281030
45710
40131010
40131530
97872895
200523
200521
25380
25260
98017
10545004
10545005
10545007
1054430
1054438
105409
105443
10554
SP1113
15321214
15321211
15323380
46084150
46081060
46081150
46081980
46083350
46081080
46084470
46083350
46081010
46089990
46091060
46091920
46091150
46091010
46092420
46091980
46099990
46092080
46089980
46099980
46109990
46119990
46219990
46081920
46081920
96032
30571050
30571026
3057099
30571020
30570983
78562219
29404000
50130015
501301
5014421
501441
83860
86710
625983
21061975
21061976
78012419
210599
210598
210600
2105912
21059S
78021789
19990
62323
21
84193
84192
25011
32430001
99462
99472
994721
999205
99490B
994691
555690
31210
25320
25321
25331
25330
22PA40H
22046
22039000
22038999
22694
22ND015
22PC07
22PC07
1901080
1901074
29084000
96531246
620421
610003
31220
50131
501313
94913500
61032
97487780
97480780
82500
10176C
13215
12252C
132216
11187678
11187679
413102
410075
417300
411022
190019
411021
190168
420111
190117
410630
101261
101262
101259
101260
70029989
70229989
70082249
70189989
70015829
513512
82413
82414
82412
70061309
70062311
70029981
70001559
70004581
70144581
70004589
70009980
70004420
70005100
70001459
70014420
70404420
80110
80111
70079980
70079989
70071459
82410
82411
82070
70031612
70035809
70034759
70049989
70165809
70044759
70059982
70054759
70134759
70064361
70004369
70091309
920250
501312
501317
31230
83791
15132002
410056
410057
410157
99987
48003
48001
48000
48002
50133103
31240
50133109
50133102
531260
44094160
453017
450024
450020
458993
450080
455225
85371
83320
98004890
501305
904536
20484
750050
85422
85425
84202
20485
4005
84352
10083660
10071070
10089980
10071050
10083690
10073660
10081370
10081000
10081010
10081160
10081020
10083350
10061050
40011530
4002699
4002700
40022C
40PK18
40024
4023410
92406100
40584
92401300
40072
40582
40239
40182
40234
40PN12W
40162
92807000
40255
40258
94039980
4018694
92111220
4018691
85230
85101
85201
92809000
40070125
92478900
406946
40PO18
85353
40501060
40476
92421580
405943
405949
40494
40516
40518
40514
40579
40PO15
92457780
40606
4069615
4069614
408141
408140
40695238
40PM16
40445346
40445344
40443000
40443004
40442398
82302
83310
40442410
40442391
83901
86418
407311
407316
94009980
94244890
94064890
94074890
94254890
94029980
94084890
94044890
94219980
94019980
94014890
94019982
94194890
94054890
94204890
94234890
94224890
40739
40171031
40171011
96617430
96621030
96617530
900624
4667
31250
19305910
20005361
97772
10005
350615
94011
421027
310221
350000
350001
350004
350010
350899
350002
350102
350736
350936
21122100
21122068
21152120
21121120
21102140
21172060
21102071
21122088
21132104
21152060
21152080
21121071
21112100
21121100
21105212
21112110
21152140
21111070
21162080
21154060
21152070
21152088
21152090
21121010
21121060
21121080
21172110
21122120
21181160
21122040
21172050
21121061
21170271
21171080
21122181
21172090
21252150
21212160
21271140
21271160
21198016
21103081
21101008
91206G
10221
99996
10225
10460
10460
10460
29104000
17875
17875A
29105000
29109000
17875
10810
29207000
1787710
17877999
1787711
17877A
17843
17845
17845478
17843444
17843445
17845479
17845006
17844010
17845011
17845010
17844011
17845989
188490
178454
1784511
17845A
1784512
178451
17845038
17845037
17844017
17845005
17845002
17845013
17844019
17844013
17844012
17843001
17845940
17844
17845043
17843
17844998
17845479
17845478
17845033
17846012
17845016
17845A
17845038
17844017
17845002
17844019
17844013
1784510
17844
17843001
17845940
17843002
17789
16207
16159Y
16159Z
1617541
16247
16143PC
16159PC
1617537
16159
16175PC
1617540
16191PC
16191F
161970
16199P
161991
162078
162071
162076
1620789
16215
16223PC
16223B
16223012
16175378
16175378
16175374
16191F8
16191F8
16191F5
161913
1620719
16191f1
162086
16207PF
16223A
1614907F
16191F
16142PC
16223009
16136
16138B
17802306
178179
17817
17823
17817013
17817062
17817009
17817024
17817006
17817001
17820
17819
17817020
17828
17818046
17818045
17836B
17811B1
17817109
17817A
17817B1
17821003
17817977
1781711
17823
17817013
1781706F
17817061
1781799
17817006
17820
17817110
17817979
1781711
17025K01
17025K
17041K1
17124A12
17041K01
1704122F
1704188
17041K
17057K00
17057K2
1705788
17057K
17065K23
17065K3
1706513
1704190
1706588
17065K
170654
17073K10
1707388
17081K01
17081K8
1708188
17081K
17097K01
17099K
1709788
17097K
17113100
17113
17124A
17041
170412
17059
17059001
17065022
17065PCS
17065023
17081ST
17081ST1
1709911
1706588
1704123F
1704124F
1704134F
17057K02
17057K03
17016K
1701588
17020K
170231
1701988
17019K
17017K01
17017210
1701788
17017K
1701789
1712004
170321K
1703288
17032K
170322
17032K01
170350
170351
17008669
17055K
17054L
17054K
1703206
1703205
17064K
17063020
1706388
17063K1
17063K
17064KA
17064KB
17081
170812P
170812
170171
17011A10
1708074
1708079
17011A
17019A12
1701923
17019A
1703589
1703585
1708078
1703588
17051001
17051
1708075
1703598
17082
17080
1701788
1703290
1703288
17017889
17005B
1700116
17005D
17005880
17005B33
17006025
17006024
170035
1700605
1700595
17845030
1700110
1700698
17001406
1700588
1700607
1700603
1700596
170037
1770019
17004
17026
1700599
170183
170698
17009910
170040
1700113
170011
1700121
1700114
1700115
170011PC
170012PC
1700210
17009822
17001030
17001C1
17001C
170012
175768
17001436
17001439
17002GB
17001034
17001044
17008666
170029
17001011
17002PC
17005C
17008677
17001017
17001018
17008620
17001012
17001010
170048
170023
17001D
170028
1700211
1700212
1700219
170032
17008B
17003
17001009
1700216
1700121Y
17009912
17009914
17009919
17001436
170029
17001011
17008620
1700594
17064CK
13198808
13198893
13198894
13198895
13198892
100030
100029
100034
100033
100035
100031
100037
10001B
10001B13
17843B
17842A
17842
17832812
1704188
1705788
17266998
17049
17053
1708188
1709788
17020K1
17218713
17218996
1703212
170501
170541
17049CD
17032K
1706388
1708080
17080081
17005B
17006026
1700606
17001049
1700698
1700588
1700596
1700603
1700115
17001Z
17001M
1700602
170011
17001039
17001C
175768
17001034
17008666
17002PC
17005C
17008677
1700277
17002G2
17001010
17222
17001009
17097K03
17001015
17009912
170016
178490
17832808
17832809
17668F
17415A
17415
170124
17012
17012B
17418001
17455002
17455
17471001
17471C
17483F
17483WP
17483WP1
17483906
17499A
178500
17499A00
17515B
17515B00
17531A01
17534000
17435PC2
17428PC
17427PC1
1742710
17435PC1
17435PC
17843540
17451A01
17451A
17843545
17467PC1
1746700
17467PC
17483PC0
1748300
17483PC
17500001
17500
17467PC2
17515A10
17411
1742710
17435PC3
17415H
17415HAL
17843447
100021
22420100
22583300
22421000
22532400
22504400
22525700
22546600
22656100
22618800
22610400
22506700
22599000
22537300
22670500
22720100
22720600
20488
SP334
SP335
22563400
23120070
23210010
23110012
23136012
23110003
23132043
23143340
23110004
23119004
23143050
23120005
23210006
23644060
23641006
23119006
23015206
23110061
23110007
23015251
23110017
23015254
23110008
23143001
23015300
23245009
23120210
23110211
20101234
23120012
23120014
23120015
23242023
23120214
23120016
23120004
23245350
23120206
23120007
23220007
23235079
23220008
23120009
23097440
23244706
23020000
14100021
23421015
23120114
23210404
23135048
23110204
23110205
23175050
23904053
23110206
23144061
23148060
23294960
23142065
23255080
23291980
23272980
SP3272
12000
310840
310092
SP327
10238
23012000
23112006
23112008
23255600
23111006
23111008
23243001
23245929
10236
10230
10230
10237
10234
10235
310014
310085
310061
310080
310100
310001
316615
310011
310018
23020010
23355002
23012500
23355000
23355001
318675
310115
23282900
23282004
27115290
27115291
23282990
23345001
23990000
29204000
22586321
23468281
23004006
310028
23405000
23495112
310288
310019
310880
310440
310660
23705000
23705012
310550
23705015
23705114
310008
310122
310546
29074000
27410001
310026
310027
10850
310836
84212
310188
310060
310040
310460
310082
310062
310083
23595011
310063
SP3261
23117005
23117006
23117007
23117008
23127006
23127007
23127008
310033
310120
310034
310150
310035
310636
23245900
310030
310020
310287
23193940
23144960
23005700
23245580
10153
23114099
23485470
23595000
310461
310087
23345000
23304006
24565011
23346000
23342600
23335300
310000
23345010
23495000
24565012
23345308
23345400
23594007
23395000
310036
23345309
SP3401
SP34011
SP3400
SP3501
310013
310088
22939430
29364100
23110103
23110104
23110105
23110106
23900070
23110108
23110210
23272060
23110207
23110208
310671
310050
310210
310022
310333
23495600
52011250
27410062
27410061
310031
310086
SP341
25015001
SP308
1319880
13198801
316619
310090
310064
310441
310846
310010
310670
310524
310002
310005
310009
310006
310091
310829
310615
310552
310081
310041
310585
10002
310158
310084
310890
311215
23245068
23210009
23595001
10258
10258
360006
790139
390041
390030
1789010
22215505
SP1611
22134360
22215702
22137240
22387880
566572
10271
360059
24152205
29055000
27110112
27110100
27110150
27210120
27210140
SP342
27320120
27320380
27210141
27210161
27120120
390225
25015000
10823
17857014
1785700
1785701
17857096
1785711
17857CF
17857170
17857012
17857099
17857016
17857019
17857102
17857098
17857096
17857300
17857305
17857022
17857304
17857022
17857330
17857GB
17857301
17857985
17857044
17857029
1785714
17857103
17857HC
17857HC1
17857045
1785944
24499000
320872
320001
1785700
17857016
1785701Z
17857032
17857307
17857983
17857029
SP306
320003
320005
25280
25290
25181
25190
25180
3212
93560
390025
390023
390024
29054000
390104
390247
17879B
17879998
17879F
17879R
17880003
29404002
29404001
17879
178792
178794
380000
380011
1787998
83002
22603950
SP323
380005
15308PP
15038GR
15038012
15038OM3
15038OMP
1503811
15038100
15038OM2
17802308
17802310
17817066
17821089
29504000
29500000
15036
15036
15037
15070
15072
15074
15080
15072045
15100
150351
15037
20582038
20008260
360341
20605571
20004046
20502030
20005030
20592020
20402050
20100212
20100234
20100300
20000212
20005120
20035030
20000235
20505010
20592011
20025240
20005260
20000313
20005140
20005840
20007353
20000312
20000325
20005445
20005441
20007410
20400222
20400234
20045060
20045040
20045041
20605034
20002070
20005263
20060500
20055080
20605580
20582010
20782040
20085920
20089234
20085030
20800241
20582030
20185060
20085060
20085044
20085074
20870312
20095030
20095060
20592030
20095040
20021312
20021300
20032300
20001300
22121007
22341007
22141009
23121009
20005360
20010300
20200234
20200312
20200300
20200301
20005372
20005362
360143
360310
360382
360340
360804
360035
360002
360005
360400
360037
360038
360039
360001
360041
360950
20041300
17881G
29034000
390400
17880
17881
17884
29045001
10750
17880123
29045000
17880116
17880110
178802
178801
17880122
17880114
10750
10753
17880120
17880119
17880116
178801
17880122
17880114
29014000
29014001
29014045
29019000
17876866
17876866
1787615
17850412
17876867
29015000
1786113
1786113
29915001
29915000
29014004
29015200
10001
380001
1788164
10300
10300
29606001
17882000
17882000
1788111
1788111
10300
1788166
1788112
360560
15078
15078986
15078922
15078987
15078
15078978
10220
10220
10022
10821
10822
10102
10262
34019
22104240
22210509
22218240
22207531
22105240
22107240
22135240
22208680
24055000
24406000
24478000
24403001
24405030
24403000
1788554
24005030
24115000
24265168
24265068
24265008
55109980
24905050
330140
330002
24107000
24106011
24105008
17854010
17854000
17854001
17584048
17854048
17851
17854112
17851M
178549
17854110
17851F
17848888
17848889
17853H
178513
17848889
17851H
17851H4
17851P
17851777
17851AAB
24265000
24255040
24105400
1785479
1784994
24106010
17849080
17849090
17849
17848
1784992
1784990
1784989
17849018
17849013
17854018
17849019
17849010
17849024
17849012
17849020
17849027
17849028
17854040
17854035
1785495
17854014
17849030
17849082
17849015
17849024
17849082
17851S
17851SB
24306020
24305010
24105040
330141
24105405
24105004
17851H
178549
17854110
1784994
178941F
1784992
1784989
17849
17849017
1785495
10102
SP3032
24104000
22402846
24580000
24590000
24568000
24525061
24563001
17849TC
17849866
17844950
17844900
17849875
17849868
17849869
1784967
1784968
178414
17851BB
17844900
1785410
1785375
1785421
17853A
17853S
17856
17858
178853B
1785395
1789399
17859
17854A
1785402
17853SE
1785420
1785416
1785400
17873L
17853SP
17853ST
17853770
1785397
17854S
178399
17854M
17853SO
178531
178541
1785378
1785421
178552
17853A
1785405
1785417
1789399
17859
17853MZ
17853SEZ
1785414
17853760
17854102
17854102
330001
10655
120
360395
380051
29604000
29604001
10700
10700
17882
178830
17894
17883
17882049
17882050
17882032
178825
178825
17882039
17882041
17900
10071
1788204R
17882031
17882578
17882053
17882043
17901
96785890
29016000
920255
29704000
380110
380010
17875N
10550
17875O
1787592
1787591
1787592
1787591
22581010
10250
10252
SP333
390010
10500
10502
10500
18080606
390014
900281
99992
10634
10632
10631
99993
10170
10172
10171
10633
27300100
27100100
310037
29085004
1508430
15084C
29088004
1508430
15084866
360780
360505
28107280
28075759
28000122
28076560
28076901
28000123
29804000
10520
17877988
17880BS
1788010
17877SS
17877994
17877990
17877BS
380040
10101
566638
566634
20481
22383000
22546900
22381166
25002030
25015010
25012110
25014000
25005012
8118
25005120
25005020
25002000
25005028
22121100
25000000
22182401
10150
10400
10150
10154
22351800
24505000
24565710
10023
24565869
SP3052
340550
340040
340050
340242
10363
17863
17863062
1786341
17863CW
17863060
17863012
17863CWS
1786340
178632
17863D
1786538
1786535
1786402
1786537
1786350
1786541
1786539
178633
178761
1786334
178636
1786310
1786535
178634
17895
1786539
1786305
1786305
24598000
24565870
310551
27510000
24605000
10360
17866
17861150
17860A
10020
17860C
17861044
17861045
17861048
17861B
1786105
17861054
178604
17860F
1786010
24565004
178603
24565010
178611
178625
17861154
17885
178691
17911
17910
178851
17861155
340001
340004
17861TP
1786123
17861CPZ
17861046
17861060
17861056
17861068
17861061
SP3055
17861012
178619
178617
1319929
13199210
1319930
1319874
17861015
10002B
17876
17861013
1786104F
17861999
1786710
17860F
178642
178616
1786713
17861154
17861051
17885
17910
1786498
178626
178646
17861047
17869997
17869999
17869956
17869957
17862887
178618
17862S
17861S
178613
1769944
1769990
17862889
17862888
17869997
1769998
17862S
24140099
27510060
27510061
340003
340002
340341
24525000
24565025
24565002
24565140
24565400
24565500
24565040
24565800
24505001
24555600
24528000
24565100
24565200
10362
10362
24527000
340042
340237
24565300
340009
340006
340011
340007
24525010
29064000
29364000
29964000
900708
SP310
10650
10270
26405010
10260
26405011
360805
360087
17855688
17855B
17855678
340301
26305000
10801
17865999
178666
17867080
17865P1
178655
17865GP
17868B
1786661
17865P
1786666
1786704
17867A
17867B
178866
17866981
17866978
178721
178673
17868
178756
17868A
178681
178688
17866974
17866977
17869C
17866979
179001
1787310
179003
17872
1786708
17874
178702
10255
11260
10256
10251
10253
17870
17870FMC
17869FMC
1787080
17864022
17871009
17864042
17870999
17871008
17871018
17871010
17871011
1787099
1787118
1787014
17871038
17864556
1786455
17864048
1787111
1787120
1787102
1787105
1789095
17864020
17864
178649
17864025
17864017
17864045
17864012
17864028
17864030
17864080
17864010
17864016
17864039
17864032
17864033
17871009
360388
17865991
1786599G
1786529
17867082
17865GP
17868B
1786661
1786704
17866981
178668
178721
178684
17866946
17869
17899C
1786707
17868A
178681
17866974
17866977
17869C
17866979
1787310
1786708
1787512
17870FMC
1787121
1787120
17871010
1787099
1787124
17870A
1786409
17864047
17864048
1787102
1787105
17864
17864012
17864028
17864030
17864080
17864010
17864016
17864039
17864033
178745
10270
SP3042
26105000
26135400
26304000
26305010
10249
26500000
26422030
26412003
26418030
26415031
26415035
26415036
10261
10260
10249
10250
26415000
26415030
SP3043
26405022
26405020
26405029
10263
10264
370401
360389
360390
370810
SP304
SP3041
20025034
15443
15446
15445
15447
15010182
15010181
15001085
15201
15204
15205
15202
15000
15001094
15001090
1500881
15001097
15001093
15215C
10212CP
15208
15209
152081
15212898
15213
15212A
15212
15212BG
15210
15211
150201
15002022
15002019
15002014
15002023
1500883
15002018
15001
15002B
15230
152309
152311
152308
20025035
15234
15234A
15216
15217
15220999
15220
15220998
15221
15218
15000S
15009
15220V
15030007
15220B
15008840
15008841
15030005
15008910
15008911
15004
15006083
15030004
15008B
15004034
15004052
15005899
150015
15005
15005A
15008988
15008987
1501820
15076
15005A4
15077370
1507734
1507733
1500923
150091
150056
15231A
15231A1
15224
15225
15228
15220997
15229
15231
15226
15004C8
15006
150012
15006072
15006077
15006070
15004047
1500880
15006080
15006081
150061
15004032
150063
15030A
15007
15006084
1502010
150016
1501822
15006075
150104
15008989
1500898
150122
150115
15006020
15006018
20023001
20502020
20025620
20250400
20525041
20270212
15239
15002032
15002022
15008841
15030004
1500812
15004042
15006070
15004039
15006092
150061
15004032
150104
150115
15238
390004
390002
170886
170881
170882
170883
170888
170892
170894
170880
170896
17081541
17081115
17081048
17081408
17081581
17081457
17081011
17081316
170860
171301
170861
1781903
1781904
17081720
9171581
17081013
9171316
1517002
171306C
1708910
1708911
1708912
171302
20501050
95440
95460
95450
968209
98042450
96010347
84390
96010349
83240
83241
83020
83690
917113
94144860
40054030
40055930
40051010
210780
23175170
29915005
310324
73007921
73007991
73080747
73080801
73081998
73012
13788876
73007987
73012765
73075
73133A
730622
73084177
73084176
73084011
73083218
73084010
310021
310016
310928
310200
310065
73084140
17873M
178732
73012768
730621
1832400
1832406
1832401
1832416
1832406Z
17874081
17002B
1832405
1832416
1832415Z
1832407
73081000
13033S
731219
74141
13724
17224
73131
75054999
73080746
340865
73080700
73087303
73133022
75054
73124
73128
73130
17700954
1700751
17874R
144037
144033
143005
190003
194101
420005
420004
420680
420006
144164
620079
124007
144160
174177
163117
12011090
28241000
38240700
38447890
38154300
20045
82389980
22304
21996
21990
22996
22199
22302
22303
22162
21162
22198
22198
22120
22300
22301
22142
22143
620080
38154400
20760
20046
38240710
82385790
13109984
13103694
13101214
13101216
13101001
13101002
13101004
13103574
13101160
13101024
13101874
13103334
13101211
120089
120007
124002
120001
120005
120810
128005
128505
128011
120804
128007
128018
120854
128507
122001
122000
123060
123030
123070
123080
13069980
13173745
13171120
13173680
13089982
13081054
13901054
13083896
13081204
13081201
13081205
13081176
13083744
13081395
13081002
13081003
13081004
13081001
13091000
13084564
13084496
13094497
13094495
13094494
13083556
13083554
13083556
13043556
13083551
13083555
157600001
13081012
13081014
13081016
13083571
13083575
13083674
13083544
13083563
13081162
13081164
13081160
13081036
13081320
13081120
13081130
13081024
13081026
13081025
13083354
13083356
13081034
13083345
13083344
120002
120018
13189984
13281015
13381015
13181055
13181054
13181056
13181055
13183896
13181204
13181201
13181176
13181376
13181375
13186010
13183554
13143556
13183556
13181014
13181320
13181120
13181490
13181130
13181070
13183354
13183334
13183352
190823
190818
13161376
78499989
78502789
96235640
31260
501601
50160
501599
50136
31261
22080220
22080223
620036
620010
750003
750060
750004
750056
750156
750005
750002
620011
750006
620012
750007
750008
750009
391193
391194
70690
901400
95200
2106100
21060CL
21061CL
78031789
78034360
96685940
97151900
86000
900024
900044
124004
83820
78061789
78051789
78054369
95152
95150
906175
910410
82440
31290
538815
30337019
96031
83333
970410
71011669
71011251
71085829
71021529
71039989
71019980
71049989
71079989
71059989
71062389
71014759
71074759
71054759
71064759
207900035
207900030
207900037
207900032
207900036
207900038
207900034
71074369
71071529
207900031
71014769
71011699
12135414
99990001
50131910
40302600
COL
99996
920209
84310
85281
85282
101278
101274
99245
99244
1012579
1012575
1012576
1012574
101271
99540
99526
1012596
101258B
101258M
101273
101264
101259B
1012581
101258A
101258
1012583
1012585
1012595
1012572
1012591
1012582
1012580
620081
749995
44061
44060
82560
84508
390627
215509
906035
15110510
80273
80272
96294740
71208
20700
20702
20703
38459960
38123000
97245740
97335740
97165740
97215740
952521
82700
85270
82660
95251B
97103111
80270
80269
82601
82600
80271
120770599
12012670
120760599
190029
12022670
190027
91169000
9116899
190014
190015
190024
22059465
220605
220606
220633
2202916
1832642
1832712
220615
220602
2206910
1832710Z
1832712Z
1832642Z
220612
22059001
22060810
22059005
22060811
22062O
22063678
22062676
1832711
1832717
22065C
22059001
220627
2206211
22059006
1832711
1832717Z
220651
363201
363200
10010
363241
363242
19054
19061P
99999948
19094A
10011
99999949
52019984
52012960
52211010
52011010
58021010
SP1600
29097518
29097565
29200420
363248
363003
SP16001
AOL00010
86613
86670
86680
97469740
97445740
SP195
99999
21050B
71205
210539
210548
210546
71202
210538
77044360
210512
210513
21050230
210547
21053S
21059
21052
77035690
77035730
77034360
550825
553563
902701
21060018
78089989
78085219
78084360
85000
85003
30337018
900290
902610
86020
83640
628826
625567
240013
143090
85173
85176
85175
390624
24350
78091789
78094369
90270135
90270136
83230
83200
24993
621735
97426030
97436030
97446030
53079980
96705880
31270
5050210
50120124
40244890
144013
144009
144003
144087
144061
144081
930099801
22080176
85600
35601
22080174
96043
96027
96038
960271
960321
960326
96036
96025P
96034
960248
960245
96024F
96024
96021223
96021222
96024C
96025C
96033
96033044
96027C32
960246
9602748
96039
80016
96028
900007
720004
908448
93121133
83280
47061010
47061920
47061980
90700
85251
995331
2971
96018
96016
96020
96022
96019
96021
96023
740205
84005
720210
620001
620002
720003
207900009
21205
21210
21211
21200
21209
99127944
999999999
9999999
96031
99915016
99915014
41552210
12345
900010
900017
900006
99916
99922
99915013
90466157
95420
96695880
49002120
190055
20969020
94685080
94605080
94695080
94615080
363240
ZZZ90302
ZZ10436R
ZZ31514
9931536
ZZ31516
952530TP
ZZ50152
ZZ902710
70242TP
ZZ90274
ZZ95035A
93289
29098000
ZZ95259
Z0346032
9406610
420160
421012
420161
99
51054
85450
84500
84490
84420
620082
31580
82390
83212
83123
83213
83219
82420
9114847
91148474
89001
93661845
57001640
57001280
57003390
57001360
57001220
57001340
57101340
57004130
57019980
57014930
57015540
57011220
57005540
57001040
57001010
57004800
57009980
57021010
67001080
67004310
67009980
67001010
190093
96042
11210
11015
11017
11010
11016
11211
42100350
42100410
42300550
42100500
42100560
42100400
392208
42224200
42100056
382300
19584
10580
1058688
1058630
1058616
1058620
10548M
1957045
1954710
11140
42250212
42250211
42555660
362006
362004
362008
11120
310089
390112
362010
11310
42100550
19575
42402020
11252
382350
382351
332002
11020
42225000
11250
42638900
11003
1956387
11000
11004
11002
11001
11011
11251
1956383
362032
19520014
19560111
1956530
1956534
19558
42280711
42390000
332080
332081
42250000
332082
19583010
1955892
11031
42520000
332001
42224000
42779500
1956385
195621
382651
11253
11190
42630204
42351851
42351061
85350
84890
85340
42631100
42500000
11240
19530006
19530008
19516
19514464
19521024
19514D
11180
11181
19590011
19590010
19590012
362001
1
451112
85015
85010
85025
20395
20397
85017
85018
85020
85016
85019
20396
95503850
40121010
40121060
40329980
530230
901135
34010
621213
19999990
92280400
31640
24910
25010
24070
25440
92110000
50120148
25120
24130
24160
10900
10901
10901
31532
31532P
31514
31539A
3151476
31534
31536
31517
31516
92280301
92280300
83520
457030
450031
79113350
456060
140008
451031
622589
90278015
96414740
84201
84200
618181
321008
160777
84551
920285
94555080
94725080
94565080
94655080
94515080
94535080
94525080
94505080
94625080
94675080
94755080
74785080
94745080
94715080
94665080
94585080
94765080
94735080
94575080
94545080
74775080
50125
44009980
44062080
44069990
44062010
44064160
44072080
44072010
17069984
17069985
17063795
17061455
17061004
17071004
17061014
17061011
17061032
17063810
17061590
17061120
17061490
17061876
17051876
17063742
17061076
17063334
12070600
31942
97345840
203783
170010
174369
174360
170004
170005
170008
11261310
11264544
11263694
11261204
11261201
11265764
11261002
11261003
11261004
11271004
11261001
11264565
11261012
11261013
11261014
11263576
11261015
11261164
11261164
11261022
11261024
11264496
11263563
11263334
11263331
11261142
11261144
96445870
96435870
98475870
96505870
96495870
96465870
96485870
96515870
99200
99201
10809980
31180
97758
95170
622247
621619
622275
310812
310819
340815
320817
360029
310503
340804
310117
340457
340583
360010
320408
350540
360019
370316
370818
350814
310813
612412
741612
48059990
480599909
920240
920242
190703
10111050
10111000
10111010
10115470
10113350
10129980
10483840
10113690
10109980
10101390
10321320
10323840
10121130
40081530
40072160
40079990
40071060
40071010
40071150
40071530
82031440
10121320
10121120
10125950
10313690
50041010
50041180
50043390
50041040
50141040
50043920
50045450
50041290
10153570
10151090
10251160
10151390
10153330
10153760
190083
10151160
10451090
96045
85239
349056
144089
144080
144189
144129
144149
144159
144169
144249
144000
13199428
144001
144112
145100
145060
145070
145080
145090
144032
144042
78965
999105
99910518
99910525
901500
97599880
97594880
97597880
97596880
97598880
SP5000
21033F9
21033G
21027
21024014
21031A
2103400
21033999
21059CS
21059016
21059015
21059029
SP510
21059KF
21060KF
21059K1
210595
210596
20593
21060013
21160013
SP5094
21060P
107091
2106458
2106456
21070982
21060SP
21070204
21060015
20589
206210
210653
210651
210654
21065
20608
21073
21076
SP512
71210
21024
21022
20128MB
21023
SP505
21084B
21067B
21067TF
21068T
21084
SP509
21067
21062
21063
SP888
211601
21160
21075
40900
134002
13199984
13199985
13191567
13191054
134000
134060
134061
134067
13191204
13191201
13191176
13191454
13191004
14193574
13191164
13193760
13191050
13192260
13199980
13191320
13191120
13191490
13191130
13191024
13191876
13191070
131130
131000
13294920
134001
13193334
131062
15183370
15181004
15184496
15184956
15183572
15183574
207900008
15183760
15184640
15183810
15181590
15181320
15181120
15181620
15183420
15181024
15181680
15181130
11304496
11304544
11304545
11303694
11303693
11303793
11301204
11301211
11303344
11303744
113010001
11301002
11301004
11301000
11301001
113010000
11304494
11304956
11301012
11301014
11301015
11301013
11301162
11301164
11301166
11301022
11301024
11301026
11303352
11303354
11303332
11303334
11301142
11301144
11301141
11303753
11303755
11301876
154009
154002
120189
120237
120276
151189
154276
154001
151001
154003
14400400
110013
70114369
70119980
70119981
207900029
85252
95253000
952537
952535
95253003
91138
952530
95253002
95253001
89041
89850
89030
89011
89010
89033
84740
89040
84710
84700
89024
89022
89101
89100
89170
89023
89044
2
390006
19702B
392016
390105
995175
99517012
99517
99912
99910
190166
620401
81443
90271139
90271135
95252611
84770
84870
84832
84780
84790
84840
101256B
10125610
83550
83560
83570
18029980
18023696
18023810
18021320
18021590
18023680
99033
99039
990331
83600
340385
617156
617124
620015
900047
620016
52039980
59049980
90410
92356
34016
90810
92332
34015
94410
94810
34017
97075740
97255740
97225740
97085740
97471740
97472740
97265740
97235740
421802
920206
190999
81018
81013
420007
420022
900921
900820
621456
310063
80141
620037
31520
5120
40143640
80527S
80528S
80527123
80527GF
80531
8051521
80515
805319
805323
805119
80518E1
80557021
80557P
12565083
80557015
805291
80516120
99130240
8052710
40129980
50080
50082
50081
78101529
78111529
78112109
78255829
200150
40071190
10632
340006
85090
85040
900020
96455870
96000
96164690
96124690
96144690
99999942
96264690
99999935
96134690
99999943
99999938
96274690
99999937
96194690
99999932
99999934
99999939
99999940
96224690
99999920
96064690
99999941
96084690
99999924
99999917
99999925
99999928
96114690
96244690
99999916
99999919
96034690
96024690
91123744
360312
360032
10007
10013
360802
360022
84245
84246
410058
82172730
93692
93691
10262
11260
84373
96364740
32002
32006
32005
32008
32001
32007
32000
32003
70174810
83718
70174855
70174856
93425940
83720
31300
701754
93009984
73888000
369000
19626
84244
750010
330083
360083
340083
320083
370134
310089
78131529
78134370
10660G
13199426
13199406
13199486
13199466
13199446
13199408
13199468
13199448
31310
50134293
50134273
50029980
50023410
50021850
50023390
50021220
50021040
50021340
930199801
60039980
60734600
60034600
50021270
60034310
900008
99128240
99129240
83730
83740
83700
99500016
99500018
99500014
99500013
84380
85260
30520
30510
74771000
430406
30503
30101
30522
74770012
91049980
30505
30502
30504
30501
30122
30540
120447
37044
12000L
30530
430151
37036
74771010
30521
30115
74770001
74770000
1200079
1200089
91029980
91109980
91009980
12001A
12001B
91032470
91039980
91033510
91039981
91032479
91059980
91065040
91019980
91029960
91031420
430835
31910
31001
31911
25420
25410
25430
25050
84282
84422
84502
85310
84470
82200
78151459
78151452
78153499
78153479
11401032
11401320
11401876
11402402
11402404
740225
85470
83760
31330
31390
50141800
96051
31340
12365
31370
31002
31200
83190
84202
902924
902923
31350
62060
31360
31361
96304740
85030
85200
22080175
920265
920270
390246
12345678
920213
120780599
120790599
120800599
45200
83093
85110
18020103
18260073
19163570
19161010
19161012
19271870
19261870
19163660
19251870
19161870
19163740
19251872
19313570
19115590
19111000
19111010
19181000
19185350
19111872
18208100
42310
42300
42302
63081
67280
19119980
19111070
19121070
19125610
45090
42302
19133660
18230086
19161000
45020
45080
45070
45030
45040
45040
42330
42370
18200186
41230
41238
41230
42210
42300
42301
42301
73073
18106031
SP1015
SP1010
SP1028
SP10263
SP1022
SP1096
SP1093
SP1091
SP1033
SP1048
SP104
SP1041
SP1066
SP1065
SP107
SP1029
190051
19141020
19241050
19441020
19111020
19001050
19134800
19711020
34095
455101
390007
390369
59009990
120805
19101000
19101002
19101010
382250
57310640
30152
420053
57310621
45230
45210
20041
49009990
49002430
99985
45060
190570
69009980
390121
391012
391025
69004310
391001
410059
450425
78161789
78164369
78171789
78181789
450468
450025
450005
450469
99604
620176
796071
220931
34093
220893
220891
22093C
93922
22091
22088015
22088016
22088012
22093
22093456
58500001
22088030
22088033
22092
22088036
22088080
22088070
22088021
22088020
91410
22088010
22091C
22090C
220910
220914
220911
220912
34091
22091601
22091600
22091602
90132
22099C
94007
94813
22088GD
22088GS
22088G2
SP1112
58500630
85800002
71030
540355
207900033
12002
12004
621010
10825
12003
12005
360132
12006
12220
12007
12001
71203
38201049
SP2382
20221
210008
210010
210216
620460
SP231
82212060
SP232
34330150
34310166
41102430
20204
20150
41801060
41211110
20220
41192080
41109980
41102080
41219980
20201
40189990
210350
20200
SP235
210524
20083
620260
13485080
13463
13458010
13490
13485O
1831034
1831011
1831054
1831415
1831285
1831265
1831024
13485043
13485044
1831011
1831415
1831261
1831265
13468
210004
96394740
34328692
20450
SP2362
210025
210122
620911
210013
210003
210420
210305
210522
620014
210221
82219980
82213450
34758000
34314085
620019
210021
41209980
41289198
210129
620924
620925
620923
41109990
41229980
SP2352
620009
21200
20202
20203
620180
40142080
40142070
40149980
41129980
41159980
41139980
41132010
41183570
41233570
41249980
41149980
41269980
41122010
41269981
41119980
41113570
41262080
41149990
620121
210101
210006
210127
96685880
210250
13530
1343212
1343232
13453
1353131
1353132
1353134
13332
13485833
13484
13485845
13529044
13423
13416
13528
13414155
130892
13500
13501001
134142
13536
1351899
13534C
1831047
1831052
1831025
1831043
13485850
13485851
1352072
13500226
13332
134133
1343213
13458
13453
1343232
1353131
13528882
13529012
13501454
13423
13416
13414156
1352070
13500
185131
1831050
135010SC
13547
1831052
1831043Z
131614
131613
1831821Z
210523
210521
620149
210121
620146
82224700
34100109
34100110
34100145
34100117
34100113
34100144
34100112
41309980
20205
210009
40109980
210240
210100
82214890
210021
41409980
41149981
202261
13462
13452
190080
SP1143
SP1142
SP115
210020
99210
150080
150003
150001
150059
150002
16061024
16069984
16061056
16061016
16064640
16061120
16064496
16061076
16061014
16061875
340987
620017
80576
900028
84366
747743
89002
82311350
82321350
31400
10093790
10093690
10094500
71130
71131
70022
70024
71133
40229980
10099980
10091490
10093330
10092400
10492400
999928
84430
10161020
10162930
50069980
50063390
50061850
40199980
40193570
60049980
60044310
60044310
10049984
10043794
10041000
10041003
10041004
10041006
10042404
10042406
29094249
29094245
29095000
361160
31086
31081
31085
31087
50138010
50138012
50130124
620083
620084
620085
900010
293001
620086
78525269
799096
20380
920299
920204
620087
620088
620089
610004
620090
620127
620018
792978
194310
741483
198774
623137
740414
742019
748457
198702
18009984
18009980
18004544
18003694
18003696
18014544
18001164
18001166
18001490
18004640
18003810
18001590
18001320
18001124
18001490
18011490
18004850
18014850
18001620
18001130
18011130
18003420
18001024
18001026
18003334
18001144
18001146
18003790
220001
96695940
97251900
49013620
99999914
49029960
49012620
83900
U9550012
999298
920275
22297757
20386
203791
20379
83920
207900028
97275740
96735890
390026
96765890
10341460
10349980
10345340
10344880
10341390
10343740
10341000
10341010
31410
900065
530160
30112H
301122
291375
291376
721193
744848
731212
91060
91063
25390
SP7046
34018
96602
2261422
269210
2692D
2692DR
2693DR
22133000
22133002
10038190
221042
221042
220956
26927411
22110012
22097E1
22097D
250682
250682
22095N3
25066
255052
25064
25068
25206
25215
255275
25269
255219
132425
22131124
22126132
22129016
22129012
22131123
22126
22130
22129017
22131125
22126
2212678
22129014
22131102
22096NA
93014790
93012950
2209910
255052P
25064
25068P
25019P
255010P
25206P
25215P
25210P
24808F
254816P
255275P
25269F
255219
132425
22131
22107K
22168G
98490000
97765830
97175740
97205740
98025920
61105920
98022340
97585880
97876895
97365840
97405840
97745830
97785830
94660
970030
970231
970034
970028
970032
970025
970023
970024
970211
970026
970027
970203
970036
970052
970053
970031
970037
9670189
9670182
623487
70425829
70415829
290072
121701
ICE
2159
85500
99999987
180730763
180830763
180630763
180930763
181030763
78514360
78574360
77124360
210597
50030
50140
50070
550012
77099989
77079989
50050
99009980
95230
901223
59049960
16049980
16044544
16044545
16041054
16041056
16043794
16044664
16044667
16044665
16044662
16044663
16041396
16043896
106400003
16041201
16041173
16041176
16041175
16043340
16043742
16043744
16041074
16041002
16041004
16041000
16041001
16044496
16044495
16044494
16044490
160410040
16043556
16403556
16044956
120800001
16041014
16043576
16043575
16041013
16041162
16041024
16141024
16044674
16041076
16041085
16043754
16044573
16044574
16044576
16044575
16043352
16043354
16043364
16041075
16045164
16043332
16043334
16041144
11193794
11194496
111911440
174004
11191014
11193575
11299984
11183575
11191054
11193694
11191214
11191211
11191002
11191004
11194564
11191001
111910040
11191873
11191874
11191012
11193574
11173575
11191013
11191162
11191162
11191022
11191024
11291872
11193334
11191142
11191144
11191141
11391876
11291310
174005
11193744
11191320
11191120
150111
150012
150014
154014
150060
150011
158003
83770
96025
620004
620021
729795
620091
SP732
94415070
97515850
SP724
97505850
390224
390027
38569901
84206
629260
290600
610008
620092
620093
620094
620095
610005
610518
619975
710030
100000005
100000002
90346032
90346W
84002
31922
89003
85442
31102
742320
620096
95182
95002
95001
95000
95071
95140
95130
95092
95012
95010
95042
95112
95110
95032
95030
95031
95070
95091
95090
95011
95040
95021
95080
95022
95020
84620
96015
96030
96009
96006
96010
96013
96014
96005
96007
96011
96012
96008
626350
610007
91098013
99999913
99999912
620022
620025
717272
620023
611952
716920
620024
620008
900654
96043
620097
620098
620099
626916
620100
621546
207900021
611911
207900041
207900025
624585
622657
622225
620101
97878950
40139980
40031060
190069
90614
906159
906166
906184
920235
62232
62231
97595880
31920
97369
97819
97437
97987
1319854
97642
621012
904345
501319
31555
750020
620052
85271
620128
620229
83970
91091
91091015
91091016
91091011
91092
91093
91091017
10331020
10131050
10133690
10131020
10133330
10131140
40219980
84920
905551
84371
51013
51014
72002109
72019989
72012109
72011389
72029989
72022109
72021389
72051389
72061789
78711649
78191649
78201789
580001
580002
620271
620521
99046
99035
84311
11129984
11124544
11121054
11123693
11121032
11121034
11121204
11121201
11123344
111233440
11123744
11121002
11121004
11121001
11131000
11131002
11124496
11124495
11124494
11121012
11121014
11121013
11121320
11121120
11121022
11121024
11121872
11121873
11121876
11125342
11123352
11123353
11123354
11123364
11123333
11123334
11122404
11121142
11121144
11121141
180012
41691
190057
84240
96002
84510
310162
710001
711026
711227
711027
78881
610128
710127
620027
99333331
620261
501390
620009
83460
97456320
901212
22081012
74
75
85670
85740
85730
85720
85770
85690
85750
85660
85710
85780
85700
85790
85680
85760
591011
590013
30620
58557800
122488
122488
123232
12249006
123236
123235
20009980
420008
56974600
420009
37862
12253
12250977
12250978
32305
30045
55629550
121214
4185
55629560
55564400
20085960
28009980
20015440
12001FR
12003FR
1200010
1200100
120001
12000465
1200NZ
12001FR
420000
58479600
12262
51028002
52502000
20079980
51301400
30507
51503060
51503050
420500
1224440
1224420
12244
1224424
1224628
12246000
59560001
12265
122521
12252
20105960
121217
121215
20115960
30171
12254801
51503000
18022470
30114
121426
121427
1214206
1204511
1204512
1204510
20285960
58957770
57310720
57310630
57310681
57310631
36802
59990009
12257
20069980
37058
20059980
20051420
122562
122510
12186
18029210
50890130
59890110
120441
30113
12043B
12043A
1225629
12043A
34090
20099980
36021
37322
12258E1
54956000
54735760
54735790
54735770
54735780
12180
12180
30000
12174882
12174889
12174893
12174886
12102032
12102034
122105
59104210
12174879
25099980
59124770
25092470
30209
30010
54956150
25025970
25029980
30208
12214
12213
12205
12217
20031230
37037
36001
37325
12260
20031420
12261011
12261012
24029980
53256600
53255100
53229520
12322005
30055
53448244
53949500
53448246
427841
12323A
12322A
1236
12325
53857450
53610215
53610277
53610228
12288
12322004
123177
12289
1233034
12322002
12322003
12328
1232810
12329
12322001
123296
1233034
53943400
30506
122621
122661
20089980
50445577
50445578
420019
12010
1201104
12021206
12021204
12022
12017
12021
12024
59055112
52301000
59055114
52312000
59055116
59850550
59055118
59055121
59550023
59055122
59550024
59055124
59550026
59055126
30040
59055228
59055128
59319570
52319220
52301800
52319260
52301600
52309000
52309900
52319251
30041
59550030
21019980
21029980
21009980
12017
12024
1204801
12055
12065
12061
12070
1206122
12071
120718
120674
120671
12044
12054
12009050
52142001
52142003
52142002
123146
12312210
12312102
23009980
50004852
58525200
31115
59713770
59713751
59713750
59890120
59891012
59891014
59891010
59891011
12086644
12086646
12086645
120898
1208943
120891
1208945
1208941
1208944
1201113
120891
12083
1208610
12089108
12272
24019980
59885200
58652000
420010
30162
420011
30160
30218
32188
22029980
22029210
58104020
420772
45413
420052
420052
53235600
12268
12271
58955050
53610420
420019
30219
12270
420012
59610300
53610400
59568970
59568980
20049980
20041230
20045660
20045960
122615
1226122
50000000
20009981
20009982
90019981
90019980
91259900
97103109
93220
93222
90119980
750011
95138000
19
620038
620029
411016
410077
410065
410065
410066
84432
84361
410062
150400001
55005480
55008120
55001180
55001280
55001290
55001360
55001010
55001040
55011290
55019980
55015780
55011250
55001300
55011340
55011280
55111220
55001470
55004590
55004870
55003390
55002960
55001220
55001340
55001850
93019980
900227
900027
31500
33000
93940
906131
9061323
50166
50144514
50157
412115
411502
84560
84921
50133
50134289
50134291
50134294
50133401
50134290
31860
50134
50135
50130140
93693
99037
990373
990323
99032
99032P
990321
9903210
990372
99038
990371
99030
990368
990367
99029
99032L33
99032L32
99508505
995271
10303694
10301211
10301204
10301004
190101
93690
90613
31570
50148132
50148
50150
50149
50151
920280
38355741
18020760
97645880
97655880
96675880
SP160
13932
1834205
1834230
1834240
1834215
13964878
13964889
1834215Z
1834240Z
1834205Z
1834230
10141000
18010760
10141050
10141030
10142930
10141140
10149980
10141020
10141870
10143330
10743330
10143350
50031850
50034870
50133390
50033390
50039980
50035780
50031220
40171530
40271530
40272680
1234
22148A
1383434
1383410
1383434Z
1383427
1383410Z
1383447
1383412Z
78932559
78229980
60080
60030
60031
78239989
78211669
78222999
78249989
78219980
60051
21061
21053
210544
78231509
78224369
78221649
97451900
97551900
97891900
97971900
97651900
97871900
97861900
97951900
97961900
97751900
97841900
97851900
97881900
44129980
44103570
44001920
44003350
44021060
44032080
44003460
44001980
44011060
44041060
44031060
153700009
44031150
44113570
44001010
44809980
44503570
44603570
44403570
44401920
44262090
44171010
44233570
44133570
44131060
44132030
44181010
44333570
44131150
44131980
44181060
44121980
44123350
44121920
44121150
44201010
44704510
44701010
44211060
44211700
44201060
44209990
44191010
44199990
44243570
44209980
44221060
40239980
100000004
100000003
91300
83481
84990
97877895
190065
94381613
900011
907503
900004
80001
97498780
97486780
97497780
97499780
97481780
78241529
78244369
78245829
97469
96344740
31560
22080207
392065
30571016
86043
91111120
30571013
86040
30571017
620062
620156
95035034
95035035
180014
84222
550360
82630
905221
83270
999999
11150
38861325
93556467
93667812
93668766
93100300
86050
901265
900212
83750
97873895
93530
87770
53224240
53324240
190121
1397053
22139658
22139657
22139661
22139659
2213069
30062
19020012
19010002
19020021
19020020
10369470
190400
190120
190111
190115
SP012
22139
2239E1
290502
900282
50142010
50142011
920229
84400
746680
42030
42040
42010
42050
42000
42020
41980
43447151
50435113
43469301
43469321
43466021
46602
43400212
43400412
43400112
43446830
23046828
23468241
43466121
43468121
43478721
43480601
43468181
43443021
43430112
43430102
43447620
43486589
43473061
43476021
43478481
43350011
43350112
43200016
41835071
43471361
43469381
43447136
43469501
22048214
43468081
43486567
43464041
43468201
43468001
43486642
43486501
43468021
43478601
43490053
43400232
43430150
43490093
41300010
41132001
43221001
43220012
43230011
43230012
82550
84860
620005
620243
620241
620242
97755830
98035920
97355840
97395840
97795830
78259989
30010001
30010010
30112
30114
30115
30111
360335
620543
83710
903001
190047
90100
25550
50000000
MISCR
MISC
MISCP
99999998
999019
168009
118017
128015
128016
168024
138009
168011
128017
128014
148017
83870
97489780
97483780
97482780
900610
96284740
23
40171002
85190
25110
901398
190066
2243648
34183250
22154
290560
224180
224075
22157
224076Z
224075
920223
920224
920225
362007
2208810
85411
7019401
7019404
70194019
99125944
99126944
99124944
83372
83371
83360
83362
94019980
85288
70194012
31540
50474104
50474100
50474
90384
62160
78964360
210526
210528
210527
78864369
78664360
78269989
78071509
78665829
91129
91140
91141
91135
84960
50131911
91127
84900
30165
59552302
59552310
92003500
92003930
92009980
92002470
92003510
92029980
92019980
92013510
45406
45406990
45406989
45406966
45409793
45409
45407
45411
37021212
420162
420163
97994
99521444
99534
99521445
99549
99521
99533
31550
31551
450082
450210
450001
450002
450004
20761
10051270
10051160
10051590
10051320
10051120
10051620
10051130
10051090
10051876
10053757
10053330
40409980
40102080
40103570
40101060
40109990
50009980
50001850
50001220
60009980
60001080
60005620
60004310
60001770
88779
99200000
19991
420082
53449245
420015
420014
SPS27832
62910
62710
62610
219102
NSF
24091
740250
920236
NSF
10253330
207900017
59124240
59029980
730442
84552
621215
750012
24990
24991
520030
520041
73052020
78279989
78274529
78274759
78273479
73005809
78289989
78271109
78284759
78271710
78283479
78293470
73075809
73059989
73052463
73053479
78299983
920290
620102
80663000
62094
62090
73039988
21054P
210540
71011
78559989
2105410
21054W
21054O99
21054A
21054O
73064369
73014369
78554369
73014529
73019980
73012219
73021106
73121869
73034969
73031106
73031869
73039986
73039989
73139989
73115319
73145419
73049986
73145229
73141869
73149989
73145319
73159989
73155419
73151869
73051106
73054736
91405500
93212
93215
93214
90025860
93279010
932210
932216
93282
93300
80296
96314740
900715
84680
90483
90482
90482013
90486
94956410
942190
710962
10365330
10369980
10363750
OA
701747
701749
70175012
7017242
70175010
70174012
70174501
70173129
70179
7017451
701745
701750
701746
31600
70101500
70105829
50140304
50140301
94283
94282
85611
22080177
620103
23009008
340084
620134
190103
610103
610102
610121
620130
620131
620135
620136
620132
610181
620133
520113
590213
520193
520114
590214
590604
520195
520115
590215
520117
520118
592501
590663
521013
521014
520116
521018
620391
740718
610162
912801
75356970
912769
174040
174050
84053
16021050
116600002
152100
152060
150007
150009
150015
154015
150005
16024640
16021590
16021120
16021130
16021076
16023365
16023544
16029986
16029980
16023760
16021320
16021054
16021056
150006
16021074
16021214
16021002
16021000
16021012
16021014
16021010
16021013
16021874
150004
16025164
16023334
84945
96775890
99910522
180016
180019
180022
10429980
10421050
10521050
10421370
10423760
10421070
10401010
10401320
10401120
10391130
10394900
10391320
10391120
10394830
10393330
10394630
10411050
10391010
207900024
207900014
10401050
10391050
10391070
10393690
10401000
10391000
10391005
10391160
10391870
10391020
10391140
10391145
10399980
10393760
80163
83810
78389980
21053O
210531
21053K
21053G
80165
21053O
59055218
81001
530152
530152
315742
314622
410063
750052
620006
610018
620323
9058
203801
99216600
99900
PALLETS
83630
71000
71001
71005
71002
71006
71004
71003
594368
594360
537452
71007
524369
534360
534369
533369
536360
71008
596369
598369
594369
540320
560023
71010
597151
560020
83250
90271132
90271109
13441017
35020000
35020001
22175
83380
96334740
50130560
99983210
99538
99520
99518
99519
99333330
99526T
99521T
99550
99552
SP0011
SP0010
22080234
22080236
83790
83793
527214
527213
85164
97362
97291
97925
97116
85237
31620
31619
50138108
371225
370004
80512BK
80512B1
80590016
80590005
80590020
80590012
150010
220101
1832016
1832013
1832011
18ND085
1832647
1832633
1832012
22010V
1832012Z
1832010Z
1832633Z
1832647
1832646Z
91090115
91090119
13ND263
13ND261
13ND262
66004310
59014240
59019980
357112
36
85220
83490
83450
31041
901610
85020
120006
13073693
13073390
13071214
13071211
13071004
13071044
13071024
31630
34232635
34232655
31645
50140219
50140210
50140213
50140215
50140214
50140216
22080178
22080195
941204
22080222
31642
501561
50143
5014414
5014412
5014413
50152
501471
50147
50165
50156
50171
31640
31680
501555
50140
50146
85162
50677S
506773
50677W
501391
501384
50138
501385
50170
84150
40171010
90526012
90527
90527465
22209
22212
22PC57
38782500
22200
22198
22203
38146235
38782501
81209980
22206
22PC57
22102
78282829
78284360
360705
320808
390423
23147745
390471
22610800
390269
610009
610010
211022
124030
124040
124050
124060
124080
398411
76127842
389354
76111000
451034
76127841
19250
350354
20489
18030762
170861
PICKUP
PICKUP
91149
91144440
91155
91153
91148468
91148465
91156133
91156132
91144444
47159980
31004000
48041530
47143570
47043570
47042010
47041060
47041150
47041920
47059980
47053570
47059990
47054160
47051920
900082
900080
900081
900085
900084
190930
190540
900046
20401
280023
39900130
280001
20400
39000305
20402
280018
280017
31660
50120142
83500
83501
50120157
50120156
20486
96531249
50120132
84950
84944
420180
420010
84054
84050
SP1118
90271013
90272PB
90278000
90271PB
90273PB
90275PB
9027510
90907
501572
SP105496
SP105396
SP105696
9524009
9524008
290019
47264
SP1052
70242
70240
7024014
70248
86174800
86204800
86234800
86264800
86144800
86294800
86324800
SP105454
SP105472
SP1054
SP1053
10271050
10271080
99990002
99990003
99990001
31101
86910
84120
87000
87010
87180
87181
87230
84100
84101
87290
87240
84121
84080
84140
84102
88781
87525
99529
COLLECT
91200
83530
971120598
PO
96715620
97875895
SP709
94425070
SP710
97715830
97625880
97484780
97485780
97495780
78915829
78329989
78324369
78624369
78724369
78301699
78303479
78909989
78311529
78319989
78313479
207900043
207900039
78801649
78811649
78821649
96675620
994036
62700
62900
38
24770
20105
1320311
13202661
1320211
132114
13200G
132031
13201P
1234567
1234567
39000140
240037
240047
240057
22250
290201
20026
46089980
46089990
20101
20102
20103
20071
20070
20070
20075
22126
SP2302
1317877
13140
131501
13160A
13160
13175B
13170C
13170
131700
131701
13170190
1317619
1317619
13145759
1355704
1355704
13155798
13155798
13170206
250149
1316410
13170997
13170994
131466
13140I
131440
13142
13166C
13174
13176
13174101
13170172
13172
250350
24450
20271
37190103
37080202
21810
21127
21870
21864
21247
21800
21851
21861
21715
230001
230003
22230
21820
21880
21840
35213904
35213903
21830
21832
21211
1305456
43001190
130515
13050779
21831
13050782
43009990
130504
13050P
13054
230005
21860
21850
21862
22232
22248
22242
43019990
13050120
13050568
43011190
130502PE
230007
43029990
43021190
13050099
13050188
13050189
230002
39000390
35110000
35220000
35220002
35210000
35113904
130508
13050P
13050127
13050568
13088704
13050189
48019990
48009990
83711
21130
104311
20238
290248
20081
20080
13209132
13230
40181960
13209
13209F
13231
13231
40189960
280200
39000010
20343
20344
10427A
10428A
1042710
1042779
SP218
SP2181
20570
SP221
132217
132215
20630
46099990
31002000
260109
260009
260002
124578
260007
260003
20051
260011
260004
260006
260008
260005
20050
20053
34500009
39000020
39000030
39000040
21120
39000050
13220
132995
40269980
21114
13216C
1321621
13332307
13328914
13328913
13328916
13328918
1332920
13329010
13328993
133278
133284
133285
133285
133286
133289
13328722
133287
1332878
13328028
1332898
1332897A
13327
1332898A
13328044
13328048
13327012
13328804
13328046
1332899
13328880
13328890
133292
33721215
32112110
33716001
13329045
13334009
13334010
13334019
13334099
9120944
9120922
SP2141
240040
240063
240083
207900016
240069
240091
240041
240053
240064
240073
240084
240681
240042
240054
240085
240104
240074
240120
240140
240043
240055
240065
240075
240086
240093
SP213
240102
240122
240142
240161
240077
240089
240094
240008
240056
240087
240078
240101
240121
240141
240160
240066
240076
240088
1302614
13328915
133290
13328
13328704
13328979
13320B
13329049
13329047
13334016
1364335
13066100
1363955
290200
240100
292200
13212101
39101000
21000
39000355
290236
290030
290040
290050
290061
290081
SP219
31030002
13208203
13198
131986
1319867
13208202
20240
20241
13208689
132097
1320911
13209E1
13208689
25200
25201
25210
25211
25300
25530
39009000
33040005
290902
39000070
1321211
13212A
13212897
1321210
1321993
132131
13214
13212
39000080
40079990
132081
13208884
13208
13208886
13208887
13208CU
40071190
1320814
13208124
13208885
132085
39000081
39000090
20232
21230
39000129
920245
39000126
39000110
39000120
39000125
20461
20250
20251
SP225
290099
38119000
36200000
38122000
36123000
36111000
38121000
38121003
290231
290505
290805
34202710
34116510
41219980
41211110
41109980
1301310
13006B
130062
13006D
130060
13004104
13004103
34202504
34214354
41102430
41159980
41113570
130032
13003P
1300310
1300390
13003
13009
34123654
34302600
34207710
40189990
34314079
34875807
34116509
34216707
34457200
34400290
34405300
34467000
41272080
41472080
41372080
34672208
34751240
34350000
34391509
34400009
34890100
34955507
34260807
34676565
34750010
34751400
34868904
34864107
34310167
34900033
41149980
34200049
34207709
41229980
34455500
1313773
13136985
13136983
13135603
13135777
13136980
13136910
13136984
131369
13136990
1313582
13135776
1313773
13135604
13136910
1313583
13135775
12088609
34457819
34160009
34924889
34924888
34200009
40149980
34410108
34750030
13208899
13208898
1320820
1320810
20420
20281
20280
19100001
13208I
132103
13209I
34405911
220160
34405910
220160
41271530
SP252
41279990
13136
13136998
131364
13136998
13138
20261
20265
41272010
41274160
4271010
41273350
41271920
41279980
280293
292258
31200000
34751230
20530
39000970
139282
21141
13945628
31020000
290031
20310
20669
132101
13209K
34935610
20490
34000000
39000150
39000112
38141912
13216P
1325
13219P
20510
33010200
33018222
33018220
33018221
20104
13184
SP223
13080131
130729
13085731
13080120
1308IN
13073
13080129
13083786
130810
13084006
13083789
13083797
20106
13188
13084212
1307291
1307290
13191
1333207
1333205
1333206
1333209
33030000
32100112
32101134
32120034
32000135
32101212
32000235
32000112
32100134
32000114
32000212
32000234
32100201
32000214
2000211
32000211
32000210
32840000
21112
20115
13056088
1301190
1301174
13056
1305682
13056045
13056066
13056077
13056046
240750
13076
130769
13066065
13066080
130668
13066
13066S1
13066067
13066458
13066454
13056099
13055747
1304245
13066086
13066082
13066072
13066107
1306619
13069044
39090000
33040000
240032
240007
240002
240109
33110000
240012
33158000
240003
240103
240004
33410001
33018201
33701650
33170140
33018234
33021000
33028000
33028500
33716650
33911000
33770120
33770140
33718001
33714001
33770160
33954000
33715000
33716000
33716011
33966500
33770070
33714659
33959000
33990002
33721002
33024000
33024001
33726001
33759000
33726010
33721200
33718014
33960000
33726252
33727250
33726250
240009
33066000
33066006
33067000
240171
33044001
33210000
13017
1355726
1301801
13011
33320000
13110B
13017971
131102
1301250
1301200
240006
240147
1305010
13012098
240005
20002
250300
250145
250225
250227
250120
250175
240095
21113
21116
21115
39909000
39510527
30082000
33083000
33084000
240001
240017
13073A
13085734
13080120
13083786
13083995
13084212
13084008
1301058
130813
130812
1305684
1301174
13058
13066080
130668
13055748
1304245Z
13055687
13066086
13066073
13066107
1301806
13011786
13110787
131101
13017973
131102
1301250
13012536
1301203
33027500
240026
33026500
20236
39000180
13209128
40109990
40409980
1320912S
13209305
1320912S
13209157
39000190
39000933
31300000
39000200
39000210
31003000
20190
34751220
270002
270001
31004001
39000130
30113040
30218090
30117080
30112015
30122030
30115565
30118095
SP2412
290208
34664021
34200010
SP10055
SP10052
39630716
132096
20815
20130
250255
33010000
35213905
32710014
32200100
32110120
32112140
32110150
32112160
32010040
32010050
32010060
32010070
32020080
32002090
250101
250121
250141
250151
250060
250070
250080
32213120
32211140
32211160
32212200
32210121
32113160
250052
250560
250041
250051
250061
250051
250006
32300000
32440000
32410000
33120950
33110951
32430000
32330009
32330010
250022
207900042
32200201
32200200
32200202
250330
250012
32850000
32860000
32870000
SP2801
32790030
250007
20460
32500000
13190AM
32500002
13192AM
20600
45079990
45089990
45079980
131957
131950
131949
13194993
13145568
13195310
1319543
131955
131962
21110
40169980
40164730
40164890
132087
13208997
13208C
132102
13209C
13208D
290227
39000220
39000230
620123
620129
620104
86690
620540
920218
38487504
620541
38746840
38518007
38146990
SP2616
620118
22222223
207900026
SP2611
38022114
620119
620145
620122
38746931
39000240
220180
220187
220335
220320
220816
220609
31100001
31100000
21829
290237
13035
13039219
1303924
13001191
13034
13034IN
13034442
13040
13034SW
1304586
25864085
130364
1303602
130359
130358
130349
13034999
130401
13039219
13039210
13055574
13039IBP
13039IN
13039I3
13039040
13039SF
1303912
13038
13039210
13039IBP
13039040
135612
1355693
46109990
1304100
46119990
1304115
13025012
13025015
13025014
1302408
13026B
130264
13029
13024
13025
91245630
9120911
250013
31020103
31030001
31020140
31021120
31001014
33714660
31031000
31031002
31020104
20080
31020102
31001012
31001001
31030000
31030005
31002090
31011000
31010000
34400295
290035
20000
SP222
20001
20000
20074
39630715
39630718
240133
20112
20119
86334
20111
20110
20111
40149990
39000250
40159990
40141060
13208774
13208776
13208775
13208M
13208780
21863
280019
22220
22249
22240
22247
22246
21521
40149990
20511
SP239
1320872
1320868
132091
13208N
132019
1320872
39000270
20330
39000271
45039990
45019980
45019990
1315712
13178575
13178SW9
250503
1317910
13177C
1317712
13177IN
13177IN
13177I2
13177I2
13177185
250040
250015
131223
131224
13123024
13123011
13123020
13123020
13129
13129
SP282
1317712
131771
13122702
13122708
20140
20168
32200490
32200300
20167
20166
45031250
13211B
13210999
13211000
13211002
1321115
13210A
SP865
290120
290160
290060
290080
13208255
39000280
290100
290238
13208206
290239
39000290
13217236
13217
132178
1321792
13217237
20300
290110
290240
290202
290241
39000300
290243
20340
13217A12
20341
39000310
1321711
13217A12
20107
33080010
240016
33080007
240015
240115
33080000
240014
SP226
240013
240019
13117
13155740
1311768
1311908
13117014
250014
20290
132192
13225
13218
39000340
39000350
39000351
39000360
39000335
20011
290500
48159999
48059981
48059980
13206A
13206A
13206
13206
1325734
1325730
1325730
39000370
99999999
39000380
20320
13222
13221
13227
132214
132218
1300280
1329910
1300283
13005
1329910
13005
13299
13309
13299018
13299020
13299019
13299021
13000
13302
132991
1330164
13301
130003
130003
13000S
13000S
290229
47072080
13208S
130501
132100
13208B
13172012
13136847
13136846
13138000
13208003
13208002
13212S
1333788
13148
13149
1333798
1333792
13010577
13010578
13015PC1
13015PC
133378A
13334789
13210SB
13192PK
13192999
13045A
13045D
13044
13044
1303011
13051
132171
1321710
74148
74150
74149
74153
22019019
31541
822020
143204
143240
143280
143320
144164
144181
144203
144241
144300
144299
144163
144202
144240
144320
144204
909852
84940
908053
50130541
50130585
50130592
50130587
50130548
50130549
50130583
50130540
50130559
50130553
190130
83390
50130545
80614
80613
1329914
31650
90009074
90009016
90271131
84450
71810
190163
20306
620028
971118598
971119598
712820
24050
96537379
10000000
12
99911
5013062
83260
161027
161024
111000
141021
190096
141009
920228
171171
141019
410064
410067
410068
410069
32500003
999998
310846
53151
620020
100
86130
240067
240011
22228994
222522
2223121
22228987
2220503
22228
22230412
754116
85165
97666
59032730
390222
390012
390015
392001
290450
293030
220999
97002730
290247
291372
290152
290153
290246
188368
128703
138724
84621
A6
10200
10201
77533360
10202
19291
77536660
19279
98019980
99999946
98069980
207900005
207900003
207900004
99901
99902
99903
968206
906001
1478
78545000
78545600
32110
20144A
98009980
450021
31690
501321
620894
95968000
95105110
95456789
95136070
95503579
620105
620106
620107
620013
900100
90300
85361
31720
31003
31700
83290
83305
83510
97725830
31710
31730
97496780
83044
80343
80340
80345
80344
80341
81341
82340
81342
81340
598023
77109981
77101809
77109980
77102029
904535
10373580
10381050
10371460
10389980
10371310
10371390
10371000
10371050
91160134
22305
12120
180027
920214
920215
920216
920226
920227
730185
610334
710402
720797
721797
710003
620007
908105
908106
590002
908103
908108
999996
362310
908107
590003
590003
590004
30210
250021
SP2601
233055
45074700
250400
254063
254070
44121010
44421010
45129990
164189
163000
164185
161001
163001
161010
13281120
250009
250010
190224
901866
160325
162481
164180
250250
45061080
45081010
45051080
45081061
45083350
45079980
45179980
45081060
45079981
45075930
45071830
45079990
45089990
45189990
45081560
450799809
163011
250215
82000
82170
164121
164141
164161
164060
164080
164099
168825
17119984
17111320
17111120
17091320
17111012
17113370
17114640
17113380
17111490
17114636
17111130
17151002
164117
163140
164160
163160
163200
163220
17325381
160020
168012
160009
164142
164162
163161
164182
163181
164202
164242
163241
161002
164097
164098
168542
17091004
17093572
17093574
17093575
168001
17113680
17111215
164145
164167
163112
160419
17213690
17211020
165001
17119986
17093694
164025
164165
164005
17113556
17095723
17111874
17111875
17111876
160008
17111076
161003
160019
17112401
17223520
17123520
17123810
17121000
17123680
17093795
17091215
17091454
160811
17091057
17092267
17101077
17101057
17091177
17091317
17102267
17091077
17111057
160680
164006
168004
160001
160280
162111
164100
164120
163120
164140
163141
163127
163201
164086
163123
207900011
17193574
17131090
17091590
160040
161101
161121
161141
161161
161181
161081
167050
17095710
54963
44369980
250005
82005930
250003
250270
250001
299025
84520
82552
85250
906101
84980
84283
84280
84000
84530
84580
90609
195003
195002
92280100
18062765
750013
620039
620041
625464
626789
620108
623856
620030
34087
20018996
20018994
20018999
20018990
1832625
1832609
1832625
1832602Z
1832609
81115360
20019000
20021
20018
20019124
20019127
20019129
20023
20019123
20027
9116902
392120
95180
10140
900222
906004
8906
906006
83631
35
31740
410072
85238
92401900
624894
621234
10031320
10031590
10031120
10031130
25252
390028
174037
174041
174051
174061
174071
78332219
170000
170007
11039984
11033694
11031002
11031004
11033334
97031
620109
740565
43461301
95505146
15044365
711612
620031
720575
95405
95400
95406
95403
95407
95404
95402
95408
95401
112999
20383
86001
50PT23
50PT54
50PT16
20385
50PT15
50PT61
50PT51
50PT19
50PT63
50PT24
50PT13
20PT09
38448900
224411
224410
38888500
22249
38447700
38447600
22PC12
22254
2229058
2229052
2229056
2229072
228866
38116066
220831
220608
22ND012
22ND031
4488
224410Z
22255
22PC14Z
22082
22260
2229072
228866
98031640
78343650
590001
78342999
78341649
78341549
78895829
78795829
78614360
78704362
78344360
78749980
99992
71200
30004
31214
31214
31502
30001
30003
31496
30005
32496
31526
911681
30002
88051
88052
90274
90272
9020184
90273
793610
94016
94017
94360
97352
84341
84340
71209
97063
97628
97512
97413
12345677
99920
920231
99SAMPLE
190000
96374740
920220
95062
95060
22010
740756
96033
78522219
9620224
9620194
9620218
9620200
9620217
9620154
9620178
9620161
96202055
91021
91011
91020544
91020
91018
91011504
90342015
40171015
90342011
40171023
40171020
40171017
40171009
22090H1
22089HS
22080198
22081010
22081000
9103127
22080214
22080216
22090HS
91168V
911683
911685
90342020
90342019
91022
90342018
90342003
914025
917PQ20
18030760
501387
97416030
13973188
13912A
13946A
139498
13974138
13968889
13925
139461
13976711
13975010
13968882
13976510
139161
13968873
97455750
38141911
38172011
38140001
38100141
14036AN
14039
14036909
14040
14037S
38867007
38812101
38094070
90236
13968862
97473740
13921000
38221333
38221331
38235107
38293000
38230061
38278703
38221330
38263007
38231349
38219903
38524250
38120256
38311006
28705000
38311016
28721217
38483622
38487832
38475002
38421006
38480509
13939A
97195750
20441
20442
97315740
38971809
97455850
97445850
97325740
13968410
13968412
13964110
1361495
13964112
1361421
1361465
20474
22251
2000B
140886
139801
2225C
13976351
13976349
13968907
13968903
13968903
13944
13945
1396800
22139656
13976347
13976346
13968984
13968984
13968982
13968906
13968906
13968902
139765
139122
13944569
13944585
139767
13976F
1397610
13977F
38970100
1392095
22139662
139642
1392105
97145740
34065
34032
92295
38500000
97305740
38912001
38912000
13969
38599040
38516709
38519000
38519009
38518057
38519905
4008050
38515980
38569900
38553017
38529000
38566900
38519010
97135740
13917172
38895950
13919
13916
13968860
14026ATK
14023013
140224
38760180
98039980
28175459
97565850
20472
97555850
13920999
13968863
1402909
14023560
1402906
13944A
20473
38814000
38570200
38760185
13912594
97425840
13946
97375840
97445840
97475850
97495850
97575850
97545850
97465850
97485850
59011250
59999999
34080
34075
13914
139499
13920550
13968783
13968985
13968
140372
1043489
14014
13928878
34059
1043484
38801629
38740635
38815149
38851509
38825630
97295740
38812100
38825620
38919900
38091000
38565607
38633005
38918413
13918
13991
13981
13989
1396116
13920554
13964
13981
14025138
34081
38977742
34045
14019G
140190
14036S
1480415
34047
34044
34030
34056
34046
34043
38944590
38910730
134826
144610
132872Z
132879Z
132878Z
134826Z
144610
38910801
140424
140422
38325250
68590000
13917
14025144
14025134
14025132
14025146
14023503
13911463
13911452
13977I
38569800
13950
34048
10261390
10353580
10351310
10353570
10351390
701758
70882
70860
70880
70870
71801
61000
61010
61002
61012
61020
61030
61022
61050
61052
61071
61040
71840
71800
78379989
78374759
78384369
210490
78361809
78364759
78362999
78764369
78885829
78371529
78754369
78359989
78369899
78365259
96044
99502
53152
20220
80392070
80159000
80568490
80569970
80569950
80569558
80569980
80569990
80245041
80245040
80103115
80601030
80601041
80601040
80601090
80553388
80149800
80778900
80336700
80336900
80608100
80950400
80812700
80300020
78594360
78654369
78595829
78391529
78694369
80210
78391789
78494360
78394360
78399989
78391869
93414
80457890
80900010
80569971
80239900
80704000
SP5081
80707000
80804400
80314001
80131500
80172000
80804000
80719000
80364100
80133140
80314000
80162000
80162100
80608000
81080057
80803610
80803630
80772500
80803550
80521000
80336600
900002
9503524
95035033
95035036
95035023
95035026
95035038
95035020
95261
95262
95035039
95035A
95035025
70010
13700510
200001
20605570
32000200
33080140
97567
97727
97550
97574
91110
77533350
450029
31670
90500
905300
97185750
97456030
7017281
31790
48049980
84440
85163
34226
123
15029984
15023794
15023795
15031000
15021003
15021004
15023572
15023574
15023576
15023575
15023563
15021164
15021163
15024640
15021590
15021320
15021090
15023420
15021024
15021026
15021025
15025723
15021874
15021875
15023600
15023334
15021144
144012
15021120
143011
15023810
15021130
141003
144016
124001
164051
164123
164163
164122
16309986
16054544
16054541
16051054
16051056
16051055
13185003
13185004
16055066
13185024
16053896
16051216
16051215
16051170
16051175
170511755
16051374
16053746
16056010
16301310
13181004
16053553
16053554
16053556
13185013
13183574
13181164
16051590
13181024
16051070
16053770
16051074
16051142
16051144
164093
164062
164071
164081
164090
160101
160121
160140
164001
160050
160060
160072
160080
160901
164002
93289
93292D
93296
93293
93300890
144972
124005
124003
190099
18061014
13023694
13021201
13025763
13021002
13021004
13021001
13021012
13021014
13021013
13021162
13021164
13021022
13021024
13021876
13021144
13021143
13011056
13021055
13011204
13011000
13013556
13031024
750053
31880
750054
72840
SP542
SP539
71206
70810
21210123
212161
212163
212162
83482
21225203
212341
212232
21224045
21224036
21224
21234T
212349
212346
SP546
81200
21220
21216
21232E1
80363900
21225
21229
80363910
21234W
21233S
21201045
212011
21201B
211751
21178
21176
21257
21253
21245T
21245
21237
21206
21213
21226999
21226C
21248
21233C
2121312
21227000
21226
21249
73551
90101
21255
21207
21258
21211
21215
21232A
2122410
21234
212311
2123141
212314
212325
212321
21201A
74045809
74044360
74019980
74019989
74029989
74014369
74039980
74099989
74091106
74059989
74051260
74054759
74054419
74051109
74061109
74064759
74064419
74071109
74081109
74084759
74084419
74994369
74945829
74109989
74524759
74111501
74114759
74111509
74209989
74191269
74201269
74191109
74194759
74204759
74204370
74202579
74111500
74201509
74559989
74561269
74551260
74564759
74554759
74669989
74364369
74664369
74112009
74114360
74129989
74121269
74124759
74121109
74139989
74131269
74134759
74134419
74131105
71549989
74724369
74219989
74161109
74169989
74709989
74704759
74511269
74514759
74551269
74541269
74544759
74744759
74553489
74904759
74121260
74924759
74141269
74144759
74145679
74149989
74141109
74844759
74144419
74145589
74141106
74754369
74154369
74194369
74204369
74554369
74564360
74174369
74184369
74155829
74529989
74521269
74524369
74005829
74514360
74814369
74114369
74335829
74565829
74544360
74554360
74634369
74534360
74875829
74885829
74104360
74464369
74769989
74164360
74164412
74229989
74825409
74221269
74229985
74224759
74324360
74221509
74241509
74242399
74241269
74231269
74244759
74234759
74244360
72234369
74241529
74235829
74245689
74259989
74654369
74251509
74251269
74279989
74269989
74271269
74261269
74275199
74274759
74264759
74272119
74272115
74274360
74264360
74955829
74271509
74965829
74299980
74291269
74281260
74294759
74294369
74284360
74301509
74301269
74304759
74404759
74404369
74304369
74314369
74714369
74319989
74312009
74735309
74834369
74734369
74681387
74335529
74335689
74334847
74334457
74335469
74339987
74331387
74335309
74331459
74334369
74791387
74389989
74335539
74349987
74341389
74344369
74359989
74351389
74351457
74354369
74419989
74365559
74361389
74361457
74371389
74399989
74572769
74601387
74619989
74629989
74582769
74585309
74604919
74604369
74601509
74592769
74595309
74594369
74984369
74509980
74469989
74461269
74464759
74504360
74501504
74509981
74471269
74481269
74481109
74484759
74504399
74504419
74459980
74454759
74454369
74455030
74499989
74491269
74492109
74501269
74505809
74504759
74501509
74429989
74421260
74424415
74423947
74449980
74441269
74441109
74431209
74431109
116600001
74434999
74435809
74674759
74434419
74431509
74439981
74439980
74939980
74435569
74431260
74434759
74434369
74644369
74469980
74804360
74474360
74494360
74694360
74434360
74919989
74084416
74195829
74565809
74725809
74265829
74975829
80212500
74984364
74985829
74855809
74641645
74567809
95052
95050
900206
900246
140159
78604360
900018
44141980
144024
44002090
44141150
44089990
140013
144110
44143350
44309980
44301060
44301920
44083570
44301940
44301150
44271980
15149984
15141094
15141004
15141001
15141050
15141014
15143332
141000
144002
140006
190578
190571
140510
190574
140610
190577
140189
44141010
44271010
44271940
140881
140014
140106
140206
140056
140066
140086
144008
144007
144017
141002
142061
141004
140389
96675940
96725880
96745880
96755880
96735880
40159990
50109980
280512
620138
40152080
40151060
40152430
40151330
40151940
40141060
37680203
18061765
18063765
18060765
97435840
SP801
750162
SP3800
750163
SP800
SP189
SP1900
SP2441
999410
83620
750164
750425
750014
750165
SP40034
750166
19295900
78402109
78409989
82020
231822
18066765
18065765
741727
292255
740082
740221
110212
613408
84045810
82381440
96725620
84105810
84125810
83009980
83005810
83009990
84025810
84021440
84029990
84024610
207900001
84021350
392710
82021350
620110
97285740
96745890
97051900
82165810
82161440
82164610
82065810
82061440
4066
82115810
82111350
82115480
82112720
82127939
82111440
180019
82075810
82071440
82074610
84035810
84034610
84031440
84039990
82151440
20592
620111
20262
20234
20342
82051440
82004610
82005810
82001440
97705830
95685620
82265810
82045810
82041440
82051441
82015810
82011350
82011440
82014610
84011350
84015810
84011440
84014610
11401
11411
11071
11081
11041
96755890
84005810
84001440
84009990
84004610
75005829
75001789
75109980
75004369
75124360
75014369
75189989
75319989
75084369
75015059
75015099
75111789
75155050
75151789
75089989
75219980
75011789
75059989
75021739
75051789
75055429
75081789
75251789
75069989
75099989
75119989
75045050
75039989
75035050
75031789
75139989
75049989
75041789
75051739
75079989
40099980
40091010
50060
50003
51012
77064360
77069983
77065133
77065643
77165143
77065143
77131503
77265829
31800
99915015
99915
99915012
410126
410116
410118
410117
410119
590005
906000
90601
906001
906003
90621
90619
906191
90612
90605
906051
90623
906231
90624
90611
906111
90620
906002
90605A
906052
90605B
906007
90627
90622
96384740
90200
920202
920230
220046
22PC15Z
97255700
84160
84241
84130
97103106
960PU40
960PU30
960PU31
960PU20
960PU37
960PU41
960PU43
30352
30353
94019981
30337015
30337
30348
94014891
34040
86692
903980
84203
82391
84571
84880
93232390
84291
84290
95138010
78482218
78484369
44521980
45032200
45101920
45201920
45213570
45004550
45001010
45001150
45001940
45009980
45111010
45014140
45011010
45011940
45031080
45001060
45011060
45011150
45001920
45111920
45011920
45021060
45031980
45011989
45011980
45019980
45039990
45019990
45035930
974660030
45031530
350245
190073
190084
190074
190064
190040
18071214
18071014
190550
410073
900805
598243
907508
50130123
50130125
20478
31810
10443690
23010000
990335
99034
20254
20235
20263
20233
741123
740226
97095
95190
369030
50512010
50512012
31932
50512011
80172010
83480
78844360
78144360
78944360
62010
62012
78134369
78014360
62080
78541649
78044369
78644369
78544369
95073
95072
83890
84370
84372
97415840
45041480
45041010
45043630
45049990
59
629180
610012
900200
144040
144050
144060
144085
190777
190134
190075
140035
140031
140251
190250
SP199
140048
140058
140068
140088
144004
18050762
18040762
19285900
920210
91400
91100
92200
84402
52021640
52023440
52025150
10012
52023430
40049980
40045930
40045490
40041010
40041060
STORA
410074
410180
420040
83590
50141034
31820
50141032
96001
50141036
96042
96022
83580
140811
144020
15041490
15049984
15041056
15043794
15043795
15041214
15041174
15041004
15051004
15043550
15043572
15041014
15041010
15043575
15043563
15041164
15041090
15043370
15044640
15043810
15041590
15041320
15041120
15043700
15041130
15041024
15045723
15041874
15041875
15041876
15043334
15042401
15041001
15042260
15041076
15071876
15045710
144010
15073794
15041002
15071004
15041876
15241014
143010
143021
148860
144011
141039
144039
141010
148013
144166
143184
143189
144165
142110
143100
143120
140130
143160
143002
144124
144205
144104
144121
144140
144168
144084
143140
144199
140102
140121
140141
140062
140301
141100
141104
141140
141160
141180
141181
144103
144123
144143
144171
144167
144083
144515
144029
140300
141032
141029
141031
141030
148010
144015
148981
140009
140072
207900013
907509
907100
390013
907512
905004
900030
900070
905002
905013
99999945
31686
9999985
99999981
9999984
9999982
430001
88000
91195
88060
31801
96310
920208
920222
22001
22005
22006
22000
22007
310543
94191241
907501
77129989
78511109
78519980
77119989
77289989
77115609
88030
82520
81090
625850
30222
560791
560570
30220
30221
79185829
79085829
71207
79234360
79134360
79001459
79004759
79011459
79011699
79014759
79011549
79015329
79011509
79041104
79021459
79024759
79025329
79021509
79051104
79075809
79031459
79034759
79061104
79031509
79035329
79011104
79021104
88130
100000006
100000001
906007
207900027
999025
88080
10291000
10293350
10293330
340999
620075
750051
85401
85166
91090111
91090123
91097466
4707
408720
15029980
15029990
143001
143144
143164
144160
144200
144120
144161
144180
144201
84591
929299
920260
901024
900005
19219980
190045
19211320
19213700
19211130
190088
71890
40069980
40061010
40061530
40061060
60029980
60021350
60024310
70236C
SP111B
63605
63603
63601
63604
63942
63602
97390
97444
97321
97673
88010
88012
96061
900001
84630
84971
84970
15223530
15223397
15221077
15224927
152237770
15234927
15223777
15223520
140081
140089
140053
140063
140067
140073
140064
140084
140055
140065
140085
140095
140042
140103
140043
140083
15221012
15221014
15221011
15221164
15221024
15225723
15421876
15221876
15222401
15221130
144030
144043
140125
140045
144151
144102
144111
144122
144141
144041
144052
144062
144072
144082
144092
144162
148871
15224636
44322090
44322030
44321300
44321010
44321060
207900010
44321150
44321980
44323350
44311010
44311060
44324430
15225710
140249
52011640
52013390
52013400
52019980
52014680
52011180
52011880
52011220
52011040
52011340
52311040
52015540
59021410
59024240
52011010
4097
96424740
128009
128010
99990
123456
TEST
31080
84660
450012
990305
920268
990306
920295
990307
920296
920297
920301
920302
920303
929304
84505
24150
56019980
56014590
56011180
56011220
56015290
56005540
207900002
56001010
56004020
56001880
56001360
56001220
56001250
56001180
66104310
56003390
101200001
56005180
66001770
66001010
56001340
56004800
310073
84481
84480
24230
430150
430152
191220
190049
742257
741011
799168
718364
799112
91PQ602
91PQ57
91PQ69
91PQ63
91PQ64
91PQ62
622568
625269
622515
612125
742212
754018
91PQ68
91PQ12
722642
623069
752700
724050
744005
744230
744205
744410
741054
799169
712210
741285
723625
744075
754015
722647
712206
754016
754012
749321
743024
722625
89102
80772400
80803580
80240
80360
80223
80017
76001109
540351
80018
80220
80021
80022
80020
80270
76095829
76005829
71204
81040
81050
76174369
76124360
76424360
76224360
76524360
76011450
76014170
76011459
76015809
76013479
76013489
76019980
76021109
76013499
76014750
76023479
76023489
76021459
76105239
76029989
76023499
76024210
76023480
76031109
76031459
76033470
76035239
76039989
76034529
76033499
76033479
76034979
76034369
76049989
76044529
76043479
76041500
76251699
76261699
76271699
76059989
76051739
76053479
76054369
76053509
76055239
76069989
76061739
76061109
76063479
76064362
76065239
76079989
76075452
76073479
76074369
76074362
76071649
76083479
76159989
76189989
76169989
76052112
76055372
76065372
96024
11500
96665880
31941
31951
31961
17131011
17131160
17139980
31840
50142
501421
501374
50137
906610
906887
501412
40171016
40171000
22080301
22080184
90738
50139795
50139
22080200
50141
31830
94332800
96544551
25431
10183860
10181070
10189980
10184490
10181140
10173760
10171070
10174650
10179980
10173350
10171080
10174490
10191145
10191070
10194490
10193350
10191140
10184830
10209980
10201680
10211720
10214830
10214980
10461000
10229980
10174830
10501680
10504810
10171050
10181050
10191050
40209980
40201010
40201060
140077
240341
174001
170011
170520
174170
170009
170006
174171
15101214
15109984
15103694
15103794
15101002
15101004
15111000
15111004
15101012
15103574
15101011
15101165
15101024
15101874
15111876
15103354
15103332
15103334
15101142
15101144
15103563
15101164
15101320
15101120
15101490
95160
7612
15101876
90282014
9028007
9028003
90280016
90280014
9028014
9028012
9028004
9028006
99999903
94104720
94184860
94154860
94164860
94094720
94124860
94114720
94134860
94174860
901343
98320480
98816000
9028017
96354740
84642
10030
19440034
84801
84800
33
84190
15209984
15203694
15203794
15203574
15205473
15201590
900035
48259980
48159999
48059980
480599809
18013790
18011010
48052080
10241050
10241370
10239980
10231680
10231840
10231050
10231370
10231000
10231020
10233350
10541020
144006
144099
18210789
18210788
182105
182102
182111
18211B
18212
18210B
18040109
18040988
18040105
18040102
1899180
18040104
18040101
181888
18188713
181885
180111
18188714
181897
181894NB
181895
18038
1803219
180321
1803217
1803211
180325
1803230
180323
1803225
18048A
180361
18049
18045
18035
1804776
18011T
180522
1818889
182014
182013
17857877
1820486
1820488
1820485
182044
1822814
18228G1
18228GZ
1822812
1822821
1822815
13209S
18220NB
1786378
1786379
1786377
18229N
18228N
1899176
18190
18304
183PE64
183PE64Z
181301
18107
18110789
181311
18131B
181119
18112
181303
18110789
18108
181811
1832980
1832227
18030
1832232
1832253
1832206
1832251
1832212
1832229
1832210
1832210H
1832204
1832233
183PE25
183PE30
183PE16
183PE20
183PE27
1832232Z
1832212
1832213
1832210
1832247
1832204
1838101
1832253Z
1832233Z
1832233
1832224Z
1832219Z
183224P
1832251
1832209Z
183PE16
18363
1811080
18111586
18066881
18228MI
18228TA
182293
1823506
18209T
18225
18229
182299
182292
18217
182191
180382
180383
180386
180387
1800114
18222734
18224444
1800194
18220A
18224885
182206
182208
182223
18222A
180381
1822467
18224757
18224756
1800115
1822680
1800113
1823073
1823067
18250TV1
18252
18265
18266
182602
182608
1822284
1823066
18259
18230999
1822286
1822287
17864986
18231
18204014
18204013
18204012
18205B
18204B
18228SB
182281
18228B
18230B
18215
1822980
18229B
1822978
96050
80773100
71201
DIESEL
805466
84221
80060
80063
80062
80061
78419969
78784529
78489980
78484520
78422179
78419980
78419986
78634369
78424369
10001056
41129350
42301146
99910
41501900
41664500
41405000
43210012
351000
351040
41218603
96705620
SP425
41303070
41548600
95695620
391036
391111
SP410
43410212
SP411
43400693
43400692
41800200
41800300
41800500
41800100
41800700
41611480
41799900
41800000
310029
41200899
311003
41312400
43400391
41200100
41200002
41200001
41350100
41611514
311777
311122
311048
SP4011
391990
43475021
311040
41218904
311121
43466621
971117598
41200300
41200120
41200800
41251060
971116598
43446678
97125740
41634100
43461240
48501000
43463001
311001
41850200
41742400
311030
311020
43400792
41602160
41602650
41200901
43488032
48305
43485321
43485361
41868500
41739836
43200011
42301143
43468032
SP400
43478101
43468172
43400132
311002
41800401
41800400
41422210
41497800
41249810
41549810
41723550
391030
41723850
41802010
391530
391122
SP413
41664600
41404000
41404004
41531030
SP4162
41829220
41544650
41561886
41618368
41887400
321001
321002
321122
321000
41161700
41501200
41161701
41161801
41161800
41501300
41161900
41161901
41163000
361812
11082
11420
43350213
SP415
41445930
48200000
41385500
41385900
41385000
48100000
48100001
96735620
41701262
361100
361140
11044
41320030
331001
41501030
41717970
43350712
381000
11070
41548850
97665880
41816550
96745620
41246400
41247300
41246500
41246100
41609020
SP450
41430180
41430160
11045
41816400
48000124
48000123
61009980
207900019
41501040
207900020
41350050
41350040
41117200
12340
12341
11050
11080
41548870
381030
11410
11460
41390400
41300150
41300140
41300152
41300151
41300000
341000
41739837
341122
11400
361162
SP4031
SP4030
11102
SP4032
11104
SP4033
41802110
41803118
362022
361106
361012
361146
361182
361202
41701260
361114
361118
361228
361149
361209
361249
360169
371000
43230013
11043
41564871
11042
11040
41640003
371122
361000
361001
361002
361003
361004
361280
41801000
41801300
41801200
41803900
41801401
41801600
41801601
41801801
41802001
41802300
41802022
41802400
41802100
41802024
41802600
41802800
41803200
41880110
41803400
41801500
31870
50131912
25250
350928
343140
610269
310600
320818
70000
85460
12100415
83430
10001066
11101407
12100222
13540408
13545406
13611606
13611610
14700410
15040000
17100513
18111041
18119402
18273280
20305041
21170270
23119999
24565468
29315000
37880501
5054
84081
41704200
620113
620112
620042
620043
620143
620044
622366
620114
620045
620115
620069
620046
620072
620067
620116
620115
620070
620057
620110
620105
620095
620097
620117
620047
620048
620111
620061
620053
620092
620101
620049
620063
620050
620074
40111010
40111060
40119980
140051
140061
140041
140071
140032
140044
41548910
121
110
67830100
61120202
63250130
64700100
410076
64700300
68957002
1121472
1121473
11210686
11210688
11210689
11210687
11190
11188
67308000
11123
11123
66950090
11122
65995000
65418060
63190070
68689370
68936094
11129
410078
104423
10442
62144704
1208955
1111B
61120021
61310500
90008
SP920
11218776
66966977
63340040
11208889
11212
11211
11208892
11208
11199E1
64175090
1121252
411674
90013
67140000
90004
11210682
11210675
11210683
11210679
11210680
1122231
112223C
1122242
68897000
11222591
11222589
11222587
11222592
64131092
64318000
410025
410079
410082
68191800
410096
64316000
11213
64308000
90012
11165
74157988
74157987
11157
64190093
11156801
64200094
64123451
11235
68888800
11230
11238
11227122
11231
11230
11227122
11229015
11231
90005
1117480
11173GZ
11172GZ
1102265
11172G1
11172G2
1117482
1117481
63314040
64700317
68151008
410083
64700700
410084
61528092
410085
410086
64200195
64200194
61286802
68990770
410087
62410076
62414057
62414046
62410020
62221207
62446040
62446160
62420050
410088
90014
11021996
11021330
11021017
11021012
11021016
11021206
62437040
1130414
1130416
11320A2
11342304
11304
1130457
1130415
11320A2
11342304
62418050
90006
62446170
90003
68180050
1116622
11161A
111612
11166D
410089
63340070
63347040
90015
61120020
1109911
1109910
63250040
11177013
11177016
11177012
11177015
111784
11114121
66597700
90002
410090
68585090
63336040
68956060
410091
74173
74172
63348040
410092
410092
112308
11191791
11191790
64151050
64151060
411864
11119
11240
11246
11245
11233
64140050
64140060
64175040
1121253
30119980
39306040
39302610
30219980
30216040
30189980
30186040
30049980
30149980
30139980
30159980
30154940
30152610
30202220
30196040
30199980
38276040
38279980
30175960
30122220
30161760
30009980
62417040
74160
74156
80225012
906522
86030
94907300
93507540
25551
94711100
906030
SP1050
98108004
SPV1052
SPV1055
SPV1053
99998
SAMPLES
457091
457103
453064
450081
91279955
20216
20218
79113004
79113112
20214S
457018
912779
79113225
79113111
79113000
140007
84055
84070
750120
83361
84452
22387890
93211216
93211226
62800
62801
62802
VOID
1365100
1330552
1316700
12000500
740224
148413
148408
198081
628311
628511
168002
138296
118350
168321
78204369
84501
86480
906032
86510
86500
920200
25251
24992
620124
620125
312025
25450
1242
71690
31921
84030
84641
30354
94000
410010
86110
78431619
78682609
78584369
78459989
78454369
78469969
78441619
84651
84011
50120
62070
51130
50170
12032670
12052670
50130
83210
93009980
190083
360049
52152960
52151010
91001530
390812
30020
40419980
289304
289100
40019980
40029980
40039980
40009980
399026
540350
153700005
52052960
52202960
52065540
52062960
52071850
52072960
52081850
61115390
61019980
61015390
61011770
61001770
61215390
61225390
72235648
451025
453110
72710001
451004
451010
451132
454103
451051
72710000
450255
450250
451022
420947
370007
370380
54043390
54055770
54049980
54041580
54041040
540099800
54059980
54053920
54054130
54053390
54061360
54051040
54051340
54055510
54009980
54011470
54009980
54003390
54001360
54011220
54003400
54001040
54001340
54035120
54031220
370006
54001220
54001220
54055930
54051640
54041640
54121470
54051580
54004610
54041010
54005110
54051360
54001640
54003610
54001010
54021340
54001470
54004930
54004590
54001280
54004870
54021220
540013400
54003410
54051010
930199800
54002960
64005390
64004310
64009200
64009980
64009980
64001640
450022
52191010
52184800
52181010
52141019
52181019
52191019
52264100
52093410
52094100
52299980
10007
10001
10001
52113610
52114680
52111470
52009980
52111280
52004870
52111290
52111220
52003430
52113410
52005290
52004620
52103610
52101280
52104620
52101890
52161470
52104100
52101290
52161220
52003410
52003390
52161010
52174930
52174100
10002
10003
25230
25220
24140
24241
91206
620126
19990001
12354
18102531
26405021
P118S5
95
31970
85241
80346
83330
80067
80066
80064
80065
501302
37029273
zt
CS138027
CS170339
CS17032K
86112
99506
CS122615
84320
31931
31930
9955385
9955386
9955602
9955604
9955387
ZVMSVO2
ZVMSVO5
ZVMSVO4
ZVMSVO1
ZVMSVO3
MKTTHM03
MKTTHM00
10416109
1397050
178615
22104L
13066064
13123026
11321400
