product_code,cluster,cluster_id,probability,product_description,brand,size
920207,-1,unclustered,0.0,#1 assorted meat box,#1,
184001,-1,unclustered,0.0,"#1 special trim, ch",#1,
89021,-1,unclustered,0.0,#2 tray ps white 8.25x5.75x1 75001429,#2,
89042,-1,unclustered,0.0,#4d tray white,#4d,
83323,-1,unclustered,0.0,*aroy-d * coconut milk only,*aroy-d,
53154,-1,unclustered,0.0,*fulton* pallet for delivery,*fulton*,
31311,-1,unclustered,0.0,*jerry only* ginger by pc,*jerry,
41254159,-1,unclustered,0.0,-,-,
13199427,-1,unclustered,0.0,.,.,
211711,-1,unclustered,0.0,/,/,
22654601,-1,unclustered,0.0,1,1,
62720,-1,unclustered,0.0,1-oz portion cup verde/green sticker,1-oz,
84600,-1,unclustered,0.0,1/6 large t - sacks,1/6,6 l
84610,-1,unclustered,0.0,1/8 medium t-sacks iedal,1/8,
70780,-1,unclustered,0.0,100-200 cooked pnd *pentgld*,100-200,
71570,-1,unclustered,0.0,110/130 pud usa 10/5#,110/130,
18130181,-1,unclustered,0.0,111,111,
620120,-1,unclustered,0.0,12-14 # hen turkey,12-14,
20480,-1,unclustered,0.0,12/1# longhorn hot link 35625,12/1#,
454050,-1,unclustered,0.0,12oz buffalo ribeye steaks-10#,12oz,12oz
57,-1,unclustered,0.0,12x22 vac,12x22,
41,-1,unclustered,0.0,12x6x14liners,12x6x14liners,14l
250366,-1,unclustered,0.0,13 farms berkshire pork tomahawk rack,13,
73820,-1,unclustered,0.0,13/15 ez peel white 10/2#,13/15,
72830,-1,unclustered,0.0,13/15 shirmp s/on 10/4# case,13/15,
71571,-1,unclustered,0.0,130/150 pud usa 10/5#,130/150,
410066,-1,unclustered,0.0,14-16oz frenched veal rib chop,14-16oz,16oz
144146,-1,unclustered,0.0,14oz choice kc strip stk,14oz,14oz
410140,-1,unclustered,0.0,14oz french veal rib chop,14oz,14oz
52,-1,unclustered,0.0,14x24 vac,14x24,
72011,-1,unclustered,0.0,16/20 p&d iqf tail on 5/2#,16/20,
72012,-1,unclustered,0.0,16/20 p&d white 10/2#,16/20,
54,-1,unclustered,0.0,16x20 vac,16x20,
48,-1,unclustered,0.0,17x18x vac,17x18x,
45,-1,unclustered,0.0,17x18x2o linrs,17x18x2o,
62730,-1,unclustered,0.0,1oz portion - lid*,1oz,1oz
13800500,-1,unclustered,0.0,2,2,
84110,-1,unclustered,0.0,2 oz lid ( 1.5/2oz ),2,2 oz
84091,-1,unclustered,0.0,2 oz portion cup clear *pac-link*,2,2 oz
84092,-1,unclustered,0.0,2 oz portion lid - pli 162 pac-link,2,2 oz
520023,-1,unclustered,0.0,2-3oz beer battered cod portio,2-3oz,3oz
84090,-1,unclustered,0.0,2-oz portion cup,2-oz,
72550,-1,unclustered,0.0,20# 71/90 iqf pnd 4/5#,20#,
620056,-1,unclustered,0.0,20031 beef smoked rope sausage,20031,
70300,-1,unclustered,0.0,21/25 s/ on *ocean garden* 30#,21/25,
1220,-1,unclustered,0.0,220 lunch meats,220,220 l
84410,-1,unclustered,0.0,222 rice stick-bun tuoi dac biet,222,
56,-1,unclustered,0.0,23/18/34 blue liners,23/18/34,
71050,-1,unclustered,0.0,26/30 p & d block 10/4#,26/30,
620032,-1,unclustered,0.0,2oz british bangers 10# bx,2oz,2oz
620057,-1,unclustered,0.0,2oz homemade bratwurst links,2oz,2oz
89103,-1,unclustered,0.0,2s meat tray white 8.25x5.75x.625,2s,
40,-1,unclustered,0.0,3.5/5.25 label,3.5/5.25,5.25 l
745123,-1,unclustered,0.0,"3/8"" diced ham-riverside","3/8""",
30200,-1,unclustered,0.0,3021 rex sole round 4l 800/1000,3021,4l
72081,-1,unclustered,0.0,31/35 p & d - (each) 4#,31/35,
72321,-1,unclustered,0.0,31/35 p&d t/off - america`s 5/2#,31/35,
72322,-1,unclustered,0.0,31/40 p&d t/off (10/2# ) seamazz 20#,31/40,
72330,-1,unclustered,0.0,31/40 pnd iqf shrimp 30gw/24nw rcky,31/40,30g
38210130,-1,unclustered,0.0,38301078,38301078,
310130,-1,unclustered,0.0,3oz fresh bnls/skls chicken brst,3oz,3oz
FEE,-1,unclustered,0.0,3rd party fee,3rd,
620051,-1,unclustered,0.0,4-1 all beef hot dogs,4-1,
620033,-1,unclustered,0.0,4-1 h.m. pre-cook italian link,4-1,
620662,-1,unclustered,0.0,4-1 ital.saus.link homemade,4-1,
620164,-1,unclustered,0.0,4-1 smoked andouillie sausage,4-1,
11014,-1,unclustered,0.0,4.5# duck buddhist (h/o f/o) blue,4.5#,
620058,-1,unclustered,0.0,4/1 h.m. smoked polish,4/1,
620059,-1,unclustered,0.0,4/1 hungarian smoked brat,4/1,
99995,-1,unclustered,0.0,404 a 24# bottle,404,
140241,-1,unclustered,0.0,4oz cho. philly stk.,4oz,4oz
520040,-1,unclustered,0.0,4oz cod loin 10# bx,4oz,4oz
85440,-1,unclustered,0.0,4oz cup - ys400 *pactiv*,4oz,4oz
85441,-1,unclustered,0.0,4oz flat lid-yls 3fr size f pactiv,4oz,4oz
590034,-1,unclustered,0.0,4oz flathead sole-origin pacific-10#,4oz,4oz
590304,-1,unclustered,0.0,4oz flounder-origin pacific-10#,4oz,4oz
62750,-1,unclustered,0.0,4oz portion - lid*,4oz,4oz
62740,-1,unclustered,0.0,4oz portion cup,4oz,4oz
190444,-1,unclustered,0.0,4oz special trim steak ribeye,4oz,4oz
88134,-1,unclustered,0.0,4s meat tray white 7.2 x 9.3 x.4 500ct,4s,500ct
22177240,-1,unclustered,0.0,5,5,
623897,-1,unclustered,0.0,5-1 bratwurst,5-1,
621032,-1,unclustered,0.0,5-1 lamb merguez sausage-12/12oz,5-1,1 l
550030,-1,unclustered,0.0,5-8ct canadian snow crab legs-30#,5-8ct,8ct
620558,-1,unclustered,0.0,5/1 h.m. smoked polish,5/1,
19990550,-1,unclustered,0.0,50% brisket trim,50%,
180034,-1,unclustered,0.0,50% frozen beef fat,50%,
70700,-1,unclustered,0.0,51/60 cooked shrimp t/off,51/60,
72630,-1,unclustered,0.0,51/60 p&d t/off -la fresh- 5/2#,51/60,
70250,-1,unclustered,0.0,51/60 shell on - s. america 10/4#,51/60,
905231,-1,unclustered,0.0,52/3.1oz rib shaped patty-cooked,52/3.1oz,3.1oz
720527,-1,unclustered,0.0,"527 cooked corned beef brisket, ressler",527,
720008,-1,unclustered,0.0,"555 corned beef flat, ressler",555,
11018,-1,unclustered,0.0,6# duck buddhist wog blue* 144-001,6#,
70760,-1,unclustered,0.0,61-70 cooked pdf golden sea,61-70,
70240,-1,unclustered,0.0,61/70 shell on-10/4# maximus sea,61/70,
144142,-1,unclustered,0.0,6oz cho ny strip stk spec trim,6oz,6oz
99999997,-1,unclustered,0.0,70# wax chicken boxes,70#,
70770,-1,unclustered,0.0,70-90 cooked white shrimp,70-90,
71260,-1,unclustered,0.0,70/90 peeled & deveined 10/4#,70/90,
190732,-1,unclustered,0.0,73/27 ground beef-frozen 24/2# excel,73/27,27 g
190731,-1,unclustered,0.0,73/27 ground beef-frozen 36/1# excel,73/27,27 g
450083,-1,unclustered,0.0,8 bone frenched elk rack,8,
52301220,-1,unclustered,0.0,"8 piece cut up, marinated pilgrim`s",8,
399810,-1,unclustered,0.0,8-10oz pheasant airline breasts,8-10oz,10oz
190801,-1,unclustered,0.0,80/20 ground beef-frozen 36/1#,80/20,20 g
83090,-1,unclustered,0.0,8134 lane sanpper wggs 2-3#,8134,8134 l
83470,-1,unclustered,0.0,8338 panda * 0yster sauce -rojo,8338,
164086,-1,unclustered,0.0,8oz choice ribeye steak,8oz,8oz
140119,-1,unclustered,0.0,8oz end cut ny strip steak,8oz,8oz
88144,-1,unclustered,0.0,8p meat tray white 8x10.5x1.1 200ct,8p,200ct
451047,-1,unclustered,0.0,90% lean wild boar trim,90%,
73550,-1,unclustered,0.0,90/110 peeled & deveined 40#,90/110,
71590,-1,unclustered,0.0,90/120 cold water prawns cooked,90/120,
72571,-1,unclustered,0.0,91/110 pud iqf 5/2#,91/110,
70560,-1,unclustered,0.0,91/110 pud shrimp gulf white 50#,91/110,
88782,-1,unclustered,0.0,9828b 2 cmpt. black.container 32oz,9828b,32oz
13651400,-1,unclustered,0.0,\x,\x,
AS,-1,unclustered,0.0,a,a,
620034,-1,unclustered,0.0,abbyland slicing summer 2pc,abbyland,
96041,-1,unclustered,0.0,ackee,ackee,
ADJ,-1,unclustered,0.0,adjustment,adjustment,
94084730,-1,unclustered,0.0,adobo para chorizo el gallo de oro 45#,adobo,
410034,-1,unclustered,0.0,advance 3oz pound veal cutlet,advance,3oz
410054,-1,unclustered,0.0,advance 5oz veal cutlets,advance,5oz
900076,-1,unclustered,0.0,advance ctry fried steak-3.8oz,advance,3.8oz
55663,-1,unclustered,0.0,airline bst 10z sngl t/in,airline,
83370,-1,unclustered,0.0,ajinomoto - m.s.g. (50#) red,ajinomoto,
740888,-1,unclustered,0.0,alexander hornung b-in half hams-50#,alexander,
81010,-1,unclustered,0.0,alexia whole potato rosemary/garlic,alexia,
920266,-1,unclustered,0.0,all filets,all,
6,-1,unclustered,0.0,all michigan tureky breast layer of 10,all,
920203,-1,unclustered,0.0,all occasions box,all,
10000001,-1,unclustered,0.0,all prices are subject to change,all,
920205,-1,unclustered,0.0,all steaks box,all,
78532109,-1,unclustered,0.0,"alligator meat, cleaned (12/1#)",alligator,
78539980,-1,unclustered,0.0,"alligator meat, cleaned (24/1#)",alligator,
450006,-1,unclustered,0.0,alligator-whole,alligator-whole,
22080182,-1,unclustered,0.0,allspice ground 16 oz,allspice,16 oz
22080217,-1,unclustered,0.0,allspice ground 5#,allspice,
96622900,-1,unclustered,0.0,"alpple pie 6/cs 10""",alpple,
85240,-1,unclustered,0.0,ameramelt cheese block,ameramelt,
84243,-1,unclustered,0.0,america medium grain rice 50# 02075,america,
85242,-1,unclustered,0.0,american cheese slices,american,
31000,-1,unclustered,0.0,american eggplant,american,
38173188,-1,unclustered,0.0,andouille 8/1 chicken sausage amylou,andouille,
86700,-1,unclustered,0.0,andouille sausage seasoning,andouille,
310140,-1,unclustered,0.0,anmar 4oz marinated b/s chicken breast,anmar,4oz
190303,-1,unclustered,0.0,anmar 4oz salisbury steak patties-10#,anmar,4oz
190313,-1,unclustered,0.0,anmar raw meatloaves-15#,anmar,
40172008,-1,unclustered,0.0,annato achiote paste 12/15-oz,annato,
31010,-1,unclustered,0.0,apple 88ct,apple,88ct
96531220,-1,unclustered,0.0,apple caramel chudleigh,apple,
83990,-1,unclustered,0.0,apple sauce sweetened - hunsty,apple,
720115,-1,unclustered,0.0,applegate precooked roast beef,applegate,
610001,-1,unclustered,0.0,applegate smoked turkey breast,applegate,
50140201,-1,unclustered,0.0,apples gransmith 72ct,apples,72ct
96404740,-1,unclustered,0.0,"arepa cheese, 2ct, mambo (12x14z)",arepa,2ct
80019,-1,unclustered,0.0,arln brst 10/12oz amish,arln,12oz
13159984,-1,unclustered,0.0,"arm portion b/in, (ch)",arm,
13153790,-1,unclustered,0.0,"arm portion bone in, black mountain (ch)",arm,
190067,-1,unclustered,0.0,armour 1/2oz meatballs-6/4# bags,armour,2oz
83321,-1,unclustered,0.0,aroy-d coconut milk for dessert,aroy-d,
31020,-1,unclustered,0.0,asparagus 11#,asparagus,
50133403,-1,unclustered,0.0,asparagus lrg 11#,asparagus,
520040,-1,unclustered,0.0,4oz cod loin 10# bx,4oz,4oz
420002,-1,unclustered,0.0,ausi brt lamb legs,ausi,
430105,-1,unclustered,0.0,aussie retail goat cubes,aussie,
420320,-1,unclustered,0.0,aust 32oz & up french lamb rack,aust,32oz
420260,-1,unclustered,0.0,aust.26/28oz french lamb rack,aust.26/28oz,28oz
620941,-1,unclustered,0.0,avli greek sausage,avli,
5051,-1,unclustered,0.0,b,b,
440150,-1,unclustered,0.0,b-in mutton cubes-15#,b-in,
620148,-1,unclustered,0.0,b-in smoked pork loin,b-in,
620069,-1,unclustered,0.0,b.park 5-1 all beef hot dog,b.park,
620169,-1,unclustered,0.0,b.park 6-1 all beef hot dog,b.park,
620070,-1,unclustered,0.0,b.park 8-1 all beef hot dogs,b.park,
44525240,-1,unclustered,0.0,"baby backribs 1.25, pork chefs choice",baby,
44622090,-1,unclustered,0.0,"baby backribs, pork amity",baby,
84650,-1,unclustered,0.0,baby corn cut 6/5,baby,
280140,-1,unclustered,0.0,"bac apple d.s., webster city, 14-18, 15#",bac,
33662008,-1,unclustered,0.0,back rib 3.3lb 2 pack,back,3.3lb
250125,-1,unclustered,0.0,"back rib peeled, wichita, 1.25#",back,
250020,-1,unclustered,0.0,"back rib, seaboard, #2",back,
240340,-1,unclustered,0.0,"back ribs 3-4 bone, berkshire",back,
82185810,-1,unclustered,0.0,"backfat salted cov, pork alex deli",backfat,
82181440,-1,unclustered,0.0,"backfat salted, pork belmont",backfat,
44341150,-1,unclustered,0.0,"backribs 2.5/up, pork seaboard",backribs,
44341570,-1,unclustered,0.0,"backribs 2/up, pork, 1pcvp peeled jasper",backribs,
17203334,-1,unclustered,0.0,"backribs beef, upper iowa (ch)",backribs,
44442080,-1,unclustered,0.0,"backribs, #2 pork dekalb","backribs,",
44343630,-1,unclustered,0.0,"backribs, 1/12 vac, pork pine ridge","backribs,",
44341980,-1,unclustered,0.0,"backribs, 2.5/up 1pc vp, pork smithfield","backribs,",
44341060,-1,unclustered,0.0,"backribs, 2/up (1pc) vp, pork indiana","backribs,",
17203694,-1,unclustered,0.0,"backribs, beef black aurora (ch)","backribs,",
44342080,-1,unclustered,0.0,"backribs, pork dekalb","backribs,",
50003390,-1,unclustered,0.0,"backs, chicken mountaire (40#)","backs,",
58011850,-1,unclustered,0.0,"backs, yellow chicken harrison (40#)","backs,",
920221,-1,unclustered,0.0,backyard bbq box,backyard,
13852,-1,unclustered,0.0,bacon *__,bacon,
37312105,-1,unclustered,0.0,bacon 13/17platter 15lb/cs - mariah,bacon,15lb
37312104,-1,unclustered,0.0,bacon 18/22 platter 15lb/cs - mariah,bacon,15lb
13853,-1,unclustered,0.0,bacon andy smk rib 25#,bacon,
13874BS,-1,unclustered,0.0,bacon andy-can-styl 20#,bacon,
290257,-1,unclustered,0.0,"bacon apple, wc hotel, d.s. 18-22",bacon,
290266,-1,unclustered,0.0,"bacon bits ckd, windy hill",bacon,
94219,-1,unclustered,0.0,bacon breakfast beef 12oz alsafa halal,bacon,12oz
290224,-1,unclustered,0.0,bacon canadian,bacon,
37255410,-1,unclustered,0.0,bacon canadian hof haus,bacon,
13879C,-1,unclustered,0.0,bacon celeb slab derind 4/7#-z,bacon,
907505,-1,unclustered,0.0,bacon cheddar mac and cheese,bacon,
1332147,-1,unclustered,0.0,bacon com slab-dr aw 32147 2/10#,bacon,
1332147,-1,unclustered,0.0,bacon com slab-dr aw 32147 2/10#,bacon,
134325,-1,unclustered,0.0,bacon com-can-styl 4325 4-7/2-4#-z,bacon,
13860154,-1,unclustered,0.0,bacon com-end/pcs-z aplw 6/5#,bacon,
232300,-1,unclustered,0.0,"bacon cooked, jones farm, 300ct, 4.7",bacon,300ct
290258,-1,unclustered,0.0,"bacon doub smoked, wc hotel, 12-14 (15#)",bacon,
290259,-1,unclustered,0.0,"bacon double smoked, 12-14 5#bx",bacon,
290260,-1,unclustered,0.0,"bacon double smoked, bell mills, 12/14",bacon,
290242,-1,unclustered,0.0,"bacon economy, pritzlaff, 15# l",bacon,
290650,-1,unclustered,0.0,"bacon ends & pieces, 6/5# box per case",bacon,
82331060,-1,unclustered,0.0,"bacon ends/pcs, indiana (30#)",bacon,
82331060,-1,unclustered,0.0,"bacon ends/pcs, indiana (30#)",bacon,
138PB351,-1,unclustered,0.0,bacon fml z 24/1#vp,bacon,
290226,-1,unclustered,0.0,bacon ground,bacon,
97095740,-1,unclustered,0.0,"bacon hardwood smkd, bar s (24/12oz)",bacon,12oz
13884BS,-1,unclustered,0.0,bacon hof-can-styl 4/4#,bacon,
290256,-1,unclustered,0.0,"bacon honey jalapeno, wc, 14-18",bacon,
290265,-1,unclustered,0.0,"bacon hotelpak, pritzlaff, 18-2",bacon,
236483,-1,unclustered,0.0,"bacon hri, daily`s 18-22",bacon,
1380285,-1,unclustered,0.0,bacon ind-prem sl18-22 80508 pl 15#,bacon,
13887S,-1,unclustered,0.0,bacon ind-slab r/on sl10 80204 15#,bacon,
37880129,-1,unclustered,0.0,bacon indiana 10/14 layout,bacon,14 l
13802014,-1,unclustered,0.0,bacon jones sl09-11 33595 lf 15#,bacon,33595 l
920234,-1,unclustered,0.0,bacon lovers dream,bacon,
97105740,-1,unclustered,0.0,"bacon low s hardwood smkd, bar s 24/12oz",bacon,12oz
138309,-1,unclustered,0.0,bacon mar sl13-17 3318 pl16/1.5#,bacon,
138325,-1,unclustered,0.0,bacon mar sl18-22-03327-z 15#,bacon,
138871,-1,unclustered,0.0,bacon nea-slab r/on sl10 80204 25#,bacon,
13830483,-1,unclustered,0.0,bacon nueske sl16-20 2174 2/5#,bacon,
290137,-1,unclustered,0.0,"bacon pecan, hormel, 13-17ct",bacon,17ct
13830482,-1,unclustered,0.0,bacon peer sl14-18 20001 pl10/12-oz,bacon,
138027,-1,unclustered,0.0,bacon peer sl14-18 pl (cozy corner),bacon,
1387430,-1,unclustered,0.0,bacon peer-can-styl slcd 12/1.5#-z,bacon,
290253,-1,unclustered,0.0,"bacon pepper, w.c., 14-18, 15#",bacon,
18064765,-1,unclustered,0.0,bacon platter ranch smith packing (25lb),bacon,25lb
82311060,-1,unclustered,0.0,"bacon platter thick sliced, 10-14ct 15#",bacon,14ct
290300,-1,unclustered,0.0,"bacon preckd, jimmy dean, 300ct",bacon,300ct
1387482,-1,unclustered,0.0,bacon rose-can-styl 400101,bacon,
37880503,-1,unclustered,0.0,bacon single slice 18/22 80503,bacon,
290249,-1,unclustered,0.0,"bacon slab, 9-11# avg derind",bacon,
292171,-1,unclustered,0.0,"bacon sliced applewood, dailys, 13-15ct",bacon,15ct
290251,-1,unclustered,0.0,"bacon sliced, top value, 24/1#",bacon,
97155740,-1,unclustered,0.0,"bacon thick applewood smkd, bar s 24/12z",bacon,
97115740,-1,unclustered,0.0,"bacon thick hardwood smkd, bar s 24/12oz",bacon,12oz
13832015,-1,unclustered,0.0,bacon thm-pre-cooked-z #12500,bacon,
14006,-1,unclustered,0.0,bacon trky jennie o 12#,bacon,
138941,-1,unclustered,0.0,bacon web-slab derind aw 2/14#,bacon,
37999101,-1,unclustered,0.0,"bacon, applegate, sunday natural","bacon,",
290261,-1,unclustered,0.0,"bacon, bell mills, 18-22","bacon,",
37215268,-1,unclustered,0.0,"bacon, jones 9-11","bacon,",
37951252,-1,unclustered,0.0,"bacon, natural choice hormel 13-17","bacon,",
82739990,-1,unclustered,0.0,"bacon, sliced hardw smkd moesle (10#)","bacon,",
290252,-1,unclustered,0.0,"bacon, top value, 15/1#","bacon,",
290254,-1,unclustered,0.0,"bacon, w.c. hotel, 1# cov pkg","bacon,",
290255,-1,unclustered,0.0,"bacon, w.c. hotel, d.s. 7-9","bacon,",
37880103,-1,unclustered,0.0,"bacon,18/22 indiana lay -out","bacon,18/22",
37181340,-1,unclustered,0.0,"bacon,beef ends and pcs","bacon,beef",
104306,-1,unclustered,0.0,bacon-beef devanco slc hal 10#-z,bacon-beef,
104308,-1,unclustered,0.0,bacon-beef slab-z city food 3/7#,bacon-beef,
104315,-1,unclustered,0.0,bacon-beef slcd-z smk hal bea,bacon-beef,
13955008,-1,unclustered,0.0,bacon-chkn amy uc hkry smkd-12/8-oz,bacon-chkn,
13857A,-1,unclustered,0.0,bacon-end/pcs-z mar-3367 8/3#,bacon-end/pcs-z,
14005,-1,unclustered,0.0,bacon-trky oscar mayer 54860 12#,bacon-trky,
13860140,-1,unclustered,0.0,bacon-z$ bigbuy sl#2 60140 24/1#,bacon-z$,
13860145,-1,unclustered,0.0,bacon-z$ bigbuy sl#2 60145 lf 15#,bacon-z$,60145 l
13860320,-1,unclustered,0.0,bacon-z$ bigbuy sl#2 pepper 24/1#,bacon-z$,
1302222,-1,unclustered,0.0,bacon-z$ clm sl10-12 15# platter,bacon-z$,
13750D,-1,unclustered,0.0,bacon-z$ daily sl.5-in 37750 lf 15#,bacon-z$,37750 l
13832407,-1,unclustered,0.0,bacon-z$ daily-apl p32407 24/1#,bacon-z$,
13832410,-1,unclustered,0.0,bacon-z$ daily-chr p32410 24/1#,bacon-z$,
13832413,-1,unclustered,0.0,bacon-z$ daily-hky p32413 24/1#,bacon-z$,
13832309,-1,unclustered,0.0,bacon-z$ daily-pep p32309 24/1#,bacon-z$,
13845103,-1,unclustered,0.0,bacon-z$ om-02132# 12/16-oz 12#,bacon-z$,
994979,-1,unclustered,0.0,bag paper sandwch 1000ct thumann,bag,1000ct
99497B,-1,unclustered,0.0,bag paper sandwch 12x15 1000ct,bag,1000ct
99491,-1,unclustered,0.0,bag t-shirt 500-1000ct,bag,1000ct
18416356,-1,unclustered,0.0,bagel dog cocktail franks vienna #16356,bagel,
52024710,-1,unclustered,0.0,"baking hen (gallina) 6 hd, southern hens",baking,
52121640,-1,unclustered,0.0,"baking hen (gallina) frzn, kikiri",baking,
82330,-1,unclustered,0.0,baking powder 10lbx4 *hill top*,baking,10lb
82300,-1,unclustered,0.0,baking powder 4/10# *eagle*,baking,
82570,-1,unclustered,0.0,baking soda 1lbx24 *hearth club*,baking,1lb
207900018,-1,unclustered,0.0,"ball park beef franks, 5:1, 6"", (2/5lb)",ball,5lb
144021,-1,unclustered,0.0,"ball tip, ch, 2up, cs lo",ball,
146020,-1,unclustered,0.0,"ball tip, no roll, 2up, cs lot",ball,
15191001,-1,unclustered,0.0,"ball-tip bnls, greateromaha (prime)",ball-tip,
83300,-1,unclustered,0.0,bamboo chopsticks white envelope,bamboo,
82310,-1,unclustered,0.0,bamboo shoots - diced,bamboo,
82370,-1,unclustered,0.0,bamboo shoots - sliced - vesin,bamboo,
82320,-1,unclustered,0.0,bamboo shoots halves,bamboo,
82360,-1,unclustered,0.0,"bamboo skewer - 8"" -200 mm",bamboo,
82350,-1,unclustered,0.0,"bamboo skewer 3.0x150mm -6"" 6""only",bamboo,
82380,-1,unclustered,0.0,bamboo strips 6/5,bamboo,
31100,-1,unclustered,0.0,banana,banana,
50120146,-1,unclustered,0.0,bananas yellow plaintain 50#,bananas,
909091,-1,unclustered,0.0,bang bang broccoli-12#,bang,
85390,-1,unclustered,0.0,banh pho noodle (l) - *erawan* red,banh,
85380,-1,unclustered,0.0,banh pho noodle (m)*erawan*green,banh,
85370,-1,unclustered,0.0,banh pho noodle (s) *erwan* blue,banh,
85400,-1,unclustered,0.0,banh pho noodle- xl *erwan* brown,banh,
900247,-1,unclustered,0.0,barber chicken kiev-24/7oz,barber,7oz
900407,-1,unclustered,0.0,barber homestyl chicken kiev-36/4oz,barber,4oz
620071,-1,unclustered,0.0,bars 8/1 bunlength wiener 24#,bars,
84460,-1,unclustered,0.0,bathroom tissues 96 counts,bathroom,96 count
901091,-1,unclustered,0.0,battered cauliflower wings-4/3#,battered,
85070,-1,unclustered,0.0,battered corn nuggets 6/2,battered,
900094,-1,unclustered,0.0,"battered onion rings 1/4""",battered,
83313,-1,unclustered,0.0,bay leaf (1#/bag),bay,
83312,-1,unclustered,0.0,bay leaf - 55#/case,bay,
94109,-1,unclustered,0.0,bay leaves 1#,bay,
718753,-1,unclustered,0.0,bb turkey ham 20% - 2 per case,bb,
710014,-1,unclustered,0.0,bball turkey pastrami,bball,
610002,-1,unclustered,0.0,bball turkey smkoke sausage,bball,
920269,-1,unclustered,0.0,bbq box,bbq,
82341060,-1,unclustered,0.0,"bcn slicd platter, 18-22ct ind #80104(30",bcn,22ct
82341060,-1,unclustered,0.0,"bcn slicd platter, 18-22ct ind #80104(30",bcn,22ct
82361060,-1,unclustered,0.0,"bcn slicd rind on,10-14ct ind #80204(15#",bcn,14ct
82311060,-1,unclustered,0.0,"bacon platter thick sliced, 10-14ct 15#",bacon,14ct
31150,-1,unclustered,0.0,bean sprout (10#),bean,
50141021,-1,unclustered,0.0,bean sprout 10#,bean,
31151,-1,unclustered,0.0,bean sprouts 1#/25 bags/case,bean,
SPV1054,-1,unclustered,0.0,bean&ch burrito-4.5oz 96pc 27#,bean&ch,4.5oz
96324740,-1,unclustered,0.0,"beans baby lima, mambo (6x2#)",beans,
97215600,-1,unclustered,0.0,beans baked can,beans,
40400,-1,unclustered,0.0,beef 0x1 strip nr 10-14 *palo duro*,beef,
42100,-1,unclustered,0.0,beef 90% imported bnls beef,beef,
34097,-1,unclustered,0.0,beef and lamb gyro cone 1/20,beef,
42603,-1,unclustered,0.0,beef angus gold chuckroll,beef,
42604,-1,unclustered,0.0,beef angus gold chuckroll halal,beef,
45303,-1,unclustered,0.0,beef angus gold eye of round,beef,
45304,-1,unclustered,0.0,beef angus gold eye of round halal,beef,
41603,-1,unclustered,0.0,beef angus gold knuckle,beef,
41604,-1,unclustered,0.0,beef angus gold knuckle halal,beef,
46703,-1,unclustered,0.0,"beef angus gold xt clod 1/4""",beef,
46704,-1,unclustered,0.0,"beef angus gold xt clod 1/4"" halal",beef,
41304,-1,unclustered,0.0,beef angus gold xt inside round halal,beef,
SP1314,-1,unclustered,0.0,beef b/i ribeye -choice 20 oz*,beef,20 oz
SP1321,-1,unclustered,0.0,beef b/i ribeye steak ch 22oz*,beef,22oz
49030,-1,unclustered,0.0,beef back rib cov ibp/national,beef,
49030,-1,unclustered,0.0,beef back rib cov ibp/national,beef,
160002,-1,unclustered,0.0,beef back ribs as is,beef,
12941000,-1,unclustered,0.0,beef back ribs cut to weigh 1 1/2 dwn,beef,
12940000,-1,unclustered,0.0,beef back ribs whole -creekstone,beef,
160006,-1,unclustered,0.0,"beef back ribs, split",beef,
12990000,-1,unclustered,0.0,beef back spare ribs,beef,
160005,-1,unclustered,0.0,"beef back spareribs, split",beef,
13800102,-1,unclustered,0.0,beef ball tip 2 up,beef,
13802713,-1,unclustered,0.0,beef ball tip steak,beef,
13801410,-1,unclustered,0.0,beef ball tip steak choice 10oz,beef,10oz
13801416,-1,unclustered,0.0,beef ball tip steak choice 16oz,beef,16oz
13801505,-1,unclustered,0.0,beef ball tip steak choice angus 5oz,beef,5oz
144023,-1,unclustered,0.0,"beef ball tip, diced, 0.5"" 2/5# pk",beef,
144019,-1,unclustered,0.0,"beef ball tip, diced, 1"" 2/5# pk",beef,
44003,-1,unclustered,0.0,beef ball tips *palo duro*,beef,
44002,-1,unclustered,0.0,beef ball tips 2 up,beef,
44300,-1,unclustered,0.0,beef ball tips ibp ch,beef,
43340,-1,unclustered,0.0,beef balls 30/8oz *venus*,beef,8oz
42190,-1,unclustered,0.0,beef banana shank *fc beef* bnls fz,beef,
14240502,-1,unclustered,0.0,beef bell knuckle choice (ui),beef,
190037,-1,unclustered,0.0,beef bench trim,beef,
34094,-1,unclustered,0.0,beef bites 32oz,beef,32oz
42901,-1,unclustered,0.0,beef bone center cut femur paloduro,beef,
40380,-1,unclustered,0.0,beef bone-in ribeye tomahawk,beef,
11000001,-1,unclustered,0.0,beef boneless chuck 2pc,beef,
1000002,-1,unclustered,0.0,beef boneless clod xt cmb,beef,
12410406,-1,unclustered,0.0,beef boneless rib cap meat choice 6oz,beef,6oz
12410400,-1,unclustered,0.0,beef boneless rib cap meat prime,beef,
12400400,-1,unclustered,0.0,beef boneless rib lifter meat choice,beef,
41580,-1,unclustered,0.0,beef boneless short rib ibp,beef,
42920,-1,unclustered,0.0,beef bones - whole,beef,
19150001,-1,unclustered,0.0,beef bones cut anmar 50# cw,beef,
19100006,-1,unclustered,0.0,"beef bones cut pipe bones 6""",beef,
19100007,-1,unclustered,0.0,"beef bones cut pipe bones 7""",beef,
19110001,-1,unclustered,0.0,beef bones cut-knuckles only,beef,
19110013,-1,unclustered,0.0,"beef bones cut-pipe bones 3""",beef,
180015,-1,unclustered,0.0,beef bones meaty,beef,
15441,-1,unclustered,0.0,beef bones nichalas#,beef,
42900,-1,unclustered,0.0,beef bones soup - cut 21135,beef,
180023,-1,unclustered,0.0,"beef bones, custom smoked",beef,
180013,-1,unclustered,0.0,"beef bones, local grass fed",beef,
43330,-1,unclustered,0.0,beef bottom round flat,beef,
30371,-1,unclustered,0.0,beef bottom round flat ch gop,beef,
43331,-1,unclustered,0.0,beef bottom round flat ibp,beef,
43870,-1,unclustered,0.0,beef bottom sirloin tri tip ch angs,beef,
15000500,-1,unclustered,0.0,beef brisket 120 choice (ui),beef,
15000910,-1,unclustered,0.0,beef brisket 120 choice light,beef,
15000400,-1,unclustered,0.0,beef brisket 120 choice-ibp,beef,
40367,-1,unclustered,0.0,beef brisket ad code,beef,
SP121,-1,unclustered,0.0,beef brisket choice*,beef,
15100500,-1,unclustered,0.0,beef brisket flat angus choice,beef,
41700,-1,unclustered,0.0,beef brisket flat choice,beef,
41710,-1,unclustered,0.0,beef brisket fresh *palo duro*,beef,
41710,-1,unclustered,0.0,beef brisket fresh *palo duro*,beef,
10171072,-1,unclustered,0.0,beef brisket fully cooked -vienna-21400,beef,
15280000,-1,unclustered,0.0,beef brisket pastrami vienna,beef,
41723,-1,unclustered,0.0,beef brisket points,beef,
41720,-1,unclustered,0.0,beef brisket points fzn *palo duro*,beef,
19090000,-1,unclustered,0.0,beef brisket points raw,beef,
15000800,-1,unclustered,0.0,beef brisket wagyu 4/5,beef,
40368,-1,unclustered,0.0,beef brisket waygu creekstone,beef,
41770,-1,unclustered,0.0,beef brisket }fc beef{ mex frozen,beef,
118003,-1,unclustered,0.0,"beef brisket, imported wagyu, bms 3",beef,
18200301,-1,unclustered,0.0,beef btft,beef,
41220,-1,unclustered,0.0,beef btm sirl flap meat star ranch angus,beef,
18100808,-1,unclustered,0.0,beef burger kobe-8oz 10# case,beef,8oz
94700,-1,unclustered,0.0,beef burger patties halal,beef,
18134610,-1,unclustered,0.0,beef burger prime 10 oz 77/23,beef,10 oz
18119002,-1,unclustered,0.0,beef burger slider -2oz,beef,2oz
4047,-1,unclustered,0.0,beef butt tenderloin,beef,
19202000,-1,unclustered,0.0,beef cachett de res american,beef,
19192620,-1,unclustered,0.0,beef casings 50/55,beef,
19202620,-1,unclustered,0.0,beef casings 55/60,beef,
40367,-1,unclustered,0.0,beef brisket ad code,beef,
43870,-1,unclustered,0.0,beef bottom sirloin tri tip ch angs,beef,
SP135,-1,unclustered,0.0,beef ch skirt stk-outr peeled*,beef,
44200,-1,unclustered,0.0,beef ch xt top butt,beef,
37584,-1,unclustered,0.0,beef ch xt top butt cc gop,beef,
190602,-1,unclustered,0.0,"beef cheak meat, 60#",beef,
190310,-1,unclustered,0.0,"beef cheek meat, 3-10# cs",beef,
19200000,-1,unclustered,0.0,beef cheek meat-60lb cs,beef,60lb
190010,-1,unclustered,0.0,"beef chili, bg, 2/10#",beef,
48310,-1,unclustered,0.0,beef choice chuck blade,beef,
19009400,-1,unclustered,0.0,beef choice chuck roll for taco meat,beef,
140333,-1,unclustered,0.0,"beef choice tenderloin drop filet, 3oz",beef,3oz
19010001,-1,unclustered,0.0,beef chopped steak 80/20,beef,
11000502,-1,unclustered,0.0,beef chuck 2pc angus,beef,
11000202,-1,unclustered,0.0,beef chuck 2pc nr evp,beef,
11001302,-1,unclustered,0.0,beef chuck 2pc select,beef,
11100500,-1,unclustered,0.0,beef chuck clod choice xt hearts,beef,
11100201,-1,unclustered,0.0,beef chuck clod nr xt,beef,
11100600,-1,unclustered,0.0,beef chuck clod prime,beef,
11100300,-1,unclustered,0.0,beef chuck clod select,beef,
11400400,-1,unclustered,0.0,beef chuck clod tender choice,beef,
11400200,-1,unclustered,0.0,beef chuck clod tender nr,beef,
11110401,-1,unclustered,0.0,beef chuck clods choice cut 1/2 inch,beef,
11320400,-1,unclustered,0.0,beef chuck flap tail choice,beef,
11300800,-1,unclustered,0.0,beef chuck flap tail wagyu,beef,
43050,-1,unclustered,0.0,beef chuck neck bones,beef,
190861,-1,unclustered,0.0,"beef chuck patty, 80/20, 5oz",beef,5oz
11910000,-1,unclustered,0.0,beef chuck pectoral meat choice,beef,
11200010,-1,unclustered,0.0,beef chuck ribletts excel 10428,beef,
11399000,-1,unclustered,0.0,beef chuck roast 6lb,beef,6lb
13116,-1,unclustered,0.0,"beef chuck roll cab gop 1/4"" n\off",beef,
11200600,-1,unclustered,0.0,beef chuck roll prime,beef,
42620,-1,unclustered,0.0,beef chuck roll xt star ranch angus,beef,
11200500,-1,unclustered,0.0,beef chuck roll-neckoff choice (ui),beef,
11202012,-1,unclustered,0.0,"beef chuck roll-neckoff cut 1.5 x 1.5""",beef,
11202018,-1,unclustered,0.0,"beef chuck roll-neckoff sliced 1/8 """,beef,
11100400,-1,unclustered,0.0,beef chuck rolls/ clods prime,beef,
48400,-1,unclustered,0.0,beef chuck semi-bnls (arm) n/off,beef,
11310500,-1,unclustered,0.0,beef chuck short ribs (ui),beef,
11310510,-1,unclustered,0.0,beef chuck short ribs (ui)-pack 1per,beef,
11311414,-1,unclustered,0.0,beef chuck short ribs 14 oz long bone,beef,14 oz
11310422,-1,unclustered,0.0,"beef chuck short ribs bone in 1.5 x 1.5""",beef,
11321440,-1,unclustered,0.0,beef chuck short ribs choice boneless,beef,
41500,-1,unclustered,0.0,beef chuck shortrib (4 bone),beef,
30332,-1,unclustered,0.0,beef chuck shortrib ch gop,beef,
48500,-1,unclustered,0.0,beef chuck tender,beef,
11400510,-1,unclustered,0.0,beef chuck tender choice ind pack,beef,
48501,-1,unclustered,0.0,beef chuck tender ibp,beef,
11600400,-1,unclustered,0.0,beef chuck tender scotties choice,beef,
11600404,-1,unclustered,0.0,beef chuck tender steak choice 4oz,beef,4oz
11600408,-1,unclustered,0.0,beef chuck tender steak choice 8oz,beef,8oz
11403400,-1,unclustered,0.0,beef chuck tenderloin choice,beef,
11101490,-1,unclustered,0.0,beef chuck top blade choice,beef,
11101300,-1,unclustered,0.0,beef chuck top blade choice (ui),beef,
11500404,-1,unclustered,0.0,beef chuck under blade (denver cut),beef,
48500,-1,unclustered,0.0,beef chuck tender,beef,
11300408,-1,unclustered,0.0,beef chuckflap bnls choice 8oz,beef,8oz
11401009,-1,unclustered,0.0,"beef chunks (teres major) 1 1/2""",beef,
42610,-1,unclustered,0.0,beef clod blade rollstock (patio steak),beef,
42608,-1,unclustered,0.0,beef clod choice (flat iron out),beef,
42609,-1,unclustered,0.0,beef clod select (flat iron out),beef,
15110000,-1,unclustered,0.0,beef corned briskets cooked-18919,beef,
15122002,-1,unclustered,0.0,beef corned briskets raw-2 pc /cs,beef,
15124335,-1,unclustered,0.0,beef corned briskets raw-box,beef,
15126100,-1,unclustered,0.0,beef corned cooked,beef,
15110100,-1,unclustered,0.0,beef corned flat round cooked,beef,
15110101,-1,unclustered,0.0,beef corned round cooked vienna,beef,
15110200,-1,unclustered,0.0,beef corned sliced cooked,beef,
SP126,-1,unclustered,0.0,beef corned*,beef,
44215,-1,unclustered,0.0,beef coulotte choice(butt cap),beef,
43312,-1,unclustered,0.0,beef cow cheek meat +palo duro+ 60#,beef,
12000412,-1,unclustered,0.0,beef cowboy cut rib choice angus,beef,
12000612,-1,unclustered,0.0,beef cowboy cut rib prime,beef,
190035,-1,unclustered,0.0,"beef crumbles precooked, 15#",beef,
190036,-1,unclustered,0.0,"beef crumbles quality ckd, 40#",beef,
190025,-1,unclustered,0.0,"beef cube in brown sauce, ckd",beef,
19510008,-1,unclustered,0.0,beef cube steak top butt 8oz,beef,8oz
19530001,-1,unclustered,0.0,beef cut for stir fry,beef,
19530000,-1,unclustered,0.0,beef cut for stroganoff,beef,
19500002,-1,unclustered,0.0,beef cut for stroganoff-tenderloin,beef,
15000418,-1,unclustered,0.0,beef denver steaks 10oz,beef,10oz
19550000,-1,unclustered,0.0,beef dried bresaola,beef,
907801,-1,unclustered,0.0,beef empanada,beef,
45350,-1,unclustered,0.0,beef eye of round *palo duro* only,beef,
45300,-1,unclustered,0.0,beef eye of round choice,beef,
30271,-1,unclustered,0.0,beef eye of round choice gop halal,beef,
45301,-1,unclustered,0.0,beef eye of round ibp choice,beef,
SP1231,-1,unclustered,0.0,beef eye rounds ch*,beef,
19541000,-1,unclustered,0.0,beef fajita meat choice,beef,
194085,-1,unclustered,0.0,"beef fajita strip, 2/5#",beef,
13802714,-1,unclustered,0.0,"beef fajita strips 1/4"" x 1/4"" x3""",beef,
82171250,-1,unclustered,0.0,beef fajita strips full ckd season (10#),beef,
19980002,-1,unclustered,0.0,beef fat- rendered (tallow),beef,
19980000,-1,unclustered,0.0,beef fat-suet,beef,
180006,-1,unclustered,0.0,beef feet cut 6pc,beef,
90114,-1,unclustered,0.0,beef feet gop 30#,beef,
80114,-1,unclustered,0.0,beef feet gop 30# halal,beef,
42980,-1,unclustered,0.0,beef femur bones center cut liffey,beef,
42950,-1,unclustered,0.0,beef femur bones cut w/meat //ibp//,beef,
19100003,-1,unclustered,0.0,beef femur c/c bone,beef,
10159980,-1,unclustered,0.0,beef femur/knuckles bones,beef,
13515006,-1,unclustered,0.0,beef fillet peeled 6oz-choice,beef,6oz
40083,-1,unclustered,0.0,beef flank steak *i.b.p.*frozen !!,beef,
40830,-1,unclustered,0.0,beef flank steak //ibp//ch angus,beef,
17101512,-1,unclustered,0.0,beef flank steak choice 12oz,beef,12oz
17101405,-1,unclustered,0.0,beef flank steak choice 5oz,beef,5oz
17101406,-1,unclustered,0.0,beef flank steak choice 6oz,beef,6oz
17100515,-1,unclustered,0.0,beef flank steak choice angus 10lb/cs,beef,10lb
17100514,-1,unclustered,0.0,beef flank steak use 17100515,beef,
17100200,-1,unclustered,0.0,beef flank steak utility,beef,
41400,-1,unclustered,0.0,"beef flank, rough flank- frozen pd",beef,
41270,-1,unclustered,0.0,beef flap meat -su karne- mex,beef,
41220,-1,unclustered,0.0,beef btm sirl flap meat star ranch angus,beef,
14449000,-1,unclustered,0.0,beef flat eye denuded,beef,
11111407,-1,unclustered,0.0,beef flat iron 7oz,beef,7oz
154120,-1,unclustered,0.0,"beef flats, ch, 8-12#avg",beef,
154080,-1,unclustered,0.0,"beef flats, ch, cs, 8-12#avg",beef,
170001,-1,unclustered,0.0,"beef flats, grass run farms, ch",beef,
83780,-1,unclustered,0.0,beef flavor paste 490115 *por kwan*,beef,
190034,-1,unclustered,0.0,"beef for fajitas, eddy raw, 10#",beef,
19007012,-1,unclustered,0.0,beef for peppersteak sliced,beef,
19007412,-1,unclustered,0.0,beef for peppersteak sliced choice,beef,
19007624,-1,unclustered,0.0,beef for peppersteak sliced prime 2-4 oz,beef,4 oz
19840001,-1,unclustered,0.0,beef for stewing,beef,
19008400,-1,unclustered,0.0,beef for stewing choice,beef,
190210,-1,unclustered,0.0,"beef for stir fry, 2/10#",beef,
19009000,-1,unclustered,0.0,beef for taco meat,beef,
19009100,-1,unclustered,0.0,beef for taco meat cvp,beef,
18480051,-1,unclustered,0.0,beef franks 5/1 leons,beef,1 l
18480071,-1,unclustered,0.0,beef franks 6/1 leons,beef,1 l
97605880,-1,unclustered,0.0,"beef franks jumbo, scott pete (16/14z)",beef,
18481001,-1,unclustered,0.0,beef franks mini vienna pups,beef,
18488051,-1,unclustered,0.0,beef franks wagyu 5/1,beef,
43335,-1,unclustered,0.0,beef gooseneck btm round,beef,
190211,-1,unclustered,0.0,"beef goulash, 2/10# pkg",beef,
19971000,-1,unclustered,0.0,beef gravy au jus gallon,beef,
990610,-1,unclustered,0.0,beef gravy-canned,beef,
18200012,-1,unclustered,0.0,beef ground,beef,
18200015,-1,unclustered,0.0,"beef ground 1"" lifter meat-choice",beef,
18100600,-1,unclustered,0.0,beef ground 1# roll stock,beef,
18104021,-1,unclustered,0.0,beef ground 70-30% pork,beef,
18273230,-1,unclustered,0.0,beef ground 73 lean -cvp 10lb bags,beef,73 l
18200101,-1,unclustered,0.0,beef ground 80/20 1# roll stock,beef,
18200106,-1,unclustered,0.0,beef ground 80/20 10# cvp halal,beef,
18200400,-1,unclustered,0.0,beef ground 80/20 frozen-1lb rs,beef,1lb
190039,-1,unclustered,0.0,"beef ground 80/20, 10/1#",beef,
18260001,-1,unclustered,0.0,beef ground 81/19 60 lb cs go,beef,60 lb
18260002,-1,unclustered,0.0,beef ground 81/19 fresh pattie mix,beef,
190020,-1,unclustered,0.0,"beef ground 85%, organic prairie",beef,
18230008,-1,unclustered,0.0,beef ground 8oz frz,beef,8oz
18260003,-1,unclustered,0.0,beef ground 90% frz,beef,
18210500,-1,unclustered,0.0,beef ground angus,beef,
18265005,-1,unclustered,0.0,beef ground angus-81/19 5# vac pac,beef,
18120000,-1,unclustered,0.0,beef ground brisket 80/20,beef,
190600,-1,unclustered,0.0,"beef ground brisket and chuck, 80/20",beef,
18218000,-1,unclustered,0.0,beef ground bulk custom blend - cvp,beef,
18230080,-1,unclustered,0.0,beef ground bulk double blend fine grind,beef,
18208000,-1,unclustered,0.0,beef ground bulk triple special blend,beef,
18230015,-1,unclustered,0.0,beef ground chuck 85/15,beef,
18200300,-1,unclustered,0.0,beef ground coarse - fine,beef,
18100400,-1,unclustered,0.0,beef ground coarse fresh,beef,
18230000,-1,unclustered,0.0,beef ground coarse fresh protein added,beef,
18100601,-1,unclustered,0.0,beef ground cvp,beef,
18140091,-1,unclustered,0.0,beef ground cvp 90/10,beef,
SP1101,-1,unclustered,0.0,beef ground fresh,beef,
SP11025,-1,unclustered,0.0,beef ground fresh 2 - 5#,beef,
SP11042,-1,unclustered,0.0,beef ground fresh 4 - 2.5#,beef,
SP100,-1,unclustered,0.0,beef ground frozen,beef,
18242000,-1,unclustered,0.0,beef ground grass fed-2/5 frozen,beef,
18188021,-1,unclustered,0.0,beef ground patties 2/1,beef,
18140421,-1,unclustered,0.0,beef ground patties 2/1 80/20 vac pac,beef,
18135021,-1,unclustered,0.0,beef ground patties 2/1 cvp,beef,
18188121,-1,unclustered,0.0,beef ground patties 2/1 fresh cvp,beef,
18110441,-1,unclustered,0.0,beef ground patties 4/1 10# cs,beef,
18103041,-1,unclustered,0.0,beef ground patties 4/1 fresh,beef,
18115041,-1,unclustered,0.0,beef ground patties 4/1 frozen 5# cs,beef,
18198041,-1,unclustered,0.0,beef ground patties 4/1 thin,beef,
18111051,-1,unclustered,0.0,beef ground patties 5/1 fresh cvp 10# c,beef,
18160032,-1,unclustered,0.0,beef ground patties 6oz-pub style 27/cs,beef,6oz
18160031,-1,unclustered,0.0,beef ground patties 6oz-pub style-27cs,beef,6oz
18100503,-1,unclustered,0.0,beef ground patties 80/20,beef,
18210030,-1,unclustered,0.0,beef ground patties 80/20 3/1,beef,
18119073,-1,unclustered,0.0,beef ground patties 80/20 prime 6/1,beef,
18100641,-1,unclustered,0.0,beef ground patties 80/20 pure 4/1,beef,
18110541,-1,unclustered,0.0,beef ground patties angus 4/1,beef,
18100531,-1,unclustered,0.0,beef ground patties angus steak blend,beef,
18100421,-1,unclustered,0.0,beef ground patties choice blend 2/1,beef,
18100431,-1,unclustered,0.0,beef ground patties choice blend 3/1,beef,
18101106,-1,unclustered,0.0,beef ground patties chuck round-32/6oz,beef,6oz
18140541,-1,unclustered,0.0,beef ground patties chuck trim,beef,
18218007,-1,unclustered,0.0,beef ground patties custom blend 7oz,beef,7oz
18130141,-1,unclustered,0.0,beef ground patties double special blend,beef,
18110631,-1,unclustered,0.0,beef ground patties pure 3/1 cvp,beef,
18117561,-1,unclustered,0.0,beef ground patties pure 6-1 -frozen,beef,
18100121,-1,unclustered,0.0,beef ground patties pure oval 2/1,beef,
13820121,-1,unclustered,0.0,beef ground patties sirloin 2/1,beef,
18534802,-1,unclustered,0.0,beef ground patties sliders 2oz fresh,beef,2oz
18900300,-1,unclustered,0.0,beef ground patties steak burger,beef,
18135008,-1,unclustered,0.0,beef ground patties triple special blend,beef,
18100610,-1,unclustered,0.0,beef ground patties usda prime,beef,
19980001,-1,unclustered,0.0,beef ground raw suet,beef,
18534002,-1,unclustered,0.0,beef ground triple blend 2oz slider,beef,2oz
190802,-1,unclustered,0.0,"beef ground, 80/20, 2# tubes",beef,
180112,-1,unclustered,0.0,"beef ground, empire kosher, 12/1#",beef,
190007,-1,unclustered,0.0,"beef ground, special blend",beef,
198425,-1,unclustered,0.0,"beef ground, wagyu, 4/2.5#",beef,
18130211,-1,unclustered,0.0,beef hamburger with pork fat added,beef,
12500606,-1,unclustered,0.0,beef hanger steak prime 6oz,beef,6oz
46160,-1,unclustered,0.0,beef hanging tender +creekstone+,beef,
12510200,-1,unclustered,0.0,beef hanging tender no roll,beef,
46200,-1,unclustered,0.0,beef hanging tender palo duro 42365,beef,
12511000,-1,unclustered,0.0,beef hanging tenderloin pieces,beef,
40617,-1,unclustered,0.0,beef hanging tenders frozen *jbs*,beef,
180004,-1,unclustered,0.0,beef head,beef,
41019,-1,unclustered,0.0,beef head (2pc/cs),beef,
10095470,-1,unclustered,0.0,"beef heads, w/tongue, 2pcs iowa best",beef,
45400,-1,unclustered,0.0,beef hearts,beef,
190601,-1,unclustered,0.0,"beef hearts, bulk frozen, 60#",beef,
45910,-1,unclustered,0.0,beef heel meat 45#,beef,
46970,-1,unclustered,0.0,beef hind shank //ibp// bone-in,beef,
46900,-1,unclustered,0.0,beef hind shank bone-in *palo duro*,beef,
190001,-1,unclustered,0.0,"beef hind shank, cc",beef,
14910000,-1,unclustered,0.0,beef hindshank bone in (ui),beef,
14920000,-1,unclustered,0.0,"beef hindshank bone in cut 1"" osso bucco",beef,
190003,-1,unclustered,0.0,"beef hindshank, ch",beef,
19010000,-1,unclustered,0.0,beef hoagie steak 5oz,beef,5oz
18090606,-1,unclustered,0.0,beef hoagie y kit jtm(4-2.5oz),beef,2.5oz
190023,-1,unclustered,0.0,"beef hot sticks, 6-7 in 5/1# cs",beef,
16140208,-1,unclustered,0.0,beef inner skirts 14oz,beef,14oz
16180500,-1,unclustered,0.0,beef inner skirts choice (ui),beef,
16180501,-1,unclustered,0.0,beef inner skirts choice (ui) peeled,beef,
11000002,-1,unclustered,0.0,beef inside caps boneless,beef,
12168,-1,unclustered,0.0,"beef inside round cab gop xt 1/4""",beef,
41305,-1,unclustered,0.0,beef inside round commodity,beef,
33168,-1,unclustered,0.0,beef inside round denuded ch gop,beef,
41320,-1,unclustered,0.0,beef inside round xtstar ranch angus,beef,
46600,-1,unclustered,0.0,beef inside skirt angus,beef,
19210015,-1,unclustered,0.0,beef intestine s 15#trm,beef,
19240000,-1,unclustered,0.0,beef intestine small,beef,
19800000,-1,unclustered,0.0,beef jerky peppered,beef,
SP141,-1,unclustered,0.0,beef julienne,beef,
190043,-1,unclustered,0.0,"beef kabob 0.75 sirloin nr, 4oz",beef,4oz
144100,-1,unclustered,0.0,"beef kabob, 3oz",beef,3oz
45800,-1,unclustered,0.0,beef kidneys,beef,
170002,-1,unclustered,0.0,"beef knuckes, grass run farms, ch",beef,
30267,-1,unclustered,0.0,beef knuckle ch gop,beef,
14240802,-1,unclustered,0.0,beef knuckle cleaned and trimmed,beef,
80267,-1,unclustered,0.0,beef knuckle gop ch halal,beef,
14240500,-1,unclustered,0.0,beef knuckle peeled choice (ui),beef,
14240503,-1,unclustered,0.0,beef knuckle peeled choice sliced,beef,
14240400,-1,unclustered,0.0,beef knuckle peeled halal,beef,
14240000,-1,unclustered,0.0,beef knuckle peeled no roll,beef,
190022,-1,unclustered,0.0,"beef knuckle, organic prairie, premium",beef,
194813,-1,unclustered,0.0,"beef knuckle, peeled, ch, 8/13#",beef,
194830,-1,unclustered,0.0,"beef knuckle, peeled, ch, 8/13#cas",beef,
19252000,-1,unclustered,0.0,beef large intestine,beef,
180007,-1,unclustered,0.0,beef leg bones-cut,beef,
42700,-1,unclustered,0.0,beef leg tendon 11# *ibp* only,beef,
41952,-1,unclustered,0.0,beef lifter meat,beef,
43725,-1,unclustered,0.0,beef lifter meat choice,beef,
41952,-1,unclustered,0.0,beef lifter meat,beef,
32212,-1,unclustered,0.0,beef lipon choice dn gop,beef,
43720,-1,unclustered,0.0,beef lipon choice frozen,beef,
43710,-1,unclustered,0.0,beef lipon select down,beef,
43711,-1,unclustered,0.0,beef lipon select up,beef,
98190,-1,unclustered,0.0,beef liver gop 30#,beef,
43120,-1,unclustered,0.0,beef liver s&d //ibp// frozen,beef,
96715890,-1,unclustered,0.0,beef lof delishaved 8/7.5oz (3.75#),beef,7.5oz
13800408,-1,unclustered,0.0,beef loin ball tip boneless choice 8oz,beef,8oz
13800405,-1,unclustered,0.0,beef loin ball tip choice pinned,beef,
13800403,-1,unclustered,0.0,beef loin ball tip choice-2 up,beef,
44380,-1,unclustered,0.0,beef loin bottom ball tips ch frozen,beef,
13324516,-1,unclustered,0.0,beef loin porterhouse angus choice 16oz,beef,16oz
13324524,-1,unclustered,0.0,beef loin porterhouse angus choice 24oz,beef,24oz
13324548,-1,unclustered,0.0,beef loin porterhouse angus choice 48oz,beef,48oz
13329622,-1,unclustered,0.0,beef loin porterhouse prime dry aged,beef,
13320324,-1,unclustered,0.0,beef loin porterhouse steak choice,beef,
13320532,-1,unclustered,0.0,beef loin porterhouse steak choice angus,beef,
13320618,-1,unclustered,0.0,beef loin porterhouse steak prime 18oz,beef,18oz
13324622,-1,unclustered,0.0,beef loin porterhouse steak prime 22oz,beef,22oz
40720,-1,unclustered,0.0,beef loin strip 100l \abf\,beef,100l
13410600,-1,unclustered,0.0,beef loin strip loin bone in prime (ui),beef,
13319624,-1,unclustered,0.0,beef loin t-bone prime dry aged 24oz,beef,24oz
13319642,-1,unclustered,0.0,beef loin t-bone prime dry aged 42oz,beef,42oz
13310422,-1,unclustered,0.0,beef loin t-bone steak 22oz,beef,22oz
13310516,-1,unclustered,0.0,beef loin t-bone steak angus 16oz,beef,16oz
13310520,-1,unclustered,0.0,beef loin t-bone steak angus 20oz,beef,20oz
13310616,-1,unclustered,0.0,beef loin t-bone steak prime 16oz,beef,16oz
13310624,-1,unclustered,0.0,beef loin t-bone steak prime 24oz,beef,24oz
13000906,-1,unclustered,0.0,beef loin tenderloin psmo choice,beef,
144014,-1,unclustered,0.0,"beef loin top butt hearts, cc, ch",beef,
13720400,-1,unclustered,0.0,beef loin tri tips choice,beef,
13701400,-1,unclustered,0.0,beef loin tri tips no roll,beef,
13700500,-1,unclustered,0.0,beef loin tri tips peeled (ui),beef,
40700,-1,unclustered,0.0,"beef loin, strip 100l - palo duro",beef,100l
13420005,-1,unclustered,0.0,beef manhatten choice 5oz,beef,5oz
13420007,-1,unclustered,0.0,beef manhatten choice 6oz,beef,6oz
13420008,-1,unclustered,0.0,beef manhatten choice 8oz,beef,8oz
13420006,-1,unclustered,0.0,beef manhhattan strip prime 4oz,beef,4oz
180008,-1,unclustered,0.0,beef marrow bones centers,beef,
180008,-1,unclustered,0.0,beef marrow bones centers,beef,
180024,-1,unclustered,0.0,"beef marrow bones, cut smoked",beef,
42903,-1,unclustered,0.0,beef marrow pipe bone cc,beef,
94572,-1,unclustered,0.0,beef meatballs al safa halal,beef,
19020040,-1,unclustered,0.0,beef meatballs triple special blend,beef,
SP132,-1,unclustered,0.0,beef meatloaf,beef,
99999908,-1,unclustered,0.0,beef mild jamaican patties mambo (12/9z),beef,
156000,-1,unclustered,0.0,beef naval,beef,
19900002,-1,unclustered,0.0,beef navel b/in w/skirt,beef,
SP131,-1,unclustered,0.0,beef ny strip steaks ch 8/9oz*,beef,9oz
14910112,-1,unclustered,0.0,"beef osso bucco 1 1/2""",beef,
19210000,-1,unclustered,0.0,"beef osso bucco 1-1/4 """,beef,
16606139,-1,unclustered,0.0,beef outerskirt jbs-peeled cargill,beef,
16290110,-1,unclustered,0.0,beef outside skirt fajitas,beef,
16290090,-1,unclustered,0.0,beef outside skirt grass fed,beef,
16280200,-1,unclustered,0.0,beef outside skirt no roll,beef,
16291010,-1,unclustered,0.0,beef outside skirt peeled,beef,
16210410,-1,unclustered,0.0,beef outside skirt peeled- nr,beef,
16200600,-1,unclustered,0.0,beef outside skirt prime,beef,
16200067,-1,unclustered,0.0,beef outside skirt steak 6-7oz,beef,7oz
16200508,-1,unclustered,0.0,beef outside skirt steak angus 8oz,beef,8oz
19410001,-1,unclustered,0.0,beef ox lips,beef,
46800,-1,unclustered,0.0,beef oxlips 40-60#,beef,
19410000,-1,unclustered,0.0,beef oxlips-c,beef,
43541,-1,unclustered,0.0,beef oxtail cut jbs/swift,beef,
43540,-1,unclustered,0.0,beef oxtail cut mexican,beef,
SP139,-1,unclustered,0.0,beef oxtails* erb cut,beef,
15910000,-1,unclustered,0.0,beef pastrami brisket cooked,beef,
43478612,-1,unclustered,0.0,beef pastrami flat round cooked,beef,
190016,-1,unclustered,0.0,"beef pastrami, crescent city",beef,
190809,-1,unclustered,0.0,"beef pasture ground, o.prairie",beef,
920238,-1,unclustered,0.0,beef pattie box,beef,
19142250,-1,unclustered,0.0,"beef patties 4/1 jemm, (8/4#)",beef,
49010,-1,unclustered,0.0,beef patties 4:1 iqf pucks creekstone,beef,
190032,-1,unclustered,0.0,"beef patties ckd, 160/3oz",beef,3oz
19152250,-1,unclustered,0.0,"beef patties, 2/1 jemm (8/4#)",beef,
19149980,-1,unclustered,0.0,"beef patties, 4/1, (5 lb)",beef,5 lb
SP1027,-1,unclustered,0.0,beef patty 2/1 thick kirby,beef,
SP114,-1,unclustered,0.0,beef patty 4oz,beef,4oz
SP1141,-1,unclustered,0.0,"beef patty 4oz wh 5"" hly",beef,4oz
190849,-1,unclustered,0.0,beef patty 80/20 5oz oval,beef,5oz
190807,-1,unclustered,0.0,beef patty 80/20 6.5oz wide,beef,6.5oz
190072,-1,unclustered,0.0,"beef patty 80/20 thick, 7oz",beef,7oz
190817,-1,unclustered,0.0,beef patty 8oz oval,beef,8oz
190031,-1,unclustered,0.0,"beef patty ckd, cti, 3oz-20#",beef,3oz
47001,-1,unclustered,0.0,beef patty flanders 4/10#,beef,
47000,-1,unclustered,0.0,beef patty flanders 4oz 8/4#,beef,4oz
190080,-1,unclustered,0.0,beef patty grass fed 8oz- round 80/20,beef,8oz
190041,-1,unclustered,0.0,"beef patty ground chuck, angus, 4oz",beef,4oz
190504,-1,unclustered,0.0,beef patty ground steak burger,beef,
90004,-1,unclustered,0.0,beef patty jamaican halal,beef,
49015,-1,unclustered,0.0,beef patty la 4oz 16/2#,beef,4oz
49016,-1,unclustered,0.0,beef patty la 4oz 8/4#,beef,4oz
190011,-1,unclustered,0.0,"beef patty natural, 5oz",beef,5oz
193001,-1,unclustered,0.0,"beef patty natural, creekstone, 8oz",beef,8oz
SP1026,-1,unclustered,0.0,"beef patty pb 2/1 round 5""kirby",beef,
190100,-1,unclustered,0.0,"beef patty special blend, 10oz",beef,10oz
190042,-1,unclustered,0.0,"beef patty special blend, 40/4oz",beef,4oz
190070,-1,unclustered,0.0,"beef patty thick, prime, 7oz",beef,7oz
190888,-1,unclustered,0.0,"beef patty, 85/15 oval, 8oz",beef,8oz
190179,-1,unclustered,0.0,"beef patty, 9.625# case, 7oz",beef,7oz
190017,-1,unclustered,0.0,"beef patty, grass fed, 4oz",beef,4oz
190831,-1,unclustered,0.0,"beef patty, jumbo 80/20, 3/1",beef,
190852,-1,unclustered,0.0,"beef patty, jumbo 80/20, 5-1",beef,
190857,-1,unclustered,0.0,"beef patty, jumbo 85/15, 5-1",beef,
190006,-1,unclustered,0.0,"beef patty, special blend",beef,
190079,-1,unclustered,0.0,"beef patty, thick, prime, 7oz",beef,7oz
198050,-1,unclustered,0.0,"beef patty, wagyu, 5oz",beef,5oz
198080,-1,unclustered,0.0,"beef patty, wagyu, 8oz",beef,8oz
11910404,-1,unclustered,0.0,beef pectoral meat chunks 3oz,beef,3oz
41600,-1,unclustered,0.0,beef peeled knuckle choice,beef,
41601,-1,unclustered,0.0,beef peeled knuckle ibp choice,beef,
41620,-1,unclustered,0.0,beef peeled knuckles star ranch angus,beef,
19240012,-1,unclustered,0.0,"beef peppersteak sliced 1""x2"" choice",beef,
18070606,-1,unclustered,0.0,beef philly kit jtm(4-2.25oz),beef,2.25oz
19550066,-1,unclustered,0.0,beef philly steak -bulk pack,beef,
42902,-1,unclustered,0.0,beef pipe bone abf cut,beef,
41740,-1,unclustered,0.0,beef plate short plate navel,beef,
16312000,-1,unclustered,0.0,beef plate short rib fingers,beef,
16308000,-1,unclustered,0.0,beef plate short rib pieces,beef,
16312400,-1,unclustered,0.0,beef plate short ribs boneless choice,beef,
16311401,-1,unclustered,0.0,beef plate short ribs choice denuted go,beef,
16310023,-1,unclustered,0.0,"beef plate short ribs frenched ""6",beef,
16310804,-1,unclustered,0.0,beef plate short ribs wagyu 4,beef,
16300500,-1,unclustered,0.0,beef plate short ribs whole 3 bone (ui),beef,
97615880,-1,unclustered,0.0,beef polish sausage scott pete (12/20z),beef,
141240,-1,unclustered,0.0,"beef porterhouse, prime, 24oz",beef,24oz
141832,-1,unclustered,0.0,"beef porterhouse, prime, 8/32oz",beef,32oz
190028,-1,unclustered,0.0,"beef pot roast, ckd, hillshire",beef,
19630025,-1,unclustered,0.0,beef pulmunary hearts,beef,
190009,-1,unclustered,0.0,"beef r ground , 10#",beef,
97735830,-1,unclustered,0.0,"beef red hots links,motor city (20/16oz)",beef,16oz
43770,-1,unclustered,0.0,"beef rib, ribeye 100 l*palo duro",beef,100 l
40200,-1,unclustered,0.0,beef ribeye (cow) 6-8 fresh *pd*,beef,
40201,-1,unclustered,0.0,beef ribeye (cow) 8up frozen *pd*,beef,
12321414,-1,unclustered,0.0,beef ribeye 14.5 down choice,beef,
40200,-1,unclustered,0.0,beef ribeye (cow) 6-8 fresh *pd*,beef,
12110116,-1,unclustered,0.0,beef ribeye b/in nr 16oz,beef,16oz
12140430,-1,unclustered,0.0,beef ribeye b/in prime angus 32-34 oz,beef,34 oz
12140540,-1,unclustered,0.0,beef ribeye b/in prime angus 40oz,beef,40oz
12119628,-1,unclustered,0.0,beef ribeye b/in prime dry aged 28oz,beef,28oz
12100800,-1,unclustered,0.0,beef ribeye cap on wagyu 6/7,beef,
12320110,-1,unclustered,0.0,beef ribeye finger off,beef,
43700,-1,unclustered,0.0,beef ribeye l/o boneless nr,beef,
12350101,-1,unclustered,0.0,beef ribeye rolls 10oz,beef,10oz
12131477,-1,unclustered,0.0,"beef ribeye steak boneless aa -cut 1/4 """,beef,
12131415,-1,unclustered,0.0,beef ribeye steak boneless choice,beef,
13142005,-1,unclustered,0.0,beef ribeye steak boneless choice 1-1/2,beef,
12130112,-1,unclustered,0.0,"beef ribeye steak boneless cut 1""",beef,
12130514,-1,unclustered,0.0,"beef ribeye steak boneless sliced 1/4""",beef,
12130503,-1,unclustered,0.0,"beef ribeye steak boneless sliced 3/16""",beef,
SP1322,-1,unclustered,0.0,beef ribeye steak ch 8/9 oz*,beef,9 oz
SP1822,-1,unclustered,0.0,beef ribeye ute 5.3 oz(3/1),beef,5.3 oz
41552,-1,unclustered,0.0,beef riblets b/i - 32102 national beef,beef,
SP1202,-1,unclustered,0.0,beef roast inside round1/4cut*,beef,
SP1201,-1,unclustered,0.0,beef roast inside roundcut1/2*,beef,
10122000,-1,unclustered,0.0,beef roast medium rare sara lee,beef,
10130000,-1,unclustered,0.0,beef roast sliced,beef,
10100006,-1,unclustered,0.0,beef roast sliced 6oz frozen,beef,6oz
10140000,-1,unclustered,0.0,beef roast sliced fresh 4/5 /cs,beef,
14100400,-1,unclustered,0.0,beef round 160 choice,beef,
14300420,-1,unclustered,0.0,beef round eyes choice,beef,
14300200,-1,unclustered,0.0,beef round eyes no roll evp,beef,
14110200,-1,unclustered,0.0,beef round flat /eyes no roll,beef,
14400512,-1,unclustered,0.0,beef round flat usda choice angus,beef,
14450400,-1,unclustered,0.0,beef round flats,beef,
14401414,-1,unclustered,0.0,beef round flats choice,beef,
14440414,-1,unclustered,0.0,"beef round flats choice sliced 1/8""",beef,
14472300,-1,unclustered,0.0,beef round flats strap -off de nuted,beef,
14400200,-1,unclustered,0.0,beef round flats ute,beef,
14110400,-1,unclustered,0.0,beef round gooseneck choice,beef,
14110300,-1,unclustered,0.0,beef round gooseneck select,beef,
14510418,-1,unclustered,0.0,beef round inside cap off choice,beef,
14510100,-1,unclustered,0.0,beef round inside cap-off choice,beef,
14510200,-1,unclustered,0.0,beef round inside cap-off no roll,beef,
14500500,-1,unclustered,0.0,beef round inside choice xt (ui),beef,
14500200,-1,unclustered,0.0,beef round inside no roll,beef,
14500300,-1,unclustered,0.0,beef round inside select,beef,
14600000,-1,unclustered,0.0,beef round outside,beef,
14010400,-1,unclustered,0.0,beef round steamship choice,beef,
174002,-1,unclustered,0.0,"beef round steamship, no ha, ch",beef,
174003,-1,unclustered,0.0,"beef round steamship, w/hand, ch",beef,
10010000,-1,unclustered,0.0,beef salisbury steak,beef,
SP130,-1,unclustered,0.0,beef salisbury steak 4oz,beef,4oz
34098,-1,unclustered,0.0,beef seekh family pack,beef,
40366,-1,unclustered,0.0,beef sel brisket,beef,
44260,-1,unclustered,0.0,beef sel xt top butt,beef,
48420,-1,unclustered,0.0,beef semi-bnls chuck n/off,beef,
14900000,-1,unclustered,0.0,beef shank boneless,beef,
46920,-1,unclustered,0.0,beef shank trimmed bnls pd,beef,
42110,-1,unclustered,0.0,"beef shank, banana bnls 13275 *pd*",beef,
13301900,-1,unclustered,0.0,beef short loin,beef,
35174,-1,unclustered,0.0,beef short loin 0x1 ch gop,beef,
46020,-1,unclustered,0.0,beef short loin 0x1 choice,beef,
46000,-1,unclustered,0.0,beef short loin 0x1 select,beef,
46000,-1,unclustered,0.0,beef short loin 0x1 select,beef,
46030,-1,unclustered,0.0,beef short loin 0x1 ~prime~,beef,
13305416,-1,unclustered,0.0,beef short loin choice,beef,
13301501,-1,unclustered,0.0,beef short loin choice 0x1,beef,
13309602,-1,unclustered,0.0,"beef short loin cut 2"" thick prime",beef,
11301000,-1,unclustered,0.0,beef short loin mexico arias,beef,
13301600,-1,unclustered,0.0,beef short loin prime 0x1,beef,
13301623,-1,unclustered,0.0,beef short loin prime 2x3,beef,
11912393,-1,unclustered,0.0,beef short rib tips (ui),beef,
41501,-1,unclustered,0.0,beef short ribs choice 3 bone,beef,
160007,-1,unclustered,0.0,"beef short ribs, bone-in sliced",beef,
160003,-1,unclustered,0.0,"beef short ribs, bone-in, 3 bone",beef,
160004,-1,unclustered,0.0,"beef short ribs, bone-in, 4rib",beef,
46700,-1,unclustered,0.0,"beef shoulder clod 1/4"" choice",beef,
46721,-1,unclustered,0.0,beef shoulder clod heart star ranch,beef,
46720,-1,unclustered,0.0,beef shoulder clod xt star ranch angus,beef,
128004,-1,unclustered,0.0,"beef shoulder clods, imported wagyu",beef,
13810400,-1,unclustered,0.0,beef sirloin cubes choice,beef,
40335,-1,unclustered,0.0,beef sirloin culotte fat on choice,beef,
142113,-1,unclustered,0.0,"beef sirloin filet, angus, ch, 8oz",beef,8oz
140087,-1,unclustered,0.0,"beef sirloin filet, ch, 8oz",beef,8oz
11300406,-1,unclustered,0.0,beef sirloin flap bnls choice 6oz,beef,6oz
19900000,-1,unclustered,0.0,beef sirloin kabobs 1x1,beef,
12830006,-1,unclustered,0.0,beef sirloin steaks choice 6oz,beef,6oz
44220,-1,unclustered,0.0,beef sirloin top butt *palo duro*,beef,
13600210,-1,unclustered,0.0,beef sirloin top butt american foods,beef,
18500502,-1,unclustered,0.0,beef slider burgers 2oz,beef,2oz
190030,-1,unclustered,0.0,"beef slider patties, jb, 2oz-10#",beef,2oz
198020,-1,unclustered,0.0,"beef slider patties, wagyu, 2oz",beef,2oz
190098,-1,unclustered,0.0,"beef slider patties-10#, jb, 5oz",beef,5oz
190008,-1,unclustered,0.0,"beef slider patty, 5#, 2oz",beef,2oz
19500001,-1,unclustered,0.0,beef slim jims,beef,
10001000,-1,unclustered,0.0,beef small bits and pieces,beef,
19220001,-1,unclustered,0.0,beef small intestine,beef,
44000,-1,unclustered,0.0,beef small intestines - national,beef,
97878895,-1,unclustered,0.0,beef smkd saus8/1.5lb)roger wood,beef,1.5lb
190002,-1,unclustered,0.0,"beef spec trim, sliced, for stirfry",beef,
190044,-1,unclustered,0.0,"beef special blend patty, 4oz",beef,4oz
190054,-1,unclustered,0.0,"beef special blend patty, 5oz",beef,5oz
41951,-1,unclustered,0.0,beef special trim 93-95%,beef,
19080000,-1,unclustered,0.0,beef special trim boneless-loin tails,beef,
190040,-1,unclustered,0.0,beef special trim sliced for taco,beef,
190050,-1,unclustered,0.0,"beef special trim, pritzlaff, 50#cs",beef,
99999909,-1,unclustered,0.0,beef spicy jamaican patties mambo 12/9z,beef,
19360000,-1,unclustered,0.0,beef spleen (ui),beef,
42970,-1,unclustered,0.0,beef split cc femur bone //ibp//,beef,
19081000,-1,unclustered,0.0,beef steak ends choice salads,beef,
19550100,-1,unclustered,0.0,beef steak fritter 5.3oz texas style,beef,5.3oz
190060,-1,unclustered,0.0,"beef steak shldr tender butterfly, 6oz",beef,6oz
SP1312,-1,unclustered,0.0,beef steak strip choice -14oz*,beef,14oz
194100,-1,unclustered,0.0,"beef stew 1, ch, 10#pkg",beef,
194101,-1,unclustered,0.0,"beef stew 1/2, ch, 10#pkg",beef,
13114800,-1,unclustered,0.0,"beef stew, delta sunrise (6/1lb)",beef,1lb
190091,-1,unclustered,0.0,"beef stew, o.prairie retail",beef,
19540025,-1,unclustered,0.0,beef stir fry choice,beef,
19541060,-1,unclustered,0.0,beef stir fry strip,beef,
45900,-1,unclustered,0.0,beef strip 0x1 *excel* choice,beef,
40470,-1,unclustered,0.0,beef strip 0x1 -14-18 *palo duro*,beef,
46061,-1,unclustered,0.0,beef strip loin #2 choice,beef,
40440,-1,unclustered,0.0,beef strip loin 0x1 angus,beef,
14280,-1,unclustered,0.0,beef strip loin 0x1 cab gop,beef,
12410412,-1,unclustered,0.0,beef strip loin 0x1 choice 12oz,beef,12oz
13410407,-1,unclustered,0.0,beef strip loin 0x1 choice 14oz,beef,14oz
1568413,-1,unclustered,0.0,beef strip loin 0x1 evp n/r,beef,
40462,-1,unclustered,0.0,beef strip loin 0x1 prime,beef,
13400432,-1,unclustered,0.0,beef strip loin bone in choice,beef,
13400617,-1,unclustered,0.0,beef strip loin bone in choice vein end,beef,
13430620,-1,unclustered,0.0,beef strip loin bone-in prime 20oz,beef,20oz
13400499,-1,unclustered,0.0,beef strip loin boneles choice 0x0,beef,
13400501,-1,unclustered,0.0,beef strip loin boneless choice 0x1 (ui),beef,
13400900,-1,unclustered,0.0,beef strip loin boneless kobe,beef,
13400600,-1,unclustered,0.0,beef strip loin boneless prime 0x1,beef,
13400606,-1,unclustered,0.0,beef strip loin boneless prime dry aged,beef,
13421401,-1,unclustered,0.0,"beef strip loin steak 1.5"" thick",beef,
13410401,-1,unclustered,0.0,"beef strip loin steak choice !""",beef,
13450418,-1,unclustered,0.0,"beef strip loin steak choice 2"" thick",beef,
13420508,-1,unclustered,0.0,beef strip loin steak choice 8oz angus,beef,8oz
13439616,-1,unclustered,0.0,beef strip loin steak choice kc 12-14 oz,beef,14 oz
13420606,-1,unclustered,0.0,"beef strip loin steak prime 1 1/4""",beef,
13439618,-1,unclustered,0.0,beef strip loin steak prime kc 14oz,beef,14oz
13420314,-1,unclustered,0.0,beef strip loin steak select 14oz,beef,14oz
13490400,-1,unclustered,0.0,beef strip loin vein ends choice,beef,
13490406,-1,unclustered,0.0,beef strip loin vein steak 6oz,beef,6oz
13490408,-1,unclustered,0.0,beef strip loin vein steak 8oz,beef,8oz
13490416,-1,unclustered,0.0,beef strip loin vein steak choice 16oz,beef,16oz
190178,-1,unclustered,0.0,"beef strip sirloin fajita, raw, ch",beef,
140001,-1,unclustered,0.0,"beef strip steak, ny, ungraded",beef,
140981,-1,unclustered,0.0,"beef striploin, grass fed, pure angus",beef,
194102,-1,unclustered,0.0,"beef stroganoff, ch, 10#pkg",beef,
180003,-1,unclustered,0.0,beef suet,beef,
180017,-1,unclustered,0.0,beef suet ground,beef,
184002,-1,unclustered,0.0,"beef suey, ch",beef,
42801,-1,unclustered,0.0,beef sweetbread 8/3#,beef,
19511000,-1,unclustered,0.0,beef swiss/cube steak-spec size,beef,
40610,-1,unclustered,0.0,beef t-bone 12oz steak moesle 12#,beef,12oz
19019000,-1,unclustered,0.0,beef taco meat sirlion,beef,
140010,-1,unclustered,0.0,"beef tender tips 1.25-1.5"" cubes",beef,
144059,-1,unclustered,0.0,"beef tender, top shelf, 190a, ch",beef,
13000940,-1,unclustered,0.0,beef tenderloin # 2 choice,beef,
95240,-1,unclustered,0.0,beef tenderloin 4oz choice,beef,4oz
13000950,-1,unclustered,0.0,beef tenderloin 5 up /down,beef,
13101206,-1,unclustered,0.0,beef tenderloin 5/dwn cut 6oz s/all,beef,6oz
13000409,-1,unclustered,0.0,beef tenderloin barrell only choice,beef,
13000609,-1,unclustered,0.0,beef tenderloin barrell only prime,beef,
SP1851,-1,unclustered,0.0,beef tenderloin choice*,beef,
13000201,-1,unclustered,0.0,beef tenderloin commercial side muscle,beef,
140343,-1,unclustered,0.0,"beef tenderloin drop filet, 4oz, choice",beef,4oz
13101110,-1,unclustered,0.0,beef tenderloin filet 10oz no roll,beef,10oz
13101204,-1,unclustered,0.0,beef tenderloin filet 4oz,beef,4oz
13101106,-1,unclustered,0.0,beef tenderloin filet 6oz-n-r,beef,6oz
13101208,-1,unclustered,0.0,beef tenderloin filet 8oz,beef,8oz
13101108,-1,unclustered,0.0,beef tenderloin filet 8oz -n/r,beef,8oz
13102408,-1,unclustered,0.0,beef tenderloin filet 8oz banquet cut,beef,8oz
13111422,-1,unclustered,0.0,beef tenderloin filet bone in 12oz,beef,12oz
13111420,-1,unclustered,0.0,"beef tenderloin filet choice cut 2""",beef,
13101705,-1,unclustered,0.0,beef tenderloin filet halal choice 5oz,beef,5oz
13101708,-1,unclustered,0.0,beef tenderloin filet halal choice 8oz,beef,8oz
13101308,-1,unclustered,0.0,beef tenderloin filet n/r 8oz,beef,8oz
13104208,-1,unclustered,0.0,beef tenderloin filet nr 8oz silver on,beef,8oz
140100,-1,unclustered,0.0,"beef tenderloin filet, cc, 10oz",beef,10oz
13000840,-1,unclustered,0.0,beef tenderloin full choice,beef,
13000780,-1,unclustered,0.0,beef tenderloin halal,beef,
4084,-1,unclustered,0.0,beef tenderloin pleeled -barroll,beef,
40000,-1,unclustered,0.0,beef tenderloin psmo - palo duro,beef,
13191000,-1,unclustered,0.0,beef tenderloin strap cleaned,beef,
13105704,-1,unclustered,0.0,beef tenderloin tail,beef,
13190000,-1,unclustered,0.0,beef tenderloin tip cubes,beef,
140015,-1,unclustered,0.0,"beef tenderloin tip, 2oz bias",beef,2oz
140002,-1,unclustered,0.0,beef tenderloin tips,beef,
207900015,-1,unclustered,0.0,beef tenderloin tips thomas,beef,
140099,-1,unclustered,0.0,"beef tenderloin tips, retail, o.prairie",beef,
3691,-1,unclustered,0.0,"beef tenderloin, 6oz filletts",beef,6oz
142060,-1,unclustered,0.0,"beef tenderloin, angus, cc, ch, 6oz",beef,6oz
142120,-1,unclustered,0.0,"beef tenderloin, angus, ch, cc, 12oz",beef,12oz
140091,-1,unclustered,0.0,"beef tenderloin, butterfly comm, 27/6oz",beef,6oz
142000,-1,unclustered,0.0,"beef tenderloin, full trim, angus",beef,
144005,-1,unclustered,0.0,"beef tenderloin, full trim, choice",beef,
140004,-1,unclustered,0.0,"beef tenderloin, full trim, diamond cut",beef,
141005,-1,unclustered,0.0,"beef tenderloin, full trim, prime",beef,
140801,-1,unclustered,0.0,"beef tenderloin, grass fed, cc, 8oz",beef,8oz
140980,-1,unclustered,0.0,"beef tenderloin, grass fed, pure angus",beef,
140005,-1,unclustered,0.0,"beef tenderloin, nr, full trim, tornado",beef,
142050,-1,unclustered,0.0,"beef tenderloin, peeled, angus, ch, 5up",beef,
140033,-1,unclustered,0.0,"beef tenderloin, processed, ss 3-4#",beef,
140047,-1,unclustered,0.0,"beef tenderloin, processed, ss, 4up",beef,
140054,-1,unclustered,0.0,"beef tenderloin, psmo, diamond cut, 5up",beef,
140019,-1,unclustered,0.0,"beef tenderloin, retail, o.prairie",beef,
140017,-1,unclustered,0.0,"beef tenderloin, silver skin diamond cut",beef,
140340,-1,unclustered,0.0,"beef tenderloin, ss, 3-4#",beef,
140341,-1,unclustered,0.0,"beef tenderloin, ss, 3-4# case lo",beef,
140149,-1,unclustered,0.0,"beef tenderloin, ss, 4up",beef,
140150,-1,unclustered,0.0,"beef tenderloin, ss, 4up, case lo",beef,
140049,-1,unclustered,0.0,"beef tenderloin, ss, 4up, cs lot",beef,
141006,-1,unclustered,0.0,"beef tenderloin, ss, prime",beef,
140003,-1,unclustered,0.0,"beef tenderloin, tornado",beef,
140046,-1,unclustered,0.0,"beef tenderloin, trimmed, ss, 4up",beef,
3614,-1,unclustered,0.0,"beef tenderloin,12oz filletts bone in",beef,12oz
13000407,-1,unclustered,0.0,beef tenderloins choice 5 up,beef,
140052,-1,unclustered,0.0,"beef tenderloins, ss, 5up",beef,
19350001,-1,unclustered,0.0,beef tendons frozen,beef,
46420,-1,unclustered,0.0,beef teres major *ibp* frozen,beef,
46450,-1,unclustered,0.0,beef teres major choice,beef,
46450,-1,unclustered,0.0,beef teres major choice,beef,
128008,-1,unclustered,0.0,"beef teres major, imported wagyu, mbs #5",beef,
140011,-1,unclustered,0.0,"beef tips w/gravy, dans prize",beef,
163002,-1,unclustered,0.0,"beef tomahawk chop, ch",beef,
163003,-1,unclustered,0.0,"beef tomahawk chop, prime",beef,
19610000,-1,unclustered,0.0,beef tongue 1#- white,beef,
19623000,-1,unclustered,0.0,beef tongue black small aurora,beef,
43201,-1,unclustered,0.0,beef tongue tips,beef,
19630010,-1,unclustered,0.0,beef tongue tips excel,beef,
180340,-1,unclustered,0.0,"beef tongue, fresh, 3/4# ave",beef,
43200,-1,unclustered,0.0,beef tongues,beef,
13630600,-1,unclustered,0.0,beef top butt hearts prime,beef,
13620403,-1,unclustered,0.0,beef top butt medallions choice 3oz,beef,3oz
54184,-1,unclustered,0.0,beef top butt xt pr gop,beef,
13630400,-1,unclustered,0.0,beef top sirloin butt choice,beef,
13600513,-1,unclustered,0.0,beef top sirloin butt choice (ui),beef,
13600713,-1,unclustered,0.0,beef top sirloin butt choice 13 up,beef,
13699222,-1,unclustered,0.0,beef top sirloin butt cleaned + trimmed,beef,
13600214,-1,unclustered,0.0,beef top sirloin butt n/r 14 up evp,beef,
13600613,-1,unclustered,0.0,beef top sirloin butt prime 13 up,beef,
13630200,-1,unclustered,0.0,beef top sirloin butt select,beef,
13631401,-1,unclustered,0.0,"beef top sirloin butt steak 1"" thick",beef,
13631406,-1,unclustered,0.0,"beef top sirloin butt steak 1/2"" thick",beef,
13600410,-1,unclustered,0.0,beef top sirloin butt xt choice,beef,
44210,-1,unclustered,0.0,beef top sirloin butts angus,beef,
44201,-1,unclustered,0.0,beef top sirloin butts cab -frozen-,beef,
13651401,-1,unclustered,0.0,beef top sirloin coulotte,beef,
13640410,-1,unclustered,0.0,beef top sirloin coulotte choice,beef,
13640600,-1,unclustered,0.0,beef top sirloin coulotte prime,beef,
141001,-1,unclustered,0.0,"beef top sirloin filet, prime",beef,
13621496,-1,unclustered,0.0,beef top sirloin steak choice 6oz,beef,6oz
13710400,-1,unclustered,0.0,beef tri tips (peeled) choice,beef,
13700410,-1,unclustered,0.0,beef tri tips steak choice 10oz,beef,10oz
190019,-1,unclustered,0.0,"beef trim 85%, organic prairie",beef,
19990090,-1,unclustered,0.0,beef trimmings 95% untested,beef,
180011,-1,unclustered,0.0,beef tripas,beef,
44001,-1,unclustered,0.0,beef tripas jbs,beef,
45002,-1,unclustered,0.0,"beef tripe 1.5"" cubed 20#",beef,
19960000,-1,unclustered,0.0,beef tripe circle t frozen cargill,beef,
19910000,-1,unclustered,0.0,beef tripe ckd evp 15# cs,beef,
19960011,-1,unclustered,0.0,"beef tripe cut 1x1""",beef,
180002,-1,unclustered,0.0,beef tripe honesycomb,beef,
180002,-1,unclustered,0.0,beef tripe honesycomb,beef,
44800,-1,unclustered,0.0,beef tripe honeycomb 10#,beef,
44801,-1,unclustered,0.0,beef tripe honeycomb 20#,beef,
19950000,-1,unclustered,0.0,beef tripe scalded bleach/333,beef,
19960115,-1,unclustered,0.0,beef tripe yellow 1.5 lb. pac,beef,1.5 lb
180199,-1,unclustered,0.0,"beef tripe, ommasum",beef,
43401,-1,unclustered,0.0,beef tripe-bible (omasum)- aa 22#,beef,
43402,-1,unclustered,0.0,beef tripe-bible (omasum)- aa 30#,beef,
SP124,-1,unclustered,0.0,beef two way chuck n/r,beef,
13490410,-1,unclustered,0.0,beef vein steaks choice 10oz,beef,10oz
13490412,-1,unclustered,0.0,beef vein steaks choice 12oz,beef,12oz
12000103,-1,unclustered,0.0,beef whole ribs tomahawkui choice,beef,
12500106,-1,unclustered,0.0,beef whole ribs tomahawkui prime,beef,
46701,-1,unclustered,0.0,beef xt clod ibp choice,beef,
46702,-1,unclustered,0.0,beef xt clod ibp select,beef,
40301,-1,unclustered,0.0,beef xt inside ibp choice,beef,
18218920,-1,unclustered,0.0,"beef,pork,veal,pancetta 2x grind","beef,pork,veal,pancetta",
18218900,-1,unclustered,0.0,"beef,pork,veal,pancetta blend grind 1x","beef,pork,veal,pancetta",
18218902,-1,unclustered,0.0,"beef,pork,veal,pancetta fatback 2x","beef,pork,veal,pancetta",
18218910,-1,unclustered,0.0,"beef,pork,veal,pancetta grd 1/4"" 2x","beef,pork,veal,pancetta",
97415880,-1,unclustered,0.0,"beefpolish sauge , scott pete (12/20z)",beefpolish,
22107,-1,unclustered,0.0,beelers 9 rib loin rack frenched,beelers,
22103,-1,unclustered,0.0,beelers apple cranberry li`l bites,beelers,
22106,-1,unclustered,0.0,beelers b/i butts skinless,beelers,
22108,-1,unclustered,0.0,beelers belly & back fat skins,beelers,
22105,-1,unclustered,0.0,beelers bnls sirloin,beelers,
22101,-1,unclustered,0.0,beelers breakfast sausage 2/5#,beelers,
22112,-1,unclustered,0.0,beelers british back bacon 12oz,beelers,12oz
22113,-1,unclustered,0.0,beelers fresh #1 ends & pieces,beelers,
22114,-1,unclustered,0.0,beelers garlic/pepper bacon 12oz,beelers,12oz
22100,-1,unclustered,0.0,beelers ground pork bulk,beelers,
22110,-1,unclustered,0.0,beelers hickory smk 14/18 layout poly,beelers,18 l
22109,-1,unclustered,0.0,beelers natural dinner sliced ham,beelers,
22102,-1,unclustered,0.0,beelers natural retail weiners,beelers,
22174,-1,unclustered,0.0,beelers non gmo ground pork bulk,beelers,
22111,-1,unclustered,0.0,beelers pepper bacon 12oz,beelers,12oz
22104,-1,unclustered,0.0,beelers whole loins (strap off),beelers,
97535850,-1,unclustered,0.0,"beer brats, swaggertys farms (8/19oz)",beer,19oz
20483,-1,unclustered,0.0,"beer bratwurst link 7"" rpc076",beer,
31022,-1,unclustered,0.0,beets,beets,
350351,-1,unclustered,0.0,bell & evan chicken tenderloins-4/#10,bell,
340440,-1,unclustered,0.0,bell & evans b/s chicken thighs-4/10#,bell,
43022010,-1,unclustered,0.0,"belli rib, morris",belli,
82085810,-1,unclustered,0.0,"belli salted cov, pork alex deli",belli,
82081440,-1,unclustered,0.0,"belli salted, pork belmont #10570",belli,
43006020,-1,unclustered,0.0,belli skin on berkshire,belli,
43001090,-1,unclustered,0.0,belli skin on danish crown (denmark),belli,
43002010,-1,unclustered,0.0,"belli skin on, morris",belli,
43002010,-1,unclustered,0.0,"belli skin on, morris",belli,
43004160,-1,unclustered,0.0,"belli skin on, peoria",belli,
50141022,-1,unclustered,0.0,berry black 12/6oz,berry,6oz
50141020,-1,unclustered,0.0,berry blue 12/6oz,berry,6oz
971121599,-1,unclustered,0.0,best`s 5-7pc smoked beef slab bacon,best`s,
971121599,-1,unclustered,0.0,best`s 5-7pc smoked beef slab bacon,best`s,
10439,-1,unclustered,0.0,bf blood-z 4/1 gal,bf,1 g
10424IB,-1,unclustered,0.0,bf bones knuckle mix fmc 40#-z,bf,
1042400,-1,unclustered,0.0,bf bones knuckle mix fmc-10#-z,bf,
1042488,-1,unclustered,0.0,bf bones knuckle mix pva 50#-z,bf,
1042980,-1,unclustered,0.0,bf bones whl femur split 40#-z,bf,
41770,-1,unclustered,0.0,beef brisket }fc beef{ mex frozen,beef,
10027CT,-1,unclustered,0.0,bf cheek meat-z car-tay 60#,bf,
1002A1E,-1,unclustered,0.0,bf cheek meat-z evp 15#,bf,
10019891,-1,unclustered,0.0,bf chuck bi arm/sec ch *__,bf,
10089S,-1,unclustered,0.0,bf chuck bi blad/sec-n/o me suk 50#,bf,
10388656,-1,unclustered,0.0,bf chuck flap ch-aaa exc,bf,
10388103,-1,unclustered,0.0,bf chuck flap pr oma 12/3#,bf,
10388048,-1,unclustered,0.0,bf chuck flap->ch 00-oz 10#-vp,bf,
10388103,-1,unclustered,0.0,bf chuck flap pr oma 12/3#,bf,
10878769,-1,unclustered,0.0,bf chuck roll n/off ca aur #61620,bf,
1087HCAN,-1,unclustered,0.0,bf chuck roll n/off can-her,bf,
1087AAIC,-1,unclustered,0.0,bf chuck roll n/off ch aur #21620,bf,
10870577,-1,unclustered,0.0,bf chuck roll->1/8-in slc 3ct-vp,bf,3ct
10870544,-1,unclustered,0.0,bf chuck roll->3/8-in apolis~*,bf,
10870531,-1,unclustered,0.0,bf chuck roll->3x3 sqc/jac 10#,bf,
10870532,-1,unclustered,0.0,bf chuck roll->cts g/w,bf,
10870522,-1,unclustered,0.0,bf chuck roll->roast 2/5#,bf,
1087A2CF,-1,unclustered,0.0,bf chuck roll-z roast ch-gf wgf 9#,bf,
10090070,-1,unclustered,0.0,bf chuck scotch tender ute lpr,bf,
10090070,-1,unclustered,0.0,bf chuck scotch tender ute lpr,bf,
1008A2G1,-1,unclustered,0.0,bf chuck shl clod xt ang omc,bf,
10088988,-1,unclustered,0.0,bf chuck shl clod xt cab oma,bf,
10089894,-1,unclustered,0.0,bf chuck shl clod xt ch nat,bf,
1008A2G1,-1,unclustered,0.0,bf chuck shl clod xt ang omc,bf,
100761,-1,unclustered,0.0,bf chuck shl-clod tendr/tm ang oma,bf,
10074944,-1,unclustered,0.0,bf clod top blade ch *__,bf,
10075024,-1,unclustered,0.0,bf clod top blade ch nat,bf,
10075015,-1,unclustered,0.0,bf clod top blade ch oma,bf,
103672,-1,unclustered,0.0,bf diced sirl 1/4-3/8 in 4/2.5#-vp,bf,
10038176,-1,unclustered,0.0,bf diced stew meat-z gf grf-8/16-oz,bf,
10660951,-1,unclustered,0.0,bf diced stew meat-z gf wgf12/1#,bf,
10870510,-1,unclustered,0.0,bf diced stew/chuck 00-in 2/5#-vp,bf,
10870526,-1,unclustered,0.0,bf diced stew/chuck 01-in 5/1#-vp,bf,
10870538,-1,unclustered,0.0,bf diced stew/rnd-knu 00-in 2/5#-vp,bf,
10424G,-1,unclustered,0.0,bf fat ground-z 10#,bf,
10436660,-1,unclustered,0.0,bf fat kidney-z suet 30#,bf,
10436661,-1,unclustered,0.0,bf fat kidney-z suet blm,bf,
104361,-1,unclustered,0.0,bf fat suet halal 60# bea-z,bf,
10436R,-1,unclustered,0.0,bf fat tallow col 50#,bf,
1046A4PL,-1,unclustered,0.0,bf feet-z-sliced me 1-in suk 30#,bf,
41010,-1,unclustered,0.0,bf flank steak *lp-afg*,bf,
41000,-1,unclustered,0.0,bf flank steak *palo duro* 425155,bf,
10426F,-1,unclustered,0.0,bf fries bull afg-06241 20#-z,bf,
1041928,-1,unclustered,0.0,bf grnd 73 fine nat 8/10#,bf,
10500035,-1,unclustered,0.0,bf grnd 75 fine and 4/10#,bf,
104170,-1,unclustered,0.0,bf grnd 80 fine excel 8/10#,bf,
104164,-1,unclustered,0.0,bf grnd 81 fine ame 6/10#,bf,
104230,-1,unclustered,0.0,bf grnd 81 fine cab oma 6/10#,bf,
1040993,-1,unclustered,0.0,bf grnd chuck 80 fine cab ibp 80#,bf,
1040958,-1,unclustered,0.0,bf grnd- chuck 75 coarse oma-hal,bf,
1040959,-1,unclustered,0.0,bf grnd- chuck 85 coarse oma-hal,bf,
1041928,-1,unclustered,0.0,bf grnd 73 fine nat 8/10#,bf,
10500040,-1,unclustered,0.0,bf grnd-z 73 fine swi 8/10#,bf,
10500035,-1,unclustered,0.0,bf grnd 75 fine and 4/10#,bf,
104170,-1,unclustered,0.0,bf grnd 80 fine excel 8/10#,bf,
10500018,-1,unclustered,0.0,bf grnd-z 80 fine nat 12/5#,bf,
10500041,-1,unclustered,0.0,bf grnd-z 80 fine nat 8/10#,bf,
10500042,-1,unclustered,0.0,bf grnd-z 80 fine swi 8/10#,bf,
1042234,-1,unclustered,0.0,bf grnd-z 80 jr`s 4/10#,bf,
104233,-1,unclustered,0.0,bf grnd-z 81 fine cab oma- 6/10#,bf,
1040953,-1,unclustered,0.0,bf grnd-z chuck nat 80 coarse ibp,bf,
97351900,-1,unclustered,0.0,bf ham/bf turkey(6/20 oz))lof,bf,20 oz
13004AL1,-1,unclustered,0.0,bf head meat-z ram,bf,
13005ASW,-1,unclustered,0.0,bf head whl w/ tongue-z ibb,bf,
13005432,-1,unclustered,0.0,bf head whl w/ tongue-z row,bf,
13005412,-1,unclustered,0.0,bf head whl w/ tongue-z uib 2pc,bf,
10437773,-1,unclustered,0.0,bf heart bnls-z grass-fed-wgf 16#,bf,
10192,-1,unclustered,0.0,bf intes/tripas lg-z afg split 30#,bf,
10190,-1,unclustered,0.0,bf intes/tripas lg-z oma 30#,bf,
10431K,-1,unclustered,0.0,bf kidneys-z ame 30#,bf,
10433K,-1,unclustered,0.0,bf kidneys-z aur 40#,bf,
10443565,-1,unclustered,0.0,bf lips-z car-tay 60#,bf,
10443876,-1,unclustered,0.0,bf lips-z evp 15#,bf,
1044309,-1,unclustered,0.0,bf lips-z ram 60#,bf,
10443566,-1,unclustered,0.0,bf lips-z row 30#,bf,
104435,-1,unclustered,0.0,bf lips-z wmb,bf,
10261972,-1,unclustered,0.0,bf loin short 0x1-dry age mbl rsv,bf,
10278016,-1,unclustered,0.0,bf loin strip 0x1 ang ch omc,bf,
10287,-1,unclustered,0.0,bf loin strip ch no.2 exc,bf,
10288,-1,unclustered,0.0,bf loin strip-z 0x1_no.2 nat,bf,
1035280,-1,unclustered,0.0,bf loin tend ssr ch fmc s/a,bf,
103716,-1,unclustered,0.0,bf loin tend ssr me pra,bf,
1036805,-1,unclustered,0.0,bf loin tenderute 4+ car w59080,bf,
10347PV1,-1,unclustered,0.0,bf loin tenderute 4+ pva,bf,
1036800,-1,unclustered,0.0,bf loin tenderute 5+ car w59090,bf,
10347PV,-1,unclustered,0.0,bf loin tenderute 6+ pva,bf,
1030A2I1,-1,unclustered,0.0,bf loin top but ch blm,bf,
1030A3NB,-1,unclustered,0.0,bf loin top but pr->jac,bf,
10600103,-1,unclustered,0.0,bf meat tenderizer 4/9.18#,bf,
104321Z,-1,unclustered,0.0,bf oxtail-z ibp 15# v1510db,bf,
1043202,-1,unclustered,0.0,bf oxtail-z ibp-xt 2pk 12.2#,bf,2pk
1043334,-1,unclustered,0.0,bf oxtail-z oma,bf,
10433000,-1,unclustered,0.0,bf oxtail-z-cut lft 2-in 26#,bf,
10516101,-1,unclustered,0.0,bf pat 100% oval-st 2-1 5#,bf,
10540052,-1,unclustered,0.0,bf pat 100% rnd-st 07-oz 10#,bf,
1051698,-1,unclustered,0.0,bf pat 100% rnd-st 10-oz 5#,bf,
10516022,-1,unclustered,0.0,bf pat 100% rnd-st 2-1 10#-ivp,bf,
10544082,-1,unclustered,0.0,bf pat 100% rnd-st 4-1 5#-ivp,bf,
10557,-1,unclustered,0.0,bf pat 100% rnd-st 8-1 mini 5#,bf,
10516454,-1,unclustered,0.0,bf pat 100% rnd-whop 4-1 10#,bf,
10516455,-1,unclustered,0.0,bf pat 100% rnd-whop 4-1 2/5#-vp,bf,
10516444,-1,unclustered,0.0,bf pat 100% rnd-whop 4-1 5#,bf,
10544412,-1,unclustered,0.0,bf pat 100% smash 5-1,bf,
10544413,-1,unclustered,0.0,bf pat 100% smash 5-1 vp,bf,
10516101,-1,unclustered,0.0,bf pat 100% oval-st 2-1 5#,bf,
10557,-1,unclustered,0.0,bf pat 100% rnd-st 8-1 mini 5#,bf,
10516454,-1,unclustered,0.0,bf pat 100% rnd-whop 4-1 10#,bf,
10516444,-1,unclustered,0.0,bf pat 100% rnd-whop 4-1 5#,bf,
10516018,-1,unclustered,0.0,bf pat ch rnd-thick 10-oz 4/4ct,bf,4ct
10516012,-1,unclustered,0.0,bf pat ch rnd-thick 2-1 2/5#-vp,bf,
10516170,-1,unclustered,0.0,bf pat ch-oval-st 07-oz 2/5#-vp,bf,
10517823,-1,unclustered,0.0,bf pat pr ***prime ***,bf,
10517166,-1,unclustered,0.0,bf pat pr rnd smash 10#,bf,
10517016,-1,unclustered,0.0,bf pat pr rnd-thick 10-oz 4/4ct,bf,4ct
10517012,-1,unclustered,0.0,bf pat pr rnd-thick 2-1 10# bb,bf,
10517015,-1,unclustered,0.0,bf pat pr rnd-thick 2-1 5/1#-vp,bf,
10517014,-1,unclustered,0.0,bf pat pr rnd-thick 2-1 5/2#-vp,bf,
10544C1,-1,unclustered,0.0,bf pat rnd oma 2-1 8oz hal-z,bf,8oz
10544C2,-1,unclustered,0.0,bf pat rnd oma 2-1 8oz-z,bf,8oz
10548013,-1,unclustered,0.0,bf pat sb grass-fed-z 10#,bf,
10590019,-1,unclustered,0.0,bf pat spec-bl -z .60 8-1 10#,bf,
1088385,-1,unclustered,0.0,bf pat-crk nba 81% 3-oz 22.5#-z,bf,
10544803,-1,unclustered,0.0,bf pat-crk pba 81% 3-1 6/2# hal-z,bf,
10038114,-1,unclustered,0.0,bf pat-grf 80% 2-1 4/3#-z,bf,
10038120,-1,unclustered,0.0,bf pat-grf 80% 3-1 6/2# iqf-z,bf,
1088386,-1,unclustered,0.0,bf pat-oma 81% 5.33-oz 12# hal-z,bf,
10545002,-1,unclustered,0.0,bf pat.jem pepper 4-1 6/3#-z,bf,
10425,-1,unclustered,0.0,bf pizzles,bf,
10426,-1,unclustered,0.0,bf pizzles car 30#-z,bf,
97405880,-1,unclustered,0.0,"bf polish sauge hot, scott pete (12/20z)",bf,
10169901,-1,unclustered,0.0,bf rib back rib-z gf wgf 22#,bf,
1015283,-1,unclustered,0.0,bf rib back riblet bbcue 20/2#vp,bf,
1003A2IB,-1,unclustered,0.0,bf ribeye bi hvy ch ibp d2347ac,bf,
10040015,-1,unclustered,0.0,bf ribeye bi hvy-dry age mbl rsv,bf,
1056A2IB,-1,unclustered,0.0,bf ribeye bnl l/o-hvy ch ibp d2147ac,bf,
1006534,-1,unclustered,0.0,bf ribeye bnl l/o-hvy her omc 1881,bf,
10065873,-1,unclustered,0.0,bf ribeye bnl l/o-lgt ang omc,bf,
10069LP,-1,unclustered,0.0,bf ribeye ute 08+ lpr,bf,
100693PL,-1,unclustered,0.0,bf ribeye ute 10+ *__,bf,
10069100,-1,unclustered,0.0,bf ribeye ute 10+ 4st,bf,
10069CGG,-1,unclustered,0.0,bf ribeye ute 10+ lpr,bf,
10069CGG,-1,unclustered,0.0,bf ribeye ute 10+ lpr,bf,
10069014,-1,unclustered,0.0,bf ribeye ute-z 10+ fpl,bf,
10038191,-1,unclustered,0.0,bf round bot rump-rst gf-zch grf 8#,bf,
1084165,-1,unclustered,0.0,bf round knuckle pld-z brazil,bf,
1006A13,-1,unclustered,0.0,bf round os flat cab bmt,bf,
1023B2IB,-1,unclustered,0.0,bf round os flat cab ibp,bf,
1021AAGO,-1,unclustered,0.0,bf round os flat cab oma,bf,
1023A2IB,-1,unclustered,0.0,bf round os flat ch ibp d6277ah,bf,
1023212,-1,unclustered,0.0,bf round os flat ch us2,bf,
1023A203,-1,unclustered,0.0,bf round os flat-s/off nr lpr,bf,
10605155,-1,unclustered,0.0,bf shank hind cc fm thors hmr,bf,
10605164,-1,unclustered,0.0,bf shank hind-frenched,bf,
10604AU,-1,unclustered,0.0,bf shank-meat bnl aur,bf,
10604AU,-1,unclustered,0.0,bf shank-meat bnl aur,bf,
10389A,-1,unclustered,0.0,bf short plate/navel bi *_,bf,
10389AA,-1,unclustered,0.0,bf short plate/navel bnl *_,bf,
10086248,-1,unclustered,0.0,bf short rib pla-bi ang oma,bf,
10086,-1,unclustered,0.0,bf short rib pla-bi ch ibp d2507ah,bf,
1016230,-1,unclustered,0.0,bf short rib pla-bi me lft,bf,
10161050,-1,unclustered,0.0,bf short rib pla-bi> ch ibp 16-oz,bf,
101612,-1,unclustered,0.0,bf short rib pla-bi> english cts,bf,
1016105N,-1,unclustered,0.0,bf short rib pla-bi> nr neb 16-oz,bf,
10158201,-1,unclustered,0.0,bf short rib pla-bnl>ch-12-oz 10#,bf,
101514,-1,unclustered,0.0,bf short rib-chu-bi ang omc.,bf,
10162,-1,unclustered,0.0,bf short rib-chu-bi> ch14-16-oz,bf,
19982999,-1,unclustered,0.0,bf short rib-chu-bi>-z me .25in,bf,
10082968,-1,unclustered,0.0,bf short rib-chu-bi>-z me 2.00-in,bf,
10722S,-1,unclustered,0.0,bf short rib-chu-bi>me .50in,bf,
10144985,-1,unclustered,0.0,bf short rib-chu-bnl>ch cts 10#,bf,
10435,-1,unclustered,0.0,bf spleen-z aur 30#,bf,
10636689,-1,unclustered,0.0,bf steak t-bone -z me 10-oz ivp,bf,
1042202,-1,unclustered,0.0,bf stk ckd season-z fajita 10#,bf,
100730,-1,unclustered,0.0,bf stk clod-tnd/tm ch 00s 11#,bf,
100733,-1,unclustered,0.0,bf stk clod-tnd/tm ch 03s 4/2.8#-vp,bf,
10073306,-1,unclustered,0.0,bf stk clod-tnd/tm ch 06s 4/2.25#vp,bf,
101604,-1,unclustered,0.0,bf stk flank ch diced.25-in 10#vp,bf,
10164S,-1,unclustered,0.0,bf stk hanger ch 00s 00ct,bf,00ct
1016408,-1,unclustered,0.0,bf stk hanger pr 08s 20ct ivp,bf,20ct
10329966,-1,unclustered,0.0,bf stk loin bb baltip->cts-vp,bf,
10030916,-1,unclustered,0.0,bf stk ribeye bi ch 16s 10#,bf,
10030922,-1,unclustered,0.0,bf stk ribeye bi ch 22s 10#,bf,
1004018,-1,unclustered,0.0,bf stk ribeye bi-cowboy ch 18s ivp,bf,
1004148,-1,unclustered,0.0,bf stk ribeye bi-cowboy ch 24s ivp,bf,
1004140,-1,unclustered,0.0,bf stk ribeye bi-cowboy ch cts,bf,
1004081,-1,unclustered,0.0,bf stk ribeye bi-tomahk ch 00s ivp,bf,
10067568,-1,unclustered,0.0,bf stk ribeye bnl ch 18-oz del,bf,
10067561,-1,unclustered,0.0,bf stk ribeye bnl ch cc11 10ct yolk,bf,10ct
10067508,-1,unclustered,0.0,bf stk ribeye bnl ch ee 07,bf,
10065760,-1,unclustered,0.0,bf stk ribeye bnl ch ee-s/a-3/1-iwp,bf,
10061120,-1,unclustered,0.0,bf stk ribeye bnl ch oma 12s,bf,
10371010,-1,unclustered,0.0,bf stk ribeye bnl pr 08s thick ivp,bf,
10067574,-1,unclustered,0.0,bf stk ribeye bnl pr 18-oz del,bf,
1006756P,-1,unclustered,0.0,bf stk ribeye bnl pr oma cc12s 10p,bf,
10069C,-1,unclustered,0.0,bf stk ribeye ute08+ ee3-1 20#,bf,
10069804,-1,unclustered,0.0,bf stk ribeye ute10+ cube 3-1 ivp,bf,
10069803,-1,unclustered,0.0,bf stk ribeye ute10+ ee3-1 lp,bf,1 l
10260892,-1,unclustered,0.0,bf stk shrtln 2x3 ch ee00s,bf,
10261308,-1,unclustered,0.0,bf stk shrtln ch cts ivp,bf,
10261310,-1,unclustered,0.0,bf stk shrtln ch ee tb+ph 10s ivp,bf,
10635,-1,unclustered,0.0,bf stk shrtln ch ee tb+ph 16s sa,bf,
10260850,-1,unclustered,0.0,bf stk shrtln ch gom phse cts,bf,
102612BB,-1,unclustered,0.0,bf stk shrtln pr 24-oz u,bf,
10261204,-1,unclustered,0.0,bf stk shrtln pr cts ivp s/a,bf,
10260851,-1,unclustered,0.0,bf stk shrtln pr gom phse cts,bf,
10636686,-1,unclustered,0.0,bf stk shrtln t-bone me 08s ee20p,bf,
10283P,-1,unclustered,0.0,bf stk strip bnl ch ee00s,bf,
10305846,-1,unclustered,0.0,bf stk strip bnl ch-v snug 08s 10#,bf,
10305845,-1,unclustered,0.0,bf stk strip bnl ch-v snug 10s 10#,bf,
10305888,-1,unclustered,0.0,bf stk strip bnl ch-v snug 6s 10#,bf,
10305930,-1,unclustered,0.0,bf stk strip bnl-v lngi ch08 10#,bf,
10371176,-1,unclustered,0.0,bf stk strip-z bnl ch>snug 7oz,bf,7oz
10371180,-1,unclustered,0.0,bf stk strip-z bnl ch>vein 12oz,bf,12oz
10371160,-1,unclustered,0.0,bf stk tndr filet ch 06s cc tray,bf,
10371164,-1,unclustered,0.0,bf stk tndr filet ch 07s cc tray??,bf,
1038701,-1,unclustered,0.0,bf stk tndr-tail/tip fmc 10#,bf,
10387012,-1,unclustered,0.0,bf stk tndr-tail/tip fmc-1#vp,bf,
1030A201,-1,unclustered,0.0,bf stk top but-> cut 10-oz sall,bf,
10185240,-1,unclustered,0.0,bf stk top sir strip stir fry 4/3#,bf,
10422F,-1,unclustered,0.0,bf stk trim fajita cut ch 10#,bf,
1042201,-1,unclustered,0.0,bf stk trim fajita cut ch 4/3#vp,bf,
10422045,-1,unclustered,0.0,bf stk trim stroganof ch 10#,bf,
10038260,-1,unclustered,0.0,bf stk-z ribeye bnl ch grf 10s/6,bf,
10875281,-1,unclustered,0.0,bf stk-z rnd top ch wgf 12-oz,bf,
10636686,-1,unclustered,0.0,bf stk shrtln t-bone me 08s ee20p,bf,
10261978,-1,unclustered,0.0,bf stk-z shrtln t-bone me ee10oz,bf,10oz
10261977,-1,unclustered,0.0,bf stk-z shrtln t-bone-z me ee12oz,bf,12oz
10371179,-1,unclustered,0.0,bf stk-z tndr filet ch-gf wgf 06s,bf,
1036366,-1,unclustered,0.0,bf stk-z tndr-fil ch-gf 06s grf 8p,bf,
1038701,-1,unclustered,0.0,bf stk tndr-tail/tip fmc 10#,bf,
10387879,-1,unclustered,0.0,bf stk-z tndr-tail/tip mbl 10#,bf,
10038368,-1,unclustered,0.0,bf stk-z top sir ch-gf 08s grf 8p,bf,
10441S99,-1,unclustered,0.0,bf sweet breads-z car 30#,bf,
104410,-1,unclustered,0.0,bf sweet breads-z oma 20#,bf,
104411,-1,unclustered,0.0,bf sweet breads-z wre 20#,bf,
101653,-1,unclustered,0.0,bf taco meat alex meat 60#,bf,
10165SA,-1,unclustered,0.0,bf taco meat fmc-sam 10#,bf,
10165800,-1,unclustered,0.0,bf taco meat fulton market 8/5#,bf,
10165802,-1,unclustered,0.0,bf taco meat fulton market-vp,bf,
1016510,-1,unclustered,0.0,bf taco meat tend-z gwb 4/5# cvp,bf,
104424,-1,unclustered,0.0,bf tendon leg achilles-z ame 30#,bf,
104428,-1,unclustered,0.0,bf tendon leg achilles-z car 20#,bf,
10443522,-1,unclustered,0.0,bf tong-z root filet oma 30#,bf,
10490223,-1,unclustered,0.0,bf tong-z trim gom 60#,bf,
104239,-1,unclustered,0.0,bf trim 50% fat-z,bf,
10423885,-1,unclustered,0.0,bf trim spec trim-z ch ibp 0147,bf,
10510,-1,unclustered,0.0,bf trim spec->cubed stk-00-oz 10#,bf,
10512,-1,unclustered,0.0,bf trim spec->cubed stk-05-oz 10#,bf,
10427,-1,unclustered,0.0,bf trimming fco 50%,bf,
10440333,-1,unclustered,0.0,bf tripe book/omasum-z 333 20#,bf,
10440HU1,-1,unclustered,0.0,bf tripe book/omasum-z oma-hal 25#,bf,
10440H1,-1,unclustered,0.0,bf tripe book/omasum-z san 25#,bf,
10389980,-1,unclustered,0.0,bf tripe reg cut,bf,
10441545,-1,unclustered,0.0,bf tripe reg scld fresh ame6475 60#,bf,
1044039,-1,unclustered,0.0,bf tripe reg scld-z 333 44#,bf,
10440800,-1,unclustered,0.0,bf tripe reg scld-z- els 1-in 50#,bf,
10440803,-1,unclustered,0.0,bf tripe reg scld-z->ame1.0-in 60#,bf,
10440802,-1,unclustered,0.0,bf tripe reg scld-z->ame1.5-in 60#,bf,
10440801,-1,unclustered,0.0,bf tripe reg scld-z->aur1-in 70#,bf,
1006490,-1,unclustered,0.0,bf wag bhf bacon 20/1#-z,bf,
1006462,-1,unclustered,0.0,bf wag bhf grind-75 brk 10/1#-z,bf,
1006460,-1,unclustered,0.0,bf wag bhf grind-75 brk 25/1#-z,bf,
1006473,-1,unclustered,0.0,bf wag bhf pat-75 4-oz 20/2p 10#-z,bf,
1006472,-1,unclustered,0.0,bf wag bhf pat-75 8-oz 10/2p 10#-z,bf,
101724,-1,unclustered,0.0,bf wag msh short rib-chu-bnl,bf,
1006860,-1,unclustered,0.0,bf wag-jap-a5 loin strip hlv 1/12#,bf,5 l
1006871,-1,unclustered,0.0,bf wag-jap-a5 loin tnderloin-1/7#,bf,5 l
1006825,-1,unclustered,0.0,bf wag-jap-a5 ribeye bnl 1/12#,bf,
1006827,-1,unclustered,0.0,bf wag-jap-a5 ribeye-cap 2/3.5#,bf,
10277510,-1,unclustered,0.0,bf wag-jap-a5 short rib chuck 2/15#,bf,
1006781,-1,unclustered,0.0,bf wag-stk j-a5 ribeye bnl 11s-1p,bf,
10660981,-1,unclustered,0.0,bf wag-stk j-a5 strip bnl 10s-1p,bf,
10100000,-1,unclustered,0.0,bf-a cutting labor,bf-a,
1998677,-1,unclustered,0.0,bfstk chopped jemm 08 oz 8/4#-z,bfstk,08 oz
10519989,-1,unclustered,0.0,bfstk-frit ctry 5.3 oz hol-19007-z,bfstk-frit,5.3 oz
22018,-1,unclustered,0.0,bfstk-hoagie pat 3-1 jemm 15#-z,bfstk-hoagie,
22019,-1,unclustered,0.0,bfstk-philly 4-oz apf-350400 10#,bfstk-philly,
12510000,-1,unclustered,0.0,bht,bht,
450106,-1,unclustered,0.0,big game burger 20/8oz round,big,8oz
450105,-1,unclustered,0.0,big game burger 20/8oz round 4/5pc,big,8oz
90801432,-1,unclustered,0.0,biscuit btmlk 3-in 100/2.25 bf6185,biscuit,
71562250,-1,unclustered,0.0,bison bnls strips,bison,
71563350,-1,unclustered,0.0,bison bnls tenderloin,bison,
22058B,-1,unclustered,0.0,bison chuck roll-z 10#,bison,
71525220,-1,unclustered,0.0,bison export ribs,bison,
10416G1,-1,unclustered,0.0,bison grnd 10#-z,bison,
71244000,-1,unclustered,0.0,bison ground-4-2.5lb-broadleaf,bison,2.5lb
71103000,-1,unclustered,0.0,bison osso bucco,bison,
71319230,-1,unclustered,0.0,bison ribeye bnls,bison,
71562251,-1,unclustered,0.0,bison short ribs bnls,bison,
71562252,-1,unclustered,0.0,bison short ribs bone in,bison,
71720500,-1,unclustered,0.0,bison wings brd bnls,bison,
907800,-1,unclustered,0.0,black bean empanada,black,
900221,-1,unclustered,0.0,black bean soup,black,
88780,-1,unclustered,0.0,black container ve-878b 32oz *queen*,black,32oz
210002,-1,unclustered,0.0,black forest ham logs,black,
62063,-1,unclustered,0.0,black mussel whole 10#,black,
625584,-1,unclustered,0.0,black oak rope sausage 11#,black,
84010,-1,unclustered,0.0,black pepper powder 5# each,black,
88680,-1,unclustered,0.0,black plastic container 6x9 28 oz,black,28 oz
190811,-1,unclustered,0.0,black river farms 90/10 boxed triming,black,
85291,-1,unclustered,0.0,black soy sauce *dsb* brand,black,
85290,-1,unclustered,0.0,black soy sauce *khs* 12 glass bottles,black,12 g
13179984,-1,unclustered,0.0,"blade b/i chuck, aurora (ch)",blade,
13173790,-1,unclustered,0.0,"blade b/in chuck, ch, black mountain",blade,
99999,-1,unclustered,0.0,blank,blank,
84941,-1,unclustered,0.0,bleach 5.25% 1/3 gallon,bleach,3 g
99914,-1,unclustered,0.0,bleach 6/1 gal majestic,bleach,1 g
96725890,-1,unclustered,0.0,"blk fores ham, lof delis 8/9oz (4.5#)",blk,9oz
96705940,-1,unclustered,0.0,"blk frt ham&blk frttky,lofp 6c,6/20 (7.5",blk,
31604,-1,unclustered,0.0,blood orange 22# case,blood,
51011,-1,unclustered,0.0,blue crab 5/7ct 12/2#,blue,7ct
77084369,-1,unclustered,0.0,"blue crab, gumbo 3-7ct, panamei (16/1#)",blue,7ct
77002179,-1,unclustered,0.0,"blue crabs, whole cleaned 3/5ct, mazzure",blue,5ct
77019989,-1,unclustered,0.0,"blue crabs, whole cleaned 5/7ct, mazzure",blue,7ct
77022179,-1,unclustered,0.0,"blue crabs, whole cleaned 7-9ct, mazzure",blue,9ct
99190,-1,unclustered,0.0,blue mask procedural style w/loops,blue,
60202250,-1,unclustered,0.0,"blue ribbon, 4/1, turkey patties",blue,
78679980,-1,unclustered,0.0,"blue runner, .75-1 whole lwp, (25#)",blue,
77042179,-1,unclustered,0.0,"blue swimming crab lump meat (tubs), wil",blue,
77052179,-1,unclustered,0.0,"blue swimming crab special meat (tubs),",blue,
620072,-1,unclustered,0.0,bnls smoked pork loin,bnls,
120882,-1,unclustered,0.0,bnls top blade flat iron dices-3/10#,bnls,
72114000,-1,unclustered,0.0,boar st louie ribs,boar,
72780000,-1,unclustered,0.0,boar wild ground frz,boar,
84451,-1,unclustered,0.0,"boba straws 9"" (slant,strip color) vesin",boba,
1834070,-1,unclustered,0.0,bologna thm-rings 10/1.5#,bologna,
37,-1,unclustered,0.0,bone cover,bone,
41651900,-1,unclustered,0.0,bone in airline tky breast,bone,
4079,-1,unclustered,0.0,bone in filletts 12oz,bone,12oz
32625,-1,unclustered,0.0,bone in ham 13/18-wheeling transp,bone,
420810,-1,unclustered,0.0,bone in lamb legs 8-10# ea,bone,
261111,-1,unclustered,0.0,bone in pork butt-sliced 1/4,bone,
200402,-1,unclustered,0.0,bone/in beef shank,bone/in,
420081,-1,unclustered,0.0,boneless lamb loin 8-10oz,boneless,10oz
240007,-1,unclustered,0.0,boneless pork loin-canadian s,boneless,
45032730,-1,unclustered,0.0,boneless pork ribs - original bbq (6 x 1,boneless,
207900012,-1,unclustered,0.0,"boneless thin, cut pork, chop",boneless,
40181960,-1,unclustered,0.0,"bones edible, pork (10# bag)",bones,
40189960,-1,unclustered,0.0,"bones inedible combo, pork",bones,
40289990,-1,unclustered,0.0,"bones(cut), pork moesle","bones(cut),",
10151000,-1,unclustered,0.0,"bones, greater omaha","bones,",
78472219,-1,unclustered,0.0,"bonito, whole 2/4, (33#)","bonito,",
21220,-1,unclustered,0.0,bonless ham brtsiouxpreme/ibp/seaboard,bonless,
84553,-1,unclustered,0.0,bossen tapioca pearl - 6/6.6# onlly,bossen,
31090,-1,unclustered,0.0,boston lettuce,boston,
99276100,-1,unclustered,0.0,box meat 10# plain,box,
99289,-1,unclustered,0.0,box meat 5# wht/plain,box,
99277,-1,unclustered,0.0,box meat 70# brwn plain,box,
99999980,-1,unclustered,0.0,boxes,boxes,
170003,-1,unclustered,0.0,"boyles royal round, c/b stmshp",boyles,
40431060,-1,unclustered,0.0,"brains 12/1# tubes, pork indiana (12#)",brains,
40471060,-1,unclustered,0.0,"brains, pork indiana (25#)","brains,",
34096,-1,unclustered,0.0,braised beef,braised,
22616300,-1,unclustered,0.0,brakebush 2nd wing honey 8-12pc/lb,brakebush,
22515400,-1,unclustered,0.0,brakebush breaded breast fully ckd 4oz,brakebush,4oz
22584100,-1,unclustered,0.0,brakebush breaded breast strip full cook,brakebush,
22585810,-1,unclustered,0.0,brakebush breaded breast strip gluten fr,brakebush,
22505600,-1,unclustered,0.0,brakebush breaded fillet fully ckd 6oz,brakebush,6oz
22562200,-1,unclustered,0.0,brakebush breaded nuggets fully cooked,brakebush,
22591200,-1,unclustered,0.0,brakebush breaded patties fully cooked,brakebush,
22583500,-1,unclustered,0.0,brakebush breast cutlets spicy f/c brd,brakebush,
22584400,-1,unclustered,0.0,brakebush breast strip fully cooked,brakebush,
22652600,-1,unclustered,0.0,brakebush buffalo wings,brakebush,
22520600,-1,unclustered,0.0,brakebush cayenne kicker 4oz breast,brakebush,4oz
22659000,-1,unclustered,0.0,brakebush country krisp 9cut,brakebush,
22656200,-1,unclustered,0.0,brakebush country krisp wing,brakebush,
22559000,-1,unclustered,0.0,brakebush fritter chunk fully cooked,brakebush,
22657200,-1,unclustered,0.0,brakebush inferno wings,brakebush,
22651600,-1,unclustered,0.0,brakebush naked wingettes,brakebush,
22594400,-1,unclustered,0.0,brakebush patties breaded fully cooked,brakebush,
22557100,-1,unclustered,0.0,brakebush popcorn breast fritter,brakebush,
22505046,-1,unclustered,0.0,brakebush signature filet crispy breaded,brakebush,
22577900,-1,unclustered,0.0,brakebush tenderloin southern style raw,brakebush,
22505467,-1,unclustered,0.0,brakebush tenderloins gold spice-,brakebush,
22506000,-1,unclustered,0.0,brakebush tenderloins raw bulk 1.3oz,brakebush,1.3oz
22654600,-1,unclustered,0.0,brakebush unbreaded cooked wing,brakebush,
22616100,-1,unclustered,0.0,brakebush wings 1st joint only with hone,brakebush,
22626200,-1,unclustered,0.0,brakebush wings ditties wingette 7-12,brakebush,
2205057,-1,unclustered,0.0,brakebush-breaded filet 5oz,brakebush-breaded,5oz
78004369,-1,unclustered,0.0,"branzino, fillet s/on ivp, panamei 20/1#","branzino,",
78001789,-1,unclustered,0.0,"branzino, so fillet (retail) 12x12z (9#)","branzino,",
SP72035,-1,unclustered,0.0,bratwurst 21#,bratwurst,
SP720,-1,unclustered,0.0,bratwurst 40z 5#,bratwurst,
94405070,-1,unclustered,0.0,"bratwurst 5-1, f/c, ogden f. (12/1#)",bratwurst,
86720,-1,unclustered,0.0,bratwurst bloody mary seasoning nf,bratwurst,
86610,-1,unclustered,0.0,bratwurst fiesta cheddar seasoning,bratwurst,
86620,-1,unclustered,0.0,bratwurst parmesan garlic seasoning,bratwurst,
620073,-1,unclustered,0.0,bratwurst patty 4-1 5# bx,bratwurst,
620074,-1,unclustered,0.0,bratwurst patty 5oz 10# bx,bratwurst,5oz
86602,-1,unclustered,0.0,bratwurst seasoning cosentino`s,bratwurst,
97525850,-1,unclustered,0.0,"bratwurst, swaggertys farms (8/19oz)","bratwurst,",19oz
97635880,-1,unclustered,0.0,"braunschweiger chunk sp, (12-1lb)",braunschweiger,1lb
78974369,-1,unclustered,0.0,brd fish fillets iqf rtl panamei (10/2#),brd,
78984369,-1,unclustered,0.0,brd fish patties iqf rtl panamei (10/2#),brd,
78994369,-1,unclustered,0.0,brd fish sticks iqf rtl panamei (10/2#),brd,
83420,-1,unclustered,0.0,bread crumbs 25# b60202,bread,
902715,-1,unclustered,0.0,bread crumbs 30#,bread,
902712,-1,unclustered,0.0,bread texas toast,bread,
84210,-1,unclustered,0.0,breaded buffalo wing sections 10/2#,breaded,
901090,-1,unclustered,0.0,breaded cheese curds-2/5#,breaded,
83700,-1,unclustered,0.0,breaded chicken fritter 6/5# fc,breaded,
92201,-1,unclustered,0.0,breaded chicken strip 12/1.5lb,breaded,1.5lb
84311,-1,unclustered,0.0,breaded coco jamaican 25ct,breaded,25ct
84000,-1,unclustered,0.0,breaded cream cheese jalapeno popper 6/5,breaded,
84211,-1,unclustered,0.0,breaded mozzarella sticks 8/3#,breaded,
84300,-1,unclustered,0.0,breaded onion rings 10#,breaded,
82143,-1,unclustered,0.0,breaded pollock fish 10# 590013,breaded,
84200,-1,unclustered,0.0,breaded popcorn shrimp 70/90ct 20#,breaded,90ct
70800,-1,unclustered,0.0,breaded shrimp-popcorn,breaded,
90281,-1,unclustered,0.0,breading chicken mix 50# tasty,breading,
90289,-1,unclustered,0.0,breading fish mix 50# fulton,breading,
90277,-1,unclustered,0.0,breading fish mix 50# king,breading,
95259,-1,unclustered,0.0,breading lem pep fry krisp 25#,breading,
920219,-1,unclustered,0.0,breakfast box combo pack,breakfast,
97385840,-1,unclustered,0.0,"breakfast links, williams s (15/12oz)",breakfast,12oz
63021650,-1,unclustered,0.0,"breast 14/16 tom, turkey",breast,
63049990,-1,unclustered,0.0,"breast 4/8 (chops - 1/2""), turkey moesle",breast,
63029980,-1,unclustered,0.0,"breast 8/10 tom, turkey",breast,
63011770,-1,unclustered,0.0,"breast b/in 4/8 tom, turkey (6pc) norbes",breast,
53061010,-1,unclustered,0.0,"breast b/in, split tray pack, chicken, t",breast,
53054800,-1,unclustered,0.0,"breast b/s, t. p., delta sunrise 12/llb",breast,
207900022,-1,unclustered,0.0,"breast bnls ckd, turkey butterball",breast,
207900007,-1,unclustered,0.0,"breast bnls ckd, turkey kretchmar",breast,
63039980,-1,unclustered,0.0,"breast bnls foil wrap, turkey",breast,
53054680,-1,unclustered,0.0,"breast bnls/sknls jumbo, foster farm 40#",breast,
53155540,-1,unclustered,0.0,"breast bnls/sknls, 3s t/p, organi miller",breast,
53051890,-1,unclustered,0.0,"breast bnls/sknls, chicken cvp casefarms",breast,
53051280,-1,unclustered,0.0,"breast bnls/sknls, chicken koch foods cv",breast,
53059980,-1,unclustered,0.0,"breast bnls/sknls, hor (40#)",breast,
53851040,-1,unclustered,0.0,"breast bnls/sknls, sanderson 14085 (40#)",breast,
53051010,-1,unclustered,0.0,"breast bnls/sknls, tray pack, tyson, chi",breast,
53053920,-1,unclustered,0.0,breast bnls/sknls chicken amick (40#),breast,
211023,-1,unclustered,0.0,breast bone- in perdue,breast,
207900040,-1,unclustered,0.0,"breast diced, chicken pre cooked, 8/5#",breast,
207900023,-1,unclustered,0.0,"breast strips, grlld ckd, windy hill 20#",breast,
900195,-1,unclustered,0.0,brew city battered waffle fries-6/4.5#,brew,
740680,-1,unclustered,0.0,briar street smoked ham - 2 piece box,briar,
729390,-1,unclustered,0.0,brickman ckd roast beef top round,brickman,
110120,-1,unclustered,0.0,"brisket beef pastrami, henry j, 10-12lb",brisket,12lb
114000,-1,unclustered,0.0,"brisket beef, ch",brisket,
114001,-1,unclustered,0.0,"brisket beef, ch, 9-11a",brisket,
114490,-1,unclustered,0.0,"brisket beef, whole, ch, 120 dekl, 4/9lb",brisket,9lb
12013693,-1,unclustered,0.0,"brisket bnls, aurora (ch_angus)",brisket,
12011090,-1,unclustered,0.0,"brisket bnls, black muntain",brisket,
12011204,-1,unclustered,0.0,"brisket bnls, creekstone (ch)",brisket,
12071001,-1,unclustered,0.0,"brisket bnls, greateromaha (prime)",brisket,
12013563,-1,unclustered,0.0,"brisket bnls, ibp star ranch (ch_angus)",brisket,
12011160,-1,unclustered,0.0,"brisket bnls, iowapremium (ch)",brisket,
12011590,-1,unclustered,0.0,"brisket bnls, mex fertres",brisket,
12013600,-1,unclustered,0.0,"brisket bnls, mex punta espada",brisket,
12011876,-1,unclustered,0.0,"brisket bnls, nebraska gold (nr_angus)",brisket,
12013575,-1,unclustered,0.0,"brisket bnls, tdo ibp (sel)",brisket,
920212,-1,unclustered,0.0,brisket burger 5-2# pkgs,brisket,
110005,-1,unclustered,0.0,"brisket corned beef ckd, dan`s",brisket,
110006,-1,unclustered,0.0,"brisket corned beef raw frz, 9-12lb",brisket,12lb
110011,-1,unclustered,0.0,"brisket corned beef, beas best",brisket,
110001,-1,unclustered,0.0,"brisket corned beef, henry j",brisket,
110002,-1,unclustered,0.0,"brisket corned beef, shamrock",brisket,
12211024,-1,unclustered,0.0,"brisket flat, national (ch)",brisket,
110004,-1,unclustered,0.0,"brisket pulled beef bbq, rich, 2/5lb",brisket,5lb
72085890,-1,unclustered,0.0,brkfst com-z bangers fc 3.2-oz 2/5#,brkfst,
1391437,-1,unclustered,0.0,brkfst com-z raw bulk 2/5# 21437,brkfst,
72088N,-1,unclustered,0.0,brkfst fon link ckd chk/cran 2-oz 2/6#,brkfst,
72062545,-1,unclustered,0.0,brkfst fon link-393 4-in 2-oz 10#,brkfst,
7203802,-1,unclustered,0.0,brkfst hat link-finger 1-oz 2/10#,brkfst,
7203801,-1,unclustered,0.0,brkfst hat link-lrg 2-oz 2/10#,brkfst,
7203018,-1,unclustered,0.0,brkfst hat link-sunr 2.75-oz 6/5#,brkfst,
7203904,-1,unclustered,0.0,brkfst hat pat 2-oz 10#,brkfst,
13966IN,-1,unclustered,0.0,brkfst ind pat-83035 fc2-oz w 10#,brkfst,
72047,-1,unclustered,0.0,brkfst jones link 16/12-oz,brkfst,
72047013,-1,unclustered,0.0,brkfst jones pat fc 2-oz 18750 10#,brkfst,
72047012,-1,unclustered,0.0,brkfst jones pat fc1.5-oz 18853 10#,brkfst,
7204020,-1,unclustered,0.0,brkfst peer link-20020 1-oz 16/14oz,brkfst,14oz
72076132,-1,unclustered,0.0,brkfst peer pat-5605 2-oz w 10#,brkfst,
72076133,-1,unclustered,0.0,brkfst peer pat-5606 3-oz w 10#,brkfst,
720852,-1,unclustered,0.0,brkfst peer-chk link 1.5-oz 13.5#-z,brkfst,
105621,-1,unclustered,0.0,brkfst-z link rose-700205 fc,brkfst-z,
72088P,-1,unclustered,0.0,brkfst-z pat rose-800158 fc,brkfst-z,
72863,-1,unclustered,0.0,brkfst thm link-fc-ret2863 6/12-oz,brkfst,
7204406,-1,unclustered,0.0,brkfst-z$-trky pat-cpf916 10#,brkfst-z$-trky,
450131,-1,unclustered,0.0,broadleaf buffalo patties 3-1-10#,broadleaf,
455012,-1,unclustered,0.0,broadleaf elk jerky-2oz,broadleaf,2oz
456136,-1,unclustered,0.0,broadleaf elk stew-10#,broadleaf,
454082,-1,unclustered,0.0,broadleaf retail buffalo ribeye steaks,broadleaf,
454080,-1,unclustered,0.0,broadleaf retail buffalo strip steaks,broadleaf,
455013,-1,unclustered,0.0,broadleaf venison jerky-2oz,broadleaf,2oz
31120,-1,unclustered,0.0,broccoli crown (n.y.cut),broccoli,
50138200,-1,unclustered,0.0,brocoli bunch 3ct,brocoli,3ct
50138212,-1,unclustered,0.0,brocoli crowns 10#,brocoli,
50138210,-1,unclustered,0.0,brocoli crowns 20#,brocoli,
90342127,-1,unclustered,0.0,broth chk boui maggi,broth,
90342113,-1,unclustered,0.0,broth chk flavor knorr 4/1 gal,broth,1 g
90342126,-1,unclustered,0.0,broth shrimp bouillon knorr 4.4#,broth,
90342124,-1,unclustered,0.0,broth tomato w/chk flv knorr 4.4#,broth,
96040,-1,unclustered,0.0,browning,browning,
64125890,-1,unclustered,0.0,brt veal leg,brt,
620175,-1,unclustered,0.0,bryan smoked buffet ham-sliced 3oz,bryan,3oz
190819,-1,unclustered,0.0,"bskt, chuck, sh rib 4oz pattie","bskt,",4oz
22089H1,-1,unclustered,0.0,buf wing sauce frank`s 4/1 gal,buf,1 g
70129989,-1,unclustered,0.0,buffalo #1 scalded & dressed,buffalo,
454215,-1,unclustered,0.0,buffalo clods,buffalo,
71562210,-1,unclustered,0.0,buffalo ground,buffalo,
912789,-1,unclustered,0.0,buffalo ground 2#,buffalo,
20056,-1,unclustered,0.0,buffalo ground 2/5#-z,buffalo,
20064B,-1,unclustered,0.0,buffalo patties 2/1 10#,buffalo,
91207CG,-1,unclustered,0.0,buffalo patties 5.3oz 2#,buffalo,5.3oz
20072,-1,unclustered,0.0,buffalo ribeye 8#-z,buffalo,
71103010,-1,unclustered,0.0,buffalo short ribs,buffalo,
454232,-1,unclustered,0.0,buffalo/bison striploin,buffalo/bison,
620076,-1,unclustered,0.0,bulk bratwurst 10# bag,bulk,
620035,-1,unclustered,0.0,bulk chorizo 2/5#,bulk,
620077,-1,unclustered,0.0,bulk italian saus 10# bag,bulk,
620078,-1,unclustered,0.0,bulk pork sausage 10# bag,bulk,
45700,-1,unclustered,0.0,bull fries *palo duro* 30#,bull,
10281070,-1,unclustered,0.0,"bull fries, beef paloduro",bull,
10281030,-1,unclustered,0.0,"bull fries, beef, jbs four star",bull,
45710,-1,unclustered,0.0,bull pizzle fz561,bull,
40131010,-1,unclustered,0.0,"bung, pork (15#) ibp","bung,",
40131530,-1,unclustered,0.0,"bung, pork tri eagle (30#)","bung,",
97872895,-1,unclustered,0.0,bunmaster hotdogs(8/1.5lb)roger wood,bunmaster,1.5lb
200523,-1,unclustered,0.0,buns hamburger w/sesame seed 10ct,buns,10ct
200521,-1,unclustered,0.0,buns hamburger w/sesame seed 12/1#,buns,
25380,-1,unclustered,0.0,buns steamed with pork *peking*,buns,
25260,-1,unclustered,0.0,buns w/red bean paste *chef hon*,buns,
98017,-1,unclustered,0.0,burger patties beef angus 12/21oz halal,burger,21oz
1054430,-1,unclustered,0.0,burgers impossible 4-1 40ct-z,burgers,40ct
105409,-1,unclustered,0.0,burgers sams 3-1 blk ang 12/2#,burgers,
SP1113,-1,unclustered,0.0,burrito - breakfast,burrito,
46081150,-1,unclustered,0.0,"butt bone in 1/4"", seaboard",butt,
46083350,-1,unclustered,0.0,"butt bone in, 4/2 vac, swift",butt,
46083350,-1,unclustered,0.0,"butt bone in, 4/2 vac, swift",butt,
46091150,-1,unclustered,0.0,"butt boneless 1/4 vp, pork, seaboard",butt,
46091920,-1,unclustered,0.0,butt boneless prestage,butt,
46091980,-1,unclustered,0.0,"butt boneless vp, pk, smithfield #70659",butt,
46091010,-1,unclustered,0.0,"butt boneless vp, pork, ibp",butt,
46092420,-1,unclustered,0.0,"butt boneless vp, pork, redwood",butt,
46099990,-1,unclustered,0.0,"butt boneless, (poly), moesle",butt,
46092080,-1,unclustered,0.0,"butt boneless, dekalb #14301",butt,
46089980,-1,unclustered,0.0,butt boston bone in combo pork,butt,
46099980,-1,unclustered,0.0,butt boston boneless combo pork,butt,
46109990,-1,unclustered,0.0,"butt ct #1 (poly), moesle (70#)",butt,
46119990,-1,unclustered,0.0,"butt ct (b) (poly), moesle (35#)",butt,
46219990,-1,unclustered,0.0,"butt ct, ivp moesle (35#)",butt,
15321214,-1,unclustered,0.0,"butt tender, creekstone (ch)",butt,
15321211,-1,unclustered,0.0,"butt tender, creekstone (prime)",butt,
15323380,-1,unclustered,0.0,"butt tender, karnika (mex)",butt,
30571026,-1,unclustered,0.0,butter 1/4`s salt 18/1#,butter,
96032,-1,unclustered,0.0,butter beans,butter,
30571050,-1,unclustered,0.0,butter por 90ct cup,butter,90ct
3057099,-1,unclustered,0.0,butter solid salt 36/1#,butter,
30571020,-1,unclustered,0.0,butter solid uns 36/1#,butter,
30570983,-1,unclustered,0.0,butter-blend cntry crock 4-6/5#,butter-blend,
78562219,-1,unclustered,0.0,butterfish (30#) west bay,butterfish,
29404000,-1,unclustered,0.0,c,c,
501301,-1,unclustered,0.0,cabbage green box 50#,cabbage,
50130015,-1,unclustered,0.0,cabbage grn 3 ct,cabbage,3 ct
5014421,-1,unclustered,0.0,cactus slc 6/#10,cactus,
501441,-1,unclustered,0.0,cactus whl w/ spine 35-38#,cactus,
83860,-1,unclustered,0.0,cafe special c&c 24/15oz 65315,cafe,15oz
86710,-1,unclustered,0.0,cajun bratwurst seasoning ro01220,cajun,
625983,-1,unclustered,0.0,cajun style sausage,cajun,
21061975,-1,unclustered,0.0,calamari brd ring 12#-z *__,calamari,
78012419,-1,unclustered,0.0,calamari breaded (6/2#),calamari,
21059S,-1,unclustered,0.0,calamari tube only iqf u5 22#-z,calamari,
19990,-1,unclustered,0.0,calendar - 2025,calendar,
62323,-1,unclustered,0.0,cali squid 12x3,cali,
21,-1,unclustered,0.0,call for price quoted daily,call,
32430001,-1,unclustered,0.0,cancel,cancel,
994691,-1,unclustered,0.0,canliner comb 49x42x96,canliner,
31210,-1,unclustered,0.0,cantaloupe,cantaloupe,
22046,-1,unclustered,0.0,capicola fio swt-z 20108 3/3.5#,capicola,
1901074,-1,unclustered,0.0,capon whl-z hol 05-07# 6ct,capon,6ct
1901080,-1,unclustered,0.0,capon whole hol-z 05-07# 6ct,capon,6ct
29084000,-1,unclustered,0.0,capons,capons,
96531246,-1,unclustered,0.0,caramel/apple upsidedown chudleigh,caramel/apple,
620421,-1,unclustered,0.0,carl`s whole hot pork sausage chub,carl`s,
610003,-1,unclustered,0.0,carolina smoked turkey breast,carolina,
31220,-1,unclustered,0.0,carrot (jumbo),carrot,
50131,-1,unclustered,0.0,carrots jumbo bulk 50#,carrots,
501313,-1,unclustered,0.0,carrots jumbo california 50#,carrots,
94913500,-1,unclustered,0.0,carrotts 50 lb sack,carrotts,50 lb
97487780,-1,unclustered,0.0,caseys franks (8-1.5lb)polks,caseys,1.5lb
97480780,-1,unclustered,0.0,caseys hot links(8-28oz))polks,caseys,28oz
82500,-1,unclustered,0.0,cashew nuts whole - w320 10/5#,cashew,
10176C,-1,unclustered,0.0,casing bf middle 1ct,casing,1ct
12252C,-1,unclustered,0.0,casing lamb 22-24mm 1ct,casing,1ct
132216,-1,unclustered,0.0,casing pork bung-z 15#,casing,
11187678,-1,unclustered,0.0,casing veal sml 2/5#,casing,
11187679,-1,unclustered,0.0,casing veal sml 30#,casing,
413102,-1,unclustered,0.0,catelli 2oz veal cutlet-leg (bottom),catelli,2oz
410075,-1,unclustered,0.0,catelli 4oz veal liver,catelli,4oz
417300,-1,unclustered,0.0,catelli cooked veal shank osso bucco,catelli,
411022,-1,unclustered,0.0,catelli grain fed veal skirt steak,catelli,
190019,-1,unclustered,0.0,"beef trim 85%, organic prairie",beef,
411021,-1,unclustered,0.0,catelli milk fed veal skirt steak,catelli,
190168,-1,unclustered,0.0,catelli retail grass fed ground beef,catelli,
420111,-1,unclustered,0.0,catelli retail ground lamb 6#,catelli,
190117,-1,unclustered,0.0,catelli retail organic ground beef,catelli,
410630,-1,unclustered,0.0,"catelli small end osso bucco-1.5""",catelli,
101261,-1,unclustered,0.0,catering alum lid 1/2-size 100 ct,catering,100 ct
101262,-1,unclustered,0.0,catering alum lid full 50 ct,catering,50 ct
101259,-1,unclustered,0.0,catering alum pan 1/2-size 100 ct,catering,100 ct
101260,-1,unclustered,0.0,catering alum pan full 50 ct,catering,50 ct
70229989,-1,unclustered,0.0,"catfish 32/up, bloody",catfish,
70029989,-1,unclustered,0.0,"catfish 32oz, ag",catfish,32oz
70082249,-1,unclustered,0.0,"catfish 40oz/up, ag",catfish,40oz
70189989,-1,unclustered,0.0,"catfish 42/up, bloody",catfish,
70015829,-1,unclustered,0.0,"catfish fil, sknls ivp sea best (12/1#)",catfish,
513512,-1,unclustered,0.0,catfish filets-retail-12/1#,catfish,
70061309,-1,unclustered,0.0,"catfish fillets, miscut (15#)",catfish,
70062311,-1,unclustered,0.0,"catfish fillets, miscut, superior (15#)",catfish,
70029981,-1,unclustered,0.0,catfish head on ag,catfish,
80110,-1,unclustered,0.0,catfish nuggets mealed,catfish,
70079980,-1,unclustered,0.0,catfish steaks,catfish,
70079989,-1,unclustered,0.0,catfish steaks (30#),catfish,
70071459,-1,unclustered,0.0,catfish steaks superior iqf (15#),catfish,
82410,-1,unclustered,0.0,catfish whole 2-3 skin-on cleaned,catfish,
82411,-1,unclustered,0.0,catfish whole 5-7 skin-on clean 30#,catfish,
70064361,-1,unclustered,0.0,"catfish, fillets iqf, panamei (12/2#)","catfish,",
70091309,-1,unclustered,0.0,"catfish, whole 15-17 (15#)","catfish,",
920250,-1,unclustered,0.0,cattleman`s box,cattleman`s,
15132002,-1,unclustered,0.0,cb,cb,
410056,-1,unclustered,0.0,cc veal rib chop frenched,cc,
99987,-1,unclustered,0.0,cecina do not use,cecina,
48003,-1,unclustered,0.0,cecina fresca original 2/10# donpedros,cecina,
48001,-1,unclustered,0.0,cecina seca chile 5# donpedros,cecina,
48000,-1,unclustered,0.0,cecina seca limon 5# don pedros,cecina,
48002,-1,unclustered,0.0,cecina seca original 5# donpedros,cecina,
531260,-1,unclustered,0.0,censea cooked tail off p&d shrimp-5/2#,censea,
44094160,-1,unclustered,0.0,"center/middles, pork peoria","center/middles,",
453017,-1,unclustered,0.0,cervena elk ny strip,cervena,
450024,-1,unclustered,0.0,cervena ground venison-4/2.5#,cervena,
450020,-1,unclustered,0.0,cervena venison 2 rib racks,cervena,
458993,-1,unclustered,0.0,"cervena venison 3"" hind shank osso bucco",cervena,
450080,-1,unclustered,0.0,cervena venison 8 rib rack,cervena,
455225,-1,unclustered,0.0,cervena venison bistro filet,cervena,
194101,-1,unclustered,0.0,"beef stew 1/2, ch, 10#pkg",beef,
420004,-1,unclustered,0.0,ch domestic lamb racks cut-up,ch,
420680,-1,unclustered,0.0,ch lamb leg b-r-t 6/8#,ch,
163117,-1,unclustered,0.0,ch. angus l-o ribeye 12up #112,ch.,
12011090,-1,unclustered,0.0,"brisket bnls, black muntain",brisket,
83320,-1,unclustered,0.0,chaokoh coconut milk - 6x2900ml,chaokoh,2900ml
98004890,-1,unclustered,0.0,"charcoal, mesquite, el gallito (8.5#)","charcoal,",
501305,-1,unclustered,0.0,chayote liso,chayote,
750050,-1,unclustered,0.0,cheddar cheese 5lb pkg,cheddar,5lb
85425,-1,unclustered,0.0,cheddar mild feather shred stk12388,cheddar,
84202,-1,unclustered,0.0,cheddar rounds,cheddar,
4005,-1,unclustered,0.0,"chedder,shredded 4x5","chedder,shredded",
84352,-1,unclustered,0.0,chee hou sauce 6/5 *koon chun*,chee,
10083660,-1,unclustered,0.0,"cheek meat (cow), caviness (60#) #20120",cheek,
10089980,-1,unclustered,0.0,"cheek meat cooked, friboi (20#)",cheek,
10071050,-1,unclustered,0.0,"cheek meat, afg (30#)",cheek,
10083690,-1,unclustered,0.0,"cheek meat, aurora",cheek,
10073660,-1,unclustered,0.0,"cheek meat, caviness (30#) #20123",cheek,
10081370,-1,unclustered,0.0,"cheek meat, evp (15#)",cheek,
10081010,-1,unclustered,0.0,"cheek meat, ibp, cov",cheek,
10081160,-1,unclustered,0.0,"cheek meat, iowa premium (60#)",cheek,
10081020,-1,unclustered,0.0,"cheek meat, national",cheek,
10083350,-1,unclustered,0.0,"cheek meat, swift (60#)",cheek,
10061050,-1,unclustered,0.0,"cheek meat, white box afg (30#) cov",cheek,
40011530,-1,unclustered,0.0,"cheek meat,pork tri eagle (30#)",cheek,
92406100,-1,unclustered,0.0,cheese american 4/5 cs,cheese,
92401300,-1,unclustered,0.0,cheese baker,cheese,
92807000,-1,unclustered,0.0,cheese chedder smoked loafs /cs,cheese,
94039980,-1,unclustered,0.0,cheese cotija grated,cheese,
92111220,-1,unclustered,0.0,cheese cream pc,cheese,
85230,-1,unclustered,0.0,cheese crema centro americano 1/32#,cheese,
85101,-1,unclustered,0.0,cheese crema mexicna 1/32#,cheese,
92809000,-1,unclustered,0.0,cheese feta 2/8#,cheese,
92478900,-1,unclustered,0.0,cheese fresh mozzarella,cheese,
92421580,-1,unclustered,0.0,cheese monterey jack loaf 10# cs,cheese,
92457780,-1,unclustered,0.0,cheese paneer 20lb/cs,cheese,20lb
82302,-1,unclustered,0.0,cheese queso fresco 1/21#,cheese,
83310,-1,unclustered,0.0,cheese queso fresco 1/9#,cheese,
83901,-1,unclustered,0.0,cheese requeson 1/17#,cheese,
86418,-1,unclustered,0.0,cheese smk sharp cheddar 6#,cheese,
94009980,-1,unclustered,0.0,"cheese, brick buholzer","cheese,",
94074890,-1,unclustered,0.0,"cheese, cotija wedge, el viajero 12/12z","cheese,",
94019982,-1,unclustered,0.0,"cheese, oaxaca","cheese,",
96617430,-1,unclustered,0.0,cheesecake cherry swirl,cheesecake,
96621030,-1,unclustered,0.0,cheesecake oreogv,cheesecake,
96617530,-1,unclustered,0.0,cheesecake turtle distinctive,cheesecake,
900624,-1,unclustered,0.0,"chef pierre 8"" pumpkin pies-baked",chef,
4667,-1,unclustered,0.0,chep palletts,chep,
31250,-1,unclustered,0.0,cherry tomatoes 12/1pt,cherry,
19305910,-1,unclustered,0.0,"chicago style, bf patties 4/1, jemm 6/3#",chicago,
97772,-1,unclustered,0.0,chicken 65 kaiser halal,chicken,
10005,-1,unclustered,0.0,chicken 8pc cut up,chicken,
21102071,-1,unclustered,0.0,chicken airline breast (s) 7oz amish 18,chicken,7oz
21121071,-1,unclustered,0.0,chicken airline breast (s) t/in,chicken,
21198016,-1,unclustered,0.0,chicken airline breast 6-8oz koch,chicken,8oz
21103081,-1,unclustered,0.0,chicken airline breast organic 8 oz,chicken,8 oz
99996,-1,unclustered,0.0,chicken b/s breast (tyson) frozen!!,chicken,
10225,-1,unclustered,0.0,chicken b/s breast formosa/sandrsn,chicken,
10460,-1,unclustered,0.0,chicken b/s leg meat,chicken,
29104000,-1,unclustered,0.0,chicken backs 40# frozen,chicken,
29105000,-1,unclustered,0.0,chicken backs fresh 40lb/cs,chicken,40lb
29109000,-1,unclustered,0.0,chicken backs organic,chicken,
10810,-1,unclustered,0.0,chicken bone (bulk frames),chicken,
22420100,-1,unclustered,0.0,chicken brakebuch breast grillfillet 4oz,chicken,4oz
22583300,-1,unclustered,0.0,chicken brakebush breast cutlets gold`n`,chicken,
22421000,-1,unclustered,0.0,chicken brakebush breast fillet,chicken,
22532400,-1,unclustered,0.0,chicken brakebush breast fillet perfect,chicken,
22504400,-1,unclustered,0.0,chicken brakebush breast fillet southern,chicken,
22525700,-1,unclustered,0.0,chicken brakebush breast pulled & shredd,chicken,
22546600,-1,unclustered,0.0,chicken brakebush breast tenderloins gol,chicken,
22656100,-1,unclustered,0.0,chicken brakebush drumettes country kris,chicken,
22618800,-1,unclustered,0.0,chicken brakebush fryer 8 pc country kp,chicken,
22610400,-1,unclustered,0.0,chicken brakebush fryer honey touch 4pc,chicken,
22506700,-1,unclustered,0.0,chicken brakebush original tenderloins l,chicken,
22599000,-1,unclustered,0.0,chicken brakebush patties unbreaded f/c,chicken,
22537300,-1,unclustered,0.0,chicken brakebush tater chip tenderloins,chicken,
22670500,-1,unclustered,0.0,chicken brakebush thigh bonez(tm)roasted,chicken,
22720100,-1,unclustered,0.0,chicken brakebush wings bnls doo-wa ditt,chicken,
22720600,-1,unclustered,0.0,chicken brakebush wings country style br,chicken,
22563400,-1,unclustered,0.0,chicken breakbush breast b/out s/off ful,chicken,
23143340,-1,unclustered,0.0,chicken breast (s) 4oz / 24pc per box,chicken,4oz
23110004,-1,unclustered,0.0,chicken breast (s) 4oz 4/10 lb bags,chicken,4oz
23119004,-1,unclustered,0.0,chicken breast (s) 4oz butterflied,chicken,4oz
23644060,-1,unclustered,0.0,chicken breast (s) 6oz / 24 pc per box,chicken,6oz
23641006,-1,unclustered,0.0,chicken breast (s) 6oz / 24pc per box,chicken,6oz
23119006,-1,unclustered,0.0,chicken breast (s) 6oz butterflied,chicken,6oz
23015206,-1,unclustered,0.0,chicken breast (s) 6oz tray pack,chicken,6oz
23110061,-1,unclustered,0.0,chicken breast (s) 6oz-roll stock 1 per,chicken,6oz
23110017,-1,unclustered,0.0,chicken breast (s) 7oz cvp 2 per vac,chicken,7oz
23143001,-1,unclustered,0.0,chicken breast (s) amish,chicken,
20101234,-1,unclustered,0.0,chicken breast (w) 10oz- cvp 1 per,chicken,10oz
23242023,-1,unclustered,0.0,chicken breast (w) 12oz-koch,chicken,12oz
23120004,-1,unclustered,0.0,chicken breast (w) 4oz 4/10 lb. bags,chicken,4oz
23235079,-1,unclustered,0.0,chicken breast (w) 7-9oz cvp,chicken,9oz
23220007,-1,unclustered,0.0,chicken breast (w) 7oz cvp,chicken,7oz
23097440,-1,unclustered,0.0,chicken breast (w) bone in,chicken,
23244706,-1,unclustered,0.0,chicken breast (w) mesquite b/out s/off,chicken,
23020000,-1,unclustered,0.0,chicken breast (w)-bone in,chicken,
14100021,-1,unclustered,0.0,chicken breast (w)-frozen,chicken,
23421015,-1,unclustered,0.0,chicken breast 10 w -chef trim,chicken,
23120114,-1,unclustered,0.0,chicken breast 14oz single lobe,chicken,14oz
23110204,-1,unclustered,0.0,chicken breast 4oz (s)-421040,chicken,4oz
23904053,-1,unclustered,0.0,chicken breast 5oz mesquite solution add,chicken,5oz
23142065,-1,unclustered,0.0,chicken breast 6.5oz (s) b/out s/off 40p,chicken,6.5oz
23148060,-1,unclustered,0.0,chicken breast 6oz (s) b/out s/off 20lb/,chicken,6oz
23255080,-1,unclustered,0.0,chicken breast 8oz (w) b/in s/on,chicken,8oz
23111006,-1,unclustered,0.0,chicken breast all-natural (s) 6oz,chicken,6oz
23111008,-1,unclustered,0.0,chicken breast all-natural (s) 8oz,chicken,8oz
23245929,-1,unclustered,0.0,chicken breast amish 28#cs,chicken,
10236,-1,unclustered,0.0,chicken breast b/s 6oz butterfly,chicken,6oz
10230,-1,unclustered,0.0,chicken breast b/s 6oz fzn -15704-,chicken,6oz
10230,-1,unclustered,0.0,chicken breast b/s 6oz fzn -15704-,chicken,6oz
10237,-1,unclustered,0.0,chicken breast b/s 8oz butterfly,chicken,8oz
10234,-1,unclustered,0.0,chicken breast b/s 8oz split small box,chicken,8oz
310014,-1,unclustered,0.0,"chicken breast b/s iqf, kosher",chicken,
310001,-1,unclustered,0.0,"chicken breast b/s, harrison",chicken,
316615,-1,unclustered,0.0,"chicken breast b/s, tr pk, harvestland",chicken,
310011,-1,unclustered,0.0,chicken breast bi,chicken,
310018,-1,unclustered,0.0,chicken breast bi med split,chicken,
318675,-1,unclustered,0.0,"chicken breast bi, empire kosher, iqf",chicken,
310115,-1,unclustered,0.0,"chicken breast bi, med split, 40#",chicken,
SP3272,-1,unclustered,0.0,chicken breast bnls 4oz,chicken,4oz
12000,-1,unclustered,0.0,chicken breast bnls frozen,chicken,
310840,-1,unclustered,0.0,"chicken breast bnls, 1st wing joint on",chicken,
310092,-1,unclustered,0.0,"chicken breast bnls, skn, 8oz",chicken,8oz
10238,-1,unclustered,0.0,chicken breast bnls/son 10oz butterfly,chicken,10oz
23020010,-1,unclustered,0.0,chicken breast bone in perdue,chicken,
23012500,-1,unclustered,0.0,chicken breast bone in skin-on split,chicken,
23355000,-1,unclustered,0.0,chicken breast bone in split,chicken,
23355001,-1,unclustered,0.0,chicken breast bone in split 12 oz,chicken,12 oz
23282900,-1,unclustered,0.0,chicken breast boneless 14oz (w),chicken,14oz
27115290,-1,unclustered,0.0,chicken breast boneless chunks,chicken,
27115291,-1,unclustered,0.0,chicken breast boneless pieces,chicken,
23282990,-1,unclustered,0.0,chicken breast boneless random marinated,chicken,
23990000,-1,unclustered,0.0,chicken breast boneless smoked,chicken,
29204000,-1,unclustered,0.0,chicken breast bones 40 lb cs,chicken,40 lb
22586321,-1,unclustered,0.0,chicken breast breaded bnls wing-chunk,chicken,
23468281,-1,unclustered,0.0,chicken breast buffalo style fresh mt,chicken,
23004006,-1,unclustered,0.0,chicken breast cajun style frozen aspen,chicken,
310028,-1,unclustered,0.0,"chicken breast chunk bread, tyson",chicken,
23405000,-1,unclustered,0.0,chicken breast chunks,chicken,
23495112,-1,unclustered,0.0,chicken breast chunks trimmed,chicken,
310288,-1,unclustered,0.0,"chicken breast ckd, brakebush, 10#",chicken,
310019,-1,unclustered,0.0,"chicken breast ckd, dan`s",chicken,
310880,-1,unclustered,0.0,"chicken breast cubed, 8oz s/l, b/s, 1x",chicken,8oz
310440,-1,unclustered,0.0,"chicken breast cubed, s/l, b/s, 1x, 4oz",chicken,4oz
310660,-1,unclustered,0.0,"chicken breast cubed, s/l, b/s, 1x, 6oz",chicken,6oz
23705015,-1,unclustered,0.0,"chicken breast diced 1/4 x 1/4"" halal",chicken,
310550,-1,unclustered,0.0,"chicken breast diced b/s, .5oz",chicken,5oz
310122,-1,unclustered,0.0,"chicken breast diced, foster, ckd, 10#",chicken,
310546,-1,unclustered,0.0,"chicken breast diced, harvestland",chicken,
29074000,-1,unclustered,0.0,chicken breast fajita meat,chicken,
27410001,-1,unclustered,0.0,chicken breast fajitas strips,chicken,
310026,-1,unclustered,0.0,"chicken breast filet bread, spicy, tyson",chicken,
310027,-1,unclustered,0.0,"chicken breast filets ckd, jewels",chicken,
10850,-1,unclustered,0.0,chicken breast fillet 6oz >15705<,chicken,6oz
310836,-1,unclustered,0.0,chicken breast flame broiled with sauce,chicken,
84212,-1,unclustered,0.0,chicken breast flt rtc 4/5##,chicken,
310188,-1,unclustered,0.0,"chicken breast formed, koch, ckd, 10#",chicken,
23595011,-1,unclustered,0.0,chicken breast frozen 3.oz avg -4 pack,chicken,4 pack
310063,-1,unclustered,0.0,"chicken breast frozen, bnls, 6oz",chicken,6oz
SP3261,-1,unclustered,0.0,chicken breast grilled fc 4oz,chicken,4oz
23245900,-1,unclustered,0.0,chicken breast jumbo random tyson - comb,chicken,
310030,-1,unclustered,0.0,"chicken breast kabob, 3oz",chicken,3oz
310020,-1,unclustered,0.0,"chicken breast kabobs, 2oz",chicken,2oz
310287,-1,unclustered,0.0,chicken breast machine cut for stirfry,chicken,
23005700,-1,unclustered,0.0,chicken breast mesquite/ sliced fresh,chicken,
23245580,-1,unclustered,0.0,chicken breast natural (w) 8oz,chicken,8oz
10153,-1,unclustered,0.0,chicken breast organic,chicken,
23114099,-1,unclustered,0.0,chicken breast organic mary`s,chicken,
23485470,-1,unclustered,0.0,chicken breast oven roasted mt,chicken,
23595000,-1,unclustered,0.0,chicken breast pieces skin off,chicken,
310461,-1,unclustered,0.0,"chicken breast pieces, fulton, b/s",chicken,
310087,-1,unclustered,0.0,"chicken breast pulled ckd, tyson",chicken,
23304006,-1,unclustered,0.0,chicken breast random (w) frozen house o,chicken,
23495000,-1,unclustered,0.0,chicken breast random chunks s/off,chicken,
23345308,-1,unclustered,0.0,chicken breast random halal,chicken,
23594007,-1,unclustered,0.0,chicken breast random pcs frozen,chicken,
23345309,-1,unclustered,0.0,chicken breast random-split amish,chicken,
SP3401,-1,unclustered,0.0,chicken breast raw - diced 20#,chicken,
SP34011,-1,unclustered,0.0,chicken breast raw diced,chicken,
SP3400,-1,unclustered,0.0,chicken breast raw strips,chicken,
SP3501,-1,unclustered,0.0,chicken breast raw-pulled,chicken,
310013,-1,unclustered,0.0,"chicken breast roast, butterball",chicken,
310088,-1,unclustered,0.0,"chicken breast roasted ckd, jjewells",chicken,
22939430,-1,unclustered,0.0,chicken breast s b/out s/off fillet f/ck,chicken,
29364100,-1,unclustered,0.0,chicken breast scrap pieces abf,chicken,
310671,-1,unclustered,0.0,"chicken breast split, abf, b/s, 6/7oz",chicken,7oz
310050,-1,unclustered,0.0,"chicken breast split, b/s, 5oz",chicken,5oz
310210,-1,unclustered,0.0,"chicken breast stir fry, 2/10#",chicken,
310022,-1,unclustered,0.0,"chicken breast strip grill, foster, 10#",chicken,
310333,-1,unclustered,0.0,"chicken breast strip, roasted, ckd, 4/5#",chicken,
23495600,-1,unclustered,0.0,chicken breast strips,chicken,
27410062,-1,unclustered,0.0,chicken breast strips halal machine cut,chicken,
27410061,-1,unclustered,0.0,chicken breast strips hand cut-halal,chicken,
310031,-1,unclustered,0.0,"chicken breast strips, b/s",chicken,
310086,-1,unclustered,0.0,"chicken breast strips, grill",chicken,
SP341,-1,unclustered,0.0,chicken breast tempura 10#,chicken,
25015001,-1,unclustered,0.0,chicken breast tenderloins abf,chicken,
SP308,-1,unclustered,0.0,chicken breast tenders-raw,chicken,
316619,-1,unclustered,0.0,"chicken breast thin sliced, perdue",chicken,
310090,-1,unclustered,0.0,"chicken breast tray pack, bnls, 4oz",chicken,4oz
310064,-1,unclustered,0.0,"chicken breast tray pack, bnls, 6oz",chicken,6oz
310441,-1,unclustered,0.0,"chicken breast trim, fulton, b/s",chicken,
310846,-1,unclustered,0.0,"chicken breast trim, pritzlaff",chicken,
310010,-1,unclustered,0.0,"chicken breast, 1st wing joint on",chicken,
310670,-1,unclustered,0.0,"chicken breast, b/s sl, gerber, 6/7oz",chicken,7oz
310005,-1,unclustered,0.0,"chicken breasts b/s tray pack, halal",chicken,
310009,-1,unclustered,0.0,"chicken breasts b/s, gold n plump",chicken,
310006,-1,unclustered,0.0,"chicken breasts b/s, halal",chicken,
310002,-1,unclustered,0.0,chicken breasts bnls skn,chicken,
310091,-1,unclustered,0.0,"chicken brst b/s, 6oz (do not use)",chicken,6oz
310829,-1,unclustered,0.0,"chicken brst b/s, tr pk, perdue 829/8829",chicken,
310552,-1,unclustered,0.0,"chicken brst filet ckd grill, j. soules",chicken,
310081,-1,unclustered,0.0,"chicken brst fresh, b/s, 8oz (40#)",chicken,8oz
310041,-1,unclustered,0.0,"chicken brst fresh, halal, b/s, 4oz",chicken,4oz
310585,-1,unclustered,0.0,"chicken brst nuggets raw, blns, s. river",chicken,
10002,-1,unclustered,0.0,chicken brst pan ready,chicken,
310158,-1,unclustered,0.0,"chicken brst perfect prtn, perdue, 12#",chicken,
310084,-1,unclustered,0.0,"chicken brst split, abf, b/s, 7-8oz",chicken,8oz
310890,-1,unclustered,0.0,"chicken brst strip grill, windy hill, 8#",chicken,
311215,-1,unclustered,0.0,"chicken brst thin sliced, tyson, 12/1.5#",chicken,
23245068,-1,unclustered,0.0,chicken brst. 6oz slt bsb hala,chicken,6oz
23210009,-1,unclustered,0.0,chicken bst bnls 9-oz w skin on,chicken,
23595001,-1,unclustered,0.0,chicken bst pcs for grinding - pcs s/off,chicken,
10258,-1,unclustered,0.0,chicken buffalo party wing 4/5# winganza,chicken,
360006,-1,unclustered,0.0,"chicken capon, whole",chicken,
790139,-1,unclustered,0.0,chicken chorizo 2-5# case,chicken,
390041,-1,unclustered,0.0,"chicken chorizo links, 4-1",chicken,
390030,-1,unclustered,0.0,"chicken chorizo, bulk",chicken,
22134360,-1,unclustered,0.0,chicken cordon bleu-36/4oz bulk pk,chicken,4oz
22215702,-1,unclustered,0.0,chicken cordon blue 18/7oz retail,chicken,7oz
22387880,-1,unclustered,0.0,chicken crispito chili 590991,chicken,
566572,-1,unclustered,0.0,chicken crispy- lishus tender,chicken,
10271,-1,unclustered,0.0,chicken cut wings - formosa,chicken,
360059,-1,unclustered,0.0,"chicken cut-up fryer, pilgrim, 8pc",chicken,
24152205,-1,unclustered,0.0,chicken dark meat deboned drum meat,chicken,
29055000,-1,unclustered,0.0,chicken demi glaze,chicken,
27210120,-1,unclustered,0.0,"chicken diced leg meat 1/2x1/2"" raw",chicken,
27210140,-1,unclustered,0.0,"chicken diced leg meat taco1/4"" raw",chicken,
SP342,-1,unclustered,0.0,chicken diced mixed,chicken,
27320120,-1,unclustered,0.0,"chicken diced mixed 1/2"" s/h cooked",chicken,
27320380,-1,unclustered,0.0,"chicken diced mixed 3/8"" s/h cooked",chicken,
27210141,-1,unclustered,0.0,"chicken diced thigh meat 1/4x1/4"" raw",chicken,
27210161,-1,unclustered,0.0,chicken diced thigh meat 1x1 raw,chicken,
27120120,-1,unclustered,0.0,chicken diced white 1/2 (4) cooked,chicken,
390225,-1,unclustered,0.0,"chicken diced, ckd-8/5# boxes",chicken,
25015000,-1,unclustered,0.0,chicken dio not use,chicken,
10823,-1,unclustered,0.0,chicken drumstick (frozen),chicken,
24499000,-1,unclustered,0.0,chicken drumstick smoked,chicken,
SP306,-1,unclustered,0.0,chicken drumsticks med 40#,chicken,
320005,-1,unclustered,0.0,"chicken drumsticks, random, bi skn, 20#",chicken,
25190,-1,unclustered,0.0,chicken eggroll 3oz `no msg`- baily,chicken,3oz
3212,-1,unclustered,0.0,chicken fahita 1# pack frz,chicken,
93560,-1,unclustered,0.0,chicken fajita marinade 4/1 gallon,chicken,1 g
390025,-1,unclustered,0.0,"chicken fajita, ckd, short cuts, perdue",chicken,
390023,-1,unclustered,0.0,"chicken fajita, dark meat, fresh",chicken,
390024,-1,unclustered,0.0,"chicken fajita, white meat, fresh",chicken,
29054000,-1,unclustered,0.0,chicken fat rendered,chicken,
390104,-1,unclustered,0.0,"chicken fat, rendered",chicken,
390247,-1,unclustered,0.0,"chicken fat, retail, empire kosher",chicken,
29404002,-1,unclustered,0.0,chicken feet,chicken,
29404001,-1,unclustered,0.0,chicken feet 1.5 lb. v/p,chicken,1.5 lb
380000,-1,unclustered,0.0,"chicken feet, 22# box, perdue",chicken,
380011,-1,unclustered,0.0,"chicken feet, 40# box",chicken,
83002,-1,unclustered,0.0,chicken flavor soup base 6/5 totole,chicken,
22603950,-1,unclustered,0.0,chicken florentine,chicken,
SP323,-1,unclustered,0.0,chicken fried fc - 8 cut*,chicken,
380005,-1,unclustered,0.0,"chicken fritter, bread, koch",chicken,
29504000,-1,unclustered,0.0,chicken fronts 40 pc case,chicken,
29500000,-1,unclustered,0.0,chicken fronts split 40 lb. /cs,chicken,40 lb
20605571,-1,unclustered,0.0,chicken fryer golden 4#,chicken,
20004046,-1,unclustered,0.0,chicken fryer southwest 3# cs frozen asp,chicken,
20000235,-1,unclustered,0.0,chicken fryer wog 2 3/4--3lb 16hd,chicken,3lb
20592011,-1,unclustered,0.0,chicken fryer wog 2.75 lb. without necks,chicken,2.75 lb
20005445,-1,unclustered,0.0,chicken fryer wog 3.5# - boneless,chicken,
20005441,-1,unclustered,0.0,chicken fryer wog 3.5# - brick chicken,chicken,
20007410,-1,unclustered,0.0,chicken fryer wog 3.5-3.75- 70lb cw,chicken,70lb
20002070,-1,unclustered,0.0,chicken fryer wog 4# white 44 cvp,chicken,
20005263,-1,unclustered,0.0,chicken fryer wog 4#- boneless,chicken,
20055080,-1,unclustered,0.0,chicken fryer wog 5# butterfly whole,chicken,
20605580,-1,unclustered,0.0,chicken fryer wog 5# yellow gold,chicken,
20582010,-1,unclustered,0.0,chicken fryer wog 8 cut (2.25-2.50)#,chicken,
20021312,-1,unclustered,0.0,chicken fryer wog abf 3 1/2#,chicken,
20021300,-1,unclustered,0.0,chicken fryer wog abf 3#,chicken,
20032300,-1,unclustered,0.0,chicken fryer wog amish bagged 3#,chicken,
20001300,-1,unclustered,0.0,chicken fryer wog cvp 3#,chicken,
20005360,-1,unclustered,0.0,chicken fryer wog harrison 4#-brick,chicken,
20200234,-1,unclustered,0.0,chicken fryer wog split 2 3/4#,chicken,
20200312,-1,unclustered,0.0,chicken fryer wog split 3 1/2#,chicken,
20200300,-1,unclustered,0.0,chicken fryer wog split 3#,chicken,
20200301,-1,unclustered,0.0,chicken fryer wog split breast 3#,chicken,
20005372,-1,unclustered,0.0,chicken fryer wog-3.-lb split,chicken,
20005362,-1,unclustered,0.0,chicken fryer wog-3.5lb split brick cx,chicken,3.5lb
360143,-1,unclustered,0.0,"chicken fryer, bagged w/gib, gerber",chicken,
360804,-1,unclustered,0.0,"chicken fryer, cut-up, gerber, #0804",chicken,
360035,-1,unclustered,0.0,"chicken fryer, gerber amish, 3.5#",chicken,
360002,-1,unclustered,0.0,"chicken fryer, marinated, gold n plump",chicken,
360005,-1,unclustered,0.0,"chicken fryer, organic, smart chicken",chicken,
360400,-1,unclustered,0.0,"chicken fryer, split w/gib, 4#",chicken,
360037,-1,unclustered,0.0,"chicken fryer, split w/o gib, 3-3.25#",chicken,
360038,-1,unclustered,0.0,"chicken fryer, split w/o gib, 3.25-3.50#",chicken,
360039,-1,unclustered,0.0,"chicken fryer, split w/o gib, 3.75#",chicken,
360001,-1,unclustered,0.0,"chicken fryer, strausberg",chicken,
360041,-1,unclustered,0.0,"chicken fryer, w/o gib, 4#, (40#)",chicken,
360950,-1,unclustered,0.0,"chicken fryer, whole bag, tyson, frozen",chicken,
20041300,-1,unclustered,0.0,chicken fryers organic 3-3 1/2,chicken,
29034000,-1,unclustered,0.0,chicken giblets,chicken,
29045001,-1,unclustered,0.0,chicken gizzards 2 lb pack,chicken,2 lb
29045000,-1,unclustered,0.0,chicken gizzards fresh,chicken,
10750,-1,unclustered,0.0,chicken gizzards 8/5#,chicken,
10753,-1,unclustered,0.0,chicken gizzards tyson,chicken,
29019000,-1,unclustered,0.0,chicken ground abf-all dark meat-perdue,chicken,
29015000,-1,unclustered,0.0,chicken ground breast/w rib meat 20lb cv,chicken,20lb
29915001,-1,unclustered,0.0,chicken ground leg thighs meat fresh,chicken,
29014004,-1,unclustered,0.0,chicken ground perdue,chicken,
29015200,-1,unclustered,0.0,chicken ground sliders 2oz,chicken,2oz
380001,-1,unclustered,0.0,chicken hearts,chicken,
10300,-1,unclustered,0.0,chicken hearts *sanderson farms* fresh,chicken,
10300,-1,unclustered,0.0,chicken hearts *sanderson farms* fresh,chicken,
29606001,-1,unclustered,0.0,chicken hearts 1.50 lb. pack,chicken,1.50 lb
10300,-1,unclustered,0.0,chicken hearts *sanderson farms* fresh,chicken,
360560,-1,unclustered,0.0,"chicken heavy hens, 5/6# average",chicken,
10220,-1,unclustered,0.0,chicken jumbo b/s breast,chicken,
10220,-1,unclustered,0.0,chicken jumbo b/s breast,chicken,
10022,-1,unclustered,0.0,chicken jumbo b/s thighs formosa,chicken,
10102,-1,unclustered,0.0,chicken jumbo leg quarter sanderson,chicken,
10262,-1,unclustered,0.0,chicken jumbo whole wings 14702,chicken,
34019,-1,unclustered,0.0,chicken kabobs,chicken,
22218240,-1,unclustered,0.0,chicken kiev b/out s/off 24/8oz - 12/cs,chicken,8oz
22207531,-1,unclustered,0.0,chicken kiev broccoli and cheese koch,chicken,
22105240,-1,unclustered,0.0,chicken kiev butter-chive 5oz,chicken,5oz
22107240,-1,unclustered,0.0,chicken kiev butter-chive 7oz,chicken,7oz
22208680,-1,unclustered,0.0,chicken kiev creme brie-apple,chicken,
330141,-1,unclustered,0.0,"chicken leg 1/4, gerber amish",chicken,
24406000,-1,unclustered,0.0,chicken leg drumstick,chicken,
24478000,-1,unclustered,0.0,chicken leg drumstick abf,chicken,
24403000,-1,unclustered,0.0,chicken leg drumstick lollipop,chicken,
24005030,-1,unclustered,0.0,chicken leg jumbo 40lb/cs,chicken,40lb
24265068,-1,unclustered,0.0,chicken leg meat 6/8 oz,chicken,8 oz
24265168,-1,unclustered,0.0,chicken leg meat 6/8oz 40 lb case,chicken,8oz
55109980,-1,unclustered,0.0,"chicken leg meat, skin on, combo",chicken,
24905050,-1,unclustered,0.0,chicken leg osso bucco,chicken,
330140,-1,unclustered,0.0,"chicken leg qtrs, halal, fresh",chicken,
330002,-1,unclustered,0.0,"chicken leg qtrs, kosher, iqf",chicken,
24106011,-1,unclustered,0.0,chicken leg quarter 2/pack,chicken,
24105008,-1,unclustered,0.0,chicken leg quarter halal,chicken,
24255040,-1,unclustered,0.0,chicken leg quarter meat yellow,chicken,
24306020,-1,unclustered,0.0,chicken leg quarter split medium,chicken,
24305010,-1,unclustered,0.0,chicken leg quarter split small,chicken,
24105040,-1,unclustered,0.0,chicken leg quarter yellow,chicken,
24105405,-1,unclustered,0.0,chicken leg quarter- cut from 2.75 chick,chicken,
10102,-1,unclustered,0.0,chicken jumbo leg quarter sanderson,chicken,
24104000,-1,unclustered,0.0,chicken leg quaters,chicken,
22402846,-1,unclustered,0.0,chicken leg stuffed lady aster,chicken,
24563001,-1,unclustered,0.0,chicken leg thighs amish tray pack,chicken,
120,-1,unclustered,0.0,chicken less than a case +.20,chicken,
380051,-1,unclustered,0.0,"chicken liver, frozen, 5# bag",chicken,
29604000,-1,unclustered,0.0,chicken livers,chicken,
29604001,-1,unclustered,0.0,chicken livers 2 lb. pac,chicken,2 lb
10700,-1,unclustered,0.0,chicken livers cvp 40#,chicken,
10700,-1,unclustered,0.0,chicken livers cvp 40#,chicken,
10071,-1,unclustered,0.0,chicken livers halal tp,chicken,
29016000,-1,unclustered,0.0,chicken mech. seperated (msc),chicken,
920255,-1,unclustered,0.0,chicken n ribs box,chicken,
29704000,-1,unclustered,0.0,chicken neck,chicken,
380110,-1,unclustered,0.0,chicken necks,chicken,
380010,-1,unclustered,0.0,"chicken necks & backs, 10# bag (40#)",chicken,
10550,-1,unclustered,0.0,chicken necks 40# bulk,chicken,
22581010,-1,unclustered,0.0,chicken nugget dinos,chicken,
10250,-1,unclustered,0.0,chicken party wings (sections),chicken,
SP333,-1,unclustered,0.0,chicken patty breaded-fc,chicken,
390010,-1,unclustered,0.0,"chicken patty, bread, heritage, 3oz",chicken,3oz
10500,-1,unclustered,0.0,chicken paws 44.09# formosa/sandrsn,chicken,
10502,-1,unclustered,0.0,chicken paws frozen 90120 - 22kg,chicken,
10500,-1,unclustered,0.0,chicken paws 44.09# formosa/sandrsn,chicken,
18080606,-1,unclustered,0.0,chicken philly kit jtm(4-2.25oz),chicken,2.25oz
390014,-1,unclustered,0.0,"chicken pieces, bi, bread, tyson",chicken,
10634,-1,unclustered,0.0,chicken popeyes 8-piece 8059 tyson,chicken,
10171,-1,unclustered,0.0,chicken popeyes dark mt 4pc 114509,chicken,
27300100,-1,unclustered,0.0,chicken pulled mixed 10lb/cs,chicken,10lb
27100100,-1,unclustered,0.0,chicken pulled white 10#cs (3),chicken,
310037,-1,unclustered,0.0,"chicken qtr breast, med, bi skn, 40#",chicken,
29085004,-1,unclustered,0.0,chicken roaster 8 cut roll stk perdue,chicken,
29088004,-1,unclustered,0.0,chicken roaster perdue 9hd/cs,chicken,
360780,-1,unclustered,0.0,"chicken roasters, 7/8# average",chicken,
360505,-1,unclustered,0.0,"chicken rotisserie, traditional, tyson",chicken,
28107280,-1,unclustered,0.0,chicken sausage,chicken,
28075759,-1,unclustered,0.0,chicken sausage apple&gouda cheese,chicken,
28000122,-1,unclustered,0.0,chicken sausage cajun,chicken,
28076560,-1,unclustered,0.0,chicken sausage chorizo 8/1 f-ckd,chicken,
28076901,-1,unclustered,0.0,chicken sausage italian 1oz 621145,chicken,1oz
28000123,-1,unclustered,0.0,chicken sausage mississippi sage 1oz,chicken,1oz
29804000,-1,unclustered,0.0,chicken skin,chicken,
10520,-1,unclustered,0.0,chicken skin 4/10# frozen,chicken,
380040,-1,unclustered,0.0,"chicken skins, 40#",chicken,
10101,-1,unclustered,0.0,chicken small leg quarter *tyson*,chicken,
566638,-1,unclustered,0.0,chicken smartshapes g`n`s,chicken,
566634,-1,unclustered,0.0,chicken smartshapes g`n`s brd,chicken,
20481,-1,unclustered,0.0,chicken spinach feta brat rpc951,chicken,
22383000,-1,unclustered,0.0,chicken strips grill tyson 10lb/cs,chicken,10lb
421027,-1,unclustered,0.0,chicken tender cubes 1x1 raw,chicken,
310221,-1,unclustered,0.0,"chicken tender raw b/s, foster, 10#",chicken,
350000,-1,unclustered,0.0,"chicken tender, bnls, 40#",chicken,
350001,-1,unclustered,0.0,"chicken tender, bnls, halal",chicken,
350004,-1,unclustered,0.0,"chicken tender, bnls, med",chicken,
350010,-1,unclustered,0.0,"chicken tender, bread hstyle, tyson, 10#",chicken,
350002,-1,unclustered,0.0,"chicken tender, ckd bread, fieldale",chicken,
22546900,-1,unclustered,0.0,chicken tenderloin breaded goldnspice,chicken,
22381166,-1,unclustered,0.0,chicken tenderloins breaded spicy -tyson,chicken,
25002030,-1,unclustered,0.0,chicken tenderloins clipped jumbo cvp,chicken,
25012110,-1,unclustered,0.0,chicken tenderloins house cut cvp 11/12o,chicken,
25014000,-1,unclustered,0.0,chicken tenderloins house cut frozen,chicken,
25002000,-1,unclustered,0.0,chicken tenderloins jumbo cvp,chicken,
22121100,-1,unclustered,0.0,chicken tenderloins southern styke bread,chicken,
25000000,-1,unclustered,0.0,chicken tenderloins southern style,chicken,
22182401,-1,unclustered,0.0,chicken tenderloins uncooked - 182401,chicken,
10150,-1,unclustered,0.0,chicken tenders,chicken,
10400,-1,unclustered,0.0,chicken tenders (frozen clipped),chicken,
10150,-1,unclustered,0.0,chicken tenders,chicken,
10154,-1,unclustered,0.0,bf short rib-chu-bi oma-hrf,bf,
24565710,-1,unclustered,0.0,chicken thigh 6/9 oz butterfly,chicken,9 oz
24565869,-1,unclustered,0.0,chicken thigh anmar halal 6/8 oz hala,chicken,8 oz
SP3052,-1,unclustered,0.0,chicken thigh b/i skin on 40#,chicken,
340550,-1,unclustered,0.0,"chicken thigh b/s diced, .5oz",chicken,5oz
340050,-1,unclustered,0.0,"chicken thigh b/s, 5oz",chicken,5oz
340242,-1,unclustered,0.0,"chicken thigh b/s, cut 24/26ct",chicken,26ct
10023,-1,unclustered,0.0,chicken thigh bnls - frozen,chicken,
10363,-1,unclustered,0.0,chicken thigh bone-in <8998> tyson,chicken,
24598000,-1,unclustered,0.0,chicken thigh boneless skinless cvp,chicken,
24565870,-1,unclustered,0.0,chicken thigh butterfly anmar flatten,chicken,
310551,-1,unclustered,0.0,"chicken thigh cubed, 5oz, b/s",chicken,5oz
27510000,-1,unclustered,0.0,chicken thigh fajitas strips,chicken,
24605000,-1,unclustered,0.0,chicken thigh fryer pieces,chicken,
10360,-1,unclustered,0.0,chicken thigh jumbo cvp <14525>,chicken,
10020,-1,unclustered,0.0,chicken thigh meat boneless,chicken,
24565004,-1,unclustered,0.0,chicken thigh meat kabob 4oz,chicken,4oz
24565010,-1,unclustered,0.0,chicken thigh meat pan ready,chicken,
340001,-1,unclustered,0.0,"chicken thigh meat, diced, 1in",chicken,
340004,-1,unclustered,0.0,"chicken thigh meat, skewer",chicken,
24140099,-1,unclustered,0.0,chicken thigh organic mary`s,chicken,
27510060,-1,unclustered,0.0,chicken thigh strips halal for fajita,chicken,
27510061,-1,unclustered,0.0,chicken thigh strips halal machine cut,chicken,
340003,-1,unclustered,0.0,"chicken thigh, bnls, s/l, sliced",chicken,
340341,-1,unclustered,0.0,"chicken thigh, diced ckd",chicken,
24565025,-1,unclustered,0.0,chicken thighs 1 pc cw roll stock,chicken,
24565002,-1,unclustered,0.0,chicken thighs 1# roll stock,chicken,
24565140,-1,unclustered,0.0,chicken thighs 14-16oz,chicken,16oz
24565040,-1,unclustered,0.0,chicken thighs 4/10 cvp,chicken,
24565800,-1,unclustered,0.0,chicken thighs 4/10 cvp halal,chicken,
24505001,-1,unclustered,0.0,chicken thighs 4/10 frozen,chicken,
24565400,-1,unclustered,0.0,chicken thighs 4oz,chicken,4oz
24565500,-1,unclustered,0.0,chicken thighs 4oz halal,chicken,4oz
24555600,-1,unclustered,0.0,chicken thighs 6oz,chicken,6oz
24565100,-1,unclustered,0.0,chicken thighs all-natural,chicken,
10362,-1,unclustered,0.0,chicken thighs b/i,chicken,
24527000,-1,unclustered,0.0,chicken thighs b/in 30lb/cs,chicken,30lb
24565300,-1,unclustered,0.0,chicken thighs organic mary`s,chicken,
340006,-1,unclustered,0.0,"chicken thighs, bi, 40#",chicken,
340011,-1,unclustered,0.0,"chicken thighs, bi, kosher, iqf",chicken,
24525010,-1,unclustered,0.0,chicken thighs-bone in back on,chicken,
29064000,-1,unclustered,0.0,chicken triming,chicken,
29364000,-1,unclustered,0.0,chicken triming breast,chicken,
29964000,-1,unclustered,0.0,chicken triming leg thighs frozen,chicken,
SP310,-1,unclustered,0.0,chicken whole 3.5# ea ~70#*,chicken,
10270,-1,unclustered,0.0,chicken whole wings - formosa,chicken,
26405010,-1,unclustered,0.0,chicken whole wings 4/10,chicken,
360805,-1,unclustered,0.0,"chicken whole, perdue 805",chicken,
360087,-1,unclustered,0.0,"chicken whole, processed",chicken,
340301,-1,unclustered,0.0,"chicken wing first joint, bnls",chicken,
26305000,-1,unclustered,0.0,chicken wing flapper and tip,chicken,
10801,-1,unclustered,0.0,chicken wing fritter strip,chicken,
10255,-1,unclustered,0.0,chicken wing section fc 2/5#,chicken,
11260,-1,unclustered,0.0,chicken wing sections,chicken,
10256,-1,unclustered,0.0,chicken wing sections buffalo 10/2#,chicken,
10251,-1,unclustered,0.0,chicken wing sections buffalo style,chicken,
10253,-1,unclustered,0.0,chicken wing sections fc bbq 4/5#,chicken,
360388,-1,unclustered,0.0,"chicken wing, whole large, raw, 20#",chicken,
10270,-1,unclustered,0.0,chicken whole wings - formosa,chicken,
26105000,-1,unclustered,0.0,chicken wings drumette 1st joint,chicken,
26135400,-1,unclustered,0.0,chicken wings drumette frenched 4oz,chicken,4oz
26304000,-1,unclustered,0.0,chicken wings flapper mid joint,chicken,
26305010,-1,unclustered,0.0,chicken wings flapper small 2nd joint,chicken,
10249,-1,unclustered,0.0,chicken wings halal 4# tray,chicken,
26500000,-1,unclustered,0.0,chicken wings jumbo 2nd & 3rd joint,chicken,
26422030,-1,unclustered,0.0,chicken wings jumbo 5/9 ct,chicken,9 ct
26418030,-1,unclustered,0.0,chicken wings jumbo cut abf,chicken,
26415031,-1,unclustered,0.0,chicken wings jumbo cut halal,chicken,
10261,-1,unclustered,0.0,chicken wings jumbo halal... frozen,chicken,
10260,-1,unclustered,0.0,chicken whole wings jumbo,chicken,
10249,-1,unclustered,0.0,chicken wings halal 4# tray,chicken,
10250,-1,unclustered,0.0,chicken party wings (sections),chicken,
26415000,-1,unclustered,0.0,chicken wings party iqf,chicken,
26405029,-1,unclustered,0.0,chicken wings whole medium abf,chicken,
SP3043,-1,unclustered,0.0,chicken wings whole reg/sm 40#,chicken,
360389,-1,unclustered,0.0,"chicken wings, 4/10# bags, (40#)",chicken,
SP3041,-1,unclustered,0.0,chicken wings-breaded spicy,chicken,
390004,-1,unclustered,0.0,"chicken, ground, raw, frozen, 5lb","chicken,",5lb
390002,-1,unclustered,0.0,"chicken, natural, 1/8 pc cut, gerber","chicken,",
20501050,-1,unclustered,0.0,chickens fryer wog (2.5-2.75 marnatied,chickens,
95440,-1,unclustered,0.0,chiky chocolate cookie 16/16.9oz,chiky,16.9oz
95460,-1,unclustered,0.0,chiky strawberry cookie 16/16.9oz,chiky,16.9oz
95450,-1,unclustered,0.0,chiky vanilla cookie 16/16.9oz,chiky,16.9oz
968209,-1,unclustered,0.0,chile relleno w/chs 30ct,chile,30ct
98042450,-1,unclustered,0.0,"chile relleno, frida`s 1/30 pcs",chile,
96010347,-1,unclustered,0.0,chili beans paisano-z 6/5#,chili,
84390,-1,unclustered,0.0,chili garlic sauce 3x136oz (green),chili,136oz
96010349,-1,unclustered,0.0,chili numero uno v063641 16#,chili,
83240,-1,unclustered,0.0,chili paste w/ soya bean oil* large 4x1,chili,
83241,-1,unclustered,0.0,chili paste w/ soya bean oil* small 16oz,chili,16oz
83020,-1,unclustered,0.0,"chinese wok 14"" with iron handle each",chinese,
83690,-1,unclustered,0.0,"chinese wok 16"" w/iron handle ( each )",chinese,
917113,-1,unclustered,0.0,chip com 20/2-oz simply sea salt,chip,
94144860,-1,unclustered,0.0,"chip cut, yellow corn 6"", popo (25#)",chip,
40054030,-1,unclustered,0.0,"chitterlings, cleaned pork danish (9/5#)","chitterlings,",
40055930,-1,unclustered,0.0,"chitterlings, pork aunt bessie`s (9/5#)","chitterlings,",
40051010,-1,unclustered,0.0,"chitterlings, pork ibp (6/10#)","chitterlings,",
210780,-1,unclustered,0.0,chix bst bone in heavy yellow,chix,
23175170,-1,unclustered,0.0,chix bst skinless 7oz (s) special trim,chix,7oz
29915005,-1,unclustered,0.0,chixground leg thighs meat frozen-2-5 lb,chixground,5 lb
91206G,-1,unclustered,0.0,chk assorted fritters (labor) 8/5#,chk,
17875,-1,unclustered,0.0,chk backs fmc 40# bulk,chk,
17875A,-1,unclustered,0.0,chk backs fmc-10#,chk,
17875,-1,unclustered,0.0,chk backs fmc 40# bulk,chk,
1787710,-1,unclustered,0.0,chk bones br -z fmc 40#,chk,
17877999,-1,unclustered,0.0,chk bones br -z fmc-2/20#,chk,
1787711,-1,unclustered,0.0,chk bones br fmc 2000#,chk,
17877A,-1,unclustered,0.0,chk bones br fmc 40#,chk,
161970,-1,unclustered,0.0,chk br al son sng 08 oz 2p 10/1#-rs,chk,08 oz
161991,-1,unclustered,0.0,chk br al son sng 09 oz 4/5# per,chk,09 oz
16223B,-1,unclustered,0.0,chk br al son sng 12 oz 2/10#cvp,chk,12 oz
16191f1,-1,unclustered,0.0,chk br al son sng to 08oz 5/2#-z,chk,08oz
16191F,-1,unclustered,0.0,chk br al son sng 08 oz 2/10#cvp,chk,08 oz
16142PC,-1,unclustered,0.0,chk br al son sng.70# fmc (wip),chk,
16136,-1,unclustered,0.0,chk br al-sknls sng 06 oz 10#,chk,06 oz
17802306,-1,unclustered,0.0,chk br bi f-ball per 2000#,chk,
178179,-1,unclustered,0.0,chk br bi so *__ 10#,chk,
17823,-1,unclustered,0.0,chk br bi so chef 40#,chk,
17817062,-1,unclustered,0.0,chk br bi so f-ball 40# fmc,chk,
17817024,-1,unclustered,0.0,chk br bi so ger-amish 40#,chk,
17817020,-1,unclustered,0.0,chk br bi so mil-amish 40#,chk,
17828,-1,unclustered,0.0,chk br bi so per 40#,chk,
17818046,-1,unclustered,0.0,chk br bi so split 10tray 40#,chk,
17811B1,-1,unclustered,0.0,chk br bi so-fmc 18-20-oz 40#,chk,
17817109,-1,unclustered,0.0,chk br bi so-miscuts pil 40#,chk,
17817B1,-1,unclustered,0.0,chk br bi so-split b/o-sml fmc-10#,chk,
17821003,-1,unclustered,0.0,chk br bi so-split b/o-sml-yel 40#,chk,
17817977,-1,unclustered,0.0,chk br bi so-split gnp 40#,chk,
17823,-1,unclustered,0.0,chk br bi so chef 40#,chk,
17817061,-1,unclustered,0.0,chk br bi so-z f-ball fmc 70#,chk,
17817110,-1,unclustered,0.0,chk br bi so-z miscuts pil 40#,chk,
17041K1,-1,unclustered,0.0,chk br bs bfly 05 oz 2/10#vp,chk,05 oz
1704122F,-1,unclustered,0.0,chk br bs bfly 06 oz 2/10#-vp,chk,06 oz
170654,-1,unclustered,0.0,chk br bs bfly 08 oz 8/5#fox,chk,08 oz
17041,-1,unclustered,0.0,chk br bs bfly xt 06 oz 4/10#-vp,chk,06 oz
170322,-1,unclustered,0.0,chk br bs fillet 06 oz 4/5#per,chk,06 oz
17008669,-1,unclustered,0.0,chk br bs fillet 06 oz halal 20#,chk,06 oz
17063K1,-1,unclustered,0.0,chk br bs fillet 08 oz 4/10#fox,chk,08 oz
170171,-1,unclustered,0.0,chk br bs fillet 5oz 2/10 cvp,chk,5oz
1703290,-1,unclustered,0.0,chk br bs fillet-z 06oz 4/10#vp fmc,chk,06oz
1700110,-1,unclustered,0.0,chk br bs rand filet gnp 6/5# 85946,chk,
17001406,-1,unclustered,0.0,chk br bs rand filet hrv-hal,chk,
1700588,-1,unclustered,0.0,chk br bs rand filet mta-blk,chk,
170183,-1,unclustered,0.0,chk br bs rand fillet ppp,chk,
170040,-1,unclustered,0.0,chk br bs rand w .agri 50#,chk,
170011PC,-1,unclustered,0.0,chk br bs rand w .fmc-ti 70#,chk,
170012PC,-1,unclustered,0.0,chk br bs rand w .fmc-to 70#,chk,
175768,-1,unclustered,0.0,chk br bs rand w hrv-nae 4/5#,chk,
17002GB,-1,unclustered,0.0,chk br bs rand w mil-amish 40#,chk,
170029,-1,unclustered,0.0,chk br bs rand w nat 4/10#,chk,
1700219,-1,unclustered,0.0,chk br bs rand w-combo sim,chk,
17009914,-1,unclustered,0.0,chk br bs rand-s/on w-yel har,chk,
17009919,-1,unclustered,0.0,chk br bs rand-s/on w-yel har-hal,chk,
170029,-1,unclustered,0.0,chk br bs rand w nat 4/10#,chk,
17064CK,-1,unclustered,0.0,chk br bs sc-chunk 0.75-oz 10#cvp,chk,
10001B,-1,unclustered,0.0,chk br bs sc-fajita strip 4/10#,chk,
10001B13,-1,unclustered,0.0,chk br bs tp-strip per 10#-z,chk,
17843B,-1,unclustered,0.0,chk br bs trim w fat fmc 4/10#,chk,
17842A,-1,unclustered,0.0,chk br bs-pieces fmc 4/10#,chk,
17842,-1,unclustered,0.0,chk br bs-pieces fmc-10#,chk,
17832812,-1,unclustered,0.0,chk br bs-pieces.combo,chk,
17053,-1,unclustered,0.0,chk br bs-z bfly 08 oz 4/10# koch,chk,08 oz
1700588,-1,unclustered,0.0,chk br bs rand filet mta-blk,chk,
17222,-1,unclustered,0.0,chk br bs-z rand w tys tp#8,chk,
178490,-1,unclustered,0.0,chk br bs-z-pieces fmc 4/10#bg,chk,
17832808,-1,unclustered,0.0,chk br bs-z-pieces gnp 40#bulk,chk,
17832809,-1,unclustered,0.0,chk br bs-z-pieces gnp 50600 40#,chk,
17668F,-1,unclustered,0.0,chk br son bfly -z 08 oz tp-24ct,chk,08 oz
17483WP1,-1,unclustered,0.0,chk br son bfly 08 oz pc,chk,08 oz
17483906,-1,unclustered,0.0,chk br son bfly 08-10 oz fmc 10#bg,chk,10 oz
17499A00,-1,unclustered,0.0,chk br son bfly 10 oz pc,chk,10 oz
17515B00,-1,unclustered,0.0,chk br son bfly 12 oz pc,chk,12 oz
17531A01,-1,unclustered,0.0,chk br son bfly 14 oz 40#,chk,14 oz
17411,-1,unclustered,0.0,chk br son fillet random 2/10#cvp,chk,
17415HAL,-1,unclustered,0.0,chk br son-yel bfly har 4/10# hal,chk,
17843447,-1,unclustered,0.0,chk br ten cvp xt 2-4oz,chk,4oz
17845037,-1,unclustered,0.0,chk br tender jum mta-hal,chk,
17843001,-1,unclustered,0.0,chk br tender med gnp 40# 34400,chk,
17844,-1,unclustered,0.0,chk br tender pieces gnp-34900 40#,chk,
17845006,-1,unclustered,0.0,chk br tender reg-yel per tp 28#,chk,
17845043,-1,unclustered,0.0,chk br tender sml cgl 4/10#,chk,
17843001,-1,unclustered,0.0,chk br tender med gnp 40# 34400,chk,
17843002,-1,unclustered,0.0,chk br tender-z med rc1lv,chk,1l
100021,-1,unclustered,0.0,chk br-strip-z fajita 10#,chk,
1319880,-1,unclustered,0.0,chk breast thigh blend-diced- 20#,chk,
13198801,-1,unclustered,0.0,chk breast thigh blend-diced-z 20#,chk,
1789010,-1,unclustered,0.0,chk cockscombs-z 5#,chk,
1785944,-1,unclustered,0.0,chk drumstick sml-lolli fmc 2/10#vp,chk,
17879B,-1,unclustered,0.0,chk fat-y fmc 40#,chk,
17879998,-1,unclustered,0.0,chk fat-z fmc 40#,chk,
17879F,-1,unclustered,0.0,chk fat-z rend emp 7-oz ??,chk,
17879R,-1,unclustered,0.0,chk fat-z rend sou 25#,chk,
17880003,-1,unclustered,0.0,chk fat-z rend tip top 2/20#,chk,
17879,-1,unclustered,0.0,chk feet harrison 40#-z,chk,
178792,-1,unclustered,0.0,chk feet hor 40#-z,chk,
178794,-1,unclustered,0.0,chk feet sim 44.09#-z,chk,
1787998,-1,unclustered,0.0,chk feet/paws perd6129 22#-z,chk,
15308PP,-1,unclustered,0.0,chk front .fmc 70#,chk,
15038GR,-1,unclustered,0.0,chk front grd iice pack 70#,chk,
15038012,-1,unclustered,0.0,chk front half,chk,
15038OM3,-1,unclustered,0.0,chk front halve ger 40#,chk,
17817066,-1,unclustered,0.0,chk front-foot ball-z 40# **,chk,
17821089,-1,unclustered,0.0,chk front-split fmc 40#,chk,
15072,-1,unclustered,0.0,chk fry yel per 3.50# 217 12-hd,chk,
15100,-1,unclustered,0.0,chk fry-z perdue 805 45#,chk,
17881G,-1,unclustered,0.0,chk gibblets,chk,
17880,-1,unclustered,0.0,chk gizzards *__ 4/10#,chk,
17881,-1,unclustered,0.0,chk gizzards .fmc 10#,chk,
17884,-1,unclustered,0.0,chk gizzards .fmc 4/10#,chk,
17880123,-1,unclustered,0.0,chk gizzards fox 4/10#,chk,
17880116,-1,unclustered,0.0,chk gizzards gnp 8/5# 50574,chk,
17880110,-1,unclustered,0.0,chk gizzards grd 40#,chk,
178802,-1,unclustered,0.0,chk gizzards har 10#,chk,
178801,-1,unclustered,0.0,chk gizzards har 8/5# vp,chk,
17880122,-1,unclustered,0.0,chk gizzards mar-hal 8/5#,chk,
17880114,-1,unclustered,0.0,chk gizzards mta 4/10#,chk,
17880120,-1,unclustered,0.0,chk gizzards-z fmc 40#,chk,
17880119,-1,unclustered,0.0,chk gizzards-z gnp 40#,chk,
17880116,-1,unclustered,0.0,chk gizzards gnp 8/5# 50574,chk,
178801,-1,unclustered,0.0,chk gizzards har 8/5# vp,chk,
17880122,-1,unclustered,0.0,chk gizzards mar-hal 8/5#,chk,
17880114,-1,unclustered,0.0,chk gizzards mta 4/10#,chk,
17876866,-1,unclustered,0.0,chk ground br fmc 10#-vp,chk,
17876866,-1,unclustered,0.0,chk ground br fmc 10#-vp,chk,
1787615,-1,unclustered,0.0,chk ground br-z 40# har msc,chk,
17850412,-1,unclustered,0.0,chk ground br-z anm 4/5#,chk,
17876867,-1,unclustered,0.0,chk ground br-z fmc 4/5#,chk,
1786113,-1,unclustered,0.0,chk ground dark fm,chk,
1786113,-1,unclustered,0.0,chk ground dark fm,chk,
1788164,-1,unclustered,0.0,chk hearts *__ 40#,chk,
17882000,-1,unclustered,0.0,chk hearts har 8/5#,chk,
17882000,-1,unclustered,0.0,chk hearts har 8/5#,chk,
1788111,-1,unclustered,0.0,chk hearts mnt 4/10#,chk,
1788111,-1,unclustered,0.0,chk hearts mnt 4/10#,chk,
1788166,-1,unclustered,0.0,chk hearts-z 40# svo,chk,
1788112,-1,unclustered,0.0,chk hearts-z ger 4/10#,chk,
15078,-1,unclustered,0.0,chk hen/fowl tip top 12/6# ice,chk,
17851F,-1,unclustered,0.0,chk leg 1/4 jum-combo,chk,
1784994,-1,unclustered,0.0,chk leg 1/4 med gnp 40#,chk,
17849,-1,unclustered,0.0,chk leg 1/4 sm .fmc 40#..,chk,
1788554,-1,unclustered,0.0,chk leg jum-roaster yel per 40#,chk,
1784967,-1,unclustered,0.0,chk leg whl jum-combo,chk,
1784968,-1,unclustered,0.0,chk leg whl jum-combo tys,chk,
17853A,-1,unclustered,0.0,chk leg-m bnl skl fmc 4/10# don`t use,chk,
17873L,-1,unclustered,0.0,chk leg-m bnl skl- dice fmc 20#,chk,
17853SP,-1,unclustered,0.0,chk leg-m bnl skl- trim fmc 10#,chk,
17853ST,-1,unclustered,0.0,chk leg-m bnl skl- trim fmc 4/10#,chk,
17853770,-1,unclustered,0.0,chk leg-m bnl skl-combo hrv,chk,
17853760,-1,unclustered,0.0,chk leg-m bnl-z skl-combo csf,chk,
17854102,-1,unclustered,0.0,chk leg-thi-bnl dark meat fmc,chk,
17854102,-1,unclustered,0.0,chk leg-thi-bnl dark meat fmc,chk,
1788204R,-1,unclustered,0.0,chk livers-z gnp 30# 24/20oz,chk,20oz
15084C,-1,unclustered,0.0,chk roaster perd-855 12/5.5#-ivp,chk,
17877990,-1,unclustered,0.0,chk skin-z cgl 5/10#,chk,
1786341,-1,unclustered,0.0,chk thigh bi b/o fmc 5oz 10#,chk,5oz
1786305,-1,unclustered,0.0,chk thigh bi w/back gnp 40# 23400,chk,
1786305,-1,unclustered,0.0,chk thigh bi w/back gnp 40# 23400,chk,
17860A,-1,unclustered,0.0,chk thigh meat ami 4/10#,chk,
17860C,-1,unclustered,0.0,chk thigh meat cou 4/10#,chk,
17861044,-1,unclustered,0.0,chk thigh meat fmc 4/10# cvp,chk,
17861045,-1,unclustered,0.0,chk thigh meat fmc 4/10#-bag,chk,
17861054,-1,unclustered,0.0,chk thigh meat fmc-xt 4/10#-vp,chk,
178604,-1,unclustered,0.0,chk thigh meat fox 40#,chk,
17860F,-1,unclustered,0.0,chk thigh meat hor 4/10#cvp,chk,
1786010,-1,unclustered,0.0,chk thigh meat hor-hal 40#,chk,
178603,-1,unclustered,0.0,chk thigh meat koc 4/10#,chk,
178691,-1,unclustered,0.0,chk thigh meat sbl 40#,chk,
17911,-1,unclustered,0.0,chk thigh meat sim 10#,chk,
17910,-1,unclustered,0.0,chk thigh meat sim 4/10#,chk,
178851,-1,unclustered,0.0,chk thigh meat wfa 40#cvp,chk,
17861155,-1,unclustered,0.0,chk thigh meat wfa-hal 40#,chk,
10002B,-1,unclustered,0.0,chk thigh meat-strip fajita 10#,chk,
1786104F,-1,unclustered,0.0,chk thigh meat-z fmc 4/10#-vp,chk,
1786710,-1,unclustered,0.0,chk thigh meat-z gnp 40#,chk,
178642,-1,unclustered,0.0,chk thigh meat-z mta 4/10#cvp,chk,
17861051,-1,unclustered,0.0,chk thigh meat-z qas 4/10#,chk,
17910,-1,unclustered,0.0,chk thigh meat sim 4/10#,chk,
1786498,-1,unclustered,0.0,chk thigh meat._combo csf,chk,
178626,-1,unclustered,0.0,chk thigh meat._combo har,chk,
178646,-1,unclustered,0.0,chk thigh meat._combo se,chk,
1769990,-1,unclustered,0.0,chk thigh meat.sk/on jum fmc 2/50p,chk,
17862888,-1,unclustered,0.0,chk thigh meat.sk/on-yel-8s 10#,chk,
17869997,-1,unclustered,0.0,chk thigh meat.sk/on 5s fmc 20#,chk,
1769998,-1,unclustered,0.0,chk thigh meat.sk/on-z 8s 40#,chk,
17855688,-1,unclustered,0.0,chk wing drumett lolli fmc 2/10#vp,chk,
17855678,-1,unclustered,0.0,chk wing drumette french fmc-2/10#,chk,
17865999,-1,unclustered,0.0,chk wing paddles fmc 4/10#,chk,
1786666,-1,unclustered,0.0,chk wing party med 40# *__4/10#,chk,
1786661,-1,unclustered,0.0,chk wing party reg nat 4/10#,chk,
178688,-1,unclustered,0.0,chk wing party-jum mta-halal 4/10#,chk,
17870999,-1,unclustered,0.0,chk wing whl reg ger-amish 40#,chk,
17864032,-1,unclustered,0.0,chk wing whl-jum way/san,chk,
17864033,-1,unclustered,0.0,chk wing whl-jum wfa 40# bulk,chk,
1789095,-1,unclustered,0.0,chk wing whl-reg-v-cut fmc 70#,chk,
17865991,-1,unclustered,0.0,chk wing-z paddles fmc 10#,chk,
1786599G,-1,unclustered,0.0,chk wing-z paddles fmc 4/10# cvp,chk,
17865GP,-1,unclustered,0.0,chk wing party reg gnp-32900 40#,chk,
17866946,-1,unclustered,0.0,chk wing-z party-jum gem 4/10#,chk,
17864033,-1,unclustered,0.0,chk wing whl-jum wfa 40# bulk,chk,
15445,-1,unclustered,0.0,chk wog 2.25-2.50# grd 30hd ice,chk,
15001085,-1,unclustered,0.0,chk wog 2.25-2.600# gnp 14hd,chk,
152081,-1,unclustered,0.0,chk wog 2.75# cut 1/2 koch,chk,
15002023,-1,unclustered,0.0,chk wog 2.75-3.00# grd 24hd halal,chk,
15002B,-1,unclustered,0.0,chk wog 2.75-3.25# cut 1/8-16h cvp,chk,
152309,-1,unclustered,0.0,chk wog 3 - 3.25# cut 1/8 12 hd gnp,chk,
152311,-1,unclustered,0.0,chk wog 3 - 3.25# cut 1/8 12 hd per,chk,
15217,-1,unclustered,0.0,chk wog 3.00# cut 1/2 ea.,chk,
15221,-1,unclustered,0.0,chk wog 3.00# cut 1/8 ea.,chk,
15000S,-1,unclustered,0.0,chk wog 3.00# cut-semi bnls,chk,
15009,-1,unclustered,0.0,chk wog 3.00# cut-silver dol,chk,
15220V,-1,unclustered,0.0,chk wog 3.00# cut-virtue 14h,chk,
15008841,-1,unclustered,0.0,chk wog 3.00-3.25# gnp-mar 12hd,chk,
15006083,-1,unclustered,0.0,chk wog 3.00-3.50# fmc 20p ivp,chk,
15004052,-1,unclustered,0.0,chk wog 3.00-3.50# mta 14hd,chk,
1501820,-1,unclustered,0.0,chk wog 3.00-4.00#-mp- com tyson,chk,
15077370,-1,unclustered,0.0,chk wog 3.25-3.50# cut 1/2 22hd,chk,
1507733,-1,unclustered,0.0,chk wog 3.25-3.50# cut 1/8 per,chk,
15220997,-1,unclustered,0.0,chk wog 3.50# cut 1/8 20hd fmc,chk,
15004C8,-1,unclustered,0.0,chk wog 3.50# semi-bnl 1stj-wing,chk,
15004047,-1,unclustered,0.0,chk wog 3.50-3.75# hal,chk,
150063,-1,unclustered,0.0,chk wog 3.50-3.75# tyson 20hd,chk,
15239,-1,unclustered,0.0,chk wog-z 2.50-2.75 gnp,chk,2.75 g
15008841,-1,unclustered,0.0,chk wog 3.00-3.25# gnp-mar 12hd,chk,
15238,-1,unclustered,0.0,chk wog-z fc brd cut 1/8 per,chk,
170881,-1,unclustered,0.0,chk-ff nae br bs rand 8/18-oz,chk-ff,
170882,-1,unclustered,0.0,chk-ff nae br bs rand-fam 6/40-oz,chk-ff,
170883,-1,unclustered,0.0,chk-ff nae br bs rand-thin 8/16-oz,chk-ff,
170886,-1,unclustered,0.0,chk-ff nae br bs tender 8/16-oz,chk-ff,
170892,-1,unclustered,0.0,chk-ff nae thigh bi 8/20-oz,chk-ff,
170894,-1,unclustered,0.0,chk-ff nae thigh meat 8/18-oz,chk-ff,
170880,-1,unclustered,0.0,chk-ff nae whl 5# cov 6p,chk-ff,
170896,-1,unclustered,0.0,chk-ff nae wings prty 8/32-oz,chk-ff,
17081115,-1,unclustered,0.0,chk-ff org br bs rand #8283 8/1.25#,chk-ff,
17081048,-1,unclustered,0.0,chk-ff org br bs-thin #8290 8/1.25#,chk-ff,
17081541,-1,unclustered,0.0,chk-ff org br tender #8284 8/1.25#,chk-ff,
17081581,-1,unclustered,0.0,chk-ff org thigh bi #8288 8/1.25#,chk-ff,
17081457,-1,unclustered,0.0,chk-ff org thigh meat #8281 8/1.25#,chk-ff,
17081011,-1,unclustered,0.0,chk-ff org whl 3.5+ 8280 6p cov,chk-ff,
17081316,-1,unclustered,0.0,chk-ff org wing party #8289 8/1.25#,chk-ff,
170860,-1,unclustered,0.0,chk-ff org-sp br bs ran# 8/3#,chk-ff,
170861,-1,unclustered,0.0,chk-ff-z sp br bs ran# 8/3##,chk-ff-z,
1781903,-1,unclustered,0.0,chk-ff-z vs ground chicken 6/1#,chk-ff-z,
1781904,-1,unclustered,0.0,chk-ff-z vs ground leg-meat #8196,chk-ff-z,
17081720,-1,unclustered,0.0,chk-ff-z vs livers 6/20-oz cup,chk-ff-z,
9171581,-1,unclustered,0.0,chk-ff-z vs thigh bi 8/1.25#,chk-ff-z,
17081013,-1,unclustered,0.0,chk-ff-z vs whl 3.5+ #8280 6ct cov,chk-ff-z,6ct
9171316,-1,unclustered,0.0,chk-ff-z vs wing party 8/1.25#,chk-ff-z,
1517002,-1,unclustered,0.0,chk-ff-z vs-seas-spatchcock 6/4#,chk-ff-z,
171306C,-1,unclustered,0.0,chk-ff-z-b wing party #1306 40#,chk-ff-z-b,
1708910,-1,unclustered,0.0,chk-ff-z-b-seas prty wing cur 6/3#,chk-ff-z-b-seas,
1708911,-1,unclustered,0.0,chk-ff-z-b-seas prty wing per 6/3#,chk-ff-z-b-seas,
1708912,-1,unclustered,0.0,chk-ff-z-b-seas thig lager 6/3#,chk-ff-z-b-seas,
310324,-1,unclustered,0.0,"chken brst brd chunk ckd, tyson, 30.24#",chken,
73007991,-1,unclustered,0.0,chkn br brd fc bb6106 10#,chkn,
73080747,-1,unclustered,0.0,chkn br brd fil ctryp k-1247 2/5#-z,chkn,
73080801,-1,unclustered,0.0,chkn br brd pat fc bb5912 10#,chkn,
13788876,-1,unclustered,0.0,chkn br fil gm-rst 4oz k88876 10#,chkn,4oz
73012765,-1,unclustered,0.0,chkn br frit dai-30#,chkn,
73075,-1,unclustered,0.0,chkn br nuggets fc bb5622 12#,chkn,
73133A,-1,unclustered,0.0,chkn br strips gm-fc k3546 4/2.5#,chkn,
730622,-1,unclustered,0.0,chkn br unckd spare-z,chkn,
73084176,-1,unclustered,0.0,chkn brd fil6-oz fc bb-5056 2/4.5#,chkn,
73084011,-1,unclustered,0.0,chkn brd tend chip ta bb-5373 10#,chkn,
73083218,-1,unclustered,0.0,chkn brd tend fc chef quick $10#,chkn,
73084010,-1,unclustered,0.0,chkn brd tend ss2 bb-857798 10#,chkn,
310021,-1,unclustered,0.0,"chkn breast filet brd ckd, tyson, 4.33oz",chkn,4.33oz
310016,-1,unclustered,0.0,"chkn breast perfect prtn, harvest, 13.2#",chkn,
310928,-1,unclustered,0.0,"chkn brst diced grl, tyson, 1/2"", 2/5 lb",chkn,5 lb
310200,-1,unclustered,0.0,"chkn brst random b/s, gerber, 20#",chkn,
310065,-1,unclustered,0.0,"chkn brst split tray pack, b/s, 6oz",chkn,6oz
73084140,-1,unclustered,0.0,chkn burger fc gr-mrk bb-5702 10#,chkn,
178732,-1,unclustered,0.0,chkn diced fc brd bb5253 10#-z,chkn,
73012768,-1,unclustered,0.0,chkn drum fc frit tys-20#,chkn,
730621,-1,unclustered,0.0,chkn nug unckd #0023-z,chkn,
1832400,-1,unclustered,0.0,chkn or br thm brwnd-in-oil 2/5#,chkn,
1832406,-1,unclustered,0.0,chkn or br thm brwnd-round 2/4.5#,chkn,
1832401,-1,unclustered,0.0,chkn or br thm buffalo styl 2/4.5#,chkn,
1832416,-1,unclustered,0.0,chkn or br thm chipolte 2/5#,chkn,
1832406Z,-1,unclustered,0.0,chkn or br thm-z brwnd-round 4/4.5#,chkn,
17874081,-1,unclustered,0.0,chkn or br-z applgate slc 6/2#,chkn,
17002B,-1,unclustered,0.0,chkn or br-z thm bbq styl 4/4#,chkn,
1832405,-1,unclustered,0.0,chkn or br-z thm buffalo sty 4/4.5#,chkn,
1832416,-1,unclustered,0.0,chkn or br thm chipolte 2/5#,chkn,
1832415Z,-1,unclustered,0.0,chkn or br-z thm grm 4/5#,chkn,
1832407,-1,unclustered,0.0,chkn or br-z thm grm nat 4/4.5#,chkn,
13033S,-1,unclustered,0.0,chkn philly-z 4-oz orig-phily 10#,chkn,
731219,-1,unclustered,0.0,chkn stfd bar-753 broc/chs 24/7oz,chkn,7oz
74141,-1,unclustered,0.0,chkn stfd k10724 kiev 24/7oz 10.5#,chkn,7oz
73131,-1,unclustered,0.0,chkn tendr brd gold k-3518 2/5#-z,chkn,
75054999,-1,unclustered,0.0,chkn tendr brd southr k-3522 2/5#-z,chkn,
73080746,-1,unclustered,0.0,chkn tendr brd zesty k-86797 2/5#-z,chkn,
340865,-1,unclustered,0.0,"chkn thigh b/s, perdue, tr pk #865",chkn,
73080700,-1,unclustered,0.0,chkn thigh bi fc bb6705-z 10#,chkn,
73130,-1,unclustered,0.0,chkn wing unckd 1&2p spare,chkn,
1700751,-1,unclustered,0.0,chkn-wal-tys leg qtr 700751 32#,chkn-wal-tys,
17700954,-1,unclustered,0.0,chkn-wal-tys tender seas 700954 32#,chkn-wal-tys,
17874R,-1,unclustered,0.0,chkn-wal-tys wing/hab 705748 16#,chkn-wal-tys,
144033,-1,unclustered,0.0,choice 3oz drop filet,choice,3oz
190003,-1,unclustered,0.0,"beef hindshank, ch",beef,
124007,-1,unclustered,0.0,choice clod tender-processed,choice,
420005,-1,unclustered,0.0,choice domestic lamb racks,choice,
420006,-1,unclustered,0.0,choice lamb loin,choice,
143005,-1,unclustered,0.0,choice ny strip stk cc 8/24oz,choice,24oz
144164,-1,unclustered,0.0,choice porterhouse,choice,
620079,-1,unclustered,0.0,choice sauerbratten,choice,
144160,-1,unclustered,0.0,choice t-bone,choice,
174177,-1,unclustered,0.0,"choice top round sliced 3/16""",choice,
28241000,-1,unclustered,0.0,chorizo (chicken ) by atk foods,chorizo,
38447890,-1,unclustered,0.0,chorizo (spain) sp order,chorizo,
38154300,-1,unclustered,0.0,chorizo al pastor,chorizo,
20045,-1,unclustered,0.0,chorizo de puerco cacique 12/9oz,chorizo,9oz
82389980,-1,unclustered,0.0,chorizo el michoacano 6-5lb,chorizo,5lb
620080,-1,unclustered,0.0,chorizo sausage 4-1 link,chorizo,1 l
38154400,-1,unclustered,0.0,chorizo sausage bulk,chorizo,
38240710,-1,unclustered,0.0,chorizo(eminente) bulk,chorizo(eminente),
4023410,-1,unclustered,0.0,chs amer- sup-melt wht sab,chs,
40072,-1,unclustered,0.0,chs blue danish whl 6#,chs,
40582,-1,unclustered,0.0,chs brick cheese sws 6/5#,chs,
40162,-1,unclustered,0.0,chs ched sharp yel-thm 2/5#,chs,
40255,-1,unclustered,0.0,chs colby half longhorn 8#,chs,
40258,-1,unclustered,0.0,chs colby whl longhorn 4/14#,chs,
4018694,-1,unclustered,0.0,chs cream cheese neuf 30# 5218,chs,
4018691,-1,unclustered,0.0,chs cream-z cheese spread30#,chs,
40070125,-1,unclustered,0.0,chs feta country clsc 28# pail,chs,
406946,-1,unclustered,0.0,chs grana padano dop 09m qtr-1/20#,chs,
40PO18,-1,unclustered,0.0,chs hot pepper jack thm 6/5#,chs,
40501060,-1,unclustered,0.0,chs mascarpone galb 4/5#,chs,
405943,-1,unclustered,0.0,chs moz fresh galb ciliegine 2/3#,chs,
405949,-1,unclustered,0.0,chs moz fresh galb ovalini 2/3#,chs,
40494,-1,unclustered,0.0,chs moz lm 8/5#,chs,
40579,-1,unclustered,0.0,chs muenster 6/6#,chs,
40PO15,-1,unclustered,0.0,chs muenster thm-ny 3/5.5#,chs,
4069615,-1,unclustered,0.0,chs parm-reggi agri qtr-1/20# 18m,chs,
4069614,-1,unclustered,0.0,chs parm-reggi ber qtr-1/20# 18m,chs,
408141,-1,unclustered,0.0,chs pecorino rom dop qtr 4/12#,chs,
408140,-1,unclustered,0.0,chs pecorino rom dop whl 55#,chs,
40695238,-1,unclustered,0.0,chs provolone ita madarino 42#,chs,
40PM16,-1,unclustered,0.0,chs provolone thm 4/6# hlv,chs,
40443000,-1,unclustered,0.0,chs queso cotija grated,chs,
40443004,-1,unclustered,0.0,chs queso cotija grated 12/1#,chs,
40442398,-1,unclustered,0.0,chs queso enchilado sup 4/5#,chs,
40442410,-1,unclustered,0.0,chs queso fresco elv 4/5#,chs,
40442391,-1,unclustered,0.0,chs queso fresco sup 4/5#,chs,
407311,-1,unclustered,0.0,chs swiss nat thm sandwch 2/8#,chs,
407316,-1,unclustered,0.0,chs swiss nat thm-hi-cut aged 4/7#,chs,
40739,-1,unclustered,0.0,chs-sauce ched age dean 6/#10,chs-sauce,
40171031,-1,unclustered,0.0,chs-sauce nacho 6/#10,chs-sauce,
40171011,-1,unclustered,0.0,chs-sauce nacho nue 6/#10,chs-sauce,
124002,-1,unclustered,0.0,"chuck eyeroll, ch",chuck,
120001,-1,unclustered,0.0,"chuck eyeroll, sliced thin",chuck,
120810,-1,unclustered,0.0,"chuck ground 80/20, 10lb",chuck,10lb
128005,-1,unclustered,0.0,"chuck ground 80/20, 5lb",chuck,5lb
128505,-1,unclustered,0.0,"chuck ground 85/15, 5lb",chuck,5lb
122001,-1,unclustered,0.0,"chuck ground patty, angus",chuck,
122000,-1,unclustered,0.0,"chuck ground, angus, 5lb",chuck,5lb
123060,-1,unclustered,0.0,"chuck oval patty, angus, 6oz",chuck,6oz
123030,-1,unclustered,0.0,"chuck patty 3/1, angus",chuck,
123070,-1,unclustered,0.0,"chuck patty, angus, 7oz",chuck,7oz
123080,-1,unclustered,0.0,"chuck patty, angus, 8oz",chuck,8oz
13069980,-1,unclustered,0.0,"chuck roll block ready, ch,",chuck,
13173745,-1,unclustered,0.0,"chuck roll bone/in, excel (aa)",chuck,
13171120,-1,unclustered,0.0,"chuck roll bone/in, mex praderas",chuck,
13173680,-1,unclustered,0.0,"chuck roll bone/in, mex sukarne",chuck,
13083744,-1,unclustered,0.0,"chuck roll n/off, excel (ch)",chuck,
13081395,-1,unclustered,0.0,"chuck roll n/off, excel,1x1(aa)",chuck,
13091000,-1,unclustered,0.0,"chuck roll n/off, greateromaha halal",chuck,
13083563,-1,unclustered,0.0,"chuck roll n/off, ibp star ranch (ch_ang",chuck,
13081120,-1,unclustered,0.0,"chuck roll n/off, mex praderas huastecas",chuck,
13081034,-1,unclustered,0.0,"chuck roll trim, blue ribbon (aaa)",chuck,
13083345,-1,unclustered,0.0,"chuck roll trim, diamond beef (aa)",chuck,
13083344,-1,unclustered,0.0,"chuck roll trim, diamond beef (aaa)",chuck,
120002,-1,unclustered,0.0,"chuck roll, buffalo",chuck,
120018,-1,unclustered,0.0,"chuck roll, grass run farms, ch",chuck,
13181070,-1,unclustered,0.0,"chuck short rib, palo duro (brown box)",chuck,
190823,-1,unclustered,0.0,"chuck, brisket short rib pattie, 4oz","chuck,",4oz
190818,-1,unclustered,0.0,"chuck, brisket short rib pattie, 8oz","chuck,",8oz
13161376,-1,unclustered,0.0,"chucks bnls 2 pc, beef evp (nr)",chucks,
78499989,-1,unclustered,0.0,"chum salmon portions, 6oz fortune`s wind",chum,6oz
78502789,-1,unclustered,0.0,"chum skin on salmon portions, 6oz (10#)",chum,6oz
96235640,-1,unclustered,0.0,churros,churros,
31260,-1,unclustered,0.0,cilantro (cleaned & trimmed) 4#,cilantro,
22080220,-1,unclustered,0.0,cinnamon ground 5# plastic cont,cinnamon,
22080223,-1,unclustered,0.0,cinnamon stick 3 2#,cinnamon,
620036,-1,unclustered,0.0,citterio 625 hard salami,citterio,
620010,-1,unclustered,0.0,citterio deli ready procuitto,citterio,
750060,-1,unclustered,0.0,citterio hard salami 6# ave,citterio,
750056,-1,unclustered,0.0,citterio mortadella 5/6# plain,citterio,
750156,-1,unclustered,0.0,citterio mortadella 5/6# w/nut,citterio,
750005,-1,unclustered,0.0,citterio pancetta,citterio,
750002,-1,unclustered,0.0,citterio pros cotto w/rosemary,citterio,
750006,-1,unclustered,0.0,citterio silver bnls prosciutto,citterio,
750007,-1,unclustered,0.0,citterio sopressata lg.-hot,citterio,
750008,-1,unclustered,0.0,citterio sweet capicollo,citterio,
750009,-1,unclustered,0.0,citterio sweet sopressata lg,citterio,
391193,-1,unclustered,0.0,"ckd diced white turkey, jennie o",ckd,
391194,-1,unclustered,0.0,"ckd turkey breast strips, jennie o",ckd,
52011250,-1,unclustered,0.0,ckn breast strips grill full ckd 5/2#,ckn,
70690,-1,unclustered,0.0,clam -cooked (11/20) 10/2#,clam,
901400,-1,unclustered,0.0,clam chowder,clam,
95200,-1,unclustered,0.0,clamato tomato juice mix 12/32oz,clamato,32oz
2106100,-1,unclustered,0.0,clams chopped w/juice 12/3#,clams,
21060CL,-1,unclustered,0.0,clams large 50ct,clams,50ct
21061CL,-1,unclustered,0.0,clams sml 50ct,clams,50ct
78031789,-1,unclustered,0.0,"clams, wckd 27-36 netuno (10x1#)","clams,",
78034360,-1,unclustered,0.0,"clams, whl ckd 17-22 vp, panamei 10/1#","clams,",
96685940,-1,unclustered,0.0,"classic italian-style,lofp 6ct,6/20 (7.5",classic,6ct
97151900,-1,unclustered,0.0,classic italianlof(6-20oz),classic,20oz
86000,-1,unclustered,0.0,clear liquid shortening,clear,
900024,-1,unclustered,0.0,clnart glace de canard,clnart,
900044,-1,unclustered,0.0,clnart glace de poulet,clnart,
190099,-1,unclustered,0.0,clod combo,clod,
18061014,-1,unclustered,0.0,"clod heart, ibp (ch)",clod,
13021013,-1,unclustered,0.0,"clod shoulder xt, ibp star ranch (ch_ang",clod,
13011204,-1,unclustered,0.0,"clod shoulder, creekstone (choice)",clod,
13011000,-1,unclustered,0.0,"clod shoulder, greateromaha (hereford)",clod,
13013556,-1,unclustered,0.0,"clod shoulder, heartland (n/r)",clod,
124005,-1,unclustered,0.0,"clod tender peeled, ch, 10#a",clod,
124003,-1,unclustered,0.0,"clod tender, ch",clod,
124004,-1,unclustered,0.0,"clods beef, ch",clods,
83820,-1,unclustered,0.0,closed- peanut butter *hunsty* 6/5,closed-,
78061789,-1,unclustered,0.0,cobia diced netuno (10#),cobia,
78051789,-1,unclustered,0.0,"cobia, iwp fillet 1-3lb; netuno 20#","cobia,",3lb
78054369,-1,unclustered,0.0,"cobia, portion ivp, rtl panamei (10/1#)","cobia,",
95152,-1,unclustered,0.0,coca cola mexico 12oz small only,coca,12oz
906175,-1,unclustered,0.0,cocktail juice tomato 8/64oz,cocktail,64oz
910410,-1,unclustered,0.0,cocktail mix sweet & sour 4/1gal,cocktail,1g
82440,-1,unclustered,0.0,coco king coconut milk small case,coco,
31290,-1,unclustered,0.0,coconut (fresh),coconut,
30337019,-1,unclustered,0.0,coconut cream lopez 24/15oz,coconut,15oz
970410,-1,unclustered,0.0,coconut wat ouc 12/10.8-oz can,coconut,
71011669,-1,unclustered,0.0,"cod 2-3oz, harvest (10/1#)",cod,3oz
71011251,-1,unclustered,0.0,"cod breaded fillet 4oz, (10#)",cod,4oz
71085829,-1,unclustered,0.0,"cod fillet, sknls sea best (12/1#)",cod,
71039989,-1,unclustered,0.0,"cod loin 4oz, (100-120g), atlantic (11#)",cod,4oz
71049989,-1,unclustered,0.0,"cod loin 6oz, (160-180g), atlantic (11#)",cod,6oz
71014759,-1,unclustered,0.0,"cod loin, 4oz pacific, hook&barrel (10#)",cod,4oz
71074759,-1,unclustered,0.0,"cod loin, 6oz pacific, hook&barrel (10#)",cod,6oz
71054759,-1,unclustered,0.0,"cod loin, 7oz pacific, hook&barrel (10#)",cod,7oz
71064759,-1,unclustered,0.0,"cod loin, 8oz pacific, hook&barrel (10#)",cod,8oz
207900035,-1,unclustered,0.0,"cod loin, iceland 4oz (10#)",cod,4oz
207900030,-1,unclustered,0.0,"cod loin, iceland 8oz (10#)",cod,8oz
207900034,-1,unclustered,0.0,"cod loin, tempura battered par fried 10#",cod,
71074369,-1,unclustered,0.0,"cod portion, ivp rtl, panamei (20/1#)",cod,
71071529,-1,unclustered,0.0,"cod portions 4oz, blumaris (10#)",cod,4oz
207900031,-1,unclustered,0.0,"cod sandwich cut, iceland 3.5oz (10#)",cod,3.5oz
71014769,-1,unclustered,0.0,"cod, ch boned cristobal, (24/1#)","cod,",
71011699,-1,unclustered,0.0,"cod, fillet 8/16oz aquanita (1-10#)","cod,",16oz
12135414,-1,unclustered,0.0,code 1231514,code,
99990001,-1,unclustered,0.0,cold storage/overwrite description,cold,
50131910,-1,unclustered,0.0,collard green 24ct,collard,24ct
40302600,-1,unclustered,0.0,"collars boneless, pork aurora",collars,
COL,-1,unclustered,0.0,collect,collect,
99996,-1,unclustered,0.0,chicken b/s breast (tyson) frozen!!,chicken,
920209,-1,unclustered,0.0,comfort food carton,comfort,
84310,-1,unclustered,0.0,concentrate cooking tamarind 24/16,concentrate,
85281,-1,unclustered,0.0,condensed milk *black & white*,condensed,
85282,-1,unclustered,0.0,condensed sweet milk [tub] 25#,condensed,
101278,-1,unclustered,0.0,cont 7in aluminum rnd 500ct,cont,500ct
101274,-1,unclustered,0.0,cont 9-in aluminum rnd 500ct,cont,500ct
99540,-1,unclustered,0.0,cont foam 5 sandwch 4/125ct,cont,125ct
101264,-1,unclustered,0.0,cont foam 9x5x3 hoggie 99ht1 dart,cont,
99244,-1,unclustered,0.0,cont rnd 1/2 gal berry 200ct,cont,2 g
99245,-1,unclustered,0.0,cont rnd 1gal berry 100ct,cont,1g
620081,-1,unclustered,0.0,cook`s smoked 3x3 ham portions,cook`s,
749995,-1,unclustered,0.0,cook`s/sherwood smoked 1/2 hams,cook`s/sherwood,
44061,-1,unclustered,0.0,cooked beef intestines bronco meat,cooked,
82560,-1,unclustered,0.0,cooking michiu 4 x 3 liters (101oz),cooking,3 l
84508,-1,unclustered,0.0,copy paper 8.5x11 20# bright white,copy,
906035,-1,unclustered,0.0,corn & green chilie bisque soup,corn,
15110510,-1,unclustered,0.0,corn beef hash 4/12lb /cs,corn,12lb
80273,-1,unclustered,0.0,corn cut golden kernel 12/15oz cans,corn,15oz
80272,-1,unclustered,0.0,corn cut golden-z kernel 12/2.5#,corn,
96294740,-1,unclustered,0.0,"corn cut, mambo (6x2#)",corn,
71208,-1,unclustered,0.0,corn dog 1/10,corn,
20700,-1,unclustered,0.0,corn dog 12/16oz tray,corn,16oz
20702,-1,unclustered,0.0,corn dog chicken bulk 10#,corn,
20703,-1,unclustered,0.0,corn dog chicken bulk 4/1 18#,corn,
38459960,-1,unclustered,0.0,corn dogs,corn,
952521,-1,unclustered,0.0,corn husk 24/1#,corn,
82700,-1,unclustered,0.0,corn husks (hojas p/tamales) 24x1,corn,
85270,-1,unclustered,0.0,corn kernel 12/2.5# (brown box),corn,
82660,-1,unclustered,0.0,corn maize starch 55# *sunar*,corn,
95251B,-1,unclustered,0.0,corn meal yel 50# bag,corn,
97103111,-1,unclustered,0.0,corn oil mazola gallons,corn,
80270,-1,unclustered,0.0,corn on the cob 48ct-z,corn,48ct
80269,-1,unclustered,0.0,corn on the cob 96ct-z,corn,96ct
82601,-1,unclustered,0.0,corn starch (individual ) 3lb,corn,3lb
82600,-1,unclustered,0.0,corn starch - 50#,corn,
80271,-1,unclustered,0.0,corn sweet whl in husk 48ct,corn,48ct
120770599,-1,unclustered,0.0,corned beef brisket flatsgrobbel(10pc),corned,
12012670,-1,unclustered,0.0,corned beef brisket points,corned,
120760599,-1,unclustered,0.0,corned beef brisket points grobbel(11pc),corned,
190029,-1,unclustered,0.0,"corned beef eye-rind, ckd, dan`s",corned,
12022670,-1,unclustered,0.0,"corned beef flat, o`connell`s",corned,
190027,-1,unclustered,0.0,"corned beef ground, ckd",corned,
190014,-1,unclustered,0.0,"corned beef round, shamrock",corned,
190015,-1,unclustered,0.0,"corned beef, ckd, shred, boyles",corned,
190024,-1,unclustered,0.0,"corned beef, sliced, private label",corned,
91169000,-1,unclustered,0.0,corned bf hash chef-mate 6/#10,corned,
9116899,-1,unclustered,0.0,corned bf hash henj 4/12#-z,corned,
1832642,-1,unclustered,0.0,cornedbf ckd thm top round 2/8#,cornedbf,
220615,-1,unclustered,0.0,cornedbf ckd v br flat 18500 2/18#,cornedbf,
1832642Z,-1,unclustered,0.0,cornedbf ckd-z thm-top-rnd 2/8#,cornedbf,
22060810,-1,unclustered,0.0,cornedbf-raw bea flat-ret 10/3.5#,cornedbf-raw,
22062676,-1,unclustered,0.0,cornedbf-raw olf-ret points 12/3#,cornedbf-raw,
10011,-1,unclustered,0.0,cornish hen ty tp,cornish,
SP1600,-1,unclustered,0.0,cornish hens - whole,cornish,
29200420,-1,unclustered,0.0,cornish hens stuffed with rice,cornish,
363248,-1,unclustered,0.0,"cornish hens, 2pc packs, tyson",cornish,
363003,-1,unclustered,0.0,"cornish hens, kosher rock",cornish,
SP16001,-1,unclustered,0.0,cornish hens-split* orderwhole,cornish,
AOL00010,-1,unclustered,0.0,coronavirus meat pack,coronavirus,
86613,-1,unclustered,0.0,cosentino`s chorizo seasoning mix,cosentino`s,
86670,-1,unclustered,0.0,cosentino`s hot italian sausage szn,cosentino`s,
86680,-1,unclustered,0.0,cosentino`s mild italian sausage sz,cosentino`s,
97469740,-1,unclustered,0.0,"cotto salami, bar s (12/1lb))",cotto,1lb
97445740,-1,unclustered,0.0,"cotto salami, bar s (16/12oz)",cotto,12oz
SP195,-1,unclustered,0.0,country fry steak/beef pat 3oz,country,3oz
99999,-1,unclustered,0.0,blank,blank,
21050B,-1,unclustered,0.0,crab blue clean whl 20#-z,crab,
71205,-1,unclustered,0.0,crab cake 12/6oz,crab,6oz
77044360,-1,unclustered,0.0,"crab jonah, claw/arm 5-6ct panamei 10/2#",crab,6ct
21059,-1,unclustered,0.0,crab meat imit flake-z 30/1#,crab,
77035690,-1,unclustered,0.0,"crab meat, claw can, chicken of the 12/1",crab,
77034360,-1,unclustered,0.0,"crab meat, claw can, panamei (12/1#)",crab,
550825,-1,unclustered,0.0,crabjoy imitation crab flakes-8/2.5#,crabjoy,
553563,-1,unclustered,0.0,crabjoy imitation crab leg-10/1.5#,crabjoy,
902701,-1,unclustered,0.0,crackers saltines 500ct,crackers,500ct
21060018,-1,unclustered,0.0,crawfish ckd,crawfish,
78089989,-1,unclustered,0.0,crawfish cooked 16-22 (2/5#),crawfish,
78085219,-1,unclustered,0.0,crawfish cooked 16-22 nature`s seas 2/5#,crawfish,
78084360,-1,unclustered,0.0,"crawfish whl ckd, 18/27ct panamei (10/2)",crawfish,27ct
85000,-1,unclustered,0.0,cream cheese 10/3 *pauly* long box,cream,
85003,-1,unclustered,0.0,cream cheese bulk *pauly* bola 30#,cream,
30337018,-1,unclustered,0.0,cream heavy whip qt 12-16ct,cream,16ct
902610,-1,unclustered,0.0,cream of mushroom soup-canned,cream,
86020,-1,unclustered,0.0,creamy frying shortening - cmc,creamy,
83640,-1,unclustered,0.0,creamy peanut butter *hunsty*,creamy,
628826,-1,unclustered,0.0,creamy pick beer cheese brat 4-1,creamy,
625567,-1,unclustered,0.0,creamy pig brat 4-1,creamy,
240013,-1,unclustered,0.0,creekstone b-in pork loin case lot,creekstone,
143090,-1,unclustered,0.0,creekstone chefs table ch psmo,creekstone,
85173,-1,unclustered,0.0,crema mexicana lala 12/16oz,crema,16oz
85176,-1,unclustered,0.0,crema salvadorena ricura 14oz med,crema,14oz
85175,-1,unclustered,0.0,crema salvadorena ricura 30oz large,crema,30oz
390624,-1,unclustered,0.0,"crispy bread chicken strips, ckd, foster",crispy,
24350,-1,unclustered,0.0,crispy chow mein *golden bowl*,crispy,
78091789,-1,unclustered,0.0,"croaker, h&g 8-16oz netuno 25#","croaker,",16oz
78094369,-1,unclustered,0.0,"croaker, h&g 8-16oz, (25#)","croaker,",16oz
90270135,-1,unclustered,0.0,croissant-z 3 oz 45ct,croissant-z,3 oz
90270136,-1,unclustered,0.0,croissant-z 4 oz 30ct,croissant-z,4 oz
24993,-1,unclustered,0.0,crushed tomatoes 6/5,crushed,
621735,-1,unclustered,0.0,cti cooked pork sausage patty-30#,cti,
97426030,-1,unclustered,0.0,"ctry sge links sknlss,6/2,purnells (12#)",ctry,
97436030,-1,unclustered,0.0,"ctry sge patties hot,6/38,purnells(14.25",ctry,
97446030,-1,unclustered,0.0,"ctry sge patties m,6/38,purnell`s(14.25#",ctry,
53079980,-1,unclustered,0.0,"cubed chicken pieces, (40#)",cubed,
96705880,-1,unclustered,0.0,"cubed ham, kentucky legend 8oz (6#)",cubed,8oz
31270,-1,unclustered,0.0,cucumber 24ct small case,cucumber,24ct
5050210,-1,unclustered,0.0,cucumber med 24 ct,cucumber,24 ct
50120124,-1,unclustered,0.0,cucumbers seedless med 12ct,cucumbers,12ct
40244890,-1,unclustered,0.0,cueritos botaneros el gallito (12/1#),cueritos,
144013,-1,unclustered,0.0,"culotte, fat on, ch","culotte,",
144009,-1,unclustered,0.0,"culotte, peeled, ch","culotte,",
144003,-1,unclustered,0.0,"culotte/bistro steak, ch",culotte/bistro,
144087,-1,unclustered,0.0,"culotte/bistro steak, ch, 10oz",culotte/bistro,10oz
144061,-1,unclustered,0.0,"culotte/bistro steak, ch, 6oz",culotte/bistro,6oz
144081,-1,unclustered,0.0,"culotte/bistro steak, ch, 8oz",culotte/bistro,8oz
930099801,-1,unclustered,0.0,"culver, b grade, duck","culver,",
22080176,-1,unclustered,0.0,cumin ground 5#,cumin,
85600,-1,unclustered,0.0,cumin powder [case] 30#,cumin,
35601,-1,unclustered,0.0,cumin powder case 55#,cumin,
22080174,-1,unclustered,0.0,cumin whl 5#,cumin,
960326,-1,unclustered,0.0,cup 04 oz souf solo 2500 ct dart,cup,04 oz
80016,-1,unclustered,0.0,cup for warehouse use only,cup,
96028,-1,unclustered,0.0,cup-4 carrier no handles,cup-4,
900007,-1,unclustered,0.0,curly`s ckd pot roast-36/8oz,curly`s,8oz
720004,-1,unclustered,0.0,curly`s cooked roast beef,curly`s,
908448,-1,unclustered,0.0,curried rice & lentil soup-4/8#,curried,
93121133,-1,unclustered,0.0,curry irish buckets,curry,
83280,-1,unclustered,0.0,curry powder (case) sell by case,curry,
47061010,-1,unclustered,0.0,"cushion meat cov, ibp",cushion,
47061920,-1,unclustered,0.0,"cushion meat cov, prestage",cushion,
47061980,-1,unclustered,0.0,"cushion meat cov, smithfield",cushion,
90700,-1,unclustered,0.0,custard bun (b-07),custard,
85251,-1,unclustered,0.0,cutlery kit,cutlery,
995331,-1,unclustered,0.0,cutlery kit combo med white,cutlery,
2971,-1,unclustered,0.0,cvp 8pc (2.5-2.75) 16hd/cs ice,cvp,
96016,-1,unclustered,0.0,d&g ginger beer brown bottle,d&g,
96022,-1,unclustered,0.0,d&g kola champagne,d&g,
740205,-1,unclustered,0.0,daily`s smoked pit hams-1pc,daily`s,
84005,-1,unclustered,0.0,daisy sour cream 16 oz,daisy,16 oz
21205,-1,unclustered,0.0,dearborn deli hams 2pc #3516,dearborn,
21210,-1,unclustered,0.0,dearborn natural casing frank 8-1 #1052,dearborn,
21211,-1,unclustered,0.0,dearborn natural casing frank 8-1 #7039,dearborn,
21200,-1,unclustered,0.0,dearborn old fashion hams 20up 2pc,dearborn,
21209,-1,unclustered,0.0,dearborn smoked ham shanks #3534,dearborn,
99127944,-1,unclustered,0.0,dee amore twice baked loaded(8-10oz),dee,10oz
999999999,-1,unclustered,0.0,default pricing product,default,
9999999,-1,unclustered,0.0,default product for pricing,default,
96031,-1,unclustered,0.0,coconut milk,coconut,
99915016,-1,unclustered,0.0,degreaser hd zac 4/1gal,degreaser,1g
99915014,-1,unclustered,0.0,degreaser hd zac 5gal,degreaser,5g
41552210,-1,unclustered,0.0,deli sliced ham buddig,deli,
12345,-1,unclustered,0.0,delivery charge - .08,delivery,
900010,-1,unclustered,0.0,demi glace de porc 16#tub,demi,
900017,-1,unclustered,0.0,demi glace de poulet 16#tub,demi,
900006,-1,unclustered,0.0,demi glace de veau 16#tub,demi,
99916,-1,unclustered,0.0,detergent dish pal 4/1 gal,detergent,1 g
99922,-1,unclustered,0.0,detergent dish zac 4/1 gal,detergent,1 g
99915013,-1,unclustered,0.0,detergent dish zac liq 5gal,detergent,5g
95420,-1,unclustered,0.0,diana platanitos 24/2.4oz,diana,2.4oz
96695880,-1,unclustered,0.0,"dice ham, kentucky legend 12/8oz (6#)",dice,8oz
49002120,-1,unclustered,0.0,diced pork,diced,
190055,-1,unclustered,0.0,"dinner loaf patty, quality ckd",dinner,
20969020,-1,unclustered,0.0,dino mature whole body chicken,dino,
94685080,-1,unclustered,0.0,divine cocina beef soya meat 12/6.5oz,divine,6.5oz
94605080,-1,unclustered,0.0,divine cocina chicken soya meat 12/6.5oz,divine,6.5oz
94695080,-1,unclustered,0.0,divine cocina natural soya meat 12/6.5oz,divine,6.5oz
94615080,-1,unclustered,0.0,divine cocina seafood soya meat 12/6.5oz,divine,6.5oz
363240,-1,unclustered,0.0,do not use,do,
ZZZ90302,-1,unclustered,0.0,do not use beans dry pinto frijoles 100#,do,
ZZ10436R,-1,unclustered,0.0,do not use bf fat tallow col 50#,do,
952530TP,-1,unclustered,0.0,do not use flour top white 50# bag,do,
ZZ50152,-1,unclustered,0.0,do not use pepper chile morita 5#,do,
70242TP,-1,unclustered,0.0,do not use pizza puff el greg beef,do,
ZZ90274,-1,unclustered,0.0,do not use salt 25#,do,
93289,-1,unclustered,0.0,do not use shorten cube av blue 50#,do,
ZZ95259,-1,unclustered,0.0,do not usebreading lem pep fry krisp 25#,do,
Z0346032,-1,unclustered,0.0,do not usejalapeno pep slcd la cos 6/#10,do,
9406610,-1,unclustered,0.0,dolmades stuffed grape leaf ath,dolmades,
420160,-1,unclustered,0.0,domest lamb shank 16-24oz cs,domest,24oz
421012,-1,unclustered,0.0,domestic lamb neck,domestic,
420161,-1,unclustered,0.0,domestic lamb shank 16-24oz,domestic,24oz
99,-1,unclustered,0.0,donation,donation,
51054,-1,unclustered,0.0,double baked potato,double,
85450,-1,unclustered,0.0,double black soy sauce *koon chun*,double,
620082,-1,unclustered,0.0,double smoked bacon,double,
31580,-1,unclustered,0.0,dragon fruit 6 ct,dragon,6 ct
82390,-1,unclustered,0.0,dried black fungus strip 5#/bag each,dried,
82420,-1,unclustered,0.0,dried mushroom - 5# each,dried,
9114847,-1,unclustered,0.0,drink mix bloody mary 12/32oz,drink,32oz
91148474,-1,unclustered,0.0,drink mix lem 12/20oz crt,drink,20oz
89001,-1,unclustered,0.0,drink mix swt & sour dj,drink,
93661845,-1,unclustered,0.0,drs catalina 4/1 gal,drs,1 g
57004130,-1,unclustered,0.0,"drumstick jumbo, hor (40#)",drumstick,
57005540,-1,unclustered,0.0,"drumstick, 3s t/p, organic, miller","drumstick,",
57001010,-1,unclustered,0.0,"drumstick, chicken tyson co2 (40#)","drumstick,",
57004800,-1,unclustered,0.0,"drumstick, t. p., delta sunrise 12/1.75","drumstick,",
57021010,-1,unclustered,0.0,"drumstick, tray pack, chicken tyson","drumstick,",
67001080,-1,unclustered,0.0,"drumstick, turkey, cooper farms","drumstick,",
190093,-1,unclustered,0.0,dry age white fat,dry,
96042,-1,unclustered,0.0,dry jerk seasoning,dry,
11210,-1,unclustered,0.0,duck - h/on buddhist duck i/p 6.0#,duck,
11015,-1,unclustered,0.0,duck - h/on f/on 5.0# buddhist cov,duck,
11017,-1,unclustered,0.0,duck - h/on feet on 5.5/6.0 culver,duck,
11016,-1,unclustered,0.0,duck - head on feet on buddhist 4.5,duck,
11010,-1,unclustered,0.0,duck - head on feet on cov ind 5.5#,duck,
11211,-1,unclustered,0.0,duck - head-on duck 6.0# bulk culvr,duck,
42300550,-1,unclustered,0.0,duck 4.25-5.75# fresh,duck,
392208,-1,unclustered,0.0,"duck bacon, 20/8oz, maple leaf",duck,8oz
42224200,-1,unclustered,0.0,duck boneless pieces,duck,
382300,-1,unclustered,0.0,"duck bones, 30#",duck,
19584,-1,unclustered,0.0,duck bones/carcasses cul 30#,duck,
1954710,-1,unclustered,0.0,duck br-meat jur 20# 97021,duck,
11140,-1,unclustered,0.0,duck breast bnls 8-9oz *culver*,duck,9oz
42250212,-1,unclustered,0.0,duck breast bnls smoked,duck,
42250211,-1,unclustered,0.0,duck breast single bnls 81007,duck,
42555660,-1,unclustered,0.0,duck breast smoked 7oz natural,duck,7oz
362006,-1,unclustered,0.0,"duck breast, large, maple leaf",duck,
362004,-1,unclustered,0.0,"duck breast, med, maple leaf",duck,
362008,-1,unclustered,0.0,"duck breast, small, maple leaf",duck,
11120,-1,unclustered,0.0,duck breasts bnls 20pc keystone,duck,
310089,-1,unclustered,0.0,"duck breasts, lac brome, 10-12oz",duck,12oz
390112,-1,unclustered,0.0,"duck breasts, retail, 12/1pk",duck,1pk
362010,-1,unclustered,0.0,"duck brst, retail, 2pc pack, maple leaf",duck,
11310,-1,unclustered,0.0,duck chitterlings - 8oz packs <jj>,duck,8oz
42100550,-1,unclustered,0.0,duck confucian head on,duck,
19575,-1,unclustered,0.0,duck fat rend mlf tub 3/3.5#,duck,
42402020,-1,unclustered,0.0,duck fat rendered,duck,
11252,-1,unclustered,0.0,duck fat rendered 6/1 pint,duck,
382350,-1,unclustered,0.0,"duck fat, rendered, 3.5# tub",duck,
382351,-1,unclustered,0.0,"duck fat, retail rendered, 8/6oz",duck,6oz
332002,-1,unclustered,0.0,duck feet,duck,
42225000,-1,unclustered,0.0,duck foie-gras,duck,
11250,-1,unclustered,0.0,duck gizzards - bulk pack,duck,
42638900,-1,unclustered,0.0,duck ground,duck,
11003,-1,unclustered,0.0,duck halal 6.0# grade a,duck,
1956387,-1,unclustered,0.0,duck head w/0-tong cul 3/10#,duck,
11011,-1,unclustered,0.0,duck headless grade a {4 lb},duck,4 lb
11251,-1,unclustered,0.0,duck heads,duck,
1956383,-1,unclustered,0.0,duck hearts cul 3/12#,duck,
362032,-1,unclustered,0.0,"duck hens, muscovy, 8/4#",duck,
19520014,-1,unclustered,0.0,duck hlv-roasted cul 12/16-oz,duck,
1956530,-1,unclustered,0.0,duck leg bi jur 3/10p-vp 24#,duck,
1956534,-1,unclustered,0.0,duck leg bi jur-ret 8/2p 10#,duck,
42390000,-1,unclustered,0.0,duck leg confit bone in 8 lb case,duck,8 lb
332081,-1,unclustered,0.0,"duck leg confit, retail, #3680216",duck,
42250000,-1,unclustered,0.0,duck leg quarters,duck,
332082,-1,unclustered,0.0,"duck leg, maple leaf, 2pc pack",duck,
1955892,-1,unclustered,0.0,duck leg-confit mlf bnl 5/2#,duck,
42224000,-1,unclustered,0.0,duck legs-36 layer bi,duck,36 l
11190,-1,unclustered,0.0,duck necks,duck,
42630204,-1,unclustered,0.0,duck pate 4.5 lb. loaf,duck,4.5 lb
42351851,-1,unclustered,0.0,duck roasted halvs,duck,
42351061,-1,unclustered,0.0,duck roasted halvs rotisserie,duck,
85350,-1,unclustered,0.0,duck sauce 5 gallon/tub *wah yoan*,duck,5 g
84890,-1,unclustered,0.0,duck sauce packets green panda,duck,
85340,-1,unclustered,0.0,duck sauce panda 5 gallon/tub,duck,5 g
42631100,-1,unclustered,0.0,duck sausage-gourmet,duck,
42500000,-1,unclustered,0.0,duck tenderloins,duck,
11240,-1,unclustered,0.0,duck tongues 30# avg,duck,
19516,-1,unclustered,0.0,duck wbd a mlf 4.25-5.75# 6-ct,duck,
11180,-1,unclustered,0.0,duck wings - bulk pack,duck,
11181,-1,unclustered,0.0,duck wings cov retail keystonekatie,duck,
19590011,-1,unclustered,0.0,duck-jerky-cul maple 12/3-oz,duck-jerky-cul,
19590010,-1,unclustered,0.0,duck-jerky-cul original 12/3-oz,duck-jerky-cul,
19590012,-1,unclustered,0.0,duck-jerky-cul teriyaki 12/3-oz,duck-jerky-cul,
362001,-1,unclustered,0.0,"ducks, med size, maple leaf","ducks,",
1,-1,unclustered,0.0,"due to increse cost of labor ,packing ,",due,
451112,-1,unclustered,0.0,durham ranch ground venison-12/1#,durham,
85015,-1,unclustered,0.0,dutch farms american loaf 6/5#,dutch,
85010,-1,unclustered,0.0,dutch farms american slices 120ct 4/5#,dutch,120ct
85025,-1,unclustered,0.0,dutch farms baby swis wheel 20#,dutch,
20395,-1,unclustered,0.0,dutch farms bacon 12/1#,dutch,
20397,-1,unclustered,0.0,dutch farms bacon applewood smoked 12/1#,dutch,
20396,-1,unclustered,0.0,dutch farms thick cut bacon 12/1#,dutch,
95503850,-1,unclustered,0.0,e,e,
40121010,-1,unclustered,0.0,"ears pork, ibp 22.1#",ears,
40121060,-1,unclustered,0.0,"ears pork, indiana",ears,
40329980,-1,unclustered,0.0,"ears, pork","ears,",
901135,-1,unclustered,0.0,echo lake french toast-13.5# box,echo,
34010,-1,unclustered,0.0,eckrich loaf p&p,eckrich,
621213,-1,unclustered,0.0,eckrich smoked rope sausage-12/13oz,eckrich,13oz
92280400,-1,unclustered,0.0,egg hard boiled -184 pac,egg,
31640,-1,unclustered,0.0,egg liq yolk sugar 30#-z,egg,
24910,-1,unclustered,0.0,egg noodle -- baily (small) frozen,egg,
24070,-1,unclustered,0.0,egg roll skin (thick)-tung fa 7x7,egg,
25440,-1,unclustered,0.0,egg roll wrapper (7*7) -- west lake,egg,
92110000,-1,unclustered,0.0,egg yolks sugar,egg,
50120148,-1,unclustered,0.0,eggplant chinese 30#,eggplant,
25120,-1,unclustered,0.0,eggroll skin - baily 7x7 (regular),eggroll,
24130,-1,unclustered,0.0,eggroll skin - baily 7x7 (thick),eggroll,
83520,-1,unclustered,0.0,eggshade food color - (case),eggshade,
457030,-1,unclustered,0.0,elk b trim,elk,
450031,-1,unclustered,0.0,elk patties 3-1,elk,
79113350,-1,unclustered,0.0,elk short ribs,elk,
456060,-1,unclustered,0.0,elk standard muscles shoulder jerky,elk,
140008,-1,unclustered,0.0,elk tenderloin,elk,
451031,-1,unclustered,0.0,elk w/madeira 5-1 sausage,elk,
622589,-1,unclustered,0.0,emerald city fresh polish,emerald,
90278015,-1,unclustered,0.0,empanada fry dough wht 30/14-oz,empanada,
96414740,-1,unclustered,0.0,"empanadas beef, argenti 4ct, mambo 8x12z",empanadas,4ct
618181,-1,unclustered,0.0,empire kosher hot dogs,empire,
321008,-1,unclustered,0.0,empire kosher iqf chicken drumsticks,empire,
160777,-1,unclustered,0.0,empire kosher ribeye steaks-retail,empire,
84551,-1,unclustered,0.0,empty soy sauce dispenser -lkk,empty,
920285,-1,unclustered,0.0,end of summer griller,end,
94655080,-1,unclustered,0.0,ep chocolate 12/7.5oz,ep,7.5oz
94715080,-1,unclustered,0.0,ep mole paste 12/8.5oz,ep,8.5oz
94665080,-1,unclustered,0.0,ep mole powder 12/4.5oz,ep,4.5oz
50125,-1,unclustered,0.0,epazote 24ct,epazote,24ct
17063795,-1,unclustered,0.0,"export rib, black mountain (select)",export,
17061455,-1,unclustered,0.0,"export rib, ft worth packers (sel)",export,
17071004,-1,unclustered,0.0,"export rib, greateromaha (ch) halal",export,
17061011,-1,unclustered,0.0,"export rib, ibp (prime)",export,
17063742,-1,unclustered,0.0,"export rib, no roll, excel (aaa)",export,
17061076,-1,unclustered,0.0,"export rib, no roll, palo duro",export,
17063334,-1,unclustered,0.0,"export rib, upper iowa (ch)",export,
12070600,-1,unclustered,0.0,exports 12x12 prime,exports,
31942,-1,unclustered,0.0,extra firm tofu 14oz/12 purple box,extra,14oz
97345840,-1,unclustered,0.0,"extra sausage, williams sausage (12/1#)",extra,
203783,-1,unclustered,0.0,extract vanilla 4/1gal molina,extract,1g
170010,-1,unclustered,0.0,"eye of round cb, sliced cooked",eye,
174369,-1,unclustered,0.0,"eye of round, ch remove fat slice 1.25mm",eye,
174360,-1,unclustered,0.0,"eye of round, ch, 3-6#",eye,
170004,-1,unclustered,0.0,"eye of round, ckd corned beef",eye,
170005,-1,unclustered,0.0,"eye of round, corned beef",eye,
170008,-1,unclustered,0.0,"eye of rounds, grass run farms, ch",eye,
11261310,-1,unclustered,0.0,"eye round 100, four star",eye,
11264496,-1,unclustered,0.0,"eye round, 1/4"", harmony",eye,
11264544,-1,unclustered,0.0,"eye round, 5star (ch)",eye,
11263694,-1,unclustered,0.0,"eye round, aurora (ch)",eye,
11261204,-1,unclustered,0.0,"eye round, creekstone (ch)",eye,
11261201,-1,unclustered,0.0,"eye round, creekstone (prime)",eye,
11261002,-1,unclustered,0.0,"eye round, greateromaha (cangus)",eye,
11271004,-1,unclustered,0.0,"eye round, greateromaha (ch) halal",eye,
11261001,-1,unclustered,0.0,"eye round, greateromaha (prime)",eye,
11264565,-1,unclustered,0.0,"eye round, hereford",eye,
11261015,-1,unclustered,0.0,"eye round, ibp (select)",eye,
11261164,-1,unclustered,0.0,"eye round, iowa premium (ch)",eye,
11261022,-1,unclustered,0.0,"eye round, national (cangus)",eye,
11263563,-1,unclustered,0.0,"eye round, star ranch (ch_angus)",eye,
530230,-1,unclustered,0.0,ez peel 26-30ct shrimp-10/2#,ez,30ct
96445870,-1,unclustered,0.0,"f c ruby grapefruit,n/a sgr,t f, (12/7z)",f,
96435870,-1,unclustered,0.0,"f cup ruby grapefruit, true f, (12/7oz)",f,7oz
98475870,-1,unclustered,0.0,"f cup, cherry medley,true f, (12/7z)",f,
99200,-1,unclustered,0.0,face mask *be clean* each,face,
99201,-1,unclustered,0.0,face mask - case (40 boxes),face,
10809980,-1,unclustered,0.0,"face plate, burnt, beef,",face,
31180,-1,unclustered,0.0,fajita vegetable blend,fajita,
97758,-1,unclustered,0.0,falafel kaiser halal,falafel,
95170,-1,unclustered,0.0,fanta orange .naranja. 16oz,fanta,16oz
622247,-1,unclustered,0.0,farmer john pork saus chub-24/7oz,farmer,7oz
621619,-1,unclustered,0.0,farmer john smoked polish sausage,farmer,
320817,-1,unclustered,0.0,farmers focus drumsticks,farmers,
360029,-1,unclustered,0.0,farmers focus nae 10 head wog,farmers,
320408,-1,unclustered,0.0,farmers focus organic drums,farmers,
360019,-1,unclustered,0.0,farmers focus organic whole bird,farmers,
370818,-1,unclustered,0.0,farmers focus party wings,farmers,
350814,-1,unclustered,0.0,farmers focus tenders,farmers,
612412,-1,unclustered,0.0,farmington turkey polska kielbasa,farmington,
741612,-1,unclustered,0.0,farmland boneless ham steaks-12/1#,farmland,
48059990,-1,unclustered,0.0,fat pork (40#) moesle,fat,
480599909,-1,unclustered,0.0,fat pork (60#) moesle,fat,
190703,-1,unclustered,0.0,fc flamebroiled beef patty - 70ct - 3oz,fc,3oz
10111050,-1,unclustered,0.0,"feet beef #1 white, afg",feet,
10111000,-1,unclustered,0.0,"feet beef #1 white, greater omaha",feet,
10483840,-1,unclustered,0.0,"feet beef whole, mex revuelta",feet,
10113690,-1,unclustered,0.0,"feet beef, aurora",feet,
10109980,-1,unclustered,0.0,"feet burnt, beef,",feet,
10101390,-1,unclustered,0.0,"feet burnt, beef, cargill",feet,
10321320,-1,unclustered,0.0,"feet cut, mex gusi",feet,
10323840,-1,unclustered,0.0,"feet cut, mex revuelta",feet,
10121130,-1,unclustered,0.0,"feet cut, mex sukarne (#30)",feet,
40081530,-1,unclustered,0.0,"feet front with hock, pork, tri-eagle (3",feet,
40072160,-1,unclustered,0.0,"feet front, lynch (30#)",feet,
40079990,-1,unclustered,0.0,"feet front, moesle (40#)",feet,
40071060,-1,unclustered,0.0,"feet front, pork indiana (30#)",feet,
40071010,-1,unclustered,0.0,"feet front, pork, ibp (31#)",feet,
40071150,-1,unclustered,0.0,"feet front, seaboard (30#)",feet,
40071530,-1,unclustered,0.0,"feet front, tri-eagle (30#)",feet,
82031440,-1,unclustered,0.0,"feet salted, pork belmont",feet,
10121320,-1,unclustered,0.0,"feet whole, mex, gusi",feet,
10121120,-1,unclustered,0.0,"feet whole, mex, praderas",feet,
10125950,-1,unclustered,0.0,bf feet-z whl moe,bf,
10313690,-1,unclustered,0.0,"feet, #2 beef, aurora","feet,",
50041010,-1,unclustered,0.0,"feet, chicken 3d tray pk tyson 12/1.75#","feet,",
10153570,-1,unclustered,0.0,"femur bones (split), ibp",femur,
10151090,-1,unclustered,0.0,"femur bones, (whole) black mountain",femur,
10251160,-1,unclustered,0.0,"femur bones, (whole) iowa premium",femur,
10151390,-1,unclustered,0.0,"femur bones, center cut beef cargill",femur,
10153330,-1,unclustered,0.0,"femur bones, center cut, upper iowa",femur,
10153760,-1,unclustered,0.0,"femur bones, liffey",femur,
190083,-1,unclustered,0.0,femur whole combo,femur,
10151160,-1,unclustered,0.0,"femur/tibia bones, cc beef iowa premium",femur/tibia,
10451090,-1,unclustered,0.0,"femur/tibia bones,cc beef black mountain",femur/tibia,
96045,-1,unclustered,0.0,festival mix,festival,
85239,-1,unclustered,0.0,feta cheese crumbled 2/5 -mosaic-,feta,
349056,-1,unclustered,0.0,ff bnls/skls chicken thigh 12/2.5 lb,ff,2.5 lb
144000,-1,unclustered,0.0,"filet bone-in, ch, spec size",filet,
13199428,-1,unclustered,0.0,filet mignon pack,filet,
144001,-1,unclustered,0.0,"filet strap-on, ch",filet,
78965,-1,unclustered,0.0,filletts 8oz blk angus,filletts,8oz
901500,-1,unclustered,0.0,fire roasted vegetable soup-4/4#,fire,
97599880,-1,unclustered,0.0,fischers cooked hamf16/5oz),fischers,5oz
97594880,-1,unclustered,0.0,fischers p&p loaf(12-6oz),fischers,6oz
97597880,-1,unclustered,0.0,fischers slcd dixie loaf12-6oz),fischers,6oz
97596880,-1,unclustered,0.0,fischers slcd ham/cheese(12-6oz),fischers,6oz
97598880,-1,unclustered,0.0,fischers slcd liver loaf12-6oz),fischers,6oz
21033F9,-1,unclustered,0.0,fish cat fresh whl h&g 16+ 30#,fish,
21033G,-1,unclustered,0.0,fish cat fresh whl h&g 32-40+ 30#,fish,
21027,-1,unclustered,0.0,fish cat fresh-stk 01-in 30#,fish,
21024014,-1,unclustered,0.0,fish cat-z fil china 5-7oz 15#,fish,7oz
21031A,-1,unclustered,0.0,fish cat-z nug unb iqf 15#,fish,
2103400,-1,unclustered,0.0,fish cat-z whl h&g 15+ 15#,fish,
21033999,-1,unclustered,0.0,fish cat-z whl h&g 28-40+ 30#,fish,
21059CS,-1,unclustered,0.0,fish cod brd fil 4-oz square 10#-z,fish,
21059016,-1,unclustered,0.0,fish cod fil 2-3-oz 10#-z,fish,
21059015,-1,unclustered,0.0,fish cod fil 4-oz 10#-z,fish,
21059029,-1,unclustered,0.0,fish cod loin 6-oz cc 10#-z,fish,
SP510,-1,unclustered,0.0,fish golden fried portions 4oz,fish,4oz
21059KF,-1,unclustered,0.0,fish king whole 5-15 60#,fish,
21060KF,-1,unclustered,0.0,fish king whole 5-15 80#,fish,
21059K1,-1,unclustered,0.0,fish king whole 8+ 60#,fish,
20593,-1,unclustered,0.0,fish lane snapper 1-1.5 10#-z,fish,
21060013,-1,unclustered,0.0,fish nova lox-z,fish,
21160013,-1,unclustered,0.0,fish nova lox-z 4/2.2#,fish,
SP5094,-1,unclustered,0.0,fish parmesan bread 3-4 oz,fish,4 oz
21060SP,-1,unclustered,0.0,fish pollock-z salted 20/1#,fish,
21070204,-1,unclustered,0.0,fish pollock-z square brd 4 oz 10#,fish,4 oz
21060015,-1,unclustered,0.0,fish pompano 600-800mg -z 40#,fish,
20589,-1,unclustered,0.0,fish red snapper 1.5-2 10#-z,fish,
206210,-1,unclustered,0.0,fish red snapper 2-3 20#-z,fish,
210653,-1,unclustered,0.0,fish salmon atl fil 2-3# 10# r,fish,
210651,-1,unclustered,0.0,fish salmon atl fil 3-4# 30# r,fish,
21065,-1,unclustered,0.0,fish salmon chum 8-oz ivp10#-z,fish,
20608,-1,unclustered,0.0,fish scarlet snapper 1-2 22#-z ____,fish,
21073,-1,unclustered,0.0,fish smelts hdls 10/1#-z,fish,
21076,-1,unclustered,0.0,fish smelts hdls 12/1#-z,fish,
SP512,-1,unclustered,0.0,fish stick breaded,fish,
71210,-1,unclustered,0.0,fish stick panko 12/9oz,fish,9oz
21024,-1,unclustered,0.0,fish swai/pang fil 3-5 oz 15#-z,fish,5 oz
21022,-1,unclustered,0.0,fish swai/pang fil 5-7 oz 15#-z,fish,7 oz
20128MB,-1,unclustered,0.0,fish swai/pang fil 5-7 oz 30#-z,fish,7 oz
21023,-1,unclustered,0.0,fish swai/pang fil 7-9 oz 15#-z,fish,9 oz
SP509,-1,unclustered,0.0,fish tilapia fillets bulk,fish,
21067,-1,unclustered,0.0,fish tilapia ggs 350-550 40#-z,fish,
21062,-1,unclustered,0.0,fish tilapia ggs 550-750 40#-z,fish,
21063,-1,unclustered,0.0,fish tilapia ggs 750-950 40#-z,fish,
SP888,-1,unclustered,0.0,fish tuna - geisha,fish,
21075,-1,unclustered,0.0,fish whiting fil son-z 4-6 10# pac,fish,
40900,-1,unclustered,0.0,flank steak *excel* select 19341,flank,
134002,-1,unclustered,0.0,"flank steak hand cut, ch, 4-10lb",flank,10lb
13191567,-1,unclustered,0.0,"flank steak, (util)",flank,
134060,-1,unclustered,0.0,"flank steak, ch, 6oz",flank,6oz
134061,-1,unclustered,0.0,"flank steak, ch, 6oz portion",flank,6oz
134067,-1,unclustered,0.0,"flank steak, ch, portioned spec size",flank,
13191201,-1,unclustered,0.0,"flank steak, creekstone (prime)",flank,
13191176,-1,unclustered,0.0,"flank steak, demkota (nr)",flank,
13191454,-1,unclustered,0.0,"flank steak, ft worth packers (ch)",flank,
13193760,-1,unclustered,0.0,"flank steak, liffey",flank,
13192260,-1,unclustered,0.0,"flank steak, m p beef (utl)",flank,
13191876,-1,unclustered,0.0,"flank steak, nebraska gold (nr_angus)",flank,
13191070,-1,unclustered,0.0,"flank steak, paloduro (utl)",flank,
131130,-1,unclustered,0.0,"flank steak, prime, 13oz",flank,13oz
131000,-1,unclustered,0.0,"flank steak, prime, jaccard 1x",flank,
13294920,-1,unclustered,0.0,"flank steak, rough c/c cov, long prairie",flank,
134001,-1,unclustered,0.0,"flank steak, trimmed, ch",flank,
131062,-1,unclustered,0.0,"flank, prime, creekstone, 13oz","flank,",13oz
15183572,-1,unclustered,0.0,"flap meat (sirloin), ibp (cangus)",flap,
11304545,-1,unclustered,0.0,"flat bottom round, 5star (select)",flat,
11303344,-1,unclustered,0.0,"flat bottom round, diamond beef (aaa)",flat,
11303744,-1,unclustered,0.0,"flat bottom round, excel (ch)",flat,
11304494,-1,unclustered,0.0,"flat bottom round, harmony (aaa)",flat,
11303755,-1,unclustered,0.0,"flat bottom round,st helens (sel)",flat,
11301876,-1,unclustered,0.0,"flat bttm round,nebraska gold (nr_angus)",flat,
154009,-1,unclustered,0.0,"flat iron steak, ch, 10oz",flat,10oz
154002,-1,unclustered,0.0,"flat iron steak, ch, spec size",flat,
154001,-1,unclustered,0.0,"flat iron top blade, ch",flat,
151001,-1,unclustered,0.0,"flat iron top blade, prime",flat,
154003,-1,unclustered,0.0,"flat iron, whole, full trim, ch",flat,
14400400,-1,unclustered,0.0,flats choice ui,flats,
110013,-1,unclustered,0.0,"flats corned beef, beas best",flats,
70114369,-1,unclustered,0.0,"flounder fillet, ivp rtl, panamei 20/1#",flounder,
70119980,-1,unclustered,0.0,"flounder, fillet (retail), (12/1#)","flounder,",
70119981,-1,unclustered,0.0,"flounder, fillet (retail), (15/2#)","flounder,",
207900029,-1,unclustered,0.0,"flounder, pacific 4oz (10#)","flounder,",4oz
952530,-1,unclustered,0.0,flour top white 50# bag,flour,
89030,-1,unclustered,0.0,foam 9x9 - 3 compartment,foam,
84700,-1,unclustered,0.0,foam hamburger box 60 ht1 6x6x3,foam,
2,-1,unclustered,0.0,fob ub-tuesday close +5%,fob,
390006,-1,unclustered,0.0,"foie gras a, sliced, 16/2oz",foie,2oz
19702B,-1,unclustered,0.0,foie gras b,foie,
392016,-1,unclustered,0.0,foie gras duck cubes-1# ave,foie,
390105,-1,unclustered,0.0,"foie gras, grade a, lobes",foie,
190166,-1,unclustered,0.0,fontinini 1oz mama cooked meatball-10#,fontinini,1oz
620401,-1,unclustered,0.0,fontinini bulk italian sausage-4/5#,fontinini,
81443,-1,unclustered,0.0,food absorbent p/s pad 4x6.5 75001443,food,
90271139,-1,unclustered,0.0,food base chk buillon 20#,food,
90271135,-1,unclustered,0.0,food base powder chk base 30# swiss,food,
95252611,-1,unclustered,0.0,food color egg shade 1qt,food,
84870,-1,unclustered,0.0,food pail pr-26 - wired,food,
84832,-1,unclustered,0.0,food pail pr-32 wired,food,
84770,-1,unclustered,0.0,food pail pr08- 8oz 1/2 pint -wired,food,8oz
84780,-1,unclustered,0.0,food pail- pint -16oz without handle,food,16oz
84790,-1,unclustered,0.0,food pails 16oz without handle,food,16oz
84840,-1,unclustered,0.0,food pails pints 16 pagoda 17-00020,food,
101256B,-1,unclustered,0.0,food tray #100 4/250 ct,food,250 ct
10125610,-1,unclustered,0.0,food tray #250 500ct,food,500ct
18023696,-1,unclustered,0.0,"fore shank b/in, aurora (n/r)",fore,
99033,-1,unclustered,0.0,forks plst med wht 1000 ct,forks,1000 ct
99039,-1,unclustered,0.0,forks plst med wht inv wrap 1000 ct,forks,1000 ct
990331,-1,unclustered,0.0,forks s/s dom 12ct,forks,12ct
83600,-1,unclustered,0.0,fortune cookie *golden bowl*,fortune,
340385,-1,unclustered,0.0,foster b/s chicken thighs-6/5#,foster,
617156,-1,unclustered,0.0,foster chicken corn dogs-18#,foster,
617124,-1,unclustered,0.0,foster chicken corn dogs-24#,foster,
620015,-1,unclustered,0.0,foster cook in bag turkey brst,foster,
900047,-1,unclustered,0.0,foster mini sausage pancake wraps,foster,
620016,-1,unclustered,0.0,foster sliced turkey pastrami,foster,
52039980,-1,unclustered,0.0,fowl fresh (gallina) cvp,fowl,
59049980,-1,unclustered,0.0,"frame bones, chicken (40#)",frame,
90410,-1,unclustered,0.0,frank beef 12/12oz halal,frank,12oz
92356,-1,unclustered,0.0,frank beef jumbo halal,frank,
34016,-1,unclustered,0.0,frank caseys,frank,
90810,-1,unclustered,0.0,frank chicken 12/12oz halal,frank,12oz
92332,-1,unclustered,0.0,frank chicken jumbo halal,frank,
34015,-1,unclustered,0.0,frank jumbo hot,frank,
94410,-1,unclustered,0.0,frankfurters beef 12oz al safa halal,frankfurters,12oz
94810,-1,unclustered,0.0,frankfurters chicken 12oz al safa halal,frankfurters,12oz
34017,-1,unclustered,0.0,franks beef db,franks,
421802,-1,unclustered,0.0,freedom run farms 2oz lamb patty-10#,freedom,2oz
920206,-1,unclustered,0.0,freezer filler box,freezer,
81013,-1,unclustered,0.0,"french fry 1/2"""" crinkle cut valley",french,
420007,-1,unclustered,0.0,french lamb rack cap-off dom,french,
420022,-1,unclustered,0.0,french lamb rack cap-on dom,french,
900921,-1,unclustered,0.0,french onion soup,french,
900820,-1,unclustered,0.0,french toast sticks-8/2#,french,
621456,-1,unclustered,0.0,fresh 4-1 andoulle,fresh,
310063,-1,unclustered,0.0,"chicken breast frozen, bnls, 6oz",chicken,6oz
80141,-1,unclustered,0.0,fresh amish turkeys 10-16,fresh,
620037,-1,unclustered,0.0,fresh kielbasa 10lb,fresh,10lb
31520,-1,unclustered,0.0,fresh mushroom 10 lbs,fresh,10 lb
5120,-1,unclustered,0.0,fresh product,fresh,
40143640,-1,unclustered,0.0,fried pork skin (sancocho) mr. chicharro,fried,
40129980,-1,unclustered,0.0,"fries, pork,","fries,",
200150,-1,unclustered,0.0,frogleg-sknls 5#-z,frogleg-sknls,
40071190,-1,unclustered,0.0,"front feet, combo pork",front,
340006,-1,unclustered,0.0,"chicken thighs, bi, 40#",chicken,
85090,-1,unclustered,0.0,frozen corn *golden bridge* 30#,frozen,
85040,-1,unclustered,0.0,frozen green bean (15#),frozen,
900020,-1,unclustered,0.0,frozen green peas-20#,frozen,
96455870,-1,unclustered,0.0,"fruit cup p pineapple,true f, (12/7z)",fruit,
96000,-1,unclustered,0.0,fruit punch syrup **jamaican**,fruit,
96224690,-1,unclustered,0.0,"fruit, maduros/sweet pltn rtl, chiq 12x2","fruit,",
96244690,-1,unclustered,0.0,"fruit, tostones hawaiianos, chiq (10x2#)","fruit,",
99999916,-1,unclustered,0.0,"fruit, tostones/grnpltn rtl, chiq (12x2)","fruit,",
91123744,-1,unclustered,0.0,fry-oil-creamey,fry-oil-creamey,
360312,-1,unclustered,0.0,fryer 2.5-2.75# split in half-w/out gibs,fryer,
360032,-1,unclustered,0.0,"fryer as is w/o gib, 12hd/20hd, 3-3.25#",fryer,
10007,-1,unclustered,0.0,fryer bagged 4up,fryer,
10013,-1,unclustered,0.0,fryer bagged 4up mountaire,fryer,
360802,-1,unclustered,0.0,"fryer, 8pc marinated, gold n plump","fryer,",
360022,-1,unclustered,0.0,"fryer, as is w/o gib, 2.75-3.00#","fryer,",
10632,-1,unclustered,0.0,chicken popeyes 8-piece marinated,chicken,
84245,-1,unclustered,0.0,fu thai jasmine rice 44#,fu,
410058,-1,unclustered,0.0,full trim veal top rounds,full,
82172730,-1,unclustered,0.0,fully cooked pork carnitas - slow braise,fully,
93692,-1,unclustered,0.0,fz cke carrot high 14sl,fz,
93691,-1,unclustered,0.0,fz cke limoncello 14slc,fz,
10262,-1,unclustered,0.0,chicken jumbo whole wings 14702,chicken,
11260,-1,unclustered,0.0,chicken wing sections,chicken,
84373,-1,unclustered,0.0,gallon - sriracha hot chile sauce,gallon,
96364740,-1,unclustered,0.0,"gandules/green pigeon peas, mambo 12x14z",gandules/green,
32005,-1,unclustered,0.0,garden fresh deviled egg potato salad,garden,
32003,-1,unclustered,0.0,garden fresh sweet bacon bowtie salad 5#,garden,
83718,-1,unclustered,0.0,garlic flakes 10/5#,garlic,
70174856,-1,unclustered,0.0,garlic ground bx 5-7#,garlic,
93425940,-1,unclustered,0.0,garlic juice,garlic,
70174810,-1,unclustered,0.0,garlic pld 5#,garlic,
701754,-1,unclustered,0.0,garlic whl white 5#,garlic,
31300,-1,unclustered,0.0,garlic whole 30lbs,garlic,30lb
93009984,-1,unclustered,0.0,geese,geese,
73888000,-1,unclustered,0.0,geese 12-14,geese,
19626,-1,unclustered,0.0,geese whl-z 10-12# 4 ct,geese,4 ct
369000,-1,unclustered,0.0,geese whole,geese,
360083,-1,unclustered,0.0,gerber amish 4-4.5## fryers-#3083,gerber,
340083,-1,unclustered,0.0,gerber b-in skin-on thighs-#0645,gerber,
330083,-1,unclustered,0.0,gerber bnls sknls chix breast-#0829,gerber,
320083,-1,unclustered,0.0,gerber drumsticks-#0808,gerber,
370134,-1,unclustered,0.0,gerber medium cut chicken wings-40#,gerber,
310089,-1,unclustered,0.0,"duck breasts, lac brome, 10-12oz",duck,12oz
78131529,-1,unclustered,0.0,"giant squid rings (wild caught), (10/1#)",giant,
78134370,-1,unclustered,0.0,"giant squid rings (wild caught), pescato",giant,
10660G,-1,unclustered,0.0,gift box special - wine,gift,
31310,-1,unclustered,0.0,ginger 25 #,ginger,
50134293,-1,unclustered,0.0,ginger root 30#,ginger,
50134273,-1,unclustered,0.0,ginger root 5#,ginger,
930199801,-1,unclustered,0.0,"gizzards, duck (30#)","gizzards,",
60039980,-1,unclustered,0.0,"gizzards, turkey (30#)","gizzards,",
50021270,-1,unclustered,0.0,"gizzards, turkey, marys abf (40#)","gizzards,",
900008,-1,unclustered,0.0,glace de veau 4/5#bx,glace,
99128240,-1,unclustered,0.0,glacier gold hash brown patties(12-18ct),glacier,18ct
99129240,-1,unclustered,0.0,glacier gold hash brown patties(24/10ct),glacier,10ct
83730,-1,unclustered,0.0,glassine bag 1# - (each) only,glassine,
83740,-1,unclustered,0.0,glassine bag 2# - ( each) only,glassine,
83700,-1,unclustered,0.0,breaded chicken fritter 6/5# fc,breaded,
84380,-1,unclustered,0.0,glutinous rice 50# * bell & flower,glutinous,
85260,-1,unclustered,0.0,glutinous rice flour green,glutinous,
30510,-1,unclustered,0.0,goat - whole carcass,goat,
74771000,-1,unclustered,0.0,goat -leg bone in australian,goat,
30101,-1,unclustered,0.0,goat 6way 26dn sknls halal nz,goat,
91049980,-1,unclustered,0.0,"goat burnt, 6-way, au",goat,
30505,-1,unclustered,0.0,goat cubes 16/2.2 aus,goat,
30502,-1,unclustered,0.0,goat cubes 16/2.2 burnt skin on aus,goat,
30504,-1,unclustered,0.0,goat cubes bone-in <skin-on>,goat,
30122,-1,unclustered,0.0,goat feet burnt halal,goat,
30540,-1,unclustered,0.0,goat heads brown 8pc,goat,
120447,-1,unclustered,0.0,goat hearts,goat,
37044,-1,unclustered,0.0,goat kidney halal,goat,
30530,-1,unclustered,0.0,goat leg b/i,goat,
12000L,-1,unclustered,0.0,goat leg bnl-z 62# wes,goat,
37036,-1,unclustered,0.0,goat liver halal,goat,
30115,-1,unclustered,0.0,goat tripe halal,goat,
1200079,-1,unclustered,0.0,goat whl h/on,goat,
1200089,-1,unclustered,0.0,goat whl h/on small,goat,
12001A,-1,unclustered,0.0,goat whl-6way,goat,
74770001,-1,unclustered,0.0,goat whole 50/80lbs,goat,80lb
74770000,-1,unclustered,0.0,goat whole dressed 30 lb /down,goat,30 lb
91029980,-1,unclustered,0.0,"goat whole skin on, fresh 40-50lbs",goat,50lb
91109980,-1,unclustered,0.0,"goat whole w/head, fresh 40-50 lbs",goat,50 lb
91009980,-1,unclustered,0.0,"goat whole, fresh 40-50 lbs",goat,50 lb
91032470,-1,unclustered,0.0,"goat, 6-way 35/down, thomas","goat,",
91059980,-1,unclustered,0.0,"goat, 6-way skin/on","goat,",
91019980,-1,unclustered,0.0,"goat, baby","goat,",
91029960,-1,unclustered,0.0,"goat, cubed (15#)","goat,",
91031420,-1,unclustered,0.0,"goat, sknls 6-way 30 dn, mex","goat,",
430835,-1,unclustered,0.0,goat/mutton leg bone in 7-8#ave 35#cs,goat/mutton,
31911,-1,unclustered,0.0,gold (yellow) bell pepper 11# only,gold,
25050,-1,unclustered,0.0,golden bowl spring roll wrappers,golden,
84282,-1,unclustered,0.0,golden crane sweet rice 50#,golden,
85310,-1,unclustered,0.0,golden label soy sauce *lee kum kee,golden,
84470,-1,unclustered,0.0,golden mountain soy sauce 12/20oz,golden,20oz
11401032,-1,unclustered,0.0,"gooseneck, jbs (cangus)","gooseneck,",
11401320,-1,unclustered,0.0,"gooseneck, mex gusi","gooseneck,",
11401876,-1,unclustered,0.0,"gooseneck, nebraska (n/r)","gooseneck,",
11402402,-1,unclustered,0.0,"gooseneck, us212 (cangus)","gooseneck,",
11402404,-1,unclustered,0.0,"gooseneck, us212 (ch)","gooseneck,",
740225,-1,unclustered,0.0,gordon smoked pit hams-2pc box,gordon,
85470,-1,unclustered,0.0,gouda smoked log 2/6# -vangogh-,gouda,
31330,-1,unclustered,0.0,"grape, red","grape,",
31390,-1,unclustered,0.0,grapefruit,grapefruit,
50141800,-1,unclustered,0.0,grapes red seedless bag 18#,grapes,
96051,-1,unclustered,0.0,green banana chips,green,
12365,-1,unclustered,0.0,green beans fresh,green,
31200,-1,unclustered,0.0,green cabbage,green,
902924,-1,unclustered,0.0,green giant buffalo popcorn cauliflower,green,
902923,-1,unclustered,0.0,green giant popcorn cauliflower,green,
31360,-1,unclustered,0.0,green onion - (iceless),green,
31361,-1,unclustered,0.0,green onion mexican cebollitas,green,
96304740,-1,unclustered,0.0,"green peas, mambo (6x2#)",green,
85030,-1,unclustered,0.0,green peas- frozen - 12/2.5 30#,green,
85200,-1,unclustered,0.0,green soybean pod frozen 20/1#,green,
22080175,-1,unclustered,0.0,grill brick 12/1 ct,grill,1 ct
920265,-1,unclustered,0.0,grill master,grill,
920270,-1,unclustered,0.0,grill master deluxe,grill,
390246,-1,unclustered,0.0,"grill short cuts, 7#, perdue 64246",grill,
12345678,-1,unclustered,0.0,"grill, bake to145 f -rest 3 min-re take","grill,",
920213,-1,unclustered,0.0,griller box,griller,
120780599,-1,unclustered,0.0,grobbels brisket burnt ends(13-1lb),grobbels,1lb
120790599,-1,unclustered,0.0,grobbels pulled chicken/bbq(13-1,grobbels,
120800599,-1,unclustered,0.0,grobbels pulled porkbbq(13-1lb),grobbels,1lb
45200,-1,unclustered,0.0,ground 85% fine grind frozen,ground,
83093,-1,unclustered,0.0,ground 93% 80# gop hala frozen,ground,
85110,-1,unclustered,0.0,ground bean sauce 6/5# *koon chun*,ground,
18020103,-1,unclustered,0.0,ground beed corse 2x fresh cvp,ground,
18260073,-1,unclustered,0.0,ground beef 70/30,ground,
19163570,-1,unclustered,0.0,ground beef 73% fine (3lb chub) ibp,ground,3lb
19161010,-1,unclustered,0.0,ground beef 73% fine - ibp,ground,
19161012,-1,unclustered,0.0,ground beef 73% fine 6/10 ibp(c-angus),ground,
19271870,-1,unclustered,0.0,ground beef 73% fine 6/10# all american,ground,
19261870,-1,unclustered,0.0,ground beef 73% fine 6/10# nebraska,ground,
19251870,-1,unclustered,0.0,ground beef 73% fine 8/10# all american,ground,
19161870,-1,unclustered,0.0,ground beef 73% fine 8/10# nebraska,ground,
19163740,-1,unclustered,0.0,"ground beef 73%, excel",ground,
19251872,-1,unclustered,0.0,ground beef 80% all american 6/10(cangus,ground,
19313570,-1,unclustered,0.0,ground beef 80% chub ibp (24/2#),ground,
19115590,-1,unclustered,0.0,ground beef 80% fine all american meats,ground,
19111000,-1,unclustered,0.0,ground beef 80% fine greater omaha (60#,ground,
19111010,-1,unclustered,0.0,ground beef 80% fine ibp (80#),ground,
19181000,-1,unclustered,0.0,ground beef 80% greater omaha (60#) hala,ground,
19185350,-1,unclustered,0.0,ground beef 80% harris ranch (60#),ground,
19111872,-1,unclustered,0.0,ground beef 80% nebraska beef (cangus),ground,
18208100,-1,unclustered,0.0,ground beef 80/20 chuck/tenderloin 8oz,ground,8oz
42302,-1,unclustered,0.0,ground beef 80/20 frzn 60#,ground,
63081,-1,unclustered,0.0,ground beef 80/20 frzn 60# halal,ground,
67280,-1,unclustered,0.0,ground beef 80/20 gop halal 24/1#,ground,20 g
19125610,-1,unclustered,0.0,ground beef 81% fine showcase beef (60#),ground,
45090,-1,unclustered,0.0,ground beef 81% fresh,ground,
42302,-1,unclustered,0.0,ground beef 80/20 frzn 60#,ground,
19133660,-1,unclustered,0.0,"ground beef 85%, (40/1#) caviness",ground,
19161000,-1,unclustered,0.0,ground beef 90% fine greater omaha (80#,ground,
45020,-1,unclustered,0.0,ground beef 90/10 organic 1# brick,ground,
45080,-1,unclustered,0.0,ground beef 93% - 93%,ground,
45070,-1,unclustered,0.0,ground beef 93% choice angus //ibp/,ground,
45040,-1,unclustered,0.0,ground beef 93% organic 1# brick tf,ground,
45040,-1,unclustered,0.0,ground beef 93% organic 1# brick tf,ground,
42330,-1,unclustered,0.0,ground beef chuck 80/20,ground,
18200186,-1,unclustered,0.0,ground beef corase2x -85% anmar,ground,
41238,-1,unclustered,0.0,ground beef fine 73% 12/3#,ground,
41230,-1,unclustered,0.0,ground beef fine 73%,ground,
42301,-1,unclustered,0.0,ground beef fine 80/20 fresh,ground,
73073,-1,unclustered,0.0,ground beef fine 80/20 halal frozen,ground,
18106031,-1,unclustered,0.0,ground beef patties 3/1 frozen,ground,
SP10263,-1,unclustered,0.0,ground beef patty 2/1 round,ground,
SP1022,-1,unclustered,0.0,ground beef patty 2/1-oval,ground,
SP1033,-1,unclustered,0.0,"ground beef patty 3/1 5""",ground,
SP1041,-1,unclustered,0.0,ground beef patty 4/1-w,ground,
19141020,-1,unclustered,0.0,"ground beef, 73% fat 27% lean national",ground,
19241050,-1,unclustered,0.0,"ground beef, 73%, afg (8/10#)",ground,
19441020,-1,unclustered,0.0,"ground beef, 75% fat 25% lean national",ground,
19111020,-1,unclustered,0.0,"ground beef, 80% coarse grd national",ground,
19001050,-1,unclustered,0.0,"ground beef, 81%, afg (8/10#)",ground,
19134800,-1,unclustered,0.0,"ground beef, 85%, delta sunrise (6/1lb)",ground,1lb
19711020,-1,unclustered,0.0,"ground beef, 90/10 fine grd national",ground,
34095,-1,unclustered,0.0,ground beef/bison,ground,
455101,-1,unclustered,0.0,ground camel-10/1#,ground,
390007,-1,unclustered,0.0,"ground chicken, 2/5# cs",ground,
390369,-1,unclustered,0.0,"ground chicken, 9/1#, harvestland",ground,
59009990,-1,unclustered,0.0,"ground chicken, moesle",ground,
120805,-1,unclustered,0.0,ground chuck patty 80/20 5.5oz,ground,5.5oz
19101000,-1,unclustered,0.0,"ground chuck, 80% fine, greater omaha",ground,
19101002,-1,unclustered,0.0,"ground chuck, 80% fine, greater omaha (c",ground,
19101010,-1,unclustered,0.0,"ground chuck, 80% fine, ibp",ground,
382250,-1,unclustered,0.0,"ground duck, 2/5#, maple leaf",ground,
57310640,-1,unclustered,0.0,ground lamb /beef 60/40%,ground,
30152,-1,unclustered,0.0,ground lamb 12/1#,ground,
420053,-1,unclustered,0.0,ground lamb 5# pkg,ground,
57310621,-1,unclustered,0.0,ground lamb fresh,ground,
45230,-1,unclustered,0.0,ground natural beef 85% //ibp//,ground,
45210,-1,unclustered,0.0,ground organic beef 85% cl 12#,ground,
20041,-1,unclustered,0.0,ground pork fine (80/20) *ibp* 40#,ground,
49009990,-1,unclustered,0.0,"ground pork, moesle, (cw)",ground,
49002430,-1,unclustered,0.0,"ground pork,peoria, (6/10#)",ground,
99985,-1,unclustered,0.0,ground round 85/15 frz fine,ground,
45060,-1,unclustered,0.0,ground sirloin -choice angus- //ibp,ground,
190570,-1,unclustered,0.0,ground sirloin 5lb pkg,ground,5lb
69009980,-1,unclustered,0.0,ground turkey,ground,
390121,-1,unclustered,0.0,"ground turkey xtra lean, organic p.",ground,
391012,-1,unclustered,0.0,"ground turkey, 12/1#, perdue",ground,
391025,-1,unclustered,0.0,"ground turkey, fresh, kosher",ground,
69004310,-1,unclustered,0.0,"ground turkey, michigan turkey",ground,
391001,-1,unclustered,0.0,"ground turkey, norbest",ground,
410059,-1,unclustered,0.0,ground veal 10# bag,ground,
450425,-1,unclustered,0.0,ground wild boar-4/2.5#,ground,
78161789,-1,unclustered,0.0,"grouper, fillet (retail) 3-5oz, netuno (","grouper,",5oz
78164369,-1,unclustered,0.0,"grouper, filllet ivp, panamei (12/12oz)","grouper,",12oz
78171789,-1,unclustered,0.0,"grouper, wggs .75 - 1lb; netuno (10#)","grouper,",1lb
450468,-1,unclustered,0.0,grupo hermi ground rabbit,grupo,
450025,-1,unclustered,0.0,grupo hermi rabbit hind leg,grupo,
450005,-1,unclustered,0.0,grupo hermi whole rabbits,grupo,
450469,-1,unclustered,0.0,grupo rabbit livers,grupo,
99604,-1,unclustered,0.0,guest check 2 part 50ct,guest,50ct
620176,-1,unclustered,0.0,gwaltney mild pork saus roll,gwaltney,
796071,-1,unclustered,0.0,gwaltney sliced chicken bologna,gwaltney,
220931,-1,unclustered,0.0,gyro bf/lmb slcd-z fc oly 2/5# 402,gyro,
34093,-1,unclustered,0.0,gyro chicken slice,gyro,
220893,-1,unclustered,0.0,gyro chkn 20#,gyro,
220891,-1,unclustered,0.0,gyro chkn cone fc kronos-1141 2/16#,gyro,
22093C,-1,unclustered,0.0,gyro chkn slcd fc kronos 4/5# 1111,gyro,
93922,-1,unclustered,0.0,gyro cone bc lamb/beef 2/10#,gyro,
22091,-1,unclustered,0.0,gyro cone corfu 4/10# tasty 31410,gyro,
22088015,-1,unclustered,0.0,gyro cone devanco 1/20#-9120,gyro,
22088016,-1,unclustered,0.0,gyro cone devanco 1/30#,gyro,
22088012,-1,unclustered,0.0,gyro cone devanco 4/10#-9010,gyro,
22091C,-1,unclustered,0.0,gyro loaf kronos fc 4/6# 1066,gyro,
22090C,-1,unclustered,0.0,gyro loaf kronos raw 8/3.75# 1061-z,gyro,
220910,-1,unclustered,0.0,gyro loaf olympia raw-z 6/6# 604,gyro,
220914,-1,unclustered,0.0,gyro loaf slc dev ckd-z 20#,gyro,
220911,-1,unclustered,0.0,gyro loaf whl dev ckd-z 30#,gyro,
220912,-1,unclustered,0.0,gyro redi-cut-z 10# iqf,gyro,
22091601,-1,unclustered,0.0,gyro slcd fc devanco-broil-6320 10#,gyro,
22091600,-1,unclustered,0.0,gyro slcd fc kronos-broil-1600 10#,gyro,
22099C,-1,unclustered,0.0,gyro slcd raw kronos-1051 10#,gyro,
94007,-1,unclustered,0.0,gyro slices beef al safa halal,gyro,
94813,-1,unclustered,0.0,gyro slices chicken al safa halal,gyro,
22088GD,-1,unclustered,0.0,gyro-sauce tzatziki devanco 4/hg,gyro-sauce,
22088GS,-1,unclustered,0.0,gyro-sauce tzatziki krono 4/hg,gyro-sauce,
22088G2,-1,unclustered,0.0,gyro-sauce tzatziki oly 4/hg,gyro-sauce,
SP1112,-1,unclustered,0.0,gyros sauce,gyros,
58500630,-1,unclustered,0.0,gyros sliced grecian delight 4x4,gyros,
85800002,-1,unclustered,0.0,gyros sliced-ready carve-chicken,gyros,
71030,-1,unclustered,0.0,h/on s/on shrimp -30/40,h/on,
540355,-1,unclustered,0.0,haddock loin 5oz iqf,haddock,5oz
621010,-1,unclustered,0.0,halal all beef sliced pepperoni,halal,
12002,-1,unclustered,0.0,halal bnls sknl breast koch foods,halal,
10825,-1,unclustered,0.0,halal chicken drumsticks cvp,halal,
12220,-1,unclustered,0.0,halal whole chicken 3up,halal,
12001,-1,unclustered,0.0,halal wog 3.25-3.50 16 head koch foods,halal,
71203,-1,unclustered,0.0,halibut fillet 12/10oz,halibut,10oz
38201049,-1,unclustered,0.0,ham -capicola -,ham,
210008,-1,unclustered,0.0,"ham applewood carving, smith",ham,
210010,-1,unclustered,0.0,"ham applewood, usinger",ham,
210216,-1,unclustered,0.0,"ham black oak carving, 2-16#",ham,
SP2382,-1,unclustered,0.0,ham bnls pit*,ham,
20221,-1,unclustered,0.0,ham bnls silver medal buffet,ham,
620460,-1,unclustered,0.0,"ham boiled 4+6, hoffmeister",ham,
SP231,-1,unclustered,0.0,ham boiled cooked,ham,
82212060,-1,unclustered,0.0,"ham boiled, hofmeister",ham,
SP232,-1,unclustered,0.0,ham bone in - cut in half*,ham,
41102430,-1,unclustered,0.0,ham bone in skin-off,ham,
41801060,-1,unclustered,0.0,"ham bone in, 23/27 vp, indiana",ham,
34330150,-1,unclustered,0.0,ham bone-in peer 2pc cs,ham,
34310166,-1,unclustered,0.0,ham bone-in roses 1 pc box,ham,
20204,-1,unclustered,0.0,ham bone-in skinless //ibp//,ham,
20150,-1,unclustered,0.0,ham bone-in uncooked select combo,ham,
41211110,-1,unclustered,0.0,ham boneless (poly) boxed moesle,ham,
20220,-1,unclustered,0.0,ham boneless brt single pack,ham,
41192080,-1,unclustered,0.0,ham boneless dekalb #10502,ham,
41109980,-1,unclustered,0.0,ham boneless skin-on,ham,
41219980,-1,unclustered,0.0,"ham boneless, bulk combo pork",ham,
20201,-1,unclustered,0.0,ham bones,ham,
40189990,-1,unclustered,0.0,"ham bones, pork moesle",ham,
210350,-1,unclustered,0.0,"ham brown sugar, s lee, 3-5#",ham,
20200,-1,unclustered,0.0,ham brt,ham,
SP235,-1,unclustered,0.0,ham buffet*,ham,
210524,-1,unclustered,0.0,"ham carving smoked, columbus, 7-8#",ham,
20083,-1,unclustered,0.0,ham chopped ham farmland,ham,
620260,-1,unclustered,0.0,"ham ckd 4x6, smithfield, 26#",ham,
13485080,-1,unclustered,0.0,ham ckd fml-spiced lunch 2/10#,ham,
13463,-1,unclustered,0.0,ham ckd fud original 2/12#,ham,
13458010,-1,unclustered,0.0,ham ckd hof 30% 3/14#,ham,
13490,-1,unclustered,0.0,ham ckd krakus pol 3/11#,ham,
13485O,-1,unclustered,0.0,ham ckd old warsaw 3/12#,ham,
1831034,-1,unclustered,0.0,ham ckd rov sapore ricco 2/7#,ham,
1831011,-1,unclustered,0.0,ham ckd thm deluxe baby 11#,ham,
1831054,-1,unclustered,0.0,ham ckd thm deluxe low sodium 9#,ham,
1831415,-1,unclustered,0.0,ham ckd thm wally square 9#,ham,
1831285,-1,unclustered,0.0,ham ckd thm-fl rpl hot 7.5#,ham,
1831265,-1,unclustered,0.0,ham ckd thm-fl rpl prosc-hlv 6#,ham,
1831024,-1,unclustered,0.0,ham ckd thm-fl virg sty delux 8#,ham,
13485043,-1,unclustered,0.0,ham ckd-z hof chopped 4/10#,ham,
13485044,-1,unclustered,0.0,ham ckd-z om chopped 12-16oz,ham,16oz
1831011,-1,unclustered,0.0,ham ckd thm deluxe baby 11#,ham,
1831415,-1,unclustered,0.0,ham ckd thm wally square 9#,ham,
1831261,-1,unclustered,0.0,ham ckd-z thm-fl rpl prosc 12#,ham,
1831265,-1,unclustered,0.0,ham ckd thm-fl rpl prosc-hlv 6#,ham,
13468,-1,unclustered,0.0,ham ckd-z tia flor orig 2/8.81#,ham,
210004,-1,unclustered,0.0,ham course ground,ham,
96394740,-1,unclustered,0.0,"ham croquette, 40ct, mambo (6x3lb)",ham,3lb
34328692,-1,unclustered,0.0,ham cure 81 hormel,ham,
20450,-1,unclustered,0.0,ham deli,ham,
SP2362,-1,unclustered,0.0,ham diced - cooked,ham,
210025,-1,unclustered,0.0,"ham diced, hillshire, 2-5#",ham,
210122,-1,unclustered,0.0,"ham ends & pcs, dan`s prize",ham,
620911,-1,unclustered,0.0,"ham flat, pritzlaff, 9/11#",ham,
210013,-1,unclustered,0.0,ham fresh bnls,ham,
210003,-1,unclustered,0.0,"ham fresh, bone in",ham,
210420,-1,unclustered,0.0,"ham half honey smoked, kretschmar",ham,
210305,-1,unclustered,0.0,"ham hock pork cndn, 30#",ham,
210522,-1,unclustered,0.0,"ham honey smoked, smithfield, 35#",ham,
620014,-1,unclustered,0.0,"ham honey tavern pit, webster city",ham,
210221,-1,unclustered,0.0,"ham mini pit, wright, 7-8#",ham,
82219980,-1,unclustered,0.0,"ham natural, old warsaw (36#)",ham,
82213450,-1,unclustered,0.0,"ham polish, krakus (33#)",ham,
34758000,-1,unclustered,0.0,ham pork leg fresh bone in,ham,
34314085,-1,unclustered,0.0,ham pork smoked bone in16/21 lb,ham,21 lb
620019,-1,unclustered,0.0,"ham pork spiral, creekstone",ham,
210021,-1,unclustered,0.0,"ham pork spiral, webster city",ham,
41209980,-1,unclustered,0.0,"ham portions, (3 shanks x3 butts), pork",ham,
41289198,-1,unclustered,0.0,"ham portions, (3 shanks/3butts)cooks",ham,
210129,-1,unclustered,0.0,"ham s/l hsankless, 12-16#",ham,
620924,-1,unclustered,0.0,"ham s/s smoked spiral, webster",ham,
620925,-1,unclustered,0.0,"ham s/s smoked spiral, webster, 1/2",ham,
620923,-1,unclustered,0.0,"ham s/s smoked, webster, 1/2",ham,
41109990,-1,unclustered,0.0,"ham sectioned (poly), pork moesle (60#)",ham,
SP2352,-1,unclustered,0.0,ham semi sm - hof,ham,
620009,-1,unclustered,0.0,ham serrano,ham,
21200,-1,unclustered,0.0,dearborn old fashion hams 20up 2pc,dearborn,
20203,-1,unclustered,0.0,ham shank sknls b/i 30#,ham,
620180,-1,unclustered,0.0,"ham short shank, webster, 18-22#",ham,
40142080,-1,unclustered,0.0,"ham skin, cuero de pierna dekalb",ham,
40142070,-1,unclustered,0.0,"ham skin, t&j",ham,
40149980,-1,unclustered,0.0,"ham skin, w/fat cuero de pierna",ham,
41139980,-1,unclustered,0.0,ham skin-on 14/17# combo,ham,
41132010,-1,unclustered,0.0,ham skin-on 14/17# morris,ham,
41183570,-1,unclustered,0.0,"ham skin-on 18/22, boxed, ibp",ham,
41233570,-1,unclustered,0.0,"ham skin-on 23/27, boxed, ibp",ham,
41249980,-1,unclustered,0.0,"ham skin-on with feet, (boxed)",ham,
41122010,-1,unclustered,0.0,"ham skin-on, 17/20# morris",ham,
620121,-1,unclustered,0.0,"ham sknls shankless, webster, 12-16#",ham,
210101,-1,unclustered,0.0,"ham sliced black forest, 4/2.5#",ham,
210006,-1,unclustered,0.0,"ham sliced flat, pritzlaff",ham,
210127,-1,unclustered,0.0,"ham sliced honey, 6#",ham,
96685880,-1,unclustered,0.0,"ham sliced quarter, kentucky l (8/2l)",ham,2l
210250,-1,unclustered,0.0,"ham sliced, riverside, 2-5# box",ham,
13530,-1,unclustered,0.0,ham smk car-19067 bi-ss h,ham,
13485833,-1,unclustered,0.0,ham smk hof bi 2/26#w,ham,
13484,-1,unclustered,0.0,ham smk kre bnl 20#,ham,
13529044,-1,unclustered,0.0,ham smk mkl bnl buf whole,ham,
13414155,-1,unclustered,0.0,ham smk peer bi-ss h 30874-gb 1/10#,ham,
13500,-1,unclustered,0.0,ham smk peer pit 31610 2/12#,ham,
13501001,-1,unclustered,0.0,ham smk peer pit mini-32655 6/7#mar,ham,
134142,-1,unclustered,0.0,ham smk rose bi 310129 1/22#w,ham,
1351899,-1,unclustered,0.0,ham smk speck alto adige 11#,ham,
13534C,-1,unclustered,0.0,ham smk tasso bnl prud 2/5#-z,ham,
1831052,-1,unclustered,0.0,ham smk thm bnl hny baked 2/9#,ham,
13485850,-1,unclustered,0.0,ham smk web bi wa oliva 2/15#w,ham,
13485851,-1,unclustered,0.0,ham smk web bi wa oliva 4/7#h,ham,
1352072,-1,unclustered,0.0,ham smk web bi-ss 4/8#h,ham,
134133,-1,unclustered,0.0,ham smk-z com bnl pit-nn-aw 4/6#h,ham,
13528882,-1,unclustered,0.0,ham smk-z ind bi ss 82008 4/5#h $,ham,
13501454,-1,unclustered,0.0,ham smk-z pat bnl buf 17070 2/9#,ham,
1352070,-1,unclustered,0.0,ham smk-z peer bi-ss-shc #1 3/15#w,ham,
185131,-1,unclustered,0.0,ham smk-z rose slc blk frst 12/1#,ham,
1831050,-1,unclustered,0.0,ham smk-z smf bnl 30#,ham,
135010SC,-1,unclustered,0.0,ham smk-z stg bnl pit 35#,ham,
13547,-1,unclustered,0.0,ham smk-z sup bnl tav 4/12#,ham,
131614,-1,unclustered,0.0,ham smk-z thm bi-ss 1610 2/14#w,ham,
1831052,-1,unclustered,0.0,ham smk thm bnl hny baked 2/9#,ham,
1831821Z,-1,unclustered,0.0,ham smk-z thm roast pork-sml2.5#,ham,
210523,-1,unclustered,0.0,"ham smoked bnls, hormel, 15#",ham,
210521,-1,unclustered,0.0,"ham smoked bnls, smithfield, 35#",ham,
620149,-1,unclustered,0.0,"ham smoked pit, webster city, #2",ham,
210121,-1,unclustered,0.0,"ham smoked sliced, smithfield, 12#",ham,
620146,-1,unclustered,0.0,"ham special pit, 14-16#",ham,
82224700,-1,unclustered,0.0,"ham spicy, ckd, farmland (2/10#)",ham,
34100109,-1,unclustered,0.0,ham spiral cut -,ham,
34100110,-1,unclustered,0.0,ham spiral cut - 1/2 7/10 lbs,ham,10 lb
34100145,-1,unclustered,0.0,ham spiral cut - 1/2 john morrrale,ham,
34100117,-1,unclustered,0.0,ham spiral cut - fresh 1/2 red lable,ham,
34100113,-1,unclustered,0.0,ham spiral cut - hillshire /smithfield,ham,
34100144,-1,unclustered,0.0,ham spiral cut - sugardale 1/2 cut,ham,
34100112,-1,unclustered,0.0,ham spiral cut - whole 14-16 lbs,ham,16 lb
41309980,-1,unclustered,0.0,"ham spiral,smkd, (4x1) sugardalale pork",ham,
20205,-1,unclustered,0.0,ham steak b/i *cook`s* fresh,ham,
210009,-1,unclustered,0.0,"ham steak por bnls, smithfield",ham,
40109980,-1,unclustered,0.0,"ham steak, pork",ham,
210240,-1,unclustered,0.0,"ham steaks bone in, swift, 24/1#",ham,
210100,-1,unclustered,0.0,"ham tasso, 10# ave",ham,
82214890,-1,unclustered,0.0,"ham turkey cooked, el gallito (2/10#)",ham,
210021,-1,unclustered,0.0,"ham pork spiral, webster city",ham,
41409980,-1,unclustered,0.0,"ham whole, b/in smoked pork",ham,
41149981,-1,unclustered,0.0,"ham, barrel","ham,",
202261,-1,unclustered,0.0,"ham,julliene style","ham,julliene",
13462,-1,unclustered,0.0,ham-spice glaze packet lei,ham-spice,
13452,-1,unclustered,0.0,ham-spice glaze packet peer-60295,ham-spice,
190080,-1,unclustered,0.0,beef patty grass fed 8oz- round 80/20,beef,8oz
SP1142,-1,unclustered,0.0,hamburger-seasoned 4 oz 12#,hamburger-seasoned,4 oz
SP1143,-1,unclustered,0.0,"hamburger-seasoned 4oz 3"" slider",hamburger-seasoned,4oz
SP115,-1,unclustered,0.0,hamburger-seasoned 5/1,hamburger-seasoned,
210020,-1,unclustered,0.0,"hams smoked pit, wright, 1-pc box",hams,
99210,-1,unclustered,0.0,hand santizer 1lx18 bottle beclean,hand,1l
150080,-1,unclustered,0.0,"hanger steak portion, 8oz up",hanger,8oz
150003,-1,unclustered,0.0,"hanger steak, cleaned",hanger,
150001,-1,unclustered,0.0,hanger steaks,hanger,
150059,-1,unclustered,0.0,"hanger steaks, clear river",hanger,
150002,-1,unclustered,0.0,"hanger steaks, spec size",hanger,
16064496,-1,unclustered,0.0,hanging tender harmony,hanging,
16061076,-1,unclustered,0.0,hanging tender palo duro (nr),hanging,
16061875,-1,unclustered,0.0,"hanging tender, nebraska beef (select)",hanging,
340987,-1,unclustered,0.0,harvestland b/s tray thighs #86987,harvestland,
620017,-1,unclustered,0.0,harvestland turkey brst cutlet,harvestland,
80576,-1,unclustered,0.0,hash brown 6/3#-z,hash,
900028,-1,unclustered,0.0,hashbrown patties-oval-6/2.8#,hashbrown,
747743,-1,unclustered,0.0,hatfield smoked dinner hams-uncured,hatfield,
89002,-1,unclustered,0.0,hawiain punch lemon berry,hawiain,
82311350,-1,unclustered,0.0,"head cheese, ashland",head,
82321350,-1,unclustered,0.0,"head cheese, spicy ashland",head,
10093790,-1,unclustered,0.0,"head meat, (60#)",head,
10093690,-1,unclustered,0.0,"head meat, aurora",head,
10094500,-1,unclustered,0.0,"head meat, tejas (50#)",head,
40229980,-1,unclustered,0.0,"head, pork","head,",
10099980,-1,unclustered,0.0,"heads, beef 2pcs","heads,",
10091490,-1,unclustered,0.0,"heads, beef santara 2pcs","heads,",
10093330,-1,unclustered,0.0,"heads, beef upper iowa","heads,",
10092400,-1,unclustered,0.0,"heads, beef us212","heads,",
10492400,-1,unclustered,0.0,"heads, beef, w/tongue, us212","heads,",
999928,-1,unclustered,0.0,healthy boy chili sauce,healthy,
84430,-1,unclustered,0.0,healthy boy mushroom soy sauce glass btl,healthy,
10161020,-1,unclustered,0.0,"hearts, beef national cov","hearts,",
10162930,-1,unclustered,0.0,"hearts, beef, this old farm (30#)","hearts,",
50069980,-1,unclustered,0.0,"hearts, chicken (40#)","hearts,",
50063390,-1,unclustered,0.0,"hearts, chicken mountaire (40#)","hearts,",
50061850,-1,unclustered,0.0,"hearts, chicken, harrison (40#)","hearts,",
40199980,-1,unclustered,0.0,"hearts, pork","hearts,",
40193570,-1,unclustered,0.0,"hearts, pork ibp (60#)","hearts,",
60049980,-1,unclustered,0.0,"hearts, turkey (30#)","hearts,",
60044310,-1,unclustered,0.0,"hearts, turkey, michigan(30#)","hearts,",
60044310,-1,unclustered,0.0,"hearts, turkey, michigan(30#)","hearts,",
29095000,-1,unclustered,0.0,hen stewing,hen,
361160,-1,unclustered,0.0,"hen turkey, 16-18#",hen,
620083,-1,unclustered,0.0,heritage berk bratwurst link,heritage,
620084,-1,unclustered,0.0,heritage berk hot ital sausage,heritage,
620085,-1,unclustered,0.0,heritage berk italian sausage,heritage,
900010,-1,unclustered,0.0,demi glace de porc 16#tub,demi,
293001,-1,unclustered,0.0,heritage berkshire caul fat,heritage,
620086,-1,unclustered,0.0,heritage smoked pit ham,heritage,
78525269,-1,unclustered,0.0,"herring fillet, salted & smoked (10#)",herring,
799096,-1,unclustered,0.0,hi melt cheddar-1/4` dice,hi,
20380,-1,unclustered,0.0,hibiscus flower dry 5#,hibiscus,
920299,-1,unclustered,0.0,high on the hog pork box,high,
920204,-1,unclustered,0.0,high steaks box,high,
620087,-1,unclustered,0.0,hill ckd italian saus chunks,hill,
620088,-1,unclustered,0.0,hill lit`l beef cocktail frank,hill,
620089,-1,unclustered,0.0,hill smk rope sausage 4/42oz,hill,42oz
610004,-1,unclustered,0.0,hill. smkd turkey rope sausage,hill.,
620090,-1,unclustered,0.0,hillshire 4-1 raw brat link-10,hillshire,
620127,-1,unclustered,0.0,hillshire ckd chorizo crumbles,hillshire,
620018,-1,unclustered,0.0,hillshire ckd turkey pot roast,hillshire,
792978,-1,unclustered,0.0,hillshire club sandwich variety pack,hillshire,
194310,-1,unclustered,0.0,hillshire fc shred beef 2/5 lb,hillshire,5 lb
741483,-1,unclustered,0.0,hillshire hearthstone hams-2pc box,hillshire,
198774,-1,unclustered,0.0,hillshire select bottom rnd pot roast,hillshire,
623137,-1,unclustered,0.0,hillshire skls polska kielbasa,hillshire,
740414,-1,unclustered,0.0,hillshire sliced ham-6/2#,hillshire,
742019,-1,unclustered,0.0,hillshire thin slcd honey ham 4/22 oz,hillshire,22 oz
198702,-1,unclustered,0.0,hillshire yankee cooked pot roast,hillshire,
18003694,-1,unclustered,0.0,"hind shank b/in, aurora (ch)",hind,
18003696,-1,unclustered,0.0,"hind shank b/in, aurora (n/r)",hind,
18001164,-1,unclustered,0.0,"hind shank b/in, iowapremium (ch)",hind,
18001166,-1,unclustered,0.0,"hind shank b/in, iowapremium (n/r)",hind,
18001026,-1,unclustered,0.0,"hind shank b/in, national (n/r)",hind,
18001146,-1,unclustered,0.0,"hind shank b/in, western reserve (n/r)",hind,
18003790,-1,unclustered,0.0,"hind shank cnter cut b/in, black mountai",hind,
220001,-1,unclustered,0.0,"hind shank, sakura duroc",hind,
96695940,-1,unclustered,0.0,"hny ham&hny smkd turkey,lofp, 6/20 (7.5",hny,
97251900,-1,unclustered,0.0,hny ham.hny smkd tkylof(6/20 oz),hny,20 oz
83900,-1,unclustered,0.0,hoisin sauce 6/5# *lee kum kee*,hoisin,
U9550012,-1,unclustered,0.0,hollymatic pattie paper,hollymatic,
999298,-1,unclustered,0.0,home and garden patio cooking box,home,
920275,-1,unclustered,0.0,home cooked meal,home,
22297757,-1,unclustered,0.0,home style stuffed chicken,home,
20386,-1,unclustered,0.0,hominy white bush 6/#10,hominy,
203791,-1,unclustered,0.0,hominy white juanita 6/#10,hominy,
20379,-1,unclustered,0.0,hominy white la preferida 6/#10,hominy,
83920,-1,unclustered,0.0,honey blend 6/5#,honey,
97275740,-1,unclustered,0.0,"honey ham, deli style, bar s (12/1#)",honey,
390026,-1,unclustered,0.0,"honey roasted, short cuts, perdue",honey,
10341460,-1,unclustered,0.0,"honeycomb tripe bleached, hoskie (25#)",honeycomb,
10349980,-1,unclustered,0.0,"honeycomb tripe, (bleached), d & d (22#)",honeycomb,
10345340,-1,unclustered,0.0,"honeycomb tripe, (bleached), riverbend",honeycomb,
10344880,-1,unclustered,0.0,"honeycomb tripe, australian (30#)",honeycomb,
10341390,-1,unclustered,0.0,"honeycomb tripe, beef, cargill",honeycomb,
10343740,-1,unclustered,0.0,"honeycomb tripe, excel (10#) #000538",honeycomb,
10341000,-1,unclustered,0.0,"honeycomb tripe, greater omaha (15#)",honeycomb,
10341010,-1,unclustered,0.0,"honeycomb tripe, ibp (10#)",honeycomb,
31410,-1,unclustered,0.0,honeydew,honeydew,
900065,-1,unclustered,0.0,hongkong wide yacamein 6/5#,hongkong,
530160,-1,unclustered,0.0,hook & barrel 16-20 ct breaded shrimp,hook,20 ct
30112H,-1,unclustered,0.0,horchata (rice milk) liquid 12/32oz,horchata,32oz
301122,-1,unclustered,0.0,horchata (rice milk) powder 12/15oz,horchata,15oz
721193,-1,unclustered,0.0,hormel cooked roast beef-2/10#,hormel,
744848,-1,unclustered,0.0,hormel natural juice hams-4/8#,hormel,
731212,-1,unclustered,0.0,hormel sliced deli chicken breast,hormel,
91060,-1,unclustered,0.0,horseradish 4/1 gal,horseradish,1 g
91063,-1,unclustered,0.0,horseradish-woebber 12/5-oz,horseradish-woebber,
25390,-1,unclustered,0.0,hot chicken flavor ramen *samyang*,hot,
SP7046,-1,unclustered,0.0,hot dog all beef 5/1,hot,
34018,-1,unclustered,0.0,hot dog chicken,hot,
96602,-1,unclustered,0.0,hot dog chicken halal,hot,
2261422,-1,unclustered,0.0,hot dog com-wag nc fc 6-1 2/5# 21403,hot,
269210,-1,unclustered,0.0,hot dog daisy n/c 5-1 bulk,hot,
2692D,-1,unclustered,0.0,hot dog daisy nc 5-1 10/12oz 030621,hot,12oz
2693DR,-1,unclustered,0.0,hot dog daisy skl 8-1 10/12oz,hot,12oz
22133000,-1,unclustered,0.0,hot dog eisenberg ab 4-1 10#-z,hot,
22133002,-1,unclustered,0.0,hot dog eisenberg ab 6-1 10#-z,hot,
10038190,-1,unclustered,0.0,hot dog grf ret 12/2-oz 9#-z,hot,
221042,-1,unclustered,0.0,hot dog leon ab skl4-1 2/5# 26063,hot,
221042,-1,unclustered,0.0,hot dog leon ab skl4-1 2/5# 26063,hot,
220956,-1,unclustered,0.0,hot dog leon pb skl5-1 2/5# 22061-z,hot,
250682,-1,unclustered,0.0,hot dog sinai ab skl6-1 2/5# 064,hot,
255275,-1,unclustered,0.0,hot dog thm pb-cocktail ret 12/1#,hot,
25269,-1,unclustered,0.0,hot dog thm pb-fry 08-1 bulk 2/5#,hot,
255219,-1,unclustered,0.0,hot dog thm pb-jalap ret 12/1#,hot,
132425,-1,unclustered,0.0,hot dog thm-chicken franks 12/1#,hot,
22131124,-1,unclustered,0.0,hot dog v mini pup skl 3-in 10#-z,hot,
22096NA,-1,unclustered,0.0,hot dog wag blf 2-1 2/5#-z,hot,
93014790,-1,unclustered,0.0,"hot dog, beef 8:1 vienna (5#)",hot,
93012950,-1,unclustered,0.0,"hot dog, beef/duck (6:1)",hot,
2209910,-1,unclustered,0.0,hot dog-$ shbyg-z 4-1 meat 10#,hot,
255275P,-1,unclustered,0.0,hot dog-$ thm-z pb-cocktail 12/1#,hot,
22107K,-1,unclustered,0.0,hot dog-$ wgf-z ab grass-fed 6#,hot,
22168G,-1,unclustered,0.0,hot dog-$ z heb nat 4-1 10#,hot,
98490000,-1,unclustered,0.0,hot dogs veggie 8.4oz-,hot,8.4oz
97765830,-1,unclustered,0.0,"hot franks,dutchbrand(6-3lb",hot,3lb
97175740,-1,unclustered,0.0,"hot link 16ct, bar s (8/3#)",hot,16ct
97205740,-1,unclustered,0.0,"hot link beef 8ct, bar s (8/24oz)",hot,24oz
98025920,-1,unclustered,0.0,"hot link beef, moo & oink (12/2#)",hot,
61105920,-1,unclustered,0.0,"hot link turkey, moo & oink (12/2#)",hot,
98022340,-1,unclustered,0.0,hot links (randolph),hot,
97585880,-1,unclustered,0.0,"hot links sausage, scott pete (12/20z)",hot,
97876895,-1,unclustered,0.0,hot lumberjack saus8/1.5lb)roger wood,hot,1.5lb
97365840,-1,unclustered,0.0,"hot rolls, williams sausage (12/1#)",hot,
97405840,-1,unclustered,0.0,"hot sausage pattie , williams s 8/2.25",hot,
94660,-1,unclustered,0.0,hotdog chicken 12oz al safa halal,hotdog,12oz
970030,-1,unclustered,0.0,hs org juice 12/16-oz apple,hs,
970231,-1,unclustered,0.0,hs org juice 12/16-oz butterfly lem,hs,
9670189,-1,unclustered,0.0,hs-cbd shot green tea 8/2-oz btl,hs-cbd,
9670182,-1,unclustered,0.0,hs-cbd spkl wat orgm 24/12-oz can,hs-cbd,
623487,-1,unclustered,0.0,hungarian sm brat,hungarian,
70425829,-1,unclustered,0.0,"hushpuppies jalapeno, sea best (12/1#)",hushpuppies,
70415829,-1,unclustered,0.0,"hushpuppies original, sea best (12/1#)",hushpuppies,
290072,-1,unclustered,0.0,iberico pork racks,iberico,
121701,-1,unclustered,0.0,ibp top blade flat iron-not portioned,ibp,
ICE,-1,unclustered,0.0,ice cubes or crushed,ice,
2159,-1,unclustered,0.0,ice- cube 22 lb. bag,ice-,22 lb
85500,-1,unclustered,0.0,iced tea filter pouch 96/1oz 6#,iced,1oz
99999987,-1,unclustered,0.0,ics bricks -frozen chill packs bklk8,ics,
78514360,-1,unclustered,0.0,imit crab flakes rtl sur panamei (30/1#),imit,
78574360,-1,unclustered,0.0,imit crab flakes rtl sur panamei 12/2.5#,imit,
77124360,-1,unclustered,0.0,imit crab meat stck rtl sur panamei 30/1,imit,
210597,-1,unclustered,0.0,imitation abulon 24/15oz,imitation,15oz
50030,-1,unclustered,0.0,imitation breaded crab claw,imitation,
50140,-1,unclustered,0.0,imitation breaded scallops,imitation,
50070,-1,unclustered,0.0,imitation crab flake - china 30x1#,imitation,
77099989,-1,unclustered,0.0,"imitation crab meat, 12x2.5, (30#)",imitation,
50050,-1,unclustered,0.0,imitation crab stick- minced stick,imitation,
99009980,-1,unclustered,0.0,"impossible burger, 4/1, vegan patties",impossible,
95230,-1,unclustered,0.0,inca kola 8/2 liter soda,inca,2 l
901223,-1,unclustered,0.0,"incredicrisp 3/8"" straight cut fries-6/5",incredicrisp,
59049960,-1,unclustered,0.0,inedible chicken product cases (40#),inedible,
16049980,-1,unclustered,0.0,"inner skirts, (australian), grainfed",inner,
16044545,-1,unclustered,0.0,"inner skirts, 5star (sel)",inner,
16043794,-1,unclustered,0.0,"inner skirts, black mountain (ch)",inner,
16041396,-1,unclustered,0.0,"inner skirts, circle t (nr)",inner,
16043896,-1,unclustered,0.0,"inner skirts, clear river (n/r)",inner,
106400003,-1,unclustered,0.0,"inner skirts, creekstone (ch)",inner,
16041201,-1,unclustered,0.0,"inner skirts, creekstone (prime)",inner,
16041173,-1,unclustered,0.0,"inner skirts, demkota (ch_angus)",inner,
16041175,-1,unclustered,0.0,"inner skirts, demkota (sel)",inner,
16043744,-1,unclustered,0.0,"inner skirts, excel (ch)",inner,
16041074,-1,unclustered,0.0,"inner skirts, farm fresh 12/1pc (ch)",inner,
16041002,-1,unclustered,0.0,"inner skirts, greateromaha (cangus)",inner,
16041000,-1,unclustered,0.0,"inner skirts, greateromaha (hereford)",inner,
16041001,-1,unclustered,0.0,"inner skirts, greateromaha (prime)",inner,
16044496,-1,unclustered,0.0,"inner skirts, harmony",inner,
16044495,-1,unclustered,0.0,"inner skirts, harmony (aa)",inner,
16044494,-1,unclustered,0.0,"inner skirts, harmony (aaa)",inner,
16044490,-1,unclustered,0.0,"inner skirts, harmony canada",inner,
16043556,-1,unclustered,0.0,"inner skirts, heartland (n/r)",inner,
16403556,-1,unclustered,0.0,"inner skirts, heartland (n/r_angus)",inner,
16044956,-1,unclustered,0.0,"inner skirts, heritage beef",inner,
16041013,-1,unclustered,0.0,"inner skirts, ibp star ranch (ch_angus)",inner,
16041162,-1,unclustered,0.0,"inner skirts, iowa premium (cangus)",inner,
16141024,-1,unclustered,0.0,"inner skirts, national hereford (ch)",inner,
16044674,-1,unclustered,0.0,"inner skirts, northern gold (aaa)",inner,
16043354,-1,unclustered,0.0,"inner skirts, swift (ch)",inner,
16043364,-1,unclustered,0.0,"inner skirts, topshelf (ch)",inner,
16041075,-1,unclustered,0.0,"inner skirts, topshelf (sel)",inner,
11193794,-1,unclustered,0.0,inside round (cosmo) black mountain (ch),inside,
11194496,-1,unclustered,0.0,inside round (cosmo) harmony,inside,
111911440,-1,unclustered,0.0,inside round (cosmo) western reserve,inside,
174004,-1,unclustered,0.0,"inside round cap and side, ch",inside,
11299984,-1,unclustered,0.0,inside round denuded (ch),inside,
11183575,-1,unclustered,0.0,"inside round slcd & peeled, ibp (select)",inside,
11191211,-1,unclustered,0.0,"inside round xt, creekstone (prime)",inside,
11191001,-1,unclustered,0.0,"inside round xt, greateromaha (prime)",inside,
11191013,-1,unclustered,0.0,"inside round xt, ibp star ranch (ch_angu",inside,
11191141,-1,unclustered,0.0,"inside round xt, westernreserve (prime)",inside,
11391876,-1,unclustered,0.0,"inside round xt,nebraska gold (nr_angus)",inside,
11291310,-1,unclustered,0.0,"inside round, denuded 7up, four star",inside,
174005,-1,unclustered,0.0,"inside round, denuded, ch",inside,
11193744,-1,unclustered,0.0,"inside round, excel (ch)",inside,
11191120,-1,unclustered,0.0,"inside round, mex praderas",inside,
150111,-1,unclustered,0.0,"inside skirt, grass fed, new zealand",inside,
150012,-1,unclustered,0.0,chk wog 3.50-3.75# bdc 10hd,chk,
150014,-1,unclustered,0.0,"inside skirt, processed (mexican)",inside,
154014,-1,unclustered,0.0,"inside skirt, processed, (domestic ch)",inside,
150060,-1,unclustered,0.0,inside skirts 60#/cs,inside,
150011,-1,unclustered,0.0,"inside skirts, grass fed, pilot",inside,
158003,-1,unclustered,0.0,"inside skirts, peeled, imported wagyu",inside,
83770,-1,unclustered,0.0,instant sour paste tom yum -sp505,instant,
96025,-1,unclustered,0.0,irish moss,irish,
620004,-1,unclustered,0.0,irregular sliced roast beef,irregular,
620021,-1,unclustered,0.0,irregular sliced turkey breast,irregular,
729795,-1,unclustered,0.0,italian roast beef top round,italian,
620091,-1,unclustered,0.0,italian saus patty 4-1 10lb,italian,10lb
SP732,-1,unclustered,0.0,italian sausage - bulk/ground,italian,
94415070,-1,unclustered,0.0,"italian sausage 5-1, f/c, ogden f. 12/1#",italian,
97515850,-1,unclustered,0.0,"italian sausage hot, s f (8/19oz)",italian,19oz
390224,-1,unclustered,0.0,"italian short cuts, 7#, perdue 4220",italian,
390027,-1,unclustered,0.0,"italian, perfect portion, perdue","italian,",
38569901,-1,unclustered,0.0,italiansausage in natural,italiansausage,
290600,-1,unclustered,0.0,j. dean 4/150ct cooked bacon,j.,150ct
610008,-1,unclustered,0.0,j. dean ckd turkey sausage patties,j.,
620092,-1,unclustered,0.0,j.dean bulk italian saus-12/1#,j.dean,
620093,-1,unclustered,0.0,j.dean ckd pork saus patty,j.dean,
610005,-1,unclustered,0.0,j.dean ckd turkey saus links,j.dean,
619975,-1,unclustered,0.0,j.o. full muscle smkd tky bst 2/9 -10 lb,j.o.,10 lb
710030,-1,unclustered,0.0,j.o. turkey ham log-30#,j.o.,
90346032,-1,unclustered,0.0,jalapeno pep slcd la cos 6/#10,jalapeno,
90346W,-1,unclustered,0.0,jalapeno pep whl caj chef 4/1 gal,jalapeno,1 g
84002,-1,unclustered,0.0,jalapeno peppers 2/2.5# bags,jalapeno,
31922,-1,unclustered,0.0,jamaican 10# yellow onion,jamaican,
89003,-1,unclustered,0.0,jamaican drink mix sour dailys,jamaican,
85442,-1,unclustered,0.0,jamaican lid clr 32jlr,jamaican,
31102,-1,unclustered,0.0,jamaican plantain 20#,jamaican,
742320,-1,unclustered,0.0,jamestown smoked half hams,jamestown,
620096,-1,unclustered,0.0,jamestown smoked pork chop,jamestown,
95182,-1,unclustered,0.0,jarritos coconut water w/pulp,jarritos,
84620,-1,unclustered,0.0,jasmine tea 5x6 * yume* 5204,jasmine,
96015,-1,unclustered,0.0,jcs champagne,jcs,
96030,-1,unclustered,0.0,jcs coconut cream,jcs,
96006,-1,unclustered,0.0,jcs ginger sodas,jcs,
96005,-1,unclustered,0.0,jcs irish moss beer,jcs,
96007,-1,unclustered,0.0,jcs kola champagne,jcs,
96008,-1,unclustered,0.0,jcs pineapple,jcs,
626350,-1,unclustered,0.0,jd fc pork saus patty 1.25/oz; 8/30 oz,jd,30 oz
610007,-1,unclustered,0.0,jdean ckd turkey saus patty,jdean,
91098013,-1,unclustered,0.0,jelly assorted cups 200/.5 oz #4,jelly,5 oz
99999913,-1,unclustered,0.0,"jemm, 2/1, patties","jemm,",
99999912,-1,unclustered,0.0,"jemm, 4/1, patties","jemm,",
620025,-1,unclustered,0.0,jennie o cooked turkey breast strips,jennie,
717272,-1,unclustered,0.0,jennie o herb roasted turkey breast,jennie,
620023,-1,unclustered,0.0,jennie o shred turkey breast,jennie,
611952,-1,unclustered,0.0,jennie o sweet ital trky saus 8/19.52 oz,jennie,19.52 oz
716920,-1,unclustered,0.0,jennie o turkey salami-2/10#,jennie,
620024,-1,unclustered,0.0,jennie o turkey taco meat,jennie,
620008,-1,unclustered,0.0,jennieo deli chicken breast,jennieo,
96043,-1,unclustered,0.0,cup 01 oz pir 50/50ct,cup,01 oz
620097,-1,unclustered,0.0,jimmy dean pork sausage roll,jimmy,
620098,-1,unclustered,0.0,john 5-1 ckd italian sausage,john,
620099,-1,unclustered,0.0,john. ckd ultimate 4-1 brat,john.,
626916,-1,unclustered,0.0,johnsonville 1.5oz ckd pork saus patty,johnsonville,1.5oz
620100,-1,unclustered,0.0,johnsonville 5-1 ckd brat link,johnsonville,
621546,-1,unclustered,0.0,johnsonville 5-1 skinless smoked polish,johnsonville,
207900021,-1,unclustered,0.0,"johnsonville bratwurs links, 5:1, (10lb)",johnsonville,10lb
611911,-1,unclustered,0.0,johnsonville ckd turkey saus links,johnsonville,
207900041,-1,unclustered,0.0,"johnsonville italian sausage, 5:1, 10lb",johnsonville,10lb
207900025,-1,unclustered,0.0,"johnsonville orig. brat links, (6/2.375)",johnsonville,
624585,-1,unclustered,0.0,johnsonville raw original brat links,johnsonville,
622657,-1,unclustered,0.0,johnsonville rtc bulk italian-8/1#,johnsonville,
622225,-1,unclustered,0.0,johnsonville sliced summer-5#,johnsonville,
620101,-1,unclustered,0.0,jones precooked sausage patty,jones,
97878950,-1,unclustered,0.0,"jowl bacon, slcd smkd, roger wood (9/1#)",jowl,
40139980,-1,unclustered,0.0,"jowls, pork","jowls,",
40031060,-1,unclustered,0.0,"jowls, pork indiana (60#)","jowls,",
190069,-1,unclustered,0.0,jr 80-20 ground beef-frozen (10#),jr,20 g
90614,-1,unclustered,0.0,juice orange 6/64 oz tropicana,juice,64 oz
906159,-1,unclustered,0.0,juice pineapple 12/46 oz,juice,46 oz
906166,-1,unclustered,0.0,juice pineapple 4/1 gal,juice,1 g
906184,-1,unclustered,0.0,juice tomato 12/46oz sacramento,juice,46oz
920235,-1,unclustered,0.0,july 4th feature,july,
62232,-1,unclustered,0.0,jumbo squid ( bag ) korea/uruguay,jumbo,
62231,-1,unclustered,0.0,jumbo squid - 600 up (36#) taiwan,jumbo,
97595880,-1,unclustered,0.0,"jumbo weiners, scott pete (12 #)",jumbo,
31920,-1,unclustered,0.0,jumbo yellow onion,jumbo,
1319854,-1,unclustered,0.0,kabob pork p&s 10#-z * mfg charge,kabob,
97642,-1,unclustered,0.0,kabob shami chicen kaiser halal,kabob,
621012,-1,unclustered,0.0,kahn 10-1 all beef hot dogs-12#,kahn,
904345,-1,unclustered,0.0,kahn`s choice cooked pot roast-4/4.5#,kahn`s,
31555,-1,unclustered,0.0,kale c & t 4/2.5#,kale,
750020,-1,unclustered,0.0,kb large stick bologna 2pc cs,kb,
141102,-1,unclustered,0.0,"kc strip steak, prime, 10/20oz",kc,20oz
141108,-1,unclustered,0.0,"kc strip steak, prime, 14oz",kc,14oz
144301,-1,unclustered,0.0,"kc strip, dry age, ch, 16oz",kc,16oz
620052,-1,unclustered,0.0,kent 5-1 10.5 hot dog-10#,kent,
85271,-1,unclustered,0.0,kernel cut corn 20 lb bulk,kernel,20 lb
620128,-1,unclustered,0.0,kessler rib - cut up,kessler,
620229,-1,unclustered,0.0,kessler rib center cut,kessler,
83970,-1,unclustered,0.0,ketchup * hunt`s* 38251,ketchup,
91092,-1,unclustered,0.0,ketchup pp red gold 1000 ct,ketchup,1000 ct
10331020,-1,unclustered,0.0,"kidney, beef, 6 pk national","kidney,",6 pk
10131050,-1,unclustered,0.0,"kidney, beef, afg (#30)","kidney,",
10133690,-1,unclustered,0.0,"kidney, beef, aurora","kidney,",
10131020,-1,unclustered,0.0,"kidney, beef, national (#30)","kidney,",
10133330,-1,unclustered,0.0,"kidney, beef, upper iowa","kidney,",
10131140,-1,unclustered,0.0,"kidney, beef, western reserve (30#)","kidney,",
40219980,-1,unclustered,0.0,"kidney, pork","kidney,",
84920,-1,unclustered,0.0,kikkoman soy sauce 5 gallon red,kikkoman,5 g
905551,-1,unclustered,0.0,kikkoman soy sauce-5 gallon,kikkoman,5 g
84371,-1,unclustered,0.0,kikkoman sriracha hot chili sauce 6/4#,kikkoman,
51013,-1,unclustered,0.0,king crab legs 14-17,king,
51014,-1,unclustered,0.0,king crab legs 16-20,king,
72051389,-1,unclustered,0.0,"king fish, whole 3-5, (60#)",king,
72061789,-1,unclustered,0.0,"king fish, whole 8+, netuno (66#)",king,
78711649,-1,unclustered,0.0,"king mackerel, 10-up,",king,
78191649,-1,unclustered,0.0,"king mackerel, 5-up,",king,
78201789,-1,unclustered,0.0,"king mackerel, 8-up, netuno (66#)",king,
580001,-1,unclustered,0.0,kitchen seafood 16/20ct fan,kitchen,20ct
580002,-1,unclustered,0.0,kitchen seafood lobster cakes,kitchen,
620271,-1,unclustered,0.0,klements 5-1 all beef hot dog,klements,
620521,-1,unclustered,0.0,klements white/yellow ched pork brat,klements,
99035,-1,unclustered,0.0,knives plst wht 1000ct,knives,1000ct
99046,-1,unclustered,0.0,knives stk plst 12ct,knives,12ct
84311,-1,unclustered,0.0,breaded coco jamaican 25ct,breaded,25ct
180012,-1,unclustered,0.0,knuckle bones,knuckle,
11123693,-1,unclustered,0.0,"knuckle pld, aurora (ch_angus)",knuckle,
11121032,-1,unclustered,0.0,"knuckle pld, blueribbon (cangus)",knuckle,
11121204,-1,unclustered,0.0,"knuckle pld, creekstone (ch)",knuckle,
11121201,-1,unclustered,0.0,"knuckle pld, creekstone (prime)",knuckle,
11123344,-1,unclustered,0.0,"knuckle pld, diamond beef (aaa)",knuckle,
11123744,-1,unclustered,0.0,"knuckle pld, excel (ch)",knuckle,
11121002,-1,unclustered,0.0,"knuckle pld, greateromaha (cangus)",knuckle,
11121001,-1,unclustered,0.0,"knuckle pld, greateromaha (prime)",knuckle,
11131000,-1,unclustered,0.0,"knuckle pld, greateromaha halal",knuckle,
11131002,-1,unclustered,0.0,"knuckle pld, greateromaha halal (cangus)",knuckle,
11124496,-1,unclustered,0.0,"knuckle pld, harmony",knuckle,
11124495,-1,unclustered,0.0,"knuckle pld, harmony (aa)",knuckle,
11124494,-1,unclustered,0.0,"knuckle pld, harmony (aaa)",knuckle,
11121320,-1,unclustered,0.0,"knuckle pld, mex gusi",knuckle,
11121120,-1,unclustered,0.0,"knuckle pld, mex praderas",knuckle,
11125342,-1,unclustered,0.0,"knuckle pld, riverbend ranch (cangus)",knuckle,
11123353,-1,unclustered,0.0,"knuckle pld, swift (ch_angus)",knuckle,
11123334,-1,unclustered,0.0,"knuckle pld, upper iowa (ch)",knuckle,
11122404,-1,unclustered,0.0,"knuckle pld, us212 (ch)",knuckle,
11121141,-1,unclustered,0.0,"knuckle pld, westernreserve (prime)",knuckle,
41691,-1,unclustered,0.0,knuckles cow halal frz,knuckles,
190057,-1,unclustered,0.0,kohler grind 3.5oz puck,kohler,3.5oz
96002,-1,unclustered,0.0,kola champagne syrup,kola,
84510,-1,unclustered,0.0,kong moon rice stick *super chef*,kong,
310162,-1,unclustered,0.0,kopp`s 6oz s/l fresh b&s chicken. breast,kopp`s,6oz
710001,-1,unclustered,0.0,kosher sliced roasted tky brst,kosher,
711026,-1,unclustered,0.0,kosher sliced smk turkey brst,kosher,
711227,-1,unclustered,0.0,kosher sliced turkey bologna,kosher,
711027,-1,unclustered,0.0,kosher sliced turkey salami,kosher,
78881,-1,unclustered,0.0,kosher tray pack chicken breast,kosher,
710127,-1,unclustered,0.0,kosher turkey pastrami-12/7oz,kosher,7oz
620027,-1,unclustered,0.0,kosher whole turkeys,kosher,
99333331,-1,unclustered,0.0,kraft senior bags with handle,kraft,
620261,-1,unclustered,0.0,krakow polish 4x6 cooked hams-2/12#,krakow,
501390,-1,unclustered,0.0,kraut new-7450,kraut,
620009,-1,unclustered,0.0,ham serrano,ham,
83460,-1,unclustered,0.0,kum chun oyster sauce ( black label),kum,
97456320,-1,unclustered,0.0,l,l,
901212,-1,unclustered,0.0,la rustichella black truffle pate,la,
22081012,-1,unclustered,0.0,label pre-printed thermal 12/700ct,label,700ct
74,-1,unclustered,0.0,lables 3.5x5.25,lables,
75,-1,unclustered,0.0,"lables 4x3-3""core thermo",lables,
85730,-1,unclustered,0.0,lafiness californian style orange,lafiness,
85720,-1,unclustered,0.0,lafiness caribbean style jerk,lafiness,
85710,-1,unclustered,0.0,lafiness smokey alabama style grill,lafiness,
85700,-1,unclustered,0.0,lafiness spicy buffalo style marin.,lafiness,
591011,-1,unclustered,0.0,lake perch-11# box,lake,
590013,-1,unclustered,0.0,lake smelt dressed,lake,
30620,-1,unclustered,0.0,lamb (mutton) - 6-way cut nz,lamb,
58557800,-1,unclustered,0.0,lamb -beef gyros cones 2/20# cs,lamb,
20009980,-1,unclustered,0.0,lamb baby,lamb,
420008,-1,unclustered,0.0,lamb belly,lamb,
56974600,-1,unclustered,0.0,lamb belly b/out fresh,lamb,
420009,-1,unclustered,0.0,lamb bones,lamb,
37862,-1,unclustered,0.0,lamb bones hind trotters halal,lamb,
12253,-1,unclustered,0.0,lamb bones-z mixed 50#,lamb,
12250977,-1,unclustered,0.0,lamb bones-z seder 10#,lamb,
12250978,-1,unclustered,0.0,lamb bones-z trotter 10# sup,lamb,
32305,-1,unclustered,0.0,lamb brains nz,lamb,
30045,-1,unclustered,0.0,lamb breast aus bulk,lamb,
55629550,-1,unclustered,0.0,lamb breast b/in fresh,lamb,
121214,-1,unclustered,0.0,lamb breast bi [4p],lamb,
55564400,-1,unclustered,0.0,lamb breast legs auss,lamb,
20085960,-1,unclustered,0.0,"lamb breast, 6-2 superior farms",lamb,
28009980,-1,unclustered,0.0,"lamb breast, trimmed",lamb,
20015440,-1,unclustered,0.0,"lamb carcass 6-way cut, 40/down hillside",lamb,
12001FR,-1,unclustered,0.0,lamb carcass usa 20-40# spring,lamb,
12003FR,-1,unclustered,0.0,lamb carcass usa 40-45#,lamb,
1200010,-1,unclustered,0.0,lamb carcass usa 45-80# head off,lamb,
1200100,-1,unclustered,0.0,lamb carcass usa>cut00,lamb,
12000465,-1,unclustered,0.0,lamb carcass-z aus >2-in-sq 45#,lamb,
1200NZ,-1,unclustered,0.0,lamb carcass-z nze 26#,lamb,
12001FR,-1,unclustered,0.0,lamb carcass usa 20-40# spring,lamb,
420000,-1,unclustered,0.0,lamb casing,lamb,
58479600,-1,unclustered,0.0,lamb casings sheep,lamb,
12262,-1,unclustered,0.0,lamb caul fat-z sup,lamb,
51028002,-1,unclustered,0.0,lamb chop 2-2.2 oz frenched new zealand,lamb,2.2 oz
52502000,-1,unclustered,0.0,lamb chop lollipop,lamb,
20079980,-1,unclustered,0.0,"lamb chops lolli pop, 60ct",lamb,60ct
51301400,-1,unclustered,0.0,lamb chuck square,lamb,
30507,-1,unclustered,0.0,lamb cube b/i 10/3# halal,lamb,
51503060,-1,unclustered,0.0,"lamb cubes 1""x 1""",lamb,
51503050,-1,unclustered,0.0,"lamb cubes 1""x 1"" for kabobs",lamb,
420500,-1,unclustered,0.0,lamb denver ribs,lamb,
1224420,-1,unclustered,0.0,lamb diced fmc 10#,lamb,
12244,-1,unclustered,0.0,lamb diced leg 2-in 10#,lamb,
1224424,-1,unclustered,0.0,lamb diced shl-bnl 1-1.5-in 2/5#,lamb,
1224440,-1,unclustered,0.0,lamb diced shld 4-oz skewer 2/5#vp,lamb,
1224628,-1,unclustered,0.0,lamb diced-z aus hal 10#,lamb,
12246000,-1,unclustered,0.0,lamb diced-z stew pio 10#,lamb,
59560001,-1,unclustered,0.0,lamb fat,lamb,
12265,-1,unclustered,0.0,lamb fat suet-z,lamb,
122521,-1,unclustered,0.0,lamb fat wolv-z 50#,lamb,
12252,-1,unclustered,0.0,lamb fat ~m,lamb,
20105960,-1,unclustered,0.0,"lamb fat, caps bulk, superior farms",lamb,
121217,-1,unclustered,0.0,lamb feet aus-z,lamb,
121215,-1,unclustered,0.0,lamb feet ~m,lamb,
20115960,-1,unclustered,0.0,"lamb feet, white, superior farms",lamb,
30171,-1,unclustered,0.0,lamb femur bones fzn,lamb,
12254801,-1,unclustered,0.0,lamb flank untrimmed-z mar 60#,lamb,
51503000,-1,unclustered,0.0,lamb for stewing (diced),lamb,
18022470,-1,unclustered,0.0,"lamb fore shank, 10-14oz, thomas",lamb,14oz
30114,-1,unclustered,0.0,lamb foreshank bone-in aussie,lamb,
121426,-1,unclustered,0.0,lamb foreshank ~m,lamb,
121427,-1,unclustered,0.0,lamb foreshank-z frf 10p,lamb,
1214206,-1,unclustered,0.0,lamb foreshank-z sup 4pk/2pc 8-12#,lamb,4pk
1204511,-1,unclustered,0.0,lamb foreshank-z-aus 14-18-oz 50#,lamb,
1204512,-1,unclustered,0.0,lamb foreshank-z-aus 18-22-oz 50#,lamb,
1204510,-1,unclustered,0.0,lamb foreshank-z-nze 10-14-oz 42#,lamb,
20285960,-1,unclustered,0.0,"lamb fries, bulk superior farms (10#)",lamb,
58957770,-1,unclustered,0.0,lamb glace -,lamb,
123232,-1,unclustered,0.0,lamb grnd frf 8/1#,lamb,
123236,-1,unclustered,0.0,lamb grnd-aus-z swf hal 4/2.5#,lamb,
123235,-1,unclustered,0.0,lamb grnd-aus-z tom hal 4/2.5#,lamb,
57310720,-1,unclustered,0.0,lamb ground fresh,lamb,
57310630,-1,unclustered,0.0,lamb ground frozen fine,lamb,
57310681,-1,unclustered,0.0,lamb ground patties 2 oz mini sliders,lamb,2 oz
57310631,-1,unclustered,0.0,lamb ground patties 3/1,lamb,
36802,-1,unclustered,0.0,lamb head 10pk,lamb,10pk
59990009,-1,unclustered,0.0,lamb head split,lamb,
12257,-1,unclustered,0.0,lamb head-z sup 10ct,lamb,10ct
20069980,-1,unclustered,0.0,"lamb heads,",lamb,
37058,-1,unclustered,0.0,lamb heart,lamb,
20059980,-1,unclustered,0.0,lamb heart beaufort river,lamb,
20051420,-1,unclustered,0.0,"lamb heart, 2/5, wolverine #10",lamb,
122562,-1,unclustered,0.0,lamb heart-z 15# mar,lamb,
122510,-1,unclustered,0.0,lamb heart-z aus 60#,lamb,
12186,-1,unclustered,0.0,lamb hind saddle tr/on ~m,lamb,
18029210,-1,unclustered,0.0,"lamb hind shank, c-vac, hardwicks",lamb,
50890130,-1,unclustered,0.0,lamb hind shanks osso bucco,lamb,
59890110,-1,unclustered,0.0,lamb hind shanks osso bucco new zealand/,lamb,
120441,-1,unclustered,0.0,lamb hindshank 22-24oz-z aus,lamb,24oz
30113,-1,unclustered,0.0,lamb hindshank bone-in aussie,lamb,
12043B,-1,unclustered,0.0,lamb hindshank pio 20up,lamb,
12043A,-1,unclustered,0.0,lamb hindshank sup 8/20up,lamb,
1225629,-1,unclustered,0.0,lamb hindshank-z frf 10/20up,lamb,
12043A,-1,unclustered,0.0,lamb hindshank sup 8/20up,lamb,
34090,-1,unclustered,0.0,lamb kababo,lamb,
20099980,-1,unclustered,0.0,lamb kidney,lamb,
36021,-1,unclustered,0.0,lamb kidney 10 lb,lamb,10 lb
37322,-1,unclustered,0.0,lamb kidney tp #4 halal,lamb,
12258E1,-1,unclustered,0.0,lamb kidney-z everdene 60#,lamb,
54735760,-1,unclustered,0.0,lamb leg b/out auss frozen,lamb,
54735770,-1,unclustered,0.0,lamb leg b/out fresh halal,lamb,
12180,-1,unclustered,0.0,lamb leg bi dbl-hangback sup-13902,lamb,
12180,-1,unclustered,0.0,lamb leg bi dbl-hangback sup-13902,lamb,
12174886,-1,unclustered,0.0,lamb leg bi t/off sup-27362 6p,lamb,
122105,-1,unclustered,0.0,lamb leg bi-chops cc frf 10/16-oz,lamb,
30000,-1,unclustered,0.0,lamb leg bone-in short cut - nz,lamb,
25092470,-1,unclustered,0.0,"lamb leg boneless, thomas",lamb,
54956150,-1,unclustered,0.0,lamb leg semi bnls center bone in,lamb,
25025970,-1,unclustered,0.0,"lamb leg whole b/in, mcphee",lamb,
25029980,-1,unclustered,0.0,"lamb leg whole b/in, praire natural",lamb,
12260,-1,unclustered,0.0,lamb liver ~m 10#,lamb,
20031420,-1,unclustered,0.0,"lamb liver, 2/5, wolverine, #10",lamb,
12261011,-1,unclustered,0.0,lamb liver-z cat,lamb,
24029980,-1,unclustered,0.0,lamb loin (b.r) 4 pc.,lamb,
53255100,-1,unclustered,0.0,lamb loin bone in rough,lamb,
12322005,-1,unclustered,0.0,lamb loin boneless fm s/a,lamb,
30055,-1,unclustered,0.0,lamb loin chop case ready *catelli*,lamb,
53448244,-1,unclustered,0.0,lamb loin chops 4oz,lamb,4oz
53949500,-1,unclustered,0.0,"lamb loin chops 5/8"" fresh",lamb,
53448246,-1,unclustered,0.0,lamb loin chops 6oz,lamb,6oz
427841,-1,unclustered,0.0,lamb loin flanks,lamb,
53857450,-1,unclustered,0.0,lamb loin trim cut 1-1/2 thick,lamb,
53610215,-1,unclustered,0.0,"lamb loin trim single cut 5/8"" t-bone",lamb,
53610277,-1,unclustered,0.0,lamb loin trim single cut 7oz t-bone cho,lamb,7oz
53610228,-1,unclustered,0.0,lamb loin trim single cut 8oz,lamb,8oz
12322002,-1,unclustered,0.0,lamb loin trm-bnl fm,lamb,
12322003,-1,unclustered,0.0,lamb loin-bnl-chop 00-oz,lamb,
53943400,-1,unclustered,0.0,lamb loins chop ready -4/cs,lamb,
122621,-1,unclustered,0.0,lamb neck-z chp 50#,lamb,
122661,-1,unclustered,0.0,lamb neck-z mar-4290 30#,lamb,
20089980,-1,unclustered,0.0,lamb necks,lamb,
50445577,-1,unclustered,0.0,"lamb osso bucco 2""",lamb,
50445578,-1,unclustered,0.0,"lamb osso bucco 3""",lamb,
420019,-1,unclustered,0.0,lamb patty,lamb,
59319570,-1,unclustered,0.0,lamb rack 26/28 oz frenched colorado 4pc,lamb,28 oz
52319220,-1,unclustered,0.0,lamb rack 7 rib single/vac,lamb,
52301800,-1,unclustered,0.0,lamb rack 8 rib 7/8lb,lamb,8lb
52319260,-1,unclustered,0.0,lamb rack 8 rib single/vac,lamb,
52309900,-1,unclustered,0.0,"lamb rack 9 rib-single-11up ""colorado""",lamb,
52319251,-1,unclustered,0.0,lamb rack end chops,lamb,
21019980,-1,unclustered,0.0,"lamb rack, frenched 18/20 halal",lamb,
21009980,-1,unclustered,0.0,"lamb rack, frenched bone in",lamb,
120671,-1,unclustered,0.0,lamb rack-z-aus f34 willow bend,lamb,
12009050,-1,unclustered,0.0,lamb rib chop 18-ct,lamb,
52142001,-1,unclustered,0.0,lamb rib chop 2 bn 8-9 oz,lamb,9 oz
52142003,-1,unclustered,0.0,lamb rib chop 5/6oz cc imp-double bone,lamb,6oz
52142002,-1,unclustered,0.0,lamb rib chop cc domestic lollipop,lamb,
123146,-1,unclustered,0.0,lamb rib chop frnch fncy 10#,lamb,
12312210,-1,unclustered,0.0,lamb rib chop-z aus frc 10#,lamb,
12312102,-1,unclustered,0.0,lamb rib chop-z nz frc 5# 3ct-vp,lamb,3ct
23009980,-1,unclustered,0.0,"lamb rib chops, vp frenched 3ct (5#)",lamb,3ct
50004852,-1,unclustered,0.0,lamb ribs denver,lamb,
58525200,-1,unclustered,0.0,lamb sausage merguez,lamb,
59713751,-1,unclustered,0.0,lamb shanks domestic-hind,lamb,
12086644,-1,unclustered,0.0,lamb shldr bi whole ~m,lamb,
12086645,-1,unclustered,0.0,lamb shldr pieces-z aus,lamb,
1208944,-1,unclustered,0.0,lamb shldr sqc bi pro 40#,lamb,
12272,-1,unclustered,0.0,lamb shldr-chops frf 10/12-oz,lamb,
24019980,-1,unclustered,0.0,"lamb short loin, b/in",lamb,
59885200,-1,unclustered,0.0,lamb short loins 0 tail -imported,lamb,
58652000,-1,unclustered,0.0,lamb shoulder bone in,lamb,
30162,-1,unclustered,0.0,lamb shoulder boneless - fletcher,lamb,
420011,-1,unclustered,0.0,lamb shoulder neck off,lamb,
30160,-1,unclustered,0.0,lamb shoulder square cut 55368 nz,lamb,
30218,-1,unclustered,0.0,lamb shoulder square cut aus halal,lamb,
32188,-1,unclustered,0.0,lamb shoulder square cut nz hala,lamb,
22029980,-1,unclustered,0.0,"lamb shoulder, b/in",lamb,
22029210,-1,unclustered,0.0,"lamb shoulder, b/in, c-vac, hardwicks",lamb,
420772,-1,unclustered,0.0,lamb sirloin-cap on-6/4pc packs,lamb,
45413,-1,unclustered,0.0,lamb six-way aus-z 45#,lamb,
420052,-1,unclustered,0.0,lamb stew 5# bag fresh,lamb,
420052,-1,unclustered,0.0,lamb stew 5# bag fresh,lamb,
53235600,-1,unclustered,0.0,lamb strip loin boneless imported,lamb,
12268,-1,unclustered,0.0,lamb sweet breads-z 11# chp,lamb,
12271,-1,unclustered,0.0,lamb sweet breads-z 15# sup,lamb,
58955050,-1,unclustered,0.0,lamb sweetbreads,lamb,
53610420,-1,unclustered,0.0,lamb tenderloin frozen,lamb,
420019,-1,unclustered,0.0,lamb patty,lamb,
30219,-1,unclustered,0.0,lamb tongue halal,lamb,
12270,-1,unclustered,0.0,lamb tongues #1,lamb,
420012,-1,unclustered,0.0,lamb top round,lamb,
59610300,-1,unclustered,0.0,lamb trim loin b/out domestic,lamb,
53610400,-1,unclustered,0.0,lamb trim loin fresh 1x1 chop ready,lamb,
59568970,-1,unclustered,0.0,lamb trimmings -75cl pilot,lamb,
59568980,-1,unclustered,0.0,lamb trimmings 75/25 frozen-71-028,lamb,
20049980,-1,unclustered,0.0,lamb tripe,lamb,
20041230,-1,unclustered,0.0,"lamb tripe, amp",lamb,
20045660,-1,unclustered,0.0,"lamb tripe, patagonia",lamb,
20045960,-1,unclustered,0.0,"lamb tripe, superior farms",lamb,
122615,-1,unclustered,0.0,lamb tripe-z nz/aus 50#,lamb,
1226122,-1,unclustered,0.0,lamb tripe-z ovation 56#,lamb,
50000000,-1,unclustered,0.0,lamb whole,lamb,
20009981,-1,unclustered,0.0,lamb whole 50-60#,lamb,
20009982,-1,unclustered,0.0,lamb whole carcass,lamb,
90119980,-1,unclustered,0.0,"lard lift, pork",lard,
750011,-1,unclustered,0.0,large bologna 10#ave,large,
95138000,-1,unclustered,0.0,lasagna meat avanza,lasagna,
620038,-1,unclustered,0.0,ld`s fresh polish 4/1,ld`s,
620029,-1,unclustered,0.0,ld`s fresh polish 4/1 zippy,ld`s,
411016,-1,unclustered,0.0,le quebecois 16oz veal porter house,le,16oz
410077,-1,unclustered,0.0,le quebecois veal butt tenders,le,
410065,-1,unclustered,0.0,le quebecois veal porterhouse fresh,le,
410065,-1,unclustered,0.0,le quebecois veal porterhouse fresh,le,
410066,-1,unclustered,0.0,14-16oz frenched veal rib chop,14-16oz,16oz
84432,-1,unclustered,0.0,lee kum kee mushroom soysauce 12/4#,lee,
410062,-1,unclustered,0.0,lees brd veal patty 40/4oz,lees,4oz
150400001,-1,unclustered,0.0,leg meat (40#),leg,
55005480,-1,unclustered,0.0,"leg meat, back of the yards (40#)",leg,
55001040,-1,unclustered,0.0,"leg quarters large, sanderson/wayne (40)",leg,
55015780,-1,unclustered,0.0,"leg quarters small, chicken country 4/10",leg,
55111220,-1,unclustered,0.0,"leg quarters small, halal pilgrim`s 40#",leg,
900227,-1,unclustered,0.0,lemanksi battered mozz sticks-27#,lemanksi,
900027,-1,unclustered,0.0,lemanski homestyle onion rings-8/2#,lemanski,
31500,-1,unclustered,0.0,lemon (yellow) amarillo 165ct,lemon,165ct
33000,-1,unclustered,0.0,lemon juice -case- 8/48oz,lemon,48oz
93940,-1,unclustered,0.0,lemon juice 4/1 *pompeii*,lemon,
906131,-1,unclustered,0.0,lemon juice concentrate 12/1 qts,lemon,
9061323,-1,unclustered,0.0,lemon juice real-brand 4/1 gal,lemon,1 g
50144514,-1,unclustered,0.0,lemons fancy 115 ct,lemons,115 ct
412115,-1,unclustered,0.0,lequebecois 4oz veal liver,lequebecois,4oz
411502,-1,unclustered,0.0,lequebecois veal tenderloin,lequebecois,
84560,-1,unclustered,0.0,less sodium soy sauce lkk 5gal/tub,less,5g
84921,-1,unclustered,0.0,less soduim kikkoman green label,less,
50133401,-1,unclustered,0.0,lettuce iceburg-shred 4/5#,lettuce,
50130140,-1,unclustered,0.0,lettuce-mix spring 3#,lettuce-mix,
93693,-1,unclustered,0.0,lib 5120 shot 1.5z 2dz,lib,
99032,-1,unclustered,0.0,lid 02 oz pro 50/50,lid,02 oz
990321,-1,unclustered,0.0,lid 06 oz 6jl vented,lid,06 oz
99038,-1,unclustered,0.0,lid 1.5-2.5 oz 20/125 cs,lid,2.5 oz
990371,-1,unclustered,0.0,lid 1/2 gal berry 200ct,lid,2 g
990372,-1,unclustered,0.0,lid 1gal berry 100ct,lid,1g
99508505,-1,unclustered,0.0,lid 9 board 500ct,lid,500ct
995271,-1,unclustered,0.0,lid deli clr 16oz 500ct,lid,16oz
190101,-1,unclustered,0.0,"lifter meat, trimmed, 10#pkg",lifter,
93690,-1,unclustered,0.0,lime juice *pompeii * 4/1 gallon,lime,1 g
90613,-1,unclustered,0.0,lime juice real 4/1 gal,lime,1 g
920280,-1,unclustered,0.0,links for weeks,links,
38355741,-1,unclustered,0.0,"links,breakfast ,jones f/c-2oz","links,breakfast",2oz
97645880,-1,unclustered,0.0,"liver cheese, scott pete (12/8z)",liver,
97655880,-1,unclustered,0.0,"liver cheese,red bag,1pc,scott p (5-7 l)",liver,7 l
96675880,-1,unclustered,0.0,"liver chse w/in pork f, ktckn g 2pc(5/7l",liver,7l
10141050,-1,unclustered,0.0,"liver, beef, afg","liver,",
10141030,-1,unclustered,0.0,"liver, beef, jbs four star","liver,",
10149980,-1,unclustered,0.0,"livers, beef aurora","livers,",
10143350,-1,unclustered,0.0,"livers, beef, swift (60#)","livers,",
50031850,-1,unclustered,0.0,"livers, chicken harrison (40#)","livers,",
50034870,-1,unclustered,0.0,"livers, chicken mar jac (2/10#)","livers,",
50133390,-1,unclustered,0.0,"livers, chicken mountaire (30#)","livers,",
50039980,-1,unclustered,0.0,"livers, chicken, (40#)","livers,",
50035780,-1,unclustered,0.0,"livers, country pride(40#)","livers,",
50031220,-1,unclustered,0.0,"livers, pilgrims (40#)","livers,",
40171530,-1,unclustered,0.0,"livers, pork tri-eagle (15#)","livers,",
40271530,-1,unclustered,0.0,"livers, pork tri-eagle (30#)","livers,",
40272680,-1,unclustered,0.0,"livers, pork, dekalb","livers,",
1234,-1,unclustered,0.0,lm,lm,
22148A,-1,unclustered,0.0,loaves daisy head cheese 8#,loaves,
78932559,-1,unclustered,0.0,"lobste whole, ckd 16-20z, fisherking 10#",lobste,
78229980,-1,unclustered,0.0,"lobster ck meat, 6/2 (12#)",lobster,
210544,-1,unclustered,0.0,lobster whl live 1 1ct,lobster,1ct
78231509,-1,unclustered,0.0,"lobster whole, ckd sea mazz (12/1#)",lobster,
78221649,-1,unclustered,0.0,"lobster, head/body meat,caribbean10/1#","lobster,",
44001920,-1,unclustered,0.0,"loin b/in 1/4"" trim cov, pork prestage",loin,
44003350,-1,unclustered,0.0,"loin b/in 1/4"" trim cov, pork swift",loin,
44103570,-1,unclustered,0.0,"loin b/in 3/8"" trim, half box pork, ibp",loin,
44129980,-1,unclustered,0.0,"loin bnls strap-on, pork ibp",loin,
44233570,-1,unclustered,0.0,"loin bnlss cc strap off, half cut pk ibp",loin,
44113570,-1,unclustered,0.0,"loin bone in 1/4"" (poly), pork, ibp",loin,
44001010,-1,unclustered,0.0,"loin bone in 1/4"" trim 16/22, pork, ibp",loin,
44011060,-1,unclustered,0.0,"loin bone in 18/22, indiana (med) 1/4"" c",loin,
44809980,-1,unclustered,0.0,"loin bone in, crown roast 12-14, pork",loin,
44503570,-1,unclustered,0.0,"loin bone in, rack frenched pork, ibp",loin,
44603570,-1,unclustered,0.0,"loin bone in, rack pork, ibp",loin,
44403570,-1,unclustered,0.0,"loin boneless #2 miscut, pork ibp",loin,
44401920,-1,unclustered,0.0,"loin boneless #2, pork prestage",loin,
44262090,-1,unclustered,0.0,"loin boneless 5/7, canadian backs, pork",loin,
44171010,-1,unclustered,0.0,"loin boneless cc strap off, chairman`s r",loin,
44133570,-1,unclustered,0.0,"loin boneless cc strap off, pork ibp",loin,
44131060,-1,unclustered,0.0,"loin boneless cc strap off, pork indiana",loin,
44132030,-1,unclustered,0.0,"loin boneless cc strap off, pork rantoul",loin,
44181010,-1,unclustered,0.0,"loin boneless cc strap-on, pork ibp",loin,
44333570,-1,unclustered,0.0,"loin boneless rib end off, pork ibp",loin,
44131150,-1,unclustered,0.0,"loin boneless strap-off, seaboard, #8217",loin,
44131980,-1,unclustered,0.0,"loin boneless strap-off, smithfield",loin,
44181060,-1,unclustered,0.0,"loin boneless strap-on vp, pork indiana",loin,
44121980,-1,unclustered,0.0,"loin boneless strap-on, pork smithfield",loin,
44123350,-1,unclustered,0.0,"loin boneless strap-on, pork swift",loin,
44121920,-1,unclustered,0.0,"loin boneless strap-on, prestage",loin,
44121150,-1,unclustered,0.0,"loin boneless strap-on, seaboard, #80137",loin,
44201010,-1,unclustered,0.0,"loin boneless supreme, pork ibp",loin,
44704510,-1,unclustered,0.0,"loin c. c. bone in,pork, aurora",loin,
44701010,-1,unclustered,0.0,"loin c. c. bone in,pork, ibp",loin,
44211060,-1,unclustered,0.0,"loin cc 11 rib t/in (1/8""), pork indiana",loin,
44211700,-1,unclustered,0.0,"loin cc 11 rib t/in 1/8"" cov, pork, swif",loin,
44201060,-1,unclustered,0.0,"loin cc 11 rib t/in, indiana, combo pork",loin,
44209990,-1,unclustered,0.0,"loin cc 11 rib t/in, moesle, combo pork",loin,
44191010,-1,unclustered,0.0,"loin cc 11 rib t/in, pork ibp",loin,
44199990,-1,unclustered,0.0,"loin cc 11 rib t/in, pork moesle (50#)",loin,
44243570,-1,unclustered,0.0,"loin cc rib t/in (3/8), pork ibp",loin,
44209980,-1,unclustered,0.0,"loin cc, bone in, t/in, combo pork",loin,
44221060,-1,unclustered,0.0,"loin center cut, (1/4"") vp, pork indiana",loin,
40239980,-1,unclustered,0.0,"loin skin fat on, pork",loin,
100000004,-1,unclustered,0.0,longanisa sausage fs 00813,longanisa,
100000003,-1,unclustered,0.0,longanisa sausage retail 00812,longanisa,
91300,-1,unclustered,0.0,lotus seed paste bun (b-13),lotus,
83481,-1,unclustered,0.0,lucky brand fish sauce only yellow,lucky,
97877895,-1,unclustered,0.0,lumberjacksmkd saus8/1.5lb)roger wood,lumberjacksmkd,1.5lb
190065,-1,unclustered,0.0,"luncheon loaf patty, qulity ckd",luncheon,
94381613,-1,unclustered,0.0,m,m,
900011,-1,unclustered,0.0,m noodle,m,
907503,-1,unclustered,0.0,mac & cheese fonduta,mac,
900004,-1,unclustered,0.0,mac & cheese triangles,mac,
80001,-1,unclustered,0.0,mackerel (atlantic) 400/600g (22# case),mackerel,600g
78241529,-1,unclustered,0.0,"mahi prtn 4oz (wild caught), pescator (1",mahi,4oz
78244369,-1,unclustered,0.0,"mahi prtn ivp rtl, panamei (20/1#)",mahi,
78245829,-1,unclustered,0.0,"mahi prtn, skls ivp sea best (12/1#)",mahi,
97469,-1,unclustered,0.0,mali boti chicken kaiser halal,mali,
96344740,-1,unclustered,0.0,"manchego croquette, mambo (8x13z)",manchego,
31560,-1,unclustered,0.0,mango 12ct,mango,12ct
22080207,-1,unclustered,0.0,mango whl ripe 7ct tommy,mango,7ct
392065,-1,unclustered,0.0,mapleleaf duck hearts-6/5#,mapleleaf,
30571016,-1,unclustered,0.0,margarine liquid 1 gal,margarine,1 g
86043,-1,unclustered,0.0,margarine liquid 6/1 gallon,margarine,1 g
91111120,-1,unclustered,0.0,margarine oleo,margarine,
30571013,-1,unclustered,0.0,margarine orig cc 6/5#,margarine,
86040,-1,unclustered,0.0,margarine solids 30/1#,margarine,
30571017,-1,unclustered,0.0,margarine squeeze 24/12oz parkay,margarine,12oz
620062,-1,unclustered,0.0,margherta sliced genoa salami-6/2#,margherta,
620156,-1,unclustered,0.0,marherita sliced pepperoni-25#,marherita,
95035034,-1,unclustered,0.0,marinade mojo criollo goya 6/1g,marinade,1g
95035035,-1,unclustered,0.0,marinade wing 8/3.5#,marinade,
180014,-1,unclustered,0.0,marrow bones split lengthwise,marrow,
84222,-1,unclustered,0.0,martin jasmine rice 50# usa,martin,
550360,-1,unclustered,0.0,maryland style crab cake 3.6oz,maryland,3.6oz
82630,-1,unclustered,0.0,masa - juaritos fresh 8/5# 5003,masa,
999999,-1,unclustered,0.0,matrix pricing product,matrix,
11150,-1,unclustered,0.0,mature duck 6.0 headless vf brand,mature,
38861325,-1,unclustered,0.0,maxwell street polish footlong vienna,maxwell,
93556467,-1,unclustered,0.0,mayo bonne bon cher x-hvy 4/1 gal,mayo,1 g
93667812,-1,unclustered,0.0,mayo chef extra hvy 4/1 gal,mayo,1 g
93668766,-1,unclustered,0.0,mayo helman 4/1 gal,mayo,1 g
93100300,-1,unclustered,0.0,mayonaise-30 lb tub,mayonaise-30,30 lb
86050,-1,unclustered,0.0,mayonnaise heavy duty 4/1 gallon,mayonnaise,1 g
901265,-1,unclustered,0.0,"mccain crispy season 1/2"" skin on fry",mccain,
900212,-1,unclustered,0.0,mccain queso triangles-4/3#,mccain,
83750,-1,unclustered,0.0,meal kits 6 in 1 250/cs,meal,
97873895,-1,unclustered,0.0,meal rdy slcd smk saus(8/14oz)roger wood,meal,14oz
93530,-1,unclustered,0.0,meat marinade (gallons) chef merito,meat,
87770,-1,unclustered,0.0,meat mitch pork seasoning,meat,
53224240,-1,unclustered,0.0,"meat rings breast, f/c lake liner (8/3#)",meat,
53324240,-1,unclustered,0.0,"meat rings buffalo, f/c lake liner 8/3#",meat,
30062,-1,unclustered,0.0,meatball/meatloaf mix *catelli*,meatball/meatloaf,
19010002,-1,unclustered,0.0,meatballs all beef rosina,meatballs,
10369470,-1,unclustered,0.0,meatballs garlic parm 4/5lb,meatballs,5lb
SP012,-1,unclustered,0.0,meatloaf mix,meatloaf,
22139,-1,unclustered,0.0,meatloaf old fash 2/3# daisy,meatloaf,
2239E1,-1,unclustered,0.0,meatloaf old fash-z daisy,meatloaf,
290502,-1,unclustered,0.0,"meatloaf, beef veal & pork, 5#b","meatloaf,",
900282,-1,unclustered,0.0,mediterranean white bean soup,mediterranean,
50142010,-1,unclustered,0.0,melons honeydew 5ct,melons,5ct
50142011,-1,unclustered,0.0,melons honeydew 6ct,melons,6ct
920229,-1,unclustered,0.0,memorial day mixer,memorial,
84400,-1,unclustered,0.0,metal sponges - sell by case,metal,
746680,-1,unclustered,0.0,metro applewood honey ham-2/8#,metro,
42040,-1,unclustered,0.0,mexican beef back ribs frozen,mexican,
42030,-1,unclustered,0.0,mexican beef bnls strip 0x1,mexican,
42050,-1,unclustered,0.0,mexican beef neck bones frozen,mexican,
42000,-1,unclustered,0.0,mexican beef ribeye lipon 2x2,mexican,
42020,-1,unclustered,0.0,mexican beef shortloin 0x1 3pc,mexican,
41980,-1,unclustered,0.0,mexican chuck roll,mexican,
43447151,-1,unclustered,0.0,mi turkey ham,mi,
50435113,-1,unclustered,0.0,mich hearts turkey frozen,mich,
43469301,-1,unclustered,0.0,mich tky all natl gold roasted petite br,mich,
43469321,-1,unclustered,0.0,mich tky all natural oven brown petite b,mich,
43400212,-1,unclustered,0.0,mich tky brst roast petite s/on b/out ra,mich,
43400412,-1,unclustered,0.0,mich tky brst roast s/on b/out raw 22%,mich,
43400112,-1,unclustered,0.0,mich tky brst roast whole s/on b/out raw,mich,
43446830,-1,unclustered,0.0,mich tky cajun style pan shape,mich,
43478721,-1,unclustered,0.0,mich tky golden browned whole tky breast,mich,
43480601,-1,unclustered,0.0,mich tky golden legacy hickory smoked,mich,
43443021,-1,unclustered,0.0,mich tky ground extra lean 90% 24/1 lb,mich,1 lb
43430112,-1,unclustered,0.0,mich tky ground frozen 85% lean 4/5 mt,mich,
43430102,-1,unclustered,0.0,mich tky ground frozen 90% lean 4/5 mt,mich,
43486589,-1,unclustered,0.0,mich tky hickory smoked breast log,mich,
43473061,-1,unclustered,0.0,mich tky hickory smoked white nitrite fr,mich,
43478481,-1,unclustered,0.0,mich tky honey smoked whole tky breast,mich,
43350011,-1,unclustered,0.0,mich tky jumbo turkey tails fresh,mich,
43200016,-1,unclustered,0.0,mich tky knuckles bones frozen,mich,
41835071,-1,unclustered,0.0,mich tky livers frozen,mich,
43471361,-1,unclustered,0.0,mich tky nae honey maple turkey brst,mich,
43469381,-1,unclustered,0.0,mich tky natural garlic & herb petite br,mich,
43447136,-1,unclustered,0.0,mich tky natural mple p whole breast,mich,
43486642,-1,unclustered,0.0,mich tky oven roasted sliced low sodium,mich,
43486501,-1,unclustered,0.0,mich tky oven roasted turkey breast log,mich,
43478601,-1,unclustered,0.0,mich tky pastrami seasoned breast,mich,
43490053,-1,unclustered,0.0,mich tky pattie all natl breakfast 0.8oz,mich,0.8oz
43400232,-1,unclustered,0.0,mich tky petite skinless thigh roast,mich,
43430150,-1,unclustered,0.0,mich tky rwa all natural 90% ground,mich,
43490093,-1,unclustered,0.0,mich tky rwa brk sausage patties 1.5oz,mich,1.5oz
41300010,-1,unclustered,0.0,mich tky thigh meat b/out s/off frozen,mich,
43230011,-1,unclustered,0.0,mich tky whole turkey wings fresh,mich,
82550,-1,unclustered,0.0,michiu cooking wine 4/1 gal,michiu,1 g
84860,-1,unclustered,0.0,micro pail 16 oz fan/bowl 400,micro,16 oz
620005,-1,unclustered,0.0,midwest pride ckd roast beef,midwest,
620243,-1,unclustered,0.0,mighty stick beef jalapeno,mighty,
620241,-1,unclustered,0.0,mighty stick beef original,mighty,
620242,-1,unclustered,0.0,mighty stick beef teriyaki,mighty,
98035920,-1,unclustered,0.0,"mild link beef, moo & oink (12/2#)",mild,
97355840,-1,unclustered,0.0,"mild rolls, williams sausage (12/1#)",mild,
97395840,-1,unclustered,0.0,"mild sausage pattie ,williams s (8/2.25",mild,
78259989,-1,unclustered,0.0,milk fish 600-800 (40#),milk,
30010010,-1,unclustered,0.0,milk whl org 6/64oz,milk,64oz
30114,-1,unclustered,0.0,lamb foreshank bone-in aussie,lamb,
360335,-1,unclustered,0.0,miller amish retail whole chicken,miller,
620543,-1,unclustered,0.0,milwaukee polish sausage,milwaukee,
903001,-1,unclustered,0.0,minh buffalo chicken egg roll-300/1oz,minh,1oz
90100,-1,unclustered,0.0,mini vege. spring rolls gokujou,mini,
25550,-1,unclustered,0.0,mini vegetable spring roll *gokujou*,mini,
50000000,-1,unclustered,0.0,lamb whole,lamb,
MISCR,-1,unclustered,0.0,misc random weight case,misc,
MISC,-1,unclustered,0.0,misc sold by the case,misc,
MISCP,-1,unclustered,0.0,misc sold by the pc.,misc,
99999998,-1,unclustered,0.0,misc.,misc.,
999019,-1,unclustered,0.0,miscellaneous equipment expense,miscellaneous,
168009,-1,unclustered,0.0,mishima back ribs ip,mishima,
118017,-1,unclustered,0.0,mishima brisket 120 vp,mishima,
128017,-1,unclustered,0.0,mishima chuck clod cross cut vp,mishima,
128015,-1,unclustered,0.0,mishima chuck tail flap,mishima,
128016,-1,unclustered,0.0,mishima chuck teres major ultra,mishima,
168024,-1,unclustered,0.0,mishima export rib ultra,mishima,
138009,-1,unclustered,0.0,mishima flank steak rr ultra,mishima,
168011,-1,unclustered,0.0,mishima ribeye lipon 5 star,mishima,
128014,-1,unclustered,0.0,mishima top blade,mishima,
148017,-1,unclustered,0.0,mishima top sirloin stk ready,mishima,
83870,-1,unclustered,0.0,miso shiro white *marukome* 12/2.2#,miso,
97489780,-1,unclustered,0.0,miss rope sausage(12-2lb) polks,miss,2lb
97483780,-1,unclustered,0.0,miss saus hot red link(12-2lb),miss,2lb
97482780,-1,unclustered,0.0,miss sausage red link mild(12-2lb)polks,miss,2lb
900610,-1,unclustered,0.0,mixed fruit-6/#10 cans,mixed,
96284740,-1,unclustered,0.0,"mixed vegetables, 5way, mambo 6x2#",mixed,
23,-1,unclustered,0.0,moesle and fulton price sheet,moesle,
40171002,-1,unclustered,0.0,mole dona maria 12/8oz,mole,8oz
85190,-1,unclustered,0.0,monterrey cheddar 50/50 blend 4/5#,monterrey,
25110,-1,unclustered,0.0,moo shu wrappers(22 pack) golden bowl,moo,22 pack
190066,-1,unclustered,0.0,morrel ckd beef pot roast,morrel,
22154,-1,unclustered,0.0,mortadella carando 2/6# 11423,mortadella,
290560,-1,unclustered,0.0,"mortadella pork with pistachio, 5-6#",mortadella,
22157,-1,unclustered,0.0,mortadella-z fiorucci-50404 2/8#,mortadella-z,
362007,-1,unclustered,0.0,moulard duck breast,moulard,
2208810,-1,unclustered,0.0,mousaka 2/6#,mousaka,
85411,-1,unclustered,0.0,mozarella cheese shredded sk01370b,mozarella,
7019401,-1,unclustered,0.0,mozz brd stick kronos 4/3# 6284,mozz,
7019404,-1,unclustered,0.0,mozz brd stick panos 4/3#,mozz,
70194019,-1,unclustered,0.0,mozz brd stick tasty 12#,mozz,
99126944,-1,unclustered,0.0,mr.dees golden rounds(12-24oz),mr.dees,24oz
99124944,-1,unclustered,0.0,mr.dees hash brown patties(12/31.7oz),mr.dees,31.7oz
83372,-1,unclustered,0.0,msg (50#) *chef dashi*,msg,
83371,-1,unclustered,0.0,msg - ajinomoto 44.1#,msg,
83360,-1,unclustered,0.0,msg 50#,msg,
83362,-1,unclustered,0.0,msg 50# *vesin* malaysia*,msg,
85288,-1,unclustered,0.0,munster cheese 6/5,munster,
70194012,-1,unclustered,0.0,mushrm brd panos 12#,mushrm,
31540,-1,unclustered,0.0,mushroom 3 lbs (oyster),mushroom,3 lb
50474104,-1,unclustered,0.0,mushroom med slcd thick 10#,mushroom,
50474100,-1,unclustered,0.0,mushroom med whl 10#,mushroom,
50474,-1,unclustered,0.0,mushroom portabella 5#,mushroom,
90384,-1,unclustered,0.0,mushroom slc 6/#10**,mushroom,
78665829,-1,unclustered,0.0,"mussels, whl ckd, 25-30 sea best (10/1#)","mussels,",
91129,-1,unclustered,0.0,mustard 4/1 gal,mustard,1 g
91140,-1,unclustered,0.0,mustard deli syg stl ny 12/12oz,mustard,12oz
91141,-1,unclustered,0.0,mustard deli syg stl ny 4/1g,mustard,1g
91135,-1,unclustered,0.0,mustard delicatessen,mustard,
84960,-1,unclustered,0.0,mustard flour 25# *hunsty* 21025,mustard,
50131911,-1,unclustered,0.0,mustard green curly 24ct,mustard,24ct
91127,-1,unclustered,0.0,mustard salad style woe 4/1g,mustard,1g
84900,-1,unclustered,0.0,mustard sauce packets panda yellow,mustard,
30165,-1,unclustered,0.0,mutton (lamb) shoulder square cut,mutton,
59552310,-1,unclustered,0.0,mutton 6 way burnt,mutton,
92003930,-1,unclustered,0.0,"mutton 6 way, beaufort river",mutton,
92003510,-1,unclustered,0.0,"mutton 6 way, wagstaff frozen",mutton,
92029980,-1,unclustered,0.0,"mutton leg b/in, thomas foods",mutton,
92019980,-1,unclustered,0.0,mutton legs b/in nz,mutton,
92013510,-1,unclustered,0.0,mutton legs b/in wagstaff frozen,mutton,
45411,-1,unclustered,0.0,mutton-z trim,mutton-z,
37021212,-1,unclustered,0.0,n,n,
420162,-1,unclustered,0.0,n.z. lamb shank 8-16oz cs lot,n.z.,16oz
420163,-1,unclustered,0.0,n.z. lamb shank 8-16oz pc,n.z.,16oz
97994,-1,unclustered,0.0,naan garlic kaiser halal,naan,
31550,-1,unclustered,0.0,nappa 30#,nappa,
31551,-1,unclustered,0.0,nappa 40-50#,nappa,
450082,-1,unclustered,0.0,navarino 8oz buffalo patty,navarino,8oz
450210,-1,unclustered,0.0,navarino ground buffalo-2/10#,navarino,
450001,-1,unclustered,0.0,navarino retail buffalo patty,navarino,
450002,-1,unclustered,0.0,navarino retail ground buffalo,navarino,
450004,-1,unclustered,0.0,navarino wisconsin ground elk,navarino,
20761,-1,unclustered,0.0,navel pastrimi-vennia,navel,
10051270,-1,unclustered,0.0,"neckbone beef, aurora",neckbone,
10051876,-1,unclustered,0.0,"neckbone beef, nebraska beef (n/r)",neckbone,
10053757,-1,unclustered,0.0,"neckbone beef, st. helens (a)",neckbone,
40409980,-1,unclustered,0.0,neckbone combo pork,neckbone,
40102080,-1,unclustered,0.0,"neckbones, pork dekalb","neckbones,",
40103570,-1,unclustered,0.0,"neckbones, pork ibp (30#)","neckbones,",
40101060,-1,unclustered,0.0,"neckbones, pork indiana (30#)","neckbones,",
40109990,-1,unclustered,0.0,"neckbones, pork moesle","neckbones,",
50009980,-1,unclustered,0.0,"necks, chicken, golden rod (40#)","necks,",
50001850,-1,unclustered,0.0,"necks, chicken, harrison (40#)","necks,",
50001220,-1,unclustered,0.0,"necks, chicken, pilgrim`s (40#)","necks,",
60009980,-1,unclustered,0.0,"necks, turkey (30#)","necks,",
60001080,-1,unclustered,0.0,"necks, turkey farbest (30#)","necks,",
60005620,-1,unclustered,0.0,"necks, turkey hen, butterball (30#)","necks,",
60004310,-1,unclustered,0.0,"necks, turkey michigan turkey (30#)","necks,",
60001770,-1,unclustered,0.0,"necks, turkey norbest (30#)","necks,",
88779,-1,unclustered,0.0,net weight product,net,
99200000,-1,unclustered,0.0,netting #26,netting,
19991,-1,unclustered,0.0,new year gift - 2024 head on 40/50 pc,new,
53449245,-1,unclustered,0.0,new zealand lamb loin chops 5oz,new,5oz
420014,-1,unclustered,0.0,new zeland b.i.lamb leg,new,
420015,-1,unclustered,0.0,new zeland bnls lamb leg,new,
SPS27832,-1,unclustered,0.0,newlyweds patty season 2024,newlyweds,
219102,-1,unclustered,0.0,no desc,no,
NSF,-1,unclustered,0.0,non-sufficient fund,non-sufficient,
24091,-1,unclustered,0.0,"noodle, broken (small)","noodle,",
740250,-1,unclustered,0.0,"northwoods 1/4"" diced ham",northwoods,
920236,-1,unclustered,0.0,nothing but beef patties box,nothing,
NSF,-1,unclustered,0.0,non-sufficient fund,non-sufficient,
10253330,-1,unclustered,0.0,"nuckle bones, upper iowa",nuckle,
207900017,-1,unclustered,0.0,"nugget breast, raw unbrd 8/5 lb",nugget,5 lb
59124240,-1,unclustered,0.0,"nuggets, breast breaded, lake liner 8/3#","nuggets,",
730442,-1,unclustered,0.0,o mayer sliced turkey/chicken sub kit,o,
84552,-1,unclustered,0.0,o teh teh tapioca boba - 6/5# 32231,o,
621215,-1,unclustered,0.0,o.mayer beef hot dog-8ct-12/15oz,o.mayer,15oz
750012,-1,unclustered,0.0,o.mayer sliced cotto salami,o.mayer,
24990,-1,unclustered,0.0,o`tasty - pork potstickers 45111,o`tasty,
24991,-1,unclustered,0.0,o`tasty pork potsticker 44606,o`tasty,
520030,-1,unclustered,0.0,ocean market pacific 3oz cod loin 10# bx,ocean,3oz
520041,-1,unclustered,0.0,ocean market pacific 4oz cod loin 10# bx,ocean,4oz
73005809,-1,unclustered,0.0,"ocean perch, 2-4oz,iqf happy s (2/5#)",ocean,4oz
73075809,-1,unclustered,0.0,"ocean perch, 4-6oz,iqf happy s (2/5#)",ocean,6oz
920290,-1,unclustered,0.0,octoberfest box,octoberfest,
620102,-1,unclustered,0.0,octoberfest p/c 3-1 bratwurst,octoberfest,
93214,-1,unclustered,0.0,oil corn 35# butcher boy,oil,
90025860,-1,unclustered,0.0,"oil fry, butcher boy (35#)",oil,
93279010,-1,unclustered,0.0,oil olive ev grk eliki 6/3 liter,oil,3 l
932216,-1,unclustered,0.0,oil olive vill pom/evo 80/20 6/3-lt,oil,
93282,-1,unclustered,0.0,oil peanut 35# pail,oil,
93300,-1,unclustered,0.0,oil veg soy 35# mikes,oil,
80296,-1,unclustered,0.0,okra bread 6/2# tasty-z,okra,
96314740,-1,unclustered,0.0,"okra cut, mambo (6x2#)",okra,
84680,-1,unclustered,0.0,oliang powder mixed *pantai* green,oliang,
942190,-1,unclustered,0.0,olympia cooked gyro pieces-10#,olympia,
710962,-1,unclustered,0.0,om oven rstd trky brst 8/9 oz; 4.5 lb,om,9 oz
10365330,-1,unclustered,0.0,"omasum tripe, beef, bf book (20#)",omasum,
10369980,-1,unclustered,0.0,"omasum tripe, beef, d & d (22#)",omasum,
10363750,-1,unclustered,0.0,"omasum tripe, beef, st. helens",omasum,
OA,-1,unclustered,0.0,on account,on,
701747,-1,unclustered,0.0,onion cebollita 42-48 ct,onion,48 ct
701749,-1,unclustered,0.0,onion cebollita 60 ct,onion,60 ct
70175012,-1,unclustered,0.0,onion granulated 5#,onion,
7017242,-1,unclustered,0.0,onion green med-2# iwd,onion,
70175010,-1,unclustered,0.0,onion ground 5#,onion,
70174012,-1,unclustered,0.0,onion red jum 25#,onion,
70174501,-1,unclustered,0.0,onion red jumbo 50#,onion,
70173129,-1,unclustered,0.0,onion rng a ding mor-z 12/2#,onion,
70179,-1,unclustered,0.0,onion rng brd 3/8 panos-z 4/2.5#,onion,
7017451,-1,unclustered,0.0,onion spanish jum 5# split,onion,
701745,-1,unclustered,0.0,onion spanish jum 50#,onion,
701750,-1,unclustered,0.0,onion white jum 50#,onion,
701746,-1,unclustered,0.0,onion yel col 50#,onion,
31600,-1,unclustered,0.0,orange 72ct/88ct/113ct,orange,72ct
70101500,-1,unclustered,0.0,orange roughy (retail) 20x12oz seamazz (,orange,12oz
70105829,-1,unclustered,0.0,"orange roughy fillet, skls sea best 12/1",orange,
50140304,-1,unclustered,0.0,oranges navel fancy 56ct,oranges,56ct
50140301,-1,unclustered,0.0,oranges navel fancy 72ct,oranges,72ct
94283,-1,unclustered,0.0,oregano dry leaf 1#,oregano,
94282,-1,unclustered,0.0,oregano dry whole bulk 5#,oregano,
85611,-1,unclustered,0.0,oregano powder bag 5#,oregano,
22080177,-1,unclustered,0.0,oregano whl me 5# bx,oregano,
620103,-1,unclustered,0.0,organic 8-1 grass fed hot dog-2/5#,organic,1 g
23009008,-1,unclustered,0.0,organic chicken breast gerber,organic,
340084,-1,unclustered,0.0,organic chix thighs,organic,
620134,-1,unclustered,0.0,organic p. bratwurst links,organic,
190103,-1,unclustered,0.0,beef patty 80/20,beef,
610103,-1,unclustered,0.0,organic p. ground chicken chub,organic,
610102,-1,unclustered,0.0,organic p. ground turkey chub,organic,
610121,-1,unclustered,0.0,organic p. pork sausage chub,organic,
620130,-1,unclustered,0.0,organic p. sliced pepperoni,organic,
620131,-1,unclustered,0.0,organic p. sliced smoked ham,organic,
620135,-1,unclustered,0.0,organic p. summer saus-garlic,organic,
620136,-1,unclustered,0.0,organic p. summer saus-jalap,organic,
620132,-1,unclustered,0.0,organic p. summer saus-orig.,organic,
620133,-1,unclustered,0.0,organic pr. grass fed hot dog,organic,
610181,-1,unclustered,0.0,organic prairie pork bacon,organic,
590604,-1,unclustered,0.0,origin iceland 4oz pollock loins-10#,origin,4oz
520195,-1,unclustered,0.0,origin iceland 4oz sandwich cut cod-10#,origin,4oz
620391,-1,unclustered,0.0,oscar mayer 5-1 all beef hot dog,oscar,
740718,-1,unclustered,0.0,oscar mayer sliced smoked ham 9/6 oz,oscar,6 oz
610162,-1,unclustered,0.0,oscar meyer turkey bacon 16/12,oscar,
912801,-1,unclustered,0.0,ostrich ground 2#,ostrich,
75356970,-1,unclustered,0.0,ostrich patties 3/1,ostrich,
912769,-1,unclustered,0.0,ostrich patties 4oz 2#,ostrich,4oz
174040,-1,unclustered,0.0,"out of round, swiss steak, ch, 4oz",out,4oz
174050,-1,unclustered,0.0,"out of round, swiss steak, ch, 5oz",out,5oz
84053,-1,unclustered,0.0,out- beansthread- vermicelli *long kou,out-,
16021050,-1,unclustered,0.0,"outside skirt 2pc, heartland (n/r)",outside,
116600002,-1,unclustered,0.0,"outside skirt, mex revuelta",outside,
152100,-1,unclustered,0.0,"outside skirt, peeled, angus, 10oz",outside,10oz
152060,-1,unclustered,0.0,"outside skirt, peeled, angus, 6oz",outside,6oz
150009,-1,unclustered,0.0,"outside skirt, peeled, irish",outside,
150015,-1,unclustered,0.0,chk wog 3.00-3.50# ppp 10hd,chk,
154015,-1,unclustered,0.0,"outside skirt, processed, (domestic ch)",outside,
150005,-1,unclustered,0.0,"outside skirt, su carne (mexican)",outside,
16023544,-1,unclustered,0.0,"outside skirts natural, ibp open prairie",outside,
16023365,-1,unclustered,0.0,"outside skirts pld, top shelf (sel)",outside,
150006,-1,unclustered,0.0,"outside skirts, case",outside,
16021214,-1,unclustered,0.0,"outside skirts, creekstone (ch)",outside,
16021002,-1,unclustered,0.0,"outside skirts, greateromaha (cangus)",outside,
16021010,-1,unclustered,0.0,"outside skirts, ibp (ungraded)",outside,
16021013,-1,unclustered,0.0,"outside skirts, ibp star ranch, (ch_angu",outside,
16021874,-1,unclustered,0.0,"outside skirts, nebraska beef (ch)",outside,
16025164,-1,unclustered,0.0,"outside skirts, true west beef (ch)",outside,
16023334,-1,unclustered,0.0,"outside skirts, upper iowa (ch)",outside,
84945,-1,unclustered,0.0,oven & grill cleaner 4/1 - yellow,oven,
96775890,-1,unclustered,0.0,"oven rstd turkey, lof delis 8/9oz (4.5#)",oven,9oz
99910522,-1,unclustered,0.0,oversea cap 10/100ct,oversea,100ct
180016,-1,unclustered,0.0,ox tails cut-up,ox,
180019,-1,unclustered,0.0,ox tails cut-up -net weight-,ox,
180022,-1,unclustered,0.0,"ox tails, whole",ox,
10429980,-1,unclustered,0.0,bf bones pipe-ccsplit 03-in-10#-z,bf,
10421050,-1,unclustered,0.0,"oxlips, afg #60","oxlips,",
10521050,-1,unclustered,0.0,"oxlips, cow, afg (30#)","oxlips,",
10421370,-1,unclustered,0.0,"oxlips, evp","oxlips,",
10423760,-1,unclustered,0.0,"oxlips, liffey","oxlips,",
10421070,-1,unclustered,0.0,"oxlips, paloduro #60","oxlips,",
10401010,-1,unclustered,0.0,"oxtails (cut) twin pack, ibp",oxtails,
10393690,-1,unclustered,0.0,"oxtails, cryo vac, aurora","oxtails,",
10391020,-1,unclustered,0.0,"oxtails, vac pack, national","oxtails,",
10393760,-1,unclustered,0.0,"oxtails, whole liffey","oxtails,",
83810,-1,unclustered,0.0,oyster sauce *kikkoman* 6/5#,oyster,
78389980,-1,unclustered,0.0,"oyster, breaded 25-35ct (retail), (5/2#)","oyster,",35ct
59055218,-1,unclustered,0.0,p,p,
81001,-1,unclustered,0.0,p & d shrimp-ocean garden i.q.f.,p,
530152,-1,unclustered,0.0,p&d 15/20ct tailon shrimp 2#bg,p&d,20ct
530152,-1,unclustered,0.0,p&d 15/20ct tailon shrimp 2#bg,p&d,20ct
315742,-1,unclustered,0.0,p. label 7 oz iqf b/s breast - 24#,p.,7 oz
314622,-1,unclustered,0.0,p. label 8 oz iqf b/s breast - 24#,p.,8 oz
410063,-1,unclustered,0.0,p.label 2oz veal cutlets-10#,p.label,2oz
750052,-1,unclustered,0.0,p.label sliced pastrami-5/2#,p.label,
620006,-1,unclustered,0.0,p.label sliced roast beef,p.label,
610018,-1,unclustered,0.0,p.label sliced smoked tky brst,p.label,
620323,-1,unclustered,0.0,p.label sliced smoked turkey breast-10#,p.label,
9058,-1,unclustered,0.0,packed for lowey foods,packed,
203801,-1,unclustered,0.0,pad stainless steel 12ct,pad,12ct
99216600,-1,unclustered,0.0,pallet spacer,pallet,
99900,-1,unclustered,0.0,"pallet wrap 18"" 80 g 1500 ft",pallet,80 g
PALLETS,-1,unclustered,0.0,pallets,pallets,
83630,-1,unclustered,0.0,palm sugar 30x500g - thailand,palm,500g
537452,-1,unclustered,0.0,panamei ckd 16/20ct p&d tail on shrimp,panamei,20ct
71007,-1,unclustered,0.0,panamei ckd large pcs 10/1#,panamei,
524369,-1,unclustered,0.0,panamei cod portions-20/1#,panamei,
71008,-1,unclustered,0.0,panamei cpud 90/110 t/off,panamei,
596369,-1,unclustered,0.0,panamei lobster meat-10/1#,panamei,
540320,-1,unclustered,0.0,panamei retail tilapia filets-20/1#,panamei,
560020,-1,unclustered,0.0,panamei swai filets-20/1#,panamei,
13441017,-1,unclustered,0.0,pancetta gratia fc 2/6.5#,pancetta,
35020000,-1,unclustered,0.0,pancetta skin off-carando,pancetta,
35020001,-1,unclustered,0.0,pancetta skin off-volpi,pancetta,
22175,-1,unclustered,0.0,pancetta volpi 2/4#,pancetta,
83380,-1,unclustered,0.0,panda oyster sauce - panda brand,panda,
96334740,-1,unclustered,0.0,"pandebono, raw, mambo (8x14.8z)","pandebono,",
50130560,-1,unclustered,0.0,papaya green,papaya,
99983210,-1,unclustered,0.0,paper 12x18 butcher,paper,
99520,-1,unclustered,0.0,paper deli 10x10-3/4 - 12/500ct,paper,500ct
99518,-1,unclustered,0.0,paper deli 15x10-3/4 - 12/500 ct,paper,500 ct
99519,-1,unclustered,0.0,paper deli 8x10-3/4 - 12/500ct,paper,500ct
99333330,-1,unclustered,0.0,paper plates,paper,
99538,-1,unclustered,0.0,paper stk peach 8x30,paper,
99526T,-1,unclustered,0.0,paper toilet jumbo 2 ply 9 jrt 402,paper,
99552,-1,unclustered,0.0,paper wax 15x15 bulk,paper,
SP0011,-1,unclustered,0.0,"paper: 5 1/2""",paper:,
SP0010,-1,unclustered,0.0,"paper: 5""",paper:,
83790,-1,unclustered,0.0,paprika dry whole (guajillo) 25#,paprika,
22080234,-1,unclustered,0.0,paprika grnd 5#,paprika,
22080236,-1,unclustered,0.0,paprika grnd 50#,paprika,
83793,-1,unclustered,0.0,paprika powder - 5# each,paprika,
527214,-1,unclustered,0.0,par-fried spicy breaded cod loins-10#,par-fried,
527213,-1,unclustered,0.0,par-fried tempura battered cod loins-10#,par-fried,
85164,-1,unclustered,0.0,paratha jumbo family,paratha,
97925,-1,unclustered,0.0,paratha original kaiser halal,paratha,
85237,-1,unclustered,0.0,parmesan cheese grated 4x5#,parmesan,
31620,-1,unclustered,0.0,parsley,parsley,
31619,-1,unclustered,0.0,parsley 60ct,parsley,60ct
50138108,-1,unclustered,0.0,parsley curly 30ct,parsley,30ct
371225,-1,unclustered,0.0,"party wings, iqf, empire kosher",party,
370004,-1,unclustered,0.0,"party wings, raw, iqf, sunland",party,
80512BK,-1,unclustered,0.0,pasta divella fettuccine 2/10#,pasta,
80512B1,-1,unclustered,0.0,pasta la molisana fettuccine 2/10#,pasta,
80590016,-1,unclustered,0.0,pasta med shells 2/10#,pasta,
80590005,-1,unclustered,0.0,pasta noodle 1/4-in 10#,pasta,
80590020,-1,unclustered,0.0,pasta orzo 10# misko,pasta,
80590012,-1,unclustered,0.0,pasta spaghetti barilla 20/1#,pasta,
150010,-1,unclustered,0.0,"pastrami flats, ckd, p.label",pastrami,
220101,-1,unclustered,0.0,pastrami mrs flat halves,pastrami,
22010V,-1,unclustered,0.0,pastrami vie navel ny dbl 30% 30#,pastrami,
91090115,-1,unclustered,0.0,pastry baklava clsc 2/36ct kro,pastry,36ct
91090119,-1,unclustered,0.0,pastry baklava kontos 2/36ct-z,pastry,36ct
13ND263,-1,unclustered,0.0,pate tem chk liver brandy 12/6-oz,pate,
13ND261,-1,unclustered,0.0,pate tem chk liver classic 12/6-oz,pate,
13ND262,-1,unclustered,0.0,pate tem chk liver truffle 12/6-oz,pate,
66004310,-1,unclustered,0.0,"patellas, turkey (kneecap), michigan 40#","patellas,",
59014240,-1,unclustered,0.0,"patties, breaded chicken lake liner 8/3#","patties,",
59019980,-1,unclustered,0.0,"patties, breast, breaded chicken (20#)","patties,",
357112,-1,unclustered,0.0,pc- jelly american flv 200 cou,pc-,
36,-1,unclustered,0.0,peach paper,peach,
85220,-1,unclustered,0.0,peaches sliced *din how* 12013,peaches,
83490,-1,unclustered,0.0,peanuts blanched - 6/5#,peanuts,
83450,-1,unclustered,0.0,peanuts blanched 10/5# (case),peanuts,
31041,-1,unclustered,0.0,pear - green <case> 12 count,pear,12 count
901610,-1,unclustered,0.0,pears in light syrup-6/#10 cans,pears,
85020,-1,unclustered,0.0,dutch farms mild cheddar minihorn 12#,dutch,
13073693,-1,unclustered,0.0,"pectoral meat, aurora (ch_angus)",pectoral,
13073390,-1,unclustered,0.0,"pectoral meat, black mountain",pectoral,
13071211,-1,unclustered,0.0,"pectoral meat, creekstone (prime)",pectoral,
31630,-1,unclustered,0.0,peeled garlic (4 jars x 5#),peeled,
34232635,-1,unclustered,0.0,peer boneless mini ham 3-4# 32674,peer,
34232655,-1,unclustered,0.0,peer boneless mini ham 6-7#,peer,
31645,-1,unclustered,0.0,pepper - habanero chili fresh 2# bg,pepper,
941204,-1,unclustered,0.0,pepper blk granulated bulk 5#,pepper,
22080178,-1,unclustered,0.0,pepper blk grnd 5# box,pepper,
22080195,-1,unclustered,0.0,pepper blk grnd 5# plastic cont,pepper,
22080222,-1,unclustered,0.0,pepper cayenne sauce,pepper,
31642,-1,unclustered,0.0,pepper chile anaheim 20#,pepper,
5014412,-1,unclustered,0.0,pepper chile guajillo n/stem per 5#,pepper,
50152,-1,unclustered,0.0,pepper chile morita 5#,pepper,
31680,-1,unclustered,0.0,pepper chili poblano,pepper,
501555,-1,unclustered,0.0,pepper habanero orange 8#,pepper,
50140,-1,unclustered,0.0,imitation breaded scallops,imitation,
50146,-1,unclustered,0.0,pepper hispanic serrano 35#,pepper,
50677S,-1,unclustered,0.0,pepper jal nacho sl 6/#10 dsl.,pepper,
506773,-1,unclustered,0.0,pepper jalape o vin whl 6/#10 lac,pepper,10 l
50677W,-1,unclustered,0.0,pepper jalape o vin whl 6/#10 sm,pepper,
501385,-1,unclustered,0.0,pepper jalapeno green 5# split,pepper,
84150,-1,unclustered,0.0,pepper pulla dry 25#,pepper,
40171010,-1,unclustered,0.0,pepper red crushed 4#,pepper,
90526012,-1,unclustered,0.0,pepper sport mild 4/1 gal,pepper,1 g
90527,-1,unclustered,0.0,pepperoncini 4/1 gal,pepperoncini,1 g
90527465,-1,unclustered,0.0,pepperoncini pail 25#,pepperoncini,
38782500,-1,unclustered,0.0,"pepperoni sandwich 3""",pepperoni,
22198,-1,unclustered,0.0,chorizo oaxaca 20/1#,chorizo,
38146235,-1,unclustered,0.0,pepperoni sliced margarita 12.5 # bag,pepperoni,
38782501,-1,unclustered,0.0,pepperoni stickfor pizza,pepperoni,
81209980,-1,unclustered,0.0,"pepperoni, beef cooked halal (2/5#)","pepperoni,",
78282829,-1,unclustered,0.0,"perch fillet, skin/on sea best (12/1#)",perch,
78284360,-1,unclustered,0.0,"perch, fil 4oz, ivp rtl panamei 20/1#","perch,",4oz
360705,-1,unclustered,0.0,perdue 34705 whole chickens,perdue,
320808,-1,unclustered,0.0,perdue 86808 tray chicken drumsticks,perdue,
390423,-1,unclustered,0.0,perdue breaded ckn nugget 8/24oz - 83423,perdue,24oz
23147745,-1,unclustered,0.0,perdue ckd steamed party wings,perdue,
390471,-1,unclustered,0.0,perdue crispy ckn strips 8/26oz - 83471,perdue,26oz
22610800,-1,unclustered,0.0,perdue fully cooked 8 pc dinner-15 lb.cs,perdue,15 lb
390269,-1,unclustered,0.0,perdue ground chicken-2# trays,perdue,
610009,-1,unclustered,0.0,perdue turkey sausage links,perdue,
610010,-1,unclustered,0.0,perdue turkey sausage patties,perdue,
211022,-1,unclustered,0.0,perdue whole leg,perdue,
398411,-1,unclustered,0.0,pheasant bnls skin on breast-8-10oz,pheasant,10oz
76127842,-1,unclustered,0.0,pheasant breast b/out,pheasant,
389354,-1,unclustered,0.0,pheasant leg quarters,pheasant,
76111000,-1,unclustered,0.0,pheasant mature whole,pheasant,
451034,-1,unclustered,0.0,pheasant sausage w/brandy-5-1,pheasant,
76127841,-1,unclustered,0.0,pheasant thigh boneless,pheasant,
19250,-1,unclustered,0.0,pheasant whl-z 3.50# 7 ct avg,pheasant,7 ct
350354,-1,unclustered,0.0,"pheasant, 2-2.5# average","pheasant,",
20489,-1,unclustered,0.0,philly cheese chicken brat 3/1 r953,philly,
18030762,-1,unclustered,0.0,philly quaker(12-9oz),philly,9oz
170861,-1,unclustered,0.0,chk-ff-z sp br bs ran# 8/3##,chk-ff-z,
PICKUP,-1,unclustered,0.0,pick up product,pick,
PICKUP,-1,unclustered,0.0,pick up product,pick,
31004000,-1,unclustered,0.0,picnic ham skin on,picnic,
48041530,-1,unclustered,0.0,"picnic shanks,(hocks) pork tri-eagle",picnic,
47042010,-1,unclustered,0.0,"picnics bone in pork, morris/dekalb",picnics,
47041150,-1,unclustered,0.0,"picnics bone in vp, pork, seaboard",picnics,
190930,-1,unclustered,0.0,pierre 3oz ckd beef patty-10#,pierre,3oz
190540,-1,unclustered,0.0,pierre 4oz cooked beef patties-10#,pierre,4oz
900046,-1,unclustered,0.0,pierre rtc country fried steak,pierre,
280023,-1,unclustered,0.0,pig ears,pig,
39900130,-1,unclustered,0.0,pig head,pig,
280001,-1,unclustered,0.0,pig heads,pig,
20400,-1,unclustered,0.0,pig split,pig,
39000305,-1,unclustered,0.0,pig tails,pig,
20402,-1,unclustered,0.0,pig whole small bbq 20/30lb 1 piece,pig,30lb
280018,-1,unclustered,0.0,pigs feet cut up,pigs,
280017,-1,unclustered,0.0,"pigs feet, 40#",pigs,
31660,-1,unclustered,0.0,pineapple (7ct),pineapple,7ct
50120142,-1,unclustered,0.0,pineapple chunk dole 12/20oz,pineapple,20oz
83500,-1,unclustered,0.0,pineapple chunks 6/5,pineapple,
83501,-1,unclustered,0.0,pineapple juice (jugo) 12/46 oz*,pineapple,46 oz
50120157,-1,unclustered,0.0,pineapple sl 6/#10*,pineapple,
50120156,-1,unclustered,0.0,pineapple sl dole 6/#10,pineapple,
20486,-1,unclustered,0.0,"pineapple teriyaki brat 7"" rpc495",pineapple,
96531249,-1,unclustered,0.0,pineapple upsidedown chudleigh,pineapple,
50120132,-1,unclustered,0.0,pineapple whl 7ct,pineapple,7ct
84950,-1,unclustered,0.0,pink detergent (tub) - super pink,pink,
84944,-1,unclustered,0.0,pink hand soap - 4/1 gal,pink,1 g
420180,-1,unclustered,0.0,pinn oak 8oz lamb t-bone chop,pinn,8oz
420010,-1,unclustered,0.0,lamb shoulder boneless,lamb,
84050,-1,unclustered,0.0,pinto beans triple cleaned 50#/bag,pinto,
90907,-1,unclustered,0.0,"pita greek olympia 12/10pc 7"" halal",pita,
501572,-1,unclustered,0.0,pitaya 20#,pitaya,
SP105496,-1,unclustered,0.0,"pizza 4x6"" 96 pcs -cheese t",pizza,
SP105396,-1,unclustered,0.0,"pizza 4x6"" 96 pcs sausage!",pizza,
SP105696,-1,unclustered,0.0,"pizza 4x6"" 96pcs - pepperoni",pizza,
9524009,-1,unclustered,0.0,pizza crust thin-z 30/14,pizza,
9524008,-1,unclustered,0.0,pizza crust-z 20/16,pizza,
290019,-1,unclustered,0.0,pizza meat ground 10# bag,pizza,
47264,-1,unclustered,0.0,pizza pattie breaded 40/4oz,pizza,4oz
SP1052,-1,unclustered,0.0,pizza puff,pizza,
70242,-1,unclustered,0.0,pizza puff el greg beef hal 48/6 oz,pizza,6 oz
70240,-1,unclustered,0.0,61/70 shell on-10/4# maximus sea,61/70,
7024014,-1,unclustered,0.0,pizza puff iltaco brkfst s&c 48/6oz,pizza,6oz
70248,-1,unclustered,0.0,pizza puff iltaco original 48/6 oz,pizza,6 oz
10271050,-1,unclustered,0.0,"pizzle steer, beef, afg #30",pizzle,
10271080,-1,unclustered,0.0,"pizzle steer, beef, liffey",pizzle,
21851,-1,unclustered,0.0,pk bellies skinless sheet rib swift,pk,
21863,-1,unclustered,0.0,pk skinless belly sheet half **,pk,
99990002,-1,unclustered,0.0,placeholder 2,placeholder,
99990003,-1,unclustered,0.0,placeholder 3,placeholder,
99990001,-1,unclustered,0.0,cold storage/overwrite description,cold,
31101,-1,unclustered,0.0,plantain,plantain,
86910,-1,unclustered,0.0,plastic - fh 5187 -24oz 1comp,plastic,24oz
84120,-1,unclustered,0.0,plastic - knife <cuchillo>,plastic,
87000,-1,unclustered,0.0,plastic 1-comp 8x6 mc6330b,plastic,
87010,-1,unclustered,0.0,plastic 2-comp 8x6 pl-288 b,plastic,
87180,-1,unclustered,0.0,plastic black round - v 716 16oz,plastic,16oz
87181,-1,unclustered,0.0,"plastic cont 6"" round black hc-ro16",plastic,
87230,-1,unclustered,0.0,plastic container hs-24 round,plastic,
84100,-1,unclustered,0.0,plastic fork 1000 pc [tenedores],plastic,
84101,-1,unclustered,0.0,plastic forks 600pc,plastic,
87290,-1,unclustered,0.0,plastic round combo hs-32 black,plastic,
84140,-1,unclustered,0.0,plastic soup spoon (cuchara),plastic,
84102,-1,unclustered,0.0,plastic soup spoons - 600 pcs,plastic,
88781,-1,unclustered,0.0,plastic white container kk 78-30,plastic,
87525,-1,unclustered,0.0,plastic- fh 525 sushi container 6x9,plastic-,
99529,-1,unclustered,0.0,plates foam 9-in 4/125 ct 9prwcr,plates,125 ct
COLLECT,-1,unclustered,0.0,please pick up check,please,
91200,-1,unclustered,0.0,plum blossom shaped dumpling (e-12),plum,
83530,-1,unclustered,0.0,plum in brine *koon chun* glass btl,plum,
PO,-1,unclustered,0.0,po # -,po,
96715620,-1,unclustered,0.0,"polish bb hearty sge,butterball,12/12 oz",polish,12 oz
97875895,-1,unclustered,0.0,polish lumberjack saus8/1.5lb)roger wood,polish,1.5lb
SP709,-1,unclustered,0.0,polish sausage - beef leons,polish,
94425070,-1,unclustered,0.0,"polish sausage 5-1, f/c, ogden f. 12/1#",polish,
97715830,-1,unclustered,0.0,"polish sausage rope, motor city (2 lbs)",polish,2 lb
97625880,-1,unclustered,0.0,"polish sausage, scott pete (12/20z)",polish,
97484780,-1,unclustered,0.0,polks ham steaks,polks,
97485780,-1,unclustered,0.0,polks red hot link saus(6-2lb),polks,2lb
97495780,-1,unclustered,0.0,polksbrown hot link saus(6-2lb),polksbrown,2lb
78915829,-1,unclustered,0.0,"pollock fillet, snls sea best (12/1#)",pollock,
78329989,-1,unclustered,0.0,"pollock salted - bacalao, buena ven 20/1",pollock,
78324369,-1,unclustered,0.0,"pollock, fil slt bnls, panamei (20/1#)","pollock,",
78624369,-1,unclustered,0.0,"pollock, fil slt bnls, panamei (48/12oz)","pollock,",12oz
78724369,-1,unclustered,0.0,"pollock, fil slt bnls, panamei (5/4#)","pollock,",
78801649,-1,unclustered,0.0,"pollock, sltd 16-20"", bone/in large (50)","pollock,",
78811649,-1,unclustered,0.0,"pollock, sltd 21"" +, bone/in jumbo (50#)","pollock,",
78821649,-1,unclustered,0.0,"pollock, sltd, boneless wood large (40#)","pollock,",
96675620,-1,unclustered,0.0,"polska sge fully ckd,16/13z,butterb(13#)",polska,
38,-1,unclustered,0.0,poly sleaves,poly,
24770,-1,unclustered,0.0,pork & veg. gyoza 4/2# *cj*,pork,
20026,-1,unclustered,0.0,pork al pastor meat marinated 2x5lb,pork,5lb
46089980,-1,unclustered,0.0,butt boston bone in combo pork,butt,
46089990,-1,unclustered,0.0,"butt bone in, moesle (70#)",butt,
20101,-1,unclustered,0.0,pork b/i loin center cut seaboard,pork,
20103,-1,unclustered,0.0,pork b/i loin strap on smithfield,pork,
20071,-1,unclustered,0.0,pork b/i shoulder butts - smithfield,pork,
20070,-1,unclustered,0.0,pork b/i shoulder butts frozen,pork,
20075,-1,unclustered,0.0,pork b/i shoulder butts n/off smithfield,pork,
SP2302,-1,unclustered,0.0,pork baby back ribs 2 dn*,pork,
1317877,-1,unclustered,0.0,pork back rib 2up# smf 30#-z,pork,
1355704,-1,unclustered,0.0,pork back rib com 2d #702 ivp 12p,pork,
13170206,-1,unclustered,0.0,pork back rib crk 2.50+ #18141-z,pork,
250149,-1,unclustered,0.0,"pork back rib half cov, seaboard",pork,
1316410,-1,unclustered,0.0,pork back rib hml 2.00- #2 30#-z,pork,
13170997,-1,unclustered,0.0,pork back rib ind vp19919 #2 unp r,pork,
13170994,-1,unclustered,0.0,pork back rib ind vp19919 #2 unp-z,pork,
131466,-1,unclustered,0.0,pork back rib ind-2.25-2.5 unp913-z,pork,
13140I,-1,unclustered,0.0,pork back rib ind-2.5-2.75 unp952-z,pork,
13142,-1,unclustered,0.0,pork back rib wic 1.25- 33# r,pork,
13176,-1,unclustered,0.0,pork back rib wic 2.00- le-z,pork,
13170172,-1,unclustered,0.0,pork back rib wic miscuts 30#-z,pork,
13172,-1,unclustered,0.0,pork back rib wic portions4-6# 30#,pork,
250350,-1,unclustered,0.0,"pork back rib xtra meaty, smithfield",pork,
24450,-1,unclustered,0.0,pork backfat skin on sioux preme 50#,pork,
20271,-1,unclustered,0.0,pork backfat skinless altosano,pork,
37190103,-1,unclustered,0.0,pork bacon canadian,pork,
37080202,-1,unclustered,0.0,pork bacon ends and pieces,pork,
21127,-1,unclustered,0.0,pork bellies skin-on 10/14 - seaboard,pork,
21870,-1,unclustered,0.0,pork bellies skin-on ~spring hill~,pork,
21864,-1,unclustered,0.0,pork bellies skinless - *poland*,pork,
21247,-1,unclustered,0.0,pork bellies skinless seaboard 12/13,pork,
21800,-1,unclustered,0.0,pork bellies skinless seaboard 9/11,pork,
21861,-1,unclustered,0.0,pork bellies skinless ~swift~ 45615,pork,
21715,-1,unclustered,0.0,pork bellies skinls sheet seaboard,pork,
230001,-1,unclustered,0.0,pork belly fresh rind off,pork,
230003,-1,unclustered,0.0,pork belly fresh rind on,pork,
22230,-1,unclustered,0.0,pork belly skin no 12d *supreme*,pork,
21820,-1,unclustered,0.0,pork belly skin on #2 - sioux preme,pork,
21880,-1,unclustered,0.0,pork belly skin on *spring hill*,pork,
21840,-1,unclustered,0.0,pork belly skin on +swift+,pork,
35213904,-1,unclustered,0.0,"pork belly skin on cut 1/2""",pork,
35213903,-1,unclustered,0.0,pork belly skin on cut 3pc,pork,
21830,-1,unclustered,0.0,pork belly skin-on - costa brava,pork,
21832,-1,unclustered,0.0,pork belly skin-on - patel,pork,
21211,-1,unclustered,0.0,dearborn natural casing frank 8-1 #7039,dearborn,
1305456,-1,unclustered,0.0,pork belly skin-on com 6/4.6# 45610,pork,
43001190,-1,unclustered,0.0,belli skin on combo pork,belli,
130515,-1,unclustered,0.0,pork belly skin-on ibp ivp 3/12#,pork,
21831,-1,unclustered,0.0,pork belly skin-on sheet rib*swift*,pork,
13050782,-1,unclustered,0.0,pork belly skin-on spx,pork,
43009990,-1,unclustered,0.0,"belli skin on trimmed, pork, moesle",belli,
130504,-1,unclustered,0.0,pork belly skin-on wic,pork,
230005,-1,unclustered,0.0,pork belly skinless,pork,
21860,-1,unclustered,0.0,pork belly skinless - keken,pork,
21850,-1,unclustered,0.0,pork belly skinless japanese style,pork,
21862,-1,unclustered,0.0,pork belly skinless sheet *seaboard,pork,
22232,-1,unclustered,0.0,pork belly skins 50# kruse,pork,
22248,-1,unclustered,0.0,pork belly skins 60# moesle,pork,
43019990,-1,unclustered,0.0,"belli skinless trimmed, pork, moesle",belli,
13050120,-1,unclustered,0.0,pork belly skls com sqc 45796 2/1p,pork,
13050568,-1,unclustered,0.0,pork belly skls com sqc cut1/3rd 6p,pork,
43011190,-1,unclustered,0.0,"belli skinless, combo pork",belli,
130502PE,-1,unclustered,0.0,pork belly skls ~m fed 4ct,pork,4ct
230007,-1,unclustered,0.0,"pork belly slice rind on, 1.5""x3mm",pork,
43021190,-1,unclustered,0.0,"belli rib, skin on, combo pork",belli,
13050188,-1,unclustered,0.0,pork belly sng/rib skls ind26313,pork,
13050189,-1,unclustered,0.0,pork belly sng/rib skls peo,pork,
230002,-1,unclustered,0.0,"pork belly sous vide, hillshire",pork,
39000390,-1,unclustered,0.0,pork belly trimmings,pork,
35220002,-1,unclustered,0.0,pork belly w/ribmeat b/out s/off kurobut,pork,
130508,-1,unclustered,0.0,pork belly-z skin-on wic,pork,
13050127,-1,unclustered,0.0,pork belly-z skin-on-rib-on com 3p,pork,
13050568,-1,unclustered,0.0,pork belly skls com sqc cut1/3rd 6p,pork,
13088704,-1,unclustered,0.0,pork belly-z sng/rib skls com 45703,pork,
13050189,-1,unclustered,0.0,pork belly sng/rib skls peo,pork,
48009990,-1,unclustered,0.0,"blade meat (poly), pork moesle (35#)",blade,
83711,-1,unclustered,0.0,pork blood,pork,
104311,-1,unclustered,0.0,pork blood-z ~m 4/1-gal,pork,
20105,-1,unclustered,0.0,pork bnls loin strap on smithfield,pork,
20238,-1,unclustered,0.0,pork bone femur split <127120> cw,pork,
290248,-1,unclustered,0.0,"pork bone rack, sakura, 10",pork,
20081,-1,unclustered,0.0,pork boneless butt - smithfield,pork,
13230,-1,unclustered,0.0,pork bones back gp,pork,
40181960,-1,unclustered,0.0,"bones edible, pork (10# bag)",bones,
13209,-1,unclustered,0.0,pork bones femur cut *__-z 22#,pork,
40189960,-1,unclustered,0.0,"bones inedible combo, pork",bones,
280200,-1,unclustered,0.0,"pork bones neck, 20#bx",pork,
20343,-1,unclustered,0.0,pork brains,pork,
20344,-1,unclustered,0.0,pork brains tub 12/1#,pork,
10427A,-1,unclustered,0.0,pork brains-z ind 12/1#,pork,
1042710,-1,unclustered,0.0,pork brains-z ipp,pork,
1042779,-1,unclustered,0.0,pork brains-z ~market 30#,pork,
SP218,-1,unclustered,0.0,pork breaded fritter 3.2 oz,pork,3.2 oz
SP2181,-1,unclustered,0.0,pork breaded steak 85/pc 4oz,pork,4oz
20570,-1,unclustered,0.0,pork brisket bone ibp rib tips,pork,
SP221,-1,unclustered,0.0,pork brt loin,pork,
132217,-1,unclustered,0.0,pork bung-z 30#,pork,
20630,-1,unclustered,0.0,pork bungs inverted 22#,pork,
46099990,-1,unclustered,0.0,"butt boneless, (poly), moesle",butt,
260109,-1,unclustered,0.0,pork butt bi-creekstone,pork,
31002000,-1,unclustered,0.0,pork butt bone in 8 pc /cs 2 per pkg.,pork,
260009,-1,unclustered,0.0,"pork butt boned & defat, gw",pork,
260002,-1,unclustered,0.0,"pork butt boned & defat, net weight",pork,
124578,-1,unclustered,0.0,pork butt boneless pinned-2x,pork,
260007,-1,unclustered,0.0,"pork butt boneless, gwt",pork,
260003,-1,unclustered,0.0,"pork butt boneless, net weight",pork,
20051,-1,unclustered,0.0,pork butt ct seaboard,pork,
260011,-1,unclustered,0.0,"pork butt sliced bone-in, 1/4",pork,
260004,-1,unclustered,0.0,"pork butt trim, cellar",pork,
260006,-1,unclustered,0.0,"pork butt, 4-8#",pork,
260008,-1,unclustered,0.0,"pork butt, 60#ave cs lot",pork,
260005,-1,unclustered,0.0,"pork butt, heritage berkshire",pork,
20053,-1,unclustered,0.0,pork c.t. butts boneless seaboard,pork,
34500009,-1,unclustered,0.0,pork canned ham 5# 6/5#,pork,
39000030,-1,unclustered,0.0,pork casings-32-35mm pre flushed,pork,
39000040,-1,unclustered,0.0,pork caul fat,pork,
39000050,-1,unclustered,0.0,pork cheek meat fresh,pork,
13220,-1,unclustered,0.0,pork cheek meat ~market 10#,pork,
132995,-1,unclustered,0.0,pork cheek meat-z com42995 2/5#,pork,
40269980,-1,unclustered,0.0,pork chicharron prensado,pork,
21114,-1,unclustered,0.0,pork chitterlings,pork,
13216C,-1,unclustered,0.0,pork chitterlings-z,pork,
1321621,-1,unclustered,0.0,pork chitterlings-z 6/10#,pork,
13329045,-1,unclustered,0.0,pork chop bi phse 00s,pork,
13334099,-1,unclustered,0.0,pork chop bi rib cc10s 10#,pork,
9120944,-1,unclustered,0.0,pork chop bi rib frc,pork,
9120922,-1,unclustered,0.0,pork chop bi rib frc duroc,pork,
13329010,-1,unclustered,0.0,pork chop bicc 1.0-in ee 10#,pork,
133278,-1,unclustered,0.0,pork chop bicc00s frc toma,pork,
1332878,-1,unclustered,0.0,pork chop bicc08s 10# 16/2pc-vp,pork,
13327,-1,unclustered,0.0,pork chop bicc10s frc ivp,pork,
13328048,-1,unclustered,0.0,pork chop bicc12s duroc ivp-u,pork,
13328046,-1,unclustered,0.0,pork chop bicc14s duroc ivp10p,pork,
1332920,-1,unclustered,0.0,pork chop bnl cc08s ivp 20ct 10#,pork,20ct
33716001,-1,unclustered,0.0,"pork chop bone in 3/4""",pork,
33721215,-1,unclustered,0.0,pork chop bone out 16 oz,pork,16 oz
240040,-1,unclustered,0.0,"pork chop boneless butterfly, 4oz",pork,4oz
240063,-1,unclustered,0.0,"pork chop boneless butterfly, 6oz",pork,6oz
240083,-1,unclustered,0.0,"pork chop boneless butterfly, 8oz",pork,8oz
207900016,-1,unclustered,0.0,pork chop boneless fzn,pork,
240069,-1,unclustered,0.0,"pork chop boneless w/pocket, 6oz",pork,6oz
240681,-1,unclustered,0.0,"pork chop boneless, o. prairie, 2pc",pork,
240104,-1,unclustered,0.0,"pork chop cc w/pocket, 10oz",pork,10oz
240074,-1,unclustered,0.0,"pork chop cc w/pocket, 7oz",pork,7oz
SP213,-1,unclustered,0.0,pork chop end to end 5 oz,pork,5 oz
240008,-1,unclustered,0.0,"pork chop frenched, kurobuta",pork,
240056,-1,unclustered,0.0,"pork chop from whole loi, 5oz",pork,5oz
240087,-1,unclustered,0.0,"pork chop from whole loi, 8oz",pork,8oz
240078,-1,unclustered,0.0,"pork chop loin chn/off, 7oz",pork,7oz
13329049,-1,unclustered,0.0,pork chop-z bi phse com 14s,pork,
13329047,-1,unclustered,0.0,pork chop-z bi phse com 16s,pork,
13334016,-1,unclustered,0.0,pork chop-z bi ribeye12s com,pork,
1302614,-1,unclustered,0.0,pork chop-z bnl 08s com-fmc 2/8#-vp,pork,
1364335,-1,unclustered,0.0,pork chop-z-da com ribeye10s 16p,pork,
13066100,-1,unclustered,0.0,pork chop-z-da com ribeye12s 14p,pork,
1363955,-1,unclustered,0.0,pork chop-z-da com-phse 12s 14p,pork,
290200,-1,unclustered,0.0,"pork chops bnls, thomas, 14/2oz",pork,2oz
240100,-1,unclustered,0.0,"pork chops cc, 10oz",pork,10oz
292200,-1,unclustered,0.0,"pork chops ribeye, thomas",pork,
13212101,-1,unclustered,0.0,pork ckd leaf lard-z 30# andy,pork,
39101000,-1,unclustered,0.0,pork collar boneless,pork,
21000,-1,unclustered,0.0,pork cushion meat - frozen,pork,
39000355,-1,unclustered,0.0,pork cushion meat 95% lean,pork,
290236,-1,unclustered,0.0,pork cushions,pork,
SP219,-1,unclustered,0.0,pork diced,pork,
31030002,-1,unclustered,0.0,pork diced 1-1/2 x 1-1/cvp 10lb,pork,10lb
13208202,-1,unclustered,0.0,pork diced-z fmc 10#,pork,
20240,-1,unclustered,0.0,pork ears //ibp// 22.1# raw+edible,pork,
20241,-1,unclustered,0.0,pork ears seaboard,pork,
13208689,-1,unclustered,0.0,pork ears ~market 30#,pork,
132097,-1,unclustered,0.0,pork ears-z com42997 4/5#,pork,
39009000,-1,unclustered,0.0,pork espinasos no skin,pork,
33040005,-1,unclustered,0.0,pork fahita,pork,
290902,-1,unclustered,0.0,pork fat,pork,
39000070,-1,unclustered,0.0,pork fat back,pork,
1321211,-1,unclustered,0.0,pork fat back skin-off inside-z peo,pork,
13212A,-1,unclustered,0.0,pork fat back skin-off ~m,pork,
13212897,-1,unclustered,0.0,pork fat back skin-off-z com 5/5#,pork,
1321210,-1,unclustered,0.0,pork fat back skin-off-z peo,pork,
1321993,-1,unclustered,0.0,pork fat caul-z com42993 10#,pork,
132131,-1,unclustered,0.0,pork fat caul-z ~market 10#,pork,
13214,-1,unclustered,0.0,pork fat ground ~market 25#,pork,
13212,-1,unclustered,0.0,pork fat leaf lard-z com 42989 2/5#,pork,
39000080,-1,unclustered,0.0,pork feet,pork,
40079990,-1,unclustered,0.0,"feet front, moesle (40#)",feet,
132081,-1,unclustered,0.0,pork feet front -z com skn-on 30#,pork,
13208884,-1,unclustered,0.0,pork feet front -z ibp,pork,
13208,-1,unclustered,0.0,pork feet front -z ind 30# 14002,pork,
13208886,-1,unclustered,0.0,pork feet front -z pip,pork,
13208887,-1,unclustered,0.0,pork feet front -z sea,pork,
13208CU,-1,unclustered,0.0,pork feet front -z-cut4-way 30#,pork,
40071190,-1,unclustered,0.0,"front feet, combo pork",front,
1320814,-1,unclustered,0.0,pork feet front >cut,pork,
13208124,-1,unclustered,0.0,pork feet front long-licones *_,pork,
13208885,-1,unclustered,0.0,pork feet front peo,pork,
132085,-1,unclustered,0.0,pork feet hind-z ind 03802,pork,
39000081,-1,unclustered,0.0,pork feet salted,pork,
39000090,-1,unclustered,0.0,pork feet smoked,pork,
39000129,-1,unclustered,0.0,pork for al pastor,pork,
920245,-1,unclustered,0.0,pork for days,pork,
39000126,-1,unclustered,0.0,"pork for for kabob 1 1/4"" x 1 1/4""",pork,
39000110,-1,unclustered,0.0,pork for stewing,pork,
39000120,-1,unclustered,0.0,pork for tacos al pastor,pork,
39000125,-1,unclustered,0.0,"pork for tacos diced 1/4"" x 1/4""",pork,
20461,-1,unclustered,0.0,pork fries 10#,pork,
20250,-1,unclustered,0.0,pork front feet ibp/seaboard,pork,
20251,-1,unclustered,0.0,pork front feet keken,pork,
1320311,-1,unclustered,0.0,pork grnd -z ami fine 10#,pork,
13202661,-1,unclustered,0.0,pork grnd -z com coarse78% 661 4/5#,pork,
1320211,-1,unclustered,0.0,pork grnd -z com fine78% 72045 4/5#,pork,
132114,-1,unclustered,0.0,pork grnd -z far fine 10#,pork,
13200G,-1,unclustered,0.0,pork grnd -z fmc fine 10#-vp,pork,
132031,-1,unclustered,0.0,pork grnd fmc coarse 10#-vp,pork,
13201P,-1,unclustered,0.0,pork grnd fmc fine 5#-vp,pork,
1234567,-1,unclustered,0.0,pork grnd fmc-shld-course 10#-vp,pork,
1234567,-1,unclustered,0.0,pork grnd fmc-shld-course 10#-vp,pork,
SP225,-1,unclustered,0.0,pork ground,pork,
290099,-1,unclustered,0.0,"pork ground 60/40 coarse, 2/10#",pork,
38119000,-1,unclustered,0.0,pork ground 80/20,pork,
36200000,-1,unclustered,0.0,pork ground coarse,pork,
38122000,-1,unclustered,0.0,pork ground fine 80/20,pork,
36123000,-1,unclustered,0.0,pork ground fine 80/20-10#cvp,pork,
36111000,-1,unclustered,0.0,pork ground fine 90% lean,pork,
38121000,-1,unclustered,0.0,pork ground fine fresh,pork,
38121003,-1,unclustered,0.0,pork ground fine patties 3/1,pork,
290231,-1,unclustered,0.0,"pork ground lean, 5# bag",pork,
290505,-1,unclustered,0.0,"pork ground, 50/50",pork,
290805,-1,unclustered,0.0,"pork ground, organic prairie, 8/1#",pork,
34202710,-1,unclustered,0.0,pork ham -3x3,pork,
34116510,-1,unclustered,0.0,pork ham -tavern superior farms,pork,
41102430,-1,unclustered,0.0,ham bone in skin-off,ham,
41159980,-1,unclustered,0.0,"ham skin-off, 23/27# combo pork",ham,
41113570,-1,unclustered,0.0,"ham skin-on, 23/27# pork combo ibp",ham,
130032,-1,unclustered,0.0,pork ham bi skn-on peo 1p,pork,
13003P,-1,unclustered,0.0,pork ham bi skn-on ~m fed 4-pc,pork,
1300310,-1,unclustered,0.0,pork ham bi skn-on ~m sta 4-pc,pork,
1300390,-1,unclustered,0.0,pork ham bi skn-on-400# barrel,pork,
13003,-1,unclustered,0.0,pork ham bi skn-on-handle-on ~m,pork,
13009,-1,unclustered,0.0,pork ham bi-skl ~market 4-pc,pork,
41219980,-1,unclustered,0.0,"ham boneless, bulk combo pork",ham,
41211110,-1,unclustered,0.0,ham boneless (poly) boxed moesle,ham,
41109980,-1,unclustered,0.0,ham boneless skin-on,ham,
1301310,-1,unclustered,0.0,pork ham bnl s/on-combo ind,pork,
130062,-1,unclustered,0.0,pork ham bnl skl ~m sta,pork,
13006D,-1,unclustered,0.0,pork ham bnl skn-on peo,pork,
130060,-1,unclustered,0.0,pork ham bnl skn-on pp,pork,
13004104,-1,unclustered,0.0,pork ham bnl-tip/knuckl 10# fm,pork,
13004103,-1,unclustered,0.0,pork ham bnl-tip/knuckl 10#-z peo,pork,
34202504,-1,unclustered,0.0,pork ham boiled 4x6,pork,
34214354,-1,unclustered,0.0,pork ham bone in hoffmiester,pork,
34123654,-1,unclustered,0.0,pork ham boneless applewood smoked,pork,
34302600,-1,unclustered,0.0,pork ham boneless natural fall,pork,
40189990,-1,unclustered,0.0,"ham bones, pork moesle",ham,
34314079,-1,unclustered,0.0,pork ham bonless mickelberry,pork,
34875807,-1,unclustered,0.0,pork ham buffet,pork,
34116509,-1,unclustered,0.0,pork ham buffet off the bone,pork,
34457200,-1,unclustered,0.0,pork ham hock 4#,pork,
34405300,-1,unclustered,0.0,pork ham hocks 2lb. each,pork,2lb
34672208,-1,unclustered,0.0,pork ham honey cured smoked,pork,
34751240,-1,unclustered,0.0,pork ham insides cap on,pork,
34350000,-1,unclustered,0.0,pork ham insides cap-off,pork,
34391509,-1,unclustered,0.0,pork ham krakus,pork,
34400009,-1,unclustered,0.0,pork ham leg cap muscle,pork,
34890100,-1,unclustered,0.0,pork ham log for slicing,pork,
34955507,-1,unclustered,0.0,pork ham master carve,pork,
34260807,-1,unclustered,0.0,pork ham mini boneless 3/4 lb. ea.,pork,4 lb
34676565,-1,unclustered,0.0,pork ham natural -2/6# cs,pork,
34868904,-1,unclustered,0.0,pork ham pit,pork,
34864107,-1,unclustered,0.0,pork ham pit-2/cs,pork,
34310167,-1,unclustered,0.0,pork ham portion 6 pc,pork,
34900033,-1,unclustered,0.0,pork ham portions 3x3,pork,
41149980,-1,unclustered,0.0,"ham skin-on, (boxed)",ham,
34455500,-1,unclustered,0.0,pork ham serrano,pork,
13136985,-1,unclustered,0.0,pork ham shank s/on french,pork,
13136983,-1,unclustered,0.0,pork ham shank s/on ~m,pork,
13135777,-1,unclustered,0.0,pork ham shank s/on-osso*,pork,
13136984,-1,unclustered,0.0,pork ham shank skl french,pork,
34457819,-1,unclustered,0.0,pork ham smoked honey fully cooked,pork,
34160009,-1,unclustered,0.0,pork ham spiral whole,pork,
34924889,-1,unclustered,0.0,pork ham steak bone in 5oz,pork,5oz
34924888,-1,unclustered,0.0,pork ham steak sugardale,pork,
34200009,-1,unclustered,0.0,pork ham tavern superior,pork,
40149980,-1,unclustered,0.0,"ham skin, w/fat cuero de pierna",ham,
34410108,-1,unclustered,0.0,pork ham whole mickleberry,pork,
34750030,-1,unclustered,0.0,pork hams boneless natural fall,pork,
20420,-1,unclustered,0.0,pork heads 3pc,pork,
20281,-1,unclustered,0.0,pork heart 10#,pork,
20280,-1,unclustered,0.0,pork heart 60#,pork,
19100001,-1,unclustered,0.0,pork hearts,pork,
132103,-1,unclustered,0.0,pork hearts-z jasp 10#,pork,
13209I,-1,unclustered,0.0,pork hearts-z ~m 25#,pork,
34405911,-1,unclustered,0.0,"pork hock 1 1/2"" thick",pork,
220160,-1,unclustered,0.0,pork hock 8-16oz cs lot,pork,16oz
34405910,-1,unclustered,0.0,pork hock with foot whole,pork,
220160,-1,unclustered,0.0,pork hock 8-16oz cs lot,pork,16oz
41271530,-1,unclustered,0.0,pork hocks cut,pork,
SP252,-1,unclustered,0.0,pork hocks fresh,pork,
41279990,-1,unclustered,0.0,"pork hocks s/off, cut, moesle",pork,
13136998,-1,unclustered,0.0,pork hocks shldr ind13502 30#,pork,
13136998,-1,unclustered,0.0,pork hocks shldr ind13502 30#,pork,
13138,-1,unclustered,0.0,pork hocks shldr-z peo,pork,
20261,-1,unclustered,0.0,pork hocks skin-on //ibp// fzn,pork,
41272010,-1,unclustered,0.0,"pork hocks, dekalb/morris",pork,
41274160,-1,unclustered,0.0,"pork hocks, peoria",pork,
41273350,-1,unclustered,0.0,"pork hocks, pork swift (30#)",pork,
41271920,-1,unclustered,0.0,"pork hocks, prestage",pork,
41279980,-1,unclustered,0.0,"pork hocks, skin off",pork,
292258,-1,unclustered,0.0,pork iberico secreto,pork,
20530,-1,unclustered,0.0,pork inverted rectums *ibp*,pork,
39000970,-1,unclustered,0.0,pork jowl,pork,
139282,-1,unclustered,0.0,pork jowls skl ~m 30#,pork,
21141,-1,unclustered,0.0,pork jowls smoked 30#,pork,
13945628,-1,unclustered,0.0,pork jowls-z skl com45628 6/6#,pork,
31020000,-1,unclustered,0.0,pork julienne strips frz,pork,
39000140,-1,unclustered,0.0,pork kc wings,pork,
20310,-1,unclustered,0.0,pork kidney *ibp*,pork,
20669,-1,unclustered,0.0,pork kidney 10#,pork,
132101,-1,unclustered,0.0,pork kidney-z com 2/5#,pork,
13209K,-1,unclustered,0.0,pork kidney-z ~m 25#,pork,
34935610,-1,unclustered,0.0,pork knuckles,pork,
20490,-1,unclustered,0.0,pork lard 50# butcher boy,pork,
34000000,-1,unclustered,0.0,pork legs bnls ham,pork,
39000112,-1,unclustered,0.0,pork liver 1.5 # pack cvp,pork,
13216P,-1,unclustered,0.0,pork liver ~market,pork,
1325,-1,unclustered,0.0,pork liver-z com 10#,pork,
13219P,-1,unclustered,0.0,pork liver-z peo,pork,
20510,-1,unclustered,0.0,pork livers ibp 60#,pork,
33010200,-1,unclustered,0.0,pork loin 14/dwn,pork,
33018222,-1,unclustered,0.0,pork loin 18-22---- chine off,pork,
33018220,-1,unclustered,0.0,pork loin 18-22----15502,pork,
33018221,-1,unclustered,0.0,pork loin 18/22,pork,
33030000,-1,unclustered,0.0,pork loin b/out strap/on,pork,
1305682,-1,unclustered,0.0,pork loin bi m1/4t ran,pork,
13056045,-1,unclustered,0.0,pork loin bi m>??00,pork,
13056066,-1,unclustered,0.0,pork loin bi m>cbo-gw,pork,
13076,-1,unclustered,0.0,pork loin bi- rib-belly ~mrkt,pork,
130769,-1,unclustered,0.0,pork loin bi- skin-on,pork,
13066S1,-1,unclustered,0.0,pork loin bi-cc s/on *__,pork,
13066067,-1,unclustered,0.0,pork loin bi-cc to 10r ami-40275,pork,
13066458,-1,unclustered,0.0,pork loin bi-cc->ee00 iwp gw,pork,
1306619,-1,unclustered,0.0,pork loin bi-cc-cr 11r-lb-com-son,pork,
13069044,-1,unclustered,0.0,pork loin bi-cc-cr-da 11r com r,pork,
13184,-1,unclustered,0.0,pork loin bnl ca ami41220 5-9 8p,pork,
13073,-1,unclustered,0.0,pork loin bnl cc-str-on iow 6/9.5#,pork,
13083797,-1,unclustered,0.0,pork loin bnl cc-str/off ran,pork,
13188,-1,unclustered,0.0,pork loin bnl s/off ami,pork,
13084212,-1,unclustered,0.0,pork loin bnl strip str/off com,pork,
1307291,-1,unclustered,0.0,pork loin bnl w/belly s/on,pork,
1307290,-1,unclustered,0.0,pork loin bnl w/belly skl,pork,
13191,-1,unclustered,0.0,pork loin bnl whl s/on,pork,
1333207,-1,unclustered,0.0,pork loin bnl-cube cc04 10#,pork,
1333205,-1,unclustered,0.0,pork loin bnl-cube cc05 10#,pork,
1333206,-1,unclustered,0.0,pork loin bnl-cube cc06 10#,pork,
1333209,-1,unclustered,0.0,pork loin bnl-cube cc07 10#,pork,
20104,-1,unclustered,0.0,pork loin bnls (strap-off) //ibp//,pork,
SP223,-1,unclustered,0.0,pork loin bnls cc strap on*,pork,
20106,-1,unclustered,0.0,pork loin bnls center cut st-on seaboard,pork,
240750,-1,unclustered,0.0,"pork loin bone in, 75#ave, 14/17# cs lot",pork,
21112,-1,unclustered,0.0,pork loin bone-in center cut smithfield,pork,
20115,-1,unclustered,0.0,pork loin bone-in frozen,pork,
33040000,-1,unclustered,0.0,pork loin boneless strap off,pork,
240032,-1,unclustered,0.0,"pork loin boneless, canadian s",pork,
240007,-1,unclustered,0.0,boneless pork loin-canadian s,boneless,
240002,-1,unclustered,0.0,"pork loin bonesless, canadian s",pork,
33110000,-1,unclustered,0.0,pork loin cc b/in tender/in,pork,
240109,-1,unclustered,0.0,"pork loin cc bnls, case lot-creekstone",pork,
240012,-1,unclustered,0.0,"pork loin cc boneless, sakura",pork,
33158000,-1,unclustered,0.0,pork loin cc t/i 8oz,pork,8oz
240003,-1,unclustered,0.0,"pork loin cc, case lot",pork,
240103,-1,unclustered,0.0,"pork loin cc, case lot-creekstone",pork,
240004,-1,unclustered,0.0,"pork loin cc, cut up",pork,
33410001,-1,unclustered,0.0,pork loin chine off-t/out b/in prime ber,pork,
33018201,-1,unclustered,0.0,"pork loin chop 1"" end to end",pork,
33701650,-1,unclustered,0.0,pork loin chop 12oz,pork,12oz
33170140,-1,unclustered,0.0,pork loin chop 14oz,pork,14oz
33018234,-1,unclustered,0.0,"pork loin chop 3/4"" end to end",pork,
33021000,-1,unclustered,0.0,pork loin chop b/out 10 oz,pork,10 oz
33028000,-1,unclustered,0.0,pork loin chop b/out 8oz,pork,8oz
33028500,-1,unclustered,0.0,pork loin chop b/out 8oz with pocking fo,pork,8oz
33716650,-1,unclustered,0.0,"pork loin chop bone in 1/2""",pork,
33990002,-1,unclustered,0.0,pork loin chop bone in c/c,pork,
33726010,-1,unclustered,0.0,pork loin chop boneless c/c6 pc- 6oz cvp,pork,6oz
33721200,-1,unclustered,0.0,pork loin chop cc 12oz bnls,pork,12oz
33960000,-1,unclustered,0.0,pork loin chop end to end frozen,pork,
33726252,-1,unclustered,0.0,pork loin chops boneless 12 oz,pork,12 oz
33726250,-1,unclustered,0.0,"pork loin chops boneless cut 1/4"" thick",pork,
240009,-1,unclustered,0.0,pork loin crown roast,pork,
240171,-1,unclustered,0.0,"pork loin cut up, 14/17#",pork,
33210000,-1,unclustered,0.0,pork loin end cut b/in,pork,
13017,-1,unclustered,0.0,pork loin end sirl bnl ami-4116 4ct,pork,4ct
1355726,-1,unclustered,0.0,pork loin end sirl bnl com45726 40#,pork,
1301801,-1,unclustered,0.0,pork loin end sirl bnl ibp f4763aw,pork,
13011,-1,unclustered,0.0,pork loin end sirl-bi ami-41100,pork,
33320000,-1,unclustered,0.0,pork loin end to end b/out,pork,
13017971,-1,unclustered,0.0,pork loin end-rib bnl gp,pork,
1301200,-1,unclustered,0.0,pork loin end-rib-bi ami-40100,pork,
240006,-1,unclustered,0.0,pork loin frenched,pork,
240147,-1,unclustered,0.0,"pork loin meat type, 14-17#",pork,
1305010,-1,unclustered,0.0,pork loin mid-sec-bnl * mkt,pork,
13012098,-1,unclustered,0.0,pork loin mid-sec-bnl *__,pork,
240005,-1,unclustered,0.0,"pork loin p/c, dan prize",pork,
20002,-1,unclustered,0.0,pork loin rib chops 2 lb. ea.,pork,2 lb
250300,-1,unclustered,0.0,"pork loin rib pcs, 30#cs",pork,
250145,-1,unclustered,0.0,"pork loin rib skinless, 1.75-1.5",pork,
250225,-1,unclustered,0.0,"pork loin rib, 2.25# & up",pork,
250227,-1,unclustered,0.0,"pork loin rib, 2.25-1.75",pork,
250120,-1,unclustered,0.0,"pork loin ribs, 1.5-2.5",pork,
250175,-1,unclustered,0.0,"pork loin ribs, 1.75-1.5",pork,
240095,-1,unclustered,0.0,pork loin roast ranch cooked,pork,
21113,-1,unclustered,0.0,pork loin smoked bone-in,pork,
21116,-1,unclustered,0.0,pork loin smoked boneless 1/2 pc loins,pork,
21115,-1,unclustered,0.0,pork loin smoked boneless 2pc case,pork,
39909000,-1,unclustered,0.0,pork loin sow trimmings frozen,pork,
39510527,-1,unclustered,0.0,pork loin tenderloin 1-1/2 dn frzn,pork,
30082000,-1,unclustered,0.0,pork loin tenderloin medallion 2oz,pork,2oz
33083000,-1,unclustered,0.0,pork loin tenderloin medallion 3oz,pork,3oz
33084000,-1,unclustered,0.0,pork loin tenderloin medallion 4oz,pork,4oz
240001,-1,unclustered,0.0,"pork loin top bone-in, heritage berk",pork,
240017,-1,unclustered,0.0,"pork loin, frozen s-off, swift 1/3rd cut",pork,
13073A,-1,unclustered,0.0,pork loin-z bnl brt ami,pork,
13084212,-1,unclustered,0.0,pork loin bnl strip str/off com,pork,
1301058,-1,unclustered,0.0,pork loin-z bnl str-on 6p,pork,
130813,-1,unclustered,0.0,pork loin-z bnl str-on ibp,pork,
130812,-1,unclustered,0.0,pork loin-z bnl str-on smf,pork,
1301806,-1,unclustered,0.0,pork loin-z end sirl bnl prm,pork,
13011786,-1,unclustered,0.0,pork loin-z end sirl-bi amity,pork,
1301250,-1,unclustered,0.0,pork loin end-rib bnl ind18335,pork,
33027500,-1,unclustered,0.0,pork loins brt b/out,pork,
240026,-1,unclustered,0.0,"pork loins frozen cc boneless, 1/2 cut",pork,
33026500,-1,unclustered,0.0,pork loins smoked boneless,pork,
39000190,-1,unclustered,0.0,pork osso bucco 16oz s/off,pork,16oz
39000933,-1,unclustered,0.0,pork osso bucco shank 6/3.3# average,pork,
39000200,-1,unclustered,0.0,pork pate,pork,
39000210,-1,unclustered,0.0,pork pectoral muscles boneless,pork,
31003000,-1,unclustered,0.0,pork picnic bone in skin on,pork,
20190,-1,unclustered,0.0,pork picnic bone- in ss //ibp//,pork,
34751220,-1,unclustered,0.0,"pork picnic ham sliced 1 1/4""",pork,
270002,-1,unclustered,0.0,pork picnic shank bone-in,pork,
270001,-1,unclustered,0.0,pork picnic trim boneless,pork,
39000130,-1,unclustered,0.0,pork pig head,pork,
SP2412,-1,unclustered,0.0,pork pigs feet - split,pork,
290208,-1,unclustered,0.0,"pork porhs style bi cc, 20/8oz",pork,8oz
34664021,-1,unclustered,0.0,pork prosciutto boneless,pork,
34200010,-1,unclustered,0.0,pork prosciutto carando,pork,
SP10055,-1,unclustered,0.0,pork pulled - raw,pork,
SP10052,-1,unclustered,0.0,pork pulled - smoked 32lb/cs,pork,32lb
39630716,-1,unclustered,0.0,pork pulled cooked -5 lb tub,pork,5 lb
132096,-1,unclustered,0.0,pork pulled w/sauce 2/5# -z,pork,
20815,-1,unclustered,0.0,pork rib baby back honey bbq,pork,
250255,-1,unclustered,0.0,pork rib baby back slab,pork,
33010000,-1,unclustered,0.0,pork rib bellies b/in,pork,
35213905,-1,unclustered,0.0,pork rib belly s/on bone in cubes,pork,
32710014,-1,unclustered,0.0,pork rib chop bone in,pork,
250101,-1,unclustered,0.0,"pork rib chop cc, 10oz",pork,10oz
32113160,-1,unclustered,0.0,"pork rib chop single bone 1-3"" 16oz fren",pork,16oz
250560,-1,unclustered,0.0,"pork rib country style boneless, 5-6z",pork,
250051,-1,unclustered,0.0,"pork rib country style, 5oz",pork,5oz
250006,-1,unclustered,0.0,pork rib end boneless,pork,
32300000,-1,unclustered,0.0,pork rib ends b/out amity,pork,
32440000,-1,unclustered,0.0,pork rib loin b/intender out f-off,pork,
32410000,-1,unclustered,0.0,pork rib loin rack 10 bones frenched,pork,
33120950,-1,unclustered,0.0,pork rib loin rack 10-bone,pork,
33110951,-1,unclustered,0.0,pork rib loin rack cc b/in 10 bone,pork,
32430000,-1,unclustered,0.0,pork rib loin rack frenched chine off,pork,
32330009,-1,unclustered,0.0,pork rib loin racks 10 bones frenched,pork,
32330010,-1,unclustered,0.0,pork rib loin racks frenched chine off,pork,
250022,-1,unclustered,0.0,"pork rib peeled, amity, 2#dn",pork,
207900042,-1,unclustered,0.0,pork rib shape patties 60ct,pork,60ct
32200201,-1,unclustered,0.0,pork rib st louis 2-1/2-3 pld-,pork,
32200200,-1,unclustered,0.0,pork rib st louis 2-down,pork,
32200202,-1,unclustered,0.0,pork rib st louis 3--3/1/2 pld-,pork,
250330,-1,unclustered,0.0,"pork rib st louis, premium, iowa",pork,
32850000,-1,unclustered,0.0,pork rib tips amity,pork,
32860000,-1,unclustered,0.0,pork rib tips smoked,pork,
32870000,-1,unclustered,0.0,pork rib tips wide,pork,
32790030,-1,unclustered,0.0,pork rib z-15lb cs,pork,15lb
250007,-1,unclustered,0.0,"pork rib, prime, kurobuta",pork,
20460,-1,unclustered,0.0,pork riblets 10# - ibp,pork,
13190AM,-1,unclustered,0.0,pork riblets ami 40050 30# r,pork,
32500002,-1,unclustered,0.0,pork riblets amity,pork,
32500000,-1,unclustered,0.0,pork riblets bnls fresh,pork,
13192AM,-1,unclustered,0.0,pork riblets-z ami 40050 30#,pork,
20600,-1,unclustered,0.0,pork ribs st. louis style ibp,pork,
45079980,-1,unclustered,0.0,pork ribtips brskbone comb,pork,
290227,-1,unclustered,0.0,"pork roast ckd, hillshire",pork,
39000220,-1,unclustered,0.0,pork salt back fat,pork,
39000230,-1,unclustered,0.0,pork salt belly,pork,
620123,-1,unclustered,0.0,"pork saus link, webster, 16-1 (10#)",pork,
620129,-1,unclustered,0.0,"pork saus link, webster, 16-1 (5#)",pork,
620104,-1,unclustered,0.0,pork saus patty 5-1 10# bx,pork,
86690,-1,unclustered,0.0,pork sausage (breakfast) seasoning,pork,
620540,-1,unclustered,0.0,pork sausage breakfast links,pork,
920218,-1,unclustered,0.0,pork sausage breakfast pattie,pork,
620541,-1,unclustered,0.0,pork sausage breakfast patty,pork,
38746840,-1,unclustered,0.0,pork sausage hot link smoked 5-1,pork,
38146990,-1,unclustered,0.0,pork sausage jalapino chedder 3/1,pork,
SP2616,-1,unclustered,0.0,pork sausage links - fc,pork,
207900026,-1,unclustered,0.0,"pork sausage patties 1.25z, j. dean 15#",pork,
38746931,-1,unclustered,0.0,pork sausage smoked fc 4-1,pork,
39000240,-1,unclustered,0.0,pork scribe bones,pork,
220180,-1,unclustered,0.0,"pork shank canadian, 18-24oz",pork,24oz
220335,-1,unclustered,0.0,"pork shank special, 3-3.5#ave",pork,
220320,-1,unclustered,0.0,"pork shank, 32oz & up",pork,32oz
220816,-1,unclustered,0.0,"pork shank, 8-16oz pc",pork,16oz
220609,-1,unclustered,0.0,"pork shank, compart duroc volcano",pork,
21829,-1,unclustered,0.0,pork sheet belly skin on - aurora,pork,
290237,-1,unclustered,0.0,"pork shishkabob, 3/1, 5pc/skewer",pork,
13039I3,-1,unclustered,0.0,pork shl but bi ind-moesle,pork,
1303912,-1,unclustered,0.0,pork shl but bi->cut?,pork,
13038,-1,unclustered,0.0,pork shl but bi-skn-on ~market,pork,
1303924,-1,unclustered,0.0,pork shl but bnl com-ret-18/3.8#,pork,
13001191,-1,unclustered,0.0,pork shl but bnl hat 3p,pork,
13034,-1,unclustered,0.0,pork shl but bnl ibp,pork,
1304586,-1,unclustered,0.0,pork shl but bnl->cts g/w,pork,
25864085,-1,unclustered,0.0,pork shl but bnl->cut cube,pork,
130358,-1,unclustered,0.0,pork shl but bnl->sl3/8-in apolis,pork,
135612,-1,unclustered,0.0,pork shl but collar com-45612 **-z,pork,
1355693,-1,unclustered,0.0,pork shl but collar com-45693 8/4#,pork,
46109990,-1,unclustered,0.0,"butt ct #1 (poly), moesle (70#)",butt,
1304100,-1,unclustered,0.0,pork shl but ct *__,pork,
46119990,-1,unclustered,0.0,"butt ct (b) (poly), moesle (35#)",butt,
1304115,-1,unclustered,0.0,pork shl but ct ind,pork,
13025012,-1,unclustered,0.0,pork shl cushion meat *__,pork,
13025015,-1,unclustered,0.0,pork shl cushion meat ibp,pork,
13025014,-1,unclustered,0.0,pork shl cushion meat peo,pork,
13025,-1,unclustered,0.0,pork shl picnic cushion-in,pork,
91245630,-1,unclustered,0.0,pork shl-blade-secreto-z com 2/5#,pork,
9120911,-1,unclustered,0.0,pork shl-blade-secreto-z com-dryage,pork,
250013,-1,unclustered,0.0,"pork short ribs, sakura duroc",pork,
31020140,-1,unclustered,0.0,"pork shoulder butt bone in 1/4""",pork,
31021120,-1,unclustered,0.0,pork shoulder butt bone in sliced 8oz,pork,8oz
31001014,-1,unclustered,0.0,pork shoulder butt bone in steak,pork,
33714660,-1,unclustered,0.0,"pork shoulder butt bone in steak 3""",pork,
31001012,-1,unclustered,0.0,pork shoulder butt boneless steak,pork,
31001001,-1,unclustered,0.0,pork shoulder butt boneless xt,pork,
31002090,-1,unclustered,0.0,pork shoulder butts bone in,pork,
31011000,-1,unclustered,0.0,pork shoulder butts smoked,pork,
31010000,-1,unclustered,0.0,pork shoulder ct butts,pork,
34400295,-1,unclustered,0.0,pork shoulder hocks,pork,
290035,-1,unclustered,0.0,"pork shoulder pcnc cushion, 3/5/14oz",pork,14oz
20000,-1,unclustered,0.0,pork shoulder picnic cushion frozen,pork,
SP222,-1,unclustered,0.0,pork shoulder/butt bnls*,pork,
20001,-1,unclustered,0.0,pork shoulderpicnic cushion - smithfield,pork,
20000,-1,unclustered,0.0,pork shoulder picnic cushion frozen,pork,
20074,-1,unclustered,0.0,pork shoulders skin-on 16/20,pork,
39630715,-1,unclustered,0.0,pork shredded cooked for carnitas,pork,
39630718,-1,unclustered,0.0,pork shredded w/ bbq sauce 4 boxes/bag -,pork,
240133,-1,unclustered,0.0,pork sirloin bnls-creekstone,pork,
20112,-1,unclustered,0.0,pork sirloin roast b/i - smithfield,pork,
86334,-1,unclustered,0.0,pork sirloin roast boneless - seaboard,pork,
20110,-1,unclustered,0.0,pork sirloin roast boneless ibp frzn,pork,
40159990,-1,unclustered,0.0,pork skin (machine),pork,
13208774,-1,unclustered,0.0,pork skin w/ fat ~m 40-50#,pork,
13208775,-1,unclustered,0.0,pork skin ~m 30#,pork,
22220,-1,unclustered,0.0,pork skins *swift* onlly,pork,
22249,-1,unclustered,0.0,pork skins - cuero -mex-,pork,
22247,-1,unclustered,0.0,pork skins 60# avg -indiana-,pork,
22246,-1,unclustered,0.0,pork skins 70# //ibp// 70#,pork,
21521,-1,unclustered,0.0,pork skins seaboard 30#,pork,
20511,-1,unclustered,0.0,pork small intestines (kowi),pork,
132019,-1,unclustered,0.0,pork snout-z smf 60#,pork,
20330,-1,unclustered,0.0,pork snouts 60#,pork,
39000271,-1,unclustered,0.0,pork snouts pack 2 lb. v/p,pork,2 lb
45039990,-1,unclustered,0.0,pork spare rib 10#,pork,
45019980,-1,unclustered,0.0,pork spare rib 2000#,pork,
45019990,-1,unclustered,0.0,pork spare rib 30#,pork,
250503,-1,unclustered,0.0,"pork spare rib cut up, 3dn 50#b",pork,
1317910,-1,unclustered,0.0,pork spare rib fmc med 1.0-in 30#bg,pork,
13177C,-1,unclustered,0.0,pork spare rib fmc med 2.0-in 30#bg,pork,
1317712,-1,unclustered,0.0,pork spare rib ibp med,pork,
13177IN,-1,unclustered,0.0,pork spare rib ind med-20504,pork,
13177185,-1,unclustered,0.0,pork spare rib ind-lgt 3.5-dwn-z,pork,
250040,-1,unclustered,0.0,"pork spare rib make, 4dn",pork,
250015,-1,unclustered,0.0,"pork spare rib medium, seaboard",pork,
13123024,-1,unclustered,0.0,pork spare rib-stl com45695 4/3p,pork,
13129,-1,unclustered,0.0,pork spare rib-stl wic-pld 2.50#,pork,
SP282,-1,unclustered,0.0,pork spare ribs ~30#*,pork,
1317712,-1,unclustered,0.0,pork spare rib ibp med,pork,
131771,-1,unclustered,0.0,pork spare-z rib sbf med 3-5 41322,pork,
20140,-1,unclustered,0.0,pork sparerib light,pork,
20168,-1,unclustered,0.0,pork spareribs - smithfield,pork,
32200490,-1,unclustered,0.0,pork spareribs 4.9 down 20009,pork,
32200300,-1,unclustered,0.0,pork spareribs 5/up,pork,
20166,-1,unclustered,0.0,pork spareribs ibp/seaboard small/lgt,pork,
45031250,-1,unclustered,0.0,"pork spareribs medium, cut",pork,
SP865,-1,unclustered,0.0,pork st. louis ribs 2 1/2 dn*,pork,
13208255,-1,unclustered,0.0,pork stew 1# ivp1,pork,
39000280,-1,unclustered,0.0,pork stew 1/2 x 1/2 in.,pork,
290100,-1,unclustered,0.0,"pork stew cut, 1 10# bag",pork,
290238,-1,unclustered,0.0,"pork stew cut, 1/2 in, 10# bag",pork,
13208206,-1,unclustered,0.0,pork stew meat-z eli 2/5#,pork,
290239,-1,unclustered,0.0,"pork stir fry, 2/10#",pork,
39000290,-1,unclustered,0.0,pork stomach,pork,
20300,-1,unclustered,0.0,pork stomachs scalded 30# ibp/seaboard,pork,
290110,-1,unclustered,0.0,"pork strip 1/2""+5 from loin, 2/5#a",pork,
290240,-1,unclustered,0.0,pork strip stgnf random raw,pork,
290202,-1,unclustered,0.0,"pork strips, thomas",pork,
290241,-1,unclustered,0.0,"pork suey, 10# bag",pork,
39000300,-1,unclustered,0.0,pork sweet meats smoked,pork,
20340,-1,unclustered,0.0,pork tails ibp,pork,
13217A12,-1,unclustered,0.0,pork tails peo,pork,
20341,-1,unclustered,0.0,pork tails seaboard 30#,pork,
39000310,-1,unclustered,0.0,pork tails smoked,pork,
1321711,-1,unclustered,0.0,pork tails-z ind-04002 30#,pork,
13217A12,-1,unclustered,0.0,pork tails peo,pork,
22250,-1,unclustered,0.0,pork tender pellets (fat w/skin),pork,
290201,-1,unclustered,0.0,"pork tender, thomas, 5oz",pork,5oz
20107,-1,unclustered,0.0,pork tenderloin 14#,pork,
33080010,-1,unclustered,0.0,pork tenderloin bone in,pork,
240016,-1,unclustered,0.0,"pork tenderloin boneless, aldi",pork,
33080007,-1,unclustered,0.0,pork tenderloin fresh vac pac,pork,
240015,-1,unclustered,0.0,"pork tenderloin fresh, 1.5dn",pork,
240115,-1,unclustered,0.0,"pork tenderloin fresh, creekstone",pork,
33080000,-1,unclustered,0.0,pork tenderloin fresh-vp,pork,
240014,-1,unclustered,0.0,pork tenderloin swift frozen,pork,
SP226,-1,unclustered,0.0,pork tenderloin*,pork,
240013,-1,unclustered,0.0,creekstone b-in pork loin case lot,creekstone,
240019,-1,unclustered,0.0,"pork tenderloins fresh, 1.5dn",pork,
13117,-1,unclustered,0.0,pork tndrloin ami- 41520 vp 6/2/1#,pork,
13155740,-1,unclustered,0.0,pork tndrloin com-45740 10/1p,pork,
1311768,-1,unclustered,0.0,pork tndrloin com-medalion 45768,pork,
1311908,-1,unclustered,0.0,pork tndrloin fmc 12/1#-rs,pork,
13117014,-1,unclustered,0.0,pork tndrloin-z com-45716 5/2p,pork,
250014,-1,unclustered,0.0,"pork tomahawk rack, sakura",pork,
20290,-1,unclustered,0.0,pork tongue,pork,
132192,-1,unclustered,0.0,pork tongues ref ~m 30#,pork,
13218,-1,unclustered,0.0,pork tongues-z ind unsc 40#-z,pork,
39000360,-1,unclustered,0.0,pork trim finely textured,pork,
39000335,-1,unclustered,0.0,pork trim picnic 15%,pork,
20011,-1,unclustered,0.0,pork trim spring hill frozen,pork,
48059980,-1,unclustered,0.0,pork trimming 72% comb,pork,
1325730,-1,unclustered,0.0,pork trimming com 72% 3/20#,pork,
39000370,-1,unclustered,0.0,pork trimmings,pork,
39000380,-1,unclustered,0.0,pork trotters,pork,
20320,-1,unclustered,0.0,pork uteri //ibp// fzn 30# avg,pork,
130003,-1,unclustered,0.0,pork whl suckling piglet 15-20#,pork,
130003,-1,unclustered,0.0,pork whl suckling piglet 15-20#,pork,
13000S,-1,unclustered,0.0,pork whl suckling piglet 30-50#,pork,
13000S,-1,unclustered,0.0,pork whl suckling piglet 30-50#,pork,
290229,-1,unclustered,0.0,"pork wings bi, kc wild wings",pork,
47072080,-1,unclustered,0.0,"pork,shoulder, b/in, s/on, whole, dekalb","pork,shoulder,",
13208S,-1,unclustered,0.0,pork-salted belly amv 15/1#,pork-salted,
130501,-1,unclustered,0.0,pork-salted belly bel 10570 35#,pork-salted,
132100,-1,unclustered,0.0,pork-salted belly smf 24/12-oz ret,pork-salted,
13208B,-1,unclustered,0.0,pork-salted feet bel frnt 50#,pork-salted,
13172012,-1,unclustered,0.0,pork-smk back rib peer46592 24ct,pork-smk,24ct
13208003,-1,unclustered,0.0,pork-smk jowls ash-z 30#,pork-smk,
13208002,-1,unclustered,0.0,pork-smk jowls bel-z 30#,pork-smk,
13212S,-1,unclustered,0.0,pork-smk jowls mar-3602 rough 40#-z,pork-smk,
1333788,-1,unclustered,0.0,pork-smk jowls mar-3603-hvl 2#-vp-z,pork-smk,
13148,-1,unclustered,0.0,pork-smk loin bi cc bel 2/17#-10469,pork-smk,
13149,-1,unclustered,0.0,pork-smk loin bi cc nea 2/15#,pork-smk,
1333798,-1,unclustered,0.0,pork-smk loin bi cc web 3/14#,pork-smk,
1333792,-1,unclustered,0.0,pork-smk loin bi cc ~m,pork-smk,
13010577,-1,unclustered,0.0,pork-smk loin bi chop 05-oz 10#,pork-smk,
13010578,-1,unclustered,0.0,pork-smk loin bi chop 06-oz 10#,pork-smk,
13015PC1,-1,unclustered,0.0,pork-smk loin bi chop ee.50 10#,pork-smk,
13015PC,-1,unclustered,0.0,pork-smk loin bi chop ee.50 fml 15#,pork-smk,
133378A,-1,unclustered,0.0,pork-smk loin bi chop ee.75 45#,pork-smk,
13334789,-1,unclustered,0.0,pork-smk loin bi chop ee.75 fml 15#,pork-smk,
13210SB,-1,unclustered,0.0,pork-smk neck bones bel 30#,pork-smk,
13192999,-1,unclustered,0.0,pork-smk ribtips brskbone bel,pork-smk,
13045A,-1,unclustered,0.0,pork-smk shl but and 5/3#,pork-smk,
13045D,-1,unclustered,0.0,pork-smk shl but daisy 5/2.4#,pork-smk,
13044,-1,unclustered,0.0,pork-smk shl but peer-45300 10/4#,pork-smk,
13044,-1,unclustered,0.0,pork-smk shl but peer-45300 10/4#,pork-smk,
1303011,-1,unclustered,0.0,pork-smk shl but-z thm 10/2.5#,pork-smk,
13051,-1,unclustered,0.0,pork-smk skin *__ 40#,pork-smk,
132171,-1,unclustered,0.0,pork-smk tails *__ 30#,pork-smk,
1321710,-1,unclustered,0.0,pork-smk tails bel 30#,pork-smk,
22019019,-1,unclustered,0.0,pork.bbqpat fc 3.75-oz 00774 15#,pork.bbqpat,
74148,-1,unclustered,0.0,pork.stk brd 4-1 sup-360 10#,pork.stk,
74150,-1,unclustered,0.0,pork.stk frit 2-1 sup-637-z 8#,pork.stk,
74149,-1,unclustered,0.0,pork.stk frit 3-1 sup-635-z 10#,pork.stk,
74153,-1,unclustered,0.0,pork.stk strip-z al pastor 10#,pork.stk,
31541,-1,unclustered,0.0,portabella mushroom 5#,portabella,
822020,-1,unclustered,0.0,porterhouse cab 20oz,porterhouse,20oz
143204,-1,unclustered,0.0,"porterhouse steak, ch, 20oz",porterhouse,20oz
143240,-1,unclustered,0.0,"porterhouse steak, ch, 24oz",porterhouse,24oz
143280,-1,unclustered,0.0,"porterhouse steak, ch, 28oz",porterhouse,28oz
143320,-1,unclustered,0.0,"porterhouse steak, ch, 32oz",porterhouse,32oz
144299,-1,unclustered,0.0,"porterhouse, dry age, ch, 24oz","porterhouse,",24oz
144163,-1,unclustered,0.0,"porterhouse, spec trim, ch, 16oz","porterhouse,",16oz
144202,-1,unclustered,0.0,"porterhouse, spec trim, ch, 20oz","porterhouse,",20oz
144240,-1,unclustered,0.0,"porterhouse, spec trim, ch, 24oz","porterhouse,",24oz
144320,-1,unclustered,0.0,"porterhouse, spec trim, ch, 32oz","porterhouse,",32oz
144204,-1,unclustered,0.0,"porterhouse, vein free, ch, 20oz","porterhouse,",20oz
84940,-1,unclustered,0.0,pot & pan cleaner *168*,pot,
190130,-1,unclustered,0.0,"pot roast, boyles, 3pc/cs",pot,
908053,-1,unclustered,0.0,potato cheddar bacon tots,potato,
83390,-1,unclustered,0.0,potato starch - 20kg/44#,potato,
90009016,-1,unclustered,0.0,potatoes-russet 100 ct/keep refrigerated,potatoes-russet,100 ct
90271131,-1,unclustered,0.0,powder soy toasted 20/40,powder,
84450,-1,unclustered,0.0,pp straw 19.7 - 5.6 green vesta gloval,pp,5.6 g
32500003,-1,unclustered,0.0,pr--,pr--,
190163,-1,unclustered,0.0,precooked burger patty-116/3oz,precooked,3oz
20306,-1,unclustered,0.0,precooked pork stomach buche,precooked,
620028,-1,unclustered,0.0,precooked turkey breast-frozen,precooked,
971118598,-1,unclustered,0.0,premium ham9-8oz)plumrose,premium,8oz
971119598,-1,unclustered,0.0,premium hny ham9-8oz)plumrose,premium,8oz
712820,-1,unclustered,0.0,premium sliced turkey ham-28/20oz,premium,20oz
24050,-1,unclustered,0.0,prepared lo mein noodles-goldenbowl,prepared,
96537379,-1,unclustered,0.0,pretzels 13b/cs,pretzels,
10000000,-1,unclustered,0.0,price is on full cases...less than +.25,price,
12,-1,unclustered,0.0,"prices "" subject to change",prices,
99911,-1,unclustered,0.0,pricing matrix product,pricing,
5013062,-1,unclustered,0.0,prickly pear (red),prickly,
161027,-1,unclustered,0.0,prime 16oz frenched ribeye steak,prime,16oz
161024,-1,unclustered,0.0,prime 24oz frenched ribeye steak,prime,24oz
141021,-1,unclustered,0.0,prime beef butt tenders,prime,
190096,-1,unclustered,0.0,prime beef patty 8oz 80/20,prime,8oz
141009,-1,unclustered,0.0,prime bone in filet spec.size,prime,
920228,-1,unclustered,0.0,prime time burger,prime,
171171,-1,unclustered,0.0,prime top round-17-20#caselo,prime,
141019,-1,unclustered,0.0,prime tritips fat on,prime,
410064,-1,unclustered,0.0,prime veal breast w/ pocket,prime,
410067,-1,unclustered,0.0,prime veal eye of round,prime,
410068,-1,unclustered,0.0,prime veal leg,prime,
410069,-1,unclustered,0.0,prime veal steak inside only 1.5oz,prime,1.5oz
999998,-1,unclustered,0.0,pritzlaff 50# box bundle,pritzlaff,
310846,-1,unclustered,0.0,"chicken breast trim, pritzlaff",chicken,
53151,-1,unclustered,0.0,pritzlaff pallet for delivery,pritzlaff,
620020,-1,unclustered,0.0,private label sliced turkey breast,private,
86130,-1,unclustered,0.0,produce bags 11x19 - ldpe 4 rolls/cs,produce,
240067,-1,unclustered,0.0,"prok chop frenched, 6oz",prok,6oz
240011,-1,unclustered,0.0,"prok loin rollbratten, riverside",prok,
2223121,-1,unclustered,0.0,prosciutto volp-z bnl 70515,prosciutto,
754116,-1,unclustered,0.0,provolone cheese-sliced,provolone,
85165,-1,unclustered,0.0,provolone slice,provolone,
97666,-1,unclustered,0.0,puff pastery chicken kaiser halal,puff,
59032730,-1,unclustered,0.0,pulled chicken - original bbq (6 x 16oz),pulled,16oz
390222,-1,unclustered,0.0,"pulled chicken thighs, ckd, danâ€™s",pulled,
390015,-1,unclustered,0.0,"pulled chicken, white meat, tyson",pulled,
392001,-1,unclustered,0.0,"pulled duck meat, maple leaf",pulled,
293030,-1,unclustered,0.0,"pulled pork ckd, advance, yellow label",pulled,
97002730,-1,unclustered,0.0,pulled pork rib - original bbq (6 x 16oz,pulled,16oz
291372,-1,unclustered,0.0,"pulled pork smoked, daily choice, 4/5#",pulled,
128703,-1,unclustered,0.0,pure angus grass fed chuck roll,pure,
138724,-1,unclustered,0.0,pure angus grass fed flank steak,pure,
188368,-1,unclustered,0.0,pure angus grass fed tri tip,pure,
A6,-1,unclustered,0.0,q,q,
10200,-1,unclustered,0.0,quail - 6/6pc,quail,
10201,-1,unclustered,0.0,quail - 6/6pc halal,quail,
77533360,-1,unclustered,0.0,quail airline breast (s),quail,
10202,-1,unclustered,0.0,quail eggs in water,quail,
98019980,-1,unclustered,0.0,"quail, (36pcs)","quail,",
207900005,-1,unclustered,0.0,quality 1oz. meatballs,quality,1oz
207900003,-1,unclustered,0.0,quality dinner loaf patties,quality,
207900004,-1,unclustered,0.0,quality luncheon loaf patties,quality,
99901,-1,unclustered,0.0,queen 2024 customer gift box a,queen,
99902,-1,unclustered,0.0,queen 2024 customer gift box b,queen,
99903,-1,unclustered,0.0,queen 2024 customer gift box c,queen,
968206,-1,unclustered,0.0,quesadilla poblanas 20/3ct fridas,quesadilla,3ct
906001,-1,unclustered,0.0,quinoa veggie burger (9#),quinoa,
1478,-1,unclustered,0.0,r,r,
78545000,-1,unclustered,0.0,rabbit,rabbit,
78545600,-1,unclustered,0.0,rabbit legs bone in spanish ( 8 per pack,rabbit,
32110,-1,unclustered,0.0,rabbit medium -whole skinless,rabbit,
20144A,-1,unclustered,0.0,rabbit-china whl fryer med,rabbit-china,
98009980,-1,unclustered,0.0,rabbits (44.09#),rabbits,
450021,-1,unclustered,0.0,rabbits 2# ave,rabbits,
31690,-1,unclustered,0.0,radish,radish,
501321,-1,unclustered,0.0,radish whl cello 14/1#,radish,
620894,-1,unclustered,0.0,rangeline ckd turkey breast-frozen,rangeline,
95968000,-1,unclustered,0.0,ravioli cheese 5lb/cs,ravioli,5lb
95105110,-1,unclustered,0.0,ravioli cheese toasted-10lb cs,ravioli,10lb
95456789,-1,unclustered,0.0,ravioli meat,ravioli,
95136070,-1,unclustered,0.0,ravioli sausage toasted-10 lb cs,ravioli,10 lb
620105,-1,unclustered,0.0,rb rice ital saus roll-12/1#,rb,
620106,-1,unclustered,0.0,rb rice medium pork saus 12/1#,rb,
620107,-1,unclustered,0.0,rb rice mild pork sausage-12/1,rb,
620013,-1,unclustered,0.0,rebando sandwich pepperoni,rebando,
90300,-1,unclustered,0.0,red bean paste bun (b-03),red,
31700,-1,unclustered,0.0,red cabbage 45#,red,
83305,-1,unclustered,0.0,red envelope chopsticks - brown box,red,
83510,-1,unclustered,0.0,red food color - (case),red,
97725830,-1,unclustered,0.0,"red hot franks, motor city (2 lbs)",red,2 lb
31710,-1,unclustered,0.0,red onion 25#,red,
97496780,-1,unclustered,0.0,red rose smk sausage(8-2lb)polks),red,2lb
83044,-1,unclustered,0.0,red snapper cleaned .75# (3/4) 22#,red,
80343,-1,unclustered,0.0,red snapper cleaned 0.75# - 1#,red,
80340,-1,unclustered,0.0,red snapper cleaned 1-2# (22# case),red,
77109981,-1,unclustered,0.0,"red snow crab legs, deep water 5/8, russ",red,
77101809,-1,unclustered,0.0,"red snow crab legs, deep water 5/8,(20#)",red,
77109980,-1,unclustered,0.0,"red snow crab legs, opilio 5/8, (30#)",red,
77102029,-1,unclustered,0.0,"red snow crab legs, opilio 5/8, 9.1 kg.",red,
904535,-1,unclustered,0.0,"redstone 3/8"" xl seasoned fry-6/5#",redstone,
10373580,-1,unclustered,0.0,"regular tripe bleached, d & d (22#)",regular,
10381050,-1,unclustered,0.0,"regular tripe fresh cov, afg",regular,
10371460,-1,unclustered,0.0,"regular tripe, (bleached), hoskie (25#)",regular,
10389980,-1,unclustered,0.0,bf tripe reg cut,bf,
10371310,-1,unclustered,0.0,"regular tripe, 4star, canadian (60#)",regular,
10371390,-1,unclustered,0.0,"regular tripe, cargill circle t (60#)",regular,
10371000,-1,unclustered,0.0,"regular tripe, greateromaha (60#)",regular,
10371050,-1,unclustered,0.0,bf tripe reg scld-z ame 60#,bf,
91160134,-1,unclustered,0.0,relish vienna 5 gal v57600,relish,5 g
22305,-1,unclustered,0.0,rellena 2/10 # frozen,rellena,
12120,-1,unclustered,0.0,rellena donpedros 2/20# frz,rellena,
180027,-1,unclustered,0.0,rendered beef fat,rendered,
920214,-1,unclustered,0.0,residential living #1,residential,
920215,-1,unclustered,0.0,residential living #2 box,residential,
920216,-1,unclustered,0.0,residential living #3 box,residential,
920226,-1,unclustered,0.0,residential living-all beef,residential,
920227,-1,unclustered,0.0,residential living-pork free,residential,
730185,-1,unclustered,0.0,ressler 185 buffalo chicken breast,ressler,
610334,-1,unclustered,0.0,ressler 334 smoked turkey,ressler,
710402,-1,unclustered,0.0,ressler 402 turkey breast,ressler,
721797,-1,unclustered,0.0,ressler 797 ckd roast top round-sliced,ressler,
720797,-1,unclustered,0.0,ressler 797 rst capoff top rnd,ressler,
710003,-1,unclustered,0.0,ressler golden petite turkey breast,ressler,
620007,-1,unclustered,0.0,resslers roast beef flats,resslers,
908105,-1,unclustered,0.0,retail asiago arancini,retail,
908106,-1,unclustered,0.0,retail bacon mac & cheese bite,retail,
590002,-1,unclustered,0.0,retail blue gill filet (11#),retail,
908103,-1,unclustered,0.0,retail buffalo chicken meatball,retail,
908108,-1,unclustered,0.0,retail buffalo chicken poppers,retail,
999996,-1,unclustered,0.0,retail duck breasts-12/1pk,retail,1pk
362310,-1,unclustered,0.0,"retail roast duck, 1/2, maple leaf",retail,
908107,-1,unclustered,0.0,retail spinach artichoke popper,retail,
590003,-1,unclustered,0.0,retail tuna filets (#10),retail,
590003,-1,unclustered,0.0,retail tuna filets (#10),retail,
590004,-1,unclustered,0.0,retail walleye filets (15/1#),retail,
30210,-1,unclustered,0.0,rex sole - 2l 500gr/800gr,rex,2l
250021,-1,unclustered,0.0,"rib baby back, seaboard, 2up",rib,
SP2601,-1,unclustered,0.0,rib bbq 4 oz,rib,4 oz
233055,-1,unclustered,0.0,"rib belly, heritage berkshire",rib,
45074700,-1,unclustered,0.0,"rib bit, pork farmland b/i smkd (2x5#)",rib,
44121010,-1,unclustered,0.0,"rib end, loin bone in, pork ibp",rib,
44421010,-1,unclustered,0.0,"rib end, loin boneless, pork ibp",rib,
164189,-1,unclustered,0.0,"rib export processed, ch, 18up",rib,
161001,-1,unclustered,0.0,"rib export, prime",rib,
163001,-1,unclustered,0.0,"rib long bone french, creekstone",rib,
161010,-1,unclustered,0.0,"rib long bone, prime, 10in",rib,
13281120,-1,unclustered,0.0,"rib navel (costillar), beef mex praderas",rib,
250009,-1,unclustered,0.0,"rib pork chop, kurobuta",rib,
250010,-1,unclustered,0.0,"rib pork loin, prime",rib,
190224,-1,unclustered,0.0,"rib precooked, briar, prime, 2pc",rib,
901866,-1,unclustered,0.0,rib shape pork patty-156/3.7oz,rib,3.7oz
160325,-1,unclustered,0.0,"rib shaped patty, 100/3.25oz",rib,3.25oz
162481,-1,unclustered,0.0,"rib shaped patty, 60ct - 11.25 lbs",rib,11.25 lb
250250,-1,unclustered,0.0,"rib swift st louis, 2.5lb",rib,2.5lb
45081061,-1,unclustered,0.0,"rib tips, (retail) pork indianapackers",rib,
45083350,-1,unclustered,0.0,"rib tips, 5/5 vac, pork swift",rib,
45079980,-1,unclustered,0.0,pork ribtips brskbone comb,pork,
45081060,-1,unclustered,0.0,"rib tips, pork #30 indianapackers",rib,
45075930,-1,unclustered,0.0,"rib tips, pork aunt bessie`s (10#)",rib,
45071830,-1,unclustered,0.0,"rib tips, pork diamond pride (10#)",rib,
450799809,-1,unclustered,0.0,"rib tips, pork swift",rib,
163011,-1,unclustered,0.0,"rib up export, angus, ch",rib,
250215,-1,unclustered,0.0,"rib, st louis, 2 1/5","rib,",
82000,-1,unclustered,0.0,ribbon fish whole 700/1000,ribbon,
82170,-1,unclustered,0.0,ribbonfish beltfish steaks*liberty*,ribbonfish,
17151002,-1,unclustered,0.0,"ribeye b/i frenched, greateromaha (cangu",ribeye,
164099,-1,unclustered,0.0,"ribeye bnls dry age, ch, 16oz",ribeye,16oz
168825,-1,unclustered,0.0,"ribeye bnls itoham japanese, wagyu",ribeye,
17119984,-1,unclustered,0.0,"ribeye bnls, (choice)",ribeye,
17111012,-1,unclustered,0.0,"ribeye bnls, ibp (cangus)",ribeye,
17114636,-1,unclustered,0.0,"ribeye bnls, naeve beef (n/r)",ribeye,
17111130,-1,unclustered,0.0,"ribeye bnls/11dn, mex sukarne",ribeye,
164117,-1,unclustered,0.0,"ribeye bone in dry age, ch",ribeye,
17325381,-1,unclustered,0.0,"ribeye boneless, steaks 12-16oz (prime)",ribeye,16oz
160020,-1,unclustered,0.0,ribeye buffalo,ribeye,
168012,-1,unclustered,0.0,"ribeye cap a5 itoham japanese, wagyu",ribeye,
160009,-1,unclustered,0.0,"ribeye clean, nr, 10oz",ribeye,10oz
161002,-1,unclustered,0.0,"ribeye french, prime",ribeye,
164097,-1,unclustered,0.0,"ribeye frenched dry age, ch, 18oz",ribeye,18oz
164098,-1,unclustered,0.0,"ribeye grass fed, 12oz",ribeye,12oz
17091004,-1,unclustered,0.0,"ribeye heavy, greateromaha (ch)",ribeye,
17093575,-1,unclustered,0.0,"ribeye heavy, ibp (sel)",ribeye,
168001,-1,unclustered,0.0,"ribeye lip off, wagyu, processed",ribeye,
160419,-1,unclustered,0.0,"ribeye lip on hvy, grass run farms",ribeye,
17213690,-1,unclustered,0.0,"ribeye lip on no. 2, aurora",ribeye,
165001,-1,unclustered,0.0,"ribeye lip on precooked mr, sel",ribeye,
164005,-1,unclustered,0.0,"ribeye lip on, ch, processed",ribeye,
161003,-1,unclustered,0.0,"ribeye lip on, prime",ribeye,
17113680,-1,unclustered,0.0,"ribeye lip-on bnls 2x2, mex sukarne",ribeye,
17111076,-1,unclustered,0.0,"ribeye lipon, palo duro (nr)",ribeye,
17091454,-1,unclustered,0.0,"ribeye lipon/dn, fort worth (ch)",ribeye,
160811,-1,unclustered,0.0,"ribeye retail, o. prairie, 10oz",ribeye,10oz
17101077,-1,unclustered,0.0,"ribeye roll (lomo) 10/up, palo duro (uti",ribeye,
17091177,-1,unclustered,0.0,"ribeye roll (lomo) 8/up, demkota utility",ribeye,
17091077,-1,unclustered,0.0,"ribeye roll (lomo) 8/up, paloduro (utili",ribeye,
17111057,-1,unclustered,0.0,"ribeye roll 8/10, small afg/lp (u)",ribeye,
160680,-1,unclustered,0.0,"ribeye roll, 6/8#",ribeye,
164006,-1,unclustered,0.0,"ribeye roll, ch",ribeye,
168004,-1,unclustered,0.0,"ribeye roll, imported wagyu",ribeye,
160001,-1,unclustered,0.0,"ribeye roll, sliced thin, util",ribeye,
160280,-1,unclustered,0.0,"ribeye steak, nr bnls, 20/8oz",ribeye,8oz
207900011,-1,unclustered,0.0,"ribeye, chop pork,","ribeye,",
160040,-1,unclustered,0.0,"ribeye, nr, 4oz","ribeye,",4oz
167050,-1,unclustered,0.0,"ribeye, util, 5oz","ribeye,",5oz
17095710,-1,unclustered,0.0,"ribeye, wagyu","ribeye,",
54963,-1,unclustered,0.0,ribeye-steak 32oz tomahawk sty,ribeye-steak,32oz
44369980,-1,unclustered,0.0,"riblet boneless, pork (12/1.5#) (18#)",riblet,
250005,-1,unclustered,0.0,"riblets, our own","riblets,",
82005930,-1,unclustered,0.0,"riblets, pork aunt bessie`s (10#)","riblets,",
250003,-1,unclustered,0.0,"ribs baby back, whole, sakura",ribs,
250270,-1,unclustered,0.0,"ribs cooked st louis, bryan, 27#",ribs,
250001,-1,unclustered,0.0,ribs indiana st louis style,ribs,
299025,-1,unclustered,0.0,"ribs st. louis style ckd, bryan",ribs,
84520,-1,unclustered,0.0,rice cooker,rice,
82552,-1,unclustered,0.0,rice cooking wine (green) #24765,rice,
85250,-1,unclustered,0.0,rice flour 24/1# - red,rice,
84980,-1,unclustered,0.0,rice king brown rice 50# bolsa amerilla,rice,
84280,-1,unclustered,0.0,rice king thai sweet rice - pink bag,rice,
84530,-1,unclustered,0.0,rice paper 22cm square*bamboo tree*,rice,
84580,-1,unclustered,0.0,rice paper 25cm round*bamboo tree*,rice,
90609,-1,unclustered,0.0,riceland 100# bag,riceland,
195003,-1,unclustered,0.0,rich`s 1/2oz italian meatballs-10#,rich`s,2oz
195002,-1,unclustered,0.0,rich`s italian meatballs 0.5 oz 10#,rich`s,0.5 oz
92280100,-1,unclustered,0.0,ricotta / fresh 6/5#,ricotta,
18062765,-1,unclustered,0.0,rind on ends/pieces bacon db(12/2.5lb),rind,2.5lb
750013,-1,unclustered,0.0,ring bologna 1# ave,ring,
620039,-1,unclustered,0.0,riverside 3-1 hot polish,riverside,
620041,-1,unclustered,0.0,riverside 3-1 mild smk polish,riverside,
625464,-1,unclustered,0.0,riverside brat w/beer,riverside,
626789,-1,unclustered,0.0,riverside fresh hungarian,riverside,
623856,-1,unclustered,0.0,riverside octoberfest brat,riverside,
620030,-1,unclustered,0.0,riverside sliced turkey breast,riverside,
34087,-1,unclustered,0.0,roast beef capoff,roast,
81115360,-1,unclustered,0.0,"roast beef, c/off, top round v. giordano",roast,
20018994,-1,unclustered,0.0,roast bf pot w/gravy-9710-z,roast,
20023,-1,unclustered,0.0,roast bf-slc font f9111 22# w/g,roast,
392120,-1,unclustered,0.0,"roast duck half, 12p, maple leaf",roast,
95180,-1,unclustered,0.0,roasted coconut juice - foco,roasted,
10140,-1,unclustered,0.0,roasted duck halves 0745755,roasted,
900222,-1,unclustered,0.0,roasted eggplant soup,roasted,
906004,-1,unclustered,0.0,roasted poblano black bean burger,roasted,
8906,-1,unclustered,0.0,roasted red pepper,roasted,
906006,-1,unclustered,0.0,roasted red/yellow beet pineapple(9#),roasted,
83631,-1,unclustered,0.0,rock sugar 50/16oz (454 g),rock,16oz
35,-1,unclustered,0.0,roll stock forming and non forming,roll,
31740,-1,unclustered,0.0,roma tomatoes,roma,
410072,-1,unclustered,0.0,roma veal stew meat-10#,roma,
85238,-1,unclustered,0.0,romano cheese grated 4x5#,romano,
92401900,-1,unclustered,0.0,romano-parm-blend 4x5,romano-parm-blend,
624894,-1,unclustered,0.0,rope brat,rope,
621234,-1,unclustered,0.0,rope italian sausage,rope,
25252,-1,unclustered,0.0,roti paratia multiger - spring home,roti,
390028,-1,unclustered,0.0,"rotisserie, short cuts, 7#, perdue 4238","rotisserie,",
174037,-1,unclustered,0.0,"rouladen, ch, 3oz","rouladen,",3oz
174041,-1,unclustered,0.0,"rouladen, ch, 4oz","rouladen,",4oz
174051,-1,unclustered,0.0,"roulanden, ch, 5oz","roulanden,",5oz
174061,-1,unclustered,0.0,"roulanden, ch, 6z","roulanden,",
174071,-1,unclustered,0.0,"roulanden, ch, 7oz","roulanden,",7oz
78332219,-1,unclustered,0.0,"round scad, west bay (22#)",round,
170000,-1,unclustered,0.0,round steak bnls (spec size),round,
170007,-1,unclustered,0.0,"round, ckd corned beef, dan`s","round,",
97031,-1,unclustered,0.0,rumali boti fp kaiser halal,rumali,
620109,-1,unclustered,0.0,russer maple smoked ham-2pc,russer,
740565,-1,unclustered,0.0,russers boneless cooked ham-1pc,russers,
43461301,-1,unclustered,0.0,rwa oven roast turkey breast,rwa,
95505146,-1,unclustered,0.0,s,s,
15044365,-1,unclustered,0.0,s l,s,
711612,-1,unclustered,0.0,s.field honey smoked sliced turkey breas,s.field,
620031,-1,unclustered,0.0,s.lee turkey brst thigh roast,s.lee,
720575,-1,unclustered,0.0,s010575 roast beef logs-3/5#,s010575,
95405,-1,unclustered,0.0,sabritas adobadas chicas 60/60gr,sabritas,60g
95403,-1,unclustered,0.0,sabritas cheetos torciditos grandes,sabritas,
112999,-1,unclustered,0.0,sadler smoked beef brisket-2 pc,sadler,
20383,-1,unclustered,0.0,salad macaroni 2/10#,salad,
20385,-1,unclustered,0.0,salad thm cole slaw 10#,salad,
50PT19,-1,unclustered,0.0,salad thm pot german 10# tub,salad,
20PT09,-1,unclustered,0.0,salad thm-8/1# pot & egg,salad,
38448900,-1,unclustered,0.0,salami all beef,salami,
224411,-1,unclustered,0.0,salami bf ckd syg 12#,salami,
224410,-1,unclustered,0.0,salami cooked thm 2/4#,salami,
38888500,-1,unclustered,0.0,salami cotto,salami,
22249,-1,unclustered,0.0,pork skins - cuero -mex-,pork,
22254,-1,unclustered,0.0,salami hard eckrich 8/6#,salami,
2229058,-1,unclustered,0.0,salami hard rov fennel 4/3.2#,salami,
2229052,-1,unclustered,0.0,salami hard rov napoli 4/4.5#,salami,
2229056,-1,unclustered,0.0,salami hard rov toscano 4/3.2#,salami,
2229072,-1,unclustered,0.0,salami hard rov ventricina 4/3#,salami,
228866,-1,unclustered,0.0,salami hard sterling 8/5#,salami,
38116066,-1,unclustered,0.0,salami hard-6pc 30# case,salami,
220831,-1,unclustered,0.0,salami soft vie-17142 2/5#,salami,
220608,-1,unclustered,0.0,salami syg all beef 5/2# deli cut,salami,
22ND012,-1,unclustered,0.0,salami tem-b finocchiona 2/5.5#,salami,
22ND031,-1,unclustered,0.0,salami tem-b sopressata 2/5.5#,salami,
224410Z,-1,unclustered,0.0,salami-z cooked thm 4#,salami-z,
22260,-1,unclustered,0.0,salami-z hard fio 30236 3/6#,salami-z,
2229072,-1,unclustered,0.0,salami hard rov ventricina 4/3#,salami,
228866,-1,unclustered,0.0,salami hard sterling 8/5#,salami,
98031640,-1,unclustered,0.0,"salchichon (sin pimeienta), 18pcs (c/w),",salchichon,
78343650,-1,unclustered,0.0,salmon 4-6oz portions ivp true north,salmon,6oz
590001,-1,unclustered,0.0,salmon filets-26/6oz portions,salmon,6oz
78342999,-1,unclustered,0.0,"salmon fillet, 2-3#, d-trim (r/w)",salmon,
78341649,-1,unclustered,0.0,"salmon fillet, 3-4lb trim d-prem (22.05)",salmon,4lb
78341549,-1,unclustered,0.0,"salmon fillet, d-trim (r/w)",salmon,
78895829,-1,unclustered,0.0,"salmon fillet, pink sknls sea best 10/2#",salmon,
78795829,-1,unclustered,0.0,"salmon fillet, sknls ivp, sea best 12/1#",salmon,
78614360,-1,unclustered,0.0,salmon prtn s/on ivp rtl panamei 20/1#,salmon,
78704362,-1,unclustered,0.0,salmon prtn sknls ivp rtl panamei 10/2#,salmon,
78344360,-1,unclustered,0.0,salmon prtn sknls ivp rtl panamei 20/1#,salmon,
78749980,-1,unclustered,0.0,salmon sockeye fillet (20/1#),salmon,
99992,-1,unclustered,0.0,chicken popeyes 8pc marinated,chicken,
71200,-1,unclustered,0.0,salmon terityaki pan sea,salmon,
9020184,-1,unclustered,0.0,salt kosher antica salina 6/3#,salt,
90273,-1,unclustered,0.0,salt por pak 3/1000 ct,salt,1000 ct
793610,-1,unclustered,0.0,salted butter quarters 36/1 lb,salted,1 lb
94016,-1,unclustered,0.0,samaosa cocktail h/m 30pk al safa halal,samaosa,30pk
94017,-1,unclustered,0.0,samaosa punjabi h/m 10pk al safa halal,samaosa,10pk
94360,-1,unclustered,0.0,samaosa veggie h/m 16pk al safa halal,samaosa,16pk
97352,-1,unclustered,0.0,samasa veg punjabi 20pc kaiser halal,samasa,
84341,-1,unclustered,0.0,sambal oelek 5x1/2 gallon,sambal,2 g
84340,-1,unclustered,0.0,sambal oelek chili paste *huy fong* 3/1,sambal,
71209,-1,unclustered,0.0,samosa beef handmade halal,samosa,
97063,-1,unclustered,0.0,samosa beef kaiser halal,samosa,
97628,-1,unclustered,0.0,samosa chicken kaiser halal,samosa,
97512,-1,unclustered,0.0,samosa chicken mini kaiser halal,samosa,
97413,-1,unclustered,0.0,samosa veg punjabi 8pc kaiser halal,samosa,
99920,-1,unclustered,0.0,sample: instant noodle (hot &spicy),sample:,
920231,-1,unclustered,0.0,sampler dock box,sampler,
96374740,-1,unclustered,0.0,"sancocho vegetables for stew, mambo 6x2#",sancocho,
920220,-1,unclustered,0.0,sandwich lovers box,sandwich,
95062,-1,unclustered,0.0,sangria senorial plastic 1.5 liter,sangria,1.5 l
22010,-1,unclustered,0.0,sanuki udon noodle 6/5 x250g,sanuki,250g
740756,-1,unclustered,0.0,sara lee sliced ham-6/2#,sara,
96033,-1,unclustered,0.0,cup foam 20 oz 20j16 500 ct,cup,20 oz
78522219,-1,unclustered,0.0,"sardines whole, (22#)",sardines,
9620217,-1,unclustered,0.0,sauce bald vodka 12/25-oz,sauce,
91021,-1,unclustered,0.0,sauce bbq benchmark 4/1g,sauce,1g
90342015,-1,unclustered,0.0,sauce chamoy 6/1g,sauce,1g
40171009,-1,unclustered,0.0,sauce chipotle w/adobo la mor,sauce,
9103127,-1,unclustered,0.0,sauce hot swt baby ray 4/1g,sauce,1g
22090HS,-1,unclustered,0.0,sauce hot tasty chef 4/1 gal,sauce,1 g
911683,-1,unclustered,0.0,sauce hot valentina 3/1g,sauce,1g
911685,-1,unclustered,0.0,sauce hot valentina-marisco,sauce,
90342020,-1,unclustered,0.0,sauce ital trad 6/4.2# preg,sauce,
90342019,-1,unclustered,0.0,sauce ital trad 6/6# preg,sauce,
91022,-1,unclustered,0.0,sauce mang+hab swt baby ray 4/1g,sauce,1g
90342018,-1,unclustered,0.0,sauce pizza pas 6/#10,sauce,
914025,-1,unclustered,0.0,sauerkraurt nst 2g 4025,sauerkraurt,2g
917PQ20,-1,unclustered,0.0,sauerkraurt thm 24/1#,sauerkraurt,
18030760,-1,unclustered,0.0,sauerkraut franks (12/2 lb),sauerkraut,2 lb
501387,-1,unclustered,0.0,sauerkraut shred 6/#10,sauerkraut,
97416030,-1,unclustered,0.0,"sausage & biscuits,20c,purnells (11.25#)",sausage,
13974138,-1,unclustered,0.0,sausage amy ret-z breakfst time,sausage,
13975010,-1,unclustered,0.0,sausage amy-ret-z capre/moz,sausage,
38141911,-1,unclustered,0.0,sausage andouille cajun pork atk-2/1,sausage,
38172011,-1,unclustered,0.0,sausage andouille chicken atk,sausage,
38140001,-1,unclustered,0.0,"sausage andouille pk/bf2/1 amylu 11""",sausage,
38100141,-1,unclustered,0.0,"sausage andouille-5"" retail atk",sausage,
14036AN,-1,unclustered,0.0,sausage andy kabanosy pp 20#,sausage,
14039,-1,unclustered,0.0,sausage andy pol kielbasa 15#,sausage,
14036909,-1,unclustered,0.0,sausage andy pol kielbasa 20#-ret,sausage,
14040,-1,unclustered,0.0,sausage ash pol kielbasa 15#,sausage,
38094070,-1,unclustered,0.0,sausage beef smoked,sausage,
90236,-1,unclustered,0.0,sausage beef smoked 12/12oz halal,sausage,12oz
13968862,-1,unclustered,0.0,sausage belm pork hot link10/1#vp-46840,sausage,
13921000,-1,unclustered,0.0,sausage brat om fc 5-1 6#-z,sausage,
38221333,-1,unclustered,0.0,sausage brat pork onion and green pepper,sausage,
38221331,-1,unclustered,0.0,sausage bratwurst -2oz,sausage,2oz
38235107,-1,unclustered,0.0,sausage bratwurst fresh randolph,sausage,
38293000,-1,unclustered,0.0,sausage bratwurst hot n spicy jv,sausage,
38230061,-1,unclustered,0.0,sausage bratwurst munic atk,sausage,
38278703,-1,unclustered,0.0,sausage bratwurst original raw 104772,sausage,
38221330,-1,unclustered,0.0,sausage bratwurst pork mushroom swiss,sausage,
38263007,-1,unclustered,0.0,sausage bratwurst raw 4/1 randolph,sausage,
38231349,-1,unclustered,0.0,sausage bratwurst sheboygan 4/1 beer,sausage,
38219903,-1,unclustered,0.0,sausage bratwurst stadium10# cs johnsonv,sausage,
38524250,-1,unclustered,0.0,sausage breakfast bulk,sausage,
28705000,-1,unclustered,0.0,sausage breakfast links 1 oz chicken app,sausage,1 oz
28721217,-1,unclustered,0.0,sausage breakfast links chicken 1oz,sausage,1oz
13939A,-1,unclustered,0.0,sausage busch summer thuringer 2/4#,sausage,
20441,-1,unclustered,0.0,sausage casing 35-38 1 pack,sausage,1 pack
38971809,-1,unclustered,0.0,sausage chicken habanero and tequila atk,sausage,
97455850,-1,unclustered,0.0,"sausage chub hot, s f (12/1#)",sausage,
97445850,-1,unclustered,0.0,"sausage chub mild, s f (12/1#)",sausage,
13968410,-1,unclustered,0.0,sausage com-z brat+da-fc 6-1 2/5#,sausage,
13968412,-1,unclustered,0.0,sausage com-z fc-lnk apl/goud 12/4p,sausage,
13964112,-1,unclustered,0.0,sausage com-z ital bulk fresh 2/5#,sausage,
20474,-1,unclustered,0.0,sausage cosentino hot rco002,sausage,
22251,-1,unclustered,0.0,sausage country gravy 6/#10,sausage,
2000B,-1,unclustered,0.0,sausage daisy brat fc 5#-z,sausage,
140886,-1,unclustered,0.0,sausage daisy easter polish 10#,sausage,
139801,-1,unclustered,0.0,sausage daisy knockwurst 10/12-oz,sausage,
2225C,-1,unclustered,0.0,sausage daisy prasky 2/4#,sausage,
13976351,-1,unclustered,0.0,sausage dev ital bf fc 7606 10#-z,sausage,
13976349,-1,unclustered,0.0,sausage dev ital bf link hal 10#,sausage,
13944,-1,unclustered,0.0,sausage emin chorizo 20/1#,sausage,
13945,-1,unclustered,0.0,sausage emin chorizo 4/5#,sausage,
1396800,-1,unclustered,0.0,sausage fab ital bulk mild-z 10#,sausage,
22139656,-1,unclustered,0.0,sausage fab ital bulk-fc nug 10#,sausage,
13976347,-1,unclustered,0.0,sausage fab ital link mild3-1 10#-z,sausage,
13976346,-1,unclustered,0.0,sausage fab ital link mild4-1 10#-z,sausage,
139765,-1,unclustered,0.0,sausage fmc ital pat4-1-z moon 10#,sausage,
13944569,-1,unclustered,0.0,sausage font chorizo 4/5#-z,sausage,
13944585,-1,unclustered,0.0,sausage font chorizo fc 3/5#-z,sausage,
38970100,-1,unclustered,0.0,sausage for pizza - ingredients,sausage,
1392095,-1,unclustered,0.0,sausage gre brats-z rope 2/5#,sausage,
22139662,-1,unclustered,0.0,sausage gre ital bulk-fc nug 2/10#,sausage,
1392105,-1,unclustered,0.0,sausage gre polish rope 2/5#-z,sausage,
97145740,-1,unclustered,0.0,"sausage h bacon/swiss smkd, bar s (8/2#)",sausage,
34065,-1,unclustered,0.0,sausage hot 12/1.5 db,sausage,
34032,-1,unclustered,0.0,sausage hot 2.5 bar s,sausage,
92295,-1,unclustered,0.0,sausage hot link 12/12oz halal,sausage,12oz
38500000,-1,unclustered,0.0,sausage hot links,sausage,
38912001,-1,unclustered,0.0,sausage irish banger 10/1-mini,sausage,
38912000,-1,unclustered,0.0,sausage irish banger 4/1,sausage,
13969,-1,unclustered,0.0,sausage ital bulk mild-z rand 12#,sausage,
38599040,-1,unclustered,0.0,sausage italian 1/10 bulk-anmar label,sausage,
38519009,-1,unclustered,0.0,sausage italian 4/1 link raw fabbri,sausage,1 l
38516709,-1,unclustered,0.0,sausage italian 4oz carmignano oscar me,sausage,4oz
38519905,-1,unclustered,0.0,sausage italian hot bulk-anmar label,sausage,
4008050,-1,unclustered,0.0,sausage italian pattie 3/1,sausage,
38515980,-1,unclustered,0.0,sausage italian pizza topping ckd fz,sausage,
38569900,-1,unclustered,0.0,sausage italian rope mild 1x10-19896,sausage,
38553017,-1,unclustered,0.0,sausage italian rope randolph-raw mild,sausage,
38529000,-1,unclustered,0.0,sausage italian rope raw mild fabbri,sausage,
38566900,-1,unclustered,0.0,sausage italian rope spicy/hot w fennal,sausage,
38519010,-1,unclustered,0.0,sausage italian rope- cooked-hot-5/1,sausage,
38895950,-1,unclustered,0.0,sausage kishke,sausage,
13919,-1,unclustered,0.0,sausage leon andoui p&b 2-1 2/5#-z,sausage,
13916,-1,unclustered,0.0,sausage leon andoui-caj 2-1 2/5#-z,sausage,
13968860,-1,unclustered,0.0,sausage leon bf hot link 4-1 2/5#-z,sausage,
14026ATK,-1,unclustered,0.0,sausage leon pol bf-maxw 2/5#-z,sausage,
14023013,-1,unclustered,0.0,sausage leon pol skl-bf3-1 2/5#-z,sausage,
140224,-1,unclustered,0.0,sausage leon pol skl-bf4-1 2/5#-z,sausage,
38760180,-1,unclustered,0.0,sausage linguica -spanish,sausage,
28175459,-1,unclustered,0.0,sausage links chicken apple maple 2oz,sausage,2oz
20472,-1,unclustered,0.0,sausage links mild scimeca 10#,sausage,
13920999,-1,unclustered,0.0,sausage mak brat 4-1 10#-z,sausage,
13968863,-1,unclustered,0.0,sausage mak hot link nc 4-1 10#-z,sausage,
1402909,-1,unclustered,0.0,sausage mak knockwurst 6-1 10#,sausage,
1402906,-1,unclustered,0.0,sausage mak thuringer 4-1 nc 10#,sausage,
13944A,-1,unclustered,0.0,sausage mich chorizo 6/5#,sausage,
20473,-1,unclustered,0.0,sausage mild cosentino rco001,sausage,
38570200,-1,unclustered,0.0,sausage natural casing rope,sausage,
38760185,-1,unclustered,0.0,sausage nduja,sausage,
13912594,-1,unclustered,0.0,sausage old folks rolls 24#,sausage,
97425840,-1,unclustered,0.0,"sausage on a bun,twin williams s (6/16.5",sausage,
13946,-1,unclustered,0.0,sausage pal chorizo,sausage,
97375840,-1,unclustered,0.0,"sausage parttie mild, williamss (12/12oz",sausage,12oz
97445840,-1,unclustered,0.0,"sausage pattie , ole south8/2.25",sausage,
59011250,-1,unclustered,0.0,sausage patties veggie brk 1.34oz (9.3#),sausage,1.34oz
34080,-1,unclustered,0.0,sausage patty hot 18ct,sausage,18ct
34075,-1,unclustered,0.0,sausage patty swg mild,sausage,
13914,-1,unclustered,0.0,sausage peer andoui-42200 10#,sausage,
13920550,-1,unclustered,0.0,sausage peo brat rope 10#,sausage,
13968783,-1,unclustered,0.0,sausage peo ital bulk mild 10#-z,sausage,
140372,-1,unclustered,0.0,sausage peo pol 10#,sausage,
13928878,-1,unclustered,0.0,sausage pio brat wht fc #10-z,sausage,
34059,-1,unclustered,0.0,sausage pol 2.5# bar s,sausage,
38801629,-1,unclustered,0.0,sausage polish 3/1 fontanini,sausage,
38740635,-1,unclustered,0.0,sausage polish 4/1 -leons,sausage,
38825630,-1,unclustered,0.0,sausage polish not smoked rope,sausage,
38825620,-1,unclustered,0.0,sausage polish smoked-rope,sausage,
38565607,-1,unclustered,0.0,sausage pork italian link 5/1-raw randol,sausage,
38633005,-1,unclustered,0.0,sausage pork knockwurst-6/1,sausage,
13918,-1,unclustered,0.0,sausage ran andouille smk 4-1 10#,sausage,
1396116,-1,unclustered,0.0,sausage ran ital-bulk-z mild 4/5#,sausage,
13920554,-1,unclustered,0.0,sausage ran-z brat 4/1 link 10#,sausage,1 l
34081,-1,unclustered,0.0,sausage roll 1#,sausage,
38977742,-1,unclustered,0.0,sausage rope blood,sausage,
34045,-1,unclustered,0.0,sausage rope smk sknl eck,sausage,
14019G,-1,unclustered,0.0,sausage sam`s greek loukaniko-z 10#,sausage,
140190,-1,unclustered,0.0,sausage sam`s greek loukaniko-z 5#,sausage,
14036S,-1,unclustered,0.0,sausage slotk pol kielbasa 12/14-oz,sausage,
34047,-1,unclustered,0.0,sausage smoked all natural,sausage,
34044,-1,unclustered,0.0,sausage smoked fam pk,sausage,
34030,-1,unclustered,0.0,sausage smoked fam pk eck,sausage,
34056,-1,unclustered,0.0,sausage smoked hickory,sausage,
34046,-1,unclustered,0.0,sausage smoked hickory cnc,sausage,
34043,-1,unclustered,0.0,sausage smoked parker 15/1#,sausage,
38944590,-1,unclustered,0.0,sausage sopressa volpi,sausage,
38910730,-1,unclustered,0.0,sausage summer,sausage,
134826,-1,unclustered,0.0,sausage thm knockwurst fc 12/1#,sausage,
144610,-1,unclustered,0.0,sausage thm pol kielbasa 10/1.1#rng,sausage,
38910801,-1,unclustered,0.0,sausage thuringers smoked 4/1 n/c,sausage,
140424,-1,unclustered,0.0,sausage tmc-z beef & lamb 20/24-oz,sausage,
140422,-1,unclustered,0.0,sausage tmc-z pork & beef 20/24-oz,sausage,
68590000,-1,unclustered,0.0,"sausage veal brat,4/1",sausage,
13917,-1,unclustered,0.0,sausage vien brat skl5 6in 10#-z,sausage,
13977I,-1,unclustered,0.0,sausage winston irish banger 10#-z,sausage,
38569800,-1,unclustered,0.0,"sausage,4/1 mild fabrie 10 lb cs","sausage,4/1",10 lb
34048,-1,unclustered,0.0,sausagecracked pepper cnc,sausagecracked,
10261390,-1,unclustered,0.0,scalded beef skin cargill,scalded,
10353580,-1,unclustered,0.0,"scalded tripe, (bleached), d & d (30#)",scalded,
10351390,-1,unclustered,0.0,"scalded tripe, cargill circle t (60#)",scalded,
701758,-1,unclustered,0.0,scallions 48ct,scallions,48ct
78885829,-1,unclustered,0.0,"scallops bay, retail bag, sea best 12/1#",scallops,
78371529,-1,unclustered,0.0,scallops roe off (peru) 30/40 ct (wild c,scallops,40 ct
96044,-1,unclustered,0.0,scotch bonnet pepper sauce,scotch,
99502,-1,unclustered,0.0,scrubing pad green 6pk/10ct,scrubing,6pk
53152,-1,unclustered,0.0,scs foxtrot pallet,scs,
20220,-1,unclustered,0.0,ham boneless brt single pack,ham,
80392070,-1,unclustered,0.0,seafood .scallops,seafood,
80159000,-1,unclustered,0.0,seafood anchovy cans 28oz,seafood,28oz
80568490,-1,unclustered,0.0,seafood bass filet chilean sea s/off,seafood,
80569990,-1,unclustered,0.0,seafood catfish fresh,seafood,
80245041,-1,unclustered,0.0,seafood catfish nuggets-raw frozen,seafood,
80245040,-1,unclustered,0.0,seafood catfish split la fillet breaded,seafood,
80103115,-1,unclustered,0.0,seafood clam chowder new england 4/52oz,seafood,52oz
80601041,-1,unclustered,0.0,seafood cod loins 6oz fillets,seafood,6oz
80601040,-1,unclustered,0.0,seafood cod loins 7oz fillets,seafood,7oz
80601090,-1,unclustered,0.0,seafood cod loins fillets 4oz 10lb/cs,seafood,4oz
80553388,-1,unclustered,0.0,seafood crab claws 6/3lb/units,seafood,3lb
80149800,-1,unclustered,0.0,seafood crab lumb -12-1# cs,seafood,
80778900,-1,unclustered,0.0,seafood crab snow 5/8-oceon choice,seafood,
80336700,-1,unclustered,0.0,seafood fish raw white 10/12 oz frz,seafood,12 oz
80300020,-1,unclustered,0.0,seafood mahi fillets 8oz,seafood,8oz
78595829,-1,unclustered,0.0,"seafood medley, paella sea best (12/1#)",seafood,
78391529,-1,unclustered,0.0,"seafood mix (wild caught), pescatore (2",seafood,
78391789,-1,unclustered,0.0,seafood mix 24x1lb netuno (24#),seafood,1lb
80457890,-1,unclustered,0.0,seafood oyster blue point,seafood,
80704000,-1,unclustered,0.0,seafood salmon filet -fresh 12/14 canada,seafood,
80707000,-1,unclustered,0.0,seafood salmon filet 6oz frozen,seafood,6oz
80804400,-1,unclustered,0.0,seafood salmon filet verlasso fresh,seafood,
80314001,-1,unclustered,0.0,seafood shrimp -21 basket,seafood,
80804000,-1,unclustered,0.0,seafood shrimp 31/40 ckd 10# cs bk,seafood,
80719000,-1,unclustered,0.0,seafood shrimp ckd 71/90 t-off,seafood,
80364100,-1,unclustered,0.0,seafood shrimp ez peel 31/40-tiger bay,seafood,
80314000,-1,unclustered,0.0,seafood shrimp p& d 31/40,seafood,
80162000,-1,unclustered,0.0,seafood shrimp raw 16/20 p/d 10# cs,seafood,
80162100,-1,unclustered,0.0,seafood shrimp raw 16/20 p/d 20# cs,seafood,
80608000,-1,unclustered,0.0,seafood shrimp u6/8 shell on,seafood,
81080057,-1,unclustered,0.0,seafood swai fillets 5/7-15lb cs,seafood,15lb
80803610,-1,unclustered,0.0,seafood tilapia 350 ct. frz whole,seafood,350 ct
80772500,-1,unclustered,0.0,seafood tilapia 5/7oz,seafood,7oz
80803550,-1,unclustered,0.0,seafood tilapia 750 ct. frz whole,seafood,750 ct
80521000,-1,unclustered,0.0,seafood tuna yellow fin sand.cut 4 oz,seafood,4 oz
80336600,-1,unclustered,0.0,seafood walleye pike fillets,seafood,
900002,-1,unclustered,0.0,seasoned diced potatoes-6/6#,seasoned,
95035033,-1,unclustered,0.0,seasoning achiote paste 12/3.5oz,seasoning,3.5oz
95035036,-1,unclustered,0.0,seasoning adobo mat 45#,seasoning,
95035023,-1,unclustered,0.0,seasoning adobo w/ pep goya 24/16oz,seasoning,16oz
95035026,-1,unclustered,0.0,seasoning cilantro w/achiote 15/36,seasoning,
95035038,-1,unclustered,0.0,seasoning culantro w/achiote 1.4/36,seasoning,
95035020,-1,unclustered,0.0,seasoning fajitas 5#,seasoning,
95035039,-1,unclustered,0.0,seasoning meat rub mat 45#,seasoning,
70010,-1,unclustered,0.0,seaweed knots 20/14oz,seaweed,14oz
13700510,-1,unclustered,0.0,see 13700400 ti tps,see,
200001,-1,unclustered,0.0,see 20012,see,
20605570,-1,unclustered,0.0,see 20605571,see,
32000200,-1,unclustered,0.0,see 32100200,see,
33080140,-1,unclustered,0.0,see amity,see,
91110,-1,unclustered,0.0,seekha grilled chicken 8ct,seekha,8ct
77533350,-1,unclustered,0.0,semi bnls quail,semi,
450029,-1,unclustered,0.0,semi bnls quail 24pc,semi,
31670,-1,unclustered,0.0,serrano peppers,serrano,
90500,-1,unclustered,0.0,sesame ball - frozen *baily*,sesame,
905300,-1,unclustered,0.0,seven bean medley soup-4/4#,seven,
97185750,-1,unclustered,0.0,"sge cars/jerk ckn smkd, zatarain`s10/14z",sge,
97456030,-1,unclustered,0.0,"sge&biscuits w/chees,20c,purnells(13.125",sge&biscuits,
7017281,-1,unclustered,0.0,shallot 5# pelled,shallot,
31790,-1,unclustered,0.0,shallot dry 5#/bag,shallot,
48049980,-1,unclustered,0.0,shank pork no/skin,shank,
84440,-1,unclustered,0.0,shaohxing cooking wine,shaohxing,
85163,-1,unclustered,0.0,sharp cheddar slice,sharp,
34226,-1,unclustered,0.0,sheep feet scalded halal,sheep,
123,-1,unclustered,0.0,ship on chep palletts,ship,
15023795,-1,unclustered,0.0,"short loin 0x1, black mountain (sel)",short,
15031000,-1,unclustered,0.0,"short loin 0x1, go halal",short,
15021003,-1,unclustered,0.0,"short loin 0x1, greateromaha (cangus)",short,
15023563,-1,unclustered,0.0,"short loin 0x1, ibp star ranch ch_angus",short,
15021164,-1,unclustered,0.0,"short loin 0x1, iowa premium (ch)",short,
15021163,-1,unclustered,0.0,"short loin 0x1, iowapremium (black angus",short,
15024640,-1,unclustered,0.0,"short loin 0x1, mex el alba",short,
15021026,-1,unclustered,0.0,"short loin 0x1, national (n/r)",short,
15021025,-1,unclustered,0.0,"short loin 0x1, national (sel)",short,
15025723,-1,unclustered,0.0,"short loin 0x1, national a. b (ch_angus)",short,
15021874,-1,unclustered,0.0,"short loin 0x1, nebraska (ch)",short,
15021875,-1,unclustered,0.0,"short loin 0x1, nebraska (sel angus)",short,
15023600,-1,unclustered,0.0,"short loin 0x1, punta espada",short,
15023334,-1,unclustered,0.0,"short loin 0x1, upper iowa (ch)",short,
15021144,-1,unclustered,0.0,"short loin 0x1, westernreserve (ch)",short,
143011,-1,unclustered,0.0,"short loin, angus, 0+1",short,
15023810,-1,unclustered,0.0,"short loin, mex fc",short,
15021130,-1,unclustered,0.0,"short loin, mex sukarne",short,
141003,-1,unclustered,0.0,"short loin, prime",short,
144016,-1,unclustered,0.0,"short loins, ch",short,
124001,-1,unclustered,0.0,short rib bnls from chuckroll,short,
16054541,-1,unclustered,0.0,"short rib plate, 5 star (prime)",short,
16051055,-1,unclustered,0.0,"short rib plate, afg (select)",short,
13185003,-1,unclustered,0.0,"short rib plate, black canyon (ch_angus)",short,
16055066,-1,unclustered,0.0,"short rib plate, blue diamond (nr)",short,
16053896,-1,unclustered,0.0,"short rib plate, clear river (nr)",short,
16051215,-1,unclustered,0.0,"short rib plate, creekstone (sel)",short,
170511755,-1,unclustered,0.0,"short rib plate, demkota (sel)",short,
16051175,-1,unclustered,0.0,"short rib plate, demkota (selangus)",short,
16056010,-1,unclustered,0.0,"short rib plate, fc beef mex",short,
13185013,-1,unclustered,0.0,"short rib plate, hyplains her (ch_angus)",short,
16051070,-1,unclustered,0.0,"short rib plate, palo duro n/r (brown bo",short,
16053770,-1,unclustered,0.0,"short rib plate, paloduro (white box)",short,
93289,-1,unclustered,0.0,do not use shorten cube av blue 50#,do,
93292D,-1,unclustered,0.0,shorten cube hd bb-83450 50#,shorten,
93296,-1,unclustered,0.0,shorten liq clear 35# butcher boy,shorten,
93293,-1,unclustered,0.0,shorten liq crmy 35# sunrise,shorten,
93300890,-1,unclustered,0.0,shorten liq pan & grill 35#,shorten,
144972,-1,unclustered,0.0,"shortloin, dry age, ch, 0x1","shortloin,",
31880,-1,unclustered,0.0,shredded lettuce 1/8,shredded,
750054,-1,unclustered,0.0,shredded mozzarella 4/5#,shredded,
72840,-1,unclustered,0.0,shrimp 13/15 p&d white tail-on ckd,shrimp,
SP542,-1,unclustered,0.0,shrimp 31/40 p&d tail off 2-5#,shrimp,
SP539,-1,unclustered,0.0,shrimp 31/40 p&d* tail on,shrimp,
71206,-1,unclustered,0.0,shrimp 8/12 tp,shrimp,
70810,-1,unclustered,0.0,shrimp ball - venus,shrimp,
21210123,-1,unclustered,0.0,shrimp basket 21,shrimp,
212162,-1,unclustered,0.0,shrimp bbq ez peel 16-20 16/12oz-z,shrimp,12oz
83482,-1,unclustered,0.0,shrimp brand fish sauce 12/700ml,shrimp,700ml
21225203,-1,unclustered,0.0,shrimp brd btrfly 16-20 4/3#,shrimp,
212232,-1,unclustered,0.0,shrimp ckd salad 120-200 cen-5/2#,shrimp,
SP546,-1,unclustered,0.0,shrimp cooked 13/15 p&dtail on,shrimp,
81200,-1,unclustered,0.0,shrimp dumpling (haukau)*savory exp,shrimp,
21201B,-1,unclustered,0.0,shrimp freshw h/on 04-06 12/2#,shrimp,
211751,-1,unclustered,0.0,shrimp freshw h/on 06-08 24# oce-z,shrimp,
21178,-1,unclustered,0.0,shrimp freshw h/on 08-12 24#-z,shrimp,
21176,-1,unclustered,0.0,shrimp freshw h/on 08-12 24#-z oce,shrimp,
21226,-1,unclustered,0.0,shrimp p&d t/off 26-30-5/2#,shrimp,
21206,-1,unclustered,0.0,shrimp p&d t/on 13-15-cen 5/2#,shrimp,
73551,-1,unclustered,0.0,shrimp pd cooked 250/350,shrimp,
90101,-1,unclustered,0.0,shrimp shao mai (c-01),shrimp,
74045809,-1,unclustered,0.0,"shrimp, brd bfly 16/20ct happy s(6/2#)","shrimp,",20ct
74044360,-1,unclustered,0.0,"shrimp, brd bfly 21/25 panamei (4/3#)","shrimp,",
74014369,-1,unclustered,0.0,"shrimp, breaded bfl 16/18 panamei 24/10z","shrimp,",
74054759,-1,unclustered,0.0,"shrimp, ckd broken 20-40ct, hook & 5/2#","shrimp,",40ct
74064759,-1,unclustered,0.0,"shrimp, ckd broken 40-60ct, hook & 5/2#","shrimp,",60ct
74084759,-1,unclustered,0.0,"shrimp, ckd broken 60-90ct, hook & 5/2#","shrimp,",90ct
74994369,-1,unclustered,0.0,"shrimp, ckd lrg pcs, panamei (10/1)","shrimp,",
74945829,-1,unclustered,0.0,"shrimp, ckd salad 100-200, sea b (8/8z)","shrimp,",
74109989,-1,unclustered,0.0,"shrimp, ckd salad 200-300 (5/2#)","shrimp,",
74121109,-1,unclustered,0.0,"shrimp, ckd t/off 26-30ct, sea cove 5/2#","shrimp,",30ct
74134419,-1,unclustered,0.0,"shrimp, ckd t/off 31-40ct, sea cove 5/2#","shrimp,",40ct
74131105,-1,unclustered,0.0,"shrimp, ckd t/off 31-40ct,feast (5/2#)","shrimp,",40ct
74111501,-1,unclustered,0.0,"shrimp, ckd t/on 16-20ct, sea mazz 5/2#","shrimp,",20ct
74111509,-1,unclustered,0.0,"shrimp, ckd t/on 21-25ct, seamazz (5/2#)","shrimp,",25ct
74191109,-1,unclustered,0.0,"shrimp, ckd t/on 26-30ct, crystal c 10/1","shrimp,",30ct
74204370,-1,unclustered,0.0,"shrimp, ckd t/on 26-30ct, pescatore","shrimp,",30ct
74202579,-1,unclustered,0.0,"shrimp, ckd t/on 26-30ct, sand bar 5/2#","shrimp,",30ct
74111500,-1,unclustered,0.0,"shrimp, ckd t/on 26-30ct, sea mazz black","shrimp,",30ct
74201509,-1,unclustered,0.0,"shrimp, ckd t/on 26-30ct, seamazz (5/2#)","shrimp,",30ct
74669989,-1,unclustered,0.0,"shrimp, ckd t/on 61-70ct, (5/2)","shrimp,",70ct
74364369,-1,unclustered,0.0,"shrimp, ckd t/on 61-70ct, panamei (10/1)","shrimp,",70ct
74664369,-1,unclustered,0.0,"shrimp, ckd t/on 61-70ct, panamei (5/2)","shrimp,",70ct
74724369,-1,unclustered,0.0,"shrimp, coconut brd 14/17 panamei 24/9z","shrimp,",
74219989,-1,unclustered,0.0,"shrimp, coconut brd 16/20 (12#)","shrimp,",
74161109,-1,unclustered,0.0,"shrimp, cp&d t/off 100-200, crystalc 5/2","shrimp,",
74169989,-1,unclustered,0.0,"shrimp, cpd t/off 100-200ct, (5/2#)","shrimp,",200ct
74145679,-1,unclustered,0.0,"shrimp, cpnd t/off 41-50ct sprint g 5/2#","shrimp,",50ct
74144419,-1,unclustered,0.0,"shrimp, cpnd t/off 41-50ct, sea c. 5/2#","shrimp,",50ct
74145589,-1,unclustered,0.0,"shrimp, cpnd t/off 41-50ct, tastema 5/2#","shrimp,",50ct
74141106,-1,unclustered,0.0,"shrimp, cpnd t/off 41-50ct,sea maste 5/2","shrimp,",50ct
74553489,-1,unclustered,0.0,"shrimp, cpnd t/on 41-50ct, pacific d.","shrimp,",50ct
74754369,-1,unclustered,0.0,"shrimp, cpt/off 51-60ct panamei (10/1#)","shrimp,",60ct
74154369,-1,unclustered,0.0,"shrimp, cpt/off 51-60ct panamei (5/2#)","shrimp,",60ct
74564360,-1,unclustered,0.0,"shrimp, cpt/on 31-40 panamei (10/1#)","shrimp,",
74155829,-1,unclustered,0.0,"shrimp, cpt/on 51-60 sea best (12/12oz)","shrimp,",12oz
74529989,-1,unclustered,0.0,"shrimp, cpto 16-20ct (5/2#)","shrimp,",20ct
74521269,-1,unclustered,0.0,"shrimp, cpto 16-20ct, censea (5/2#)","shrimp,",20ct
74814369,-1,unclustered,0.0,"shrimp, cpto 21-25ct, panamei (10/1#)","shrimp,",25ct
74114369,-1,unclustered,0.0,"shrimp, cpto 21-25ct, panamei (5/2#)","shrimp,",25ct
74104360,-1,unclustered,0.0,"shrimp, cpud 200-300 t/off panamei 10/1","shrimp,",
74464369,-1,unclustered,0.0,"shrimp, cpud 90-110 t/off, panamei 10/1","shrimp,",
74769989,-1,unclustered,0.0,"shrimp, cpud t/off 100-200, (5/2)","shrimp,",
74164360,-1,unclustered,0.0,"shrimp, cpud t/off 100-200, panamei 10/1","shrimp,",
74164412,-1,unclustered,0.0,"shrimp, cpud t/off 100-200, sea cove 5/2","shrimp,",
74825409,-1,unclustered,0.0,"shrimp, ez pld 13-15ct, akasaka (5/2#)","shrimp,",15ct
74229985,-1,unclustered,0.0,"shrimp, ez pld 13-15ct, costar (10/2#)","shrimp,",15ct
74221509,-1,unclustered,0.0,"shrimp, ez pld 13-15ct, seamazz (10/2#)","shrimp,",15ct
74241509,-1,unclustered,0.0,"shrimp, ez pld 16-20ct seamazz (10/2#)","shrimp,",20ct
74241529,-1,unclustered,0.0,"shrimp, ez pld 16-20ct, pescatore (20#)","shrimp,",20ct
74235829,-1,unclustered,0.0,"shrimp, ez pld 16-20ct, sea best (10/1#)","shrimp,",20ct
74245689,-1,unclustered,0.0,"shrimp, ez pld 16-20ct, talassa (10/2#)","shrimp,",20ct
74251509,-1,unclustered,0.0,"shrimp, ez pld 21-25ct seamazz (10/2#)","shrimp,",25ct
74275199,-1,unclustered,0.0,"shrimp, ez pld 26-30ct, diamond r. 10/2#","shrimp,",30ct
74272119,-1,unclustered,0.0,"shrimp, ez pld 26-30ct, icy ocean(10/2#)","shrimp,",30ct
74272115,-1,unclustered,0.0,"shrimp, ez pld 26-30ct, icy ocean(20/1#)","shrimp,",30ct
74955829,-1,unclustered,0.0,"shrimp, ez pld 26-30ct, sea best (10/1#)","shrimp,",30ct
74271509,-1,unclustered,0.0,"shrimp, ez pld 26-30ct, seamazz (10/2#)","shrimp,",30ct
74965829,-1,unclustered,0.0,"shrimp, ez pld 30-40ct, sea best (10/1#)","shrimp,",40ct
74301509,-1,unclustered,0.0,"shrimp, ez pld 41-50ct seamazz (10/2#)","shrimp,",50ct
74304759,-1,unclustered,0.0,"shrimp, ez pld 41-50ct, hook & b (10/2#)","shrimp,",50ct
74319989,-1,unclustered,0.0,"shrimp, ez pld 51-60ct, sea cove (10/2#)","shrimp,",60ct
74312009,-1,unclustered,0.0,"shrimp, ez pld 51-60ct, soematra (10/2#)","shrimp,",60ct
74791387,-1,unclustered,0.0,"shrimp, hd/on 30-40ct, white ganiva 10/4","shrimp,",40ct
74389989,-1,unclustered,0.0,"shrimp, hd/on 4-6ct, oceanic (12/2#)","shrimp,",6ct
74335539,-1,unclustered,0.0,"shrimp, hd/on 40-50ct, blk palmar 10/4#","shrimp,",50ct
74341389,-1,unclustered,0.0,"shrimp, hd/on 40-50ct, block venezuela 1","shrimp,",50ct
74419989,-1,unclustered,0.0,"shrimp, hd/on 6-8ct, oceanic (12/2#)","shrimp,",8ct
74371389,-1,unclustered,0.0,"shrimp, hd/on 70-80ct, block venezuela 1","shrimp,",80ct
74399989,-1,unclustered,0.0,"shrimp, hd/on 8-12ct, oceanic (12/2#)","shrimp,",12ct
74572769,-1,unclustered,0.0,"shrimp, hdless shellon 10-15ct, white, b","shrimp,",15ct
74601387,-1,unclustered,0.0,"shrimp, hdless shellon 36-40ct, block ec","shrimp,",40ct
74619989,-1,unclustered,0.0,"shrimp, hdless shellon 41-50ct, brown, b","shrimp,",50ct
74629989,-1,unclustered,0.0,"shrimp, hdless shellon u12ct, white, blk","shrimp,",12ct
74582769,-1,unclustered,0.0,"shrimp, hdls sh/lon 16-20ct, 6/4","shrimp,",20ct
74585309,-1,unclustered,0.0,"shrimp, hdls sh/lon 16-20ct,champmar 6/4","shrimp,",20ct
74604919,-1,unclustered,0.0,"shrimp, hdls sh/lon 26-30ct, apac 6/4","shrimp,",30ct
74604369,-1,unclustered,0.0,"shrimp, hdls sh/lon 26-30ct, panamei 6/4","shrimp,",30ct
74601509,-1,unclustered,0.0,"shrimp, hdls sh/lon 31-40ct, seamazz 6/4","shrimp,",40ct
74592769,-1,unclustered,0.0,"shrimp, hdls sh/on 21-25ct, (6/4#)","shrimp,",25ct
74595309,-1,unclustered,0.0,"shrimp, hdls sh/on 21-25ct, champmar 6/4","shrimp,",25ct
74594369,-1,unclustered,0.0,"shrimp, hdls sh/on 21-25ct, panamei 6/4#","shrimp,",25ct
74984369,-1,unclustered,0.0,"shrimp, ring 41-50 w/sauc panamei 10/10z","shrimp,",
74424415,-1,unclustered,0.0,"shrimp, rp&d t/off 16-20ct, sea cove 5/2","shrimp,",20ct
74423947,-1,unclustered,0.0,"shrimp, rp&d t/off 16-20ct,blueriver 5/2","shrimp,",20ct
74441109,-1,unclustered,0.0,"shrimp, rp&d t/off 21-25ct, seacove 5/2","shrimp,",25ct
74434999,-1,unclustered,0.0,"shrimp, rp&d t/off 26-30ct, chefsnet 5/2","shrimp,",30ct
74435809,-1,unclustered,0.0,"shrimp, rp&d t/off 26-30ct, happy s (5/2","shrimp,",30ct
74434419,-1,unclustered,0.0,"shrimp, rp&d t/off 26-30ct, sea cove 5/2","shrimp,",30ct
74431509,-1,unclustered,0.0,"shrimp, rp&d t/off 26-30ct, seamazz 5/2","shrimp,",30ct
74435569,-1,unclustered,0.0,"shrimp, rp&d t/off 31-40ct, breeze b 5/2","shrimp,",40ct
74469980,-1,unclustered,0.0,"shrimp, rp&d t/off 91-110ct, block (50#)","shrimp,",110ct
74504360,-1,unclustered,0.0,"shrimp, rp&d t/on 13-15ct, panamei 5/2","shrimp,",15ct
74501504,-1,unclustered,0.0,"shrimp, rp&d t/on 13-15ct, seamazz 10/2","shrimp,",15ct
74481109,-1,unclustered,0.0,"shrimp, rp&d t/on 16-20ct, deep 5/2","shrimp,",20ct
74504399,-1,unclustered,0.0,"shrimp, rp&d t/on 16-20ct, royal wh. 5/2","shrimp,",20ct
74504419,-1,unclustered,0.0,"shrimp, rp&d t/on 16-20ct, seacove 5/2","shrimp,",20ct
74455030,-1,unclustered,0.0,"shrimp, rp&d t/on 21-25ct, seastar 5/2","shrimp,",25ct
74492109,-1,unclustered,0.0,"shrimp, rp&d t/on 26-30ct, channel 5/2","shrimp,",30ct
74505809,-1,unclustered,0.0,"shrimp, rp&d t/on 31-40ct, happy s (5/2)","shrimp,",40ct
74501509,-1,unclustered,0.0,"shrimp, rp&d t/on 31-40ct, seamazz 10/2","shrimp,",40ct
74919989,-1,unclustered,0.0,"shrimp, white, hdless shellon, 41-50ct","shrimp,",50ct
74195829,-1,unclustered,0.0,"shrimp,ckd t/on 26-30ct,sea best (10/1#)","shrimp,ckd",30ct
74565809,-1,unclustered,0.0,"shrimp,ckd t/on 31-40ct, happy s (5/2#)","shrimp,ckd",40ct
74725809,-1,unclustered,0.0,"shrimp,coconut brd 16/20 happy s(6/28oz)","shrimp,coconut",28oz
74265829,-1,unclustered,0.0,"shrimp,ez pld 26-30ct, sea best (12/12oz","shrimp,ez",12oz
74975829,-1,unclustered,0.0,"shrimp,ez pld, 40/50ct, sea best (10/1#)","shrimp,ez",50ct
80212500,-1,unclustered,0.0,"shrimp,raw shell on 10-15 w","shrimp,raw",
74984364,-1,unclustered,0.0,"shrimp,ring 41-50 w/sauc panamei,(10x10z","shrimp,ring",
74985829,-1,unclustered,0.0,"shrimp,ring 41-50 w/sauc sea best 12/11z","shrimp,ring",
74855809,-1,unclustered,0.0,"shrimp,rp&d t/off 31-40ct, happy s (5/2)","shrimp,rp&d",40ct
74641645,-1,unclustered,0.0,"shrimp,rp&d t/off 51-60ct,akasaka s(5/2)","shrimp,rp&d",60ct
74567809,-1,unclustered,0.0,"shrimp,rpdton(16-20ct) happy s (5/2#)","shrimp,rpdton(16-20ct)",20ct
95052,-1,unclustered,0.0,sidral mundet 1.5 liter plastic,sidral,1.5 l
95050,-1,unclustered,0.0,sidral mundet soda 24/12.5oz glass,sidral,12.5oz
140159,-1,unclustered,0.0,"siloin patty, oval, 5oz",siloin,5oz
78604360,-1,unclustered,0.0,"silverside,hdls,h&g rtl, panamei (20/1#)","silverside,hdls,h&g",
900018,-1,unclustered,0.0,simplot shredded hashbrowns-6/3#,simplot,
44141980,-1,unclustered,0.0,"sirloin b/in, pork smithfield vp #15295",sirloin,
144024,-1,unclustered,0.0,"sirloin ball tip, diced, ch, 1.5"" 2/5#pk",sirloin,
140013,-1,unclustered,0.0,"sirloin breakaway, steak-eze",sirloin,
144110,-1,unclustered,0.0,"sirloin cubes, 1in",sirloin,
44143350,-1,unclustered,0.0,"sirloin end bone in, pork swift",sirloin,
44301060,-1,unclustered,0.0,"sirloin ends b/in cov, pork indiana",sirloin,
44301920,-1,unclustered,0.0,"sirloin ends b/in cov, pork prestage",sirloin,
44083570,-1,unclustered,0.0,"sirloin ends b/in, pork ibp",sirloin,
44309980,-1,unclustered,0.0,"sirloin ends bnls, pork",sirloin,
44301940,-1,unclustered,0.0,"sirloin ends roast bnls vp, premum iowa",sirloin,
44301150,-1,unclustered,0.0,"sirloin ends roast boneless vp, pork, se",sirloin,
44271980,-1,unclustered,0.0,"sirloin ends roast boneless vp, pork, sm",sirloin,
141000,-1,unclustered,0.0,"sirloin filet, baseball, prime",sirloin,
144002,-1,unclustered,0.0,"sirloin filet, ch, spec-size",sirloin,
190578,-1,unclustered,0.0,"sirloin ground, pkg, 5lb",sirloin,5lb
140510,-1,unclustered,0.0,sirloin patty 5/1,sirloin,
190571,-1,unclustered,0.0,sirloin patty 5oz,sirloin,5oz
140610,-1,unclustered,0.0,sirloin patty 6/1,sirloin,
190574,-1,unclustered,0.0,sirloin patty 6oz,sirloin,6oz
190577,-1,unclustered,0.0,sirloin patty 8oz,sirloin,8oz
140189,-1,unclustered,0.0,"sirloin patty, oval, 8oz",sirloin,8oz
140881,-1,unclustered,0.0,"sirloin steak, retail, o.priaire",sirloin,
140014,-1,unclustered,0.0,"sirloin steak-buck, steak-eze",sirloin,
141002,-1,unclustered,0.0,"sirloin top butt, prime",sirloin,
140389,-1,unclustered,0.0,"sirloin top, full face, ch",sirloin,
96675940,-1,unclustered,0.0,"skd ham&ovn rstd turkey,lofp ,6/20z (7.5",skd,
40159990,-1,unclustered,0.0,pork skin (machine),pork,
50109980,-1,unclustered,0.0,"skin, chicken, (40#)","skin,",
280512,-1,unclustered,0.0,"skinless polish, hill 5-1, 12#",skinless,
620138,-1,unclustered,0.0,skinless-shankless ham 12-16# -pickled-,skinless-shankless,
40141060,-1,unclustered,0.0,pork skin ind 2000#,pork,
37680203,-1,unclustered,0.0,slab bacon,slab,
18061765,-1,unclustered,0.0,"sliced bacon rindon,dutchbrand (12/2.5)",sliced,
18063765,-1,unclustered,0.0,sliced bacon thick db(30lbbulk)rindon,sliced,30lb
18060765,-1,unclustered,0.0,"sliced bacon thick,dutchbrand (12/2.5)",sliced,
97435840,-1,unclustered,0.0,"sliced bacon thick,williamss (8/2.5)",sliced,
SP801,-1,unclustered,0.0,sliced bologna 12#,sliced,
SP3800,-1,unclustered,0.0,sliced chicken deli meat,sliced,
SP800,-1,unclustered,0.0,sliced combo variety pack 12#,sliced,
SP189,-1,unclustered,0.0,sliced cooked gyros,sliced,
SP1900,-1,unclustered,0.0,sliced cooked it bf-au jus 20#,sliced,
SP2441,-1,unclustered,0.0,sliced deli ham 12#,sliced,
999410,-1,unclustered,0.0,sliced jalapenos-4/1 gallons,sliced,1 g
83620,-1,unclustered,0.0,sliced mushroom 6/5 *vesin*,sliced,
750014,-1,unclustered,0.0,sliced processed swiss america,sliced,
SP40034,-1,unclustered,0.0,sliced turkey breast,sliced,
19295900,-1,unclustered,0.0,"smashed burger, glenmark classic (12/2#)",smashed,
78402109,-1,unclustered,0.0,"smelt h/on(charales),great lakes (12/2#)",smelt,
78409989,-1,unclustered,0.0,smelt-(charales) 20/1#,smelt-(charales),
82020,-1,unclustered,0.0,smelts fish,smelts,
231822,-1,unclustered,0.0,smith #23223 18-22ct layout bacon-15#,smith,22ct
18066765,-1,unclustered,0.0,smith ends/pcs bacon(10#),smith,
18065765,-1,unclustered,0.0,smith wayside bacon(10#),smith,
741727,-1,unclustered,0.0,smithfied smoked heartland ham,smithfied,
292255,-1,unclustered,0.0,smithfield 17-19ct bacon-25#,smithfield,19ct
740082,-1,unclustered,0.0,smithfield brown sugar hams quarter,smithfield,
740221,-1,unclustered,0.0,smithfield carve master hams-6pc,smithfield,
110212,-1,unclustered,0.0,smithfield raw corned beef brisket-2pc,smithfield,
613408,-1,unclustered,0.0,smithfield smkd trky saus 12/12 oz,smithfield,12 oz
84045810,-1,unclustered,0.0,"smoked 2nd joint wings, turkey alex deli",smoked,
82381440,-1,unclustered,0.0,"smoked andouille sausage, belmont (10#)",smoked,
96725620,-1,unclustered,0.0,"smoked bb hearty sge,butterball,12/12 oz",smoked,12 oz
83009980,-1,unclustered,0.0,"smoked drumsticks, chicken (17#)-22150",smoked,
84021440,-1,unclustered,0.0,"smoked drumsticks, turkey belmont #20100",smoked,
84024610,-1,unclustered,0.0,"smoked drumsticks, turkey retail, #3831",smoked,
84021350,-1,unclustered,0.0,"smoked drumsticks, turkey, ashland (30#)",smoked,
392710,-1,unclustered,0.0,"smoked duck breast, retail, culver",smoked,
82021350,-1,unclustered,0.0,"smoked feet, pork ashland",smoked,
620110,-1,unclustered,0.0,smoked ham shanks,smoked,
97285740,-1,unclustered,0.0,"smoked ham, deli style, bar s (12/1#)",smoked,
82065810,-1,unclustered,0.0,"smoked jowls skin on, pork, alex deli",smoked,
4066,-1,unclustered,0.0,smoked linguisa,smoked,
82111350,-1,unclustered,0.0,"smoked loins , pork ashland",smoked,
82115480,-1,unclustered,0.0,"smoked loins , pork back of the yards",smoked,
82112720,-1,unclustered,0.0,"smoked loins cvp, pork los cerditos",smoked,
82127939,-1,unclustered,0.0,"smoked loins, boneless dewig 2066",smoked,
180019,-1,unclustered,0.0,ox tails cut-up -net weight-,ox,
84031440,-1,unclustered,0.0,"smoked necks,turkey belmont #20110",smoked,
20592,-1,unclustered,0.0,smoked pork ham shank sknls,smoked,
20234,-1,unclustered,0.0,smoked pork neckbones frozen,smoked,
20342,-1,unclustered,0.0,smoked pork tails,smoked,
97705830,-1,unclustered,0.0,"smoked sausage rope, motor city (2 lbs)",smoked,2 lb
95685620,-1,unclustered,0.0,"smoked sausage,16/13z,butterball (13#)",smoked,
84011440,-1,unclustered,0.0,"smoked tails, turkey belmont #20115",smoked,
11401,-1,unclustered,0.0,smoked turkey drumsticks cw frozen,smoked,
11411,-1,unclustered,0.0,smoked turkey drumsticks jumbo cw frozen,smoked,
11081,-1,unclustered,0.0,smoked turkey tails fzn,smoked,
11041,-1,unclustered,0.0,smoked turkey wings bulk cw frozen,smoked,
84001440,-1,unclustered,0.0,"smoked wings, turkey belmont #20105",smoked,
84009990,-1,unclustered,0.0,"smoked wings, turkey moesle",smoked,
84004610,-1,unclustered,0.0,"smoked wings, turkey retail, p. m. #3832",smoked,
75005829,-1,unclustered,0.0,"snapper fillet, bnls ivp, sea best 12/1#",snapper,
75001789,-1,unclustered,0.0,"snapper, fillet (retail) ivp 12x3-5oz, n","snapper,",5oz
75109980,-1,unclustered,0.0,"snapper, fillet s/on, 8-10oz (10#)","snapper,",10oz
75004369,-1,unclustered,0.0,"snapper, prtn ivp rtl, panamei (10/1.5#)","snapper,",
75124360,-1,unclustered,0.0,"snapper, prtn ivp sel, panamei 20/1#","snapper,",
75084369,-1,unclustered,0.0,"snapper, wggs ivp rtl, panamei (7/3#)","snapper,",
40099980,-1,unclustered,0.0,"snouts, pork","snouts,",
40091010,-1,unclustered,0.0,"snouts, pork ibp (60#)","snouts,",
51012,-1,unclustered,0.0,snow crab legs 8up gulf,snow,
31800,-1,unclustered,0.0,snow pea,snow,
99915015,-1,unclustered,0.0,soap multipurpose liq 5gal,soap,5g
99915,-1,unclustered,0.0,soap pink 4/1 gal,soap,1 g
99915012,-1,unclustered,0.0,soap pink 5 gal sam`s,soap,5 g
410126,-1,unclustered,0.0,sobeval 6 rib veal rack-chef ready,sobeval,
410116,-1,unclustered,0.0,sobeval french full trim veal top rounds,sobeval,
410118,-1,unclustered,0.0,sobeval french veal bnls sirloin butt,sobeval,
410117,-1,unclustered,0.0,sobeval french veal flank steak,sobeval,
410119,-1,unclustered,0.0,sobeveal veal tenderloin-whole,sobeveal,
590005,-1,unclustered,0.0,sockeye salmon-retail 20/1#,sockeye,
906007,-1,unclustered,0.0,soda sprite cans 35/12oz,soda,12oz
96384740,-1,unclustered,0.0,"sofrito/onio pepper blend, mambo (12x2#)",sofrito/onio,
90200,-1,unclustered,0.0,soho - vegetable spring roll 400ct,soho,400ct
920202,-1,unclustered,0.0,some of everything box,some,
920230,-1,unclustered,0.0,something to cluck about,something,
220046,-1,unclustered,0.0,sopressata citterio swt lrg 4/5#,sopressata,
22PC15Z,-1,unclustered,0.0,sopressata-z thm swt sml 14/.75#,sopressata-z,
97255700,-1,unclustered,0.0,soup cheese broccoli 18/7oz retail,soup,7oz
97103106,-1,unclustered,0.0,soup minestrone 4/52 oz frozen,soup,52 oz
30352,-1,unclustered,0.0,sour cream cremosa 32# pail,sour,
30353,-1,unclustered,0.0,sour cream el gallito 32# pail,sour,
94019981,-1,unclustered,0.0,sour cream pail (32#),sour,
30337015,-1,unclustered,0.0,sour cream real 4/5#,sour,
30337,-1,unclustered,0.0,sour cream real-30#,sour,
30348,-1,unclustered,0.0,sour cream salva 32#,sour,
94014891,-1,unclustered,0.0,"sour cream, pail, cremosa (32#)",sour,
34040,-1,unclustered,0.0,souse sausage mag hot,souse,
86692,-1,unclustered,0.0,southern style sausage szn pss #102,southern,
903980,-1,unclustered,0.0,southwest sweet potato soup-4/4#,southwest,
84203,-1,unclustered,0.0,southwestern cheddar stuffed spudz,southwestern,
82391,-1,unclustered,0.0,soy fry oil clear old world,soy,
84571,-1,unclustered,0.0,soy sauce dispenser kikkoman small box,soy,
84880,-1,unclustered,0.0,soy sauce packets panda blue 500pc,soy,
93232390,-1,unclustered,0.0,soy--tvp 50 lb. bag,soy--tvp,50 lb
84291,-1,unclustered,0.0,soybeans dry - retail pack 14 x3#,soybeans,
84290,-1,unclustered,0.0,soybeans dry 60#/bag *hunsty*,soybeans,
95138010,-1,unclustered,0.0,spagetti 20 lb. units,spagetti,20 lb
78482218,-1,unclustered,0.0,"spanish mackerel, 2/4, (44#)",spanish,
78484369,-1,unclustered,0.0,"spanish mackerel, stk ivp panamei (10/2)",spanish,
44521980,-1,unclustered,0.0,"spareribs (1pc) vp, pork smithfield",spareribs,
45032200,-1,unclustered,0.0,"spareribs (large), pork abbyland (30#)",spareribs,
45101920,-1,unclustered,0.0,"spareribs (light) 1pc cov, pork prestage",spareribs,
45201920,-1,unclustered,0.0,"spareribs (light) 3pc cov, pork prestage",spareribs,
45213570,-1,unclustered,0.0,"spareribs (light) vp 2pk, pork ibp",spareribs,2pk
45004550,-1,unclustered,0.0,"spareribs (light) vp, pork hylife",spareribs,
45001150,-1,unclustered,0.0,"spareribs (light) vp, pork seaboard #411",spareribs,
45001940,-1,unclustered,0.0,"spareribs (light) vp, pork, premium iowa",spareribs,
45001060,-1,unclustered,0.0,"spareribs 4/dn (light) vp, pork indiana",spareribs,
45011150,-1,unclustered,0.0,"spareribs 4/up (medium) vp, pork seaboar",spareribs,
45001920,-1,unclustered,0.0,"spareribs light 4/2 vp, pork wholestone",spareribs,
45021060,-1,unclustered,0.0,"spareribs miscut (medium), poly, pork in",spareribs,
45031980,-1,unclustered,0.0,"spareribs vp, pork smithfield",spareribs,
45011989,-1,unclustered,0.0,"spareribs, 3-2 pc vp, pork smithfield","spareribs,",
45011980,-1,unclustered,0.0,"spareribs, 4-2pc vp, pork smithfield","spareribs,",
45019980,-1,unclustered,0.0,pork spare rib 2000#,pork,
45039990,-1,unclustered,0.0,pork spare rib 10#,pork,
45019990,-1,unclustered,0.0,pork spare rib 30#,pork,
45035930,-1,unclustered,0.0,"spareribs, pork, aunt bessie`s (10#)","spareribs,",
974660030,-1,unclustered,0.0,"spareribs, pork, purnell(10lb)","spareribs,",10lb
45031530,-1,unclustered,0.0,"spareribs, pork, tri eagle (10#)","spareribs,",
350245,-1,unclustered,0.0,sparetime iqf chicken tenders-4/5#,sparetime,
190073,-1,unclustered,0.0,special blend patty 10oz thick,special,10oz
190084,-1,unclustered,0.0,"special blend patty, 8oz",special,8oz
190074,-1,unclustered,0.0,"special blend patty, thick, 7oz",special,7oz
190064,-1,unclustered,0.0,"special blend patty-oval, 6oz",special,6oz
190040,-1,unclustered,0.0,beef special trim sliced for taco,beef,
18071214,-1,unclustered,0.0,"special trim, choice, creeckstone farms",special,
18071014,-1,unclustered,0.0,"special trim, choice, ibp",special,
190550,-1,unclustered,0.0,"special trim, diced, 0.5x0.5",special,
410073,-1,unclustered,0.0,special veal steaks,special,
900805,-1,unclustered,0.0,spicy battered pickle fries,spicy,
598243,-1,unclustered,0.0,spicy breaded 2-3oz pollock filet-10#,spicy,3oz
907508,-1,unclustered,0.0,spinach artichoke popper,spinach,
50130123,-1,unclustered,0.0,spinach cal clnd 4/2.5#,spinach,
50130125,-1,unclustered,0.0,spinach chopped-z 12/3#,spinach,
20478,-1,unclustered,0.0,spinach feta brat 4/1 chickn rpc942,spinach,
31810,-1,unclustered,0.0,"spinach, clip 4/2.5#","spinach,",
10443690,-1,unclustered,0.0,"spleen, beef aurora","spleen,",
23010000,-1,unclustered,0.0,split breast with back,split,
990335,-1,unclustered,0.0,spoon soup s/s 2/6ct,spoon,6ct
99034,-1,unclustered,0.0,spoons plst soup wht 1000ct,spoons,1000ct
20254,-1,unclustered,0.0,spring hill pork feet,spring,
20263,-1,unclustered,0.0,spring hill pork hocks,spring,
20233,-1,unclustered,0.0,spring hill pork neck bones,spring,
741123,-1,unclustered,0.0,spring hill smoked half hams-12/2.5-3#,spring,
740226,-1,unclustered,0.0,spring hill smoked pit hams-2pc,spring,
97095,-1,unclustered,0.0,spring roll veggie kaiser halal,spring,
95190,-1,unclustered,0.0,sprite glass mexico 24x12oz,sprite,12oz
369030,-1,unclustered,0.0,"squab whole, 15-17oz, 12pc",squab,17oz
80172010,-1,unclustered,0.0,squid 5/8 clean 10# case,squid,
83480,-1,unclustered,0.0,squid brand fish sauce.. white box,squid,
62010,-1,unclustered,0.0,squid cleaned t&t 10/20 (5/8) case,squid,
62012,-1,unclustered,0.0,squid cleaned t&t 20/40 10/2kg,squid,
78014360,-1,unclustered,0.0,squid rngs calamari s&p brd panamei 12/1,squid,
62080,-1,unclustered,0.0,squid tube u-5 palomine 22#,squid,
78541649,-1,unclustered,0.0,"squid tube, u/10",squid,
78044369,-1,unclustered,0.0,"squid, t&t 3/5, loligo panamei (4/2.5#)","squid,",
78644369,-1,unclustered,0.0,"squid, t&t 5/8, loligo panamei (4/2.5#)","squid,",
95073,-1,unclustered,0.0,squirt soda glass 12 bottles only,squirt,
95072,-1,unclustered,0.0,squirt soda plastic 24 bottles only,squirt,
83890,-1,unclustered,0.0,sr327 square plastic container 32oz,sr327,32oz
84372,-1,unclustered,0.0,sriracha mayo - lee kum kee 12/15oz,sriracha,15oz
97415840,-1,unclustered,0.0,"ssge egg/cheese crois, williams s (8/16)",ssge,
45041480,-1,unclustered,0.0,"st. louis ribs 1 pc vp, pork, clemens",st.,
45041010,-1,unclustered,0.0,"st. louis ribs vp, pork, ibp (35#)",st.,
45043630,-1,unclustered,0.0,"st. louis ribs vp, pork, pine ridge farm",st.,
45049990,-1,unclustered,0.0,"st. louis ribs, pork moesle (35#)",st.,
59,-1,unclustered,0.0,stapping wire,stapping,
610012,-1,unclustered,0.0,state fair tky corn dogs-12#,state,
190777,-1,unclustered,0.0,"steak breakaway, steakeze, 7oz",steak,7oz
190134,-1,unclustered,0.0,"steak for kabobs, 304oz",steak,304oz
190075,-1,unclustered,0.0,"steak meat, grilled sliced, yt",steak,
140035,-1,unclustered,0.0,"steak philly, ch",steak,
190250,-1,unclustered,0.0,"steak philly, steakeze, 2/5#",steak,
SP199,-1,unclustered,0.0,steak sauce4a/r&tenderizer4c/r,steak,
140048,-1,unclustered,0.0,"steak swiss, 4oz",steak,4oz
140058,-1,unclustered,0.0,"steak swiss, 5oz",steak,5oz
140068,-1,unclustered,0.0,"steak swiss, 6oz",steak,6oz
140088,-1,unclustered,0.0,"steak swiss, 8oz",steak,8oz
144004,-1,unclustered,0.0,"steak top butt, solid side, cc",steak,
18050762,-1,unclustered,0.0,steak-umm chickenquaker(12-9oz),steak-umm,9oz
18040762,-1,unclustered,0.0,steak-umm quaker(12-9oz),steak-umm,9oz
19285900,-1,unclustered,0.0,steakeater burgers glenmark c. (12/2#),steakeater,
920210,-1,unclustered,0.0,steaks and stuff,steaks,
91400,-1,unclustered,0.0,steam bun (b-14),steam,
91100,-1,unclustered,0.0,steamed sponge (e-11),steamed,
92200,-1,unclustered,0.0,steamed spongy cake (e-22),steamed,
84402,-1,unclustered,0.0,sterno - ethanol 4/1 gallon 20266,sterno,1 g
52021640,-1,unclustered,0.0,"stewing hen frozen ivp, kikiri",stewing,
52023440,-1,unclustered,0.0,"stewing hen frozen ivp, top bee",stewing,
52025150,-1,unclustered,0.0,"stewing hen, butterfield",stewing,
10012,-1,unclustered,0.0,stewing hens 12pc,stewing,
52023430,-1,unclustered,0.0,"stewing penny hen ivp, red label",stewing,
40049980,-1,unclustered,0.0,"stomachs scalded, pork, norson",stomachs,
40045930,-1,unclustered,0.0,"stomachs, pork aunt bessie`s (8/3#)","stomachs,",
40045490,-1,unclustered,0.0,"stomachs, pork costa brava","stomachs,",
40041010,-1,unclustered,0.0,"stomachs, pork ibp (30#)","stomachs,",
40041060,-1,unclustered,0.0,"stomachs, pork indiana (30#)","stomachs,",
STORA,-1,unclustered,0.0,storage charge,storage,
410074,-1,unclustered,0.0,strauss #1 veal stk. spe size,strauss,
410180,-1,unclustered,0.0,strauss 18oz veal porterhouse,strauss,18oz
420040,-1,unclustered,0.0,strauss 4oz lamb t-bone chop,strauss,4oz
83590,-1,unclustered,0.0,straw mushroom 6cans/case,straw,
50141034,-1,unclustered,0.0,strawberry 4/2#,strawberry,
31820,-1,unclustered,0.0,strawberry 8*1#,strawberry,
50141032,-1,unclustered,0.0,strawberry 8/1#,strawberry,
96001,-1,unclustered,0.0,strawberry syrup,strawberry,
50141036,-1,unclustered,0.0,strawberry whl iqf-z n/stem 30#,strawberry,
96042,-1,unclustered,0.0,dry jerk seasoning,dry,
96022,-1,unclustered,0.0,d&g kola champagne,d&g,
83580,-1,unclustered,0.0,"stretch film 18"" x 1,000",stretch,
144020,-1,unclustered,0.0,"strip loin #2, ch",strip,
15073794,-1,unclustered,0.0,"strip loin b/in 1x1, black maountai (ch)",strip,
15041002,-1,unclustered,0.0,"strip loin b/in 1x1, go (cangus)",strip,
15041174,-1,unclustered,0.0,"strip loin bnls 0x1, demkota (ch)",strip,
15043550,-1,unclustered,0.0,"strip loin bnls 0x1, heartland (angus)",strip,
15041875,-1,unclustered,0.0,"strip loin bnls 0x1, nebraska (sel)",strip,
15041001,-1,unclustered,0.0,"strip loin bnls 0x1,gre omaha,halal (pr)",strip,
15042260,-1,unclustered,0.0,"strip loin bnls 100% lean, m p beef (uti",strip,
15045710,-1,unclustered,0.0,"strip loin bnls, wagyu",strip,
15041876,-1,unclustered,0.0,"strip loin bnls 0x1, nebraska beef (n/r)",strip,
15241014,-1,unclustered,0.0,"strip loin boneless ii, ibp (ch)",strip,
144010,-1,unclustered,0.0,"strip loin ny, 0+1, ch",strip,
143010,-1,unclustered,0.0,"strip loin, angus, ch, 0+1",strip,
143021,-1,unclustered,0.0,"strip loin, angus, vein-off, ch, 0+1",strip,
148860,-1,unclustered,0.0,"strip loin, itoham japanese wagyu",strip,
144011,-1,unclustered,0.0,"strip loin, process, 0+1, ch",strip,
141039,-1,unclustered,0.0,"strip loin, vein end removed, prime",strip,
144039,-1,unclustered,0.0,"strip loin, vein end, ch",strip,
148013,-1,unclustered,0.0,"strip steak 0x1, imported wagyu",strip,
144166,-1,unclustered,0.0,"strip steak kc, ch, 16oz",strip,16oz
143184,-1,unclustered,0.0,"strip steak kc, ch, 18oz",strip,18oz
143189,-1,unclustered,0.0,"strip steak kc, ch, 24oz",strip,24oz
144165,-1,unclustered,0.0,"strip steak kc, spec trim, chm 16oz",strip,16oz
144515,-1,unclustered,0.0,"strip steak manhattan, ch",strip,
144029,-1,unclustered,0.0,"strip steak manhattan, grass fed, 10oz",strip,10oz
140300,-1,unclustered,0.0,"strip steak manhattan, grass fed, 16oz",strip,16oz
141032,-1,unclustered,0.0,"strip steak manhattan, prime",strip,
141030,-1,unclustered,0.0,"strip steak manhattan, prime, 8oz",strip,8oz
142110,-1,unclustered,0.0,"strip steak ny, angus, ch, 12/14oz",strip,14oz
143140,-1,unclustered,0.0,"strip steak ny, creekstone angus, ch",strip,
144199,-1,unclustered,0.0,"strip steak ny, dry age, ch, 14oz",strip,14oz
140102,-1,unclustered,0.0,"strip steak ny, end cut, 10oz",strip,10oz
140121,-1,unclustered,0.0,"strip steak ny, end cut, 12oz",strip,12oz
140141,-1,unclustered,0.0,"strip steak ny, end cut, 14oz",strip,14oz
140062,-1,unclustered,0.0,"strip steak ny, end cut, 6oz",strip,6oz
140301,-1,unclustered,0.0,"strip steak ny, grass fed, cc",strip,
140811,-1,unclustered,0.0,"strip stk ny, retail, o.prairie",strip,
148010,-1,unclustered,0.0,"striploin 0x1, imported wagyu",striploin,
144015,-1,unclustered,0.0,"striploin ny, processed, ch",striploin,
148981,-1,unclustered,0.0,"striploin, broadleaf japanese wagyu","striploin,",
140009,-1,unclustered,0.0,"striploin, organic prairie","striploin,",
140072,-1,unclustered,0.0,"strips ny, end cut, ind cryo, 7oz",strips,7oz
207900013,-1,unclustered,0.0,"strips, pork,","strips,",
907509,-1,unclustered,0.0,stuffed buffalo chicken popper,stuffed,
907100,-1,unclustered,0.0,stuffed buffalo chix meatball,stuffed,
390013,-1,unclustered,0.0,"stuffed chicken, brie & apple, sign chix",stuffed,
907512,-1,unclustered,0.0,stuffed elote street corn bites,stuffed,
99999945,-1,unclustered,0.0,"stuffed long green peppers, 30 pcs (14#)",stuffed,
31686,-1,unclustered,0.0,stuffed long green peppers30pc,stuffed,
9999985,-1,unclustered,0.0,styrofoam 7/6/5.5,styrofoam,
99999981,-1,unclustered,0.0,styrofoam boxes,styrofoam,
9999984,-1,unclustered,0.0,styrofoam boxes1.5x15.5x12.5,styrofoam,
9999982,-1,unclustered,0.0,styrofoam boxes18x18x17,styrofoam,
430001,-1,unclustered,0.0,su cabarito retail goat cubes,su,
88000,-1,unclustered,0.0,sugar 50#,sugar,
91195,-1,unclustered,0.0,sugar granulated white 50# bag,sugar,
88060,-1,unclustered,0.0,sugar packets *domino*,sugar,
31801,-1,unclustered,0.0,sugar snap peas,sugar,
96310,-1,unclustered,0.0,sugarcan hinged container 963 - sh89,sugarcan,
920208,-1,unclustered,0.0,summer selection,summer,
920222,-1,unclustered,0.0,summer sizzler box,summer,
22005,-1,unclustered,0.0,sun noodle milky tonkotsu soup base 8/4#,sun,
22006,-1,unclustered,0.0,sun noodle miso soup base 6/2.2kg,sun,
22000,-1,unclustered,0.0,sun noodle temomi thick wavy 50/5.5oz,sun,5.5oz
22007,-1,unclustered,0.0,sun noodle vegitarian miso soup 6/4.45#,sun,
310543,-1,unclustered,0.0,sunland iqf b/s chicken breasts-10/4#,sunland,
94191241,-1,unclustered,0.0,super melt cheese bongard (30#),super,
907501,-1,unclustered,0.0,super pretzel bavarian 40/5.5 oz 13.75lb,super,5.5 oz
77129989,-1,unclustered,0.0,surimi crab sticks 15/1lb (15#),surimi,1lb
78511109,-1,unclustered,0.0,"surimi flakes, (30/1#)",surimi,
78519980,-1,unclustered,0.0,"surimi flakes, 12x2.5# (30#)",surimi,
77119989,-1,unclustered,0.0,surimi snow crab legs 10/2lb (20#),surimi,2lb
77289989,-1,unclustered,0.0,surimi snow crab legs 28/12oz (21#),surimi,12oz
77115609,-1,unclustered,0.0,"surimi snow crab legs, nature`s b. 10/2#",surimi,
88030,-1,unclustered,0.0,sushi ginger white 20# *super dx*,sushi,
82520,-1,unclustered,0.0,sushi nori premium gold ( each ),sushi,
81090,-1,unclustered,0.0,sushi salmon fillets 2/4 10kg,sushi,
625850,-1,unclustered,0.0,swaggerty mild pork saus patty-30ct,swaggerty,30ct
30222,-1,unclustered,0.0,swai (basa) fillet 11/13 corner 17,swai,
560791,-1,unclustered,0.0,swai filet-7-9oz (15#),swai,9oz
560570,-1,unclustered,0.0,swai filets-5-7oz (15#),swai,7oz
30220,-1,unclustered,0.0,swai fillet 3-5,swai,
30221,-1,unclustered,0.0,swai fillet 7-9 mekong,swai,
79185829,-1,unclustered,0.0,"swai fillet, skls sea best (10/2#)",swai,
79085829,-1,unclustered,0.0,"swai fillet, skls sea best (12/1#)",swai,
71207,-1,unclustered,0.0,swai fillets 12/1#,swai,
79234360,-1,unclustered,0.0,"swai, fil 5-9oz, ivp rtl panamei (10/2#)","swai,",9oz
79134360,-1,unclustered,0.0,"swai, fil 5-9oz, ivp rtl panamei (20/1#)","swai,",9oz
88130,-1,unclustered,0.0,sweet chili sauce 3x4kg *mae ploy*,sweet,
100000006,-1,unclustered,0.0,sweet fennel sausage fs 00815,sweet,
100000001,-1,unclustered,0.0,sweet fennel sausage retail 00801,sweet,
906007,-1,unclustered,0.0,soda sprite cans 35/12oz,soda,12oz
999025,-1,unclustered,0.0,sweet rice-25#,sweet,
88080,-1,unclustered,0.0,sweet soy sauce *khs* glass bottles,sweet,
340999,-1,unclustered,0.0,swift ckd savory b/s chicken thighs,swift,
620075,-1,unclustered,0.0,swift smoked buffet ham-2/#10,swift,
85401,-1,unclustered,0.0,"swiss cheese 1/4"" diced hi temp",swiss,
750051,-1,unclustered,0.0,swiss cheese 5lb avg,swiss,5lb
85166,-1,unclustered,0.0,swiss pre slice,swiss,
4707,-1,unclustered,0.0,t bone steaks 18 oz choice,t,18 oz
408720,-1,unclustered,0.0,t bone steaks 20oz prime,t,20oz
15029980,-1,unclustered,0.0,t-bone steak 12oz ivp (12#),t-bone,12oz
15029990,-1,unclustered,0.0,"t-bone steak 12oz, moesle bulk (12#)",t-bone,12oz
143001,-1,unclustered,0.0,"t-bone steak, ch",t-bone,
143144,-1,unclustered,0.0,"t-bone steak, ch, 14oz",t-bone,14oz
143164,-1,unclustered,0.0,"t-bone steak, ch, 16oz",t-bone,16oz
144160,-1,unclustered,0.0,choice t-bone,choice,
144200,-1,unclustered,0.0,"t-bone, ch, 20oz","t-bone,",20oz
144120,-1,unclustered,0.0,"t-bone, spec trim, ch, 12oz","t-bone,",12oz
144161,-1,unclustered,0.0,"t-bone, spec trim, ch, 16oz","t-bone,",16oz
144180,-1,unclustered,0.0,"t-bone, spec trim, ch, 18oz","t-bone,",18oz
144201,-1,unclustered,0.0,"t-bone, spec trim, ch, 20oz","t-bone,",20oz
84591,-1,unclustered,0.0,t-shirt bag (l) `thank you` 1/6inch,t-shirt,
929299,-1,unclustered,0.0,t`s & p`s gift box,t`s,
920260,-1,unclustered,0.0,t`s n p`s box,t`s,
901024,-1,unclustered,0.0,"table talk 8"" pumpkin pie-baked",table,
900005,-1,unclustered,0.0,taco john tater coins-potato oles,taco,
190045,-1,unclustered,0.0,"taco meat precooked, 8-5#",taco,
190088,-1,unclustered,0.0,"taco meat, sukarne",taco,
71890,-1,unclustered,0.0,tail on 26/30 p&d iqf 10#,tail,
40069980,-1,unclustered,0.0,"tails, pork","tails,",
40061010,-1,unclustered,0.0,"tails, pork ibp (30#)","tails,",
40061530,-1,unclustered,0.0,"tails, pork tri eagle (30#)","tails,",
40061060,-1,unclustered,0.0,"tails, pork, indiana (30#)","tails,",
60029980,-1,unclustered,0.0,"tails, turkey (30#)","tails,",
60021350,-1,unclustered,0.0,"tails, turkey, tyson hillshire (30#)","tails,",
60024310,-1,unclustered,0.0,"tails, turkey. michigan turkey (30#)","tails,",
70236C,-1,unclustered,0.0,tamale beef-z 4oz 72ct tom tom,tamale,4oz
SP111B,-1,unclustered,0.0,tamales - beef 18# 72- 4oz,tamales,4oz
63942,-1,unclustered,0.0,tamales pork 15/4pk retail,tamales,4pk
97390,-1,unclustered,0.0,tandoori plain naan fp kaiser halal,tandoori,
97321,-1,unclustered,0.0,tandorri chicken quesadilla kaiser halal,tandorri,
88010,-1,unclustered,0.0,tapioca starch 24/1# /case,tapioca,
88012,-1,unclustered,0.0,tapioca starch 44# *ameris tarch,tapioca,
96061,-1,unclustered,0.0,tastee jamaican cheese,tastee,
900001,-1,unclustered,0.0,tatar tot potatoes,tatar,
84630,-1,unclustered,0.0,tea oolong *abc* 6/5# (case),tea,
84971,-1,unclustered,0.0,tempura powder 25# kikkoman,tempura,
84970,-1,unclustered,0.0,tempura powder 30# *shirakiku*,tempura,
145050,-1,unclustered,0.0,"tender, psmo, select, 5up","tender,",
15223530,-1,unclustered,0.0,"tenderloin ""n"" beef (mex)",tenderloin,
15223397,-1,unclustered,0.0,tenderloin 3-4 black mountain (utility),tenderloin,
15221077,-1,unclustered,0.0,tenderloin 3-4 palo duro (utility),tenderloin,
15224927,-1,unclustered,0.0,tenderloin 4/5 long prairie,tenderloin,5 l
152237770,-1,unclustered,0.0,tenderloin 4up palo duro (utility),tenderloin,
15234927,-1,unclustered,0.0,tenderloin 5/up long prairie,tenderloin,
15223777,-1,unclustered,0.0,tenderloin 5up paloduro (utility),tenderloin,
15223520,-1,unclustered,0.0,tenderloin bona prime (mex),tenderloin,
140081,-1,unclustered,0.0,"tenderloin filet 3-4#, 8oz",tenderloin,8oz
140089,-1,unclustered,0.0,"tenderloin filet 3-4#, 8oz flat filet",tenderloin,8oz
140067,-1,unclustered,0.0,"tenderloin filet 3-4#, cubed, 5oz",tenderloin,5oz
140073,-1,unclustered,0.0,"tenderloin filet 3-4#, cubed, 6oz",tenderloin,6oz
15221012,-1,unclustered,0.0,"tenderloin psmo, ibp (cangus)",tenderloin,
15221014,-1,unclustered,0.0,"tenderloin psmo, ibp (ch)",tenderloin,
15221011,-1,unclustered,0.0,"tenderloin psmo, ibp (prime)",tenderloin,
15221164,-1,unclustered,0.0,"tenderloin psmo, iowa premium (ch)",tenderloin,
15221024,-1,unclustered,0.0,"tenderloin psmo, national (ch)",tenderloin,
15225723,-1,unclustered,0.0,"tenderloin psmo, national a b (ch_angus)",tenderloin,
15421876,-1,unclustered,0.0,"tenderloin psmo, nb angus gold (n/r)",tenderloin,
15221876,-1,unclustered,0.0,"tenderloin psmo, nebraska beef (n/r)",tenderloin,
15222401,-1,unclustered,0.0,"tenderloin psmo, us212 (prime)",tenderloin,
15221130,-1,unclustered,0.0,tenderloin su karne (mex),tenderloin,
144030,-1,unclustered,0.0,"tenderloin tails, ch, 3/5oz",tenderloin,5oz
144043,-1,unclustered,0.0,"tenderloin tails, ch, oz",tenderloin,
140125,-1,unclustered,0.0,"tenderloin, cc, 4up, 12oz","tenderloin,",12oz
140045,-1,unclustered,0.0,"tenderloin, center cut, 4up, 4oz","tenderloin,",4oz
148871,-1,unclustered,0.0,"tenderloin, itoham japanese wagyu","tenderloin,",
15224636,-1,unclustered,0.0,"tenderloin, naeve beef (n/r)","tenderloin,",
44322090,-1,unclustered,0.0,"tenderloin, pork 1.25/dn 2pc, apc","tenderloin,",
44322030,-1,unclustered,0.0,"tenderloin, pork 2pc vac, rantoul","tenderloin,",
44321300,-1,unclustered,0.0,"tenderloin, pork 2pc vp, hylife","tenderloin,",
44321010,-1,unclustered,0.0,"tenderloin, pork 2pk cryo, ibp","tenderloin,",2pk
44321060,-1,unclustered,0.0,"tenderloin, pork 2pk vp, indiana","tenderloin,",2pk
44321150,-1,unclustered,0.0,"tenderloin, pork 6x2pc vp, seaboard","tenderloin,",
44321980,-1,unclustered,0.0,"tenderloin, pork 6x2pc vp, smithfield","tenderloin,",
44323350,-1,unclustered,0.0,"tenderloin, pork 6x2pc vp, swift","tenderloin,",
44311010,-1,unclustered,0.0,"tenderloin, pork single pk cryo, ibp","tenderloin,",
44311060,-1,unclustered,0.0,"tenderloin, pork single pk, indiana","tenderloin,",
44324430,-1,unclustered,0.0,"tenderloin, pork, sioux preme","tenderloin,",
15225710,-1,unclustered,0.0,"tenderloin, wagyu","tenderloin,",
140249,-1,unclustered,0.0,"tenderloins buffalo, 4pc box",tenderloins,
52011640,-1,unclustered,0.0,"tenders buffalo, winganza (10/2#)",tenders,
52311040,-1,unclustered,0.0,"tenders jumbo, sanderson frozen (40#)",tenders,
52015540,-1,unclustered,0.0,"tenders, 3s t/p, organic, miller","tenders,",
59024240,-1,unclustered,0.0,"tenders, breaded chicken lake liner 8/3#","tenders,",
4097,-1,unclustered,0.0,"tenders,butt peeled ibp","tenders,butt",
96424740,-1,unclustered,0.0,"tequeños chesse, 4ct, mambo 8x12z",tequeños,4ct
128009,-1,unclustered,0.0,teres major imported wagyu mbs #3,teres,
128010,-1,unclustered,0.0,teres major imported wagyu mbs #7,teres,
99990,-1,unclustered,0.0,test,test,
31080,-1,unclustered,0.0,thai basil leaf,thai,
84660,-1,unclustered,0.0,thai tea mix *pantai* orange box,thai,
450012,-1,unclustered,0.0,the big game burger 20/8oz round,the,8oz
990305,-1,unclustered,0.0,the birdie,the,
920268,-1,unclustered,0.0,the combo,the,
990306,-1,unclustered,0.0,the home run,the,
920295,-1,unclustered,0.0,the lazy susan box,the,
990307,-1,unclustered,0.0,the most valuable player,the,
920296,-1,unclustered,0.0,the ono kine grindz,the,
920297,-1,unclustered,0.0,the raised grain,the,
920301,-1,unclustered,0.0,the sack,the,
920302,-1,unclustered,0.0,the scrum,the,
920303,-1,unclustered,0.0,the slam dunk,the,
929304,-1,unclustered,0.0,the three pointer,the,
84505,-1,unclustered,0.0,"thermal paper roll 3 1/8"" x 230` 50 rol",thermal,
56005540,-1,unclustered,0.0,"thigh m bnls/sknls, 3s t/p, organ miller",thigh,
207900002,-1,unclustered,0.0,"thigh meat bnls/sknls, tray pack, signat",thigh,
56001010,-1,unclustered,0.0,"thigh meat bnls/sknls, tray pack, tyson,",thigh,
56004020,-1,unclustered,0.0,"thigh meat, bnls/sknls, chicken cvp (40#",thigh,
56004800,-1,unclustered,0.0,"thighs b/s t. p., delta sunrise 12/1.75",thighs,
310073,-1,unclustered,0.0,thin sliced organic breasts,thin,
84481,-1,unclustered,0.0,thin soy sauce *dsb* brand,thin,
84480,-1,unclustered,0.0,thin soy sauce 24 glass bottles,thin,24 g
430150,-1,unclustered,0.0,thomas goat legs cut 1.5 cube,thomas,
430152,-1,unclustered,0.0,thomas goat legs-whole,thomas,
191220,-1,unclustered,0.0,thomas grass fed beef patties-4/4oz pack,thomas,4oz
190049,-1,unclustered,0.0,thor`s hammer,thor`s,
742257,-1,unclustered,0.0,thuman deli loaf pepperoni,thuman,
741011,-1,unclustered,0.0,thuman delux baby ham-pear shaped,thuman,
799168,-1,unclustered,0.0,thuman onions in sauce-12/16oz,thuman,16oz
718364,-1,unclustered,0.0,thuman oven roasted turkey breast,thuman,
799112,-1,unclustered,0.0,thuman roasted peppers-12/12oz,thuman,12oz
91PQ57,-1,unclustered,0.0,thumann 12/9-oz ham glaze,thumann,
622568,-1,unclustered,0.0,thumann 6-1 all beef frankfurter,thumann,
625269,-1,unclustered,0.0,thumann 6-1 natural cas. deep fry frank,thumann,
622515,-1,unclustered,0.0,thumann 6-1 natural casing frankfurter,thumann,
612125,-1,unclustered,0.0,thumann chicken franks-12/1#,thumann,
754018,-1,unclustered,0.0,thumann hot peeper jack loaf,thumann,
91PQ12,-1,unclustered,0.0,thumann roasted peppers 12/12-oz gl,thumann,
722642,-1,unclustered,0.0,thumann top rnd corned beef,thumann,
623069,-1,unclustered,0.0,thumann`s 2oz cooked meatballs-10#,thumann`s,2oz
752700,-1,unclustered,0.0,thumann`s american cheese loaf,thumann`s,
724050,-1,unclustered,0.0,thumann`s beef bologna,thumann`s,
744005,-1,unclustered,0.0,thumann`s bologna-long,thumann`s,
744230,-1,unclustered,0.0,thumann`s braunschweigr-10/1#,thumann`s,
744205,-1,unclustered,0.0,thumann`s braunschweigr-2/4#,thumann`s,
744410,-1,unclustered,0.0,thumann`s cooked salami-4#,thumann`s,
741054,-1,unclustered,0.0,thumann`s deluxe low sodium ham-9#,thumann`s,
799169,-1,unclustered,0.0,thumann`s dussledorf mustard,thumann`s,
712210,-1,unclustered,0.0,thumann`s gourmet turkey breast,thumann`s,
741285,-1,unclustered,0.0,thumann`s hot ham-7.5#,thumann`s,
723625,-1,unclustered,0.0,thumann`s italian cap off roast beef,thumann`s,
744075,-1,unclustered,0.0,thumann`s mortadella w/pistachio,thumann`s,
722647,-1,unclustered,0.0,thumann`s pastrami bottom round flat,thumann`s,
712206,-1,unclustered,0.0,thumann`s premium white turkey breast,thumann`s,
754016,-1,unclustered,0.0,thumann`s provolone,thumann`s,
754012,-1,unclustered,0.0,thumann`s sharp white cheddar,thumann`s,
743024,-1,unclustered,0.0,thumann`s virginia style ham-8# box,thumann`s,
722625,-1,unclustered,0.0,thumanns cap off italian roast beef,thumanns,
89102,-1,unclustered,0.0,thyme leaf 2# jamaican,thyme,
80772400,-1,unclustered,0.0,tilaia,tilaia,
80803580,-1,unclustered,0.0,tilapia,tilapia,
80240,-1,unclustered,0.0,tilapia 350/550 cleaned,tilapia,
80360,-1,unclustered,0.0,tilapia 550 ct. frz whole,tilapia,550 ct
80223,-1,unclustered,0.0,tilapia belly nuggets 10#,tilapia,
76001109,-1,unclustered,0.0,"tilapia fillet 2-5z, retail crystal 10/2",tilapia,
76095829,-1,unclustered,0.0,"tilapia fillet, sea best (10/2#)",tilapia,
76005829,-1,unclustered,0.0,"tilapia fillet, sknls sea best (10/1#)",tilapia,
71204,-1,unclustered,0.0,tilapia loins 10/2#,tilapia,
76174369,-1,unclustered,0.0,"tilapia, black wgs ivp, panamei (10/3#)","tilapia,",
76124360,-1,unclustered,0.0,"tilapia, fil 4oz, ivp rtl panamei 10/2#","tilapia,",4oz
76424360,-1,unclustered,0.0,"tilapia, fil 4oz, ivp rtl panamei 10/4#","tilapia,",4oz
76224360,-1,unclustered,0.0,"tilapia, fil 4oz, ivp rtl panamei 20/1#","tilapia,",4oz
76524360,-1,unclustered,0.0,"tilapia, fil ivp selectrtl panamei 20/1#","tilapia,",
76034529,-1,unclustered,0.0,"tilapia, fillet 5-7oz, ivp crystal b 10#","tilapia,",7oz
76034979,-1,unclustered,0.0,"tilapia, fillet 5-7oz, ivp o. sereni 10#","tilapia,",7oz
76044529,-1,unclustered,0.0,"tilapia, fillet 7-9oz, ivp crystal b 10#","tilapia,",9oz
76251699,-1,unclustered,0.0,"tilapia, wgs 350/550, aquanita (10#)","tilapia,",
76261699,-1,unclustered,0.0,"tilapia, wgs 550/750, aquanita (10#)","tilapia,",
76271699,-1,unclustered,0.0,"tilapia, wgs 750/950, aquanita (10#)","tilapia,",
76051739,-1,unclustered,0.0,"tilapia, whole 350/550, austin gold 40#","tilapia,",
76061739,-1,unclustered,0.0,"tilapia, whole 550/750, austin gold 40#","tilapia,",
76075452,-1,unclustered,0.0,"tilapia, whole 750/950, fortune wind 40#","tilapia,",
76071649,-1,unclustered,0.0,"tilapia, whole 750/950, quirch (22#)","tilapia,",
76169989,-1,unclustered,0.0,"tilapia, whole red wgs 550/650, (22#)","tilapia,",
76052112,-1,unclustered,0.0,"tilapia,whole 350/550, crystal blue(40#)","tilapia,whole",
76065372,-1,unclustered,0.0,"tilapia,whole 550/750, harbor island 40#","tilapia,whole",
96024,-1,unclustered,0.0,cup foam 12 oz squat 12sj20 dart,cup,12 oz
11500,-1,unclustered,0.0,tky bacon bb,tky,
96665880,-1,unclustered,0.0,"tky br sliced quarter, kentucky l (8/2l)",tky,2l
31941,-1,unclustered,0.0,tofu - firm 12/19oz red *ichiban*,tofu,19oz
31951,-1,unclustered,0.0,tofu - medium 19oz blue *ichiban*,tofu,19oz
31961,-1,unclustered,0.0,tofu - soft 19oz green *ichiban*,tofu,19oz
17131011,-1,unclustered,0.0,"tomahaw b/in, ibp (prime)",tomahaw,
17131160,-1,unclustered,0.0,"tomahaw b/in, iowa premium",tomahaw,
17139980,-1,unclustered,0.0,"tomahawk b/in,",tomahawk,
31840,-1,unclustered,0.0,tomatillo (green),tomatillo,
501374,-1,unclustered,0.0,tomatillo whl milpero mad,tomatillo,
50142,-1,unclustered,0.0,tomatillo whl pld 36#,tomatillo,
501421,-1,unclustered,0.0,tomatillo whl pld 6/#10,tomatillo,
50137,-1,unclustered,0.0,tomatillo whl skin-on 40#,tomatillo,
906610,-1,unclustered,0.0,tomato basil ravioletti-4/4#,tomato,
501412,-1,unclustered,0.0,tomato iwd roma #1,tomato,
50139795,-1,unclustered,0.0,tomato whl 5x6 25#,tomato,
50139,-1,unclustered,0.0,tomato whl 6x6 25#,tomato,
22080200,-1,unclustered,0.0,tomato whl pld 6/#10 s.benit,tomato,
50141,-1,unclustered,0.0,tomato whl roma 25#,tomato,
31830,-1,unclustered,0.0,tomatoes 20lbs 5x6,tomatoes,20lb
94332800,-1,unclustered,0.0,tomatoes diced,tomatoes,
96544551,-1,unclustered,0.0,"tombstone pepperoni pizza 12""",tombstone,
25431,-1,unclustered,0.0,tomoshiraga somen,tomoshiraga,
10173760,-1,unclustered,0.0,"tongue #1 mixed ivp, liffey",tongue,
10174650,-1,unclustered,0.0,"tongue #1 white, frozen lone star",tongue,
10173350,-1,unclustered,0.0,"tongue #1 white, premium trim, swift",tongue,
10171080,-1,unclustered,0.0,"tongue #1 white, st. helens",tongue,
10191145,-1,unclustered,0.0,"tongue #2, (selected) western reserve",tongue,
10194490,-1,unclustered,0.0,"tongue #2, harmony",tongue,
10193350,-1,unclustered,0.0,"tongue #2, premium trim, swift",tongue,
10191140,-1,unclustered,0.0,"tongue #2, western reserve",tongue,
10209980,-1,unclustered,0.0,"tongue diced cooked, beef (2/5#)",tongue,
10201680,-1,unclustered,0.0,"tongue diced cooked, dtm (3/5#)",tongue,
10211720,-1,unclustered,0.0,"tongue mixed, republic foods",tongue,
10214830,-1,unclustered,0.0,"tongue mixed, southeastern provisions",tongue,
10214980,-1,unclustered,0.0,"tongue mixed, the chop shop",tongue,
10461000,-1,unclustered,0.0,"tongue root fillet, greater omaha",tongue,
10229980,-1,unclustered,0.0,tongue tips excel,tongue,
10174830,-1,unclustered,0.0,"tongue white, southeastern provisions",tongue,
10501680,-1,unclustered,0.0,"tongue whole cooked, dtm",tongue,
10504810,-1,unclustered,0.0,"tongue whole cooked, friboi",tongue,
10191050,-1,unclustered,0.0,"tongue, #2 swiss, afg","tongue,",
40209980,-1,unclustered,0.0,"tongue, pork","tongue,",
40201060,-1,unclustered,0.0,"tongue, pork indiana (#40)","tongue,",
140077,-1,unclustered,0.0,"top butt xt, grass run farms, ch",top,
240341,-1,unclustered,0.0,"top loin boneless, heritage berkshire",top,
174001,-1,unclustered,0.0,top round roast capoff,top,
170011,-1,unclustered,0.0,chk br bs rand w .fmc 4/10#,chk,
170520,-1,unclustered,0.0,"top round sliced, swift, 5/2#",top,
174170,-1,unclustered,0.0,"top round, ch, 17-20#",top,
170009,-1,unclustered,0.0,"top round, ckd roast beef, p.label",top,
170006,-1,unclustered,0.0,"top round, ckd, angus, dan`s",top,
174171,-1,unclustered,0.0,"top round-17-20# caselo, ch",top,
15101214,-1,unclustered,0.0,"top sirloin butt 1/4`, creekstone (ch)",top,
15111876,-1,unclustered,0.0,"top sirloin butt xt, nebraska bf (n/r)",top,
15103563,-1,unclustered,0.0,"top sirloin butt, ibp star ranch (ch_ang",top,
15101320,-1,unclustered,0.0,"top sirloin butt, mex gusi",top,
15101120,-1,unclustered,0.0,"top sirloin butt, mex praderas huastecas",top,
15101490,-1,unclustered,0.0,"top sirloin butt, mex proboca",top,
95160,-1,unclustered,0.0,topo chico mineral water glass,topo,
7612,-1,unclustered,0.0,toppings strawberry 6/10#,toppings,
15101876,-1,unclustered,0.0,topsirloin butt xt nebraska gold nr_angu,topsirloin,
9028003,-1,unclustered,0.0,tortilla corn wht pre-cut raw 20#,tortilla,
901343,-1,unclustered,0.0,tortino orange chix pizza rolls-9/24.46,tortino,
98320480,-1,unclustered,0.0,"tostada 6"" corn shells",tostada,
98816000,-1,unclustered,0.0,"tostada corn shell 6"" 20/10 cs",tostada,
9028017,-1,unclustered,0.0,tostada el ranc 20ct,tostada,20ct
96354740,-1,unclustered,0.0,"tostones de pana, mambo (12x1.25lb)",tostones,1.25lb
84642,-1,unclustered,0.0,towel cntr pull 2p,towel,
10030,-1,unclustered,0.0,tp chicken breast #829,tp,
19440034,-1,unclustered,0.0,trash,trash,
84801,-1,unclustered,0.0,trash bag/heavy duty- black 40g,trash,40g
84800,-1,unclustered,0.0,trash bag/heavy duty- black 55g,trash,55g
33,-1,unclustered,0.0,trash bags,trash,
15209984,-1,unclustered,0.0,"tri-tip, (ch)","tri-tip,",
15203694,-1,unclustered,0.0,"tri-tip, aurora (ch)","tri-tip,",
15203794,-1,unclustered,0.0,"tri-tip, black mountain (ch)","tri-tip,",
15203574,-1,unclustered,0.0,"tri-tip, ibp (ch)","tri-tip,",
15205473,-1,unclustered,0.0,"tri-tip, iowa best beef (ch angus)","tri-tip,",
15201590,-1,unclustered,0.0,"tri-tip, mex fertres","tri-tip,",
900035,-1,unclustered,0.0,triangle tofu,triangle,
18011010,-1,unclustered,0.0,"trimmings, 50%, beef, ibp","trimmings,",
48052080,-1,unclustered,0.0,"trimmings, 80%, pork boxed, dekalb","trimmings,",
144006,-1,unclustered,0.0,"tritips, fat-on, ch","tritips,",
144099,-1,unclustered,0.0,"tritips, peeled, ch","tritips,",
1818889,-1,unclustered,0.0,trky br bi chops -z,trky,
18040109,-1,unclustered,0.0,trky br bnl-z fm br meat 40#,trky,
18040988,-1,unclustered,0.0,trky br bnl-z hml foil 2/11#,trky,
18040105,-1,unclustered,0.0,trky br bnl-z jen foil 218603,trky,
18040102,-1,unclustered,0.0,trky br bnl-z nor-40407 br meat 40#,trky,
1899180,-1,unclustered,0.0,trky br bnl-z tvf foil 2/11#,trky,
18040104,-1,unclustered,0.0,trky br bnl-z tvf-2041 br meat 40#,trky,
18040101,-1,unclustered,0.0,trky br bnl.combo 2000#,trky,
182014,-1,unclustered,0.0,trky burg jen 3-1,trky,
182013,-1,unclustered,0.0,trky burg shen 3-1 80190,trky,
1822814,-1,unclustered,0.0,trky fries 30# mi-z,trky,
18228G1,-1,unclustered,0.0,trky gizzards tom-z val 30#,trky,
18228GZ,-1,unclustered,0.0,trky gizzards-z *__ 30#,trky,
1822812,-1,unclustered,0.0,trky gizzards-z car 40#,trky,
1822821,-1,unclustered,0.0,trky gizzards-z far 30#,trky,
1822815,-1,unclustered,0.0,trky gizzards-z mit 30#,trky,
13209S,-1,unclustered,0.0,trky gizzards-z nor 40#,trky,
18210789,-1,unclustered,0.0,trky grnd car-12/1#,trky,
18210788,-1,unclustered,0.0,trky grnd t.p per-12/1#,trky,
182105,-1,unclustered,0.0,trky grnd-z anm-chub 1# 10ct,trky,10ct
182102,-1,unclustered,0.0,trky grnd-z anm-chub 1# 20ct,trky,20ct
182111,-1,unclustered,0.0,trky grnd-z mit-l-43010 4/5#,trky,
18211B,-1,unclustered,0.0,trky grnd-z mit-l-43011 4/5#,trky,
18212,-1,unclustered,0.0,trky grnd-z nor 2/10# 30300 tubes,trky,
18210B,-1,unclustered,0.0,trky grnd-z nor-chub 1# 20ct,trky,20ct
18220NB,-1,unclustered,0.0,trky ham nor-z tav styl 70129 2/7#,trky,
1786378,-1,unclustered,0.0,trky kneecaps-z cooper 40#,trky,
1786379,-1,unclustered,0.0,trky kneecaps-z mit 40#,trky,
1786377,-1,unclustered,0.0,trky leg 1/4-z nor 33#,trky,
18229N,-1,unclustered,0.0,trky necks-z mic 30#,trky,
1899176,-1,unclustered,0.0,trky or br cpr-z brwn 8164 2/9#,trky,
18190,-1,unclustered,0.0,trky or br eck-z-skl,trky,
18304,-1,unclustered,0.0,trky or br jen-slc-z 40/.8 24#,trky,
183PE64Z,-1,unclustered,0.0,trky or br mit-z gldl-46502 2/9#,trky,
1832980,-1,unclustered,0.0,trky or br syg white skl 12# 2-3p,trky,
1832227,-1,unclustered,0.0,trky or br syg-pastrami 12# 2-3p,trky,
18030,-1,unclustered,0.0,trky or br thigh son-z 317002 19#,trky,
1832232,-1,unclustered,0.0,trky or br thm .brwnd/oil 2/8.5#,trky,
1832253,-1,unclustered,0.0,trky or br thm .low-sod heart 2/9#,trky,
1832206,-1,unclustered,0.0,trky or br thm .prem white 2/9#,trky,
1832212,-1,unclustered,0.0,trky or br thm cajun style 2/8#,trky,
1832229,-1,unclustered,0.0,trky or br thm cajun-hlv 5/3.5#,trky,
1832233,-1,unclustered,0.0,trky or br thm map-hny-glz 2/7#,trky,
183PE25,-1,unclustered,0.0,trky or br thm-920 wht skin-on 2/9#,trky,
183PE30,-1,unclustered,0.0,trky or br thm-925 wht skl 2/9#,trky,
183PE16,-1,unclustered,0.0,trky or br thm-browned skl 2/9#,trky,
183PE20,-1,unclustered,0.0,trky or br thm-justper brw skl 2/9#,trky,
183PE27,-1,unclustered,0.0,trky or br thm-z 920 wht skin-on,trky,
1832232Z,-1,unclustered,0.0,trky or br thm-z brwnd/oil 2/8.5#,trky,
1832212,-1,unclustered,0.0,trky or br thm cajun style 2/8#,trky,
1832213,-1,unclustered,0.0,trky or br thm-z grm all-nat 8.5#,trky,
1832247,-1,unclustered,0.0,trky or br thm-z honey & mol 6.5#,trky,
1838101,-1,unclustered,0.0,trky or br thm-z jersey made 2/9#,trky,
1832253Z,-1,unclustered,0.0,trky or br thm-z low-sod heart 2/9#,trky,
1832219Z,-1,unclustered,0.0,trky or br thm-z smk hky all-nat,trky,
18363,-1,unclustered,0.0,trky or br-z kretschmar 2/8#,trky,
1811080,-1,unclustered,0.0,trky or br-z peer smk 45550 6/6#,trky,
18111586,-1,unclustered,0.0,trky or-slc-z btb 12/1#,trky,
18066881,-1,unclustered,0.0,trky or-slc-z osm-06441 12#,trky,
1823506,-1,unclustered,0.0,trky tenders-z per 40#,trky,
18209T,-1,unclustered,0.0,trky thigh meat bnl -z *__ 30#,trky,
18225,-1,unclustered,0.0,trky thigh meat bnl -z fm 40#,trky,
18229,-1,unclustered,0.0,trky thigh meat bnl -z mit 40#,trky,
182299,-1,unclustered,0.0,trky thigh meat bnl -z wlf 40#,trky,
182292,-1,unclustered,0.0,trky thigh meat bnl-z jennie o 40#,trky,
182191,-1,unclustered,0.0,trky whl 10-12# car-z 4ct,trky,4ct
1800114,-1,unclustered,0.0,trky whl 10-16# btb-z,trky,
18222734,-1,unclustered,0.0,trky whl 10-16# hny 4 ct-z,trky,4 ct
1800194,-1,unclustered,0.0,trky whl 10-16# sbf-z,trky,
18224885,-1,unclustered,0.0,trky whl 12-14# svo organic-z 2 ct,trky,2 ct
182208,-1,unclustered,0.0,trky whl 12-16# jennie o-z 4ct,trky,4ct
182223,-1,unclustered,0.0,trky whl 14-16# jennie-o-z 4ct,trky,4ct
1800115,-1,unclustered,0.0,trky whl 16-20# jen-z,trky,
1822680,-1,unclustered,0.0,trky whl 16-22# nor 2ct,trky,2ct
1800113,-1,unclustered,0.0,trky whl 16-24# btb-z,trky,
1823073,-1,unclustered,0.0,trky whl 20-24# car-z 2ct,trky,2ct
18265,-1,unclustered,0.0,trky whl 28-32#-z 2 ct count,trky,2 ct
18266,-1,unclustered,0.0,trky whl 28-32#-z 2 ct tvf,trky,2 ct
182602,-1,unclustered,0.0,trky whl 30-32# 2 ct tvf-z,trky,2 ct
182608,-1,unclustered,0.0,trky whl 36-38# 2 ct tvc-z,trky,2 ct
1822284,-1,unclustered,0.0,trky whl-ref amish 16-20# 2 ct,trky,2 ct
1823066,-1,unclustered,0.0,trky whl-ref amish 20-24# 2 ct,trky,2 ct
18259,-1,unclustered,0.0,trky whl-ref amish 24-28# 2 ct,trky,2 ct
18230999,-1,unclustered,0.0,trky whl-ref ho-ka 20-22# 1 ct,trky,1 ct
1822286,-1,unclustered,0.0,trky whl-ref tvf 16-20#,trky,
1822287,-1,unclustered,0.0,trky whl-ref tvf 24-28#,trky,
18204014,-1,unclustered,0.0,trky wing -z jennie-o 30#,trky,
18215,-1,unclustered,0.0,trky-smk whl nor 08-10# 4p 83103,trky-smk,
1822980,-1,unclustered,0.0,trky-smk wing anm 30#,trky-smk,
96050,-1,unclustered,0.0,tropical rythms mango,tropical,
80773100,-1,unclustered,0.0,trout filet -fresh 4oz,trout,4oz
71201,-1,unclustered,0.0,trout rainbow fillets,trout,
DIESEL,-1,unclustered,0.0,truck fuel,truck,
805466,-1,unclustered,0.0,"truffles, pate, blk 6/17.7-oz isola","truffles,",
84221,-1,unclustered,0.0,tsuru mai brown rice 50# california,tsuru,
80060,-1,unclustered,0.0,tuna cut frozen 22#,tuna,
80063,-1,unclustered,0.0,tuna ground/minced aa ivp,tuna,
80062,-1,unclustered,0.0,tuna loins 5-8lb ivp co,tuna,8lb
78419969,-1,unclustered,0.0,tuna saku yellowfin #10,tuna,
78422179,-1,unclustered,0.0,tuna yellowfin portions 2-4oz 4x2.5# (#1,tuna,4oz
78424369,-1,unclustered,0.0,"tuna, portions ivp, panamei (20/1#)","tuna,",
10001056,-1,unclustered,0.0,"turano sub rolls 6""",turano,
41129350,-1,unclustered,0.0,turducken ground,turducken,
42301146,-1,unclustered,0.0,turkey -brest foil turkey valley-18%,turkey,
99910,-1,unclustered,0.0,foil sheets 9x10 3/4 vintage,foil,
41501900,-1,unclustered,0.0,turkey 20/24 organic,turkey,
41218603,-1,unclustered,0.0,turkey b/out raw foil 2-8/12 lb /cs jenn,turkey,12 lb
41303070,-1,unclustered,0.0,turkey bacon butterball,turkey,
95695620,-1,unclustered,0.0,"turkey bacon loso,12/12z butterball (9#)",turkey,
391036,-1,unclustered,0.0,"turkey bacon, club pack, o. mayer",turkey,
391111,-1,unclustered,0.0,turkey bones,turkey,
SP410,-1,unclustered,0.0,turkey breakfast sausage links,turkey,
SP411,-1,unclustered,0.0,turkey breakfast sausage patty,turkey,
43400693,-1,unclustered,0.0,turkey breast -bonelesss netted 2/9,turkey,
43400692,-1,unclustered,0.0,turkey breast -bonelesss netted skin on,turkey,
41312400,-1,unclustered,0.0,turkey breast b/out raw bake-n-bag coope,turkey,
41200002,-1,unclustered,0.0,turkey breast b/out s/off combopac,turkey,
41200001,-1,unclustered,0.0,turkey breast b/out s/off combopac tk va,turkey,
41350100,-1,unclustered,0.0,turkey breast b/out s/on raw netted perd,turkey,
311777,-1,unclustered,0.0,"turkey breast bi split, empire kosher",turkey,
310029,-1,unclustered,0.0,turkey breast bnls raw netted,turkey,
41611514,-1,unclustered,0.0,turkey breast bone in chop 14oz,turkey,14oz
SP4011,-1,unclustered,0.0,turkey breast boneless foil*,turkey,
391990,-1,unclustered,0.0,"turkey breast chop, moesle",turkey,
43475021,-1,unclustered,0.0,turkey breast deli hickory smoked 2/8 fr,turkey,
311040,-1,unclustered,0.0,"turkey breast filet, 4oz, our own",turkey,4oz
41218904,-1,unclustered,0.0,turkey breast frenched cut jennie-o,turkey,
311121,-1,unclustered,0.0,"turkey breast frenched, j.o., 4pc",turkey,
43466621,-1,unclustered,0.0,turkey breast golden browned petite low,turkey,
971117598,-1,unclustered,0.0,turkey breast honey(9-8oz)plumrose,turkey,8oz
41200300,-1,unclustered,0.0,turkey breast meat b/out fresh,turkey,
41251060,-1,unclustered,0.0,turkey breast norbest sweet b/out raw,turkey,
971116598,-1,unclustered,0.0,turkey breast o/r(9-8oz)plumrose,turkey,8oz
43446678,-1,unclustered,0.0,turkey breast oven browned whole 46678,turkey,
97125740,-1,unclustered,0.0,"turkey breast oven r, bar s 12/14oz",turkey,14oz
41634100,-1,unclustered,0.0,turkey breast oven roasted norbest,turkey,
43461240,-1,unclustered,0.0,turkey breast oven roasted petite mt,turkey,
48501000,-1,unclustered,0.0,turkey breast oven roasted sliced fz,turkey,
43463001,-1,unclustered,0.0,turkey breast oven roasted white fresh m,turkey,
311001,-1,unclustered,0.0,"turkey breast oven roasted, carolina",turkey,
41850200,-1,unclustered,0.0,turkey breast oven rost oil browned,turkey,
41742400,-1,unclustered,0.0,turkey breast pan rst cooper,turkey,
311030,-1,unclustered,0.0,"turkey breast qtr, foster, oven roasted",turkey,
311020,-1,unclustered,0.0,"turkey breast roast, foil wrap, 2pc",turkey,
43400792,-1,unclustered,0.0,turkey breast roast/petite s/on french c,turkey,
41602160,-1,unclustered,0.0,turkey breast s/off oven roasted,turkey,
41602650,-1,unclustered,0.0,turkey breast s/off oven roasted norb,turkey,
41200901,-1,unclustered,0.0,turkey breast skin/off bnls abf,turkey,
43488032,-1,unclustered,0.0,turkey breast sliced browned frozen mt,turkey,
48305,-1,unclustered,0.0,turkey breast sliced frozen mt,turkey,
43485321,-1,unclustered,0.0,turkey breast sliced hickory smoked fres,turkey,
43485361,-1,unclustered,0.0,turkey breast sliced oven roasted fresh,turkey,
41868500,-1,unclustered,0.0,turkey breast smoked -fresh 2-9 lb/cs,turkey,9 lb
311003,-1,unclustered,0.0,"turkey breast tender, j.o., brown",turkey,
41739836,-1,unclustered,0.0,turkey breast trim,turkey,
43200011,-1,unclustered,0.0,turkey breast trim mt,turkey,
42301143,-1,unclustered,0.0,turkey breast turkey valley cook in bag,turkey,
43468032,-1,unclustered,0.0,turkey breast whole oven roasted frozen,turkey,
SP400,-1,unclustered,0.0,turkey breast-cooked*,turkey,
43478101,-1,unclustered,0.0,turkey breast-pan whole hickory smoke fr,turkey,
43468172,-1,unclustered,0.0,turkey breast-pan whole oven roasted fro,turkey,
43400132,-1,unclustered,0.0,turkey breast/ thigh roasted s/on frozen,turkey,
311002,-1,unclustered,0.0,"turkey brst/thigh roast raw, j.o.",turkey,
41422210,-1,unclustered,0.0,turkey burger (2oz sliders ),turkey,2oz
41723850,-1,unclustered,0.0,turkey burger mediterranean,turkey,
41802010,-1,unclustered,0.0,turkey burger patties perdue,turkey,
41404000,-1,unclustered,0.0,turkey burgers perdue senandoah 3.53,turkey,
41404004,-1,unclustered,0.0,turkey burgers pure 4/1,turkey,
41531030,-1,unclustered,0.0,turkey deli sliced oven roasted buddig,turkey,
SP4162,-1,unclustered,0.0,turkey diced,turkey,
41829220,-1,unclustered,0.0,"turkey diced mixed 3/8""",turkey,
41544650,-1,unclustered,0.0,"turkey dogs 12#cs 5-1 6"" butterball",turkey,
41561886,-1,unclustered,0.0,"turkey dogs 8-1 6"" 2/5 lb",turkey,5 lb
41618368,-1,unclustered,0.0,"turkey dogs 8-1 6"" 36# cs",turkey,
321122,-1,unclustered,0.0,"turkey drums, tray pack, perdue",turkey,
361812,-1,unclustered,0.0,"turkey fresh, country day, 8-12#",turkey,
11082,-1,unclustered,0.0,turkey fries 40#,turkey,
11420,-1,unclustered,0.0,turkey gizzards bulk raw frozen 30#,turkey,
43350213,-1,unclustered,0.0,turkey gizzards frozen,turkey,
SP415,-1,unclustered,0.0,turkey ground,turkey,
41445930,-1,unclustered,0.0,turkey ground anmarfoods,turkey,
48200000,-1,unclustered,0.0,turkey ground breast fresh,turkey,
41385500,-1,unclustered,0.0,turkey ground fresh,turkey,
41385900,-1,unclustered,0.0,turkey ground fresh organic,turkey,
41385000,-1,unclustered,0.0,turkey ground norbest-all natural,turkey,
48100000,-1,unclustered,0.0,turkey ground thigh fresh,turkey,
48100001,-1,unclustered,0.0,turkey ground thigh frozen 1 lb. units,turkey,1 lb
96735620,-1,unclustered,0.0,"turkey ham skd bb hickory,2/6.5 butt (13",turkey,
41701262,-1,unclustered,0.0,turkey ham whole fully cooked,turkey,
361100,-1,unclustered,0.0,"turkey hen, 10-12#",turkey,
361140,-1,unclustered,0.0,"turkey hen, 14-16#",turkey,
11044,-1,unclustered,0.0,turkey kuckles frozen,turkey,
41320030,-1,unclustered,0.0,turkey leg quarters,turkey,
331001,-1,unclustered,0.0,"turkey leg, smoked, 16-20ct",turkey,20ct
43350712,-1,unclustered,0.0,turkey livers 50 lb case,turkey,50 lb
381000,-1,unclustered,0.0,turkey necks,turkey,
11070,-1,unclustered,0.0,turkey necks raw fzn catchweight,turkey,
97665880,-1,unclustered,0.0,"turkey oven roast 1/4 slcd, k l (12/16l)",turkey,16l
41816550,-1,unclustered,0.0,turkey pastrami 2-7# no peppercor,turkey,
96745620,-1,unclustered,0.0,"turkey pastrami, 4/1.88-2.63,butt (10#)",turkey,
41246400,-1,unclustered,0.0,turkey pattie 4oz white jennie-o,turkey,4oz
41246100,-1,unclustered,0.0,turkey pattie 7oz savory dark frozen - j,turkey,7oz
41609020,-1,unclustered,0.0,turkey pot roast,turkey,
SP450,-1,unclustered,0.0,turkey pulled / raw bnls thighs,turkey,
41430180,-1,unclustered,0.0,turkey raw ground,turkey,
41430160,-1,unclustered,0.0,turkey raw ground 90% -abf,turkey,
11045,-1,unclustered,0.0,turkey ribs jumbo fc frozen,turkey,
41816400,-1,unclustered,0.0,turkey salami,turkey,
48000123,-1,unclustered,0.0,turkey sausage jalapeno,turkey,
207900019,-1,unclustered,0.0,"turkey sausage links, johnsonville (6#)",turkey,
207900020,-1,unclustered,0.0,"turkey sausage patties, j. dean (5#)",turkey,
41350050,-1,unclustered,0.0,turkey skin 40lb cs frozen,turkey,40lb
41350040,-1,unclustered,0.0,turkey skins 300lb cmbo,turkey,300lb
41117200,-1,unclustered,0.0,turkey smoked thigh,turkey,
12340,-1,unclustered,0.0,turkey split breast,turkey,
12341,-1,unclustered,0.0,turkey split breast b/i,turkey,
11050,-1,unclustered,0.0,turkey tails ( 20lb),turkey,20lb
11080,-1,unclustered,0.0,turkey tails raw frozen( 30#),turkey,
381030,-1,unclustered,0.0,"turkey tails, smoked, 30#",turkey,
43210012,-1,unclustered,0.0,turkey tender filet tendon out,turkey,
351000,-1,unclustered,0.0,"turkey tender, 18#",turkey,
351040,-1,unclustered,0.0,"turkey tender, 40#",turkey,
11410,-1,unclustered,0.0,turkey thigh b/i bulk frozen,turkey,
11460,-1,unclustered,0.0,turkey thigh boneless frozen,turkey,
41300140,-1,unclustered,0.0,turkey thigh meat b/out s/off fresh 40lb,turkey,40lb
41300000,-1,unclustered,0.0,"turkey thigh meat, b/out-skinless",turkey,
41739837,-1,unclustered,0.0,turkey thigh trim,turkey,
341122,-1,unclustered,0.0,"turkey thigh, bi, perdue, tray pack",turkey,
361162,-1,unclustered,0.0,"turkey whol freshe, country day, 16-22#",turkey,
41802110,-1,unclustered,0.0,turkey whole 18/20 abf,turkey,
41803118,-1,unclustered,0.0,turkey whole 18/20 halal,turkey,
361106,-1,unclustered,0.0,"turkey whole fresh, country day, 10-16#",turkey,
41701260,-1,unclustered,0.0,turkey whole ham 2/6-8#,turkey,
361118,-1,unclustered,0.0,"turkey whole, ferndale mkt, 18-20#",turkey,
361228,-1,unclustered,0.0,"turkey whole, fresh country day, 22-28#",turkey,
371000,-1,unclustered,0.0,turkey wings,turkey,
43230013,-1,unclustered,0.0,turkey wings drummettes 1st joint only,turkey,
11043,-1,unclustered,0.0,turkey wings jive fc 12pk/6 frozen,turkey,12pk
11042,-1,unclustered,0.0,turkey wings smoked 2nd joint frozen,turkey,
11040,-1,unclustered,0.0,turkey wings tom bulk frozen,turkey,
41640003,-1,unclustered,0.0,turkey wings whole,turkey,
371122,-1,unclustered,0.0,"turkey wings, tray pack, perdue",turkey,
41803400,-1,unclustered,0.0,turkeys whole smoked 12/14,turkeys,
31870,-1,unclustered,0.0,turnip 25#,turnip,
25250,-1,unclustered,0.0,"tyj sprng roll pastry 8"" *tyj*",tyj,
350928,-1,unclustered,0.0,tyson chicken breast tenderloins-2/#10,tyson,
343140,-1,unclustered,0.0,tyson rtc jumbo b/s ckn thigh 4/10 lb,tyson,10 lb
610269,-1,unclustered,0.0,tyson sliced pepperoni-pork free,tyson,
70000,-1,unclustered,0.0,u/15 shrimp 10/4# case,u/15,
85460,-1,unclustered,0.0,unagi tare (eel sauce) *lee kum kee,unagi,
12100415,-1,unclustered,0.0,usda prime spinalis,usda,
83430,-1,unclustered,0.0,use -----89850 8x8 3 cmpt,use,
620112,-1,unclustered,0.0,using bransweigerliversausno.,using,
620042,-1,unclustered,0.0,using slicing summer 8lb,using,8lb
620043,-1,unclustered,0.0,using stic summer nogarlic 2l,using,2l
620143,-1,unclustered,0.0,using stic summer with garlic 2l,using,2l
620113,-1,unclustered,0.0,using stk summsausw/garlic 2l,using,2l
620044,-1,unclustered,0.0,using summer w/jalapeno,using,
622366,-1,unclustered,0.0,usinger 4-1 jalapeno cheese brat,usinger,
620114,-1,unclustered,0.0,usinger 4-1 raw brat 6#,usinger,
620045,-1,unclustered,0.0,usinger 4-1 raw italian 6#,usinger,
620115,-1,unclustered,0.0,usinger all beef 5-1 hot dog,usinger,
620069,-1,unclustered,0.0,b.park 5-1 all beef hot dog,b.park,
620046,-1,unclustered,0.0,usinger andouille,usinger,
620072,-1,unclustered,0.0,bnls smoked pork loin,bnls,
620067,-1,unclustered,0.0,6oz smoked pork chop,6oz,6oz
620116,-1,unclustered,0.0,usinger bavarian wiener,usinger,
620115,-1,unclustered,0.0,usinger all beef 5-1 hot dog,usinger,
620070,-1,unclustered,0.0,b.park 8-1 all beef hot dogs,b.park,
620105,-1,unclustered,0.0,rb rice ital saus roll-12/1#,rb,
620095,-1,unclustered,0.0,j.dean ckd pork sausage links-30#,j.dean,
620097,-1,unclustered,0.0,jimmy dean pork sausage roll,jimmy,
620117,-1,unclustered,0.0,usinger hungarian sausage 4/1,usinger,
620047,-1,unclustered,0.0,usinger knackwurst (6#),usinger,
620048,-1,unclustered,0.0,usinger landjaeger 5# 15pc,usinger,
620111,-1,unclustered,0.0,smoked pork hock,smoked,
620061,-1,unclustered,0.0,4-1 homemade brat links 10# b,4-1,
620053,-1,unclustered,0.0,usinger octoberfest brat 9,usinger,
620092,-1,unclustered,0.0,j.dean bulk italian saus-12/1#,j.dean,
620101,-1,unclustered,0.0,jones precooked sausage patty,jones,
620049,-1,unclustered,0.0,usinger polish,usinger,
620063,-1,unclustered,0.0,usinger ring bologna,usinger,
620050,-1,unclustered,0.0,usinger weiswurst 5-6/1 6#bx,usinger,
620074,-1,unclustered,0.0,bratwurst patty 5oz 10# bx,bratwurst,5oz
40111060,-1,unclustered,0.0,"uteri, indiana, pork","uteri,",
40119980,-1,unclustered,0.0,"uteri, pork","uteri,",
140051,-1,unclustered,0.0,"utility tenderloin filet 2-3#, 5oz",utility,5oz
140061,-1,unclustered,0.0,"utility tenderloin filet 2-3#, 6oz",utility,6oz
140041,-1,unclustered,0.0,"utility tenderloin filet/2-3#, 4oz",utility,4oz
140071,-1,unclustered,0.0,"utility tenderloin filet/2-3#, 7oz",utility,7oz
140032,-1,unclustered,0.0,"utility tenderloin, full trim, 3-4#",utility,
140044,-1,unclustered,0.0,"utility tenderloin, full trim, 4up",utility,
41548910,-1,unclustered,0.0,v,v,
61120202,-1,unclustered,0.0,veal arm chuck,veal,
63250130,-1,unclustered,0.0,veal bhs strauss,veal,
64700100,-1,unclustered,0.0,veal bones cut -imported,veal,
410076,-1,unclustered,0.0,veal bones cut up,veal,
64700300,-1,unclustered,0.0,veal bones domestic 50lb/cs,veal,50lb
68957002,-1,unclustered,0.0,veal bones domestic mixed,veal,
1121472,-1,unclustered,0.0,veal bones-z hard-cut pro 50#,veal,
11188,-1,unclustered,0.0,veal brain-z marcho 10#,veal,
67308000,-1,unclustered,0.0,veal brat cooked-4/1,veal,
65995000,-1,unclustered,0.0,veal briskets b/in .,veal,
65418060,-1,unclustered,0.0,veal briskets fat on,veal,
68936094,-1,unclustered,0.0,veal calf liver 4/1 provimi,veal,
11129,-1,unclustered,0.0,veal carcass a 40-50# bob,veal,
410078,-1,unclustered,0.0,veal cheek meat,veal,
104423,-1,unclustered,0.0,veal cheek-z pro 10#,veal,
62144704,-1,unclustered,0.0,veal chop frenched to eye 16oz provimi,veal,16oz
1208955,-1,unclustered,0.0,veal chuck bi neck 2ct mrc,veal,2ct
1111B,-1,unclustered,0.0,veal chuck bi sqc,veal,
1109911,-1,unclustered,0.0,veal chuck clod-bnl pio 15#,veal,
1109910,-1,unclustered,0.0,veal chuck clod-bnl prv 15#,veal,
61120021,-1,unclustered,0.0,veal chuck roll,veal,
61310500,-1,unclustered,0.0,veal chuck short ribs,veal,
61120020,-1,unclustered,0.0,veal clod boneless bobby,veal,
90008,-1,unclustered,0.0,veal cube steak c/r *catelli*,veal,
11218776,-1,unclustered,0.0,veal demi glace-z provimi 16#,veal,
66966977,-1,unclustered,0.0,veal demi glaze,veal,
63340040,-1,unclustered,0.0,veal denuded strip loin slices 3 oz ea,veal,3 oz
11199E1,-1,unclustered,0.0,veal eye of round-z prv 20#,veal,
64175090,-1,unclustered,0.0,veal eye round,veal,
1121252,-1,unclustered,0.0,veal feet-z cts,veal,
411674,-1,unclustered,0.0,veal flank steak,veal,
90013,-1,unclustered,0.0,veal fore osso bucco vsp *catelli*,veal,
67140000,-1,unclustered,0.0,veal ground,veal,
90004,-1,unclustered,0.0,beef patty jamaican halal,beef,
11210682,-1,unclustered,0.0,veal ground fine mar 2/5#,veal,
11210675,-1,unclustered,0.0,veal ground fine prv 10/1# ret,veal,
11210679,-1,unclustered,0.0,veal ground-z fine swf 10#,veal,
64318000,-1,unclustered,0.0,veal hind shank-4pc /cs,veal,
410082,-1,unclustered,0.0,veal hindshank ossobucco 3in,veal,
68191800,-1,unclustered,0.0,veal innerskirts fresh,veal,
410096,-1,unclustered,0.0,veal inside slice 4oz full face,veal,4oz
64316000,-1,unclustered,0.0,veal knuckles,veal,
11213,-1,unclustered,0.0,veal knuckles bnl*,veal,
64308000,-1,unclustered,0.0,veal leg b/out - top bottom sirloin - ch,veal,
90012,-1,unclustered,0.0,veal leg cutlet cr *catelli*,veal,
64190093,-1,unclustered,0.0,veal leg hip culet-5oz,veal,5oz
64200094,-1,unclustered,0.0,veal leg slices 4oz,veal,4oz
64123451,-1,unclustered,0.0,veal leg-45/55lbs,veal,55lb
90005,-1,unclustered,0.0,veal loin chop vsp *catelli*,veal,
63314040,-1,unclustered,0.0,veal loin trimmed 4x4,veal,
64700317,-1,unclustered,0.0,veal marrow bones domestic 10lb/cs,veal,10lb
68151008,-1,unclustered,0.0,veal medallion 2oz,veal,2oz
64700700,-1,unclustered,0.0,veal necks,veal,
61528092,-1,unclustered,0.0,"veal osso buco- 2.5""",veal,
410085,-1,unclustered,0.0,veal ossobucco center cut 1.5in,veal,
410086,-1,unclustered,0.0,veal ossobucco center cut 1in,veal,
68990770,-1,unclustered,0.0,veal provimi glace de veau 20lb/box,veal,20lb
62414046,-1,unclustered,0.0,veal rack chop bone 6#,veal,
62410020,-1,unclustered,0.0,veal rack single (fr) provimi,veal,
62221207,-1,unclustered,0.0,veal rack single heavy 7 bone,veal,
62446040,-1,unclustered,0.0,"veal rib chop 14oz 1"" tail",veal,14oz
410088,-1,unclustered,0.0,veal rib chop frenched e to e,veal,
90014,-1,unclustered,0.0,veal rib chop vsp *catelli*,veal,
62437040,-1,unclustered,0.0,veal rib shop 10oz,veal,10oz
90006,-1,unclustered,0.0,veal ribeye roast frenched,veal,
62446170,-1,unclustered,0.0,veal ribeye spec fed,veal,
90003,-1,unclustered,0.0,veal scallopini fvz vsp rd,veal,
68180050,-1,unclustered,0.0,veal shanks -four,veal,
11161A,-1,unclustered,0.0,veal shnk hind whl *__,veal,
90015,-1,unclustered,0.0,veal shoulder 60#,veal,
11114121,-1,unclustered,0.0,veal skirt outer [10#],veal,
66597700,-1,unclustered,0.0,veal skirts strauss,veal,
90002,-1,unclustered,0.0,veal slice scallopini cr *catelli*,veal,
68585090,-1,unclustered,0.0,veal stew xtra lean,veal,
63348040,-1,unclustered,0.0,veal tenderloin psmo whole,veal,
410092,-1,unclustered,0.0,veal tongue fresh,veal,
410092,-1,unclustered,0.0,veal tongue fresh,veal,
112308,-1,unclustered,0.0,veal tongue-z gld,veal,
11191791,-1,unclustered,0.0,veal top rnd inside c/o pio 2/5#,veal,
11191790,-1,unclustered,0.0,veal top rnd inside c/o prv 3/5#,veal,
64151050,-1,unclustered,0.0,veal top round,veal,
64151060,-1,unclustered,0.0,veal top round uncleaned,veal,
11119,-1,unclustered,0.0,veal trim brisket,veal,
64175040,-1,unclustered,0.0,veal trmmed eye round,veal,
1121253,-1,unclustered,0.0,veal whl feet-z cat 50#,veal,
30119980,-1,unclustered,0.0,"veal, brains","veal,",
30219980,-1,unclustered,0.0,"veal, caul fat","veal,",
30216040,-1,unclustered,0.0,"veal, caul fat, catelli","veal,",
30189980,-1,unclustered,0.0,"veal, ground","veal,",
30186040,-1,unclustered,0.0,"veal, ground, catelli (10#)","veal,",
30159980,-1,unclustered,0.0,"veal, intestines","veal,",
30154940,-1,unclustered,0.0,"veal, intestines 2/15# marcho farms 30#","veal,",
30152610,-1,unclustered,0.0,"veal, intestines strauss","veal,",
30202220,-1,unclustered,0.0,"veal, kidney","veal,",
38276040,-1,unclustered,0.0,"veal, stew deluxe, catelli","veal,",
30122220,-1,unclustered,0.0,"veal, tongue","veal,",
30009980,-1,unclustered,0.0,"veal, whole carcass","veal,",
62417040,-1,unclustered,0.0,"veal,7 bone rack","veal,7",
74160,-1,unclustered,0.0,vealstk brd 3-1 sup-335 10#-z,vealstk,
74156,-1,unclustered,0.0,vealstk unb 3-1 sup-211nl 10#-z,vealstk,
80225012,-1,unclustered,0.0,veg frz mix 12/2.5#,veg,
86030,-1,unclustered,0.0,vegetable cake shortening,vegetable,
94907300,-1,unclustered,0.0,vegetable onions red,vegetable,
93507540,-1,unclustered,0.0,vegetable shortening cube 76850,vegetable,
25551,-1,unclustered,0.0,vegetable spring roll 1.76oz,vegetable,1.76oz
94711100,-1,unclustered,0.0,vegetable wh peeled tomatoes 6/10,vegetable,
SP1050,-1,unclustered,0.0,veggie burger - dr. praeger,veggie,
98108004,-1,unclustered,0.0,veggie burger garden 3.4-4oz,veggie,4oz
SPV1052,-1,unclustered,0.0,veggie- breakfast sausage,veggie-,
SPV1055,-1,unclustered,0.0,veggie-chicken tenders,veggie-chicken,
SPV1053,-1,unclustered,0.0,veggie-meatballs 10#,veggie-meatballs,
99998,-1,unclustered,0.0,vender sample 1/4# patties,vender,
SAMPLES,-1,unclustered,0.0,vendor samples,vendor,
457091,-1,unclustered,0.0,venison b trim,venison,
457103,-1,unclustered,0.0,venison berkshire salami-6/6oz,venison,6oz
453064,-1,unclustered,0.0,venison cervena tenderloin,venison,
450081,-1,unclustered,0.0,venison frenched 8 rib rack,venison,
91279955,-1,unclustered,0.0,venison ground 2#,venison,
79113004,-1,unclustered,0.0,venison leg boneless,venison,
79113112,-1,unclustered,0.0,venison legs b/out,venison,
20214S,-1,unclustered,0.0,venison loin strip -z,venison,
457018,-1,unclustered,0.0,venison pate w/apricots & hazelnuts,venison,
912779,-1,unclustered,0.0,venison patties 5.3oz 2#,venison,5.3oz
79113225,-1,unclustered,0.0,venison rack 8 bone frenched,venison,
79113111,-1,unclustered,0.0,venison sausage,venison,
79113000,-1,unclustered,0.0,venison striploins,venison,
140007,-1,unclustered,0.0,"venison striploins, cervena",venison,
84055,-1,unclustered,0.0,vermicelli - bean thread 250g/100,vermicelli,250g
84070,-1,unclustered,0.0,vermicelli 50/17.6oz *long kou*,vermicelli,17.6oz
750120,-1,unclustered,0.0,vert. slic amer cheese 120ct,vert.,120ct
83361,-1,unclustered,0.0,vesin msg med. 20kg (44#),vesin,
84452,-1,unclustered,0.0,"vesin straws wrapped 7.75"" only",vesin,
22387890,-1,unclustered,0.0,vienna chili no beans,vienna,
93211216,-1,unclustered,0.0,vinegar apple cider 4/1gal,vinegar,1g
93211226,-1,unclustered,0.0,vinegar distilled white 4/1 gal,vinegar,1 g
VOID,-1,unclustered,0.0,void,void,
1365100,-1,unclustered,0.0,volpi slc-z coppa salame 12/4-oz,volpi,
1330552,-1,unclustered,0.0,volpi slc-z genoa salame 12/4-oz,volpi,
1316700,-1,unclustered,0.0,volpi slc-z mort/copp/genoa 12/4-oz,volpi,
12000500,-1,unclustered,0.0,w,w,
740224,-1,unclustered,0.0,w.creek smoked pit hams-2pc box,w.creek,
148413,-1,unclustered,0.0,wagyu 0x1 striploin mb 3-5,wagyu,
148408,-1,unclustered,0.0,wagyu 0x1 striploin mb 8-9,wagyu,
198081,-1,unclustered,0.0,wagyu 4oz beef patty,wagyu,4oz
628311,-1,unclustered,0.0,wagyu beef 3-1 hot dog-10#,wagyu,
628511,-1,unclustered,0.0,wagyu beef 5-1 hot dog-10#,wagyu,
168002,-1,unclustered,0.0,wagyu beef back ribs,wagyu,
138296,-1,unclustered,0.0,wagyu beef flank steak-marble score 5,wagyu,
118350,-1,unclustered,0.0,wagyu corned beef brisket,wagyu,
168321,-1,unclustered,0.0,"wagyu hot dog, 32/1",wagyu,
78204369,-1,unclustered,0.0,"wahoo, stk b/in s/on ivp, panamei 10/2#","wahoo,",
84501,-1,unclustered,0.0,wai wai insant noodles 24x17.5 thailand,wai,
86480,-1,unclustered,0.0,wasabi powder 10/2.2#,wasabi,
906032,-1,unclustered,0.0,water 40/16oz nestle,water,16oz
86510,-1,unclustered,0.0,water chesnuts - sliced,water,
86500,-1,unclustered,0.0,water chestnuts - diced,water,
920200,-1,unclustered,0.0,web site sales daily,web,
25251,-1,unclustered,0.0,wei chuan spring roll shells 71002,wei,
24992,-1,unclustered,0.0,wei-chuan pork potsticker 2-62181,wei-chuan,
620124,-1,unclustered,0.0,weisgerber smoked brat,weisgerber,
620125,-1,unclustered,0.0,weissgerber fresh brats 7in 6#,weissgerber,
312025,-1,unclustered,0.0,wentzel boneless duck breasts-25#,wentzel,
1242,-1,unclustered,0.0,wheeling steaks,wheeling,
71690,-1,unclustered,0.0,white clam - cooked (11/20) 10#/case,white,
31921,-1,unclustered,0.0,white onion #1 jumbo blanca,white,
84641,-1,unclustered,0.0,white roll towel 6/case 78000003,white,
30354,-1,unclustered,0.0,white satin bulk 5 gal 7780,white,5 g
94000,-1,unclustered,0.0,white sesame seed (5#/bag) each,white,
410010,-1,unclustered,0.0,white valley veal outside skirt-10#,white,
86110,-1,unclustered,0.0,white vinegar 4x1,white,
78431619,-1,unclustered,0.0,"whiting, fillet 2-4oz skin-on, (40#)","whiting,",4oz
78682609,-1,unclustered,0.0,"whiting, fillet 6-8oz sknls, (4/10#)","whiting,",8oz
78584369,-1,unclustered,0.0,"whiting, fillet s-on rtl, panamei 12/2#","whiting,",
78459989,-1,unclustered,0.0,"whiting, h&g (50#)","whiting,",
78454369,-1,unclustered,0.0,"whiting, hgt iqf rtl, panamei (15/2#)","whiting,",
78469969,-1,unclustered,0.0,"whiting,fillet,4-6 skin-on,coomarpes(40)","whiting,fillet,4-6",
78441619,-1,unclustered,0.0,"whiting,fillet4-6 sknls,coomarpes (4/10)","whiting,fillet4-6",
84651,-1,unclustered,0.0,whole baby corn 250 up,whole,
84011,-1,unclustered,0.0,whole black pepper -{ 5#/bag },whole,
50120,-1,unclustered,0.0,whole ckd crawfish 16/22,whole,
62070,-1,unclustered,0.0,whole cleaned cuttlefish - case u/1,whole,
51130,-1,unclustered,0.0,whole cooked crawfish 10-15 10#,whole,
50170,-1,unclustered,0.0,pepper jalapeno red 38#,pepper,
12032670,-1,unclustered,0.0,whole corned beef brisket (flat),whole,
12052670,-1,unclustered,0.0,"whole corned beef brisket, o`connell`s",whole,
50130,-1,unclustered,0.0,whole crawfish 16/22 ssn ckd - ( 10# ),whole,
83210,-1,unclustered,0.0,whole dried chili 6x5,whole,
93009980,-1,unclustered,0.0,"whole duck headless, 6 count",whole,6 count
190083,-1,unclustered,0.0,femur whole combo,femur,
360049,-1,unclustered,0.0,whole fryer 4lb,whole,4lb
52152960,-1,unclustered,0.0,"whole fryer 5/up, perdue",whole,
52151010,-1,unclustered,0.0,"whole fryer 5/up, tyson",whole,
91001530,-1,unclustered,0.0,whole goats skin/on,whole,
390812,-1,unclustered,0.0,"whole goose, 8-12#",whole,
30020,-1,unclustered,0.0,whole lamb carcass,whole,
40419980,-1,unclustered,0.0,"whole pig carcass, skls large (100-150#)",whole,
40029980,-1,unclustered,0.0,"whole pig, medium (51-99#)",whole,
40009980,-1,unclustered,0.0,"whole pig, with head",whole,
399026,-1,unclustered,0.0,whole poussin-16/19-22oz birds,whole,22oz
52065540,-1,unclustered,0.0,"whole, fryer 3.5/up, poly, organi miller","whole,",
451025,-1,unclustered,0.0,wild boar andouille 4-1 saus,wild,
453110,-1,unclustered,0.0,wild boar baby back ribs,wild,
72235648,-1,unclustered,0.0,wild boar bnls striploin,wild,
72710001,-1,unclustered,0.0,wild boar boneless chuck,wild,
451010,-1,unclustered,0.0,wild boar brt legs,wild,
454103,-1,unclustered,0.0,wild boar proscuitto-4# average,wild,
451051,-1,unclustered,0.0,wild boar saddle-29# ave,wild,
450255,-1,unclustered,0.0,wild boar slab bacon 2/5#ave,wild,
420947,-1,unclustered,0.0,willow brook aussie 16oz lamb shank,willow,16oz
370007,-1,unclustered,0.0,"wing cut portion, iqf, raw, tyson",wing,
370380,-1,unclustered,0.0,"wing med portions, iqf, 4/5#, tyson",wing,
54043390,-1,unclustered,0.0,wings economy miscut mountaire(4/10#),wings,
54055770,-1,unclustered,0.0,"wings hot, f/c #2, mr. z`s (10/2#)",wings,
54041040,-1,unclustered,0.0,"wings jumbo miscut, sanderson (44.09#)",wings,
540099800,-1,unclustered,0.0,wings jumbo party,wings,
54035120,-1,unclustered,0.0,"wings medium whole, farmers pride (40#)",wings,
370006,-1,unclustered,0.0,"wings oven roasted, ckd, tyson",wings,
54055930,-1,unclustered,0.0,"wings party buffalo, aunt bessie`s 10/2#",wings,
54121470,-1,unclustered,0.0,wings party iqf georges(10/4#),wings,
54051580,-1,unclustered,0.0,"wings party miscut #2 , (40#)",wings,
54004610,-1,unclustered,0.0,"wings party, 2jt iqf, integrity (4/5#)",wings,
54041010,-1,unclustered,0.0,"wings party, 3.5lb bag, chicken tyson",wings,3.5lb
54005110,-1,unclustered,0.0,"wings party, island delight, (16/2.5#)",wings,
54051360,-1,unclustered,0.0,"wings party, peco (40#)",wings,
54001640,-1,unclustered,0.0,"wings portions 1&2 join sections, (8/5#)",wings,
54003610,-1,unclustered,0.0,"wings small, cookin` good (40#)",wings,
54021340,-1,unclustered,0.0,"wings small, cvp, wayne farms (40#)",wings,
54001280,-1,unclustered,0.0,"wings small, koch (40#) cvp",wings,
540013400,-1,unclustered,0.0,"wings small, wayne farms (40#)",wings,
54003410,-1,unclustered,0.0,"wings whole, gold`n plump (40#)",wings,
930199800,-1,unclustered,0.0,"wings, duck","wings,",
54002960,-1,unclustered,0.0,"wings, perdue cvp (40#)","wings,",
64005390,-1,unclustered,0.0,"wings, turkey 2-joint, jennie-o (30#)","wings,",
64004310,-1,unclustered,0.0,"wings, turkey, michigan turkey (30#)","wings,",
64009200,-1,unclustered,0.0,"wings, turkey, sensening tky farms","wings,",
64009980,-1,unclustered,0.0,"wings, turkey, tom, (30#)","wings,",
64009980,-1,unclustered,0.0,"wings, turkey, tom, (30#)","wings,",
64001640,-1,unclustered,0.0,"wings, turkey, whitewater (30#)","wings,",
450022,-1,unclustered,0.0,wisconsin grass fed rabbit 20#,wisconsin,
52184800,-1,unclustered,0.0,"wog 10 hd, 1.75/2.25, delta sunrise 10ct",wog,10ct
52093410,-1,unclustered,0.0,"wog 2.5/up, gold`n plump",wog,
52299980,-1,unclustered,0.0,"wog 2.5/up, split",wog,
10007,-1,unclustered,0.0,fryer bagged 4up,fryer,
10001,-1,unclustered,0.0,chicken halal,chicken,
10001,-1,unclustered,0.0,chicken halal,chicken,
52114680,-1,unclustered,0.0,"wog 3.5/up, 20hd foster farms",wog,
52113410,-1,unclustered,0.0,"wog 3.5/up, gold`n plump",wog,
52005290,-1,unclustered,0.0,"wog 3.5/up, pure prarie",wog,
52004620,-1,unclustered,0.0,"wog 3.5/up, the best dressed chicken",wog,
52101890,-1,unclustered,0.0,"wog 3/up, 22hd, case farms",wog,
52003410,-1,unclustered,0.0,"wog 3/up, gold`n plump",wog,
52003390,-1,unclustered,0.0,"wog 3/up, mountaire",wog,
52174930,-1,unclustered,0.0,"wog 4/up cvp, gerber",wog,
10003,-1,unclustered,0.0,wog 6up,wog,
91206,-1,unclustered,0.0,work - labor,work,
620126,-1,unclustered,0.0,wright smoked buffet hams-2pc,wright,
19990001,-1,unclustered,0.0,x,x,
P118S5,-1,unclustered,0.0,xdept 118 bench trim for grind,xdept,
95,-1,unclustered,0.0,xx,xx,
31970,-1,unclustered,0.0,yam - sweet potatos (jumbo),yam,
85241,-1,unclustered,0.0,yellow cheese block,yellow,
80346,-1,unclustered,0.0,yellow croaker 500/1000 w/r (22# case),yellow,
80067,-1,unclustered,0.0,yellowfin tuna co aaa ground meat,yellowfin,
501302,-1,unclustered,0.0,yucca,yucca,
37029273,-1,unclustered,0.0,z,z,
zt,-1,unclustered,0.0,z1,z1,
CS138027,-1,unclustered,0.0,zbacon com sl14-18-z aw 32161 12/1#,zbacon,
CS17032K,-1,unclustered,0.0,zchk br bs-z fillet 06 oz 4/10#koc,zchk,06 oz
86112,-1,unclustered,0.0,zhenjiang vinegar 4/3 l,zhenjiang,3 l
99506,-1,unclustered,0.0,zip-net 18,zip-net,
CS122615,-1,unclustered,0.0,zlamb tripe-z nz 57#,zlamb,
84320,-1,unclustered,0.0,zodiac placemats 1000/cs,zodiac,
31931,-1,unclustered,0.0,zucchini (lg) 40# !!!!!,zucchini,
9955604,-1,unclustered,0.0,zvm compart sunrise logo lrg sign,zvm,
ZVMSVO2,-1,unclustered,0.0,zvm ffo danglers 3.5x2,zvm,
MKTTHM03,-1,unclustered,0.0,zvm thumann`s retail mkt catalog,zvm,
MKTTHM00,-1,unclustered,0.0,zvm thumann`s ss & price list,zvm,
10416109,-1,unclustered,0.0,zz bf grnd 80 fine ibp. 8/10# sold*,zz,
1397050,-1,unclustered,0.0,zz brkfst-z$ svo link-12/12-oz 9#,zz,
178615,-1,unclustered,0.0,zz chk thigh meat pec 10#,zz,
22104L,-1,unclustered,0.0,zz hot dog leon ab skl 4-1 10#26063,zz,
13066064,-1,unclustered,0.0,zz pork loin bi-cc>10r chops fmc,zz,
13123026,-1,unclustered,0.0,zz pork spare rib-z stl com-4695,zz,
11321400,-1,unclustered,0.0,zzzzzzzzzzzzzzzz,zzzzzzzzzzzzzzzz,
