product_code,cluster,cluster_id
89021,435,refined_cluster_cluster_435
89103,435,refined_cluster_cluster_435
88134,435,refined_cluster_cluster_435
88144,435,refined_cluster_cluster_435
95032680,164,refined_cluster_cluster_164
95022680,164,refined_cluster_cluster_164
95042680,164,refined_cluster_cluster_164
95012680,163,refined_cluster_cluster_163
95002680,163,refined_cluster_cluster_163
83321,398,refined_cluster_cluster_398
83323,398,refined_cluster_cluster_398
31290,398,refined_cluster_cluster_398
53154,43,refined_cluster_cluster_43
53151,43,refined_cluster_cluster_43
83191,494,refined_cluster_cluster_494
83251,494,refined_cluster_cluster_494
83291,494,refined_cluster_cluster_494
41254159,10,refined_cluster_cluster_10
13199427,10,refined_cluster_cluster_10
211711,10,refined_cluster_cluster_10
37021212,10,refined_cluster_cluster_10
13800500,22,refined_cluster_cluster_22
22654601,22,refined_cluster_cluster_22
99533,239,refined_cluster_cluster_239
99549,239,refined_cluster_cluster_239
99521,239,refined_cluster_cluster_239
83441,239,refined_cluster_cluster_239
72790,1445,refined_cluster_cluster_1445
72800,1445,refined_cluster_cluster_1445
71510,1445,refined_cluster_cluster_1445
72810,1445,refined_cluster_cluster_1445
71810,1445,refined_cluster_cluster_1445
84600,113,refined_cluster_cluster_113
84610,113,refined_cluster_cluster_113
590012,1982,refined_cluster_cluster_1982
590068,1982,refined_cluster_cluster_1982
70780,570,refined_cluster_cluster_570
71009,570,refined_cluster_cluster_570
78016,569,refined_cluster_cluster_569
72015,569,refined_cluster_cluster_569
78001,569,refined_cluster_cluster_569
78000,569,refined_cluster_cluster_569
78003,569,refined_cluster_cluster_569
78002,569,refined_cluster_cluster_569
72420,569,refined_cluster_cluster_569
78007,569,refined_cluster_cluster_569
78006,569,refined_cluster_cluster_569
78009,569,refined_cluster_cluster_569
78008,569,refined_cluster_cluster_569
78014,569,refined_cluster_cluster_569
420110,3189,refined_cluster_cluster_3189
420050,3189,refined_cluster_cluster_3189
420060,3189,refined_cluster_cluster_3189
420070,3189,refined_cluster_cluster_3189
420080,3189,refined_cluster_cluster_3189
620054,3123,refined_cluster_cluster_3123
620064,3123,refined_cluster_cluster_3123
620065,3123,refined_cluster_cluster_3123
620067,3123,refined_cluster_cluster_3123
620068,3123,refined_cluster_cluster_3123
71570,493,refined_cluster_cluster_493
71571,493,refined_cluster_cluster_493
620120,1308,refined_cluster_cluster_1308
361160,1308,refined_cluster_cluster_1308
361100,1308,refined_cluster_cluster_1308
361140,1308,refined_cluster_cluster_1308
115,332,refined_cluster_cluster_332
994892,332,refined_cluster_cluster_332
994881,332,refined_cluster_cluster_332
121,332,refined_cluster_cluster_332
110,332,refined_cluster_cluster_332
57,325,refined_cluster_cluster_325
52,325,refined_cluster_cluster_325
54,325,refined_cluster_cluster_325
48,325,refined_cluster_cluster_325
70130,746,refined_cluster_cluster_746
70890,746,refined_cluster_cluster_746
70060,746,refined_cluster_cluster_746
71900,746,refined_cluster_cluster_746
71051,746,refined_cluster_cluster_746
70380,746,refined_cluster_cluster_746
70340,746,refined_cluster_cluster_746
72390,746,refined_cluster_cluster_746
72850,746,refined_cluster_cluster_746
70250,746,refined_cluster_cluster_746
70301,746,refined_cluster_cluster_746
410066,3203,refined_cluster_cluster_3203
410140,3203,refined_cluster_cluster_3203
144146,578,refined_cluster_cluster_578
144142,578,refined_cluster_cluster_578
143005,578,refined_cluster_cluster_578
72989,2052,refined_cluster_cluster_2052
71310,2052,refined_cluster_cluster_2052
72992,2052,refined_cluster_cluster_2052
72993,2052,refined_cluster_cluster_2052
72994,2052,refined_cluster_cluster_2052
72011,416,refined_cluster_cluster_416
74001,416,refined_cluster_cluster_416
74000,416,refined_cluster_cluster_416
71890,416,refined_cluster_cluster_416
62730,460,refined_cluster_cluster_460
62750,460,refined_cluster_cluster_460
84110,453,refined_cluster_cluster_453
99038,453,refined_cluster_cluster_453
99032P,462,refined_cluster_cluster_462
99032,462,refined_cluster_cluster_462
99037,462,refined_cluster_cluster_462
84090,449,refined_cluster_cluster_449
62740,449,refined_cluster_cluster_449
72550,492,refined_cluster_cluster_492
72571,492,refined_cluster_cluster_492
70872,1644,refined_cluster_cluster_1644
61000,1644,refined_cluster_cluster_1644
61020,1644,refined_cluster_cluster_1644
70871,1639,refined_cluster_cluster_1639
70870,1639,refined_cluster_cluster_1639
900003,1438,refined_cluster_cluster_1438
390627,1438,refined_cluster_cluster_1438
215509,1438,refined_cluster_cluster_1438
72450,2050,refined_cluster_cluster_2050
72451,2050,refined_cluster_cluster_2050
538815,2050,refined_cluster_cluster_2050
74039980,2050,refined_cluster_cluster_2050
72131,576,refined_cluster_cluster_576
72991,576,refined_cluster_cluster_576
49,327,refined_cluster_cluster_327
44,327,refined_cluster_cluster_327
24565868,47,refined_cluster_cluster_47
38210130,47,refined_cluster_cluster_47
72320,571,refined_cluster_cluster_571
72323,571,refined_cluster_cluster_571
70160,571,refined_cluster_cluster_571
72270,571,refined_cluster_cluster_571
620831,1077,refined_cluster_cluster_1077
620841,1077,refined_cluster_cluster_1077
620861,1077,refined_cluster_cluster_1077
745123,1791,refined_cluster_cluster_1791
740250,1791,refined_cluster_cluster_1791
30200,124,refined_cluster_cluster_124
30210,124,refined_cluster_cluster_124
72360,575,refined_cluster_cluster_575
73330,575,refined_cluster_cluster_575
410031,2820,refined_cluster_cluster_2820
410041,2820,refined_cluster_cluster_2820
410051,2820,refined_cluster_cluster_2820
410061,2820,refined_cluster_cluster_2820
SP920,2820,refined_cluster_cluster_2820
100,5,refined_cluster_cluster_5
190999,5,refined_cluster_cluster_5
FEE,5,refined_cluster_cluster_5
620051,2077,refined_cluster_cluster_2077
SP7046,2077,refined_cluster_cluster_2077
93012950,2077,refined_cluster_cluster_2077
620271,2077,refined_cluster_cluster_2077
620060,1076,refined_cluster_cluster_1076
620160,1076,refined_cluster_cluster_1076
620160,1076,refined_cluster_cluster_1076
539989,2066,refined_cluster_cluster_2066
71130,2066,refined_cluster_cluster_2066
71131,2066,refined_cluster_cluster_2066
70022,2066,refined_cluster_cluster_2066
70024,2066,refined_cluster_cluster_2066
71133,2066,refined_cluster_cluster_2066
11014,337,refined_cluster_cluster_337
11018,337,refined_cluster_cluster_337
11210,337,refined_cluster_cluster_337
11015,337,refined_cluster_cluster_337
11016,337,refined_cluster_cluster_337
620058,1195,refined_cluster_cluster_1195
620558,1195,refined_cluster_cluster_1195
32,309,refined_cluster_cluster_309
99999997,309,refined_cluster_cluster_309
140241,211,refined_cluster_cluster_211
13033S,211,refined_cluster_cluster_211
590304,2225,refined_cluster_cluster_2225
207900029,2225,refined_cluster_cluster_2225
620073,1534,refined_cluster_cluster_1534
623897,1534,refined_cluster_cluster_1534
621032,2326,refined_cluster_cluster_2326
140424,2326,refined_cluster_cluster_2326
140422,2326,refined_cluster_cluster_2326
620158,2701,refined_cluster_cluster_2701
311122,2701,refined_cluster_cluster_2701
311048,2701,refined_cluster_cluster_2701
550030,1159,refined_cluster_cluster_1159
51013,1159,refined_cluster_cluster_1159
51014,1159,refined_cluster_cluster_1159
190082,78,refined_cluster_cluster_78
190085,78,refined_cluster_cluster_78
190081,78,refined_cluster_cluster_78
70700,1505,refined_cluster_cluster_1505
70770,1505,refined_cluster_cluster_1505
73551,1505,refined_cluster_cluster_1505
72632,572,refined_cluster_cluster_572
72671,572,refined_cluster_cluster_572
905231,3074,refined_cluster_cluster_3074
901866,3074,refined_cluster_cluster_3074
160325,3074,refined_cluster_cluster_3074
162481,3074,refined_cluster_cluster_3074
720527,2772,refined_cluster_cluster_2772
15110000,2772,refined_cluster_cluster_2772
72811,1446,refined_cluster_cluster_1446
71590,1446,refined_cluster_cluster_1446
591068,102,refined_cluster_cluster_102
78101529,102,refined_cluster_cluster_102
78111529,102,refined_cluster_cluster_102
78112109,102,refined_cluster_cluster_102
72670,573,refined_cluster_cluster_573
71550,573,refined_cluster_cluster_573
430156,820,refined_cluster_cluster_820
30520,820,refined_cluster_cluster_820
430406,820,refined_cluster_cluster_820
74770012,820,refined_cluster_cluster_820
430151,820,refined_cluster_cluster_820
12001B,820,refined_cluster_cluster_820
430150,820,refined_cluster_cluster_820
71260,109,refined_cluster_cluster_109
73550,109,refined_cluster_cluster_109
190732,2875,refined_cluster_cluster_2875
190731,2875,refined_cluster_cluster_2875
190801,3174,refined_cluster_cluster_3174
18200400,3174,refined_cluster_cluster_3174
190033,3174,refined_cluster_cluster_3174
42300,3174,refined_cluster_cluster_3174
42301,3174,refined_cluster_cluster_3174
140119,3354,refined_cluster_cluster_3354
140102,3354,refined_cluster_cluster_3354
140121,3354,refined_cluster_cluster_3354
140141,3354,refined_cluster_cluster_3354
140062,3354,refined_cluster_cluster_3354
83890,447,refined_cluster_cluster_447
87230,447,refined_cluster_cluster_447
88680,447,refined_cluster_cluster_447
13651400,9,refined_cluster_cluster_9
19990001,9,refined_cluster_cluster_9
95,9,refined_cluster_cluster_9
AS,25,refined_cluster_cluster_25
5051,25,refined_cluster_cluster_25
410034,2821,refined_cluster_cluster_2821
410054,2821,refined_cluster_cluster_2821
94705080,838,refined_cluster_cluster_838
94635080,838,refined_cluster_cluster_838
94645080,838,refined_cluster_cluster_838
94595080,838,refined_cluster_cluster_838
900012,57,refined_cluster_cluster_57
900015,57,refined_cluster_cluster_57
900014,57,refined_cluster_cluster_57
900013,57,refined_cluster_cluster_57
900016,57,refined_cluster_cluster_57
920203,134,refined_cluster_cluster_134
920290,134,refined_cluster_cluster_134
10000001,15,refined_cluster_cluster_15
12,15,refined_cluster_cluster_15
920205,662,refined_cluster_cluster_662
920204,662,refined_cluster_cluster_662
78532109,81,refined_cluster_cluster_81
78539980,81,refined_cluster_cluster_81
450006,81,refined_cluster_cluster_81
22080182,58,refined_cluster_cluster_58
22080217,58,refined_cluster_cluster_58
84330,259,refined_cluster_cluster_259
995175,259,refined_cluster_cluster_259
99517012,259,refined_cluster_cluster_259
99517,259,refined_cluster_cluster_259
85240,161,refined_cluster_cluster_161
85241,161,refined_cluster_cluster_161
750014,169,refined_cluster_cluster_169
85242,169,refined_cluster_cluster_169
31000,29,refined_cluster_cluster_29
50120148,29,refined_cluster_cluster_29
38173188,1058,refined_cluster_cluster_1058
38140001,1058,refined_cluster_cluster_1058
40172008,490,refined_cluster_cluster_490
95035033,490,refined_cluster_cluster_490
84350,119,refined_cluster_cluster_119
84366,119,refined_cluster_cluster_119
84361,119,refined_cluster_cluster_119
84621,119,refined_cluster_cluster_119
96531220,142,refined_cluster_cluster_142
96531246,142,refined_cluster_cluster_142
96531249,142,refined_cluster_cluster_142
13153790,644,refined_cluster_cluster_644
10151090,644,refined_cluster_cluster_644
31020,35,refined_cluster_cluster_35
50133403,35,refined_cluster_cluster_35
90466158,384,refined_cluster_cluster_384
90466159,384,refined_cluster_cluster_384
90466156,384,refined_cluster_cluster_384
90466157,384,refined_cluster_cluster_384
520040,2506,refined_cluster_cluster_2506
520030,2506,refined_cluster_cluster_2506
520041,2506,refined_cluster_cluster_2506
420002,2134,refined_cluster_cluster_2134
55564400,2134,refined_cluster_cluster_2134
30208,2134,refined_cluster_cluster_2134
12217,2134,refined_cluster_cluster_2134
30506,2134,refined_cluster_cluster_2134
430105,187,refined_cluster_cluster_187
430001,187,refined_cluster_cluster_187
420320,2080,refined_cluster_cluster_2080
420260,2080,refined_cluster_cluster_2080
50130588,177,refined_cluster_cluster_177
50130590,177,refined_cluster_cluster_177
31031,174,refined_cluster_cluster_174
31030,174,refined_cluster_cluster_174
50130593,179,refined_cluster_cluster_179
50130581,179,refined_cluster_cluster_179
50130584,179,refined_cluster_cluster_179
50130595,179,refined_cluster_cluster_179
50130619,178,refined_cluster_cluster_178
50130611,178,refined_cluster_cluster_178
620070,1807,refined_cluster_cluster_1807
620069,1807,refined_cluster_cluster_1807
44521010,3055,refined_cluster_cluster_3055
44021010,3055,refined_cluster_cluster_3055
44341010,3055,refined_cluster_cluster_3055
44623570,3055,refined_cluster_cluster_3055
62052,879,refined_cluster_cluster_879
73039988,879,refined_cluster_cluster_879
73064369,879,refined_cluster_cluster_879
594368,879,refined_cluster_cluster_879
33662008,1039,refined_cluster_cluster_1039
240340,1039,refined_cluster_cluster_1039
250020,650,refined_cluster_cluster_650
250021,650,refined_cluster_cluster_650
82185810,2622,refined_cluster_cluster_2622
82181440,2622,refined_cluster_cluster_2622
82085810,2622,refined_cluster_cluster_2622
17203334,1739,refined_cluster_cluster_1739
17201024,1739,refined_cluster_cluster_1739
17203574,1743,refined_cluster_cluster_1743
17201376,1743,refined_cluster_cluster_1743
44442080,1832,refined_cluster_cluster_1832
44342080,1832,refined_cluster_cluster_1832
17209980,1746,refined_cluster_cluster_1746
17201030,1746,refined_cluster_cluster_1746
17203694,1740,refined_cluster_cluster_1740
17203794,1740,refined_cluster_cluster_1740
17204496,1747,refined_cluster_cluster_1747
17204495,1747,refined_cluster_cluster_1747
17204494,1747,refined_cluster_cluster_1747
17201320,1741,refined_cluster_cluster_1741
17201120,1741,refined_cluster_cluster_1741
17201130,1741,refined_cluster_cluster_1741
58011850,2009,refined_cluster_cluster_2009
50069980,2009,refined_cluster_cluster_2009
50063390,2009,refined_cluster_cluster_2009
50061850,2009,refined_cluster_cluster_2009
999298,664,refined_cluster_cluster_664
920221,664,refined_cluster_cluster_664
920269,664,refined_cluster_cluster_664
37410401,1273,refined_cluster_cluster_1273
37410850,1273,refined_cluster_cluster_1273
37410400,1273,refined_cluster_cluster_1273
37412002,1273,refined_cluster_cluster_1273
37312105,1527,refined_cluster_cluster_1527
37312104,1527,refined_cluster_cluster_1527
20391,1381,refined_cluster_cluster_1381
20390,1381,refined_cluster_cluster_1381
82371060,1381,refined_cluster_cluster_1381
82321060,1381,refined_cluster_cluster_1381
37880105,1381,refined_cluster_cluster_1381
37880103,1381,refined_cluster_cluster_1381
37410450,1272,refined_cluster_cluster_1272
37411000,1272,refined_cluster_cluster_1272
13874BS,1176,refined_cluster_cluster_1176
13884BS,1176,refined_cluster_cluster_1176
290257,1270,refined_cluster_cluster_1270
290258,1270,refined_cluster_cluster_1270
290255,1270,refined_cluster_cluster_1270
37880523,1545,refined_cluster_cluster_1545
37880519,1545,refined_cluster_cluster_1545
37880518,1545,refined_cluster_cluster_1545
37880513,1547,refined_cluster_cluster_1547
37880514,1547,refined_cluster_cluster_1547
290263,1524,refined_cluster_cluster_1524
290264,1524,refined_cluster_cluster_1524
290267,1524,refined_cluster_cluster_1524
290224,1175,refined_cluster_cluster_1175
37255410,1175,refined_cluster_cluster_1175
37190103,1175,refined_cluster_cluster_1175
620115,1175,refined_cluster_cluster_1175
13879C,1234,refined_cluster_cluster_1234
290249,1234,refined_cluster_cluster_1234
20487,774,refined_cluster_cluster_774
20483,774,refined_cluster_cluster_774
20482,774,refined_cluster_cluster_774
20484,774,refined_cluster_cluster_774
20485,774,refined_cluster_cluster_774
100000005,774,refined_cluster_cluster_774
100000002,774,refined_cluster_cluster_774
620108,774,refined_cluster_cluster_774
622366,774,refined_cluster_cluster_774
907505,296,refined_cluster_cluster_296
908106,296,refined_cluster_cluster_296
13321117,1574,refined_cluster_cluster_1574
13832205,1574,refined_cluster_cluster_1574
1382162,1569,refined_cluster_cluster_1569
13832163,1569,refined_cluster_cluster_1569
13832010,1569,refined_cluster_cluster_1569
1382162,1573,refined_cluster_cluster_1573
13832163,1573,refined_cluster_cluster_1573
13832010,1573,refined_cluster_cluster_1573
1332147,1556,refined_cluster_cluster_1556
1332147,1556,refined_cluster_cluster_1556
138941,1556,refined_cluster_cluster_1556
232300,1248,refined_cluster_cluster_1248
290300,1248,refined_cluster_cluster_1248
290600,1248,refined_cluster_cluster_1248
290259,1526,refined_cluster_cluster_1526
290260,1526,refined_cluster_cluster_1526
290261,1526,refined_cluster_cluster_1526
620082,1526,refined_cluster_cluster_1526
82331060,1538,refined_cluster_cluster_1538
82331060,1538,refined_cluster_cluster_1538
97095740,1211,refined_cluster_cluster_1211
97105740,1211,refined_cluster_cluster_1211
97155740,1211,refined_cluster_cluster_1211
97115740,1211,refined_cluster_cluster_1211
37880500,1546,refined_cluster_cluster_1546
37880502,1546,refined_cluster_cluster_1546
37880508,1548,refined_cluster_cluster_1548
37880108,1548,refined_cluster_cluster_1548
37880110,1548,refined_cluster_cluster_1548
82724530,1555,refined_cluster_cluster_1555
82725530,1555,refined_cluster_cluster_1555
138880,1575,refined_cluster_cluster_1575
13888S,1575,refined_cluster_cluster_1575
13888S,1575,refined_cluster_cluster_1575
13818123,1575,refined_cluster_cluster_1575
13818123,1575,refined_cluster_cluster_1575
1380283,1575,refined_cluster_cluster_1575
1380283,1575,refined_cluster_cluster_1575
1380289,1575,refined_cluster_cluster_1575
13818121,1575,refined_cluster_cluster_1575
13803887,1575,refined_cluster_cluster_1575
1380280,1575,refined_cluster_cluster_1575
1380280,1575,refined_cluster_cluster_1575
1380282,1575,refined_cluster_cluster_1575
1380282,1575,refined_cluster_cluster_1575
13888047,1575,refined_cluster_cluster_1575
13888049,1575,refined_cluster_cluster_1575
1380286,1568,refined_cluster_cluster_1568
1380285,1568,refined_cluster_cluster_1568
13887S,281,refined_cluster_cluster_281
138871,281,refined_cluster_cluster_281
SP2002,1529,refined_cluster_cluster_1529
290244,1529,refined_cluster_cluster_1529
290245,1529,refined_cluster_cluster_1529
292091,1530,refined_cluster_cluster_1530
290262,1530,refined_cluster_cluster_1530
290137,1057,refined_cluster_cluster_1057
37951252,1057,refined_cluster_cluster_1057
13810800,1565,refined_cluster_cluster_1565
13830458,1565,refined_cluster_cluster_1565
13830481,1562,refined_cluster_cluster_1562
13830,1562,refined_cluster_cluster_1562
13836,1562,refined_cluster_cluster_1562
138026,1567,refined_cluster_cluster_1567
138067,1567,refined_cluster_cluster_1567
13818,1566,refined_cluster_cluster_1566
13842,1566,refined_cluster_cluster_1566
13830482,1564,refined_cluster_cluster_1564
13845103,1564,refined_cluster_cluster_1564
96715880,535,refined_cluster_cluster_535
96745880,535,refined_cluster_cluster_535
96755880,535,refined_cluster_cluster_535
96725880,535,refined_cluster_cluster_535
96735880,535,refined_cluster_cluster_535
290251,1537,refined_cluster_cluster_1537
290252,1537,refined_cluster_cluster_1537
290250,1525,refined_cluster_cluster_1525
292255,1525,refined_cluster_cluster_1525
104306,885,refined_cluster_cluster_885
104315,885,refined_cluster_cluster_885
450255,1271,refined_cluster_cluster_1271
450250,1271,refined_cluster_cluster_1271
13860140,1528,refined_cluster_cluster_1528
13860145,1528,refined_cluster_cluster_1528
13860320,1528,refined_cluster_cluster_1528
13722D,1561,refined_cluster_cluster_1561
13911D,1561,refined_cluster_cluster_1561
13915D,1561,refined_cluster_cluster_1561
13435D,1561,refined_cluster_cluster_1561
13919D,1561,refined_cluster_cluster_1561
13760D,1561,refined_cluster_cluster_1561
13832407,1544,refined_cluster_cluster_1544
13832410,1544,refined_cluster_cluster_1544
13832413,1544,refined_cluster_cluster_1544
13832309,1544,refined_cluster_cluster_1544
13888D,1576,refined_cluster_cluster_1576
13890D,1576,refined_cluster_cluster_1576
13887D,1576,refined_cluster_cluster_1576
13886D,1576,refined_cluster_cluster_1576
13891D,1577,refined_cluster_cluster_1577
13892D,1577,refined_cluster_cluster_1577
13842650,1533,refined_cluster_cluster_1533
13847128,1533,refined_cluster_cluster_1533
13840400,1533,refined_cluster_cluster_1533
13840600,1533,refined_cluster_cluster_1533
13847106,1532,refined_cluster_cluster_1532
13847104,1532,refined_cluster_cluster_1532
994961,289,refined_cluster_cluster_289
99413212,289,refined_cluster_cluster_289
99493,290,refined_cluster_cluster_290
99415,290,refined_cluster_cluster_290
99416,290,refined_cluster_cluster_290
99492,290,refined_cluster_cluster_290
99414,288,refined_cluster_cluster_288
99413,288,refined_cluster_cluster_288
99417,288,refined_cluster_cluster_288
994979,322,refined_cluster_cluster_322
99497B,322,refined_cluster_cluster_322
88418,331,refined_cluster_cluster_331
994015,331,refined_cluster_cluster_331
994861,331,refined_cluster_cluster_331
99486,331,refined_cluster_cluster_331
9948611,331,refined_cluster_cluster_331
99491,65,refined_cluster_cluster_65
84591,65,refined_cluster_cluster_65
24090,365,refined_cluster_cluster_365
25320,365,refined_cluster_cluster_365
25321,365,refined_cluster_cluster_365
25331,365,refined_cluster_cluster_365
25330,365,refined_cluster_cluster_365
52024710,310,refined_cluster_cluster_310
52121640,310,refined_cluster_cluster_310
82330,82,refined_cluster_cluster_82
82300,82,refined_cluster_cluster_82
82570,82,refined_cluster_cluster_82
97765830,2228,refined_cluster_cluster_2228
207900018,2228,refined_cluster_cluster_2228
144022,2577,refined_cluster_cluster_2577
144021,2577,refined_cluster_cluster_2577
15195004,2586,refined_cluster_cluster_2586
15191204,2586,refined_cluster_cluster_2586
15191142,2586,refined_cluster_cluster_2586
15191144,2586,refined_cluster_cluster_2586
15191146,2586,refined_cluster_cluster_2586
15191004,2592,refined_cluster_cluster_2592
15191012,2592,refined_cluster_cluster_2592
15191014,2592,refined_cluster_cluster_2592
15191001,2578,refined_cluster_cluster_2578
15191141,2578,refined_cluster_cluster_2578
15191022,2593,refined_cluster_cluster_2593
15191024,2593,refined_cluster_cluster_2593
83300,66,refined_cluster_cluster_66
83305,66,refined_cluster_cluster_66
82310,85,refined_cluster_cluster_85
82370,85,refined_cluster_cluster_85
82320,85,refined_cluster_cluster_85
82360,201,refined_cluster_cluster_201
82350,201,refined_cluster_cluster_201
31100,330,refined_cluster_cluster_330
50120136,330,refined_cluster_cluster_330
50120145,330,refined_cluster_cluster_330
50120146,330,refined_cluster_cluster_330
85390,149,refined_cluster_cluster_149
85380,149,refined_cluster_cluster_149
85370,149,refined_cluster_cluster_149
85400,149,refined_cluster_cluster_149
900247,1435,refined_cluster_cluster_1435
900407,1435,refined_cluster_cluster_1435
99521B,238,refined_cluster_cluster_238
99521T,238,refined_cluster_cluster_238
83313,157,refined_cluster_cluster_157
78885829,157,refined_cluster_cluster_157
710014,549,refined_cluster_cluster_549
620016,549,refined_cluster_cluster_549
710127,549,refined_cluster_cluster_549
41816550,549,refined_cluster_cluster_549
96745620,549,refined_cluster_cluster_549
970022,544,refined_cluster_cluster_544
970044,544,refined_cluster_cluster_544
970042,544,refined_cluster_cluster_544
970021,544,refined_cluster_cluster_544
970043,544,refined_cluster_cluster_544
82341060,130,refined_cluster_cluster_130
82341060,130,refined_cluster_cluster_130
82361060,130,refined_cluster_cluster_130
82311060,130,refined_cluster_cluster_130
31150,285,refined_cluster_cluster_285
50141021,285,refined_cluster_cluster_285
801282,769,refined_cluster_cluster_769
8012823,769,refined_cluster_cluster_769
84054,769,refined_cluster_cluster_769
84051,772,refined_cluster_cluster_772
80127904,772,refined_cluster_cluster_772
84052,757,refined_cluster_cluster_757
80127005,757,refined_cluster_cluster_757
96324740,542,refined_cluster_cluster_542
96364740,542,refined_cluster_cluster_542
96304740,542,refined_cluster_cluster_542
96284740,542,refined_cluster_cluster_542
801279,771,refined_cluster_cluster_771
80127003,771,refined_cluster_cluster_771
85361,771,refined_cluster_cluster_771
80127001,755,refined_cluster_cluster_755
90302,755,refined_cluster_cluster_755
90304,755,refined_cluster_cluster_755
ZZZ90302,755,refined_cluster_cluster_755
SP1949,1449,refined_cluster_cluster_1449
19009000,1449,refined_cluster_cluster_1449
19009100,1449,refined_cluster_cluster_1449
101655,1449,refined_cluster_cluster_1449
39000120,1449,refined_cluster_cluster_1449
290243,1449,refined_cluster_cluster_1449
19219980,1449,refined_cluster_cluster_1449
SP120,2688,refined_cluster_cluster_2688
SP1202,2688,refined_cluster_cluster_2688
SP1201,2688,refined_cluster_cluster_2688
40400,2274,refined_cluster_cluster_2274
40720,2274,refined_cluster_cluster_2274
40700,2274,refined_cluster_cluster_2274
40470,2274,refined_cluster_cluster_2274
10251050,731,refined_cluster_cluster_731
10251030,731,refined_cluster_cluster_731
42760,731,refined_cluster_cluster_731
180005,731,refined_cluster_cluster_731
19350001,731,refined_cluster_cluster_731
10259980,731,refined_cluster_cluster_731
34097,740,refined_cluster_cluster_740
93922,740,refined_cluster_cluster_740
58557800,740,refined_cluster_cluster_740
42603,2055,refined_cluster_cluster_2055
46703,2055,refined_cluster_cluster_2055
42620,2055,refined_cluster_cluster_2055
46720,2055,refined_cluster_cluster_2055
128703,2055,refined_cluster_cluster_2055
42604,2299,refined_cluster_cluster_2299
45303,2299,refined_cluster_cluster_2299
45304,2299,refined_cluster_cluster_2299
41603,2299,refined_cluster_cluster_2299
41604,2299,refined_cluster_cluster_2299
46704,2299,refined_cluster_cluster_2299
41303,2300,refined_cluster_cluster_2300
41304,2300,refined_cluster_cluster_2300
160002,1268,refined_cluster_cluster_1268
12990000,1268,refined_cluster_cluster_1268
160006,996,refined_cluster_cluster_996
160005,996,refined_cluster_cluster_996
13800102,2564,refined_cluster_cluster_2564
44002,2564,refined_cluster_cluster_2564
44300,2564,refined_cluster_cluster_2564
13800405,2564,refined_cluster_cluster_2564
13800403,2564,refined_cluster_cluster_2564
13802713,3109,refined_cluster_cluster_3109
13801410,3109,refined_cluster_cluster_3109
13801416,3109,refined_cluster_cluster_3109
13801505,3109,refined_cluster_cluster_3109
13800408,3109,refined_cluster_cluster_3109
13700410,3109,refined_cluster_cluster_3109
144023,1748,refined_cluster_cluster_1748
144019,1748,refined_cluster_cluster_1748
144024,1748,refined_cluster_cluster_1748
42190,638,refined_cluster_cluster_638
42110,638,refined_cluster_cluster_638
14240502,1593,refined_cluster_cluster_1593
14240500,1593,refined_cluster_cluster_1593
198002,3114,refined_cluster_cluster_3114
198003,3114,refined_cluster_cluster_3114
42901,1594,refined_cluster_cluster_1594
42980,1594,refined_cluster_cluster_1594
10151390,1594,refined_cluster_cluster_1594
11000001,2882,refined_cluster_cluster_2882
11000502,2882,refined_cluster_cluster_2882
1000002,2251,refined_cluster_cluster_2251
11100201,2251,refined_cluster_cluster_2251
12410400,2392,refined_cluster_cluster_2392
12000612,2392,refined_cluster_cluster_2392
12400400,2110,refined_cluster_cluster_2110
18200015,2110,refined_cluster_cluster_2110
41952,2110,refined_cluster_cluster_2110
43725,2110,refined_cluster_cluster_2110
19150001,1750,refined_cluster_cluster_1750
42950,1750,refined_cluster_cluster_1750
180007,1750,refined_cluster_cluster_1750
42970,1750,refined_cluster_cluster_1750
19100006,999,refined_cluster_cluster_999
19100007,999,refined_cluster_cluster_999
19110013,999,refined_cluster_cluster_999
42902,999,refined_cluster_cluster_999
19110001,2227,refined_cluster_cluster_2227
10159980,2227,refined_cluster_cluster_2227
180023,1305,refined_cluster_cluster_1305
180024,1305,refined_cluster_cluster_1305
43870,1013,refined_cluster_cluster_1013
43870,1013,refined_cluster_cluster_1013
SP1214,2769,refined_cluster_cluster_2769
15000600,2769,refined_cluster_cluster_2769
15100600,2769,refined_cluster_cluster_2769
111000,2769,refined_cluster_cluster_2769
SP121,2774,refined_cluster_cluster_2774
15100500,2774,refined_cluster_cluster_2774
41700,2774,refined_cluster_cluster_2774
40367,2783,refined_cluster_cluster_2783
40368,2783,refined_cluster_cluster_2783
113000,2783,refined_cluster_cluster_2783
41710,1728,refined_cluster_cluster_1728
41710,1728,refined_cluster_cluster_1728
41720,1728,refined_cluster_cluster_1728
43312,1728,refined_cluster_cluster_1728
40200,1728,refined_cluster_cluster_1728
44220,1728,refined_cluster_cluster_1728
15280000,1216,refined_cluster_cluster_1216
15910000,1216,refined_cluster_cluster_1216
43478612,1216,refined_cluster_cluster_1216
41723,2094,refined_cluster_cluster_2094
19090000,2094,refined_cluster_cluster_2094
120770599,2094,refined_cluster_cluster_2094
12012670,2094,refined_cluster_cluster_2094
120760599,2094,refined_cluster_cluster_2094
15000800,1346,refined_cluster_cluster_1346
198425,1346,refined_cluster_cluster_1346
41220,1670,refined_cluster_cluster_1670
13808000,1670,refined_cluster_cluster_1670
94700,1657,refined_cluster_cluster_1657
98017,1657,refined_cluster_cluster_1657
18119002,3127,refined_cluster_cluster_3127
18500502,3127,refined_cluster_cluster_3127
4047,2273,refined_cluster_cluster_2273
141021,2273,refined_cluster_cluster_2273
63190070,2273,refined_cluster_cluster_2273
19192620,1660,refined_cluster_cluster_1660
19202620,1660,refined_cluster_cluster_1660
40367,2770,refined_cluster_cluster_2770
114000,2770,refined_cluster_cluster_2770
114001,2770,refined_cluster_cluster_2770
SP135,1627,refined_cluster_cluster_1627
16291010,1627,refined_cluster_cluster_1627
16210410,1627,refined_cluster_cluster_1627
44200,2149,refined_cluster_cluster_2149
44260,2149,refined_cluster_cluster_2149
37584,2150,refined_cluster_cluster_2150
54184,2150,refined_cluster_cluster_2150
43313,2381,refined_cluster_cluster_2381
19200000,2381,refined_cluster_cluster_2381
21120,2381,refined_cluster_cluster_2381
39000050,2381,refined_cluster_cluster_2381
410078,2381,refined_cluster_cluster_2381
48310,1007,refined_cluster_cluster_1007
11101490,1007,refined_cluster_cluster_1007
11101300,1007,refined_cluster_cluster_1007
140333,3275,refined_cluster_cluster_3275
140343,3275,refined_cluster_cluster_3275
11000202,2473,refined_cluster_cluster_2473
13161376,2473,refined_cluster_cluster_2473
11001302,2836,refined_cluster_cluster_2836
11100300,2836,refined_cluster_cluster_2836
11100600,2634,refined_cluster_cluster_2634
11200600,2634,refined_cluster_cluster_2634
11100400,2634,refined_cluster_cluster_2634
11400400,2991,refined_cluster_cluster_2991
11400200,2991,refined_cluster_cluster_2991
48500,2991,refined_cluster_cluster_2991
11300410,1672,refined_cluster_cluster_1672
11300412,1672,refined_cluster_cluster_1672
11300003,1672,refined_cluster_cluster_1672
11300004,1672,refined_cluster_cluster_1672
11300005,1672,refined_cluster_cluster_1672
11300006,1672,refined_cluster_cluster_1672
11300007,1672,refined_cluster_cluster_1672
11320400,1671,refined_cluster_cluster_1671
11300490,1671,refined_cluster_cluster_1671
11300800,1553,refined_cluster_cluster_1553
128003,1553,refined_cluster_cluster_1553
43050,3035,refined_cluster_cluster_3035
180009,3035,refined_cluster_cluster_3035
180010,3035,refined_cluster_cluster_3035
42601,2347,refined_cluster_cluster_2347
42600,2347,refined_cluster_cluster_2347
42602,2347,refined_cluster_cluster_2347
13116,2346,refined_cluster_cluster_2346
33116,2346,refined_cluster_cluster_2346
11202012,2345,refined_cluster_cluster_2345
112002JB,2345,refined_cluster_cluster_2345
11202018,2345,refined_cluster_cluster_2345
48400,1235,refined_cluster_cluster_1235
48420,1235,refined_cluster_cluster_1235
SP124,1235,refined_cluster_cluster_1235
11310500,1897,refined_cluster_cluster_1897
11912393,1897,refined_cluster_cluster_1897
11105110,3048,refined_cluster_cluster_3048
11310414,3048,refined_cluster_cluster_3048
11310412,3047,refined_cluster_cluster_3047
11321804,3047,refined_cluster_cluster_3047
11310406,3047,refined_cluster_cluster_3047
11310408,3047,refined_cluster_cluster_3047
11310410,3047,refined_cluster_cluster_3047
11310400,3027,refined_cluster_cluster_3027
11321441,3027,refined_cluster_cluster_3027
11321410,3044,refined_cluster_cluster_3044
11321403,3044,refined_cluster_cluster_3044
11321404,3044,refined_cluster_cluster_3044
11321405,3044,refined_cluster_cluster_3044
11321406,3044,refined_cluster_cluster_3044
11321407,3044,refined_cluster_cluster_3044
11321409,3044,refined_cluster_cluster_3044
11321413,3044,refined_cluster_cluster_3044
11400510,2384,refined_cluster_cluster_2384
12510400,2384,refined_cluster_cluster_2384
12510500,2384,refined_cluster_cluster_2384
12510510,2384,refined_cluster_cluster_2384
12511400,2384,refined_cluster_cluster_2384
12510600,2384,refined_cluster_cluster_2384
11600404,3312,refined_cluster_cluster_3312
11600408,3312,refined_cluster_cluster_3312
11403400,3276,refined_cluster_cluster_3276
SP1851,3276,refined_cluster_cluster_3276
11401003,3311,refined_cluster_cluster_3311
11401004,3311,refined_cluster_cluster_3311
11401005,3311,refined_cluster_cluster_3311
11401006,3311,refined_cluster_cluster_3311
11401007,3311,refined_cluster_cluster_3311
11401008,3311,refined_cluster_cluster_3311
42608,1090,refined_cluster_cluster_1090
42609,1090,refined_cluster_cluster_1090
15122002,2700,refined_cluster_cluster_2700
110212,2700,refined_cluster_cluster_2700
15126100,2137,refined_cluster_cluster_2137
15110100,2137,refined_cluster_cluster_2137
15110200,2137,refined_cluster_cluster_2137
SP126,2137,refined_cluster_cluster_2137
148002,1716,refined_cluster_cluster_1716
128004,1716,refined_cluster_cluster_1716
13400800,1716,refined_cluster_cluster_1716
14300800,1716,refined_cluster_cluster_1716
148000,1716,refined_cluster_cluster_1716
148001,1716,refined_cluster_cluster_1716
148871,1716,refined_cluster_cluster_1716
15225710,1716,refined_cluster_cluster_1716
19510005,3167,refined_cluster_cluster_3167
19510006,3167,refined_cluster_cluster_3167
19510010,3167,refined_cluster_cluster_3167
19510004,3166,refined_cluster_cluster_3166
19510008,3166,refined_cluster_cluster_3166
19530001,1084,refined_cluster_cluster_1084
190002,1084,refined_cluster_cluster_1084
19540025,1084,refined_cluster_cluster_1084
19530000,1141,refined_cluster_cluster_1141
19500002,1141,refined_cluster_cluster_1141
SP1402,2694,refined_cluster_cluster_2694
19540011,2694,refined_cluster_cluster_2694
19540022,2694,refined_cluster_cluster_2694
19540134,2694,refined_cluster_cluster_2694
19540112,2694,refined_cluster_cluster_2694
19540000,2694,refined_cluster_cluster_2694
19541400,2694,refined_cluster_cluster_2694
19540001,2694,refined_cluster_cluster_2694
19540175,2694,refined_cluster_cluster_2694
19541438,2694,refined_cluster_cluster_2694
907801,229,refined_cluster_cluster_229
907800,229,refined_cluster_cluster_229
12000410,2409,refined_cluster_cluster_2409
40360,2409,refined_cluster_cluster_2409
40359,2409,refined_cluster_cluster_2409
12000400,2409,refined_cluster_cluster_2409
42010,2409,refined_cluster_cluster_2409
45300,2385,refined_cluster_cluster_2385
45301,2385,refined_cluster_cluster_2385
SP1231,2385,refined_cluster_cluster_2385
14300420,2385,refined_cluster_cluster_2385
190027,2385,refined_cluster_cluster_2385
170004,2385,refined_cluster_cluster_2385
170005,2385,refined_cluster_cluster_2385
30271,2270,refined_cluster_cluster_2270
80267,2270,refined_cluster_cluster_2270
194085,1418,refined_cluster_cluster_1418
190034,1418,refined_cluster_cluster_1418
190178,1418,refined_cluster_cluster_1418
82171250,565,refined_cluster_cluster_565
390025,565,refined_cluster_cluster_565
19980002,518,refined_cluster_cluster_518
180027,518,refined_cluster_cluster_518
19980000,1910,refined_cluster_cluster_1910
180003,1910,refined_cluster_cluster_1910
180001,2427,refined_cluster_cluster_2427
42890,2427,refined_cluster_cluster_2427
180006,2427,refined_cluster_cluster_2427
10129980,2427,refined_cluster_cluster_2427
10109980,2427,refined_cluster_cluster_2427
90114,2330,refined_cluster_cluster_2330
80114,2330,refined_cluster_cluster_2330
42800,2309,refined_cluster_cluster_2309
10111050,2309,refined_cluster_cluster_2309
10111010,2309,refined_cluster_cluster_2309
19100003,1799,refined_cluster_cluster_1799
10251160,1799,refined_cluster_cluster_1799
10151160,1799,refined_cluster_cluster_1799
10451090,1799,refined_cluster_cluster_1799
40820,3155,refined_cluster_cluster_3155
17101611,3155,refined_cluster_cluster_3155
40800,3154,refined_cluster_cluster_3154
13191024,3154,refined_cluster_cluster_3154
40830,3144,refined_cluster_cluster_3144
13199984,3144,refined_cluster_cluster_3144
13191054,3144,refined_cluster_cluster_3144
134000,3144,refined_cluster_cluster_3144
14193574,3144,refined_cluster_cluster_3144
134001,3144,refined_cluster_cluster_3144
17100500,3151,refined_cluster_cluster_3151
41940,3151,refined_cluster_cluster_3151
17101512,3294,refined_cluster_cluster_3294
17101405,3294,refined_cluster_cluster_3294
17101406,3294,refined_cluster_cluster_3294
17100200,2822,refined_cluster_cluster_2822
13191567,2822,refined_cluster_cluster_2822
41211,1668,refined_cluster_cluster_1668
41210,1668,refined_cluster_cluster_1668
120005,1668,refined_cluster_cluster_1668
11101510,2627,refined_cluster_cluster_2627
11101506,2627,refined_cluster_cluster_2627
11101508,2627,refined_cluster_cluster_2627
11101509,2627,refined_cluster_cluster_2627
11101410,2626,refined_cluster_cluster_2626
11101512,2626,refined_cluster_cluster_2626
11101404,2626,refined_cluster_cluster_2626
11101405,2626,refined_cluster_cluster_2626
11101406,2626,refined_cluster_cluster_2626
11101408,2626,refined_cluster_cluster_2626
11101610,2623,refined_cluster_cluster_2623
154009,2623,refined_cluster_cluster_2623
151189,2623,refined_cluster_cluster_2623
43330,2689,refined_cluster_cluster_2689
14450400,2689,refined_cluster_cluster_2689
14401414,2689,refined_cluster_cluster_2689
154120,491,refined_cluster_cluster_491
154080,491,refined_cluster_cluster_491
170001,1350,refined_cluster_cluster_1350
170002,1350,refined_cluster_cluster_1350
120018,1350,refined_cluster_cluster_1350
19007012,1698,refined_cluster_cluster_1698
19007412,1698,refined_cluster_cluster_1698
19007624,1698,refined_cluster_cluster_1698
19240012,1698,refined_cluster_cluster_1698
10150000,1513,refined_cluster_cluster_1513
19840001,1513,refined_cluster_cluster_1513
19008400,1513,refined_cluster_cluster_1513
190210,1453,refined_cluster_cluster_1453
310210,1453,refined_cluster_cluster_1453
290239,1453,refined_cluster_cluster_1453
19009145,2684,refined_cluster_cluster_2684
39000125,2684,refined_cluster_cluster_2684
18481061,2234,refined_cluster_cluster_2234
18481081,2234,refined_cluster_cluster_2234
18481009,2234,refined_cluster_cluster_2234
18481062,2237,refined_cluster_cluster_2237
18411048,2237,refined_cluster_cluster_2237
18481161,2237,refined_cluster_cluster_2237
18480051,1052,refined_cluster_cluster_1052
18480071,1052,refined_cluster_cluster_1052
18481181,2235,refined_cluster_cluster_2235
18481051,2235,refined_cluster_cluster_2235
18481041,2236,refined_cluster_cluster_2236
18481047,2236,refined_cluster_cluster_2236
18481241,2236,refined_cluster_cluster_2236
43335,2681,refined_cluster_cluster_2681
14110400,2681,refined_cluster_cluster_2681
14110300,2681,refined_cluster_cluster_2681
19971000,181,refined_cluster_cluster_181
990610,181,refined_cluster_cluster_181
18100600,3149,refined_cluster_cluster_3149
18200101,3149,refined_cluster_cluster_3149
18104021,3171,refined_cluster_cluster_3171
18260073,3171,refined_cluster_cluster_3171
18273000,3272,refined_cluster_cluster_3272
18200008,3272,refined_cluster_cluster_3272
18260005,3272,refined_cluster_cluster_3272
18278000,3271,refined_cluster_cluster_3271
18250010,3271,refined_cluster_cluster_3271
18230085,3271,refined_cluster_cluster_3271
42301,3271,refined_cluster_cluster_3271
18200106,3052,refined_cluster_cluster_3052
63081,3052,refined_cluster_cluster_3052
67280,3052,refined_cluster_cluster_3052
18200100,3245,refined_cluster_cluster_3245
18200900,3245,refined_cluster_cluster_3245
18208416,3245,refined_cluster_cluster_3245
190801,3292,refined_cluster_cluster_3292
190805,3292,refined_cluster_cluster_3292
190020,3060,refined_cluster_cluster_3060
18240001,3060,refined_cluster_cluster_3060
18242000,3060,refined_cluster_cluster_3060
190018,3060,refined_cluster_cluster_3060
190812,3060,refined_cluster_cluster_3060
190021,3060,refined_cluster_cluster_3060
190809,3060,refined_cluster_cluster_3060
190019,3060,refined_cluster_cluster_3060
19119980,3060,refined_cluster_cluster_3060
18120000,3119,refined_cluster_cluster_3119
190600,3119,refined_cluster_cluster_3119
18208000,3104,refined_cluster_cluster_3104
190007,3104,refined_cluster_cluster_3104
18230015,3252,refined_cluster_cluster_3252
42330,3252,refined_cluster_cluster_3252
18200300,3126,refined_cluster_cluster_3126
18100400,3126,refined_cluster_cluster_3126
SP1101,3126,refined_cluster_cluster_3126
45090,3126,refined_cluster_cluster_3126
SP11025,3108,refined_cluster_cluster_3108
SP11042,3108,refined_cluster_cluster_3108
18180100,3247,refined_cluster_cluster_3247
18180070,3247,refined_cluster_cluster_3247
18180090,3247,refined_cluster_cluster_3247
18188021,3253,refined_cluster_cluster_3253
18180031,3253,refined_cluster_cluster_3253
18180041,3253,refined_cluster_cluster_3253
18180051,3253,refined_cluster_cluster_3253
18180061,3253,refined_cluster_cluster_3253
18180081,3253,refined_cluster_cluster_3253
18109021,3274,refined_cluster_cluster_3274
18105031,3274,refined_cluster_cluster_3274
18135021,3186,refined_cluster_cluster_3186
18188121,3186,refined_cluster_cluster_3186
18111051,3186,refined_cluster_cluster_3186
18110631,3186,refined_cluster_cluster_3186
18110621,3279,refined_cluster_cluster_3279
18130031,3279,refined_cluster_cluster_3279
18100631,3279,refined_cluster_cluster_3279
18115041,3215,refined_cluster_cluster_3215
18117561,3215,refined_cluster_cluster_3215
18106031,3215,refined_cluster_cluster_3215
18107005,3273,refined_cluster_cluster_3273
18107007,3273,refined_cluster_cluster_3273
18160032,3209,refined_cluster_cluster_3209
18160031,3209,refined_cluster_cluster_3209
18100503,3231,refined_cluster_cluster_3231
18210030,3231,refined_cluster_cluster_3231
18100421,3196,refined_cluster_cluster_3196
18100431,3196,refined_cluster_cluster_3196
18130141,3195,refined_cluster_cluster_3195
18135008,3195,refined_cluster_cluster_3195
18100010,3246,refined_cluster_cluster_3246
18100007,3246,refined_cluster_cluster_3246
18101031,3288,refined_cluster_cluster_3288
18117541,3288,refined_cluster_cluster_3288
18110041,3288,refined_cluster_cluster_3288
18117531,3287,refined_cluster_cluster_3287
18110031,3287,refined_cluster_cluster_3287
18534802,3150,refined_cluster_cluster_3150
190030,3150,refined_cluster_cluster_3150
190098,3150,refined_cluster_cluster_3150
18900300,3071,refined_cluster_cluster_3071
190504,3071,refined_cluster_cluster_3071
19980001,1909,refined_cluster_cluster_1909
180017,1909,refined_cluster_cluster_1909
190750,3293,refined_cluster_cluster_3293
190855,3293,refined_cluster_cluster_3293
190901,3286,refined_cluster_cluster_3286
190900,3286,refined_cluster_cluster_3286
12500410,3176,refined_cluster_cluster_3176
12500412,3176,refined_cluster_cluster_3176
12500416,3176,refined_cluster_cluster_3176
12500404,3176,refined_cluster_cluster_3176
12500405,3176,refined_cluster_cluster_3176
12500406,3176,refined_cluster_cluster_3176
12500407,3176,refined_cluster_cluster_3176
12500408,3176,refined_cluster_cluster_3176
12500610,3177,refined_cluster_cluster_3177
12500606,3177,refined_cluster_cluster_3177
46100,2272,refined_cluster_cluster_2272
12530000,2272,refined_cluster_cluster_2272
12511000,2272,refined_cluster_cluster_2272
180004,2380,refined_cluster_cluster_2380
19100000,2380,refined_cluster_cluster_2380
41019,1191,refined_cluster_cluster_1191
10099980,1191,refined_cluster_cluster_1191
10091490,1191,refined_cluster_cluster_1191
49910,2615,refined_cluster_cluster_2615
10093330,2615,refined_cluster_cluster_2615
45400,2182,refined_cluster_cluster_2182
380001,2182,refined_cluster_cluster_2182
40199980,2182,refined_cluster_cluster_2182
19100001,2182,refined_cluster_cluster_2182
45910,1073,refined_cluster_cluster_1073
10042404,1073,refined_cluster_cluster_1073
10042406,1073,refined_cluster_cluster_1073
46900,1442,refined_cluster_cluster_1442
14920000,1442,refined_cluster_cluster_1442
14910002,1710,refined_cluster_cluster_1710
194001,1710,refined_cluster_cluster_1710
190003,1447,refined_cluster_cluster_1447
190003,1447,refined_cluster_cluster_1447
18090606,1641,refined_cluster_cluster_1641
18070606,1641,refined_cluster_cluster_1641
18080606,1641,refined_cluster_cluster_1641
98765830,1587,refined_cluster_cluster_1587
97775830,1587,refined_cluster_cluster_1587
97745830,1587,refined_cluster_cluster_1587
97755830,1587,refined_cluster_cluster_1587
16140210,2643,refined_cluster_cluster_2643
16140208,2643,refined_cluster_cluster_2643
16200410,2643,refined_cluster_cluster_2643
16200412,2643,refined_cluster_cluster_2643
16200414,2643,refined_cluster_cluster_2643
16200404,2643,refined_cluster_cluster_2643
16200407,2643,refined_cluster_cluster_2643
16200498,2643,refined_cluster_cluster_2643
16200409,2643,refined_cluster_cluster_2643
16140001,2651,refined_cluster_cluster_2651
16180300,2651,refined_cluster_cluster_2651
16100401,2651,refined_cluster_cluster_2651
46610,2651,refined_cluster_cluster_2651
46600,2651,refined_cluster_cluster_2651
46670,2651,refined_cluster_cluster_2651
16240000,2651,refined_cluster_cluster_2651
16044956,2651,refined_cluster_cluster_2651
16180500,1626,refined_cluster_cluster_1626
16180501,1626,refined_cluster_cluster_1626
16280500,1626,refined_cluster_cluster_1626
16210500,1626,refined_cluster_cluster_1626
14500800,2691,refined_cluster_cluster_2691
41300,2691,refined_cluster_cluster_2691
41305,2691,refined_cluster_cluster_2691
14500401,2691,refined_cluster_cluster_2691
14500300,2691,refined_cluster_cluster_2691
14000400,2691,refined_cluster_cluster_2691
19240000,998,refined_cluster_cluster_998
19252000,998,refined_cluster_cluster_998
19220001,998,refined_cluster_cluster_998
44000,998,refined_cluster_cluster_998
144100,2891,refined_cluster_cluster_2891
290031,2891,refined_cluster_cluster_2891
14240503,1607,refined_cluster_cluster_1607
41600,1607,refined_cluster_cluster_1607
41601,1607,refined_cluster_cluster_1607
14240000,1145,refined_cluster_cluster_1145
194813,1145,refined_cluster_cluster_1145
194830,1145,refined_cluster_cluster_1145
43710,738,refined_cluster_cluster_738
43711,738,refined_cluster_cluster_738
98190,2680,refined_cluster_cluster_2680
88190,2680,refined_cluster_cluster_2680
19320031,2419,refined_cluster_cluster_2419
19320041,2419,refined_cluster_cluster_2419
19320006,2419,refined_cluster_cluster_2419
180040,2419,refined_cluster_cluster_2419
19301000,2418,refined_cluster_cluster_2418
180021,2418,refined_cluster_cluster_2418
96715890,2708,refined_cluster_cluster_2708
96785890,2708,refined_cluster_cluster_2708
97551900,2708,refined_cluster_cluster_2708
13324516,3349,refined_cluster_cluster_3349
13324524,3349,refined_cluster_cluster_3349
13324548,3349,refined_cluster_cluster_3349
13329622,3122,refined_cluster_cluster_3122
13400606,3122,refined_cluster_cluster_3122
13320614,3356,refined_cluster_cluster_3356
13320618,3356,refined_cluster_cluster_3356
13324622,3356,refined_cluster_cluster_3356
13320324,3208,refined_cluster_cluster_3208
13320532,3208,refined_cluster_cluster_3208
13320410,3355,refined_cluster_cluster_3355
13320412,3355,refined_cluster_cluster_3355
13320414,3355,refined_cluster_cluster_3355
13320416,3355,refined_cluster_cluster_3355
13320418,3355,refined_cluster_cluster_3355
13320420,3355,refined_cluster_cluster_3355
13320422,3355,refined_cluster_cluster_3355
13320424,3355,refined_cluster_cluster_3355
13320428,3355,refined_cluster_cluster_3355
13320432,3355,refined_cluster_cluster_3355
13322440,3355,refined_cluster_cluster_3355
13319624,3121,refined_cluster_cluster_3121
13319642,3121,refined_cluster_cluster_3121
13310422,3362,refined_cluster_cluster_3362
13310616,3362,refined_cluster_cluster_3362
13310624,3362,refined_cluster_cluster_3362
13310516,3363,refined_cluster_cluster_3363
13310520,3363,refined_cluster_cluster_3363
13310410,3360,refined_cluster_cluster_3360
13310412,3360,refined_cluster_cluster_3360
13310414,3360,refined_cluster_cluster_3360
13310415,3360,refined_cluster_cluster_3360
13310416,3360,refined_cluster_cluster_3360
13310418,3360,refined_cluster_cluster_3360
13310524,3360,refined_cluster_cluster_3360
13310428,3360,refined_cluster_cluster_3360
13300410,3360,refined_cluster_cluster_3360
13720400,1043,refined_cluster_cluster_1043
13701400,1043,refined_cluster_cluster_1043
13700500,1043,refined_cluster_cluster_1043
13710400,1043,refined_cluster_cluster_1043
13420005,2141,refined_cluster_cluster_2141
13420007,2141,refined_cluster_cluster_2141
13420008,2141,refined_cluster_cluster_2141
180008,637,refined_cluster_cluster_637
180008,637,refined_cluster_cluster_637
SP133,2353,refined_cluster_cluster_2353
190121,2353,refined_cluster_cluster_2353
190400,2353,refined_cluster_cluster_2353
207900005,2353,refined_cluster_cluster_2353
19020001,2354,refined_cluster_cluster_2354
19020012,2354,refined_cluster_cluster_2354
19010002,2354,refined_cluster_cluster_2354
190115,2354,refined_cluster_cluster_2354
190111,2354,refined_cluster_cluster_2354
SP1332,2359,refined_cluster_cluster_2359
19020021,2359,refined_cluster_cluster_2359
SP132,1108,refined_cluster_cluster_1108
SP012,1108,refined_cluster_cluster_1108
290502,1108,refined_cluster_cluster_1108
99999908,1123,refined_cluster_cluster_1123
99999909,1123,refined_cluster_cluster_1123
190026,1258,refined_cluster_cluster_1258
38123000,1258,refined_cluster_cluster_1258
629180,1258,refined_cluster_cluster_1258
610012,1258,refined_cluster_cluster_1258
14910112,1100,refined_cluster_cluster_1100
19210000,1100,refined_cluster_cluster_1100
24905050,1100,refined_cluster_cluster_1100
16290100,2652,refined_cluster_cluster_2652
46671,2652,refined_cluster_cluster_2652
16200067,3089,refined_cluster_cluster_3089
16200508,3089,refined_cluster_cluster_3089
43541,1028,refined_cluster_cluster_1028
19440012,1028,refined_cluster_cluster_1028
19450000,1028,refined_cluster_cluster_1028
43500,1028,refined_cluster_cluster_1028
19470000,1028,refined_cluster_cluster_1028
19480000,1028,refined_cluster_cluster_1028
43521,1028,refined_cluster_cluster_1028
19400011,1028,refined_cluster_cluster_1028
10394630,1028,refined_cluster_cluster_1028
43520,1030,refined_cluster_cluster_1030
10391010,1030,refined_cluster_cluster_1030
920238,665,refined_cluster_cluster_665
920236,665,refined_cluster_cluster_665
19142250,3093,refined_cluster_cluster_3093
19152250,3093,refined_cluster_cluster_3093
19231250,3254,refined_cluster_cluster_3254
19149980,3254,refined_cluster_cluster_3254
190872,3265,refined_cluster_cluster_3265
190095,3265,refined_cluster_cluster_3265
190754,3265,refined_cluster_cluster_3265
190880,3265,refined_cluster_cluster_3265
190844,3265,refined_cluster_cluster_3265
190856,3265,refined_cluster_cluster_3265
190763,3290,refined_cluster_cluster_3290
190752,3290,refined_cluster_cluster_3290
190756,3290,refined_cluster_cluster_3290
190757,3290,refined_cluster_cluster_3290
190758,3290,refined_cluster_cluster_3290
190849,3262,refined_cluster_cluster_3262
190888,3262,refined_cluster_cluster_3262
190061,3289,refined_cluster_cluster_3289
190071,3289,refined_cluster_cluster_3289
190821,3289,refined_cluster_cluster_3289
190824,3289,refined_cluster_cluster_3289
190850,3289,refined_cluster_cluster_3289
190808,3289,refined_cluster_cluster_3289
190871,3158,refined_cluster_cluster_3158
190853,3158,refined_cluster_cluster_3158
190080,3181,refined_cluster_cluster_3181
190017,3181,refined_cluster_cluster_3181
190080,3181,refined_cluster_cluster_3181
49015,3207,refined_cluster_cluster_3207
49016,3207,refined_cluster_cluster_3207
190100,3197,refined_cluster_cluster_3197
190042,3197,refined_cluster_cluster_3197
190070,3187,refined_cluster_cluster_3187
190079,3187,refined_cluster_cluster_3187
190851,3159,refined_cluster_cluster_3159
190806,3159,refined_cluster_cluster_3159
190827,3159,refined_cluster_cluster_3159
190810,3159,refined_cluster_cluster_3159
190854,3280,refined_cluster_cluster_3280
190858,3280,refined_cluster_cluster_3280
190870,3280,refined_cluster_cluster_3280
190859,3280,refined_cluster_cluster_3280
190831,3248,refined_cluster_cluster_3248
190852,3248,refined_cluster_cluster_3248
190857,3248,refined_cluster_cluster_3248
198050,3175,refined_cluster_cluster_3175
198080,3175,refined_cluster_cluster_3175
198081,3175,refined_cluster_cluster_3175
41950,1541,refined_cluster_cluster_1541
120006,1541,refined_cluster_cluster_1541
19550004,3138,refined_cluster_cluster_3138
19550006,3138,refined_cluster_cluster_3138
16330000,3043,refined_cluster_cluster_3043
16300514,3043,refined_cluster_cluster_3043
16310033,3043,refined_cluster_cluster_3043
16300038,3043,refined_cluster_cluster_3043
16310300,3043,refined_cluster_cluster_3043
16300000,3043,refined_cluster_cluster_3043
16310003,3043,refined_cluster_cluster_3043
16300010,3045,refined_cluster_cluster_3045
16310011,3045,refined_cluster_cluster_3045
16310010,3045,refined_cluster_cluster_3045
16310013,3045,refined_cluster_cluster_3045
16310015,3045,refined_cluster_cluster_3045
16310039,3045,refined_cluster_cluster_3045
16310018,3045,refined_cluster_cluster_3045
16310020,3045,refined_cluster_cluster_3045
16310008,3045,refined_cluster_cluster_3045
16310404,3045,refined_cluster_cluster_3045
16311005,3045,refined_cluster_cluster_3045
16310096,3045,refined_cluster_cluster_3045
16310437,3045,refined_cluster_cluster_3045
16311008,3045,refined_cluster_cluster_3045
16311009,3045,refined_cluster_cluster_3045
16310005,3045,refined_cluster_cluster_3045
16210010,3045,refined_cluster_cluster_3045
16310001,3034,refined_cluster_cluster_3034
16300012,3034,refined_cluster_cluster_3034
16311090,3046,refined_cluster_cluster_3046
16312400,3046,refined_cluster_cluster_3046
16310804,2728,refined_cluster_cluster_2728
168002,2728,refined_cluster_cluster_2728
97615880,1539,refined_cluster_cluster_1539
97585880,1539,refined_cluster_cluster_1539
97625880,1539,refined_cluster_cluster_1539
141240,3325,refined_cluster_cluster_3325
141832,3325,refined_cluster_cluster_3325
190028,1579,refined_cluster_cluster_1579
620018,1579,refined_cluster_cluster_1579
198774,1579,refined_cluster_cluster_1579
198702,1579,refined_cluster_cluster_1579
290227,1579,refined_cluster_cluster_1579
190046,3133,refined_cluster_cluster_3133
190122,3133,refined_cluster_cluster_3133
190142,3133,refined_cluster_cluster_3133
999901,3132,refined_cluster_cluster_3132
190053,3132,refined_cluster_cluster_3132
190092,3120,refined_cluster_cluster_3120
190094,3120,refined_cluster_cluster_3120
164230,2000,refined_cluster_cluster_2000
164109,2000,refined_cluster_cluster_2000
164164,2410,refined_cluster_cluster_2410
164181,2410,refined_cluster_cluster_2410
164210,2001,refined_cluster_cluster_2001
164231,2001,refined_cluster_cluster_2001
12115516,3334,refined_cluster_cluster_3334
12115518,3334,refined_cluster_cluster_3334
12110516,3334,refined_cluster_cluster_3334
12115520,3334,refined_cluster_cluster_3334
12115538,3334,refined_cluster_cluster_3334
12140432,3334,refined_cluster_cluster_3334
12140440,3334,refined_cluster_cluster_3334
12115412,3346,refined_cluster_cluster_3346
12115414,3346,refined_cluster_cluster_3346
12110416,3346,refined_cluster_cluster_3346
12110418,3346,refined_cluster_cluster_3346
12110420,3346,refined_cluster_cluster_3346
12115422,3347,refined_cluster_cluster_3347
12110422,3347,refined_cluster_cluster_3347
12120424,3347,refined_cluster_cluster_3347
12110613,3316,refined_cluster_cluster_3316
12110614,3316,refined_cluster_cluster_3316
12110616,3316,refined_cluster_cluster_3316
12115618,3316,refined_cluster_cluster_3316
12115622,3316,refined_cluster_cluster_3316
12110622,3316,refined_cluster_cluster_3316
12140430,3316,refined_cluster_cluster_3316
12119622,3298,refined_cluster_cluster_3298
12119628,3298,refined_cluster_cluster_3298
12100414,1733,refined_cluster_cluster_1733
12100700,1733,refined_cluster_cluster_1733
12100200,1733,refined_cluster_cluster_1733
12100600,1733,refined_cluster_cluster_1733
12100300,1733,refined_cluster_cluster_1733
43720,1733,refined_cluster_cluster_1733
43730,1733,refined_cluster_cluster_1733
12350106,2857,refined_cluster_cluster_2857
12370068,2857,refined_cluster_cluster_2857
12350101,2861,refined_cluster_cluster_2861
12350108,2861,refined_cluster_cluster_2861
12350110,2864,refined_cluster_cluster_2864
12350180,2864,refined_cluster_cluster_2864
12350131,2863,refined_cluster_cluster_2863
12350141,2863,refined_cluster_cluster_2863
12132512,3341,refined_cluster_cluster_3341
12130012,3341,refined_cluster_cluster_3341
12131055,3341,refined_cluster_cluster_3341
12130005,3341,refined_cluster_cluster_3341
12130006,3341,refined_cluster_cluster_3341
12131008,3341,refined_cluster_cluster_3341
12131477,3242,refined_cluster_cluster_3242
12130112,3242,refined_cluster_cluster_3242
12130514,3242,refined_cluster_cluster_3242
12130503,3242,refined_cluster_cluster_3242
12131506,3328,refined_cluster_cluster_3328
1213509,3328,refined_cluster_cluster_3328
12130410,3339,refined_cluster_cluster_3339
12130412,3339,refined_cluster_cluster_3339
12131414,3339,refined_cluster_cluster_3339
12131516,3339,refined_cluster_cluster_3339
12131418,3339,refined_cluster_cluster_3339
12135420,3339,refined_cluster_cluster_3339
12131420,3339,refined_cluster_cluster_3339
12130405,3339,refined_cluster_cluster_3339
12131406,3339,refined_cluster_cluster_3339
12131407,3339,refined_cluster_cluster_3339
12131408,3339,refined_cluster_cluster_3339
12131409,3339,refined_cluster_cluster_3339
12131610,3342,refined_cluster_cluster_3342
12131612,3342,refined_cluster_cluster_3342
12131614,3342,refined_cluster_cluster_3342
12131616,3342,refined_cluster_cluster_3342
12130606,3342,refined_cluster_cluster_3342
12130607,3342,refined_cluster_cluster_3342
12130608,3342,refined_cluster_cluster_3342
12131310,3340,refined_cluster_cluster_3340
12131312,3340,refined_cluster_cluster_3340
12131309,3340,refined_cluster_cluster_3340
10110000,1516,refined_cluster_cluster_1516
10120000,1516,refined_cluster_cluster_1516
620070,1516,refined_cluster_cluster_1516
10121000,1517,refined_cluster_cluster_1517
10122000,1517,refined_cluster_cluster_1517
10130000,2117,refined_cluster_cluster_2117
10100006,2117,refined_cluster_cluster_2117
10140000,2117,refined_cluster_cluster_2117
620004,2117,refined_cluster_cluster_2117
721797,2117,refined_cluster_cluster_2117
170011,2117,refined_cluster_cluster_2117
46300,1114,refined_cluster_cluster_1114
10031320,1114,refined_cluster_cluster_1114
10031590,1114,refined_cluster_cluster_1114
10031120,1114,refined_cluster_cluster_1114
10031130,1114,refined_cluster_cluster_1114
14300200,1443,refined_cluster_cluster_1443
14110200,1443,refined_cluster_cluster_1443
14400500,1597,refined_cluster_cluster_1597
14500500,1597,refined_cluster_cluster_1597
14510418,1749,refined_cluster_cluster_1749
14510100,1749,refined_cluster_cluster_1749
14510200,1749,refined_cluster_cluster_1749
14500200,1749,refined_cluster_cluster_1749
14010400,254,refined_cluster_cluster_254
174002,254,refined_cluster_cluster_254
174003,254,refined_cluster_cluster_254
45500,697,refined_cluster_cluster_697
45530,697,refined_cluster_cluster_697
90142,697,refined_cluster_cluster_697
19911000,697,refined_cluster_cluster_697
19940000,697,refined_cluster_cluster_697
10351310,697,refined_cluster_cluster_697
10353570,697,refined_cluster_cluster_697
14900000,2720,refined_cluster_cluster_2720
200402,2720,refined_cluster_cluster_2720
14910001,1709,refined_cluster_cluster_1709
14910005,1709,refined_cluster_cluster_1709
46020,3281,refined_cluster_cluster_3281
13305416,3281,refined_cluster_cluster_3281
13301501,3281,refined_cluster_cluster_3281
46030,3297,refined_cluster_cluster_3297
13301600,3297,refined_cluster_cluster_3297
40335,743,refined_cluster_cluster_743
144013,743,refined_cluster_cluster_743
15149984,743,refined_cluster_cluster_743
15141094,743,refined_cluster_cluster_743
15141004,743,refined_cluster_cluster_743
15141001,743,refined_cluster_cluster_743
15141050,743,refined_cluster_cluster_743
15141014,743,refined_cluster_cluster_743
15143332,743,refined_cluster_cluster_743
142113,3310,refined_cluster_cluster_3310
142080,3310,refined_cluster_cluster_3310
12830006,3249,refined_cluster_cluster_3249
13621496,3249,refined_cluster_cluster_3249
19540034,2695,refined_cluster_cluster_2695
19540012,2695,refined_cluster_cluster_2695
97878895,1236,refined_cluster_cluster_1236
97876895,1236,refined_cluster_cluster_1236
97877895,1236,refined_cluster_cluster_1236
97875895,1236,refined_cluster_cluster_1236
190044,3198,refined_cluster_cluster_3198
190054,3198,refined_cluster_cluster_3198
19360000,1193,refined_cluster_cluster_1193
10443690,1193,refined_cluster_cluster_1193
190060,2262,refined_cluster_cluster_2262
140091,2262,refined_cluster_cluster_2262
SP1312,3370,refined_cluster_cluster_3370
13420511,3370,refined_cluster_cluster_3370
13420411,3370,refined_cluster_cluster_3370
13430412,3370,refined_cluster_cluster_3370
13420413,3370,refined_cluster_cluster_3370
13410414,3370,refined_cluster_cluster_3370
13450416,3370,refined_cluster_cluster_3370
13430518,3370,refined_cluster_cluster_3370
13420518,3370,refined_cluster_cluster_3370
13420420,3370,refined_cluster_cluster_3370
13420406,3370,refined_cluster_cluster_3370
13420407,3370,refined_cluster_cluster_3370
13420408,3370,refined_cluster_cluster_3370
13420409,3370,refined_cluster_cluster_3370
194100,1659,refined_cluster_cluster_1659
194101,1659,refined_cluster_cluster_1659
194101,1659,refined_cluster_cluster_1659
190091,1970,refined_cluster_cluster_1970
140099,1970,refined_cluster_cluster_1970
140019,1970,refined_cluster_cluster_1970
40450,3320,refined_cluster_cluster_3320
40410,3320,refined_cluster_cluster_3320
40401,3320,refined_cluster_cluster_3320
13400300,3320,refined_cluster_cluster_3320
40440,3327,refined_cluster_cluster_3327
13400511,3327,refined_cluster_cluster_3327
40461,3345,refined_cluster_cluster_3345
13400432,3345,refined_cluster_cluster_3345
13440412,3345,refined_cluster_cluster_3345
40460,3338,refined_cluster_cluster_3338
13400401,3338,refined_cluster_cluster_3338
12410412,3291,refined_cluster_cluster_3291
13410407,3291,refined_cluster_cluster_3291
40462,3296,refined_cluster_cluster_3296
13400600,3296,refined_cluster_cluster_3296
40510,3326,refined_cluster_cluster_3326
13400201,3326,refined_cluster_cluster_3326
13400322,3326,refined_cluster_cluster_3326
13400701,3344,refined_cluster_cluster_3344
13400421,3344,refined_cluster_cluster_3344
13421401,3333,refined_cluster_cluster_3333
13450418,3333,refined_cluster_cluster_3333
13410010,3372,refined_cluster_cluster_3372
13410060,3372,refined_cluster_cluster_3372
13410080,3372,refined_cluster_cluster_3372
13421512,3361,refined_cluster_cluster_3361
13420514,3361,refined_cluster_cluster_3361
13420516,3361,refined_cluster_cluster_3361
13420509,3361,refined_cluster_cluster_3361
13420508,3367,refined_cluster_cluster_3367
13450516,3367,refined_cluster_cluster_3367
13420610,3371,refined_cluster_cluster_3371
13429612,3371,refined_cluster_cluster_3371
13420614,3371,refined_cluster_cluster_3371
13424616,3371,refined_cluster_cluster_3371
13420618,3371,refined_cluster_cluster_3371
13420620,3371,refined_cluster_cluster_3371
13420607,3371,refined_cluster_cluster_3371
13420609,3371,refined_cluster_cluster_3371
13430512,3371,refined_cluster_cluster_3371
13490406,3357,refined_cluster_cluster_3357
13490408,3357,refined_cluster_cluster_3357
13490416,3357,refined_cluster_cluster_3357
140981,2990,refined_cluster_cluster_2990
142000,2990,refined_cluster_cluster_2990
140980,2990,refined_cluster_cluster_2990
168542,2990,refined_cluster_cluster_2990
19955050,1663,refined_cluster_cluster_1663
58955050,1663,refined_cluster_cluster_1663
140010,2678,refined_cluster_cluster_2678
13190000,2678,refined_cluster_cluster_2678
13000940,3277,refined_cluster_cluster_3277
13000840,3277,refined_cluster_cluster_3277
95240,3303,refined_cluster_cluster_3303
13101410,3303,refined_cluster_cluster_3303
13101411,3303,refined_cluster_cluster_3303
13101412,3303,refined_cluster_cluster_3303
13111514,3303,refined_cluster_cluster_3303
13101416,3303,refined_cluster_cluster_3303
13101403,3303,refined_cluster_cluster_3303
13105404,3303,refined_cluster_cluster_3303
13101405,3303,refined_cluster_cluster_3303
13101406,3303,refined_cluster_cluster_3303
13101407,3303,refined_cluster_cluster_3303
13101408,3303,refined_cluster_cluster_3303
13101409,3303,refined_cluster_cluster_3303
13101204,3313,refined_cluster_cluster_3313
13101105,3313,refined_cluster_cluster_3313
13101208,3313,refined_cluster_cluster_3313
13101106,3314,refined_cluster_cluster_3314
13101108,3314,refined_cluster_cluster_3314
13101308,3314,refined_cluster_cluster_3314
13101510,3302,refined_cluster_cluster_3302
13101511,3302,refined_cluster_cluster_3302
13101512,3302,refined_cluster_cluster_3302
13101504,3302,refined_cluster_cluster_3302
13101505,3302,refined_cluster_cluster_3302
13101506,3302,refined_cluster_cluster_3302
13101507,3302,refined_cluster_cluster_3302
13101508,3302,refined_cluster_cluster_3302
13101509,3302,refined_cluster_cluster_3302
13111607,3302,refined_cluster_cluster_3302
13101705,3266,refined_cluster_cluster_3266
13101708,3266,refined_cluster_cluster_3266
13101610,3322,refined_cluster_cluster_3322
13101611,3322,refined_cluster_cluster_3322
13101612,3322,refined_cluster_cluster_3322
13101604,3322,refined_cluster_cluster_3322
13101605,3322,refined_cluster_cluster_3322
13105606,3322,refined_cluster_cluster_3322
13101607,3322,refined_cluster_cluster_3322
13101608,3322,refined_cluster_cluster_3322
13101100,3322,refined_cluster_cluster_3322
141081,3321,refined_cluster_cluster_3321
141086,3321,refined_cluster_cluster_3321
141080,3321,refined_cluster_cluster_3321
13001002,3110,refined_cluster_cluster_3110
13001003,3110,refined_cluster_cluster_3110
13001004,3110,refined_cluster_cluster_3110
13001005,3110,refined_cluster_cluster_3110
13001006,3116,refined_cluster_cluster_3116
13001405,3116,refined_cluster_cluster_3116
13001402,3115,refined_cluster_cluster_3115
13001403,3115,refined_cluster_cluster_3115
13001404,3115,refined_cluster_cluster_3115
13000499,3017,refined_cluster_cluster_3017
13000410,3017,refined_cluster_cluster_3017
40010,3016,refined_cluster_cluster_3016
40070,3016,refined_cluster_cluster_3016
13000415,3016,refined_cluster_cluster_3016
13000905,3016,refined_cluster_cluster_3016
40011,3015,refined_cluster_cluster_3015
13000606,3015,refined_cluster_cluster_3015
13000600,3015,refined_cluster_cluster_3015
141050,3015,refined_cluster_cluster_3015
140002,2687,refined_cluster_cluster_2687
13105714,2687,refined_cluster_cluster_2687
207900015,2687,refined_cluster_cluster_2687
3691,2788,refined_cluster_cluster_2788
3614,2788,refined_cluster_cluster_2788
142060,3309,refined_cluster_cluster_3309
142120,3309,refined_cluster_cluster_3309
140023,3201,refined_cluster_cluster_3201
140030,3201,refined_cluster_cluster_3201
140050,3200,refined_cluster_cluster_3200
140120,3200,refined_cluster_cluster_3200
140140,3200,refined_cluster_cluster_3200
140160,3200,refined_cluster_cluster_3200
140040,3200,refined_cluster_cluster_3200
140060,3200,refined_cluster_cluster_3200
140070,3200,refined_cluster_cluster_3200
140080,3200,refined_cluster_cluster_3200
140090,3200,refined_cluster_cluster_3200
141005,2998,refined_cluster_cluster_2998
141006,2998,refined_cluster_cluster_2998
140005,741,refined_cluster_cluster_741
140003,741,refined_cluster_cluster_741
140033,3100,refined_cluster_cluster_3100
140047,3100,refined_cluster_cluster_3100
140021,3018,refined_cluster_cluster_3018
144051,3018,refined_cluster_cluster_3018
144053,3018,refined_cluster_cluster_3018
144054,3018,refined_cluster_cluster_3018
140340,3099,refined_cluster_cluster_3099
140149,3099,refined_cluster_cluster_3099
140046,3099,refined_cluster_cluster_3099
140052,3099,refined_cluster_cluster_3099
140341,3061,refined_cluster_cluster_3061
140150,3061,refined_cluster_cluster_3061
46420,2224,refined_cluster_cluster_2224
46450,2224,refined_cluster_cluster_2224
163002,2099,refined_cluster_cluster_2099
163003,2099,refined_cluster_cluster_2099
12000103,2099,refined_cluster_cluster_2099
12500106,2099,refined_cluster_cluster_2099
19623000,1264,refined_cluster_cluster_1264
10083690,1264,refined_cluster_cluster_1264
10093690,1264,refined_cluster_cluster_1264
10051270,1264,refined_cluster_cluster_1264
43201,2464,refined_cluster_cluster_2464
43200,2464,refined_cluster_cluster_2464
19630010,2465,refined_cluster_cluster_2465
10229980,2465,refined_cluster_cluster_2465
13630400,3160,refined_cluster_cluster_3160
13600713,3160,refined_cluster_cluster_3160
13600613,3160,refined_cluster_cluster_3160
13630200,3160,refined_cluster_cluster_3160
13600410,3160,refined_cluster_cluster_3160
13631401,3241,refined_cluster_cluster_3241
13631406,3241,refined_cluster_cluster_3241
13610410,3256,refined_cluster_cluster_3256
13620511,3256,refined_cluster_cluster_3256
13620412,3256,refined_cluster_cluster_3256
13610496,3256,refined_cluster_cluster_3256
13610404,3256,refined_cluster_cluster_3256
13610405,3256,refined_cluster_cluster_3256
13640406,3256,refined_cluster_cluster_3256
13610407,3256,refined_cluster_cluster_3256
13620608,3256,refined_cluster_cluster_3256
13610409,3256,refined_cluster_cluster_3256
13620308,3256,refined_cluster_cluster_3256
13610610,3257,refined_cluster_cluster_3257
13610612,3257,refined_cluster_cluster_3257
13620616,3257,refined_cluster_cluster_3257
13610605,3257,refined_cluster_cluster_3257
13610606,3257,refined_cluster_cluster_3257
13610607,3257,refined_cluster_cluster_3257
13610608,3257,refined_cluster_cluster_3257
13610609,3257,refined_cluster_cluster_3257
13641607,3251,refined_cluster_cluster_3251
13641610,3251,refined_cluster_cluster_3251
13641606,3251,refined_cluster_cluster_3251
13641609,3251,refined_cluster_cluster_3251
13651401,3224,refined_cluster_cluster_3224
13640410,3224,refined_cluster_cluster_3224
13641510,3250,refined_cluster_cluster_3250
13641511,3250,refined_cluster_cluster_3250
13541511,3250,refined_cluster_cluster_3250
13641503,3250,refined_cluster_cluster_3250
13641506,3250,refined_cluster_cluster_3250
13641507,3250,refined_cluster_cluster_3250
13641508,3250,refined_cluster_cluster_3250
13641509,3250,refined_cluster_cluster_3250
19990040,2635,refined_cluster_cluster_2635
19990000,2635,refined_cluster_cluster_2635
18013790,2635,refined_cluster_cluster_2635
19990080,2645,refined_cluster_cluster_2645
19990086,2645,refined_cluster_cluster_2645
19990085,2645,refined_cluster_cluster_2645
180011,630,refined_cluster_cluster_630
44001,630,refined_cluster_cluster_630
19960000,822,refined_cluster_cluster_822
10341390,822,refined_cluster_cluster_822
19960114,1711,refined_cluster_cluster_1711
19960012,1711,refined_cluster_cluster_1711
19960011,1711,refined_cluster_cluster_1711
180002,698,refined_cluster_cluster_698
180002,698,refined_cluster_cluster_698
44800,698,refined_cluster_cluster_698
44801,698,refined_cluster_cluster_698
19950000,696,refined_cluster_cluster_696
10341460,696,refined_cluster_cluster_696
10349980,696,refined_cluster_cluster_696
10345340,696,refined_cluster_cluster_696
10373580,696,refined_cluster_cluster_696
10371460,696,refined_cluster_cluster_696
10353580,696,refined_cluster_cluster_696
180199,631,refined_cluster_cluster_631
10369980,631,refined_cluster_cluster_631
10363750,631,refined_cluster_cluster_631
43401,629,refined_cluster_cluster_629
43402,629,refined_cluster_cluster_629
13490410,3358,refined_cluster_cluster_3358
13490412,3358,refined_cluster_cluster_3358
46701,1238,refined_cluster_cluster_1238
46702,1238,refined_cluster_cluster_1238
40301,1238,refined_cluster_cluster_1238
18218920,749,refined_cluster_cluster_749
18218900,749,refined_cluster_cluster_749
18218902,750,refined_cluster_cluster_750
18218910,750,refined_cluster_cluster_750
19011001,2352,refined_cluster_cluster_2352
19020020,2352,refined_cluster_cluster_2352
22107,2073,refined_cluster_cluster_2073
52301000,2073,refined_cluster_cluster_2073
52312000,2073,refined_cluster_cluster_2073
52301600,2073,refined_cluster_cluster_2073
52309000,2073,refined_cluster_cluster_2073
52309900,2073,refined_cluster_cluster_2073
22103,139,refined_cluster_cluster_139
22105,139,refined_cluster_cluster_139
22106,116,refined_cluster_cluster_116
22108,116,refined_cluster_cluster_116
22104,116,refined_cluster_cluster_116
22112,1519,refined_cluster_cluster_1519
22114,1519,refined_cluster_cluster_1519
22111,1519,refined_cluster_cluster_1519
22100,1056,refined_cluster_cluster_1056
22174,1056,refined_cluster_cluster_1056
22109,1157,refined_cluster_cluster_1157
620131,1157,refined_cluster_cluster_1157
97535850,1373,refined_cluster_cluster_1373
97525850,1373,refined_cluster_cluster_1373
350351,1401,refined_cluster_cluster_1401
350928,1401,refined_cluster_cluster_1401
43021190,3125,refined_cluster_cluster_3125
43001190,3125,refined_cluster_cluster_3125
43029990,3130,refined_cluster_cluster_3130
43022430,3130,refined_cluster_cluster_3130
43006020,553,refined_cluster_cluster_553
43002010,553,refined_cluster_cluster_553
43002010,553,refined_cluster_cluster_553
43004160,553,refined_cluster_cluster_553
43005700,3103,refined_cluster_cluster_3103
43001010,3103,refined_cluster_cluster_3103
43009990,3129,refined_cluster_cluster_3129
43004770,3129,refined_cluster_cluster_3129
43005170,3112,refined_cluster_cluster_3112
43005200,3112,refined_cluster_cluster_3112
43019990,3092,refined_cluster_cluster_3092
43011190,3092,refined_cluster_cluster_3092
43011640,3092,refined_cluster_cluster_3092
50141022,1262,refined_cluster_cluster_1262
50141020,1262,refined_cluster_cluster_1262
971121599,1182,refined_cluster_cluster_1182
971121599,1182,refined_cluster_cluster_1182
10424IB,533,refined_cluster_cluster_533
1042400,533,refined_cluster_cluster_533
1042488,533,refined_cluster_cluster_533
10429984,642,refined_cluster_cluster_642
10429999,642,refined_cluster_cluster_642
10429923,642,refined_cluster_cluster_642
10430002,642,refined_cluster_cluster_642
10430003,642,refined_cluster_cluster_642
10430001,642,refined_cluster_cluster_642
10430004,642,refined_cluster_cluster_642
1044020,642,refined_cluster_cluster_642
10430005,642,refined_cluster_cluster_642
10430007,642,refined_cluster_cluster_642
10429917,642,refined_cluster_cluster_642
10429921,642,refined_cluster_cluster_642
10429974,642,refined_cluster_cluster_642
10429925,642,refined_cluster_cluster_642
1043003,642,refined_cluster_cluster_642
1042980,1650,refined_cluster_cluster_1650
1042979,1650,refined_cluster_cluster_1650
1042978,1650,refined_cluster_cluster_1650
1004118C,2786,refined_cluster_cluster_2786
101082,2786,refined_cluster_cluster_2786
1004A2IB,2786,refined_cluster_cluster_2786
10108,2786,refined_cluster_cluster_2786
101012,2786,refined_cluster_cluster_2786
1004A2I1,2786,refined_cluster_cluster_2786
1010832,2786,refined_cluster_cluster_2786
10040234,2786,refined_cluster_cluster_2786
10040259,2786,refined_cluster_cluster_2786
1010880,2786,refined_cluster_cluster_2786
10108A,2786,refined_cluster_cluster_2786
1010810,2786,refined_cluster_cluster_2786
1003840,2786,refined_cluster_cluster_2786
10040234,2786,refined_cluster_cluster_2786
10660931,2786,refined_cluster_cluster_2786
12011014,2786,refined_cluster_cluster_2786
12013575,2786,refined_cluster_cluster_2786
10040256,2787,refined_cluster_cluster_2787
10040256,2787,refined_cluster_cluster_2787
1004118F,2060,refined_cluster_cluster_2060
10060168,2060,refined_cluster_cluster_2060
1006A1XX,2060,refined_cluster_cluster_2060
10060157,2060,refined_cluster_cluster_2060
1004A3IB,2060,refined_cluster_cluster_2060
10060155,2060,refined_cluster_cluster_2060
10060160,2060,refined_cluster_cluster_2060
10060156,2060,refined_cluster_cluster_2060
10060158,2060,refined_cluster_cluster_2060
10028A,1287,refined_cluster_cluster_1287
10027T1,1287,refined_cluster_cluster_1287
10027TL,1287,refined_cluster_cluster_1287
10028A,1287,refined_cluster_cluster_1287
10027CT,1287,refined_cluster_cluster_1287
1002A1E,1287,refined_cluster_cluster_1287
1002710,1287,refined_cluster_cluster_1287
10028GO,1287,refined_cluster_cluster_1287
10028G1,1287,refined_cluster_cluster_1287
10029SW,1287,refined_cluster_cluster_1287
10443565,1287,refined_cluster_cluster_1287
10081370,1287,refined_cluster_cluster_1287
10019891,1981,refined_cluster_cluster_1981
10019887,1981,refined_cluster_cluster_1981
10086000,1981,refined_cluster_cluster_1981
10087S,1981,refined_cluster_cluster_1981
10089S,1981,refined_cluster_cluster_1981
10087S,1981,refined_cluster_cluster_1981
100892,1981,refined_cluster_cluster_1981
10388108,1975,refined_cluster_cluster_1975
10388111,1975,refined_cluster_cluster_1975
1038865N,1983,refined_cluster_cluster_1983
1038865N,1983,refined_cluster_cluster_1983
10388NXL,1986,refined_cluster_cluster_1986
10388654,1986,refined_cluster_cluster_1986
10380183,1986,refined_cluster_cluster_1986
10388NX1,1986,refined_cluster_cluster_1986
10388NX3,1987,refined_cluster_cluster_1987
10388NX5,1987,refined_cluster_cluster_1987
10388103,1977,refined_cluster_cluster_1977
10388103,1977,refined_cluster_cluster_1977
1038870,1984,refined_cluster_cluster_1984
1038870,1984,refined_cluster_cluster_1984
10878769,2003,refined_cluster_cluster_2003
1087AAIC,2003,refined_cluster_cluster_2003
10871162,2023,refined_cluster_cluster_2023
10871162,2023,refined_cluster_cluster_2023
10877660,2025,refined_cluster_cluster_2025
1087765A,2025,refined_cluster_cluster_2025
1003830,2025,refined_cluster_cluster_2025
10877660,2025,refined_cluster_cluster_2025
1087A2NA,2010,refined_cluster_cluster_2010
108774,2010,refined_cluster_cluster_2010
1087A2GB,2020,refined_cluster_cluster_2020
1087A210,2020,refined_cluster_cluster_2020
1087108,2020,refined_cluster_cluster_2020
1087A5AR,2020,refined_cluster_cluster_2020
10879898,2020,refined_cluster_cluster_2020
10871274,2026,refined_cluster_cluster_2026
10871274,2026,refined_cluster_cluster_2026
1087NPL,2024,refined_cluster_cluster_2024
1087AAIB,2024,refined_cluster_cluster_2024
1087A1IC,2024,refined_cluster_cluster_2024
1087A116,2022,refined_cluster_cluster_2022
1087A116,2022,refined_cluster_cluster_2022
1087A114,2021,refined_cluster_cluster_2021
10872014,2021,refined_cluster_cluster_2021
1087A5AM,2014,refined_cluster_cluster_2014
1087A5AM,2014,refined_cluster_cluster_2014
10870577,1345,refined_cluster_cluster_1345
10870531,1345,refined_cluster_cluster_1345
10870522,485,refined_cluster_cluster_485
1087A2CF,485,refined_cluster_cluster_485
10090873,1973,refined_cluster_cluster_1973
10090067,1973,refined_cluster_cluster_1973
10090072,1973,refined_cluster_cluster_1973
1009079,1973,refined_cluster_cluster_1973
100913,1973,refined_cluster_cluster_1973
100904,1973,refined_cluster_cluster_1973
100907,1973,refined_cluster_cluster_1973
10090870,1973,refined_cluster_cluster_1973
10090872,1973,refined_cluster_cluster_1973
100915,1973,refined_cluster_cluster_1973
100101,1973,refined_cluster_cluster_1973
100104,1973,refined_cluster_cluster_1973
1009010,1973,refined_cluster_cluster_1973
10104,1973,refined_cluster_cluster_1973
10090070,1974,refined_cluster_cluster_1974
10090070,1974,refined_cluster_cluster_1974
10089858,1989,refined_cluster_cluster_1989
10089862,1989,refined_cluster_cluster_1989
10088988,1989,refined_cluster_cluster_1989
1086A2IB,1989,refined_cluster_cluster_1989
1008A2GO,1989,refined_cluster_cluster_1989
10078012,1989,refined_cluster_cluster_1989
1008A210,1989,refined_cluster_cluster_1989
10081223,1989,refined_cluster_cluster_1989
10078010,1989,refined_cluster_cluster_1989
10081223,1989,refined_cluster_cluster_1989
10089856,1989,refined_cluster_cluster_1989
1086A2IB,1989,refined_cluster_cluster_1989
1008A2GO,1989,refined_cluster_cluster_1989
10078012,1989,refined_cluster_cluster_1989
1008A210,1989,refined_cluster_cluster_1989
10089856,1989,refined_cluster_cluster_1989
10038189,1989,refined_cluster_cluster_1989
1008A2G1,1988,refined_cluster_cluster_1988
1008A2G1,1988,refined_cluster_cluster_1988
100761,1988,refined_cluster_cluster_1988
10074080,1990,refined_cluster_cluster_1990
100741,1990,refined_cluster_cluster_1990
100743,1990,refined_cluster_cluster_1990
1007410,1990,refined_cluster_cluster_1990
1007412,1990,refined_cluster_cluster_1990
10074086,1990,refined_cluster_cluster_1990
10074944,1134,refined_cluster_cluster_1134
10075024,1134,refined_cluster_cluster_1134
10075015,1134,refined_cluster_cluster_1134
1007545,407,refined_cluster_cluster_407
1087676,407,refined_cluster_cluster_407
1087678,407,refined_cluster_cluster_407
1087677,407,refined_cluster_cluster_407
1087672,407,refined_cluster_cluster_407
10038176,1274,refined_cluster_cluster_1274
10660951,1274,refined_cluster_cluster_1274
10870510,374,refined_cluster_cluster_374
10870526,374,refined_cluster_cluster_374
10870538,374,refined_cluster_cluster_374
10436660,579,refined_cluster_cluster_579
10436661,579,refined_cluster_cluster_579
10436R,319,refined_cluster_cluster_319
ZZ10436R,319,refined_cluster_cluster_319
1046NRIB,1277,refined_cluster_cluster_1277
10467603,1277,refined_cluster_cluster_1277
1047NRVZ,1277,refined_cluster_cluster_1277
1046NRI1,1277,refined_cluster_cluster_1277
1046NRI2,1277,refined_cluster_cluster_1277
1046NRIE,1277,refined_cluster_cluster_1277
10470012,1277,refined_cluster_cluster_1277
1047AU,1277,refined_cluster_cluster_1277
1046A310,1277,refined_cluster_cluster_1277
104710,1277,refined_cluster_cluster_1277
41010,3145,refined_cluster_cluster_3145
13191050,3145,refined_cluster_cluster_3145
13192260,3145,refined_cluster_cluster_3145
1039A0P1,1619,refined_cluster_cluster_1619
1039A2CM,1619,refined_cluster_cluster_1619
103991,1619,refined_cluster_cluster_1619
10399887,1619,refined_cluster_cluster_1619
1039A0PK,1619,refined_cluster_cluster_1619
10399894,1619,refined_cluster_cluster_1619
10399894,1619,refined_cluster_cluster_1619
10401237,1619,refined_cluster_cluster_1619
10390107,1619,refined_cluster_cluster_1619
10390400,1619,refined_cluster_cluster_1619
1039A010,1619,refined_cluster_cluster_1619
10399892,1619,refined_cluster_cluster_1619
10390548,1619,refined_cluster_cluster_1619
10406600,1619,refined_cluster_cluster_1619
10390544,1619,refined_cluster_cluster_1619
10390547,1619,refined_cluster_cluster_1619
10422012,1619,refined_cluster_cluster_1619
1039972,1619,refined_cluster_cluster_1619
1040948,1855,refined_cluster_cluster_1855
1041615,1855,refined_cluster_cluster_1855
1041928,1809,refined_cluster_cluster_1809
1041928,1809,refined_cluster_cluster_1809
10500018,1809,refined_cluster_cluster_1809
10500041,1809,refined_cluster_cluster_1809
10500035,1824,refined_cluster_cluster_1824
10500035,1824,refined_cluster_cluster_1824
104170,1003,refined_cluster_cluster_1003
104170,1003,refined_cluster_cluster_1003
10416G,1858,refined_cluster_cluster_1858
1041615,1858,refined_cluster_cluster_1858
104223,1849,refined_cluster_cluster_1849
10417202,1849,refined_cluster_cluster_1849
104164,1831,refined_cluster_cluster_1831
104165,1831,refined_cluster_cluster_1831
104230,1837,refined_cluster_cluster_1837
104233,1837,refined_cluster_cluster_1837
104226,1844,refined_cluster_cluster_1844
104226,1844,refined_cluster_cluster_1844
104245,1844,refined_cluster_cluster_1844
10500043,1844,refined_cluster_cluster_1844
104228,1844,refined_cluster_cluster_1844
1040993,1820,refined_cluster_cluster_1820
1040995,1820,refined_cluster_cluster_1820
1040988,1820,refined_cluster_cluster_1820
10416,1828,refined_cluster_cluster_1828
10486045,1828,refined_cluster_cluster_1828
10486044,1828,refined_cluster_cluster_1828
1048656,1828,refined_cluster_cluster_1828
104865,1828,refined_cluster_cluster_1828
1041613,1827,refined_cluster_cluster_1827
10416615,1827,refined_cluster_cluster_1827
104866,1827,refined_cluster_cluster_1827
10486CP,1819,refined_cluster_cluster_1819
10486C,1819,refined_cluster_cluster_1819
10416107,1816,refined_cluster_cluster_1816
10416105,1816,refined_cluster_cluster_1816
10416108,1816,refined_cluster_cluster_1816
10416104,1816,refined_cluster_cluster_1816
10416999,1816,refined_cluster_cluster_1816
10416110,1816,refined_cluster_cluster_1816
1040958,1810,refined_cluster_cluster_1810
1040959,1810,refined_cluster_cluster_1810
10500034,1836,refined_cluster_cluster_1836
10500001,1836,refined_cluster_cluster_1836
10500038,1836,refined_cluster_cluster_1836
10500039,1836,refined_cluster_cluster_1836
10500032,1857,refined_cluster_cluster_1857
1040948,1857,refined_cluster_cluster_1857
10500026,1857,refined_cluster_cluster_1857
10500044,1839,refined_cluster_cluster_1839
10500040,1839,refined_cluster_cluster_1839
10500042,1839,refined_cluster_cluster_1839
104223,1848,refined_cluster_cluster_1848
10418,1848,refined_cluster_cluster_1848
10038115,1825,refined_cluster_cluster_1825
10038308,1825,refined_cluster_cluster_1825
10038206,1825,refined_cluster_cluster_1825
10660939,1826,refined_cluster_cluster_1826
10660928,1826,refined_cluster_cluster_1826
10164577,594,refined_cluster_cluster_594
10164575,594,refined_cluster_cluster_594
16061076,594,refined_cluster_cluster_594
10161000,594,refined_cluster_cluster_594
10164588,594,refined_cluster_cluster_594
1066092F,594,refined_cluster_cluster_594
10164072,594,refined_cluster_cluster_594
10181602,594,refined_cluster_cluster_594
10164583,594,refined_cluster_cluster_594
10164677,594,refined_cluster_cluster_594
10164NRC,594,refined_cluster_cluster_594
1016A213,594,refined_cluster_cluster_594
10181519,594,refined_cluster_cluster_594
10164072,594,refined_cluster_cluster_594
10165AIB,594,refined_cluster_cluster_594
13005A,1285,refined_cluster_cluster_1285
130045,1285,refined_cluster_cluster_1285
13004ASW,1285,refined_cluster_cluster_1285
13004AL1,1285,refined_cluster_cluster_1285
1014044,1285,refined_cluster_cluster_1285
13005ASW,1276,refined_cluster_cluster_1276
13005432,1276,refined_cluster_cluster_1276
13005412,1276,refined_cluster_cluster_1276
10437IB,1278,refined_cluster_cluster_1278
1043711,1278,refined_cluster_cluster_1278
10438001,1278,refined_cluster_cluster_1278
10437100,1278,refined_cluster_cluster_1278
1043713,1278,refined_cluster_cluster_1278
1043712,1278,refined_cluster_cluster_1278
10437773,383,refined_cluster_cluster_383
10548013,383,refined_cluster_cluster_383
10192,1414,refined_cluster_cluster_1414
10190,1414,refined_cluster_cluster_1414
10180A,1417,refined_cluster_cluster_1417
101801,1417,refined_cluster_cluster_1417
10174699,1417,refined_cluster_cluster_1417
10176,1417,refined_cluster_cluster_1417
1018303,1417,refined_cluster_cluster_1417
10176B,1417,refined_cluster_cluster_1417
10177B,1417,refined_cluster_cluster_1417
10177B1,1417,refined_cluster_cluster_1417
1017513,1417,refined_cluster_cluster_1417
10431K,824,refined_cluster_cluster_824
10433K,824,refined_cluster_cluster_824
10435,824,refined_cluster_cluster_824
10443Z,1282,refined_cluster_cluster_1282
10443P2,1282,refined_cluster_cluster_1282
10443566,1282,refined_cluster_cluster_1282
104435,1282,refined_cluster_cluster_1282
10443PK,1288,refined_cluster_cluster_1288
10148777,1288,refined_cluster_cluster_1288
10443A,1289,refined_cluster_cluster_1289
10443P1,1289,refined_cluster_cluster_1289
10439F,2338,refined_cluster_cluster_2338
10439F,2338,refined_cluster_cluster_2338
10439019,2338,refined_cluster_cluster_2338
10439848,2338,refined_cluster_cluster_2338
10439846,2338,refined_cluster_cluster_2338
10438999,2339,refined_cluster_cluster_2339
10438,2339,refined_cluster_cluster_2339
10439IB,2339,refined_cluster_cluster_2339
1032A323,1466,refined_cluster_cluster_1466
1032A322,1466,refined_cluster_cluster_1466
10324430,1466,refined_cluster_cluster_1466
1032A321,1466,refined_cluster_cluster_1466
13083790,1466,refined_cluster_cluster_1466
1032A2IB,1466,refined_cluster_cluster_1466
1032A210,1466,refined_cluster_cluster_1466
10329945,1466,refined_cluster_cluster_1466
1032A3I1,1466,refined_cluster_cluster_1466
10328926,1466,refined_cluster_cluster_1466
10328924,1466,refined_cluster_cluster_1466
1035A2IC,1466,refined_cluster_cluster_1466
1032A310,1466,refined_cluster_cluster_1466
1032404,1466,refined_cluster_cluster_1466
10328976,1466,refined_cluster_cluster_1466
1001305,1457,refined_cluster_cluster_1457
1001624,1457,refined_cluster_cluster_1457
10016B,1457,refined_cluster_cluster_1457
10017D,1457,refined_cluster_cluster_1457
1001619,1457,refined_cluster_cluster_1457
100175,1457,refined_cluster_cluster_1457
10016D,1457,refined_cluster_cluster_1457
1001A2N,1457,refined_cluster_cluster_1457
100174,1457,refined_cluster_cluster_1457
1001626,1457,refined_cluster_cluster_1457
100164,1457,refined_cluster_cluster_1457
1033A2B3,786,refined_cluster_cluster_786
10331210,786,refined_cluster_cluster_786
1033A2BP,786,refined_cluster_cluster_786
103330,786,refined_cluster_cluster_786
103337,786,refined_cluster_cluster_786
103333,786,refined_cluster_cluster_786
103332,786,refined_cluster_cluster_786
103347,786,refined_cluster_cluster_786
103332,786,refined_cluster_cluster_786
1033A211,787,refined_cluster_cluster_787
1033A413,787,refined_cluster_cluster_787
1033A414,787,refined_cluster_cluster_787
10260845,2389,refined_cluster_cluster_2389
10260840,2389,refined_cluster_cluster_2389
1026A20,2389,refined_cluster_cluster_2389
10260843,2389,refined_cluster_cluster_2389
1026ARI,2389,refined_cluster_cluster_2389
1026ARI9,2389,refined_cluster_cluster_2389
1026A1S,2389,refined_cluster_cluster_2389
10261051,2389,refined_cluster_cluster_2389
10260120,2389,refined_cluster_cluster_2389
10261026,2389,refined_cluster_cluster_2389
1026ARI,2389,refined_cluster_cluster_2389
10260840,2389,refined_cluster_cluster_2389
10260118,2389,refined_cluster_cluster_2389
1026100,2389,refined_cluster_cluster_2389
10261021,2389,refined_cluster_cluster_2389
10260112,2389,refined_cluster_cluster_2389
1026009,2389,refined_cluster_cluster_2389
10260112,2389,refined_cluster_cluster_2389
10278016,2348,refined_cluster_cluster_2348
10278015,2348,refined_cluster_cluster_2348
10277504,2355,refined_cluster_cluster_2355
10278010,2355,refined_cluster_cluster_2355
1027776,2355,refined_cluster_cluster_2355
1027774,2355,refined_cluster_cluster_2355
10235061,2355,refined_cluster_cluster_2355
10277003,2355,refined_cluster_cluster_2355
10277010,2355,refined_cluster_cluster_2355
10283989,2355,refined_cluster_cluster_2355
10277516,2355,refined_cluster_cluster_2355
10277507,2355,refined_cluster_cluster_2355
10277502,2355,refined_cluster_cluster_2355
10277512,2355,refined_cluster_cluster_2355
10284,2355,refined_cluster_cluster_2355
1028234,2355,refined_cluster_cluster_2355
1028235,2355,refined_cluster_cluster_2355
10283073,2355,refined_cluster_cluster_2355
1027483,2356,refined_cluster_cluster_2356
1027491,2356,refined_cluster_cluster_2356
10278350,2356,refined_cluster_cluster_2356
10277530,2356,refined_cluster_cluster_2356
10278350,2356,refined_cluster_cluster_2356
1035A2G1,1468,refined_cluster_cluster_1468
1035A2GO,1468,refined_cluster_cluster_1468
10350010,1468,refined_cluster_cluster_1468
10357012,1468,refined_cluster_cluster_1468
1035A2B7,1468,refined_cluster_cluster_1468
10311293,1468,refined_cluster_cluster_1468
1035A2BP,1468,refined_cluster_cluster_1468
1035A215,1468,refined_cluster_cluster_1468
10357015,1468,refined_cluster_cluster_1468
1035A3GO,1468,refined_cluster_cluster_1468
10357026,1468,refined_cluster_cluster_1468
10357748,1468,refined_cluster_cluster_1468
10350457,1468,refined_cluster_cluster_1468
1035A2B1,1468,refined_cluster_cluster_1468
10350452,1468,refined_cluster_cluster_1468
103716,1468,refined_cluster_cluster_1468
10352,1467,refined_cluster_cluster_1467
1035280,1467,refined_cluster_cluster_1467
1036805,271,refined_cluster_cluster_271
1036800,271,refined_cluster_cluster_271
10347PV1,600,refined_cluster_cluster_600
10347PV,600,refined_cluster_cluster_600
10304RP1,1328,refined_cluster_cluster_1328
10304RP3,1328,refined_cluster_cluster_1328
10304T1,1328,refined_cluster_cluster_1328
1035951,1328,refined_cluster_cluster_1328
10359976,1329,refined_cluster_cluster_1329
10359976,1329,refined_cluster_cluster_1329
103738,1487,refined_cluster_cluster_1487
10310788,1487,refined_cluster_cluster_1487
1030A1GO,1487,refined_cluster_cluster_1487
1030A1G1,1487,refined_cluster_cluster_1487
1030A2GO,1487,refined_cluster_cluster_1487
103001G1,1487,refined_cluster_cluster_1487
1030A6GO,1487,refined_cluster_cluster_1487
1030A6G5,1487,refined_cluster_cluster_1487
10310787,1487,refined_cluster_cluster_1487
103001GO,1487,refined_cluster_cluster_1487
10310802,1487,refined_cluster_cluster_1487
10300111,1487,refined_cluster_cluster_1487
1031085,1487,refined_cluster_cluster_1487
1031040,1487,refined_cluster_cluster_1487
1031042,1487,refined_cluster_cluster_1487
10300130,1487,refined_cluster_cluster_1487
1031176,1487,refined_cluster_cluster_1487
10308862,1470,refined_cluster_cluster_1470
1030A3NB,1470,refined_cluster_cluster_1470
1030NRSK,1477,refined_cluster_cluster_1477
103413,1477,refined_cluster_cluster_1477
1030NRSK,1477,refined_cluster_cluster_1477
1031082,1491,refined_cluster_cluster_1491
1031078,1491,refined_cluster_cluster_1491
1031087,1491,refined_cluster_cluster_1491
1031078,1491,refined_cluster_cluster_1491
10310791,1490,refined_cluster_cluster_1490
10310789,1490,refined_cluster_cluster_1490
10600103,194,refined_cluster_cluster_194
SP199,194,refined_cluster_cluster_194
104260,1688,refined_cluster_cluster_1688
104253,1688,refined_cluster_cluster_1688
104282,1688,refined_cluster_cluster_1688
104260,1688,refined_cluster_cluster_1688
104263,1688,refined_cluster_cluster_1688
104249,1688,refined_cluster_cluster_1688
104258,1688,refined_cluster_cluster_1688
104261,1688,refined_cluster_cluster_1688
104356,1027,refined_cluster_cluster_1027
10435H,1027,refined_cluster_cluster_1027
10433000,1027,refined_cluster_cluster_1027
10433BM,1035,refined_cluster_cluster_1035
10433BM,1035,refined_cluster_cluster_1035
10432999,1035,refined_cluster_cluster_1035
10516014,2451,refined_cluster_cluster_2451
10544A19,2451,refined_cluster_cluster_2451
10516,2451,refined_cluster_cluster_2451
10516720,2451,refined_cluster_cluster_2451
10540C5,2451,refined_cluster_cluster_2451
10544070,2451,refined_cluster_cluster_2451
10544A1,2451,refined_cluster_cluster_2451
10544012,2451,refined_cluster_cluster_2451
10544011,2451,refined_cluster_cluster_2451
10527,2451,refined_cluster_cluster_2451
10516101,1718,refined_cluster_cluster_1718
10516101,1718,refined_cluster_cluster_1718
10540052,2431,refined_cluster_cluster_2431
1051698,2431,refined_cluster_cluster_2431
10516016,2468,refined_cluster_cluster_2468
10516,2468,refined_cluster_cluster_2468
10516720,2468,refined_cluster_cluster_2468
10540C5,2468,refined_cluster_cluster_2468
10544070,2468,refined_cluster_cluster_2468
10544A1,2468,refined_cluster_cluster_2468
10544012,2468,refined_cluster_cluster_2468
10544011,2468,refined_cluster_cluster_2468
10528,2468,refined_cluster_cluster_2468
10527,2468,refined_cluster_cluster_2468
10516022,2459,refined_cluster_cluster_2459
10544082,2459,refined_cluster_cluster_2459
10516023,2469,refined_cluster_cluster_2469
10516024,2469,refined_cluster_cluster_2469
10516710,2469,refined_cluster_cluster_2469
10544080,2469,refined_cluster_cluster_2469
10557,2448,refined_cluster_cluster_2448
10557,2448,refined_cluster_cluster_2448
10516454,2452,refined_cluster_cluster_2452
10516455,2452,refined_cluster_cluster_2452
10516444,2452,refined_cluster_cluster_2452
10544412,2324,refined_cluster_cluster_2324
10544413,2324,refined_cluster_cluster_2324
10516454,2453,refined_cluster_cluster_2453
10516444,2453,refined_cluster_cluster_2453
10540056,2438,refined_cluster_cluster_2438
10540049,2438,refined_cluster_cluster_2438
1054012,2438,refined_cluster_cluster_2438
10517132,2438,refined_cluster_cluster_2438
10516013,2455,refined_cluster_cluster_2455
10516017,2455,refined_cluster_cluster_2455
10516018,2417,refined_cluster_cluster_2417
10517016,2417,refined_cluster_cluster_2417
10516012,2432,refined_cluster_cluster_2432
10517012,2432,refined_cluster_cluster_2432
10517015,2432,refined_cluster_cluster_2432
10517014,2432,refined_cluster_cluster_2432
10517138,2441,refined_cluster_cluster_2441
10517102,2441,refined_cluster_cluster_2441
10517102,2441,refined_cluster_cluster_2441
10517130,2440,refined_cluster_cluster_2440
10517133,2440,refined_cluster_cluster_2440
10517136,2440,refined_cluster_cluster_2440
10501711,2440,refined_cluster_cluster_2440
10517,2456,refined_cluster_cluster_2456
10517120,2456,refined_cluster_cluster_2456
10517177,2456,refined_cluster_cluster_2456
10517465,2454,refined_cluster_cluster_2454
10517402,2454,refined_cluster_cluster_2454
10517472,2454,refined_cluster_cluster_2454
10517063,2454,refined_cluster_cluster_2454
10517068,2454,refined_cluster_cluster_2454
10517817,2454,refined_cluster_cluster_2454
10517162,2454,refined_cluster_cluster_2454
10517951,2454,refined_cluster_cluster_2454
10517163,2461,refined_cluster_cluster_2461
10517164,2461,refined_cluster_cluster_2461
10517178,2460,refined_cluster_cluster_2460
10517131,2460,refined_cluster_cluster_2460
10517499,2442,refined_cluster_cluster_2442
10517222,2442,refined_cluster_cluster_2442
10517224,2442,refined_cluster_cluster_2442
10517224,2442,refined_cluster_cluster_2442
10517,2443,refined_cluster_cluster_2443
10517163,2443,refined_cluster_cluster_2443
10517120,2443,refined_cluster_cluster_2443
10544C1,1968,refined_cluster_cluster_1968
10544C2,1968,refined_cluster_cluster_1968
1088386,1968,refined_cluster_cluster_1968
50088B,1722,refined_cluster_cluster_1722
5009977,1722,refined_cluster_cluster_1722
50088042,1722,refined_cluster_cluster_1722
50099102,1722,refined_cluster_cluster_1722
5009910,1722,refined_cluster_cluster_1722
50088B,1725,refined_cluster_cluster_1725
5009977,1725,refined_cluster_cluster_1725
50088041,1720,refined_cluster_cluster_1720
50088041,1720,refined_cluster_cluster_1720
50088042,1724,refined_cluster_cluster_1724
50099102,1724,refined_cluster_cluster_1724
5009910,1724,refined_cluster_cluster_1724
10544803,1721,refined_cluster_cluster_1721
10038114,1721,refined_cluster_cluster_1721
10038120,1721,refined_cluster_cluster_1721
1016316,1540,refined_cluster_cluster_1540
1016310,1540,refined_cluster_cluster_1540
10162XL,1540,refined_cluster_cluster_1540
1016366,1540,refined_cluster_cluster_1540
10163XL,1540,refined_cluster_cluster_1540
1016314,1540,refined_cluster_cluster_1540
1016313,1540,refined_cluster_cluster_1540
13071044,1540,refined_cluster_cluster_1540
1016491,2580,refined_cluster_cluster_2580
10169433,2580,refined_cluster_cluster_2580
10169436,2580,refined_cluster_cluster_2580
1016491,2580,refined_cluster_cluster_2580
10169749,2579,refined_cluster_cluster_2579
10169900,2579,refined_cluster_cluster_2579
10169751,2579,refined_cluster_cluster_2579
10169750,2579,refined_cluster_cluster_2579
10169903,2579,refined_cluster_cluster_2579
10169907,2579,refined_cluster_cluster_2579
1060A117,1354,refined_cluster_cluster_1354
1060A107,1354,refined_cluster_cluster_1354
1060A1XL,1354,refined_cluster_cluster_1354
1060A115,1354,refined_cluster_cluster_1354
1060A100,1354,refined_cluster_cluster_1354
1060A118,1354,refined_cluster_cluster_1354
1060A109,1354,refined_cluster_cluster_1354
1060A105,1354,refined_cluster_cluster_1354
1060A107,1354,refined_cluster_cluster_1354
1060A100,1354,refined_cluster_cluster_1354
1060A109,1354,refined_cluster_cluster_1354
10031923,2663,refined_cluster_cluster_2663
10040009,2663,refined_cluster_cluster_2663
1003A2IB,2619,refined_cluster_cluster_2619
1056A2IB,2619,refined_cluster_cluster_2619
1003A2GO,2666,refined_cluster_cluster_2666
10040012,2666,refined_cluster_cluster_2666
1003A2GO,2666,refined_cluster_cluster_2666
10040010,2666,refined_cluster_cluster_2666
10065SUK,2654,refined_cluster_cluster_2654
10065SUK,2654,refined_cluster_cluster_2654
10049998,2662,refined_cluster_cluster_2662
1005001,2662,refined_cluster_cluster_2662
100399,2667,refined_cluster_cluster_2667
100404,2667,refined_cluster_cluster_2667
10040004,2661,refined_cluster_cluster_2661
1003A2IB,2661,refined_cluster_cluster_2661
10040004,2661,refined_cluster_cluster_2661
10065871,2642,refined_cluster_cluster_2642
10065873,2642,refined_cluster_cluster_2642
10065860,2668,refined_cluster_cluster_2668
1003816,2668,refined_cluster_cluster_2668
1056A2GO,2668,refined_cluster_cluster_2668
1056A4GO,2668,refined_cluster_cluster_2668
10061,2668,refined_cluster_cluster_2668
100662,2668,refined_cluster_cluster_2668
100613,2668,refined_cluster_cluster_2668
10569954,2668,refined_cluster_cluster_2668
1056680,2668,refined_cluster_cluster_2668
10065862,2668,refined_cluster_cluster_2668
10065864,2668,refined_cluster_cluster_2668
1003816,2668,refined_cluster_cluster_2668
10065862,2668,refined_cluster_cluster_2668
1056766,2674,refined_cluster_cluster_2674
10065SU1,2674,refined_cluster_cluster_2674
10065204,2672,refined_cluster_cluster_2672
10065204,2672,refined_cluster_cluster_2672
10065290,2672,refined_cluster_cluster_2672
1056773,2672,refined_cluster_cluster_2672
10065000,2673,refined_cluster_cluster_2673
10065000,2673,refined_cluster_cluster_2673
1056769,2660,refined_cluster_cluster_2660
1056769,2660,refined_cluster_cluster_2660
10069LP,2572,refined_cluster_cluster_2572
100693PL,2572,refined_cluster_cluster_2572
10069100,2572,refined_cluster_cluster_2572
10069CGG,2572,refined_cluster_cluster_2572
10069CGG,2572,refined_cluster_cluster_2572
10069014,2572,refined_cluster_cluster_2572
1019A1GO,1096,refined_cluster_cluster_1096
1018A2AR,1096,refined_cluster_cluster_1096
10180550,1096,refined_cluster_cluster_1096
1019A2GO,1096,refined_cluster_cluster_1096
10180553,1096,refined_cluster_cluster_1096
1018A3GR,1096,refined_cluster_cluster_1096
10225786,1493,refined_cluster_cluster_1493
10225A,1493,refined_cluster_cluster_1493
1022578,1493,refined_cluster_cluster_1493
10225790,1493,refined_cluster_cluster_1493
10225784,1493,refined_cluster_cluster_1493
10225787,1493,refined_cluster_cluster_1493
10225785,1493,refined_cluster_cluster_1493
102251,1493,refined_cluster_cluster_1493
1710A28,1625,refined_cluster_cluster_1625
1710A26,1625,refined_cluster_cluster_1625
1710A23,1625,refined_cluster_cluster_1625
1710610,1625,refined_cluster_cluster_1625
1710A110,1625,refined_cluster_cluster_1625
1710A111,1625,refined_cluster_cluster_1625
1710AZ1,1625,refined_cluster_cluster_1625
1710A1AR,1625,refined_cluster_cluster_1625
1710A1I1,1625,refined_cluster_cluster_1625
1710852,1625,refined_cluster_cluster_1625
1710A1IB,1625,refined_cluster_cluster_1625
1710A2GO,1625,refined_cluster_cluster_1625
1710A2H,1625,refined_cluster_cluster_1625
1710B2GO,1625,refined_cluster_cluster_1625
1710B2G1,1625,refined_cluster_cluster_1625
1710A3G1,1625,refined_cluster_cluster_1625
1710A3G3,1625,refined_cluster_cluster_1625
1710A4G2,1625,refined_cluster_cluster_1625
1026656,1389,refined_cluster_cluster_1389
1026655,1389,refined_cluster_cluster_1389
1026658,1389,refined_cluster_cluster_1389
1026902,1399,refined_cluster_cluster_1399
1026654,1399,refined_cluster_cluster_1399
10268024,1399,refined_cluster_cluster_1399
1085A2AM,1399,refined_cluster_cluster_1399
10209,1399,refined_cluster_cluster_1399
10212,1399,refined_cluster_cluster_1399
1024023,1399,refined_cluster_cluster_1399
1026903,1399,refined_cluster_cluster_1399
1003890,1399,refined_cluster_cluster_1399
10206,1399,refined_cluster_cluster_1399
1024A2NT,1399,refined_cluster_cluster_1399
10210,1399,refined_cluster_cluster_1399
1026A2GO,1399,refined_cluster_cluster_1399
10268020,1399,refined_cluster_cluster_1399
10209CE,1399,refined_cluster_cluster_1399
1026A218,1399,refined_cluster_cluster_1399
1024A2C1,1399,refined_cluster_cluster_1399
1026A8GO,1399,refined_cluster_cluster_1399
1026A2H,1399,refined_cluster_cluster_1399
10260554,1400,refined_cluster_cluster_1400
1020612,1400,refined_cluster_cluster_1400
1023NRS1,1394,refined_cluster_cluster_1394
1023NRSK,1394,refined_cluster_cluster_1394
1021AAG1,1637,refined_cluster_cluster_1637
10211002,1637,refined_cluster_cluster_1637
1006A13,1634,refined_cluster_cluster_1634
1023B2IB,1634,refined_cluster_cluster_1634
1021AAGO,1634,refined_cluster_cluster_1634
10230AAA,1638,refined_cluster_cluster_1638
1021AAGB,1638,refined_cluster_cluster_1638
10233AIW,1638,refined_cluster_cluster_1638
1023A2I1,1638,refined_cluster_cluster_1638
10211000,1638,refined_cluster_cluster_1638
1023AAGO,1638,refined_cluster_cluster_1638
10231B,1638,refined_cluster_cluster_1638
1023A2IB,1628,refined_cluster_cluster_1628
1023212,1628,refined_cluster_cluster_1628
10230450,1636,refined_cluster_cluster_1636
1023A203,1636,refined_cluster_cluster_1636
1060A110,1633,refined_cluster_cluster_1633
1060A200,1633,refined_cluster_cluster_1633
1060A203,1633,refined_cluster_cluster_1633
10601200,1633,refined_cluster_cluster_1633
1060A1AU,1633,refined_cluster_cluster_1633
10601199,1633,refined_cluster_cluster_1633
10601201,1633,refined_cluster_cluster_1633
1060A204,1633,refined_cluster_cluster_1633
1060A189,1633,refined_cluster_cluster_1633
1060A201,1633,refined_cluster_cluster_1633
1060A193,1633,refined_cluster_cluster_1633
1060A208,1633,refined_cluster_cluster_1633
1060A206,1633,refined_cluster_cluster_1633
1060A192,1633,refined_cluster_cluster_1633
10223B,1950,refined_cluster_cluster_1950
1021A110,1950,refined_cluster_cluster_1950
10219833,1950,refined_cluster_cluster_1950
10219836,1950,refined_cluster_cluster_1950
1021A1ZZ,1962,refined_cluster_cluster_1962
1021A1Z1,1962,refined_cluster_cluster_1962
10210123,1962,refined_cluster_cluster_1962
1021412,1960,refined_cluster_cluster_1960
1021410,1960,refined_cluster_cluster_1960
1024170,1961,refined_cluster_cluster_1961
1024172,1961,refined_cluster_cluster_1961
1024173,1961,refined_cluster_cluster_1961
10214022,1964,refined_cluster_cluster_1964
1021A3CS,1964,refined_cluster_cluster_1964
10212012,1964,refined_cluster_cluster_1964
10213A2I,1964,refined_cluster_cluster_1964
1021450,1964,refined_cluster_cluster_1964
1021232,1964,refined_cluster_cluster_1964
10212582,1964,refined_cluster_cluster_1964
1021A1IB,1958,refined_cluster_cluster_1958
1713A2NT,1958,refined_cluster_cluster_1958
1021A2GM,1963,refined_cluster_cluster_1963
10216010,1963,refined_cluster_cluster_1963
1021414,1963,refined_cluster_cluster_1963
10212575,1963,refined_cluster_cluster_1963
10212572,1963,refined_cluster_cluster_1963
102143,1957,refined_cluster_cluster_1957
10231683,1957,refined_cluster_cluster_1957
10210240,1957,refined_cluster_cluster_1957
1060A2AU,1514,refined_cluster_cluster_1514
1060A2AU,1514,refined_cluster_cluster_1514
1060A223,1484,refined_cluster_cluster_1484
1060A223,1484,refined_cluster_cluster_1484
10606,1508,refined_cluster_cluster_1508
10606,1508,refined_cluster_cluster_1508
1060786,1510,refined_cluster_cluster_1510
1060786,1510,refined_cluster_cluster_1510
10611,1478,refined_cluster_cluster_1478
10611,1478,refined_cluster_cluster_1478
105423,1478,refined_cluster_cluster_1478
10607,1511,refined_cluster_cluster_1511
10607,1511,refined_cluster_cluster_1511
1060A2AB,1509,refined_cluster_cluster_1509
1060A2AB,1509,refined_cluster_cluster_1509
1060A3AU,1515,refined_cluster_cluster_1515
1060A3AU,1515,refined_cluster_cluster_1515
1060A210,1499,refined_cluster_cluster_1499
1060A210,1499,refined_cluster_cluster_1499
10605154,1492,refined_cluster_cluster_1492
10604466,1492,refined_cluster_cluster_1492
10604467,1492,refined_cluster_cluster_1492
106049,1501,refined_cluster_cluster_1501
106050,1501,refined_cluster_cluster_1501
105488,1504,refined_cluster_cluster_1504
1054202,1504,refined_cluster_cluster_1504
105488,1504,refined_cluster_cluster_1504
10604AU,1280,refined_cluster_cluster_1280
10604AU,1280,refined_cluster_cluster_1280
10389A,979,refined_cluster_cluster_979
10389AA,979,refined_cluster_cluster_979
1016230,2590,refined_cluster_cluster_2590
10159,2590,refined_cluster_cluster_2590
101610,2590,refined_cluster_cluster_2590
10158200,2590,refined_cluster_cluster_2590
101612,2590,refined_cluster_cluster_2590
10086990,2590,refined_cluster_cluster_2590
101626,2590,refined_cluster_cluster_2590
10086998,2590,refined_cluster_cluster_2590
10086998,2590,refined_cluster_cluster_2590
10097,2590,refined_cluster_cluster_2590
1008626,2590,refined_cluster_cluster_2590
10170477,2590,refined_cluster_cluster_2590
100100,2590,refined_cluster_cluster_2590
101628,2590,refined_cluster_cluster_2590
10088,2590,refined_cluster_cluster_2590
1008636,2590,refined_cluster_cluster_2590
10161050,2570,refined_cluster_cluster_2570
1016105N,2570,refined_cluster_cluster_2570
10158201,2570,refined_cluster_cluster_2570
1072A3GO,2595,refined_cluster_cluster_2595
101470,2595,refined_cluster_cluster_2595
10082494,2595,refined_cluster_cluster_2595
10082R,2595,refined_cluster_cluster_2595
1015310,2595,refined_cluster_cluster_2595
10151,2595,refined_cluster_cluster_2595
10724X,2595,refined_cluster_cluster_2595
1072106,2595,refined_cluster_cluster_2595
10150F,2595,refined_cluster_cluster_2595
1015312,2595,refined_cluster_cluster_2595
10082498,2595,refined_cluster_cluster_2595
10082498,2595,refined_cluster_cluster_2595
101514,2595,refined_cluster_cluster_2595
1015312,2595,refined_cluster_cluster_2595
10151346,2595,refined_cluster_cluster_2595
107213,2595,refined_cluster_cluster_2595
10151346,2595,refined_cluster_cluster_2595
101470,2595,refined_cluster_cluster_2595
1072A129,2595,refined_cluster_cluster_2595
10151335,2595,refined_cluster_cluster_2595
1072A1SK,2595,refined_cluster_cluster_2595
107213,2595,refined_cluster_cluster_2595
107280S,2595,refined_cluster_cluster_2595
19982999,2596,refined_cluster_cluster_2596
10722S,2596,refined_cluster_cluster_2596
10123076,2265,refined_cluster_cluster_2265
10123020,2265,refined_cluster_cluster_2265
1014ANI3,2265,refined_cluster_cluster_2265
10149916,2200,refined_cluster_cluster_2200
10123022,2200,refined_cluster_cluster_2200
1021A2GO,2200,refined_cluster_cluster_2200
10142222,2200,refined_cluster_cluster_2200
10123015,2200,refined_cluster_cluster_2200
1014B1IB,2188,refined_cluster_cluster_2188
1014B1I1,2188,refined_cluster_cluster_2188
1014A1IB,2247,refined_cluster_cluster_2247
1014A1IB,2247,refined_cluster_cluster_2247
1012A1IB,2247,refined_cluster_cluster_2247
101236,2247,refined_cluster_cluster_2247
1012A1IB,2247,refined_cluster_cluster_2247
1014A6AM,2268,refined_cluster_cluster_2268
1015A2NB,2268,refined_cluster_cluster_2268
1014A2NT,2231,refined_cluster_cluster_2231
1014A2NT,2231,refined_cluster_cluster_2231
10123ANT,2231,refined_cluster_cluster_2231
102199,2263,refined_cluster_cluster_2263
1016A2GO,2263,refined_cluster_cluster_2263
102203,2258,refined_cluster_cluster_2258
1016A215,2258,refined_cluster_cluster_2258
1015A2NC,2261,refined_cluster_cluster_2261
1014A1IC,2261,refined_cluster_cluster_2261
10140803,2241,refined_cluster_cluster_2241
1014A3CS,2241,refined_cluster_cluster_2241
1014A1CS,2241,refined_cluster_cluster_2241
1012684,2241,refined_cluster_cluster_2241
10234548,2241,refined_cluster_cluster_2241
1012686,2241,refined_cluster_cluster_2241
1015804,2264,refined_cluster_cluster_2264
1014042,2264,refined_cluster_cluster_2264
10140456,2253,refined_cluster_cluster_2253
1016A2G1,2253,refined_cluster_cluster_2253
1021655,2252,refined_cluster_cluster_2252
1016810,2252,refined_cluster_cluster_2252
1021657,2259,refined_cluster_cluster_2259
1016A5GO,2259,refined_cluster_cluster_2259
1021A3GO,2210,refined_cluster_cluster_2210
10161510,2210,refined_cluster_cluster_2210
102232,2242,refined_cluster_cluster_2242
102233,2242,refined_cluster_cluster_2242
102234,2242,refined_cluster_cluster_2242
10234544,2214,refined_cluster_cluster_2214
10234546,2214,refined_cluster_cluster_2214
10124,2269,refined_cluster_cluster_2269
10127002,2269,refined_cluster_cluster_2269
1014490,2269,refined_cluster_cluster_2269
1021990,2151,refined_cluster_cluster_2151
10161516,2151,refined_cluster_cluster_2151
105992F,2161,refined_cluster_cluster_2161
105992T,2161,refined_cluster_cluster_2161
1059921,2215,refined_cluster_cluster_2215
10599190,2215,refined_cluster_cluster_2215
1012206,2243,refined_cluster_cluster_2243
1012207,2243,refined_cluster_cluster_2243
1012205,2243,refined_cluster_cluster_2243
1012A2EV,2257,refined_cluster_cluster_2257
10599100,2257,refined_cluster_cluster_2257
10148AAB,2255,refined_cluster_cluster_2255
10148AAK,2255,refined_cluster_cluster_2255
10148AAK,2255,refined_cluster_cluster_2255
10123797,2248,refined_cluster_cluster_2248
10123797,2248,refined_cluster_cluster_2248
1012AA12,2239,refined_cluster_cluster_2239
10599219,2239,refined_cluster_cluster_2239
105992,2205,refined_cluster_cluster_2205
10599180,2205,refined_cluster_cluster_2205
10599208,2213,refined_cluster_cluster_2213
10599208,2213,refined_cluster_cluster_2213
10599246,2213,refined_cluster_cluster_2213
10599205,2213,refined_cluster_cluster_2213
10599206,2213,refined_cluster_cluster_2213
10599207,2213,refined_cluster_cluster_2213
10599209,2213,refined_cluster_cluster_2213
10599203,2213,refined_cluster_cluster_2213
10599210,2213,refined_cluster_cluster_2213
10599211,2213,refined_cluster_cluster_2213
10599201,2213,refined_cluster_cluster_2213
10599214,2213,refined_cluster_cluster_2213
1012374,2254,refined_cluster_cluster_2254
10123876,2254,refined_cluster_cluster_2254
100733,2600,refined_cluster_cluster_2600
10073306,2600,refined_cluster_cluster_2600
10164S,1357,refined_cluster_cluster_1357
1016408,1357,refined_cluster_cluster_1357
1003A4NT,2658,refined_cluster_cluster_2658
10570476,2658,refined_cluster_cluster_2658
10067500,2658,refined_cluster_cluster_2658
10570460,2658,refined_cluster_cluster_2658
10030916,2597,refined_cluster_cluster_2597
10030922,2597,refined_cluster_cluster_2597
10030909,2656,refined_cluster_cluster_2656
10061131,2656,refined_cluster_cluster_2656
10061713,2656,refined_cluster_cluster_2656
1001004,2659,refined_cluster_cluster_2659
10371011,2659,refined_cluster_cluster_2659
1004018,2565,refined_cluster_cluster_2565
1004148,2565,refined_cluster_cluster_2565
10067956,2628,refined_cluster_cluster_2628
10067564,2628,refined_cluster_cluster_2628
10067563,2628,refined_cluster_cluster_2628
10067999,2628,refined_cluster_cluster_2628
10067954,2628,refined_cluster_cluster_2628
10067620,2628,refined_cluster_cluster_2628
10065870,2657,refined_cluster_cluster_2657
10065845,2657,refined_cluster_cluster_2657
10067568,2581,refined_cluster_cluster_2581
10067574,2581,refined_cluster_cluster_2581
1006753,2636,refined_cluster_cluster_2636
10067550,2636,refined_cluster_cluster_2636
10061120,2629,refined_cluster_cluster_2629
1006756P,2629,refined_cluster_cluster_2629
10067554,2632,refined_cluster_cluster_2632
10065081,2632,refined_cluster_cluster_2632
1004654,2571,refined_cluster_cluster_2571
10069C,2571,refined_cluster_cluster_2571
100690JB,2571,refined_cluster_cluster_2571
1006901P,2571,refined_cluster_cluster_2571
10069804,2571,refined_cluster_cluster_2571
10069805,2571,refined_cluster_cluster_2571
10069803,2571,refined_cluster_cluster_2571
10069806,2571,refined_cluster_cluster_2571
100691JB,2571,refined_cluster_cluster_2571
10261308,2598,refined_cluster_cluster_2598
10261204,2598,refined_cluster_cluster_2598
10261310,2553,refined_cluster_cluster_2553
10635,2553,refined_cluster_cluster_2553
10260850,2599,refined_cluster_cluster_2599
10260851,2599,refined_cluster_cluster_2599
10636686,1251,refined_cluster_cluster_1251
10636686,1251,refined_cluster_cluster_1251
10660933,2633,refined_cluster_cluster_2633
10660936,2633,refined_cluster_cluster_2633
10652676,2649,refined_cluster_cluster_2649
10284010,2649,refined_cluster_cluster_2649
10652678,2647,refined_cluster_cluster_2647
10660,2647,refined_cluster_cluster_2647
10660912,2647,refined_cluster_cluster_2647
10660917,2647,refined_cluster_cluster_2647
10661016,2647,refined_cluster_cluster_2647
10283P,2650,refined_cluster_cluster_2650
10284015,2650,refined_cluster_cluster_2650
10305845,2630,refined_cluster_cluster_2630
10305888,2630,refined_cluster_cluster_2630
10660944,2648,refined_cluster_cluster_2648
10661014,2648,refined_cluster_cluster_2648
10371176,1918,refined_cluster_cluster_1918
10371180,1918,refined_cluster_cluster_1918
1037805,2617,refined_cluster_cluster_2617
10696,2617,refined_cluster_cluster_2617
10371155,2625,refined_cluster_cluster_2625
10371161,2625,refined_cluster_cluster_2625
10371177,2625,refined_cluster_cluster_2625
10371162,2624,refined_cluster_cluster_2624
10371166,2624,refined_cluster_cluster_2624
1037110,2624,refined_cluster_cluster_2624
10371101,2624,refined_cluster_cluster_2624
1037114,2624,refined_cluster_cluster_2624
1037210,2624,refined_cluster_cluster_2624
10371090,2624,refined_cluster_cluster_2624
1037110P,2624,refined_cluster_cluster_2624
1037115,2621,refined_cluster_cluster_2621
1037112,2621,refined_cluster_cluster_2621
10371167,2621,refined_cluster_cluster_2621
10371160,2604,refined_cluster_cluster_2604
10371164,2604,refined_cluster_cluster_2604
10371154,2612,refined_cluster_cluster_2612
10378064,2612,refined_cluster_cluster_2612
10600580,2591,refined_cluster_cluster_2591
10600581,2591,refined_cluster_cluster_2591
10600581,2591,refined_cluster_cluster_2591
10637,2591,refined_cluster_cluster_2591
10636557,2591,refined_cluster_cluster_2591
10636556,2591,refined_cluster_cluster_2591
10636546,2591,refined_cluster_cluster_2591
1063652,2591,refined_cluster_cluster_2591
10636510,2591,refined_cluster_cluster_2591
10636530,2591,refined_cluster_cluster_2591
1038701,588,refined_cluster_cluster_588
10387012,588,refined_cluster_cluster_588
1038701,588,refined_cluster_cluster_588
10387879,588,refined_cluster_cluster_588
10672666,1127,refined_cluster_cluster_1127
10672890,1127,refined_cluster_cluster_1127
10672896,1127,refined_cluster_cluster_1127
10672898,1127,refined_cluster_cluster_1127
10672894,1127,refined_cluster_cluster_1127
10651841,1127,refined_cluster_cluster_1127
10672012,1127,refined_cluster_cluster_1127
10672308,1127,refined_cluster_cluster_1127
10672410,1127,refined_cluster_cluster_1127
10371038,1127,refined_cluster_cluster_1127
10371030,1127,refined_cluster_cluster_1127
10371035,1127,refined_cluster_cluster_1127
10422F,963,refined_cluster_cluster_963
1042201,963,refined_cluster_cluster_963
10422045,963,refined_cluster_cluster_963
10038260,2603,refined_cluster_cluster_2603
10371179,2603,refined_cluster_cluster_2603
1036366,2603,refined_cluster_cluster_2603
10261978,1250,refined_cluster_cluster_1250
10261977,1250,refined_cluster_cluster_1250
1028317,2637,refined_cluster_cluster_2637
10660919,2637,refined_cluster_cluster_2637
10660920,2637,refined_cluster_cluster_2637
10660937,2637,refined_cluster_cluster_2637
10660929,2637,refined_cluster_cluster_2637
10441S99,1137,refined_cluster_cluster_1137
104410,1137,refined_cluster_cluster_1137
104411,1137,refined_cluster_cluster_1137
101653,1412,refined_cluster_cluster_1412
101653,1412,refined_cluster_cluster_1412
10165SA,1213,refined_cluster_cluster_1213
10165SA,1213,refined_cluster_cluster_1213
10165800,1210,refined_cluster_cluster_1210
10165802,1210,refined_cluster_cluster_1210
1016404,1452,refined_cluster_cluster_1452
10165389,1452,refined_cluster_cluster_1452
10165391,1452,refined_cluster_cluster_1452
1016404,1451,refined_cluster_cluster_1451
10165395,1451,refined_cluster_cluster_1451
104424,732,refined_cluster_cluster_732
104428,732,refined_cluster_cluster_732
1044564,1283,refined_cluster_cluster_1283
1044610,1283,refined_cluster_cluster_1283
1044565,1283,refined_cluster_cluster_1283
1044566,1283,refined_cluster_cluster_1283
1044805,1284,refined_cluster_cluster_1284
10443FL,1284,refined_cluster_cluster_1284
10447P1,1284,refined_cluster_cluster_1284
10448PZ,1284,refined_cluster_cluster_1284
10444FL,1284,refined_cluster_cluster_1284
10446AM,1284,refined_cluster_cluster_1284
10423885,545,refined_cluster_cluster_545
10510,545,refined_cluster_cluster_545
10512,545,refined_cluster_cluster_545
1039A2EK,323,refined_cluster_cluster_323
10400924,323,refined_cluster_cluster_323
10400915,323,refined_cluster_cluster_323
10400912,323,refined_cluster_cluster_323
10400924,323,refined_cluster_cluster_323
10400915,323,refined_cluster_cluster_323
10400912,323,refined_cluster_cluster_323
1040168,324,refined_cluster_cluster_324
1040168,324,refined_cluster_cluster_324
1039A1EL,321,refined_cluster_cluster_321
1039A1EL,321,refined_cluster_cluster_321
10440333,632,refined_cluster_cluster_632
10440HU1,632,refined_cluster_cluster_632
10440H1,632,refined_cluster_cluster_632
10365330,632,refined_cluster_cluster_632
1044011,1416,refined_cluster_cluster_1416
104403,1416,refined_cluster_cluster_1416
1044702,1416,refined_cluster_cluster_1416
1044024,1416,refined_cluster_cluster_1416
104402H,1416,refined_cluster_cluster_1416
10440158,1416,refined_cluster_cluster_1416
1044703,1416,refined_cluster_cluster_1416
10440GO1,1416,refined_cluster_cluster_1416
10441545,1122,refined_cluster_cluster_1122
10440AU,1122,refined_cluster_cluster_1122
1044039,1122,refined_cluster_cluster_1122
1044212,1122,refined_cluster_cluster_1122
10440AU,1122,refined_cluster_cluster_1122
10440PK,1122,refined_cluster_cluster_1122
1044213,1122,refined_cluster_cluster_1122
10440957,1122,refined_cluster_cluster_1122
10440800,1122,refined_cluster_cluster_1122
10440803,1122,refined_cluster_cluster_1122
10440802,1122,refined_cluster_cluster_1122
10440801,1122,refined_cluster_cluster_1122
1006462,303,refined_cluster_cluster_303
1006460,303,refined_cluster_cluster_303
1006473,1967,refined_cluster_cluster_1967
1006472,1967,refined_cluster_cluster_1967
1006825,2614,refined_cluster_cluster_2614
1006827,2614,refined_cluster_cluster_2614
1006781,2614,refined_cluster_cluster_2614
10660981,2620,refined_cluster_cluster_2620
10660982,2620,refined_cluster_cluster_2620
450106,1421,refined_cluster_cluster_1421
450105,1421,refined_cluster_cluster_1421
450012,1421,refined_cluster_cluster_1421
71563350,1338,refined_cluster_cluster_1338
71319230,1338,refined_cluster_cluster_1338
71562251,1338,refined_cluster_cluster_1338
22058B,1207,refined_cluster_cluster_1207
120002,1207,refined_cluster_cluster_1207
900221,1117,refined_cluster_cluster_1117
900282,1117,refined_cluster_cluster_1117
84010,837,refined_cluster_cluster_837
83791,837,refined_cluster_cluster_837
83200,837,refined_cluster_cluster_837
84030,837,refined_cluster_cluster_837
190811,266,refined_cluster_cluster_266
18071214,266,refined_cluster_cluster_266
85291,745,refined_cluster_cluster_745
84481,745,refined_cluster_cluster_745
85290,831,refined_cluster_cluster_831
88080,831,refined_cluster_cluster_831
84480,831,refined_cluster_cluster_831
13179984,182,refined_cluster_cluster_182
13173790,182,refined_cluster_cluster_182
48009990,2032,refined_cluster_cluster_2032
48019990,2032,refined_cluster_cluster_2032
48029990,2032,refined_cluster_cluster_2032
41109990,2032,refined_cluster_cluster_2032
48019990,2032,refined_cluster_cluster_2032
48009990,2032,refined_cluster_cluster_2032
99999,8,refined_cluster_cluster_8
VOID,8,refined_cluster_cluster_8
84941,441,refined_cluster_cluster_441
99914,441,refined_cluster_cluster_441
10539980,1306,refined_cluster_cluster_1306
10439980,1306,refined_cluster_cluster_1306
19999990,1306,refined_cluster_cluster_1306
104311,1306,refined_cluster_cluster_1306
31604,105,refined_cluster_cluster_105
80346,105,refined_cluster_cluster_105
77002179,648,refined_cluster_cluster_648
77019989,648,refined_cluster_cluster_648
77022179,648,refined_cluster_cluster_648
77042179,583,refined_cluster_cluster_583
77052179,583,refined_cluster_cluster_583
120882,232,refined_cluster_cluster_232
154001,232,refined_cluster_cluster_232
151001,232,refined_cluster_cluster_232
72780000,1129,refined_cluster_cluster_1129
450425,1129,refined_cluster_cluster_1129
96022,86,refined_cluster_cluster_86
84452,86,refined_cluster_cluster_86
96042,86,refined_cluster_cluster_86
41816300,1754,refined_cluster_cluster_1754
SP8052,1754,refined_cluster_cluster_1754
34001,1754,refined_cluster_cluster_1754
97470740,1760,refined_cluster_cluster_1760
97015740,1760,refined_cluster_cluster_1760
97455740,1760,refined_cluster_cluster_1760
97055740,1760,refined_cluster_cluster_1760
97466740,1760,refined_cluster_cluster_1760
97035740,1760,refined_cluster_cluster_1760
97467740,1760,refined_cluster_cluster_1760
97045740,1760,refined_cluster_cluster_1760
97468740,1756,refined_cluster_cluster_1756
97025740,1756,refined_cluster_cluster_1756
1834050,1757,refined_cluster_cluster_1757
1834005,1757,refined_cluster_cluster_1757
1834005,1757,refined_cluster_cluster_1757
1834065Z,1757,refined_cluster_cluster_1757
1834070,1758,refined_cluster_cluster_1758
1834070,1758,refined_cluster_cluster_1758
97465740,1759,refined_cluster_cluster_1759
97065740,1759,refined_cluster_cluster_1759
261111,3156,refined_cluster_cluster_3156
260011,3156,refined_cluster_cluster_3156
31020140,3156,refined_cluster_cluster_3156
31021120,3156,refined_cluster_cluster_3156
420003,3062,refined_cluster_cluster_3062
420081,3062,refined_cluster_cluster_3062
53229520,3062,refined_cluster_cluster_3062
240007,2081,refined_cluster_cluster_2081
44262090,2081,refined_cluster_cluster_2081
240032,2081,refined_cluster_cluster_2081
240002,2081,refined_cluster_cluster_2081
45032730,2940,refined_cluster_cluster_2940
59032730,2940,refined_cluster_cluster_2940
97002730,2940,refined_cluster_cluster_2940
SP2601,2940,refined_cluster_cluster_2940
410055,2289,refined_cluster_cluster_2289
66950090,2289,refined_cluster_cluster_2289
40181960,2737,refined_cluster_cluster_2737
40181960,2737,refined_cluster_cluster_2737
10151000,138,refined_cluster_cluster_138
10253330,138,refined_cluster_cluster_138
21220,670,refined_cluster_cluster_670
20220,670,refined_cluster_cluster_670
99276100,1309,refined_cluster_cluster_1309
99289,1309,refined_cluster_cluster_1309
99277,1309,refined_cluster_cluster_1309
9992041,308,refined_cluster_cluster_308
9991161,308,refined_cluster_cluster_308
999114R,308,refined_cluster_cluster_308
999118,308,refined_cluster_cluster_308
99999980,252,refined_cluster_cluster_252
920202,252,refined_cluster_cluster_252
929299,252,refined_cluster_cluster_252
920260,252,refined_cluster_cluster_252
40431060,1689,refined_cluster_cluster_1689
40471060,1689,refined_cluster_cluster_1689
22515400,2030,refined_cluster_cluster_2030
22505600,2030,refined_cluster_cluster_2030
22505046,2030,refined_cluster_cluster_2030
2205057,2030,refined_cluster_cluster_2030
22584100,1016,refined_cluster_cluster_1016
22585810,1016,refined_cluster_cluster_1016
22584400,1016,refined_cluster_cluster_1016
22562200,1023,refined_cluster_cluster_1023
22591200,1023,refined_cluster_cluster_1023
22594400,1023,refined_cluster_cluster_1023
22599000,1023,refined_cluster_cluster_1023
22652600,530,refined_cluster_cluster_530
22654600,530,refined_cluster_cluster_530
22720100,530,refined_cluster_cluster_530
22720600,530,refined_cluster_cluster_530
22659000,145,refined_cluster_cluster_145
22656200,145,refined_cluster_cluster_145
22656100,145,refined_cluster_cluster_145
22657200,352,refined_cluster_cluster_352
22651600,352,refined_cluster_cluster_352
22626200,352,refined_cluster_cluster_352
SP72035,692,refined_cluster_cluster_692
SP720,692,refined_cluster_cluster_692
86720,245,refined_cluster_cluster_245
86610,245,refined_cluster_cluster_245
86620,245,refined_cluster_cluster_245
86602,245,refined_cluster_cluster_245
86710,245,refined_cluster_cluster_245
78974369,2435,refined_cluster_cluster_2435
78984369,2435,refined_cluster_cluster_2435
78994369,2435,refined_cluster_cluster_2435
83420,162,refined_cluster_cluster_162
902715,162,refined_cluster_cluster_162
84210,1704,refined_cluster_cluster_1704
10256,1704,refined_cluster_cluster_1704
10251,1704,refined_cluster_cluster_1704
901090,707,refined_cluster_cluster_707
84211,707,refined_cluster_cluster_707
84205,2012,refined_cluster_cluster_2012
84204,2012,refined_cluster_cluster_2012
83100,2012,refined_cluster_cluster_2012
84207,2012,refined_cluster_cluster_2012
90903,2012,refined_cluster_cluster_2012
84208,2012,refined_cluster_cluster_2012
83102,2012,refined_cluster_cluster_2012
83300,2012,refined_cluster_cluster_2012
SP335,2012,refined_cluster_cluster_2012
22351800,2012,refined_cluster_cluster_2012
59029980,2012,refined_cluster_cluster_2012
59019980,2012,refined_cluster_cluster_2012
59021410,2012,refined_cluster_cluster_2012
94200,1432,refined_cluster_cluster_1432
94601,1432,refined_cluster_cluster_1432
94202,1431,refined_cluster_cluster_1431
94603,1431,refined_cluster_cluster_1431
84209,2013,refined_cluster_cluster_2013
84300,2013,refined_cluster_cluster_2013
94815,1424,refined_cluster_cluster_1424
93815,1424,refined_cluster_cluster_1424
95815,1424,refined_cluster_cluster_1424
90281,680,refined_cluster_cluster_680
90289,680,refined_cluster_cluster_680
90277,680,refined_cluster_cluster_680
95259,505,refined_cluster_cluster_505
ZZ95259,505,refined_cluster_cluster_505
97385840,1094,refined_cluster_cluster_1094
38355741,1094,refined_cluster_cluster_1094
63021650,1611,refined_cluster_cluster_1611
63049990,1611,refined_cluster_cluster_1611
63029980,1611,refined_cluster_cluster_1611
53063994,1413,refined_cluster_cluster_1413
53063610,1413,refined_cluster_cluster_1413
53061850,1413,refined_cluster_cluster_1413
53062960,1413,refined_cluster_cluster_1413
53063410,1413,refined_cluster_cluster_1413
53061010,1413,refined_cluster_cluster_1413
53261220,1413,refined_cluster_cluster_1413
53069980,1413,refined_cluster_cluster_1413
53063390,1413,refined_cluster_cluster_1413
207900022,1067,refined_cluster_cluster_1067
207900007,1067,refined_cluster_cluster_1067
63039980,1669,refined_cluster_cluster_1669
SP4011,1669,refined_cluster_cluster_1669
311020,1669,refined_cluster_cluster_1669
53169980,2899,refined_cluster_cluster_2899
53089980,2899,refined_cluster_cluster_2899
53053920,2900,refined_cluster_cluster_2900
53051470,2900,refined_cluster_cluster_2900
53051850,2900,refined_cluster_cluster_2900
53051360,2900,refined_cluster_cluster_2900
53052960,2900,refined_cluster_cluster_2900
53051220,2900,refined_cluster_cluster_2900
53054680,2878,refined_cluster_cluster_2878
53051290,2878,refined_cluster_cluster_2878
53051040,2878,refined_cluster_cluster_2878
53254780,2748,refined_cluster_cluster_2748
53151220,2748,refined_cluster_cluster_2748
53054780,2748,refined_cluster_cluster_2748
53252960,2748,refined_cluster_cluster_2748
530510400,2748,refined_cluster_cluster_2748
53051010,2748,refined_cluster_cluster_2748
53051340,2895,refined_cluster_cluster_2895
53051040,2895,refined_cluster_cluster_2895
53051340,2895,refined_cluster_cluster_2895
53059980,2855,refined_cluster_cluster_2855
53053390,2855,refined_cluster_cluster_2855
63015630,1407,refined_cluster_cluster_1407
63019980,1407,refined_cluster_cluster_1407
63014310,1407,refined_cluster_cluster_1407
63009980,1407,refined_cluster_cluster_1407
207900023,392,refined_cluster_cluster_392
52011250,392,refined_cluster_cluster_392
900195,658,refined_cluster_cluster_658
8052710,658,refined_cluster_cluster_658
740680,1972,refined_cluster_cluster_1972
740225,1972,refined_cluster_cluster_1972
740224,1972,refined_cluster_cluster_1972
729390,1046,refined_cluster_cluster_1046
729795,1046,refined_cluster_cluster_1046
81115360,1046,refined_cluster_cluster_1046
114490,3056,refined_cluster_cluster_3056
110006,3056,refined_cluster_cluster_3056
12013693,2784,refined_cluster_cluster_2784
12011204,2784,refined_cluster_cluster_2784
12011024,2784,refined_cluster_cluster_2784
12013333,2784,refined_cluster_cluster_2784
12011144,2784,refined_cluster_cluster_2784
12011090,2742,refined_cluster_cluster_2742
12011090,2742,refined_cluster_cluster_2742
12011590,2655,refined_cluster_cluster_2655
12013600,2655,refined_cluster_cluster_2655
110005,2771,refined_cluster_cluster_2771
110001,2771,refined_cluster_cluster_2771
170007,2771,refined_cluster_cluster_2771
110011,2199,refined_cluster_cluster_2199
110013,2199,refined_cluster_cluster_2199
110002,1101,refined_cluster_cluster_1101
190014,1101,refined_cluster_cluster_1101
72062,2322,refined_cluster_cluster_2322
72062545,2322,refined_cluster_cluster_2322
72061,2422,refined_cluster_cluster_2422
13966IN,2422,refined_cluster_cluster_2422
7203802,1059,refined_cluster_cluster_1059
7203801,1059,refined_cluster_cluster_1059
7203018,1059,refined_cluster_cluster_1059
7203904,1059,refined_cluster_cluster_1059
720PD46,405,refined_cluster_cluster_405
7209321,405,refined_cluster_cluster_405
72087N,405,refined_cluster_cluster_405
7209323,405,refined_cluster_cluster_405
7209322,405,refined_cluster_cluster_405
749321,405,refined_cluster_cluster_405
72047013,2423,refined_cluster_cluster_2423
72047012,2423,refined_cluster_cluster_2423
72036,2425,refined_cluster_cluster_2425
72040,2425,refined_cluster_cluster_2425
72076,2424,refined_cluster_cluster_2424
72076132,2424,refined_cluster_cluster_2424
72076133,2424,refined_cluster_cluster_2424
72044,2341,refined_cluster_cluster_2341
72044P,2341,refined_cluster_cluster_2341
720510,2343,refined_cluster_cluster_2343
720515,2343,refined_cluster_cluster_2343
720591,2342,refined_cluster_cluster_2342
720590,2342,refined_cluster_cluster_2342
72863,2323,refined_cluster_cluster_2323
72863,2323,refined_cluster_cluster_2323
105621,403,refined_cluster_cluster_403
72088P,403,refined_cluster_cluster_403
450131,2912,refined_cluster_cluster_2912
20064B,2912,refined_cluster_cluster_2912
455012,1179,refined_cluster_cluster_1179
455013,1179,refined_cluster_cluster_1179
454082,412,refined_cluster_cluster_412
454080,412,refined_cluster_cluster_412
160777,412,refined_cluster_cluster_412
190068,764,refined_cluster_cluster_764
450023,764,refined_cluster_cluster_764
190019,764,refined_cluster_cluster_764
190168,764,refined_cluster_cluster_764
190117,764,refined_cluster_cluster_764
450084,739,refined_cluster_cluster_739
450026,739,refined_cluster_cluster_739
450003,739,refined_cluster_cluster_739
420101,739,refined_cluster_cluster_739
450002,739,refined_cluster_cluster_739
50138200,17,refined_cluster_cluster_17
50138212,17,refined_cluster_cluster_17
50138210,17,refined_cluster_cluster_17
64125890,673,refined_cluster_cluster_673
410068,673,refined_cluster_cluster_673
64308000,673,refined_cluster_cluster_673
909090,159,refined_cluster_cluster_159
501312,159,refined_cluster_cluster_159
501317,159,refined_cluster_cluster_159
31230,159,refined_cluster_cluster_159
71562210,592,refined_cluster_cluster_592
912789,592,refined_cluster_cluster_592
20056,592,refined_cluster_cluster_592
75056,1578,refined_cluster_cluster_1578
10258,1578,refined_cluster_cluster_1578
10252,1578,refined_cluster_cluster_1578
54055930,1578,refined_cluster_cluster_1578
54051640,1578,refined_cluster_cluster_1578
54041640,1578,refined_cluster_cluster_1578
91207CG,3024,refined_cluster_cluster_3024
912779,3024,refined_cluster_cluster_3024
20072,1339,refined_cluster_cluster_1339
160020,1339,refined_cluster_cluster_1339
620035,1187,refined_cluster_cluster_1187
390030,1187,refined_cluster_cluster_1187
38154400,1187,refined_cluster_cluster_1187
38240710,1187,refined_cluster_cluster_1187
622657,171,refined_cluster_cluster_171
620077,171,refined_cluster_cluster_171
45700,736,refined_cluster_cluster_736
10281070,736,refined_cluster_cluster_736
10281030,1135,refined_cluster_cluster_1135
10141030,1135,refined_cluster_cluster_1135
40131010,2738,refined_cluster_cluster_2738
132217,2738,refined_cluster_cluster_2738
132215,2738,refined_cluster_cluster_2738
40131530,2815,refined_cluster_cluster_2815
40061530,2815,refined_cluster_cluster_2815
200523,1298,refined_cluster_cluster_1298
200521,1298,refined_cluster_cluster_1298
25260,151,refined_cluster_cluster_151
90300,151,refined_cluster_cluster_151
91300,151,refined_cluster_cluster_151
10545004,421,refined_cluster_cluster_421
10545005,421,refined_cluster_cluster_421
10545007,421,refined_cluster_cluster_421
105443,421,refined_cluster_cluster_421
10554,421,refined_cluster_cluster_421
1054430,422,refined_cluster_cluster_422
1054438,422,refined_cluster_cluster_422
46084150,690,refined_cluster_cluster_690
46081080,690,refined_cluster_cluster_690
46084470,690,refined_cluster_cluster_690
46089990,690,refined_cluster_cluster_690
46091060,577,refined_cluster_cluster_577
46081060,577,refined_cluster_cluster_577
46091980,577,refined_cluster_cluster_577
46083350,689,refined_cluster_cluster_689
46083350,689,refined_cluster_cluster_689
46091010,3218,refined_cluster_cluster_3218
20050,3218,refined_cluster_cluster_3218
46089980,2958,refined_cluster_cluster_2958
46099980,2958,refined_cluster_cluster_2958
46109990,198,refined_cluster_cluster_198
46119990,198,refined_cluster_cluster_198
15321214,1017,refined_cluster_cluster_1017
15321211,1017,refined_cluster_cluster_1017
46081920,691,refined_cluster_cluster_691
46081920,691,refined_cluster_cluster_691
30571026,204,refined_cluster_cluster_204
3057099,204,refined_cluster_cluster_204
30571020,204,refined_cluster_cluster_204
793610,204,refined_cluster_cluster_204
30570983,263,refined_cluster_cluster_263
83920,263,refined_cluster_cluster_263
501301,515,refined_cluster_cluster_515
31700,515,refined_cluster_cluster_515
625983,2607,refined_cluster_cluster_2607
28107280,2607,refined_cluster_cluster_2607
28000122,2607,refined_cluster_cluster_2607
38919900,2607,refined_cluster_cluster_2607
21061975,349,refined_cluster_cluster_349
21061976,349,refined_cluster_cluster_349
210599,350,refined_cluster_cluster_350
210598,350,refined_cluster_cluster_350
210600,350,refined_cluster_cluster_350
78021789,350,refined_cluster_cluster_350
2105912,348,refined_cluster_cluster_348
21059S,348,refined_cluster_cluster_348
21,1,refined_cluster_cluster_1
920200,1,refined_cluster_cluster_1
84192,326,refined_cluster_cluster_326
25011,326,refined_cluster_cluster_326
84193,326,refined_cluster_cluster_326
99462,329,refined_cluster_cluster_329
999205,329,refined_cluster_cluster_329
99490B,329,refined_cluster_cluster_329
99472,328,refined_cluster_cluster_328
994721,328,refined_cluster_cluster_328
555690,1162,refined_cluster_cluster_1162
71202,1162,refined_cluster_cluster_1162
77035730,1162,refined_cluster_cluster_1162
77034360,1162,refined_cluster_cluster_1162
80553388,1162,refined_cluster_cluster_1162
80608100,1162,refined_cluster_cluster_1162
22PA40H,622,refined_cluster_cluster_622
22PC07,622,refined_cluster_cluster_622
22PC07,622,refined_cluster_cluster_622
22039000,623,refined_cluster_cluster_623
22038999,623,refined_cluster_cluster_623
610003,2823,refined_cluster_cluster_2823
311001,2823,refined_cluster_cluster_2823
31220,608,refined_cluster_cluster_608
50131,608,refined_cluster_cluster_608
501313,608,refined_cluster_cluster_608
61032,1646,refined_cluster_cluster_1646
61030,1646,refined_cluster_cluster_1646
61050,1646,refined_cluster_cluster_1646
61052,1646,refined_cluster_cluster_1646
13215,1033,refined_cluster_cluster_1033
49013620,1033,refined_cluster_cluster_1033
99999914,1033,refined_cluster_cluster_1033
49029960,1033,refined_cluster_cluster_1033
49012620,1033,refined_cluster_cluster_1033
39000020,1033,refined_cluster_cluster_1033
280293,1033,refined_cluster_cluster_1033
11187678,793,refined_cluster_cluster_793
11187679,793,refined_cluster_cluster_793
413102,993,refined_cluster_cluster_993
90012,993,refined_cluster_cluster_993
410075,2416,refined_cluster_cluster_2416
30196040,2416,refined_cluster_cluster_2416
411022,1106,refined_cluster_cluster_1106
411021,1106,refined_cluster_cluster_1106
90008,1106,refined_cluster_cluster_1106
101261,369,refined_cluster_cluster_369
101262,369,refined_cluster_cluster_369
101259,370,refined_cluster_cluster_370
101260,370,refined_cluster_cluster_370
70229989,726,refined_cluster_cluster_726
70189989,726,refined_cluster_cluster_726
70029989,2426,refined_cluster_cluster_2426
70082249,2426,refined_cluster_cluster_2426
82413,2496,refined_cluster_cluster_2496
82414,2496,refined_cluster_cluster_2496
82412,2496,refined_cluster_cluster_2496
70061309,1430,refined_cluster_cluster_1430
70062311,1430,refined_cluster_cluster_1430
70001559,2413,refined_cluster_cluster_2413
70004589,2413,refined_cluster_cluster_2413
70004581,2414,refined_cluster_cluster_2414
70144581,2414,refined_cluster_cluster_2414
70009980,2436,refined_cluster_cluster_2436
70005100,2436,refined_cluster_cluster_2436
70001459,2436,refined_cluster_cluster_2436
70014420,2436,refined_cluster_cluster_2436
70404420,2436,refined_cluster_cluster_2436
70071459,2436,refined_cluster_cluster_2436
70064361,2436,refined_cluster_cluster_2436
70004369,2436,refined_cluster_cluster_2436
70079980,1699,refined_cluster_cluster_1699
70079989,1699,refined_cluster_cluster_1699
82410,568,refined_cluster_cluster_568
82411,568,refined_cluster_cluster_568
70031612,2494,refined_cluster_cluster_2494
70049989,2494,refined_cluster_cluster_2494
70059982,2494,refined_cluster_cluster_2494
70035809,2495,refined_cluster_cluster_2495
70165809,2495,refined_cluster_cluster_2495
70034759,2493,refined_cluster_cluster_2493
70044759,2493,refined_cluster_cluster_2493
70054759,2493,refined_cluster_cluster_2493
70134759,2493,refined_cluster_cluster_2493
410057,3202,refined_cluster_cluster_3202
410157,3202,refined_cluster_cluster_3202
62420050,3202,refined_cluster_cluster_3202
48003,386,refined_cluster_cluster_386
48001,386,refined_cluster_cluster_386
48000,386,refined_cluster_cluster_386
48002,386,refined_cluster_cluster_386
50133103,389,refined_cluster_cluster_389
31240,389,refined_cluster_cluster_389
450020,2044,refined_cluster_cluster_2044
450080,2044,refined_cluster_cluster_2044
455225,1126,refined_cluster_cluster_1126
453064,1126,refined_cluster_cluster_1126
20214S,1126,refined_cluster_cluster_1126
79113000,1126,refined_cluster_cluster_1126
140007,1126,refined_cluster_cluster_1126
420004,688,refined_cluster_cluster_688
52319251,688,refined_cluster_cluster_688
420680,2143,refined_cluster_cluster_2143
12214,2143,refined_cluster_cluster_2143
12213,2143,refined_cluster_cluster_2143
12205,2143,refined_cluster_cluster_2143
83320,510,refined_cluster_cluster_510
83333,510,refined_cluster_cluster_510
98004890,167,refined_cluster_cluster_167
99999,167,refined_cluster_cluster_167
904536,685,refined_cluster_cluster_685
99125944,685,refined_cluster_cluster_685
207900027,685,refined_cluster_cluster_685
85422,715,refined_cluster_cluster_715
85401,715,refined_cluster_cluster_715
750053,711,refined_cluster_cluster_711
750162,711,refined_cluster_cluster_711
750163,711,refined_cluster_cluster_711
750164,711,refined_cluster_cluster_711
750165,711,refined_cluster_cluster_711
750166,711,refined_cluster_cluster_711
84352,452,refined_cluster_cluster_452
85110,452,refined_cluster_cluster_452
83900,452,refined_cluster_cluster_452
10083660,2613,refined_cluster_cluster_2613
10071070,2613,refined_cluster_cluster_2613
10073660,2613,refined_cluster_cluster_2613
10071050,1279,refined_cluster_cluster_1279
10061050,1279,refined_cluster_cluster_1279
10081000,2616,refined_cluster_cluster_2616
10081160,2616,refined_cluster_cluster_2616
92807000,681,refined_cluster_cluster_681
92421580,681,refined_cluster_cluster_681
85230,989,refined_cluster_cluster_989
85101,989,refined_cluster_cluster_989
85201,989,refined_cluster_cluster_989
92809000,735,refined_cluster_cluster_735
85239,735,refined_cluster_cluster_735
82302,734,refined_cluster_cluster_734
83310,734,refined_cluster_cluster_734
94244890,988,refined_cluster_cluster_988
94064890,988,refined_cluster_cluster_988
94254890,988,refined_cluster_cluster_988
94014890,988,refined_cluster_cluster_988
94194890,988,refined_cluster_cluster_988
94054890,988,refined_cluster_cluster_988
94204890,988,refined_cluster_cluster_988
94084890,984,refined_cluster_cluster_984
94044890,984,refined_cluster_cluster_984
94219980,709,refined_cluster_cluster_709
750054,709,refined_cluster_cluster_709
94019980,983,refined_cluster_cluster_983
94019980,983,refined_cluster_cluster_983
754015,983,refined_cluster_cluster_983
94234890,985,refined_cluster_cluster_985
94224890,985,refined_cluster_cluster_985
900624,14,refined_cluster_cluster_14
901024,14,refined_cluster_cluster_14
4667,18,refined_cluster_cluster_18
123,18,refined_cluster_cluster_18
20005361,913,refined_cluster_cluster_913
20025034,913,refined_cluster_cluster_913
20025035,913,refined_cluster_cluster_913
20023001,913,refined_cluster_cluster_913
20502020,913,refined_cluster_cluster_913
20025620,913,refined_cluster_cluster_913
20250400,913,refined_cluster_cluster_913
20525041,913,refined_cluster_cluster_913
20270212,913,refined_cluster_cluster_913
97772,1331,refined_cluster_cluster_1331
97666,1331,refined_cluster_cluster_1331
71209,1331,refined_cluster_cluster_1331
97063,1331,refined_cluster_cluster_1331
97628,1331,refined_cluster_cluster_1331
97512,1331,refined_cluster_cluster_1331
10005,366,refined_cluster_cluster_366
SP323,366,refined_cluster_cluster_366
21122068,2883,refined_cluster_cluster_2883
23015251,2883,refined_cluster_cluster_2883
23135048,2883,refined_cluster_cluster_2883
23705015,2883,refined_cluster_cluster_2883
23117005,2883,refined_cluster_cluster_2883
23117006,2883,refined_cluster_cluster_2883
23117007,2883,refined_cluster_cluster_2883
23117008,2883,refined_cluster_cluster_2883
23127006,2883,refined_cluster_cluster_2883
23127007,2883,refined_cluster_cluster_2883
23127008,2883,refined_cluster_cluster_2883
310006,2883,refined_cluster_cluster_2883
24265008,2883,refined_cluster_cluster_2883
330140,2883,refined_cluster_cluster_2883
24105008,2883,refined_cluster_cluster_2883
21122100,2956,refined_cluster_cluster_2956
21152120,2956,refined_cluster_cluster_2956
21122088,2956,refined_cluster_cluster_2956
21152060,2961,refined_cluster_cluster_2961
21152080,2961,refined_cluster_cluster_2961
21121100,2966,refined_cluster_cluster_2966
21105212,2966,refined_cluster_cluster_2966
21112100,2966,refined_cluster_cluster_2966
21152140,2966,refined_cluster_cluster_2966
21111070,2967,refined_cluster_cluster_2967
21162080,2967,refined_cluster_cluster_2967
21154060,2962,refined_cluster_cluster_2962
21152070,2962,refined_cluster_cluster_2962
21152088,2962,refined_cluster_cluster_2962
21152090,2962,refined_cluster_cluster_2962
21101008,2962,refined_cluster_cluster_2962
21121060,2948,refined_cluster_cluster_2948
21121080,2948,refined_cluster_cluster_2948
21172110,2957,refined_cluster_cluster_2957
21122120,2957,refined_cluster_cluster_2957
21181160,2957,refined_cluster_cluster_2957
21122040,2957,refined_cluster_cluster_2957
21172050,2957,refined_cluster_cluster_2957
21121061,2957,refined_cluster_cluster_2957
21170271,2957,refined_cluster_cluster_2957
21122181,2957,refined_cluster_cluster_2957
21171080,2957,refined_cluster_cluster_2957
21172090,2957,refined_cluster_cluster_2957
21252150,2955,refined_cluster_cluster_2955
21212160,2955,refined_cluster_cluster_2955
21271140,2946,refined_cluster_cluster_2946
21271160,2946,refined_cluster_cluster_2946
10221,2806,refined_cluster_cluster_2806
23120070,2806,refined_cluster_cluster_2806
23245009,2806,refined_cluster_cluster_2806
23012000,2806,refined_cluster_cluster_2806
23255600,2806,refined_cluster_cluster_2806
25015001,2806,refined_cluster_cluster_2806
10220,2806,refined_cluster_cluster_2806
10460,2866,refined_cluster_cluster_2866
24115000,2866,refined_cluster_cluster_2866
10460,2862,refined_cluster_cluster_2862
10460,2862,refined_cluster_cluster_2862
29915000,2862,refined_cluster_cluster_2862
10655,2862,refined_cluster_cluster_2862
29105000,710,refined_cluster_cluster_710
27300100,710,refined_cluster_cluster_710
29109000,1266,refined_cluster_cluster_1266
10153,1266,refined_cluster_cluster_1266
23009008,1266,refined_cluster_cluster_1266
10810,437,refined_cluster_cluster_437
59049980,437,refined_cluster_cluster_437
29207000,1942,refined_cluster_cluster_1942
391111,1942,refined_cluster_cluster_1942
22421000,1147,refined_cluster_cluster_1147
22532400,1147,refined_cluster_cluster_1147
22504400,1147,refined_cluster_cluster_1147
22546600,1146,refined_cluster_cluster_1146
22506700,1146,refined_cluster_cluster_1146
20488,775,refined_cluster_cluster_775
20489,775,refined_cluster_cluster_775
22563400,1025,refined_cluster_cluster_1025
22939430,1025,refined_cluster_cluster_1025
23210010,2984,refined_cluster_cluster_2984
23110003,2984,refined_cluster_cluster_2984
23132043,2984,refined_cluster_cluster_2984
23143050,2984,refined_cluster_cluster_2984
23210006,2984,refined_cluster_cluster_2984
23110007,2984,refined_cluster_cluster_2984
23110008,2984,refined_cluster_cluster_2984
310085,2984,refined_cluster_cluster_2984
23143340,2865,refined_cluster_cluster_2865
23644060,2865,refined_cluster_cluster_2865
23641006,2865,refined_cluster_cluster_2865
23110004,2903,refined_cluster_cluster_2903
23120004,2903,refined_cluster_cluster_2903
23119004,2898,refined_cluster_cluster_2898
23119006,2898,refined_cluster_cluster_2898
23120005,2916,refined_cluster_cluster_2916
23282004,2916,refined_cluster_cluster_2916
23193940,2916,refined_cluster_cluster_2916
23144960,2916,refined_cluster_cluster_2916
23015206,2364,refined_cluster_cluster_2364
310090,2364,refined_cluster_cluster_2364
310064,2364,refined_cluster_cluster_2364
23110061,1821,refined_cluster_cluster_1821
24565025,1821,refined_cluster_cluster_1821
24565002,1821,refined_cluster_cluster_1821
23143001,2335,refined_cluster_cluster_2335
23243001,2335,refined_cluster_cluster_2335
23245929,2335,refined_cluster_cluster_2335
23120210,2981,refined_cluster_cluster_2981
23245350,2981,refined_cluster_cluster_2981
23120206,2981,refined_cluster_cluster_2981
23120007,2981,refined_cluster_cluster_2981
23220008,2981,refined_cluster_cluster_2981
23120009,2981,refined_cluster_cluster_2981
23120012,2982,refined_cluster_cluster_2982
23120214,2982,refined_cluster_cluster_2982
23120016,2982,refined_cluster_cluster_2982
23120014,2978,refined_cluster_cluster_2978
23120015,2978,refined_cluster_cluster_2978
23235079,2927,refined_cluster_cluster_2927
23220007,2927,refined_cluster_cluster_2927
23097440,2437,refined_cluster_cluster_2437
23020000,2437,refined_cluster_cluster_2437
23020010,2437,refined_cluster_cluster_2437
23244706,1206,refined_cluster_cluster_1206
23005700,1206,refined_cluster_cluster_1206
14100021,2904,refined_cluster_cluster_2904
12000,2904,refined_cluster_cluster_2904
23595011,2904,refined_cluster_cluster_2904
310063,2904,refined_cluster_cluster_2904
10023,2904,refined_cluster_cluster_2904
23210404,2985,refined_cluster_cluster_2985
23110205,2985,refined_cluster_cluster_2985
23110206,2985,refined_cluster_cluster_2985
23110204,2952,refined_cluster_cluster_2952
10230,2952,refined_cluster_cluster_2952
23294960,2915,refined_cluster_cluster_2915
23291980,2915,refined_cluster_cluster_2915
23112006,2973,refined_cluster_cluster_2973
23112008,2973,refined_cluster_cluster_2973
23111006,2965,refined_cluster_cluster_2965
23111008,2965,refined_cluster_cluster_2965
23245580,2965,refined_cluster_cluster_2965
10236,2824,refined_cluster_cluster_2824
10237,2824,refined_cluster_cluster_2824
10238,2824,refined_cluster_cluster_2824
24565710,2824,refined_cluster_cluster_2824
10230,2953,refined_cluster_cluster_2953
310033,2953,refined_cluster_cluster_2953
310120,2953,refined_cluster_cluster_2953
310034,2953,refined_cluster_cluster_2953
310150,2953,refined_cluster_cluster_2953
310035,2953,refined_cluster_cluster_2953
310636,2953,refined_cluster_cluster_2953
310524,2953,refined_cluster_cluster_2953
310014,2072,refined_cluster_cluster_2072
318675,2072,refined_cluster_cluster_2072
330002,2072,refined_cluster_cluster_2072
340011,2072,refined_cluster_cluster_2072
321008,2072,refined_cluster_cluster_2072
310061,2977,refined_cluster_cluster_2977
310080,2977,refined_cluster_cluster_2977
310100,2970,refined_cluster_cluster_2970
310060,2970,refined_cluster_cluster_2970
310460,2970,refined_cluster_cluster_2970
310040,2970,refined_cluster_cluster_2970
310082,2970,refined_cluster_cluster_2970
310062,2970,refined_cluster_cluster_2970
310083,2970,refined_cluster_cluster_2970
316615,1952,refined_cluster_cluster_1952
310546,1952,refined_cluster_cluster_1952
310018,2798,refined_cluster_cluster_2798
310115,2798,refined_cluster_cluster_2798
SP3272,2969,refined_cluster_cluster_2969
310092,2969,refined_cluster_cluster_2969
310840,721,refined_cluster_cluster_721
310010,721,refined_cluster_cluster_721
340301,721,refined_cluster_cluster_721
SP327,2297,refined_cluster_cluster_2297
310000,2297,refined_cluster_cluster_2297
310036,2297,refined_cluster_cluster_2297
23355002,2849,refined_cluster_cluster_2849
24590000,2849,refined_cluster_cluster_2849
23012500,2848,refined_cluster_cluster_2848
23355000,2848,refined_cluster_cluster_2848
27115290,2286,refined_cluster_cluster_2286
27115291,2286,refined_cluster_cluster_2286
23405000,2286,refined_cluster_cluster_2286
23345001,2294,refined_cluster_cluster_2294
23345010,2294,refined_cluster_cluster_2294
64700300,1433,refined_cluster_cluster_1433
68957002,1433,refined_cluster_cluster_1433
64700317,1433,refined_cluster_cluster_1433
23468281,1214,refined_cluster_cluster_1214
23046828,1214,refined_cluster_cluster_1214
310028,2121,refined_cluster_cluster_2121
310026,2121,refined_cluster_cluster_2121
390014,2121,refined_cluster_cluster_2121
22381166,2121,refined_cluster_cluster_2121
310288,1598,refined_cluster_cluster_1598
310019,1598,refined_cluster_cluster_1598
310088,1598,refined_cluster_cluster_1598
310333,1598,refined_cluster_cluster_1598
310880,2907,refined_cluster_cluster_2907
310440,2907,refined_cluster_cluster_2907
310660,2907,refined_cluster_cluster_2907
23705000,2939,refined_cluster_cluster_2939
23705012,2939,refined_cluster_cluster_2939
23705114,2939,refined_cluster_cluster_2939
310008,2939,refined_cluster_cluster_2939
27110112,2939,refined_cluster_cluster_2939
27110100,2939,refined_cluster_cluster_2939
27110150,2939,refined_cluster_cluster_2939
310122,1494,refined_cluster_cluster_1494
310188,1494,refined_cluster_cluster_1494
340341,1494,refined_cluster_cluster_1494
29074000,2281,refined_cluster_cluster_2281
390023,2281,refined_cluster_cluster_2281
390024,2281,refined_cluster_cluster_2281
27410001,2280,refined_cluster_cluster_2280
27510000,2280,refined_cluster_cluster_2280
310030,2886,refined_cluster_cluster_2886
310020,2886,refined_cluster_cluster_2886
24565004,2886,refined_cluster_cluster_2886
23114099,1265,refined_cluster_cluster_1265
24140099,1265,refined_cluster_cluster_1265
24565300,1265,refined_cluster_cluster_1265
310087,590,refined_cluster_cluster_590
360505,590,refined_cluster_cluster_590
390015,590,refined_cluster_cluster_590
23345000,2296,refined_cluster_cluster_2296
24565012,2296,refined_cluster_cluster_2296
24565011,2287,refined_cluster_cluster_2287
23346000,2287,refined_cluster_cluster_2287
SP3400,2278,refined_cluster_cluster_2278
23495600,2278,refined_cluster_cluster_2278
310031,2278,refined_cluster_cluster_2278
310013,1521,refined_cluster_cluster_1521
41303070,1521,refined_cluster_cluster_1521
23110103,2924,refined_cluster_cluster_2924
23110104,2924,refined_cluster_cluster_2924
23110105,2924,refined_cluster_cluster_2924
23110106,2924,refined_cluster_cluster_2924
23900070,2924,refined_cluster_cluster_2924
23110108,2924,refined_cluster_cluster_2924
23110210,2925,refined_cluster_cluster_2925
23272060,2925,refined_cluster_cluster_2925
23110207,2925,refined_cluster_cluster_2925
23110208,2925,refined_cluster_cluster_2925
310671,2949,refined_cluster_cluster_2949
310050,2949,refined_cluster_cluster_2949
310084,2949,refined_cluster_cluster_2949
310022,1358,refined_cluster_cluster_1358
310086,1358,refined_cluster_cluster_1358
27410062,1269,refined_cluster_cluster_1269
27410061,1269,refined_cluster_cluster_1269
27510061,1269,refined_cluster_cluster_1269
310846,2279,refined_cluster_cluster_2279
29064000,2279,refined_cluster_cluster_2279
29364000,2279,refined_cluster_cluster_2279
310846,2279,refined_cluster_cluster_2279
310005,2539,refined_cluster_cluster_2539
10249,2539,refined_cluster_cluster_2539
78881,2539,refined_cluster_cluster_2539
310002,2832,refined_cluster_cluster_2832
SP3055,2832,refined_cluster_cluster_2832
340002,2832,refined_cluster_cluster_2832
56001880,2832,refined_cluster_cluster_2832
56001360,2832,refined_cluster_cluster_2832
56001220,2832,refined_cluster_cluster_2832
310615,2373,refined_cluster_cluster_2373
350736,2373,refined_cluster_cluster_2373
350936,2373,refined_cluster_cluster_2373
10002,227,refined_cluster_cluster_227
24565010,227,refined_cluster_cluster_227
10258,1701,refined_cluster_cluster_1701
52011640,1701,refined_cluster_cluster_1701
390041,1186,refined_cluster_cluster_1186
620080,1186,refined_cluster_cluster_1186
22215505,1440,refined_cluster_cluster_1440
SP1611,1440,refined_cluster_cluster_1440
22134360,1440,refined_cluster_cluster_1440
22215702,1441,refined_cluster_cluster_1441
22137240,1441,refined_cluster_cluster_1441
22135240,1441,refined_cluster_cluster_1441
10271,974,refined_cluster_cluster_974
10270,974,refined_cluster_cluster_974
10270,974,refined_cluster_cluster_974
10249,974,refined_cluster_cluster_974
29055000,91,refined_cluster_cluster_91
66966977,91,refined_cluster_cluster_91
27210120,2906,refined_cluster_cluster_2906
27210141,2906,refined_cluster_cluster_2906
27210161,2906,refined_cluster_cluster_2906
SP342,2828,refined_cluster_cluster_2828
27320120,2828,refined_cluster_cluster_2828
27320380,2828,refined_cluster_cluster_2828
27120120,2828,refined_cluster_cluster_2828
24499000,3002,refined_cluster_cluster_3002
84105810,3002,refined_cluster_cluster_3002
84125810,3002,refined_cluster_cluster_3002
83005810,3002,refined_cluster_cluster_3002
83009990,3002,refined_cluster_cluster_3002
84025810,3002,refined_cluster_cluster_3002
84029990,3002,refined_cluster_cluster_3002
207900001,3002,refined_cluster_cluster_3002
41887400,3002,refined_cluster_cluster_3002
321002,3002,refined_cluster_cluster_3002
320872,2372,refined_cluster_cluster_2372
320808,2372,refined_cluster_cluster_2372
320001,2746,refined_cluster_cluster_2746
24403001,2746,refined_cluster_cluster_2746
24525061,2746,refined_cluster_cluster_2746
24565200,2746,refined_cluster_cluster_2746
340009,2746,refined_cluster_cluster_2746
25280,766,refined_cluster_cluster_766
25290,766,refined_cluster_cluster_766
25181,765,refined_cluster_cluster_765
25180,765,refined_cluster_cluster_765
93560,574,refined_cluster_cluster_574
93530,574,refined_cluster_cluster_574
29054000,519,refined_cluster_cluster_519
390104,519,refined_cluster_cluster_519
29404002,1595,refined_cluster_cluster_1595
332002,1595,refined_cluster_cluster_1595
29404001,919,refined_cluster_cluster_919
380000,919,refined_cluster_cluster_919
380011,919,refined_cluster_cluster_919
20582038,960,refined_cluster_cluster_960
20085030,960,refined_cluster_cluster_960
20008260,944,refined_cluster_cluster_944
20021312,944,refined_cluster_cluster_944
20021300,944,refined_cluster_cluster_944
360341,931,refined_cluster_cluster_931
360310,931,refined_cluster_cluster_931
360340,931,refined_cluster_cluster_931
360382,931,refined_cluster_cluster_931
20605571,906,refined_cluster_cluster_906
20605580,906,refined_cluster_cluster_906
20502030,929,refined_cluster_cluster_929
20005030,929,refined_cluster_cluster_929
20592020,929,refined_cluster_cluster_929
20100212,952,refined_cluster_cluster_952
20100234,952,refined_cluster_cluster_952
20100300,952,refined_cluster_cluster_952
20000212,950,refined_cluster_cluster_950
20505010,950,refined_cluster_cluster_950
20035030,949,refined_cluster_cluster_949
20005840,949,refined_cluster_cluster_949
20000235,925,refined_cluster_cluster_925
20007410,925,refined_cluster_cluster_925
20025240,946,refined_cluster_cluster_946
20005140,946,refined_cluster_cluster_946
20605034,946,refined_cluster_cluster_946
20060500,946,refined_cluster_cluster_946
20005260,951,refined_cluster_cluster_951
20000313,951,refined_cluster_cluster_951
20007353,928,refined_cluster_cluster_928
20000312,928,refined_cluster_cluster_928
20000325,928,refined_cluster_cluster_928
20005445,927,refined_cluster_cluster_927
20005263,927,refined_cluster_cluster_927
20400222,955,refined_cluster_cluster_955
20045060,955,refined_cluster_cluster_955
20400234,954,refined_cluster_cluster_954
20045040,954,refined_cluster_cluster_954
20002070,918,refined_cluster_cluster_918
20001300,918,refined_cluster_cluster_918
20085920,967,refined_cluster_cluster_967
20800241,967,refined_cluster_cluster_967
20185060,966,refined_cluster_cluster_966
20085060,966,refined_cluster_cluster_966
20085044,959,refined_cluster_cluster_959
20085074,959,refined_cluster_cluster_959
20095030,956,refined_cluster_cluster_956
20095060,956,refined_cluster_cluster_956
20592030,956,refined_cluster_cluster_956
20032300,886,refined_cluster_cluster_886
360035,886,refined_cluster_cluster_886
360083,886,refined_cluster_cluster_886
22121007,900,refined_cluster_cluster_900
22141009,900,refined_cluster_cluster_900
22341007,900,refined_cluster_cluster_900
23121009,900,refined_cluster_cluster_900
360132,900,refined_cluster_cluster_900
20200234,922,refined_cluster_cluster_922
20200312,922,refined_cluster_cluster_922
20200300,922,refined_cluster_cluster_922
20200301,922,refined_cluster_cluster_922
20005372,922,refined_cluster_cluster_922
360002,634,refined_cluster_cluster_634
360802,634,refined_cluster_cluster_634
360400,921,refined_cluster_cluster_921
360037,921,refined_cluster_cluster_921
360038,921,refined_cluster_cluster_921
360039,921,refined_cluster_cluster_921
29034000,1363,refined_cluster_cluster_1363
390400,1363,refined_cluster_cluster_1363
29045001,1363,refined_cluster_cluster_1363
29045000,1363,refined_cluster_cluster_1363
10753,1363,refined_cluster_cluster_1363
10750,1263,refined_cluster_cluster_1263
50021340,1263,refined_cluster_cluster_1263
10750,1192,refined_cluster_cluster_1192
50021040,1192,refined_cluster_cluster_1192
29014000,1403,refined_cluster_cluster_1403
29014001,1403,refined_cluster_cluster_1403
29014045,1403,refined_cluster_cluster_1403
390007,1403,refined_cluster_cluster_1403
29019000,788,refined_cluster_cluster_788
29014004,788,refined_cluster_cluster_788
59009990,788,refined_cluster_cluster_788
10300,973,refined_cluster_cluster_973
10300,973,refined_cluster_cluster_973
29606001,973,refined_cluster_cluster_973
10300,973,refined_cluster_cluster_973
10154,973,refined_cluster_cluster_973
10822,2795,refined_cluster_cluster_2795
24405030,2795,refined_cluster_cluster_2795
22104240,1437,refined_cluster_cluster_1437
22210509,1437,refined_cluster_cluster_1437
22218240,1437,refined_cluster_cluster_1437
22105240,1361,refined_cluster_cluster_1361
22107240,1361,refined_cluster_cluster_1361
24055000,1402,refined_cluster_cluster_1402
340040,1402,refined_cluster_cluster_1402
24406000,2745,refined_cluster_cluster_2745
24478000,2745,refined_cluster_cluster_2745
24265068,2504,refined_cluster_cluster_2504
24265168,2504,refined_cluster_cluster_2504
24107000,2879,refined_cluster_cluster_2879
24265000,2879,refined_cluster_cluster_2879
24255040,566,refined_cluster_cluster_566
24105040,566,refined_cluster_cluster_566
24105400,2880,refined_cluster_cluster_2880
24106010,2880,refined_cluster_cluster_2880
24105004,2880,refined_cluster_cluster_2880
24306020,2870,refined_cluster_cluster_2870
24305010,2870,refined_cluster_cluster_2870
24580000,2811,refined_cluster_cluster_2811
24505000,2811,refined_cluster_cluster_2811
24568000,2807,refined_cluster_cluster_2807
24528000,2807,refined_cluster_cluster_2807
24563001,2366,refined_cluster_cluster_2366
340237,2366,refined_cluster_cluster_2366
340007,2366,refined_cluster_cluster_2366
330001,2812,refined_cluster_cluster_2812
24525000,2812,refined_cluster_cluster_2812
360395,2379,refined_cluster_cluster_2379
380051,2379,refined_cluster_cluster_2379
10700,702,refined_cluster_cluster_702
10700,702,refined_cluster_cluster_702
29704000,2775,refined_cluster_cluster_2775
380110,2775,refined_cluster_cluster_2775
381000,2775,refined_cluster_cluster_2775
10500,168,refined_cluster_cluster_168
10500,168,refined_cluster_cluster_168
900281,1071,refined_cluster_cluster_1071
906035,1071,refined_cluster_cluster_1071
10634,1054,refined_cluster_cluster_1054
10171,1054,refined_cluster_cluster_1054
10632,1054,refined_cluster_cluster_1054
10632,2308,refined_cluster_cluster_2308
10631,2308,refined_cluster_cluster_2308
99993,2308,refined_cluster_cluster_2308
10170,2308,refined_cluster_cluster_2308
10172,2308,refined_cluster_cluster_2308
10633,2308,refined_cluster_cluster_2308
28076560,1185,refined_cluster_cluster_1185
13944,1185,refined_cluster_cluster_1185
13945,1185,refined_cluster_cluster_1185
13944A,1185,refined_cluster_cluster_1185
29804000,889,refined_cluster_cluster_889
380040,889,refined_cluster_cluster_889
50109980,889,refined_cluster_cluster_889
10101,2876,refined_cluster_cluster_2876
55008120,2876,refined_cluster_cluster_2876
55001180,2876,refined_cluster_cluster_2876
55001280,2876,refined_cluster_cluster_2876
55001290,2876,refined_cluster_cluster_2876
55001360,2876,refined_cluster_cluster_2876
55001010,2876,refined_cluster_cluster_2876
55011290,2876,refined_cluster_cluster_2876
55019980,2876,refined_cluster_cluster_2876
55011250,2876,refined_cluster_cluster_2876
55001300,2876,refined_cluster_cluster_2876
55011340,2876,refined_cluster_cluster_2876
55011280,2876,refined_cluster_cluster_2876
55003390,2876,refined_cluster_cluster_2876
55002960,2876,refined_cluster_cluster_2876
55001340,2876,refined_cluster_cluster_2876
566638,88,refined_cluster_cluster_88
566634,88,refined_cluster_cluster_88
20481,318,refined_cluster_cluster_318
20478,318,refined_cluster_cluster_318
350615,2370,refined_cluster_cluster_2370
52011010,2370,refined_cluster_cluster_2370
310600,2370,refined_cluster_cluster_2370
54051010,2370,refined_cluster_cluster_2370
350000,2767,refined_cluster_cluster_2767
350004,2767,refined_cluster_cluster_2767
350899,2004,refined_cluster_cluster_2004
350002,2004,refined_cluster_cluster_2004
350102,2004,refined_cluster_cluster_2004
25002030,2734,refined_cluster_cluster_2734
25002000,2734,refined_cluster_cluster_2734
25014000,2017,refined_cluster_cluster_2017
10400,2017,refined_cluster_cluster_2017
10150,2017,refined_cluster_cluster_2017
25005120,2837,refined_cluster_cluster_2837
25005020,2837,refined_cluster_cluster_2837
25005012,2837,refined_cluster_cluster_2837
8118,2837,refined_cluster_cluster_2837
25005028,2837,refined_cluster_cluster_2837
10150,1233,refined_cluster_cluster_1233
SPV1055,1233,refined_cluster_cluster_1233
SP3052,1944,refined_cluster_cluster_1944
340006,1944,refined_cluster_cluster_1944
340550,2945,refined_cluster_cluster_2945
340050,2945,refined_cluster_cluster_2945
340242,2773,refined_cluster_cluster_2773
340003,2773,refined_cluster_cluster_2773
340004,408,refined_cluster_cluster_408
290237,408,refined_cluster_cluster_408
24565140,2936,refined_cluster_cluster_2936
24565400,2936,refined_cluster_cluster_2936
24555600,2936,refined_cluster_cluster_2936
10362,2902,refined_cluster_cluster_2902
340042,2902,refined_cluster_cluster_2902
10260,2732,refined_cluster_cluster_2732
26405022,2732,refined_cluster_cluster_2732
26405011,2725,refined_cluster_cluster_2725
10263,2725,refined_cluster_cluster_2725
10264,2725,refined_cluster_cluster_2725
370401,2725,refined_cluster_cluster_2725
360805,789,refined_cluster_cluster_789
360705,789,refined_cluster_cluster_789
26305000,720,refined_cluster_cluster_720
26304000,720,refined_cluster_cluster_720
26305010,720,refined_cluster_cluster_720
10255,1652,refined_cluster_cluster_1652
10253,1652,refined_cluster_cluster_1652
11260,1703,refined_cluster_cluster_1703
11260,1703,refined_cluster_cluster_1703
SP3042,2731,refined_cluster_cluster_2731
26412003,2731,refined_cluster_cluster_2731
26418030,2731,refined_cluster_cluster_2731
26415030,2731,refined_cluster_cluster_2731
360390,2731,refined_cluster_cluster_2731
26105000,854,refined_cluster_cluster_854
43230013,854,refined_cluster_cluster_854
26415031,2721,refined_cluster_cluster_2721
10261,2721,refined_cluster_cluster_2721
10260,2721,refined_cluster_cluster_2721
26415000,980,refined_cluster_cluster_980
371225,980,refined_cluster_cluster_980
370004,980,refined_cluster_cluster_980
54004610,980,refined_cluster_cluster_980
26405020,2726,refined_cluster_cluster_2726
26405029,2726,refined_cluster_cluster_2726
95440,283,refined_cluster_cluster_283
95460,283,refined_cluster_cluster_283
95450,283,refined_cluster_cluster_283
968209,128,refined_cluster_cluster_128
98042450,128,refined_cluster_cluster_128
83240,523,refined_cluster_cluster_523
83241,523,refined_cluster_cluster_523
83020,34,refined_cluster_cluster_34
83690,34,refined_cluster_cluster_34
917113,360,refined_cluster_cluster_360
88052,360,refined_cluster_cluster_360
40054030,1351,refined_cluster_cluster_1351
40051010,1351,refined_cluster_cluster_1351
21114,1351,refined_cluster_cluster_1351
13216C,1351,refined_cluster_cluster_1351
1321621,1351,refined_cluster_cluster_1351
40055930,3080,refined_cluster_cluster_3080
45075930,3080,refined_cluster_cluster_3080
82005930,3080,refined_cluster_cluster_3080
45035930,3080,refined_cluster_cluster_3080
17875,1850,refined_cluster_cluster_1850
17875,1850,refined_cluster_cluster_1850
1787710,1531,refined_cluster_cluster_1531
17877999,1531,refined_cluster_cluster_1531
1787711,1531,refined_cluster_cluster_1531
17877A,1531,refined_cluster_cluster_1531
16207,2507,refined_cluster_cluster_2507
178500,2507,refined_cluster_cluster_2507
17531A01,2507,refined_cluster_cluster_2507
17534000,2507,refined_cluster_cluster_2507
16159Y,2536,refined_cluster_cluster_2536
16159Z,2536,refined_cluster_cluster_2536
1617541,2536,refined_cluster_cluster_2536
16143PC,2535,refined_cluster_cluster_2535
16159PC,2535,refined_cluster_cluster_2535
1617537,2535,refined_cluster_cluster_2535
16159,2535,refined_cluster_cluster_2535
16175PC,2535,refined_cluster_cluster_2535
1617540,2535,refined_cluster_cluster_2535
16191PC,2535,refined_cluster_cluster_2535
16199P,2535,refined_cluster_cluster_2535
16191F,2522,refined_cluster_cluster_2522
161970,2522,refined_cluster_cluster_2522
16191F,2522,refined_cluster_cluster_2522
162078,2526,refined_cluster_cluster_2526
162076,2526,refined_cluster_cluster_2526
1620789,2526,refined_cluster_cluster_2526
16215,2526,refined_cluster_cluster_2526
16223PC,2526,refined_cluster_cluster_2526
16207PF,2526,refined_cluster_cluster_2526
16223A,2526,refined_cluster_cluster_2526
16223009,2526,refined_cluster_cluster_2526
162071,2511,refined_cluster_cluster_2511
16223B,2511,refined_cluster_cluster_2511
16175378,2476,refined_cluster_cluster_2476
16175378,2476,refined_cluster_cluster_2476
16175374,2476,refined_cluster_cluster_2476
16191F8,2476,refined_cluster_cluster_2476
16191F8,2476,refined_cluster_cluster_2476
16191F5,2476,refined_cluster_cluster_2476
161913,2476,refined_cluster_cluster_2476
1620719,2476,refined_cluster_cluster_2476
16136,2483,refined_cluster_cluster_2483
16138B,2483,refined_cluster_cluster_2483
178179,1835,refined_cluster_cluster_1835
17817,1835,refined_cluster_cluster_1835
17819,1835,refined_cluster_cluster_1835
17823,1208,refined_cluster_cluster_1208
17823,1208,refined_cluster_cluster_1208
17817013,1851,refined_cluster_cluster_1851
17817009,1851,refined_cluster_cluster_1851
17817001,1851,refined_cluster_cluster_1851
17836B,1851,refined_cluster_cluster_1851
17817013,1851,refined_cluster_cluster_1851
1781799,1851,refined_cluster_cluster_1851
17817062,1833,refined_cluster_cluster_1833
1781706F,1833,refined_cluster_cluster_1833
17817061,1833,refined_cluster_cluster_1833
17817024,1719,refined_cluster_cluster_1719
17817020,1719,refined_cluster_cluster_1719
17002GB,1719,refined_cluster_cluster_1719
17817006,1842,refined_cluster_cluster_1842
17817977,1842,refined_cluster_cluster_1842
17817006,1842,refined_cluster_cluster_1842
17820,1852,refined_cluster_cluster_1852
17828,1852,refined_cluster_cluster_1852
17820,1852,refined_cluster_cluster_1852
17818046,1838,refined_cluster_cluster_1838
17818045,1838,refined_cluster_cluster_1838
17817109,1830,refined_cluster_cluster_1830
17817110,1830,refined_cluster_cluster_1830
17817A,1853,refined_cluster_cluster_1853
17817B1,1853,refined_cluster_cluster_1853
17821003,1853,refined_cluster_cluster_1853
17817979,1853,refined_cluster_cluster_1853
1781711,1854,refined_cluster_cluster_1854
1781711,1854,refined_cluster_cluster_1854
17025K01,2554,refined_cluster_cluster_2554
17025K,2554,refined_cluster_cluster_2554
17041K01,2554,refined_cluster_cluster_2554
17057K00,2554,refined_cluster_cluster_2554
17065K23,2554,refined_cluster_cluster_2554
17065K3,2554,refined_cluster_cluster_2554
17073K10,2554,refined_cluster_cluster_2554
17041K1,2531,refined_cluster_cluster_2531
1704122F,2531,refined_cluster_cluster_2531
17041,2531,refined_cluster_cluster_2531
17124A12,2555,refined_cluster_cluster_2555
1704188,2555,refined_cluster_cluster_2555
17057K2,2555,refined_cluster_cluster_2555
1705788,2555,refined_cluster_cluster_2555
1706588,2555,refined_cluster_cluster_2555
1707388,2555,refined_cluster_cluster_2555
17041K,2552,refined_cluster_cluster_2552
17057K,2552,refined_cluster_cluster_2552
17065K,2552,refined_cluster_cluster_2552
17081K01,2550,refined_cluster_cluster_2550
17097K01,2550,refined_cluster_cluster_2550
17113100,2550,refined_cluster_cluster_2550
17113,2550,refined_cluster_cluster_2550
17124A,2550,refined_cluster_cluster_2550
17081K8,2533,refined_cluster_cluster_2533
17099K,2533,refined_cluster_cluster_2533
1708188,2541,refined_cluster_cluster_2541
1709788,2541,refined_cluster_cluster_2541
1708188,2541,refined_cluster_cluster_2541
1709788,2541,refined_cluster_cluster_2541
17081K,2544,refined_cluster_cluster_2544
17097K,2544,refined_cluster_cluster_2544
170412,2561,refined_cluster_cluster_2561
17059,2561,refined_cluster_cluster_2561
17059001,2561,refined_cluster_cluster_2561
17065022,2562,refined_cluster_cluster_2562
17065PCS,2562,refined_cluster_cluster_2562
17065023,2562,refined_cluster_cluster_2562
17081ST,2551,refined_cluster_cluster_2551
17081ST1,2551,refined_cluster_cluster_2551
1709911,2551,refined_cluster_cluster_2551
1706588,2556,refined_cluster_cluster_2556
1705788,2556,refined_cluster_cluster_2556
1704124F,2488,refined_cluster_cluster_2488
1704134F,2488,refined_cluster_cluster_2488
17057K02,2489,refined_cluster_cluster_2489
17057K03,2489,refined_cluster_cluster_2489
17016K,2582,refined_cluster_cluster_2582
17017K01,2582,refined_cluster_cluster_2582
17055K,2582,refined_cluster_cluster_2582
17064K,2582,refined_cluster_cluster_2582
1701588,2575,refined_cluster_cluster_2575
1701988,2575,refined_cluster_cluster_2575
17017210,2575,refined_cluster_cluster_2575
1701788,2575,refined_cluster_cluster_2575
170321K,2575,refined_cluster_cluster_2575
1703288,2575,refined_cluster_cluster_2575
17054K,2575,refined_cluster_cluster_2575
1706388,2575,refined_cluster_cluster_2575
17019K,2566,refined_cluster_cluster_2566
17017K,2566,refined_cluster_cluster_2566
17032K,2566,refined_cluster_cluster_2566
17063K,2566,refined_cluster_cluster_2566
17032K,2566,refined_cluster_cluster_2566
170350,2484,refined_cluster_cluster_2484
170351,2484,refined_cluster_cluster_2484
17054L,2560,refined_cluster_cluster_2560
17063020,2560,refined_cluster_cluster_2560
1703206,2518,refined_cluster_cluster_2518
1703205,2518,refined_cluster_cluster_2518
17064KA,2502,refined_cluster_cluster_2502
17064KB,2502,refined_cluster_cluster_2502
17081,2519,refined_cluster_cluster_2519
170812P,2519,refined_cluster_cluster_2519
170812,2519,refined_cluster_cluster_2519
17011A10,2574,refined_cluster_cluster_2574
17011A,2574,refined_cluster_cluster_2574
1708079,2543,refined_cluster_cluster_2543
1708078,2543,refined_cluster_cluster_2543
1708075,2543,refined_cluster_cluster_2543
1708080,2543,refined_cluster_cluster_2543
17019A12,2583,refined_cluster_cluster_2583
17019A,2583,refined_cluster_cluster_2583
1703589,2583,refined_cluster_cluster_2583
1703588,2583,refined_cluster_cluster_2583
17051001,2583,refined_cluster_cluster_2583
1703598,2583,refined_cluster_cluster_2583
1701923,2559,refined_cluster_cluster_2559
1703585,2559,refined_cluster_cluster_2559
17051,2559,refined_cluster_cluster_2559
17082,2559,refined_cluster_cluster_2559
17080,2559,refined_cluster_cluster_2559
1701788,2576,refined_cluster_cluster_2576
1703288,2576,refined_cluster_cluster_2576
1706388,2576,refined_cluster_cluster_2576
17005B,1941,refined_cluster_cluster_1941
17005B33,1941,refined_cluster_cluster_1941
17006024,1941,refined_cluster_cluster_1941
17005B,1941,refined_cluster_cluster_1941
17005D,1940,refined_cluster_cluster_1940
17006025,1940,refined_cluster_cluster_1940
17006026,1940,refined_cluster_cluster_1940
1700595,1931,refined_cluster_cluster_1931
17001049,1931,refined_cluster_cluster_1931
1700698,1930,refined_cluster_cluster_1930
1700698,1930,refined_cluster_cluster_1930
1700588,1841,refined_cluster_cluster_1841
1700588,1841,refined_cluster_cluster_1841
1700603,1916,refined_cluster_cluster_1916
1700596,1916,refined_cluster_cluster_1916
1700596,1916,refined_cluster_cluster_1916
17004,1894,refined_cluster_cluster_1894
17026,1894,refined_cluster_cluster_1894
1700599,1894,refined_cluster_cluster_1894
1700113,1914,refined_cluster_cluster_1914
1700115,1914,refined_cluster_cluster_1914
1700115,1914,refined_cluster_cluster_1914
170011,1938,refined_cluster_cluster_1938
170011,1938,refined_cluster_cluster_1938
1700121,1929,refined_cluster_cluster_1929
1700121Y,1929,refined_cluster_cluster_1929
170011PC,1879,refined_cluster_cluster_1879
170012PC,1879,refined_cluster_cluster_1879
17003,1879,refined_cluster_cluster_1879
1700210,1939,refined_cluster_cluster_1939
17009822,1939,refined_cluster_cluster_1939
17001030,1927,refined_cluster_cluster_1927
17001C,1927,refined_cluster_cluster_1927
17002PC,1927,refined_cluster_cluster_1927
17005C,1927,refined_cluster_cluster_1927
17001C1,1928,refined_cluster_cluster_1928
17001011,1928,refined_cluster_cluster_1928
17001010,1928,refined_cluster_cluster_1928
17001011,1928,refined_cluster_cluster_1928
170012,1905,refined_cluster_cluster_1905
17008677,1905,refined_cluster_cluster_1905
175768,1865,refined_cluster_cluster_1865
175768,1865,refined_cluster_cluster_1865
17001436,1915,refined_cluster_cluster_1915
17001439,1915,refined_cluster_cluster_1915
17001012,1915,refined_cluster_cluster_1915
17001009,1915,refined_cluster_cluster_1915
17001436,1915,refined_cluster_cluster_1915
17001Z,1915,refined_cluster_cluster_1915
17001M,1915,refined_cluster_cluster_1915
1700602,1915,refined_cluster_cluster_1915
17001039,1915,refined_cluster_cluster_1915
17001009,1915,refined_cluster_cluster_1915
17097K03,1915,refined_cluster_cluster_1915
17001015,1915,refined_cluster_cluster_1915
17001034,1884,refined_cluster_cluster_1884
17001034,1884,refined_cluster_cluster_1884
17001044,1885,refined_cluster_cluster_1885
17008666,1885,refined_cluster_cluster_1885
17008666,1885,refined_cluster_cluster_1885
170029,1812,refined_cluster_cluster_1812
170029,1812,refined_cluster_cluster_1812
17001017,1902,refined_cluster_cluster_1902
17001018,1902,refined_cluster_cluster_1902
17001010,1902,refined_cluster_cluster_1902
17008620,1901,refined_cluster_cluster_1901
17008620,1901,refined_cluster_cluster_1901
17008677,1901,refined_cluster_cluster_1901
170048,1890,refined_cluster_cluster_1890
170023,1890,refined_cluster_cluster_1890
17001D,1890,refined_cluster_cluster_1890
170028,1890,refined_cluster_cluster_1890
1700211,1890,refined_cluster_cluster_1890
1700212,1890,refined_cluster_cluster_1890
170032,1890,refined_cluster_cluster_1890
1700216,1890,refined_cluster_cluster_1890
17009914,1868,refined_cluster_cluster_1868
17009919,1868,refined_cluster_cluster_1868
13198808,2466,refined_cluster_cluster_2466
13198893,2466,refined_cluster_cluster_2466
13198894,2467,refined_cluster_cluster_2467
13198895,2467,refined_cluster_cluster_2467
13198892,2467,refined_cluster_cluster_2467
100030,2028,refined_cluster_cluster_2028
100029,2028,refined_cluster_cluster_2028
100034,2028,refined_cluster_cluster_2028
100033,2028,refined_cluster_cluster_2028
100035,2028,refined_cluster_cluster_2028
100031,2028,refined_cluster_cluster_2028
100037,2028,refined_cluster_cluster_2028
10001B,1518,refined_cluster_cluster_1518
100021,1518,refined_cluster_cluster_1518
17842A,1596,refined_cluster_cluster_1596
17842,1596,refined_cluster_cluster_1596
17832812,1596,refined_cluster_cluster_1596
178490,1596,refined_cluster_cluster_1596
1704188,2534,refined_cluster_cluster_2534
17049,2534,refined_cluster_cluster_2534
17218713,2491,refined_cluster_cluster_2491
17218996,2491,refined_cluster_cluster_2491
170501,2490,refined_cluster_cluster_2490
17049CD,2490,refined_cluster_cluster_2490
1700603,1917,refined_cluster_cluster_1917
17005C,1917,refined_cluster_cluster_1917
17001C,1892,refined_cluster_cluster_1892
17009912,1892,refined_cluster_cluster_1892
1700277,1903,refined_cluster_cluster_1903
17002G2,1903,refined_cluster_cluster_1903
17832808,1861,refined_cluster_cluster_1861
17832809,1861,refined_cluster_cluster_1861
17415A,1591,refined_cluster_cluster_1591
17415,1591,refined_cluster_cluster_1591
170124,1591,refined_cluster_cluster_1591
17012,1592,refined_cluster_cluster_1592
17012B,1592,refined_cluster_cluster_1592
17418001,2521,refined_cluster_cluster_2521
17455002,2521,refined_cluster_cluster_2521
17471001,2521,refined_cluster_cluster_2521
17483WP,2521,refined_cluster_cluster_2521
17455,2520,refined_cluster_cluster_2520
17471C,2520,refined_cluster_cluster_2520
17483F,2520,refined_cluster_cluster_2520
17483WP1,2428,refined_cluster_cluster_2428
17499A00,2428,refined_cluster_cluster_2428
17515B00,2428,refined_cluster_cluster_2428
17499A,2530,refined_cluster_cluster_2530
17515B,2530,refined_cluster_cluster_2530
17435PC2,2480,refined_cluster_cluster_2480
1742710,2480,refined_cluster_cluster_2480
17435PC3,2480,refined_cluster_cluster_2480
17428PC,2481,refined_cluster_cluster_2481
17427PC1,2481,refined_cluster_cluster_2481
17435PC1,2481,refined_cluster_cluster_2481
17843540,2481,refined_cluster_cluster_2481
17451A01,2481,refined_cluster_cluster_2481
17843545,2481,refined_cluster_cluster_2481
17467PC1,2481,refined_cluster_cluster_2481
17467PC,2481,refined_cluster_cluster_2481
17483PC0,2481,refined_cluster_cluster_2481
17483PC,2481,refined_cluster_cluster_2481
1742710,2479,refined_cluster_cluster_2479
17435PC,2479,refined_cluster_cluster_2479
17451A,2479,refined_cluster_cluster_2479
1746700,2479,refined_cluster_cluster_2479
1748300,2479,refined_cluster_cluster_2479
17500,2479,refined_cluster_cluster_2479
17500001,2482,refined_cluster_cluster_2482
17467PC2,2482,refined_cluster_cluster_2482
17515A10,2482,refined_cluster_cluster_2482
17415H,1589,refined_cluster_cluster_1589
17415HAL,1589,refined_cluster_cluster_1589
17845011,1883,refined_cluster_cluster_1883
17845010,1883,refined_cluster_cluster_1883
17846012,1883,refined_cluster_cluster_1883
188490,1889,refined_cluster_cluster_1889
178454,1889,refined_cluster_cluster_1889
17845A,1889,refined_cluster_cluster_1889
178451,1889,refined_cluster_cluster_1889
1784511,1891,refined_cluster_cluster_1891
17845033,1891,refined_cluster_cluster_1891
17845016,1891,refined_cluster_cluster_1891
17845A,1891,refined_cluster_cluster_1891
1784510,1891,refined_cluster_cluster_1891
17845005,1900,refined_cluster_cluster_1900
17845002,1900,refined_cluster_cluster_1900
17844019,1899,refined_cluster_cluster_1899
17845002,1899,refined_cluster_cluster_1899
17844019,1899,refined_cluster_cluster_1899
17844013,1896,refined_cluster_cluster_1896
17844013,1896,refined_cluster_cluster_1896
17843001,1864,refined_cluster_cluster_1864
17844,1864,refined_cluster_cluster_1864
17843001,1864,refined_cluster_cluster_1864
17845940,1866,refined_cluster_cluster_1866
17845940,1866,refined_cluster_cluster_1866
17844,1860,refined_cluster_cluster_1860
17789,1860,refined_cluster_cluster_1860
17843,1874,refined_cluster_cluster_1874
17845,1874,refined_cluster_cluster_1874
17845478,1856,refined_cluster_cluster_1856
17845479,1856,refined_cluster_cluster_1856
17845479,1856,refined_cluster_cluster_1856
17845478,1856,refined_cluster_cluster_1856
17843444,1873,refined_cluster_cluster_1873
17843445,1873,refined_cluster_cluster_1873
17843,1867,refined_cluster_cluster_1867
17844998,1867,refined_cluster_cluster_1867
1319880,1512,refined_cluster_cluster_1512
13198801,1512,refined_cluster_cluster_1512
17857014,1615,refined_cluster_cluster_1615
17857096,1615,refined_cluster_cluster_1615
17857CF,1615,refined_cluster_cluster_1615
17857170,1615,refined_cluster_cluster_1615
17857099,1615,refined_cluster_cluster_1615
17857096,1615,refined_cluster_cluster_1615
1785701Z,1615,refined_cluster_cluster_1615
1785700,1610,refined_cluster_cluster_1610
1785701,1610,refined_cluster_cluster_1610
17857012,1610,refined_cluster_cluster_1610
1785700,1610,refined_cluster_cluster_1610
17857016,1604,refined_cluster_cluster_1604
17857016,1604,refined_cluster_cluster_1604
17857102,1614,refined_cluster_cluster_1614
17857098,1614,refined_cluster_cluster_1614
17857300,1606,refined_cluster_cluster_1606
17857305,1606,refined_cluster_cluster_1606
17857304,1606,refined_cluster_cluster_1606
17857022,1603,refined_cluster_cluster_1603
17857022,1603,refined_cluster_cluster_1603
17857330,1608,refined_cluster_cluster_1608
17857985,1608,refined_cluster_cluster_1608
1785714,1608,refined_cluster_cluster_1608
17857103,1608,refined_cluster_cluster_1608
17857045,1608,refined_cluster_cluster_1608
17857GB,1601,refined_cluster_cluster_1601
17857044,1601,refined_cluster_cluster_1601
17857029,1602,refined_cluster_cluster_1602
17857029,1602,refined_cluster_cluster_1602
17857HC,1609,refined_cluster_cluster_1609
17857HC1,1609,refined_cluster_cluster_1609
17879B,1315,refined_cluster_cluster_1315
17879998,1315,refined_cluster_cluster_1315
17879R,1093,refined_cluster_cluster_1093
17880003,1093,refined_cluster_cluster_1093
17879,891,refined_cluster_cluster_891
178792,891,refined_cluster_cluster_891
178794,891,refined_cluster_cluster_891
1787998,891,refined_cluster_cluster_891
15308PP,1563,refined_cluster_cluster_1563
15038GR,1563,refined_cluster_cluster_1563
17821089,1563,refined_cluster_cluster_1563
15038OMP,1312,refined_cluster_cluster_1312
1503811,1312,refined_cluster_cluster_1312
15038100,1312,refined_cluster_cluster_1312
15038OM2,1312,refined_cluster_cluster_1312
17802308,1311,refined_cluster_cluster_1311
17802310,1311,refined_cluster_cluster_1311
15036,898,refined_cluster_cluster_898
15036,898,refined_cluster_cluster_898
15037,898,refined_cluster_cluster_898
150351,898,refined_cluster_cluster_898
15037,898,refined_cluster_cluster_898
15070,897,refined_cluster_cluster_897
15072,897,refined_cluster_cluster_897
15074,897,refined_cluster_cluster_897
17880,1817,refined_cluster_cluster_1817
17881,1817,refined_cluster_cluster_1817
17884,1817,refined_cluster_cluster_1817
178802,1817,refined_cluster_cluster_1817
17880120,1817,refined_cluster_cluster_1817
178801,1813,refined_cluster_cluster_1813
178801,1813,refined_cluster_cluster_1813
17880122,1814,refined_cluster_cluster_1814
17880122,1814,refined_cluster_cluster_1814
17880114,1393,refined_cluster_cluster_1393
17880114,1393,refined_cluster_cluster_1393
17880119,1818,refined_cluster_cluster_1818
17880116,1818,refined_cluster_cluster_1818
17876866,1215,refined_cluster_cluster_1215
17876866,1215,refined_cluster_cluster_1215
17850412,1215,refined_cluster_cluster_1215
17876867,1215,refined_cluster_cluster_1215
1786113,1107,refined_cluster_cluster_1107
1786113,1107,refined_cluster_cluster_1107
1788164,1255,refined_cluster_cluster_1255
1788166,1255,refined_cluster_cluster_1255
17882000,1256,refined_cluster_cluster_1256
17882000,1256,refined_cluster_cluster_1256
1788112,1256,refined_cluster_cluster_1256
1788111,1254,refined_cluster_cluster_1254
1788111,1254,refined_cluster_cluster_1254
15078,353,refined_cluster_cluster_353
15078,353,refined_cluster_cluster_353
15078978,353,refined_cluster_cluster_353
15078986,354,refined_cluster_cluster_354
15078922,354,refined_cluster_cluster_354
15078987,354,refined_cluster_cluster_354
17854010,1922,refined_cluster_cluster_1922
17851,1922,refined_cluster_cluster_1922
17854112,1922,refined_cluster_cluster_1922
17854110,1922,refined_cluster_cluster_1922
17851H,1922,refined_cluster_cluster_1922
17854000,1921,refined_cluster_cluster_1921
17854001,1921,refined_cluster_cluster_1921
17851H4,1921,refined_cluster_cluster_1921
17851777,1921,refined_cluster_cluster_1921
17584048,1898,refined_cluster_cluster_1898
17854048,1898,refined_cluster_cluster_1898
17849020,1898,refined_cluster_cluster_1898
178549,1933,refined_cluster_cluster_1933
178549,1933,refined_cluster_cluster_1933
17848888,1869,refined_cluster_cluster_1869
17853H,1869,refined_cluster_cluster_1869
178513,1869,refined_cluster_cluster_1869
17848889,1870,refined_cluster_cluster_1870
17848889,1870,refined_cluster_cluster_1870
17851AAB,1920,refined_cluster_cluster_1920
17851S,1920,refined_cluster_cluster_1920
17851SB,1920,refined_cluster_cluster_1920
1784994,1886,refined_cluster_cluster_1886
1784994,1886,refined_cluster_cluster_1886
17849080,1947,refined_cluster_cluster_1947
1784992,1947,refined_cluster_cluster_1947
17849010,1947,refined_cluster_cluster_1947
17849024,1947,refined_cluster_cluster_1947
17849027,1947,refined_cluster_cluster_1947
17849028,1947,refined_cluster_cluster_1947
17849030,1947,refined_cluster_cluster_1947
17849015,1947,refined_cluster_cluster_1947
17849024,1947,refined_cluster_cluster_1947
17849090,1948,refined_cluster_cluster_1948
1784989,1948,refined_cluster_cluster_1948
17849,1937,refined_cluster_cluster_1937
17848,1937,refined_cluster_cluster_1937
1785495,1943,refined_cluster_cluster_1943
17854014,1943,refined_cluster_cluster_1943
1785495,1943,refined_cluster_cluster_1943
17849082,1945,refined_cluster_cluster_1945
17849082,1945,refined_cluster_cluster_1945
17851H,1934,refined_cluster_cluster_1934
17854110,1934,refined_cluster_cluster_1934
17849TC,1887,refined_cluster_cluster_1887
17849866,1887,refined_cluster_cluster_1887
17844950,1887,refined_cluster_cluster_1887
17849875,1887,refined_cluster_cluster_1887
17849868,1887,refined_cluster_cluster_1887
17849869,1887,refined_cluster_cluster_1887
17844900,1888,refined_cluster_cluster_1888
17844900,1888,refined_cluster_cluster_1888
1784967,1840,refined_cluster_cluster_1840
1784968,1840,refined_cluster_cluster_1840
1785410,1924,refined_cluster_cluster_1924
1785375,1924,refined_cluster_cluster_1924
17854A,1924,refined_cluster_cluster_1924
1785400,1924,refined_cluster_cluster_1924
1785421,1893,refined_cluster_cluster_1893
1785421,1893,refined_cluster_cluster_1893
17853S,1925,refined_cluster_cluster_1925
17853SE,1925,refined_cluster_cluster_1925
1785378,1925,refined_cluster_cluster_1925
17853A,1925,refined_cluster_cluster_1925
17853MZ,1925,refined_cluster_cluster_1925
17856,1926,refined_cluster_cluster_1926
17858,1926,refined_cluster_cluster_1926
1785395,1913,refined_cluster_cluster_1913
1785397,1913,refined_cluster_cluster_1913
1789399,1907,refined_cluster_cluster_1907
1789399,1907,refined_cluster_cluster_1907
17859,1923,refined_cluster_cluster_1923
17854S,1923,refined_cluster_cluster_1923
17859,1923,refined_cluster_cluster_1923
17853SP,1878,refined_cluster_cluster_1878
17853ST,1878,refined_cluster_cluster_1878
17853770,1876,refined_cluster_cluster_1876
17853760,1876,refined_cluster_cluster_1876
178399,1095,refined_cluster_cluster_1095
178541,1095,refined_cluster_cluster_1095
17854M,1098,refined_cluster_cluster_1098
17853SO,1098,refined_cluster_cluster_1098
1785405,1904,refined_cluster_cluster_1904
1785417,1904,refined_cluster_cluster_1904
1785414,1904,refined_cluster_cluster_1904
17854102,1687,refined_cluster_cluster_1687
17854102,1687,refined_cluster_cluster_1687
17882,1655,refined_cluster_cluster_1655
17882049,1655,refined_cluster_cluster_1655
17882032,1655,refined_cluster_cluster_1655
178830,1656,refined_cluster_cluster_1656
17894,1656,refined_cluster_cluster_1656
17883,1656,refined_cluster_cluster_1656
178825,1654,refined_cluster_cluster_1654
178825,1654,refined_cluster_cluster_1654
17882039,1653,refined_cluster_cluster_1653
17882041,1653,refined_cluster_cluster_1653
17882043,1653,refined_cluster_cluster_1653
17882031,1651,refined_cluster_cluster_1651
17882578,1651,refined_cluster_cluster_1651
17882053,1651,refined_cluster_cluster_1651
17875N,1352,refined_cluster_cluster_1352
1787592,1352,refined_cluster_cluster_1352
1787592,1352,refined_cluster_cluster_1352
1787591,1353,refined_cluster_cluster_1353
1787591,1353,refined_cluster_cluster_1353
1508430,486,refined_cluster_cluster_486
1508430,486,refined_cluster_cluster_486
15084C,487,refined_cluster_cluster_487
15084866,487,refined_cluster_cluster_487
17877988,1099,refined_cluster_cluster_1099
17880BS,1099,refined_cluster_cluster_1099
17877SS,1099,refined_cluster_cluster_1099
17877994,1099,refined_cluster_cluster_1099
17877BS,1099,refined_cluster_cluster_1099
178632,2104,refined_cluster_cluster_2104
1786310,2104,refined_cluster_cluster_2104
178636,2104,refined_cluster_cluster_2104
178634,2104,refined_cluster_cluster_2104
1786535,2104,refined_cluster_cluster_2104
1786402,2104,refined_cluster_cluster_2104
17863D,2104,refined_cluster_cluster_2104
178761,2104,refined_cluster_cluster_2104
1786340,2104,refined_cluster_cluster_2104
1786350,2104,refined_cluster_cluster_2104
1786341,2104,refined_cluster_cluster_2104
1786535,2104,refined_cluster_cluster_2104
178633,2104,refined_cluster_cluster_2104
17863060,2104,refined_cluster_cluster_2104
17895,2104,refined_cluster_cluster_2104
1786334,2104,refined_cluster_cluster_2104
1786538,2104,refined_cluster_cluster_2104
17863062,2104,refined_cluster_cluster_2104
1786305,2105,refined_cluster_cluster_2105
1786305,2105,refined_cluster_cluster_2105
17866,2881,refined_cluster_cluster_2881
17861150,2881,refined_cluster_cluster_2881
178625,2881,refined_cluster_cluster_2881
17861154,2881,refined_cluster_cluster_2881
17885,2881,refined_cluster_cluster_2881
17861154,2881,refined_cluster_cluster_2881
17885,2881,refined_cluster_cluster_2881
17860C,2842,refined_cluster_cluster_2842
178603,2842,refined_cluster_cluster_2842
17861048,2887,refined_cluster_cluster_2887
17861B,2887,refined_cluster_cluster_2887
1786105,2887,refined_cluster_cluster_2887
17876,2887,refined_cluster_cluster_2887
17860F,2885,refined_cluster_cluster_2885
17860F,2885,refined_cluster_cluster_2885
1786010,2860,refined_cluster_cluster_2860
17861155,2860,refined_cluster_cluster_2860
178611,2884,refined_cluster_cluster_2884
178642,2884,refined_cluster_cluster_2884
1786713,2884,refined_cluster_cluster_2884
17911,2835,refined_cluster_cluster_2835
17910,2835,refined_cluster_cluster_2835
17910,2835,refined_cluster_cluster_2835
17861TP,2873,refined_cluster_cluster_2873
17861046,2873,refined_cluster_cluster_2873
17861056,2873,refined_cluster_cluster_2873
1786123,2874,refined_cluster_cluster_2874
17861CPZ,2874,refined_cluster_cluster_2874
17861060,2868,refined_cluster_cluster_2868
17861068,2868,refined_cluster_cluster_2868
17861012,2113,refined_cluster_cluster_2113
178619,2113,refined_cluster_cluster_2113
178617,2113,refined_cluster_cluster_2113
17861013,2113,refined_cluster_cluster_2113
1319929,2112,refined_cluster_cluster_2112
13199210,2112,refined_cluster_cluster_2112
1319930,2112,refined_cluster_cluster_2112
1319874,2112,refined_cluster_cluster_2112
17861015,2112,refined_cluster_cluster_2112
1786498,2405,refined_cluster_cluster_2405
178626,2405,refined_cluster_cluster_2405
178646,2405,refined_cluster_cluster_2405
17869997,2896,refined_cluster_cluster_2896
17869999,2896,refined_cluster_cluster_2896
17862887,2896,refined_cluster_cluster_2896
17869956,2897,refined_cluster_cluster_2897
17869957,2897,refined_cluster_cluster_2897
17862S,2893,refined_cluster_cluster_2893
17861S,2893,refined_cluster_cluster_2893
178613,2893,refined_cluster_cluster_2893
1769944,2893,refined_cluster_cluster_2893
17862889,2893,refined_cluster_cluster_2893
17869997,2867,refined_cluster_cluster_2867
1769998,2867,refined_cluster_cluster_2867
17855B,1599,refined_cluster_cluster_1599
17855678,1599,refined_cluster_cluster_1599
17865999,1143,refined_cluster_cluster_1143
17865991,1143,refined_cluster_cluster_1143
1786599G,1143,refined_cluster_cluster_1143
1786666,1310,refined_cluster_cluster_1310
17081316,1310,refined_cluster_cluster_1310
171306C,1310,refined_cluster_cluster_1310
178666,1847,refined_cluster_cluster_1847
17867080,1847,refined_cluster_cluster_1847
17865P1,1847,refined_cluster_cluster_1847
178655,1847,refined_cluster_cluster_1847
17865P,1847,refined_cluster_cluster_1847
17865GP,1822,refined_cluster_cluster_1822
17865GP,1822,refined_cluster_cluster_1822
17868B,1846,refined_cluster_cluster_1846
1786529,1846,refined_cluster_cluster_1846
17868B,1846,refined_cluster_cluster_1846
1786661,1823,refined_cluster_cluster_1823
1786661,1823,refined_cluster_cluster_1823
17866977,1862,refined_cluster_cluster_1862
17866974,1862,refined_cluster_cluster_1862
17866974,1862,refined_cluster_cluster_1862
17869C,1862,refined_cluster_cluster_1862
17869,1862,refined_cluster_cluster_1862
17868,1862,refined_cluster_cluster_1862
17866979,1862,refined_cluster_cluster_1862
17866977,1862,refined_cluster_cluster_1862
178721,1862,refined_cluster_cluster_1862
178756,1862,refined_cluster_cluster_1862
179003,1862,refined_cluster_cluster_1862
17866978,1862,refined_cluster_cluster_1862
178673,1862,refined_cluster_cluster_1862
1786707,1862,refined_cluster_cluster_1862
17869C,1862,refined_cluster_cluster_1862
1787310,1862,refined_cluster_cluster_1862
17899C,1862,refined_cluster_cluster_1862
17866981,1862,refined_cluster_cluster_1862
1787512,1862,refined_cluster_cluster_1862
17867A,1863,refined_cluster_cluster_1863
17867B,1863,refined_cluster_cluster_1863
178866,1863,refined_cluster_cluster_1863
178684,1863,refined_cluster_cluster_1863
17868A,1845,refined_cluster_cluster_1845
17868A,1845,refined_cluster_cluster_1845
178681,1843,refined_cluster_cluster_1843
178681,1843,refined_cluster_cluster_1843
1787099,1871,refined_cluster_cluster_1871
17870FMC,1871,refined_cluster_cluster_1871
1787102,1871,refined_cluster_cluster_1871
17871008,1871,refined_cluster_cluster_1871
17864039,1871,refined_cluster_cluster_1871
17864025,1871,refined_cluster_cluster_1871
17864,1871,refined_cluster_cluster_1871
17864022,1871,refined_cluster_cluster_1871
171302,1871,refined_cluster_cluster_1871
17871038,1871,refined_cluster_cluster_1871
17870FMC,1871,refined_cluster_cluster_1871
1787099,1871,refined_cluster_cluster_1871
1787014,1871,refined_cluster_cluster_1871
1787105,1871,refined_cluster_cluster_1871
17864016,1871,refined_cluster_cluster_1871
17871010,1871,refined_cluster_cluster_1871
17864048,1871,refined_cluster_cluster_1871
1787118,1871,refined_cluster_cluster_1871
1787124,1871,refined_cluster_cluster_1871
17864,1871,refined_cluster_cluster_1871
1787121,1871,refined_cluster_cluster_1871
17864028,1871,refined_cluster_cluster_1871
1786409,1871,refined_cluster_cluster_1871
17864556,1871,refined_cluster_cluster_1871
1787111,1871,refined_cluster_cluster_1871
17864045,1871,refined_cluster_cluster_1871
17864010,1871,refined_cluster_cluster_1871
1787102,1871,refined_cluster_cluster_1871
17864030,1871,refined_cluster_cluster_1871
17864016,1871,refined_cluster_cluster_1871
17864080,1871,refined_cluster_cluster_1871
17871009,1871,refined_cluster_cluster_1871
17864039,1871,refined_cluster_cluster_1871
17864047,1871,refined_cluster_cluster_1871
17871009,1871,refined_cluster_cluster_1871
17864032,1871,refined_cluster_cluster_1871
171301,1871,refined_cluster_cluster_1871
1786455,1871,refined_cluster_cluster_1871
17870A,1871,refined_cluster_cluster_1871
17864012,1871,refined_cluster_cluster_1871
17864048,1871,refined_cluster_cluster_1871
17864042,1871,refined_cluster_cluster_1871
17864033,1872,refined_cluster_cluster_1872
17864033,1872,refined_cluster_cluster_1872
15010182,968,refined_cluster_cluster_968
15010181,968,refined_cluster_cluster_968
15201,940,refined_cluster_cluster_940
15205,940,refined_cluster_cluster_940
15231A1,940,refined_cluster_cluster_940
15225,940,refined_cluster_cluster_940
15229,940,refined_cluster_cluster_940
15231,940,refined_cluster_cluster_940
15202,930,refined_cluster_cluster_930
15204,930,refined_cluster_cluster_930
15231A,930,refined_cluster_cluster_930
15224,930,refined_cluster_cluster_930
15226,930,refined_cluster_cluster_930
15228,930,refined_cluster_cluster_930
15000,948,refined_cluster_cluster_948
15001094,948,refined_cluster_cluster_948
15001090,948,refined_cluster_cluster_948
1500881,957,refined_cluster_cluster_957
1500883,957,refined_cluster_cluster_957
15002018,957,refined_cluster_cluster_957
150091,957,refined_cluster_cluster_957
1500880,957,refined_cluster_cluster_957
15001097,945,refined_cluster_cluster_945
150012,945,refined_cluster_cluster_945
15001093,935,refined_cluster_cluster_935
15002022,935,refined_cluster_cluster_935
10212CP,941,refined_cluster_cluster_941
15209,941,refined_cluster_cluster_941
15211,941,refined_cluster_cluster_941
15213,941,refined_cluster_cluster_941
15208,942,refined_cluster_cluster_942
15210,942,refined_cluster_cluster_942
15212898,942,refined_cluster_cluster_942
15212BG,942,refined_cluster_cluster_942
15212A,943,refined_cluster_cluster_943
15212,943,refined_cluster_cluster_943
15002019,923,refined_cluster_cluster_923
15002014,923,refined_cluster_cluster_923
15230,932,refined_cluster_cluster_932
152311,932,refined_cluster_cluster_932
152308,932,refined_cluster_cluster_932
15234,933,refined_cluster_cluster_933
15216,933,refined_cluster_cluster_933
15218,933,refined_cluster_cluster_933
15220999,933,refined_cluster_cluster_933
15220,933,refined_cluster_cluster_933
15220998,933,refined_cluster_cluster_933
15220B,933,refined_cluster_cluster_933
15234A,938,refined_cluster_cluster_938
15217,938,refined_cluster_cluster_938
15221,938,refined_cluster_cluster_938
15030007,964,refined_cluster_cluster_964
15004,964,refined_cluster_cluster_964
15008840,934,refined_cluster_cluster_934
15005A,934,refined_cluster_cluster_934
150104,934,refined_cluster_cluster_934
15008841,915,refined_cluster_cluster_915
15008841,915,refined_cluster_cluster_915
15030005,965,refined_cluster_cluster_965
15030004,965,refined_cluster_cluster_965
15008910,977,refined_cluster_cluster_977
15008988,977,refined_cluster_cluster_977
15008911,978,refined_cluster_cluster_978
15005,978,refined_cluster_cluster_978
15008987,978,refined_cluster_cluster_978
1500898,978,refined_cluster_cluster_978
15008B,962,refined_cluster_cluster_962
1502010,962,refined_cluster_cluster_962
150015,920,refined_cluster_cluster_920
150016,920,refined_cluster_cluster_920
1501820,892,refined_cluster_cluster_892
150063,892,refined_cluster_cluster_892
1500923,953,refined_cluster_cluster_953
15006084,953,refined_cluster_cluster_953
150056,975,refined_cluster_cluster_975
15030A,975,refined_cluster_cluster_975
15007,975,refined_cluster_cluster_975
1501822,975,refined_cluster_cluster_975
15006,969,refined_cluster_cluster_969
15006072,969,refined_cluster_cluster_969
15006077,969,refined_cluster_cluster_969
15006070,969,refined_cluster_cluster_969
150061,969,refined_cluster_cluster_969
15004032,969,refined_cluster_cluster_969
15006075,969,refined_cluster_cluster_969
15006080,970,refined_cluster_cluster_970
15006081,970,refined_cluster_cluster_970
15002022,939,refined_cluster_cluster_939
15030004,939,refined_cluster_cluster_939
1500812,939,refined_cluster_cluster_939
150104,939,refined_cluster_cluster_939
150115,939,refined_cluster_cluster_939
15004042,961,refined_cluster_cluster_961
15006070,961,refined_cluster_cluster_961
15004039,961,refined_cluster_cluster_961
150061,961,refined_cluster_cluster_961
15004032,961,refined_cluster_cluster_961
170881,2282,refined_cluster_cluster_2282
170882,2282,refined_cluster_cluster_2282
170883,2282,refined_cluster_cluster_2282
170880,582,refined_cluster_cluster_582
17081011,582,refined_cluster_cluster_582
17081581,2101,refined_cluster_cluster_2101
17081457,2101,refined_cluster_cluster_2101
340865,2101,refined_cluster_cluster_2101
170860,667,refined_cluster_cluster_667
170861,667,refined_cluster_cluster_667
1781903,282,refined_cluster_cluster_282
1781904,282,refined_cluster_cluster_282
9171316,282,refined_cluster_cluster_282
1517002,282,refined_cluster_cluster_282
1708910,551,refined_cluster_cluster_551
1708911,551,refined_cluster_cluster_551
310928,279,refined_cluster_cluster_279
343140,279,refined_cluster_cluster_279
73007921,2444,refined_cluster_cluster_2444
73081000,2444,refined_cluster_cluster_2444
73007991,2321,refined_cluster_cluster_2321
73080801,2321,refined_cluster_cluster_2321
73081998,2433,refined_cluster_cluster_2433
13788876,2433,refined_cluster_cluster_2433
730622,226,refined_cluster_cluster_226
730621,226,refined_cluster_cluster_226
73130,226,refined_cluster_cluster_226
73084177,2445,refined_cluster_cluster_2445
73084176,2445,refined_cluster_cluster_2445
73084010,1344,refined_cluster_cluster_1344
73131,1344,refined_cluster_cluster_1344
75054999,1344,refined_cluster_cluster_1344
73080746,1344,refined_cluster_cluster_1344
17873M,2027,refined_cluster_cluster_2027
178732,2027,refined_cluster_cluster_2027
1832400,1144,refined_cluster_cluster_1144
1832232,1144,refined_cluster_cluster_1144
1832232Z,1144,refined_cluster_cluster_1144
1832406,1323,refined_cluster_cluster_1323
1832406Z,1323,refined_cluster_cluster_1323
1832401,536,refined_cluster_cluster_536
1832405,536,refined_cluster_cluster_536
1832416,1322,refined_cluster_cluster_1322
1832416,1322,refined_cluster_cluster_1322
1832415Z,1322,refined_cluster_cluster_1322
1832407,1691,refined_cluster_cluster_1691
1832213,1691,refined_cluster_cluster_1691
1832219Z,1691,refined_cluster_cluster_1691
731219,2429,refined_cluster_cluster_2429
13724,2429,refined_cluster_cluster_2429
17224,2429,refined_cluster_cluster_2429
73087303,1829,refined_cluster_cluster_1829
73133022,1829,refined_cluster_cluster_1829
75054,1829,refined_cluster_cluster_1829
73124,1829,refined_cluster_cluster_1829
73128,1829,refined_cluster_cluster_1829
1700751,1486,refined_cluster_cluster_1486
17700954,1486,refined_cluster_cluster_1486
144037,1715,refined_cluster_cluster_1715
144033,1715,refined_cluster_cluster_1715
174177,228,refined_cluster_cluster_228
SP800,228,refined_cluster_cluster_228
170520,228,refined_cluster_cluster_228
38240700,1189,refined_cluster_cluster_1189
82385790,1189,refined_cluster_cluster_1189
20045,826,refined_cluster_cluster_826
94555080,826,refined_cluster_cluster_826
94505080,826,refined_cluster_cluster_826
94545080,826,refined_cluster_cluster_826
74775080,826,refined_cluster_cluster_826
21990,1190,refined_cluster_cluster_1190
22143,1190,refined_cluster_cluster_1190
21162,1190,refined_cluster_cluster_1190
22301,1190,refined_cluster_cluster_1190
22142,1190,refined_cluster_cluster_1190
21996,1190,refined_cluster_cluster_1190
22304,1190,refined_cluster_cluster_1190
22303,1190,refined_cluster_cluster_1190
22162,1190,refined_cluster_cluster_1190
22300,1190,refined_cluster_cluster_1190
22199,1190,refined_cluster_cluster_1190
20760,1184,refined_cluster_cluster_1184
20046,1184,refined_cluster_cluster_1184
4002699,701,refined_cluster_cluster_701
4002700,701,refined_cluster_cluster_701
40182,701,refined_cluster_cluster_701
40PK18,208,refined_cluster_cluster_208
40022C,208,refined_cluster_cluster_208
40606,208,refined_cluster_cluster_208
40024,208,refined_cluster_cluster_208
40584,214,refined_cluster_cluster_214
40516,214,refined_cluster_cluster_214
40518,214,refined_cluster_cluster_214
40514,214,refined_cluster_cluster_214
40582,247,refined_cluster_cluster_247
40PO18,247,refined_cluster_cluster_247
40239,213,refined_cluster_cluster_213
40234,213,refined_cluster_cluster_213
40255,112,refined_cluster_cluster_112
40258,112,refined_cluster_cluster_112
4018694,269,refined_cluster_cluster_269
4018691,269,refined_cluster_cluster_269
94191241,269,refined_cluster_cluster_269
408141,333,refined_cluster_cluster_333
408140,333,refined_cluster_cluster_333
405943,118,refined_cluster_cluster_118
405949,118,refined_cluster_cluster_118
40579,184,refined_cluster_cluster_184
40PO15,184,refined_cluster_cluster_184
4069615,74,refined_cluster_cluster_74
4069614,74,refined_cluster_cluster_74
40445346,561,refined_cluster_cluster_561
40445344,561,refined_cluster_cluster_561
40443000,987,refined_cluster_cluster_987
40443004,987,refined_cluster_cluster_987
40442398,661,refined_cluster_cluster_661
40442410,661,refined_cluster_cluster_661
40442391,661,refined_cluster_cluster_661
40171031,839,refined_cluster_cluster_839
40171011,839,refined_cluster_cluster_839
124002,1177,refined_cluster_cluster_1177
120001,1177,refined_cluster_cluster_1177
120810,2819,refined_cluster_cluster_2819
128005,2819,refined_cluster_cluster_2819
128505,2819,refined_cluster_cluster_2819
128011,3204,refined_cluster_cluster_3204
120804,3204,refined_cluster_cluster_3204
128007,3204,refined_cluster_cluster_3204
128018,3204,refined_cluster_cluster_3204
128507,3204,refined_cluster_cluster_3204
120805,3204,refined_cluster_cluster_3204
123060,3105,refined_cluster_cluster_3105
123070,3105,refined_cluster_cluster_3105
123080,3105,refined_cluster_cluster_3105
13173745,270,refined_cluster_cluster_270
13083744,270,refined_cluster_cluster_270
13081395,270,refined_cluster_cluster_270
13171120,909,refined_cluster_cluster_909
13173680,909,refined_cluster_cluster_909
13089982,2002,refined_cluster_cluster_2002
13081012,2002,refined_cluster_cluster_2002
13081054,2005,refined_cluster_cluster_2005
13901054,2005,refined_cluster_cluster_2005
13081204,1996,refined_cluster_cluster_1996
13081201,1996,refined_cluster_cluster_1996
13081205,1996,refined_cluster_cluster_1996
13084564,1996,refined_cluster_cluster_1996
13081004,1995,refined_cluster_cluster_1995
13081003,1995,refined_cluster_cluster_1995
13084496,1966,refined_cluster_cluster_1966
13094497,1966,refined_cluster_cluster_1966
13094495,1966,refined_cluster_cluster_1966
13094494,1966,refined_cluster_cluster_1966
13083556,1998,refined_cluster_cluster_1998
13083554,1998,refined_cluster_cluster_1998
13083556,1998,refined_cluster_cluster_1998
13043556,1998,refined_cluster_cluster_1998
13083551,1998,refined_cluster_cluster_1998
13083555,1998,refined_cluster_cluster_1998
13081014,2015,refined_cluster_cluster_2015
13081016,2015,refined_cluster_cluster_2015
13083575,2015,refined_cluster_cluster_2015
13081162,1994,refined_cluster_cluster_1994
13081164,1994,refined_cluster_cluster_1994
13081160,1994,refined_cluster_cluster_1994
13081320,1969,refined_cluster_cluster_1969
13081130,1969,refined_cluster_cluster_1969
13081024,1997,refined_cluster_cluster_1997
13081026,1997,refined_cluster_cluster_1997
13081025,1997,refined_cluster_cluster_1997
13083354,1971,refined_cluster_cluster_1971
13083356,1971,refined_cluster_cluster_1971
13081034,986,refined_cluster_cluster_986
13083345,986,refined_cluster_cluster_986
13083344,986,refined_cluster_cluster_986
13281015,1985,refined_cluster_cluster_1985
13381015,1985,refined_cluster_cluster_1985
13181014,1985,refined_cluster_cluster_1985
13181055,1993,refined_cluster_cluster_1993
13181054,1993,refined_cluster_cluster_1993
13181056,1993,refined_cluster_cluster_1993
13181055,1993,refined_cluster_cluster_1993
13181376,1993,refined_cluster_cluster_1993
13181375,1993,refined_cluster_cluster_1993
13181204,1978,refined_cluster_cluster_1978
13181201,1978,refined_cluster_cluster_1978
13186010,1559,refined_cluster_cluster_1559
16056010,1559,refined_cluster_cluster_1559
13183554,1992,refined_cluster_cluster_1992
13143556,1992,refined_cluster_cluster_1992
13183556,1992,refined_cluster_cluster_1992
13183334,1992,refined_cluster_cluster_1992
13181320,1560,refined_cluster_cluster_1560
13181120,1560,refined_cluster_cluster_1560
13181490,1560,refined_cluster_cluster_1560
13181130,1560,refined_cluster_cluster_1560
13109984,1980,refined_cluster_cluster_1980
13103694,1980,refined_cluster_cluster_1980
13101002,1980,refined_cluster_cluster_1980
13101004,1980,refined_cluster_cluster_1980
13103574,1980,refined_cluster_cluster_1980
13101160,1980,refined_cluster_cluster_1980
13101024,1980,refined_cluster_cluster_1980
13101874,1980,refined_cluster_cluster_1980
13103334,1980,refined_cluster_cluster_1980
13101214,1979,refined_cluster_cluster_1979
13101216,1979,refined_cluster_cluster_1979
13101211,1979,refined_cluster_cluster_1979
190823,2291,refined_cluster_cluster_2291
190818,2291,refined_cluster_cluster_2291
78499989,1600,refined_cluster_cluster_1600
78343650,1600,refined_cluster_cluster_1600
590001,1600,refined_cluster_cluster_1600
501601,234,refined_cluster_cluster_234
50160,234,refined_cluster_cluster_234
50136,235,refined_cluster_cluster_235
31261,235,refined_cluster_cluster_235
22080220,255,refined_cluster_cluster_255
941204,255,refined_cluster_cluster_255
22080178,255,refined_cluster_cluster_255
22080195,255,refined_cluster_cluster_255
620036,1070,refined_cluster_cluster_1070
750060,1070,refined_cluster_cluster_1070
750003,1080,refined_cluster_cluster_1080
750010,1080,refined_cluster_cluster_1080
38447700,1080,refined_cluster_cluster_1080
4488,1080,refined_cluster_cluster_1080
742212,1080,refined_cluster_cluster_1080
620110,1080,refined_cluster_cluster_1080
750004,618,refined_cluster_cluster_618
750008,618,refined_cluster_cluster_618
750056,351,refined_cluster_cluster_351
750156,351,refined_cluster_cluster_351
620011,1006,refined_cluster_cluster_1006
620012,1006,refined_cluster_cluster_1006
620156,1006,refined_cluster_cluster_1006
620130,1006,refined_cluster_cluster_1006
38782500,1006,refined_cluster_cluster_1006
620013,1006,refined_cluster_cluster_1006
750007,555,refined_cluster_cluster_555
750009,555,refined_cluster_cluster_555
391194,1882,refined_cluster_cluster_1882
620025,1882,refined_cluster_cluster_1882
717272,1882,refined_cluster_cluster_1882
70690,657,refined_cluster_cluster_657
2106100,657,refined_cluster_cluster_657
71690,657,refined_cluster_cluster_657
901400,703,refined_cluster_cluster_703
80103115,703,refined_cluster_cluster_703
95200,298,refined_cluster_cluster_298
906175,298,refined_cluster_cluster_298
906184,298,refined_cluster_cluster_298
21060CL,140,refined_cluster_cluster_140
21061CL,140,refined_cluster_cluster_140
78031789,237,refined_cluster_cluster_237
78061789,237,refined_cluster_cluster_237
86000,347,refined_cluster_cluster_347
91259900,347,refined_cluster_cluster_347
900024,64,refined_cluster_cluster_64
900044,64,refined_cluster_cluster_64
190099,77,refined_cluster_cluster_77
920268,77,refined_cluster_cluster_77
13021004,1260,refined_cluster_cluster_1260
13021014,1260,refined_cluster_cluster_1260
13021024,1260,refined_cluster_cluster_1260
13031024,1260,refined_cluster_cluster_1260
13021164,1260,refined_cluster_cluster_1260
13021002,1260,refined_cluster_cluster_1260
13021162,1260,refined_cluster_cluster_1260
13021012,1260,refined_cluster_cluster_1260
13021022,1260,refined_cluster_cluster_1260
13021001,1260,refined_cluster_cluster_1260
13011000,1260,refined_cluster_cluster_1260
13011056,1261,refined_cluster_cluster_1261
13021055,1261,refined_cluster_cluster_1261
83820,89,refined_cluster_cluster_89
83640,89,refined_cluster_cluster_89
78054369,361,refined_cluster_cluster_361
71074369,361,refined_cluster_cluster_361
524369,361,refined_cluster_cluster_361
95152,850,refined_cluster_cluster_850
95150,850,refined_cluster_cluster_850
910410,338,refined_cluster_cluster_338
89001,338,refined_cluster_cluster_338
89003,338,refined_cluster_cluster_338
71011251,2462,refined_cluster_cluster_2462
71011699,2462,refined_cluster_cluster_2462
80601030,2462,refined_cluster_cluster_2462
80601090,2462,refined_cluster_cluster_2462
71085829,2449,refined_cluster_cluster_2449
78895829,2449,refined_cluster_cluster_2449
78795829,2449,refined_cluster_cluster_2449
71021529,2514,refined_cluster_cluster_2514
71019980,2514,refined_cluster_cluster_2514
71079989,2514,refined_cluster_cluster_2514
71059989,2514,refined_cluster_cluster_2514
71062389,2514,refined_cluster_cluster_2514
71039989,2500,refined_cluster_cluster_2500
71049989,2500,refined_cluster_cluster_2500
21059029,2500,refined_cluster_cluster_2500
71014759,2501,refined_cluster_cluster_2501
71074759,2501,refined_cluster_cluster_2501
71054759,2501,refined_cluster_cluster_2501
71064759,2501,refined_cluster_cluster_2501
207900035,2487,refined_cluster_cluster_2487
207900030,2487,refined_cluster_cluster_2487
207900037,2515,refined_cluster_cluster_2515
207900032,2515,refined_cluster_cluster_2515
207900036,2515,refined_cluster_cluster_2515
207900038,2515,refined_cluster_cluster_2515
207900034,1388,refined_cluster_cluster_1388
527214,1388,refined_cluster_cluster_1388
527213,1388,refined_cluster_cluster_1388
207900031,2470,refined_cluster_cluster_2470
520193,2470,refined_cluster_cluster_2470
520195,2470,refined_cluster_cluster_2470
50131910,603,refined_cluster_cluster_603
50131911,603,refined_cluster_cluster_603
50131912,603,refined_cluster_cluster_603
COL,0,refined_cluster_cluster_0
99,0,refined_cluster_cluster_0
101278,73,refined_cluster_cluster_73
101274,73,refined_cluster_cluster_73
1012579,455,refined_cluster_cluster_455
1012574,455,refined_cluster_cluster_455
1012575,454,refined_cluster_cluster_454
1012576,454,refined_cluster_cluster_454
101271,451,refined_cluster_cluster_451
995271,451,refined_cluster_cluster_451
99540,465,refined_cluster_cluster_465
99526,465,refined_cluster_cluster_465
1012596,477,refined_cluster_cluster_477
101258B,477,refined_cluster_cluster_477
101258M,477,refined_cluster_cluster_477
101259B,477,refined_cluster_cluster_477
101258A,478,refined_cluster_cluster_478
101258,478,refined_cluster_cluster_478
1012583,438,refined_cluster_cluster_438
1012585,438,refined_cluster_cluster_438
1012595,438,refined_cluster_cluster_438
1012572,438,refined_cluster_cluster_438
1012591,438,refined_cluster_cluster_438
1012582,438,refined_cluster_cluster_438
1012580,438,refined_cluster_cluster_438
99244,62,refined_cluster_cluster_62
99245,62,refined_cluster_cluster_62
82560,67,refined_cluster_cluster_67
82550,67,refined_cluster_cluster_67
84440,67,refined_cluster_cluster_67
84508,189,refined_cluster_cluster_189
99538,189,refined_cluster_cluster_189
36,189,refined_cluster_cluster_189
80273,752,refined_cluster_cluster_752
80272,752,refined_cluster_cluster_752
85270,752,refined_cluster_cluster_752
96294740,541,refined_cluster_cluster_541
96314740,541,refined_cluster_cluster_541
20702,727,refined_cluster_cluster_727
20703,727,refined_cluster_cluster_727
97245740,1335,refined_cluster_cluster_1335
97335740,1335,refined_cluster_cluster_1335
97165740,1335,refined_cluster_cluster_1335
97215740,1335,refined_cluster_cluster_1335
82660,426,refined_cluster_cluster_426
82600,426,refined_cluster_cluster_426
80270,137,refined_cluster_cluster_137
80269,137,refined_cluster_cluster_137
82601,427,refined_cluster_cluster_427
83390,427,refined_cluster_cluster_427
12022670,2768,refined_cluster_cluster_2768
12052670,2768,refined_cluster_cluster_2768
190024,1047,refined_cluster_cluster_1047
620006,1047,refined_cluster_cluster_1047
620323,1047,refined_cluster_cluster_1047
620020,1047,refined_cluster_cluster_1047
170009,1047,refined_cluster_cluster_1047
91169000,402,refined_cluster_cluster_402
9116899,402,refined_cluster_cluster_402
22059465,1678,refined_cluster_cluster_1678
220605,1678,refined_cluster_cluster_1678
220606,1678,refined_cluster_cluster_1678
220633,1678,refined_cluster_cluster_1678
2202916,1678,refined_cluster_cluster_1678
1832712,1678,refined_cluster_cluster_1678
220602,1678,refined_cluster_cluster_1678
2206910,1678,refined_cluster_cluster_1678
1832710Z,1678,refined_cluster_cluster_1678
1832712Z,1678,refined_cluster_cluster_1678
220612,1678,refined_cluster_cluster_1678
1832642,1249,refined_cluster_cluster_1249
1832642Z,1249,refined_cluster_cluster_1249
22059001,1683,refined_cluster_cluster_1683
22059005,1683,refined_cluster_cluster_1683
22062O,1683,refined_cluster_cluster_1683
22059001,1683,refined_cluster_cluster_1683
22060810,1673,refined_cluster_cluster_1673
22060811,1673,refined_cluster_cluster_1673
22063678,1673,refined_cluster_cluster_1673
22062676,1673,refined_cluster_cluster_1673
1832711,1684,refined_cluster_cluster_1684
1832717,1684,refined_cluster_cluster_1684
22059006,1684,refined_cluster_cluster_1684
1832711,1684,refined_cluster_cluster_1684
1832717Z,1684,refined_cluster_cluster_1684
22065C,1685,refined_cluster_cluster_1685
220651,1685,refined_cluster_cluster_1685
29094245,2329,refined_cluster_cluster_2329
19094A,2329,refined_cluster_cluster_2329
19061P,2329,refined_cluster_cluster_2329
99999948,2329,refined_cluster_cluster_2329
52211010,2329,refined_cluster_cluster_2329
10010,2329,refined_cluster_cluster_2329
99999949,2329,refined_cluster_cluster_2329
363241,2329,refined_cluster_cluster_2329
363242,2329,refined_cluster_cluster_2329
52019984,2329,refined_cluster_cluster_2329
52012960,2329,refined_cluster_cluster_2329
363200,2329,refined_cluster_cluster_2329
363201,2329,refined_cluster_cluster_2329
29097565,2329,refined_cluster_cluster_2329
29094249,2329,refined_cluster_cluster_2329
86670,1956,refined_cluster_cluster_1956
86680,1956,refined_cluster_cluster_1956
97469740,1408,refined_cluster_cluster_1408
97445740,1408,refined_cluster_cluster_1408
71205,243,refined_cluster_cluster_243
580002,243,refined_cluster_cluster_243
550360,243,refined_cluster_cluster_243
210539,1151,refined_cluster_cluster_1151
210548,1151,refined_cluster_cluster_1151
210546,1151,refined_cluster_cluster_1151
210538,1151,refined_cluster_cluster_1151
210512,1151,refined_cluster_cluster_1151
21050230,1155,refined_cluster_cluster_1155
210547,1155,refined_cluster_cluster_1155
21053S,1155,refined_cluster_cluster_1155
21059,1091,refined_cluster_cluster_1091
21052,1091,refined_cluster_cluster_1091
550825,1164,refined_cluster_cluster_1164
553563,1164,refined_cluster_cluster_1164
78089989,1954,refined_cluster_cluster_1954
78085219,1954,refined_cluster_cluster_1954
85000,484,refined_cluster_cluster_484
85003,484,refined_cluster_cluster_484
900290,713,refined_cluster_cluster_713
900921,713,refined_cluster_cluster_713
628826,1507,refined_cluster_cluster_1507
625567,1507,refined_cluster_cluster_1507
240013,1834,refined_cluster_cluster_1834
240109,1834,refined_cluster_cluster_1834
240003,1834,refined_cluster_cluster_1834
240103,1834,refined_cluster_cluster_1834
21115,1834,refined_cluster_cluster_1834
85176,812,refined_cluster_cluster_812
85175,812,refined_cluster_cluster_812
24350,170,refined_cluster_cluster_170
24050,170,refined_cluster_cluster_170
78091789,586,refined_cluster_cluster_586
78094369,586,refined_cluster_cluster_586
90270135,315,refined_cluster_cluster_315
90270136,315,refined_cluster_cluster_315
97436030,636,refined_cluster_cluster_636
97446030,636,refined_cluster_cluster_636
96705880,1768,refined_cluster_cluster_1768
96695880,1768,refined_cluster_cluster_1768
50134,376,refined_cluster_cluster_376
31860,376,refined_cluster_cluster_376
31400,376,refined_cluster_cluster_376
31350,376,refined_cluster_cluster_376
144003,2609,refined_cluster_cluster_2609
144087,2609,refined_cluster_cluster_2609
144061,2609,refined_cluster_cluster_2609
144081,2609,refined_cluster_cluster_2609
22080176,193,refined_cluster_cluster_193
22080174,193,refined_cluster_cluster_193
85600,286,refined_cluster_cluster_286
35601,286,refined_cluster_cluster_286
96025P,464,refined_cluster_cluster_464
96027,464,refined_cluster_cluster_464
960271,467,refined_cluster_cluster_467
960321,467,refined_cluster_cluster_467
960326,467,refined_cluster_cluster_467
96038,468,refined_cluster_cluster_468
96036,468,refined_cluster_cluster_468
96027C32,473,refined_cluster_cluster_473
96034,473,refined_cluster_cluster_473
960248,474,refined_cluster_cluster_474
96024C,474,refined_cluster_cluster_474
96025C,474,refined_cluster_cluster_474
96024F,466,refined_cluster_cluster_466
960245,466,refined_cluster_cluster_466
96021223,470,refined_cluster_cluster_470
96021222,470,refined_cluster_cluster_470
96033044,470,refined_cluster_cluster_470
960246,469,refined_cluster_cluster_469
9602748,469,refined_cluster_cluster_469
900007,1113,refined_cluster_cluster_1113
720004,1113,refined_cluster_cluster_1113
908448,1226,refined_cluster_cluster_1226
900100,1226,refined_cluster_cluster_1226
900200,1226,refined_cluster_cluster_1226
39000355,2304,refined_cluster_cluster_2304
13025012,2304,refined_cluster_cluster_2304
13025015,2304,refined_cluster_cluster_2304
13025014,2304,refined_cluster_cluster_2304
13025,2304,refined_cluster_cluster_2304
47061980,1342,refined_cluster_cluster_1342
20001,1342,refined_cluster_cluster_1342
85251,36,refined_cluster_cluster_36
995331,36,refined_cluster_cluster_36
96018,526,refined_cluster_cluster_526
96020,526,refined_cluster_cluster_526
96019,526,refined_cluster_cluster_526
96015,335,refined_cluster_cluster_335
96007,335,refined_cluster_cluster_335
96021,525,refined_cluster_cluster_525
96023,525,refined_cluster_cluster_525
740205,2038,refined_cluster_cluster_2038
741123,2038,refined_cluster_cluster_2038
740226,2038,refined_cluster_cluster_2038
84005,404,refined_cluster_cluster_404
30337015,404,refined_cluster_cluster_404
30337,404,refined_cluster_cluster_404
30348,404,refined_cluster_cluster_404
720210,2722,refined_cluster_cluster_2722
620001,2722,refined_cluster_cluster_2722
620002,2722,refined_cluster_cluster_2722
720003,1697,refined_cluster_cluster_1697
207900009,1697,refined_cluster_cluster_1697
21210,23,refined_cluster_cluster_23
21211,23,refined_cluster_cluster_23
999999999,21,refined_cluster_cluster_21
9999999,21,refined_cluster_cluster_21
96031,275,refined_cluster_cluster_275
99915016,275,refined_cluster_cluster_275
99915014,275,refined_cluster_cluster_275
900006,63,refined_cluster_cluster_63
900017,63,refined_cluster_cluster_63
99916,206,refined_cluster_cluster_206
99922,206,refined_cluster_cluster_206
99915013,206,refined_cluster_cluster_206
49002120,2764,refined_cluster_cluster_2764
SP219,2764,refined_cluster_cluster_2764
190055,593,refined_cluster_cluster_593
190065,593,refined_cluster_cluster_593
207900003,593,refined_cluster_cluster_593
207900004,593,refined_cluster_cluster_593
94685080,2165,refined_cluster_cluster_2165
94605080,2165,refined_cluster_cluster_2165
94695080,2165,refined_cluster_cluster_2165
94615080,2165,refined_cluster_cluster_2165
ZZ31514,482,refined_cluster_cluster_482
ZZ31516,482,refined_cluster_cluster_482
952530TP,340,refined_cluster_cluster_340
952530,340,refined_cluster_cluster_340
ZZ50152,825,refined_cluster_cluster_825
50152,825,refined_cluster_cluster_825
ZZ90274,363,refined_cluster_cluster_363
ZZ95035A,363,refined_cluster_cluster_363
95035A,363,refined_cluster_cluster_363
95035025,363,refined_cluster_cluster_363
93289,33,refined_cluster_cluster_33
93289,33,refined_cluster_cluster_33
93292D,33,refined_cluster_cluster_33
420160,1738,refined_cluster_cluster_1738
420162,1738,refined_cluster_cluster_1738
420163,1738,refined_cluster_cluster_1738
421012,1245,refined_cluster_cluster_1245
20069980,1245,refined_cluster_cluster_1245
20089980,1245,refined_cluster_cluster_1245
420161,1737,refined_cluster_cluster_1737
59890120,1737,refined_cluster_cluster_1737
59891012,1737,refined_cluster_cluster_1737
59891014,1737,refined_cluster_cluster_1737
59891010,1737,refined_cluster_cluster_1737
59891011,1737,refined_cluster_cluster_1737
420947,1737,refined_cluster_cluster_1737
85450,563,refined_cluster_cluster_563
85310,563,refined_cluster_cluster_563
84490,343,refined_cluster_cluster_343
84420,343,refined_cluster_cluster_343
84500,343,refined_cluster_cluster_343
83212,836,refined_cluster_cluster_836
83123,836,refined_cluster_cluster_836
83213,834,refined_cluster_cluster_834
83219,834,refined_cluster_cluster_834
82420,359,refined_cluster_cluster_359
83620,359,refined_cluster_cluster_359
9114847,339,refined_cluster_cluster_339
91148474,339,refined_cluster_cluster_339
57001640,2859,refined_cluster_cluster_2859
57001280,2859,refined_cluster_cluster_2859
57003390,2859,refined_cluster_cluster_2859
57001220,2859,refined_cluster_cluster_2859
57001340,2856,refined_cluster_cluster_2856
57101340,2856,refined_cluster_cluster_2856
57019980,2858,refined_cluster_cluster_2858
57014930,2858,refined_cluster_cluster_2858
57015540,2858,refined_cluster_cluster_2858
57011220,2858,refined_cluster_cluster_2858
57009980,2371,refined_cluster_cluster_2371
57021010,2371,refined_cluster_cluster_2371
320818,2371,refined_cluster_cluster_2371
67009980,3003,refined_cluster_cluster_3003
321000,3003,refined_cluster_cluster_3003
11400,3003,refined_cluster_cluster_3003
96042,215,refined_cluster_cluster_215
96043,215,refined_cluster_cluster_215
42100350,679,refined_cluster_cluster_679
42100560,679,refined_cluster_cluster_679
42100410,678,refined_cluster_cluster_678
42100400,678,refined_cluster_cluster_678
392208,1294,refined_cluster_cluster_1294
362310,1294,refined_cluster_cluster_1294
392120,1294,refined_cluster_cluster_1294
42224200,1572,refined_cluster_cluster_1572
42520000,1572,refined_cluster_cluster_1572
42100056,1571,refined_cluster_cluster_1571
11020,1571,refined_cluster_cluster_1571
10580,813,refined_cluster_cluster_813
10548M,813,refined_cluster_cluster_813
1957045,813,refined_cluster_cluster_813
1058630,814,refined_cluster_cluster_814
1058616,814,refined_cluster_cluster_814
1058620,814,refined_cluster_cluster_814
11140,1205,refined_cluster_cluster_1205
42250211,1205,refined_cluster_cluster_1205
11120,1205,refined_cluster_cluster_1205
310089,1205,refined_cluster_cluster_1205
42250212,744,refined_cluster_cluster_744
42555660,744,refined_cluster_cluster_744
392710,744,refined_cluster_cluster_744
362006,1197,refined_cluster_cluster_1197
362004,1197,refined_cluster_cluster_1197
362008,1197,refined_cluster_cluster_1197
362001,1197,refined_cluster_cluster_1197
390112,654,refined_cluster_cluster_654
999996,654,refined_cluster_cluster_654
362010,1295,refined_cluster_cluster_1295
332082,1295,refined_cluster_cluster_1295
19575,651,refined_cluster_cluster_651
42402020,651,refined_cluster_cluster_651
11252,651,refined_cluster_cluster_651
382350,651,refined_cluster_cluster_651
382351,651,refined_cluster_cluster_651
42225000,300,refined_cluster_cluster_300
390006,300,refined_cluster_cluster_300
19702B,300,refined_cluster_cluster_300
392016,300,refined_cluster_cluster_300
11250,299,refined_cluster_cluster_299
11180,299,refined_cluster_cluster_299
11000,675,refined_cluster_cluster_675
11004,675,refined_cluster_cluster_675
11002,675,refined_cluster_cluster_675
11001,675,refined_cluster_cluster_675
11251,1586,refined_cluster_cluster_1586
11190,1586,refined_cluster_cluster_1586
19520014,1296,refined_cluster_cluster_1296
19560111,1296,refined_cluster_cluster_1296
19558,1296,refined_cluster_cluster_1296
332080,1296,refined_cluster_cluster_1296
19583010,1296,refined_cluster_cluster_1296
1956530,671,refined_cluster_cluster_671
1956534,671,refined_cluster_cluster_671
42280711,1297,refined_cluster_cluster_1297
1955892,1297,refined_cluster_cluster_1297
332081,1012,refined_cluster_cluster_1012
42224000,1012,refined_cluster_cluster_1012
42250000,1301,refined_cluster_cluster_1301
389354,1301,refined_cluster_cluster_1301
11031,1199,refined_cluster_cluster_1199
332001,1199,refined_cluster_cluster_1199
93019980,1199,refined_cluster_cluster_1199
42779500,2283,refined_cluster_cluster_2283
11253,2283,refined_cluster_cluster_2283
1956385,2284,refined_cluster_cluster_2284
195621,2284,refined_cluster_cluster_2284
382651,2284,refined_cluster_cluster_2284
42351851,516,refined_cluster_cluster_516
42351061,516,refined_cluster_cluster_516
85350,295,refined_cluster_cluster_295
85340,295,refined_cluster_cluster_295
84890,390,refined_cluster_cluster_390
84900,390,refined_cluster_cluster_390
83380,390,refined_cluster_cluster_390
84880,390,refined_cluster_cluster_390
19530006,817,refined_cluster_cluster_817
19530008,817,refined_cluster_cluster_817
19514464,816,refined_cluster_cluster_816
19521024,816,refined_cluster_cluster_816
19590011,1291,refined_cluster_cluster_1291
19590010,1291,refined_cluster_cluster_1291
19590012,1291,refined_cluster_cluster_1291
20395,1552,refined_cluster_cluster_1552
20396,1552,refined_cluster_cluster_1552
85017,599,refined_cluster_cluster_599
85018,599,refined_cluster_cluster_599
85016,599,refined_cluster_cluster_599
85019,599,refined_cluster_cluster_599
40121010,2757,refined_cluster_cluster_2757
20240,2757,refined_cluster_cluster_2757
40121060,2724,refined_cluster_cluster_2724
40329980,2724,refined_cluster_cluster_2724
280023,2724,refined_cluster_cluster_2724
621213,2078,refined_cluster_cluster_2078
620089,2078,refined_cluster_cluster_2078
610004,2078,refined_cluster_cluster_2078
31640,115,refined_cluster_cluster_115
92110000,115,refined_cluster_cluster_115
24910,79,refined_cluster_cluster_79
90500,79,refined_cluster_cluster_79
24070,133,refined_cluster_cluster_133
25120,133,refined_cluster_cluster_133
24130,133,refined_cluster_cluster_133
24160,475,refined_cluster_cluster_475
24150,475,refined_cluster_cluster_475
24230,475,refined_cluster_cluster_475
24241,475,refined_cluster_cluster_475
10900,480,refined_cluster_cluster_480
10901,480,refined_cluster_cluster_480
10901,480,refined_cluster_cluster_480
31532,479,refined_cluster_cluster_479
31532P,479,refined_cluster_cluster_479
31514,489,refined_cluster_cluster_489
31539A,489,refined_cluster_cluster_489
3151476,489,refined_cluster_cluster_489
31534,488,refined_cluster_cluster_488
31517,488,refined_cluster_cluster_488
31516,488,refined_cluster_cluster_488
92280301,481,refined_cluster_cluster_481
92280300,481,refined_cluster_cluster_481
83520,117,refined_cluster_cluster_117
95252611,117,refined_cluster_cluster_117
83510,117,refined_cluster_cluster_117
451031,1230,refined_cluster_cluster_1230
451034,1230,refined_cluster_cluster_1230
84201,532,refined_cluster_cluster_532
84200,532,refined_cluster_cluster_532
84245,532,refined_cluster_cluster_532
84202,532,refined_cluster_cluster_532
84206,532,refined_cluster_cluster_532
906101,532,refined_cluster_cluster_532
84551,567,refined_cluster_cluster_567
84571,567,refined_cluster_cluster_567
920285,125,refined_cluster_cluster_125
920265,125,refined_cluster_cluster_125
920270,125,refined_cluster_cluster_125
94725080,937,refined_cluster_cluster_937
94565080,937,refined_cluster_cluster_937
94515080,818,refined_cluster_cluster_818
94535080,818,refined_cluster_cluster_818
94525080,818,refined_cluster_cluster_818
94675080,497,refined_cluster_cluster_497
74785080,497,refined_cluster_cluster_497
94755080,497,refined_cluster_cluster_497
94715080,496,refined_cluster_cluster_496
94665080,496,refined_cluster_cluster_496
94585080,926,refined_cluster_cluster_926
94765080,926,refined_cluster_cluster_926
94735080,936,refined_cluster_cluster_936
94575080,936,refined_cluster_cluster_936
44009980,395,refined_cluster_cluster_395
44069990,395,refined_cluster_cluster_395
44064160,395,refined_cluster_cluster_395
44062080,394,refined_cluster_cluster_394
44072080,394,refined_cluster_cluster_394
44062010,396,refined_cluster_cluster_396
44072010,396,refined_cluster_cluster_396
17069984,2401,refined_cluster_cluster_2401
17061014,2401,refined_cluster_cluster_2401
17061004,2402,refined_cluster_cluster_2402
17071004,2402,refined_cluster_cluster_2402
17061011,2397,refined_cluster_cluster_2397
161001,2397,refined_cluster_cluster_2397
17063810,2391,refined_cluster_cluster_2391
17061590,2391,refined_cluster_cluster_2391
17061120,2391,refined_cluster_cluster_2391
17061490,2391,refined_cluster_cluster_2391
17061876,2408,refined_cluster_cluster_2408
17051876,2408,refined_cluster_cluster_2408
31942,200,refined_cluster_cluster_200
31941,200,refined_cluster_cluster_200
31951,200,refined_cluster_cluster_200
31961,200,refined_cluster_cluster_200
97345840,1949,refined_cluster_cluster_1949
97365840,1949,refined_cluster_cluster_1949
97355840,1949,refined_cluster_cluster_1949
11261310,517,refined_cluster_cluster_517
11264544,517,refined_cluster_cluster_517
11263694,635,refined_cluster_cluster_635
11193694,635,refined_cluster_cluster_635
11261204,1702,refined_cluster_cluster_1702
11263334,1702,refined_cluster_cluster_1702
11261201,1142,refined_cluster_cluster_1142
11263331,1142,refined_cluster_cluster_1142
11265764,1705,refined_cluster_cluster_1705
11263563,1705,refined_cluster_cluster_1705
11261002,982,refined_cluster_cluster_982
11261012,982,refined_cluster_cluster_982
11261022,982,refined_cluster_cluster_982
11261142,982,refined_cluster_cluster_982
11261004,1062,refined_cluster_cluster_1062
11271004,1062,refined_cluster_cluster_1062
11261003,1064,refined_cluster_cluster_1064
11261013,1064,refined_cluster_cluster_1064
11261014,1065,refined_cluster_cluster_1065
11263576,1065,refined_cluster_cluster_1065
11261164,1706,refined_cluster_cluster_1706
11261024,1706,refined_cluster_cluster_1706
530230,2069,refined_cluster_cluster_2069
80363900,2069,refined_cluster_cluster_2069
80363910,2069,refined_cluster_cluster_2069
96505870,695,refined_cluster_cluster_695
96495870,695,refined_cluster_cluster_695
96465870,694,refined_cluster_cluster_694
96485870,694,refined_cluster_cluster_694
96515870,694,refined_cluster_cluster_694
99200,32,refined_cluster_cluster_32
99201,32,refined_cluster_cluster_32
621619,1237,refined_cluster_cluster_1237
620543,1237,refined_cluster_cluster_1237
622275,2999,refined_cluster_cluster_2999
629260,2999,refined_cluster_cluster_2999
620094,2999,refined_cluster_cluster_2999
620118,2999,refined_cluster_cluster_2999
310812,676,refined_cluster_cluster_676
310819,676,refined_cluster_cluster_676
310503,676,refined_cluster_cluster_676
310117,676,refined_cluster_cluster_676
340815,677,refined_cluster_cluster_677
340457,677,refined_cluster_cluster_677
340583,677,refined_cluster_cluster_677
320817,93,refined_cluster_cluster_93
320408,93,refined_cluster_cluster_93
350540,248,refined_cluster_cluster_248
350814,248,refined_cluster_cluster_248
360019,249,refined_cluster_cluster_249
370316,249,refined_cluster_cluster_249
370818,249,refined_cluster_cluster_249
310813,674,refined_cluster_cluster_674
310073,674,refined_cluster_cluster_674
612412,152,refined_cluster_cluster_152
623137,152,refined_cluster_cluster_152
48059990,1906,refined_cluster_cluster_1906
480599909,1906,refined_cluster_cluster_1906
40149980,1906,refined_cluster_cluster_1906
920240,4,refined_cluster_cluster_4
920242,4,refined_cluster_cluster_4
10111000,1444,refined_cluster_cluster_1444
10115470,1444,refined_cluster_cluster_1444
10113690,1231,refined_cluster_cluster_1231
10313690,1231,refined_cluster_cluster_1231
10321320,1156,refined_cluster_cluster_1156
10323840,1156,refined_cluster_cluster_1156
10121130,1156,refined_cluster_cluster_1156
10121320,1156,refined_cluster_cluster_1156
10121120,1156,refined_cluster_cluster_1156
40081530,312,refined_cluster_cluster_312
40071530,312,refined_cluster_cluster_312
40072160,313,refined_cluster_cluster_313
40079990,313,refined_cluster_cluster_313
40071060,2698,refined_cluster_cluster_2698
13208,2698,refined_cluster_cluster_2698
40071190,2698,refined_cluster_cluster_2698
132085,2698,refined_cluster_cluster_2698
40071010,2756,refined_cluster_cluster_2756
40079990,2756,refined_cluster_cluster_2756
13208884,2756,refined_cluster_cluster_2756
13208886,2756,refined_cluster_cluster_2756
82031440,2735,refined_cluster_cluster_2735
39000081,2735,refined_cluster_cluster_2735
50041180,1232,refined_cluster_cluster_1232
50043390,1232,refined_cluster_cluster_1232
50041040,1232,refined_cluster_cluster_1232
50141040,1232,refined_cluster_cluster_1232
50043920,1232,refined_cluster_cluster_1232
50045450,1232,refined_cluster_cluster_1232
50041290,1232,refined_cluster_cluster_1232
190083,141,refined_cluster_cluster_141
190083,141,refined_cluster_cluster_141
144089,2238,refined_cluster_cluster_2238
144080,2238,refined_cluster_cluster_2238
144189,2669,refined_cluster_cluster_2669
144129,2669,refined_cluster_cluster_2669
144149,2669,refined_cluster_cluster_2669
144159,2669,refined_cluster_cluster_2669
144169,2669,refined_cluster_cluster_2669
144249,2669,refined_cluster_cluster_2669
144000,1281,refined_cluster_cluster_1281
141009,1281,refined_cluster_cluster_1281
144112,3049,refined_cluster_cluster_3049
144032,3049,refined_cluster_cluster_3049
144042,3049,refined_cluster_cluster_3049
145100,3050,refined_cluster_cluster_3050
145060,3050,refined_cluster_cluster_3050
145070,3050,refined_cluster_cluster_3050
145080,3050,refined_cluster_cluster_3050
145090,3050,refined_cluster_cluster_3050
999105,40,refined_cluster_cluster_40
99910518,40,refined_cluster_cluster_40
99910525,38,refined_cluster_cluster_38
83580,38,refined_cluster_cluster_38
901500,1227,refined_cluster_cluster_1227
906030,1227,refined_cluster_cluster_1227
97594880,1959,refined_cluster_cluster_1959
97597880,1959,refined_cluster_cluster_1959
97598880,1959,refined_cluster_cluster_1959
21033F9,1459,refined_cluster_cluster_1459
21033G,1459,refined_cluster_cluster_1459
2103400,1458,refined_cluster_cluster_1458
21033999,1458,refined_cluster_cluster_1458
21059CS,2499,refined_cluster_cluster_2499
21059016,2499,refined_cluster_cluster_2499
21059015,2499,refined_cluster_cluster_2499
21059KF,1194,refined_cluster_cluster_1194
21060KF,1194,refined_cluster_cluster_1194
21059K1,1194,refined_cluster_cluster_1194
72051389,1194,refined_cluster_cluster_1194
210595,2463,refined_cluster_cluster_2463
210596,2463,refined_cluster_cluster_2463
20593,611,refined_cluster_cluster_611
20589,611,refined_cluster_cluster_611
206210,611,refined_cluster_cluster_611
20608,611,refined_cluster_cluster_611
21060013,304,refined_cluster_cluster_304
21160013,304,refined_cluster_cluster_304
21060P,2477,refined_cluster_cluster_2477
107091,2477,refined_cluster_cluster_2477
2106458,2477,refined_cluster_cluster_2477
2106456,2477,refined_cluster_cluster_2477
80900010,2477,refined_cluster_cluster_2477
21070982,2447,refined_cluster_cluster_2447
21070204,2447,refined_cluster_cluster_2447
210653,1040,refined_cluster_cluster_1040
210651,1040,refined_cluster_cluster_1040
210654,1040,refined_cluster_cluster_1040
21073,83,refined_cluster_cluster_83
21076,83,refined_cluster_cluster_83
82020,83,refined_cluster_cluster_83
21024,2485,refined_cluster_cluster_2485
21022,2485,refined_cluster_cluster_2485
20128MB,2485,refined_cluster_cluster_2485
21023,2485,refined_cluster_cluster_2485
SP505,2040,refined_cluster_cluster_2040
80803630,2040,refined_cluster_cluster_2040
21084B,1723,refined_cluster_cluster_1723
21067B,1723,refined_cluster_cluster_1723
21067TF,1723,refined_cluster_cluster_1723
21068T,1723,refined_cluster_cluster_1723
21084,1723,refined_cluster_cluster_1723
21160,1723,refined_cluster_cluster_1723
21067,2497,refined_cluster_cluster_2497
21062,2497,refined_cluster_cluster_2497
21063,2497,refined_cluster_cluster_2497
211601,1674,refined_cluster_cluster_1674
80061,1674,refined_cluster_cluster_1674
80064,1674,refined_cluster_cluster_1674
80065,1674,refined_cluster_cluster_1674
134060,3295,refined_cluster_cluster_3295
131130,3295,refined_cluster_cluster_3295
13191204,3147,refined_cluster_cluster_3147
13191201,3147,refined_cluster_cluster_3147
13191164,3146,refined_cluster_cluster_3146
13193334,3146,refined_cluster_cluster_3146
13199980,2340,refined_cluster_cluster_2340
13191320,2340,refined_cluster_cluster_2340
13191120,2340,refined_cluster_cluster_2340
13191490,2340,refined_cluster_cluster_2340
13191130,2340,refined_cluster_cluster_2340
15181004,1676,refined_cluster_cluster_1676
15184956,1676,refined_cluster_cluster_1676
15183572,1676,refined_cluster_cluster_1676
15183574,1676,refined_cluster_cluster_1676
207900008,1676,refined_cluster_cluster_1676
15181024,1676,refined_cluster_cluster_1676
15181680,1676,refined_cluster_cluster_1676
15181130,1676,refined_cluster_cluster_1676
140006,1676,refined_cluster_cluster_1676
15184640,1675,refined_cluster_cluster_1675
15183810,1675,refined_cluster_cluster_1675
15181590,1675,refined_cluster_cluster_1675
15181320,1675,refined_cluster_cluster_1675
15181120,1675,refined_cluster_cluster_1675
15181620,1675,refined_cluster_cluster_1675
15183420,1675,refined_cluster_cluster_1675
11304496,899,refined_cluster_cluster_899
11304494,899,refined_cluster_cluster_899
11304544,1198,refined_cluster_cluster_1198
11304545,1198,refined_cluster_cluster_1198
11303694,1299,refined_cluster_cluster_1299
11303693,1299,refined_cluster_cluster_1299
11303793,1299,refined_cluster_cluster_1299
11303352,1299,refined_cluster_cluster_1299
11303354,1299,refined_cluster_cluster_1299
11301204,1259,refined_cluster_cluster_1259
11301211,1259,refined_cluster_cluster_1259
11303744,373,refined_cluster_cluster_373
11193744,373,refined_cluster_cluster_373
113010001,2132,refined_cluster_cluster_2132
11301004,2132,refined_cluster_cluster_2132
11301000,2132,refined_cluster_cluster_2132
11301001,1221,refined_cluster_cluster_1221
11301141,1221,refined_cluster_cluster_1221
11304956,2128,refined_cluster_cluster_2128
11301024,2128,refined_cluster_cluster_2128
11301026,2128,refined_cluster_cluster_2128
11301012,2126,refined_cluster_cluster_2126
11301014,2126,refined_cluster_cluster_2126
11301162,2127,refined_cluster_cluster_2127
11301022,2127,refined_cluster_cluster_2127
11303332,2127,refined_cluster_cluster_2127
11301164,2116,refined_cluster_cluster_2116
11301166,2116,refined_cluster_cluster_2116
11301142,2131,refined_cluster_cluster_2131
11301144,2131,refined_cluster_cluster_2131
11303753,1300,refined_cluster_cluster_1300
11303755,1300,refined_cluster_cluster_1300
11301876,1286,refined_cluster_cluster_1286
11391876,1286,refined_cluster_cluster_1286
120189,2618,refined_cluster_cluster_2618
120237,2618,refined_cluster_cluster_2618
120276,2618,refined_cluster_cluster_2618
154276,2618,refined_cluster_cluster_2618
70119980,1372,refined_cluster_cluster_1372
70119981,1372,refined_cluster_cluster_1372
85252,763,refined_cluster_cluster_763
95253000,763,refined_cluster_cluster_763
952537,762,refined_cluster_cluster_762
952535,762,refined_cluster_cluster_762
95253002,762,refined_cluster_cluster_762
95253001,762,refined_cluster_cluster_762
95253003,759,refined_cluster_cluster_759
91138,759,refined_cluster_cluster_759
89041,472,refined_cluster_cluster_472
89850,472,refined_cluster_cluster_472
89010,472,refined_cluster_cluster_472
89011,463,refined_cluster_cluster_463
89033,463,refined_cluster_cluster_463
84740,471,refined_cluster_cluster_471
89040,471,refined_cluster_cluster_471
84710,471,refined_cluster_cluster_471
89024,440,refined_cluster_cluster_440
89023,440,refined_cluster_cluster_440
89044,440,refined_cluster_cluster_440
89022,439,refined_cluster_cluster_439
89101,439,refined_cluster_cluster_439
89100,439,refined_cluster_cluster_439
89170,439,refined_cluster_cluster_439
99912,260,refined_cluster_cluster_260
99910,260,refined_cluster_cluster_260
620401,2285,refined_cluster_cluster_2285
38599040,2285,refined_cluster_cluster_2285
38519905,2285,refined_cluster_cluster_2285
90271139,106,refined_cluster_cluster_106
90271135,106,refined_cluster_cluster_106
84870,107,refined_cluster_cluster_107
84832,107,refined_cluster_cluster_107
84770,107,refined_cluster_cluster_107
84780,108,refined_cluster_cluster_108
84790,108,refined_cluster_cluster_108
101256B,436,refined_cluster_cluster_436
10125610,436,refined_cluster_cluster_436
83550,39,refined_cluster_cluster_39
83560,39,refined_cluster_cluster_39
83570,39,refined_cluster_cluster_39
18023810,1082,refined_cluster_cluster_1082
18021320,1082,refined_cluster_cluster_1082
18021590,1082,refined_cluster_cluster_1082
18023680,1082,refined_cluster_cluster_1082
99033,143,refined_cluster_cluster_143
99039,143,refined_cluster_cluster_143
617156,1241,refined_cluster_cluster_1241
617124,1241,refined_cluster_cluster_1241
190047,1241,refined_cluster_cluster_1241
620015,1041,refined_cluster_cluster_1041
42301143,1041,refined_cluster_cluster_1041
90410,2871,refined_cluster_cluster_2871
90810,2871,refined_cluster_cluster_2871
92356,2869,refined_cluster_cluster_2869
92332,2869,refined_cluster_cluster_2869
94410,2762,refined_cluster_cluster_2762
94810,2762,refined_cluster_cluster_2762
94660,2762,refined_cluster_cluster_2762
97255740,1752,refined_cluster_cluster_1752
97075740,1752,refined_cluster_cluster_1752
97225740,1752,refined_cluster_cluster_1752
97085740,1752,refined_cluster_cluster_1752
97471740,1752,refined_cluster_cluster_1752
97472740,1752,refined_cluster_cluster_1752
97265740,1752,refined_cluster_cluster_1752
81018,684,refined_cluster_cluster_684
80518E1,684,refined_cluster_cluster_684
99130240,684,refined_cluster_cluster_684
420007,218,refined_cluster_cluster_218
420022,218,refined_cluster_cluster_218
31520,548,refined_cluster_cluster_548
31540,548,refined_cluster_cluster_548
40143640,1014,refined_cluster_cluster_1014
40269980,1014,refined_cluster_cluster_1014
13208D,1014,refined_cluster_cluster_1014
80527S,687,refined_cluster_cluster_687
80528S,687,refined_cluster_cluster_687
80527123,687,refined_cluster_cluster_687
80515,687,refined_cluster_cluster_687
80557021,686,refined_cluster_cluster_686
80557P,686,refined_cluster_cluster_686
12565083,686,refined_cluster_cluster_686
805119,682,refined_cluster_cluster_682
805323,682,refined_cluster_cluster_682
8051521,683,refined_cluster_cluster_683
80527GF,683,refined_cluster_cluster_683
40129980,1454,refined_cluster_cluster_1454
20461,1454,refined_cluster_cluster_1454
50080,103,refined_cluster_cluster_103
50082,103,refined_cluster_cluster_103
85040,791,refined_cluster_cluster_791
900020,791,refined_cluster_cluster_791
85030,791,refined_cluster_cluster_791
96000,196,refined_cluster_cluster_196
89002,196,refined_cluster_cluster_196
96164690,799,refined_cluster_cluster_799
96124690,799,refined_cluster_cluster_799
96144690,798,refined_cluster_cluster_798
99999942,798,refined_cluster_cluster_798
96264690,798,refined_cluster_cluster_798
99999932,798,refined_cluster_cluster_798
99999934,798,refined_cluster_cluster_798
99999935,800,refined_cluster_cluster_800
96134690,800,refined_cluster_cluster_800
99999943,807,refined_cluster_cluster_807
99999938,807,refined_cluster_cluster_807
96274690,807,refined_cluster_cluster_807
99999937,806,refined_cluster_cluster_806
96194690,806,refined_cluster_cluster_806
99999939,795,refined_cluster_cluster_795
99999940,795,refined_cluster_cluster_795
96224690,795,refined_cluster_cluster_795
99999920,792,refined_cluster_cluster_792
96064690,792,refined_cluster_cluster_792
99999941,792,refined_cluster_cluster_792
96084690,792,refined_cluster_cluster_792
99999924,792,refined_cluster_cluster_792
99999917,792,refined_cluster_cluster_792
99999925,792,refined_cluster_cluster_792
99999928,792,refined_cluster_cluster_792
96114690,792,refined_cluster_cluster_792
96244690,796,refined_cluster_cluster_796
99999916,796,refined_cluster_cluster_796
99999919,794,refined_cluster_cluster_794
96034690,794,refined_cluster_cluster_794
96024690,794,refined_cluster_cluster_794
360032,904,refined_cluster_cluster_904
360022,904,refined_cluster_cluster_904
10007,768,refined_cluster_cluster_768
10013,768,refined_cluster_cluster_768
84246,531,refined_cluster_cluster_531
84244,531,refined_cluster_cluster_531
84282,531,refined_cluster_cluster_531
84240,531,refined_cluster_cluster_531
84990,531,refined_cluster_cluster_531
84980,531,refined_cluster_cluster_531
84283,531,refined_cluster_cluster_531
84000,531,refined_cluster_cluster_531
410058,748,refined_cluster_cluster_748
410116,748,refined_cluster_cluster_748
64151050,748,refined_cluster_cluster_748
82172730,432,refined_cluster_cluster_432
39630715,432,refined_cluster_cluster_432
93692,87,refined_cluster_cluster_87
93691,87,refined_cluster_cluster_87
32002,917,refined_cluster_cluster_917
32006,917,refined_cluster_cluster_917
32008,917,refined_cluster_cluster_917
32001,917,refined_cluster_cluster_917
32007,917,refined_cluster_cluster_917
32000,917,refined_cluster_cluster_917
70174855,843,refined_cluster_cluster_843
70174856,843,refined_cluster_cluster_843
83720,842,refined_cluster_cluster_842
83760,842,refined_cluster_cluster_842
93009984,317,refined_cluster_cluster_317
73888000,317,refined_cluster_cluster_317
19626,317,refined_cluster_cluster_317
369000,317,refined_cluster_cluster_317
78131529,100,refined_cluster_cluster_100
78134370,100,refined_cluster_cluster_100
13199426,1404,refined_cluster_cluster_1404
13199406,1404,refined_cluster_cluster_1404
13199486,1404,refined_cluster_cluster_1404
13199466,1404,refined_cluster_cluster_1404
13199446,1404,refined_cluster_cluster_1404
13199408,1404,refined_cluster_cluster_1404
13199468,1404,refined_cluster_cluster_1404
13199448,1404,refined_cluster_cluster_1404
50134293,191,refined_cluster_cluster_191
50134273,191,refined_cluster_cluster_191
50029980,1713,refined_cluster_cluster_1713
50021850,1713,refined_cluster_cluster_1713
50023390,1713,refined_cluster_cluster_1713
50021220,1713,refined_cluster_cluster_1713
50023410,1635,refined_cluster_cluster_1635
54003410,1635,refined_cluster_cluster_1635
60734600,1204,refined_cluster_cluster_1204
60034600,1204,refined_cluster_cluster_1204
60034310,2349,refined_cluster_cluster_2349
64004310,2349,refined_cluster_cluster_2349
64009980,2349,refined_cluster_cluster_2349
64009980,2349,refined_cluster_cluster_2349
99128240,708,refined_cluster_cluster_708
99129240,708,refined_cluster_cluster_708
83730,53,refined_cluster_cluster_53
83740,53,refined_cluster_cluster_53
83700,53,refined_cluster_cluster_53
99500016,44,refined_cluster_cluster_44
99500018,44,refined_cluster_cluster_44
99500014,44,refined_cluster_cluster_44
99500013,44,refined_cluster_cluster_44
30503,291,refined_cluster_cluster_291
30101,291,refined_cluster_cluster_291
30522,291,refined_cluster_cluster_291
91031420,291,refined_cluster_cluster_291
30505,186,refined_cluster_cluster_186
30502,186,refined_cluster_cluster_186
91029960,186,refined_cluster_cluster_186
30504,587,refined_cluster_cluster_587
30501,587,refined_cluster_cluster_587
30122,751,refined_cluster_cluster_751
34226,751,refined_cluster_cluster_751
30521,620,refined_cluster_cluster_620
91059980,620,refined_cluster_cluster_620
91065040,620,refined_cluster_cluster_620
1200079,547,refined_cluster_cluster_547
1200089,547,refined_cluster_cluster_547
12001A,547,refined_cluster_cluster_547
74770001,1436,refined_cluster_cluster_1436
74770000,1436,refined_cluster_cluster_1436
91029980,1436,refined_cluster_cluster_1436
91109980,1436,refined_cluster_cluster_1436
91009980,1436,refined_cluster_cluster_1436
91032470,294,refined_cluster_cluster_294
91032479,294,refined_cluster_cluster_294
91039980,293,refined_cluster_cluster_293
91033510,293,refined_cluster_cluster_293
91039981,293,refined_cluster_cluster_293
31001,823,refined_cluster_cluster_823
31720,823,refined_cluster_cluster_823
31370,823,refined_cluster_cluster_823
31003,823,refined_cluster_cluster_823
31002,823,refined_cluster_cluster_823
25420,364,refined_cluster_cluster_364
25410,364,refined_cluster_cluster_364
25430,364,refined_cluster_cluster_364
25450,364,refined_cluster_cluster_364
84422,344,refined_cluster_cluster_344
84502,344,refined_cluster_cluster_344
905551,835,refined_cluster_cluster_835
84920,835,refined_cluster_cluster_835
82200,154,refined_cluster_cluster_154
78151459,154,refined_cluster_cluster_154
78151452,154,refined_cluster_cluster_154
78153499,154,refined_cluster_cluster_154
78153479,154,refined_cluster_cluster_154
11401032,372,refined_cluster_cluster_372
11402402,372,refined_cluster_cluster_372
11402404,372,refined_cluster_cluster_372
31390,556,refined_cluster_cluster_556
96010,556,refined_cluster_cluster_556
31340,790,refined_cluster_cluster_790
12365,790,refined_cluster_cluster_790
83190,495,refined_cluster_cluster_495
83270,495,refined_cluster_cluster_495
83250,495,refined_cluster_cluster_495
83260,495,refined_cluster_cluster_495
83290,495,refined_cluster_cluster_495
83330,495,refined_cluster_cluster_495
902924,160,refined_cluster_cluster_160
902923,160,refined_cluster_cluster_160
62060,971,refined_cluster_cluster_971
78071509,971,refined_cluster_cluster_971
390246,207,refined_cluster_cluster_207
390028,207,refined_cluster_cluster_207
120780599,1115,refined_cluster_cluster_1115
120800599,1115,refined_cluster_cluster_1115
19163570,2549,refined_cluster_cluster_2549
19161010,2549,refined_cluster_cluster_2549
19313570,2549,refined_cluster_cluster_2549
19111010,2549,refined_cluster_cluster_2549
45070,2549,refined_cluster_cluster_2549
45230,2549,refined_cluster_cluster_2549
45210,2549,refined_cluster_cluster_2549
19161012,3214,refined_cluster_cluster_3214
19163660,3214,refined_cluster_cluster_3214
19271870,3185,refined_cluster_cluster_3185
19251870,3185,refined_cluster_cluster_3185
19261870,3131,refined_cluster_cluster_3131
19161870,3131,refined_cluster_cluster_3131
19251872,3057,refined_cluster_cluster_3057
19111872,3057,refined_cluster_cluster_3057
19111000,3113,refined_cluster_cluster_3113
19181000,3113,refined_cluster_cluster_3113
19161000,3113,refined_cluster_cluster_3113
19111070,3229,refined_cluster_cluster_3229
19121070,3229,refined_cluster_cluster_3229
19125610,3229,refined_cluster_cluster_3229
45020,2919,refined_cluster_cluster_2919
45030,2919,refined_cluster_cluster_2919
45040,2919,refined_cluster_cluster_2919
41230,3230,refined_cluster_cluster_3230
41238,3230,refined_cluster_cluster_3230
42210,3230,refined_cluster_cluster_3230
42300,3230,refined_cluster_cluster_3230
SP1015,3255,refined_cluster_cluster_3255
SP1065,3255,refined_cluster_cluster_3255
SP1028,3261,refined_cluster_cluster_3261
SP1093,3261,refined_cluster_cluster_3261
SP1091,3261,refined_cluster_cluster_3261
SP1096,3260,refined_cluster_cluster_3260
SP104,3260,refined_cluster_cluster_3260
SP1048,3260,refined_cluster_cluster_3260
SP1066,3260,refined_cluster_cluster_3260
SP107,3260,refined_cluster_cluster_3260
19141020,3067,refined_cluster_cluster_3067
19441020,3067,refined_cluster_cluster_3067
19241050,2934,refined_cluster_cluster_2934
19001050,2934,refined_cluster_cluster_2934
19101000,1253,refined_cluster_cluster_1253
19101002,1253,refined_cluster_cluster_1253
382250,1061,refined_cluster_cluster_1061
392065,1061,refined_cluster_cluster_1061
30152,1751,refined_cluster_cluster_1751
420053,1751,refined_cluster_cluster_1751
57310621,1773,refined_cluster_cluster_1773
57310720,1773,refined_cluster_cluster_1773
20041,3165,refined_cluster_cluster_3165
38119000,3165,refined_cluster_cluster_3165
38122000,3165,refined_cluster_cluster_3165
36123000,3165,refined_cluster_cluster_3165
49009990,2367,refined_cluster_cluster_2367
SP225,2367,refined_cluster_cluster_2367
36200000,2367,refined_cluster_cluster_2367
290505,2367,refined_cluster_cluster_2367
190570,1880,refined_cluster_cluster_1880
190578,1880,refined_cluster_cluster_1880
69009980,2826,refined_cluster_cluster_2826
SP415,2826,refined_cluster_cluster_2826
41430180,2826,refined_cluster_cluster_2826
391012,2744,refined_cluster_cluster_2744
41803400,2744,refined_cluster_cluster_2744
391025,2829,refined_cluster_cluster_2829
41200300,2829,refined_cluster_cluster_2829
48200000,2829,refined_cluster_cluster_2829
41385500,2829,refined_cluster_cluster_2829
41385900,2829,refined_cluster_cluster_2829
48100000,2829,refined_cluster_cluster_2829
410059,1744,refined_cluster_cluster_1744
12246000,1744,refined_cluster_cluster_1744
11208889,1744,refined_cluster_cluster_1744
11212,1744,refined_cluster_cluster_1744
11211,1744,refined_cluster_cluster_1744
11208892,1744,refined_cluster_cluster_1744
11208,1744,refined_cluster_cluster_1744
410090,1744,refined_cluster_cluster_1744
78171789,612,refined_cluster_cluster_612
78181789,612,refined_cluster_cluster_612
450468,173,refined_cluster_cluster_173
450025,173,refined_cluster_cluster_173
450005,173,refined_cluster_cluster_173
34093,1326,refined_cluster_cluster_1326
85800002,1326,refined_cluster_cluster_1326
SP189,1326,refined_cluster_cluster_1326
220891,1425,refined_cluster_cluster_1425
22093C,1425,refined_cluster_cluster_1425
22088015,914,refined_cluster_cluster_914
22088016,914,refined_cluster_cluster_914
22088012,914,refined_cluster_cluster_914
22093,1428,refined_cluster_cluster_1428
22093456,1428,refined_cluster_cluster_1428
58500001,1428,refined_cluster_cluster_1428
22088030,1428,refined_cluster_cluster_1428
22092,1428,refined_cluster_cluster_1428
22088033,1427,refined_cluster_cluster_1427
22088036,1427,refined_cluster_cluster_1427
22088021,1427,refined_cluster_cluster_1427
91410,1427,refined_cluster_cluster_1427
22088080,1429,refined_cluster_cluster_1429
22088070,1429,refined_cluster_cluster_1429
22088020,1429,refined_cluster_cluster_1429
22088010,1429,refined_cluster_cluster_1429
22091C,1001,refined_cluster_cluster_1001
22090C,1001,refined_cluster_cluster_1001
220910,1001,refined_cluster_cluster_1001
220914,1002,refined_cluster_cluster_1002
220911,1002,refined_cluster_cluster_1002
22091601,1089,refined_cluster_cluster_1089
22091600,1089,refined_cluster_cluster_1089
22099C,1089,refined_cluster_cluster_1089
34091,1426,refined_cluster_cluster_1426
90132,1426,refined_cluster_cluster_1426
94007,1423,refined_cluster_cluster_1423
94813,1423,refined_cluster_cluster_1423
22088GD,417,refined_cluster_cluster_417
22088GS,417,refined_cluster_cluster_417
22088G2,417,refined_cluster_cluster_417
SP1112,417,refined_cluster_cluster_417
207900033,2475,refined_cluster_cluster_2475
590213,2475,refined_cluster_cluster_2475
590214,2475,refined_cluster_cluster_2475
590215,2475,refined_cluster_cluster_2475
592501,2475,refined_cluster_cluster_2475
621010,2246,refined_cluster_cluster_2246
81209980,2246,refined_cluster_cluster_2246
86174800,2246,refined_cluster_cluster_2246
86204800,2246,refined_cluster_cluster_2246
86234800,2246,refined_cluster_cluster_2246
86264800,2246,refined_cluster_cluster_2246
86144800,2246,refined_cluster_cluster_2246
86294800,2246,refined_cluster_cluster_2246
86324800,2246,refined_cluster_cluster_2246
12002,1302,refined_cluster_cluster_1302
12004,1302,refined_cluster_cluster_1302
10825,1290,refined_cluster_cluster_1290
12005,1290,refined_cluster_cluster_1290
12006,1290,refined_cluster_cluster_1290
12003,1303,refined_cluster_cluster_1303
12007,1303,refined_cluster_cluster_1303
210008,1212,refined_cluster_cluster_1212
210010,1212,refined_cluster_cluster_1212
SP2382,1223,refined_cluster_cluster_1223
210221,1223,refined_cluster_cluster_1223
620146,1223,refined_cluster_cluster_1223
620460,1252,refined_cluster_cluster_1252
82212060,1252,refined_cluster_cluster_1252
SP231,1450,refined_cluster_cluster_1450
SP2362,1450,refined_cluster_cluster_1450
34202504,1450,refined_cluster_cluster_1450
41102080,2930,refined_cluster_cluster_2930
41109980,2930,refined_cluster_cluster_2930
41102430,2930,refined_cluster_cluster_2930
41262080,2930,refined_cluster_cluster_2930
SP235,1133,refined_cluster_cluster_1133
34875807,1133,refined_cluster_cluster_1133
34116509,1133,refined_cluster_cluster_1133
620260,597,refined_cluster_cluster_597
740221,597,refined_cluster_cluster_597
13485080,723,refined_cluster_cluster_723
82224700,723,refined_cluster_cluster_723
13458010,584,refined_cluster_cluster_584
13485043,584,refined_cluster_cluster_584
13490,815,refined_cluster_cluster_815
82213450,815,refined_cluster_cluster_815
620261,815,refined_cluster_cluster_815
1831011,558,refined_cluster_cluster_558
1831011,558,refined_cluster_cluster_558
1831054,391,refined_cluster_cluster_391
741054,391,refined_cluster_cluster_391
1831415,241,refined_cluster_cluster_241
1831415,241,refined_cluster_cluster_241
1831285,1360,refined_cluster_cluster_1360
1831265,1360,refined_cluster_cluster_1360
1831261,1360,refined_cluster_cluster_1360
1831265,1360,refined_cluster_cluster_1360
96394740,616,refined_cluster_cluster_616
96344740,616,refined_cluster_cluster_616
210025,1815,refined_cluster_cluster_1815
740414,1815,refined_cluster_cluster_1815
740756,1815,refined_cluster_cluster_1815
SP2441,1815,refined_cluster_cluster_1815
210003,2697,refined_cluster_cluster_2697
34758000,2697,refined_cluster_cluster_2697
210305,2909,refined_cluster_cluster_2909
13136998,2909,refined_cluster_cluster_2909
13136998,2909,refined_cluster_cluster_2909
210522,2086,refined_cluster_cluster_2086
210523,2086,refined_cluster_cluster_2086
210521,2086,refined_cluster_cluster_2086
210121,2086,refined_cluster_cluster_2086
620014,1060,refined_cluster_cluster_1060
620149,1060,refined_cluster_cluster_1060
620925,1550,refined_cluster_cluster_1550
620924,1550,refined_cluster_cluster_1550
620923,1550,refined_cluster_cluster_1550
41209980,2923,refined_cluster_cluster_2923
41289198,2923,refined_cluster_cluster_2923
620009,1316,refined_cluster_cluster_1316
34455500,1316,refined_cluster_cluster_1316
20202,2926,refined_cluster_cluster_2926
20203,2926,refined_cluster_cluster_2926
40142080,458,refined_cluster_cluster_458
40149980,458,refined_cluster_cluster_458
41129980,2941,refined_cluster_cluster_2941
41159980,2941,refined_cluster_cluster_2941
41132010,1010,refined_cluster_cluster_1010
41122010,1010,refined_cluster_cluster_1010
41183570,2937,refined_cluster_cluster_2937
41233570,2937,refined_cluster_cluster_2937
41149980,2931,refined_cluster_cluster_2931
41149990,2931,refined_cluster_cluster_2931
41269980,2942,refined_cluster_cluster_2942
41269981,2942,refined_cluster_cluster_2942
41119980,2942,refined_cluster_cluster_2942
96685880,1769,refined_cluster_cluster_1769
96665880,1769,refined_cluster_cluster_1769
1343212,1622,refined_cluster_cluster_1622
1343232,1622,refined_cluster_cluster_1622
13453,1622,refined_cluster_cluster_1622
1343213,1622,refined_cluster_cluster_1622
13458,1622,refined_cluster_cluster_1622
13453,1622,refined_cluster_cluster_1622
1343232,1622,refined_cluster_cluster_1622
131613,1622,refined_cluster_cluster_1622
1353131,1620,refined_cluster_cluster_1620
1353132,1620,refined_cluster_cluster_1620
1353134,1620,refined_cluster_cluster_1620
13332,1620,refined_cluster_cluster_1620
13500226,1620,refined_cluster_cluster_1620
13332,1620,refined_cluster_cluster_1620
1353131,1620,refined_cluster_cluster_1620
135010SC,1620,refined_cluster_cluster_1620
13484,1612,refined_cluster_cluster_1612
1831050,1612,refined_cluster_cluster_1612
13485845,1630,refined_cluster_cluster_1630
13529044,1630,refined_cluster_cluster_1630
13528,1632,refined_cluster_cluster_1632
130892,1632,refined_cluster_cluster_1632
13423,1621,refined_cluster_cluster_1621
13423,1621,refined_cluster_cluster_1621
13500,1618,refined_cluster_cluster_1618
13501001,1618,refined_cluster_cluster_1618
13500,1618,refined_cluster_cluster_1618
13536,1623,refined_cluster_cluster_1623
13528882,1623,refined_cluster_cluster_1623
13534C,1616,refined_cluster_cluster_1616
13547,1616,refined_cluster_cluster_1616
1831052,1506,refined_cluster_cluster_1506
1831052,1506,refined_cluster_cluster_1506
1831043,1629,refined_cluster_cluster_1629
1831043Z,1629,refined_cluster_cluster_1629
13485850,1053,refined_cluster_cluster_1053
13485851,1053,refined_cluster_cluster_1053
1352072,1053,refined_cluster_cluster_1053
13416,1631,refined_cluster_cluster_1631
13414156,1631,refined_cluster_cluster_1631
34100109,1549,refined_cluster_cluster_1549
34100110,1549,refined_cluster_cluster_1549
34100145,1549,refined_cluster_cluster_1549
34100117,1549,refined_cluster_cluster_1549
34100144,1549,refined_cluster_cluster_1549
34100112,1549,refined_cluster_cluster_1549
41309980,1549,refined_cluster_cluster_1549
34160009,1549,refined_cluster_cluster_1549
210021,2478,refined_cluster_cluster_2478
620109,2478,refined_cluster_cluster_2478
740565,2478,refined_cluster_cluster_2478
13462,356,refined_cluster_cluster_356
13452,356,refined_cluster_cluster_356
91PQ57,356,refined_cluster_cluster_356
SP1142,1336,refined_cluster_cluster_1336
SP115,1336,refined_cluster_cluster_1336
150001,1366,refined_cluster_cluster_1366
150059,1366,refined_cluster_cluster_1366
16061024,92,refined_cluster_cluster_92
16069984,92,refined_cluster_cluster_92
16061056,92,refined_cluster_cluster_92
16061016,92,refined_cluster_cluster_92
16064640,92,refined_cluster_cluster_92
16061120,92,refined_cluster_cluster_92
16061014,92,refined_cluster_cluster_92
82311350,190,refined_cluster_cluster_190
82321350,190,refined_cluster_cluster_190
10093790,655,refined_cluster_cluster_655
10094500,655,refined_cluster_cluster_655
40229980,2145,refined_cluster_cluster_2145
39900130,2145,refined_cluster_cluster_2145
280001,2145,refined_cluster_cluster_2145
39000130,2145,refined_cluster_cluster_2145
10092400,1667,refined_cluster_cluster_1667
10492400,1667,refined_cluster_cluster_1667
40193570,2761,refined_cluster_cluster_2761
13208I,2761,refined_cluster_cluster_2761
60049980,1700,refined_cluster_cluster_1700
60044310,1700,refined_cluster_cluster_1700
60044310,1700,refined_cluster_cluster_1700
10049984,1072,refined_cluster_cluster_1072
10043794,1072,refined_cluster_cluster_1072
10041000,1074,refined_cluster_cluster_1074
10041003,1074,refined_cluster_cluster_1074
10041004,1074,refined_cluster_cluster_1074
10041006,1074,refined_cluster_cluster_1074
29095000,981,refined_cluster_cluster_981
52025150,981,refined_cluster_cluster_981
10012,981,refined_cluster_cluster_981
31081,225,refined_cluster_cluster_225
31085,225,refined_cluster_cluster_225
31087,225,refined_cluster_cluster_225
50138010,224,refined_cluster_cluster_224
50138012,224,refined_cluster_cluster_224
50130124,224,refined_cluster_cluster_224
620084,520,refined_cluster_cluster_520
620085,520,refined_cluster_cluster_520
620086,1522,refined_cluster_cluster_1522
34868904,1522,refined_cluster_cluster_1522
34864107,1522,refined_cluster_cluster_1522
742019,2713,refined_cluster_cluster_2713
748457,2713,refined_cluster_cluster_2713
207900028,2713,refined_cluster_cluster_2713
18009984,1488,refined_cluster_cluster_1488
18001024,1488,refined_cluster_cluster_1488
18001026,1488,refined_cluster_cluster_1488
18009980,1476,refined_cluster_cluster_1476
18001490,1476,refined_cluster_cluster_1476
18001590,1476,refined_cluster_cluster_1476
18001320,1476,refined_cluster_cluster_1476
18001124,1476,refined_cluster_cluster_1476
18001490,1476,refined_cluster_cluster_1476
18011490,1476,refined_cluster_cluster_1476
18004850,1476,refined_cluster_cluster_1476
18014850,1476,refined_cluster_cluster_1476
18001620,1476,refined_cluster_cluster_1476
18001130,1476,refined_cluster_cluster_1476
18011130,1476,refined_cluster_cluster_1476
18003420,1476,refined_cluster_cluster_1476
18004544,1489,refined_cluster_cluster_1489
18014544,1489,refined_cluster_cluster_1489
18003694,1479,refined_cluster_cluster_1479
18003696,1479,refined_cluster_cluster_1479
18003334,1479,refined_cluster_cluster_1479
18001164,1461,refined_cluster_cluster_1461
18001166,1461,refined_cluster_cluster_1461
18001144,1480,refined_cluster_cluster_1480
18001146,1480,refined_cluster_cluster_1480
96695940,1121,refined_cluster_cluster_1121
96675940,1121,refined_cluster_cluster_1121
20386,49,refined_cluster_cluster_49
203791,49,refined_cluster_cluster_49
20379,49,refined_cluster_cluster_49
97275740,1165,refined_cluster_cluster_1165
97285740,1165,refined_cluster_cluster_1165
96735890,2714,refined_cluster_cluster_2714
96765890,2714,refined_cluster_cluster_2714
96745890,2714,refined_cluster_cluster_2714
96755890,2714,refined_cluster_cluster_2714
10343740,280,refined_cluster_cluster_280
10341010,280,refined_cluster_cluster_280
30112H,503,refined_cluster_cluster_503
301122,503,refined_cluster_cluster_503
291375,1554,refined_cluster_cluster_1554
291376,1554,refined_cluster_cluster_1554
731212,1473,refined_cluster_cluster_1473
620008,1473,refined_cluster_cluster_1473
SP3800,1473,refined_cluster_cluster_1473
91060,1038,refined_cluster_cluster_1038
91063,1038,refined_cluster_cluster_1038
25390,97,refined_cluster_cluster_97
99920,97,refined_cluster_cluster_97
2692D,1380,refined_cluster_cluster_1380
2692DR,1380,refined_cluster_cluster_1380
2693DR,1380,refined_cluster_cluster_1380
22133000,1018,refined_cluster_cluster_1018
22133002,1018,refined_cluster_cluster_1018
10038190,1379,refined_cluster_cluster_1379
255010P,1379,refined_cluster_cluster_1379
254816P,1379,refined_cluster_cluster_1379
221042,1371,refined_cluster_cluster_1371
221042,1371,refined_cluster_cluster_1371
220956,1371,refined_cluster_cluster_1371
22104L,1371,refined_cluster_cluster_1371
22097E1,1376,refined_cluster_cluster_1376
22097D,1376,refined_cluster_cluster_1376
250682,1382,refined_cluster_cluster_1382
250682,1382,refined_cluster_cluster_1382
22095N3,1382,refined_cluster_cluster_1382
25066,1387,refined_cluster_cluster_1387
255052,1387,refined_cluster_cluster_1387
255052P,1387,refined_cluster_cluster_1387
25064,1396,refined_cluster_cluster_1396
25068,1396,refined_cluster_cluster_1396
25206,1391,refined_cluster_cluster_1391
25215,1391,refined_cluster_cluster_1391
25206P,1391,refined_cluster_cluster_1391
25215P,1391,refined_cluster_cluster_1391
25210P,1391,refined_cluster_cluster_1391
255275,1365,refined_cluster_cluster_1365
255275P,1365,refined_cluster_cluster_1365
255219,1384,refined_cluster_cluster_1384
255219,1384,refined_cluster_cluster_1384
132425,1149,refined_cluster_cluster_1149
612125,1149,refined_cluster_cluster_1149
22126132,1367,refined_cluster_cluster_1367
22129016,1367,refined_cluster_cluster_1367
22129012,1367,refined_cluster_cluster_1367
22131,1367,refined_cluster_cluster_1367
22131123,1369,refined_cluster_cluster_1369
22130,1369,refined_cluster_cluster_1369
22129017,1369,refined_cluster_cluster_1369
22131125,1368,refined_cluster_cluster_1368
2212678,1368,refined_cluster_cluster_1368
22129014,1368,refined_cluster_cluster_1368
22131102,1368,refined_cluster_cluster_1368
25064,1395,refined_cluster_cluster_1395
25068P,1395,refined_cluster_cluster_1395
25019P,1395,refined_cluster_cluster_1395
132425,1370,refined_cluster_cluster_1370
22168G,1370,refined_cluster_cluster_1370
22107K,1000,refined_cluster_cluster_1000
620103,1000,refined_cluster_cluster_1000
620133,1000,refined_cluster_cluster_1000
98490000,1327,refined_cluster_cluster_1327
98108004,1327,refined_cluster_cluster_1327
98025920,527,refined_cluster_cluster_527
61105920,527,refined_cluster_cluster_527
98035920,527,refined_cluster_cluster_527
97405840,2690,refined_cluster_cluster_2690
97395840,2690,refined_cluster_cluster_2690
97785830,1588,refined_cluster_cluster_1588
97795830,1588,refined_cluster_cluster_1588
970032,506,refined_cluster_cluster_506
970025,506,refined_cluster_cluster_506
970023,506,refined_cluster_cluster_506
970024,506,refined_cluster_cluster_506
970211,506,refined_cluster_cluster_506
970026,506,refined_cluster_cluster_506
970027,506,refined_cluster_cluster_506
970203,506,refined_cluster_cluster_506
970036,506,refined_cluster_cluster_506
970052,506,refined_cluster_cluster_506
970053,506,refined_cluster_cluster_506
970031,506,refined_cluster_cluster_506
970037,506,refined_cluster_cluster_506
70425829,150,refined_cluster_cluster_150
70415829,150,refined_cluster_cluster_150
ICE,175,refined_cluster_cluster_175
2159,175,refined_cluster_cluster_175
180730763,284,refined_cluster_cluster_284
180830763,284,refined_cluster_cluster_284
180630763,284,refined_cluster_cluster_284
180930763,284,refined_cluster_cluster_284
181030763,284,refined_cluster_cluster_284
78514360,1063,refined_cluster_cluster_1063
78574360,1063,refined_cluster_cluster_1063
77124360,1063,refined_cluster_cluster_1063
50030,483,refined_cluster_cluster_483
50050,483,refined_cluster_cluster_483
50140,381,refined_cluster_cluster_381
80392070,381,refined_cluster_cluster_381
550012,1163,refined_cluster_cluster_1163
77099989,1163,refined_cluster_cluster_1163
77079989,1163,refined_cluster_cluster_1163
16044544,2125,refined_cluster_cluster_2125
16044545,2125,refined_cluster_cluster_2125
16041054,2195,refined_cluster_cluster_2195
16041056,2195,refined_cluster_cluster_2195
16044664,1580,refined_cluster_cluster_1580
16044667,1580,refined_cluster_cluster_1580
16044665,1580,refined_cluster_cluster_1580
16044662,1580,refined_cluster_cluster_1580
16044663,1580,refined_cluster_cluster_1580
16043340,1580,refined_cluster_cluster_1580
106400003,2147,refined_cluster_cluster_2147
16041201,2147,refined_cluster_cluster_2147
16021214,2147,refined_cluster_cluster_2147
16041173,2140,refined_cluster_cluster_2140
16041176,2140,refined_cluster_cluster_2140
16041175,2140,refined_cluster_cluster_2140
16043742,2152,refined_cluster_cluster_2152
16043744,2152,refined_cluster_cluster_2152
16041002,2135,refined_cluster_cluster_2135
16021002,2135,refined_cluster_cluster_2135
16041004,2175,refined_cluster_cluster_2175
16041001,2175,refined_cluster_cluster_2175
16041024,2175,refined_cluster_cluster_2175
16041144,2175,refined_cluster_cluster_2175
16044496,1590,refined_cluster_cluster_1590
16044495,1590,refined_cluster_cluster_1590
16044494,1590,refined_cluster_cluster_1590
16044490,1590,refined_cluster_cluster_1590
160410040,2163,refined_cluster_cluster_2163
16043556,2163,refined_cluster_cluster_2163
120800001,2185,refined_cluster_cluster_2185
16021012,2185,refined_cluster_cluster_2185
16041014,2201,refined_cluster_cluster_2201
16043576,2201,refined_cluster_cluster_2201
16043575,2201,refined_cluster_cluster_2201
16021014,2201,refined_cluster_cluster_2201
16041162,2156,refined_cluster_cluster_2156
16043332,2156,refined_cluster_cluster_2156
16021590,2146,refined_cluster_cluster_2146
16021076,2146,refined_cluster_cluster_2146
16021130,2146,refined_cluster_cluster_2146
16021120,2146,refined_cluster_cluster_2146
16041085,1171,refined_cluster_cluster_1171
16043754,1171,refined_cluster_cluster_1171
16044574,1171,refined_cluster_cluster_1171
16044573,1171,refined_cluster_cluster_1171
16044576,1171,refined_cluster_cluster_1171
16044575,1171,refined_cluster_cluster_1171
16043352,2142,refined_cluster_cluster_2142
16043354,2142,refined_cluster_cluster_2142
16043364,2130,refined_cluster_cluster_2130
16041075,2130,refined_cluster_cluster_2130
16045164,2638,refined_cluster_cluster_2638
16025164,2638,refined_cluster_cluster_2638
16043334,2162,refined_cluster_cluster_2162
16023334,2162,refined_cluster_cluster_2162
174004,301,refined_cluster_cluster_301
11299984,301,refined_cluster_cluster_301
174005,301,refined_cluster_cluster_301
11191014,1469,refined_cluster_cluster_1469
11193575,1469,refined_cluster_cluster_1469
11191054,1475,refined_cluster_cluster_1475
11191004,1475,refined_cluster_cluster_1475
111910040,1475,refined_cluster_cluster_1475
11193574,1475,refined_cluster_cluster_1475
11173575,1475,refined_cluster_cluster_1475
11191214,1112,refined_cluster_cluster_1112
11191211,1112,refined_cluster_cluster_1112
11191001,1222,refined_cluster_cluster_1222
11191141,1222,refined_cluster_cluster_1222
11191874,1474,refined_cluster_cluster_1474
11191873,1474,refined_cluster_cluster_1474
11191162,1472,refined_cluster_cluster_1472
11191162,1472,refined_cluster_cluster_1472
11191022,1460,refined_cluster_cluster_1460
11191024,1460,refined_cluster_cluster_1460
11191142,1465,refined_cluster_cluster_1465
11191144,1465,refined_cluster_cluster_1465
11191320,345,refined_cluster_cluster_345
11191120,345,refined_cluster_cluster_345
150111,236,refined_cluster_cluster_236
150011,236,refined_cluster_cluster_236
150014,1110,refined_cluster_cluster_1110
150015,1110,refined_cluster_cluster_1110
154014,1111,refined_cluster_cluster_1111
154015,1111,refined_cluster_cluster_1111
94415070,2018,refined_cluster_cluster_2018
94425070,2018,refined_cluster_cluster_2018
97515850,2995,refined_cluster_cluster_2995
SP724,2995,refined_cluster_cluster_2995
97505850,2995,refined_cluster_cluster_2995
610008,2894,refined_cluster_cluster_2894
207900020,2894,refined_cluster_cluster_2894
620093,2382,refined_cluster_cluster_2382
626350,2382,refined_cluster_cluster_2382
626916,2382,refined_cluster_cluster_2382
625850,2382,refined_cluster_cluster_2382
610005,1808,refined_cluster_cluster_1808
611911,1808,refined_cluster_cluster_1808
50677S,797,refined_cluster_cluster_797
506773,797,refined_cluster_cluster_797
50677W,797,refined_cluster_cluster_797
31922,609,refined_cluster_cluster_609
31920,609,refined_cluster_cluster_609
31102,397,refined_cluster_cluster_397
31101,397,refined_cluster_cluster_397
742320,1356,refined_cluster_cluster_1356
620096,1356,refined_cluster_cluster_1356
95002,864,refined_cluster_cluster_864
95001,864,refined_cluster_cluster_864
95140,857,refined_cluster_cluster_857
95130,857,refined_cluster_cluster_857
95092,858,refined_cluster_cluster_858
95042,858,refined_cluster_cluster_858
95010,868,refined_cluster_cluster_868
95110,868,refined_cluster_cluster_868
95030,868,refined_cluster_cluster_868
95080,868,refined_cluster_cluster_868
95020,868,refined_cluster_cluster_868
95031,863,refined_cluster_cluster_863
95091,863,refined_cluster_cluster_863
95011,863,refined_cluster_cluster_863
95090,869,refined_cluster_cluster_869
90619,869,refined_cluster_cluster_869
906191,869,refined_cluster_cluster_869
95040,872,refined_cluster_cluster_872
90612,872,refined_cluster_cluster_872
90605,872,refined_cluster_cluster_872
906051,872,refined_cluster_cluster_872
96009,524,refined_cluster_cluster_524
96006,524,refined_cluster_cluster_524
96013,559,refined_cluster_cluster_559
96014,559,refined_cluster_cluster_559
96011,560,refined_cluster_cluster_560
96012,560,refined_cluster_cluster_560
99999913,3011,refined_cluster_cluster_3011
99999912,3011,refined_cluster_cluster_3011
620023,1881,refined_cluster_cluster_1881
41218904,1881,refined_cluster_cluster_1881
716920,1209,refined_cluster_cluster_1209
711227,1209,refined_cluster_cluster_1209
711027,1209,refined_cluster_cluster_1209
41816400,1209,refined_cluster_cluster_1209
620100,146,refined_cluster_cluster_146
207900025,146,refined_cluster_cluster_146
624585,146,refined_cluster_cluster_146
40139980,1784,refined_cluster_cluster_1784
39000970,1784,refined_cluster_cluster_1784
906159,840,refined_cluster_cluster_840
906166,840,refined_cluster_cluster_840
83501,840,refined_cluster_cluster_840
97369,1334,refined_cluster_cluster_1334
97437,1334,refined_cluster_cluster_1334
97819,1333,refined_cluster_cluster_1333
97987,1333,refined_cluster_cluster_1333
97567,1333,refined_cluster_cluster_1333
97727,1333,refined_cluster_cluster_1333
97550,1333,refined_cluster_cluster_1333
97574,1333,refined_cluster_cluster_1333
501319,388,refined_cluster_cluster_388
31555,388,refined_cluster_cluster_388
141102,3365,refined_cluster_cluster_3365
141108,3365,refined_cluster_cluster_3365
620128,202,refined_cluster_cluster_202
620229,202,refined_cluster_cluster_202
91091,669,refined_cluster_cluster_669
91092,669,refined_cluster_cluster_669
91093,669,refined_cluster_cluster_669
40171000,669,refined_cluster_cluster_669
91091015,663,refined_cluster_cluster_663
91091016,663,refined_cluster_cluster_663
91091011,663,refined_cluster_cluster_663
91091017,663,refined_cluster_cluster_663
10331020,2363,refined_cluster_cluster_2363
10131050,2363,refined_cluster_cluster_2363
10131020,2363,refined_cluster_cluster_2363
10133330,2363,refined_cluster_cluster_2363
10131140,2363,refined_cluster_cluster_2363
40219980,2276,refined_cluster_cluster_2276
20669,2276,refined_cluster_cluster_2276
72002109,2472,refined_cluster_cluster_2472
72012109,2472,refined_cluster_cluster_2472
72022109,2472,refined_cluster_cluster_2472
72019989,2471,refined_cluster_cluster_2471
72011389,2471,refined_cluster_cluster_2471
72029989,2471,refined_cluster_cluster_2471
72021389,2471,refined_cluster_cluster_2471
72061789,947,refined_cluster_cluster_947
78201789,947,refined_cluster_cluster_947
78711649,414,refined_cluster_cluster_414
78191649,414,refined_cluster_cluster_414
580001,24,refined_cluster_cluster_24
84860,24,refined_cluster_cluster_24
99035,114,refined_cluster_cluster_114
99046,114,refined_cluster_cluster_114
11129984,1397,refined_cluster_cluster_1397
11124544,1397,refined_cluster_cluster_1397
11121054,1397,refined_cluster_cluster_1397
11121012,1397,refined_cluster_cluster_1397
11121014,1397,refined_cluster_cluster_1397
11121032,1383,refined_cluster_cluster_1383
11121034,1383,refined_cluster_cluster_1383
11121204,1374,refined_cluster_cluster_1374
11121201,1374,refined_cluster_cluster_1374
11123344,1377,refined_cluster_cluster_1377
111233440,1377,refined_cluster_cluster_1377
11121004,1390,refined_cluster_cluster_1390
11121001,1390,refined_cluster_cluster_1390
11131000,1378,refined_cluster_cluster_1378
11131002,1378,refined_cluster_cluster_1378
11124496,1244,refined_cluster_cluster_1244
11124495,1244,refined_cluster_cluster_1244
11124494,1244,refined_cluster_cluster_1244
11121022,1398,refined_cluster_cluster_1398
11121024,1398,refined_cluster_cluster_1398
11121872,1583,refined_cluster_cluster_1583
11121873,1583,refined_cluster_cluster_1583
11121876,1583,refined_cluster_cluster_1583
11123352,1392,refined_cluster_cluster_1392
11123354,1392,refined_cluster_cluster_1392
11123353,1392,refined_cluster_cluster_1392
11123334,1584,refined_cluster_cluster_1584
11123333,1584,refined_cluster_cluster_1584
11121142,1386,refined_cluster_cluster_1386
11121144,1386,refined_cluster_cluster_1386
710001,1224,refined_cluster_cluster_1224
711026,1224,refined_cluster_cluster_1224
610128,1543,refined_cluster_cluster_1543
610162,1543,refined_cluster_cluster_1543
SP425,1543,refined_cluster_cluster_1543
41548600,1543,refined_cluster_cluster_1543
97456320,19,refined_cluster_cluster_19
1234,19,refined_cluster_cluster_19
15044365,19,refined_cluster_cluster_19
85670,246,refined_cluster_cluster_246
85770,246,refined_cluster_cluster_246
85690,246,refined_cluster_cluster_246
85660,246,refined_cluster_cluster_246
85680,246,refined_cluster_cluster_246
85760,246,refined_cluster_cluster_246
85780,380,refined_cluster_cluster_380
85700,380,refined_cluster_cluster_380
85750,221,refined_cluster_cluster_221
85790,221,refined_cluster_cluster_221
30620,643,refined_cluster_cluster_643
30160,643,refined_cluster_cluster_643
30218,643,refined_cluster_cluster_643
32188,643,refined_cluster_cluster_643
30165,643,refined_cluster_cluster_643
56974600,2136,refined_cluster_cluster_2136
54735790,2136,refined_cluster_cluster_2136
54735770,2136,refined_cluster_cluster_2136
30209,2136,refined_cluster_cluster_2136
31115,2136,refined_cluster_cluster_2136
420009,1976,refined_cluster_cluster_1976
30171,1976,refined_cluster_cluster_1976
12253,693,refined_cluster_cluster_693
12250978,693,refined_cluster_cluster_693
55629550,2517,refined_cluster_cluster_2517
4185,2517,refined_cluster_cluster_2517
55629560,2517,refined_cluster_cluster_2517
12001FR,1483,refined_cluster_cluster_1483
12001FR,1483,refined_cluster_cluster_1483
12003FR,1482,refined_cluster_cluster_1482
1200010,1482,refined_cluster_cluster_1482
120001,1500,refined_cluster_cluster_1500
12000465,1500,refined_cluster_cluster_1500
1200NZ,1500,refined_cluster_cluster_1500
420000,456,refined_cluster_cluster_456
58479600,456,refined_cluster_cluster_456
52502000,425,refined_cluster_cluster_425
20079980,425,refined_cluster_cluster_425
52142002,425,refined_cluster_cluster_425
51503060,195,refined_cluster_cluster_195
51503050,195,refined_cluster_cluster_195
420500,1257,refined_cluster_cluster_1257
50004852,1257,refined_cluster_cluster_1257
1224420,2082,refined_cluster_cluster_2082
12089108,2082,refined_cluster_cluster_2082
1224628,2344,refined_cluster_cluster_2344
123236,2344,refined_cluster_cluster_2344
123235,2344,refined_cluster_cluster_2344
59560001,1341,refined_cluster_cluster_1341
12252,1341,refined_cluster_cluster_1341
121217,431,refined_cluster_cluster_431
121215,431,refined_cluster_cluster_431
20045960,448,refined_cluster_cluster_448
20049980,448,refined_cluster_cluster_448
20045660,448,refined_cluster_cluster_448
30114,1717,refined_cluster_cluster_1717
30113,1717,refined_cluster_cluster_1717
121427,1455,refined_cluster_cluster_1455
1214206,1455,refined_cluster_cluster_1455
1204511,1349,refined_cluster_cluster_1349
1204512,1349,refined_cluster_cluster_1349
1204510,1349,refined_cluster_cluster_1349
120441,1349,refined_cluster_cluster_1349
122488,2088,refined_cluster_cluster_2088
122488,2088,refined_cluster_cluster_2088
20051420,1203,refined_cluster_cluster_1203
12260,1203,refined_cluster_cluster_1203
20031420,1203,refined_cluster_cluster_1203
122562,1502,refined_cluster_cluster_1502
122510,1502,refined_cluster_cluster_1502
50890130,1105,refined_cluster_cluster_1105
59890110,1105,refined_cluster_cluster_1105
12043B,1456,refined_cluster_cluster_1456
12043A,1456,refined_cluster_cluster_1456
1225629,1456,refined_cluster_cluster_1456
12043A,1456,refined_cluster_cluster_1456
20099980,1150,refined_cluster_cluster_1150
36021,1150,refined_cluster_cluster_1150
30202220,1150,refined_cluster_cluster_1150
37322,2686,refined_cluster_cluster_2686
37325,2686,refined_cluster_cluster_2686
54956000,2144,refined_cluster_cluster_2144
12174882,2144,refined_cluster_cluster_2144
12174889,2144,refined_cluster_cluster_2144
12174893,2144,refined_cluster_cluster_2144
12102032,2144,refined_cluster_cluster_2144
12102034,2144,refined_cluster_cluster_2144
12180,1247,refined_cluster_cluster_1247
12180,1247,refined_cluster_cluster_1247
122105,3135,refined_cluster_cluster_3135
53448244,3135,refined_cluster_cluster_3135
53949500,3135,refined_cluster_cluster_3135
53448246,3135,refined_cluster_cluster_3135
12322003,3135,refined_cluster_cluster_3135
52142001,3135,refined_cluster_cluster_3135
12272,3135,refined_cluster_cluster_3135
53449245,3135,refined_cluster_cluster_3135
30010,2516,refined_cluster_cluster_2516
420010,2516,refined_cluster_cluster_2516
25099980,2516,refined_cluster_cluster_2516
25025970,580,refined_cluster_cluster_580
25029980,580,refined_cluster_cluster_580
37037,2685,refined_cluster_cluster_2685
36001,2685,refined_cluster_cluster_2685
12261011,2400,refined_cluster_cluster_2400
12261012,2400,refined_cluster_cluster_2400
53256600,1919,refined_cluster_cluster_1919
59610300,1919,refined_cluster_cluster_1919
12323A,1932,refined_cluster_cluster_1932
12322A,1932,refined_cluster_cluster_1932
1236,1932,refined_cluster_cluster_1932
12325,1932,refined_cluster_cluster_1932
53857450,2336,refined_cluster_cluster_2336
53610215,2336,refined_cluster_cluster_2336
53610277,2336,refined_cluster_cluster_2336
53610228,2336,refined_cluster_cluster_2336
12288,1935,refined_cluster_cluster_1935
12322004,1935,refined_cluster_cluster_1935
123177,1935,refined_cluster_cluster_1935
12289,1935,refined_cluster_cluster_1935
1233034,1936,refined_cluster_cluster_1936
1233034,1936,refined_cluster_cluster_1936
12328,2139,refined_cluster_cluster_2139
1232810,2139,refined_cluster_cluster_2139
12322001,2139,refined_cluster_cluster_2139
12329,2138,refined_cluster_cluster_2138
123296,2138,refined_cluster_cluster_2138
122621,1503,refined_cluster_cluster_1503
122661,1503,refined_cluster_cluster_1503
50445577,1104,refined_cluster_cluster_1104
50445578,1104,refined_cluster_cluster_1104
12010,2065,refined_cluster_cluster_2065
1201104,2065,refined_cluster_cluster_2065
12021206,2057,refined_cluster_cluster_2057
12021204,2057,refined_cluster_cluster_2057
12022,2056,refined_cluster_cluster_2056
12017,2056,refined_cluster_cluster_2056
12017,2056,refined_cluster_cluster_2056
12021,2064,refined_cluster_cluster_2064
12024,2064,refined_cluster_cluster_2064
12024,2064,refined_cluster_cluster_2064
59055112,2090,refined_cluster_cluster_2090
59055114,2090,refined_cluster_cluster_2090
59055116,2090,refined_cluster_cluster_2090
59055118,2090,refined_cluster_cluster_2090
59850550,2089,refined_cluster_cluster_2089
59550023,2089,refined_cluster_cluster_2089
59055122,2089,refined_cluster_cluster_2089
59550024,2089,refined_cluster_cluster_2089
59550026,2089,refined_cluster_cluster_2089
59055124,2091,refined_cluster_cluster_2091
59055126,2091,refined_cluster_cluster_2091
59055128,2091,refined_cluster_cluster_2091
52319220,434,refined_cluster_cluster_434
52319260,434,refined_cluster_cluster_434
1204801,2062,refined_cluster_cluster_2062
12055,2062,refined_cluster_cluster_2062
12065,2062,refined_cluster_cluster_2062
12061,2062,refined_cluster_cluster_2062
12070,2062,refined_cluster_cluster_2062
1206122,2062,refined_cluster_cluster_2062
12071,2062,refined_cluster_cluster_2062
120718,2062,refined_cluster_cluster_2062
120674,2062,refined_cluster_cluster_2062
12044,2063,refined_cluster_cluster_2063
12054,2063,refined_cluster_cluster_2063
123146,2365,refined_cluster_cluster_2365
12312210,2365,refined_cluster_cluster_2365
12312102,2220,refined_cluster_cluster_2220
23009980,2220,refined_cluster_cluster_2220
59713770,1736,refined_cluster_cluster_1736
59713751,1736,refined_cluster_cluster_1736
59713750,1736,refined_cluster_cluster_1736
12086646,1755,refined_cluster_cluster_1755
12086645,1755,refined_cluster_cluster_1755
1208943,2093,refined_cluster_cluster_2093
1208945,2093,refined_cluster_cluster_2093
120891,2092,refined_cluster_cluster_2092
1201113,2092,refined_cluster_cluster_2092
120891,2092,refined_cluster_cluster_2092
1208941,2085,refined_cluster_cluster_2085
1208944,2085,refined_cluster_cluster_2085
420052,1745,refined_cluster_cluster_1745
420052,1745,refined_cluster_cluster_1745
12268,1138,refined_cluster_cluster_1138
12271,1138,refined_cluster_cluster_1138
20009982,1774,refined_cluster_cluster_1774
30020,1774,refined_cluster_cluster_1774
90019981,652,refined_cluster_cluster_652
90019980,652,refined_cluster_cluster_652
97103109,652,refined_cluster_cluster_652
93220,653,refined_cluster_cluster_653
93222,653,refined_cluster_cluster_653
750011,1318,refined_cluster_cluster_1318
750013,1318,refined_cluster_cluster_1318
620063,1318,refined_cluster_cluster_1318
620038,581,refined_cluster_cluster_581
620029,581,refined_cluster_cluster_581
411016,1201,refined_cluster_cluster_1201
410065,1201,refined_cluster_cluster_1201
410065,1201,refined_cluster_cluster_1201
410077,1200,refined_cluster_cluster_1200
410118,1200,refined_cluster_cluster_1200
93940,509,refined_cluster_cluster_509
93690,509,refined_cluster_cluster_509
906131,508,refined_cluster_cluster_508
9061323,508,refined_cluster_cluster_508
90613,508,refined_cluster_cluster_508
50166,277,refined_cluster_cluster_277
50144514,277,refined_cluster_cluster_277
50157,277,refined_cluster_cluster_277
50133,220,refined_cluster_cluster_220
501321,220,refined_cluster_cluster_220
50134289,375,refined_cluster_cluster_375
50134291,375,refined_cluster_cluster_375
50134294,375,refined_cluster_cluster_375
50134290,375,refined_cluster_cluster_375
50133401,314,refined_cluster_cluster_314
31880,314,refined_cluster_cluster_314
99032L32,461,refined_cluster_cluster_461
990367,461,refined_cluster_cluster_461
990368,461,refined_cluster_cluster_461
9903210,461,refined_cluster_cluster_461
99032L33,461,refined_cluster_cluster_461
990321,457,refined_cluster_cluster_457
99029,457,refined_cluster_cluster_457
990371,450,refined_cluster_cluster_450
990372,450,refined_cluster_cluster_450
10303694,1355,refined_cluster_cluster_1355
10301004,1355,refined_cluster_cluster_1355
31570,276,refined_cluster_cluster_276
50149,276,refined_cluster_cluster_276
50151,276,refined_cluster_cluster_276
50150,276,refined_cluster_cluster_276
18020760,2420,refined_cluster_cluster_2420
18010760,2420,refined_cluster_cluster_2420
SP160,2677,refined_cluster_cluster_2677
39000150,2677,refined_cluster_cluster_2677
38141912,2677,refined_cluster_cluster_2677
620057,2677,refined_cluster_cluster_2677
13932,2675,refined_cluster_cluster_2675
1834205,2675,refined_cluster_cluster_2675
1834230,2675,refined_cluster_cluster_2675
1834215,2675,refined_cluster_cluster_2675
13964878,2675,refined_cluster_cluster_2675
13964889,2675,refined_cluster_cluster_2675
1834215Z,2675,refined_cluster_cluster_2675
1834240Z,2675,refined_cluster_cluster_2675
1834205Z,2675,refined_cluster_cluster_2675
1834230,2675,refined_cluster_cluster_2675
10141140,2396,refined_cluster_cluster_2396
10141020,2396,refined_cluster_cluster_2396
10141870,2396,refined_cluster_cluster_2396
10143330,2396,refined_cluster_cluster_2396
10743330,2396,refined_cluster_cluster_2396
50031850,2369,refined_cluster_cluster_2369
50039980,2369,refined_cluster_cluster_2369
50133390,2368,refined_cluster_cluster_2368
50033390,2368,refined_cluster_cluster_2368
40171530,2814,refined_cluster_cluster_2814
40271530,2814,refined_cluster_cluster_2814
45031530,2814,refined_cluster_cluster_2814
22148A,1140,refined_cluster_cluster_1140
1383434,1140,refined_cluster_cluster_1140
1383434Z,1140,refined_cluster_cluster_1140
1383410,1139,refined_cluster_cluster_1139
1383427,1139,refined_cluster_cluster_1139
1383410Z,1139,refined_cluster_cluster_1139
1383447,1139,refined_cluster_cluster_1139
60080,1169,refined_cluster_cluster_1169
60030,1169,refined_cluster_cluster_1169
60031,1169,refined_cluster_cluster_1169
78239989,1168,refined_cluster_cluster_1168
78211669,1168,refined_cluster_cluster_1168
78219980,1168,refined_cluster_cluster_1168
78222999,1161,refined_cluster_cluster_1161
78224369,1161,refined_cluster_cluster_1161
78221649,1161,refined_cluster_cluster_1161
596369,1161,refined_cluster_cluster_1161
21061,1167,refined_cluster_cluster_1167
21053,1167,refined_cluster_cluster_1167
97451900,2716,refined_cluster_cluster_2716
97751900,2716,refined_cluster_cluster_2716
97891900,2707,refined_cluster_cluster_2707
97971900,2707,refined_cluster_cluster_2707
97651900,2715,refined_cluster_cluster_2715
97871900,2715,refined_cluster_cluster_2715
97881900,2715,refined_cluster_cluster_2715
97861900,2717,refined_cluster_cluster_2717
97951900,2717,refined_cluster_cluster_2717
97841900,2718,refined_cluster_cluster_2718
97851900,2718,refined_cluster_cluster_2718
44001920,2743,refined_cluster_cluster_2743
44003350,2743,refined_cluster_cluster_2743
44129980,3219,refined_cluster_cluster_3219
20104,3219,refined_cluster_cluster_3219
44021060,3117,refined_cluster_cluster_3117
44041060,3117,refined_cluster_cluster_3117
44031060,3117,refined_cluster_cluster_3117
153700009,3117,refined_cluster_cluster_3117
44031150,3117,refined_cluster_cluster_3117
44003460,3118,refined_cluster_cluster_3118
44001980,3118,refined_cluster_cluster_3118
44809980,2996,refined_cluster_cluster_2996
240009,2996,refined_cluster_cluster_2996
44503570,3244,refined_cluster_cluster_3244
44603570,3244,refined_cluster_cluster_3244
44133570,3220,refined_cluster_cluster_3220
44181010,3220,refined_cluster_cluster_3220
44131060,3221,refined_cluster_cluster_3221
44181060,3221,refined_cluster_cluster_3221
44333570,3243,refined_cluster_cluster_3243
44201010,3243,refined_cluster_cluster_3243
44121010,3243,refined_cluster_cluster_3243
44421010,3243,refined_cluster_cluster_3243
44131150,357,refined_cluster_cluster_357
44121920,357,refined_cluster_cluster_357
44121150,357,refined_cluster_cluster_357
44121980,3178,refined_cluster_cluster_3178
44123350,3178,refined_cluster_cluster_3178
20105,3178,refined_cluster_cluster_3178
44211060,3164,refined_cluster_cluster_3164
44201060,3164,refined_cluster_cluster_3164
44209990,3164,refined_cluster_cluster_3164
44199990,3164,refined_cluster_cluster_3164
44191010,3163,refined_cluster_cluster_3163
44243570,3163,refined_cluster_cluster_3163
40239980,1877,refined_cluster_cluster_1877
130769,1877,refined_cluster_cluster_1877
100000004,1293,refined_cluster_cluster_1293
100000003,1293,refined_cluster_cluster_1293
900004,72,refined_cluster_cluster_72
900212,72,refined_cluster_cluster_72
97498780,2084,refined_cluster_cluster_2084
97486780,2084,refined_cluster_cluster_2084
97497780,2083,refined_cluster_cluster_2083
97499780,2083,refined_cluster_cluster_2083
97481780,2079,refined_cluster_cluster_2079
97489780,2079,refined_cluster_cluster_2079
97482780,2079,refined_cluster_cluster_2079
97496780,2079,refined_cluster_cluster_2079
78245829,1362,refined_cluster_cluster_1362
79185829,1362,refined_cluster_cluster_1362
79085829,1362,refined_cluster_cluster_1362
31560,210,refined_cluster_cluster_210
22080207,210,refined_cluster_cluster_210
86043,209,refined_cluster_cluster_209
30571016,209,refined_cluster_cluster_209
91111120,209,refined_cluster_cluster_209
86040,209,refined_cluster_cluster_209
95035034,411,refined_cluster_cluster_411
95035023,411,refined_cluster_cluster_411
999999,20,refined_cluster_cluster_20
99911,20,refined_cluster_cluster_20
93667812,811,refined_cluster_cluster_811
86050,811,refined_cluster_cluster_811
53224240,1180,refined_cluster_cluster_1180
53324240,1180,refined_cluster_cluster_1180
1397053,1242,refined_cluster_cluster_1242
2213069,1242,refined_cluster_cluster_1242
22139658,1243,refined_cluster_cluster_1243
22139657,1243,refined_cluster_cluster_1243
22139661,1243,refined_cluster_cluster_1243
22139659,1243,refined_cluster_cluster_1243
22139,96,refined_cluster_cluster_96
2239E1,96,refined_cluster_cluster_96
50142010,101,refined_cluster_cluster_101
50142011,101,refined_cluster_cluster_101
42000,1680,refined_cluster_cluster_1680
17123810,1680,refined_cluster_cluster_1680
43466021,1495,refined_cluster_cluster_1495
46602,1495,refined_cluster_cluster_1495
43468021,1495,refined_cluster_cluster_1495
43400212,1497,refined_cluster_cluster_1497
43464041,1497,refined_cluster_cluster_1497
43468201,1497,refined_cluster_cluster_1497
43468001,1497,refined_cluster_cluster_1497
43400412,1498,refined_cluster_cluster_1498
43400112,1498,refined_cluster_cluster_1498
43466121,1496,refined_cluster_cluster_1496
43468121,1496,refined_cluster_cluster_1496
43478721,1496,refined_cluster_cluster_1496
43468181,1496,refined_cluster_cluster_1496
43480601,1481,refined_cluster_cluster_1481
43447620,1481,refined_cluster_cluster_1481
43486589,1481,refined_cluster_cluster_1481
43476021,1481,refined_cluster_cluster_1481
43478481,1481,refined_cluster_cluster_1481
43443021,649,refined_cluster_cluster_649
43430112,649,refined_cluster_cluster_649
43430102,649,refined_cluster_cluster_649
43350011,2378,refined_cluster_cluster_2378
43350112,2378,refined_cluster_cluster_2378
22048214,1485,refined_cluster_cluster_1485
43486567,1485,refined_cluster_cluster_1485
43486501,1485,refined_cluster_cluster_1485
41132001,2377,refined_cluster_cluster_2377
43221001,2377,refined_cluster_cluster_2377
43220012,2377,refined_cluster_cluster_2377
11401,2377,refined_cluster_cluster_2377
11411,2377,refined_cluster_cluster_2377
43230011,2375,refined_cluster_cluster_2375
43230012,2375,refined_cluster_cluster_2375
620243,406,refined_cluster_cluster_406
620241,406,refined_cluster_cluster_406
620242,406,refined_cluster_cluster_406
30010001,513,refined_cluster_cluster_513
30010010,513,refined_cluster_cluster_513
30112,507,refined_cluster_cluster_507
30114,507,refined_cluster_cluster_507
30115,512,refined_cluster_cluster_512
30111,512,refined_cluster_cluster_512
903001,758,refined_cluster_cluster_758
25201,758,refined_cluster_cluster_758
25211,758,refined_cluster_cluster_758
90100,274,refined_cluster_cluster_274
25550,274,refined_cluster_cluster_274
50000000,48,refined_cluster_cluster_48
MISC,48,refined_cluster_cluster_48
128017,135,refined_cluster_cluster_135
128014,135,refined_cluster_cluster_135
900610,316,refined_cluster_cluster_316
901610,316,refined_cluster_cluster_316
2243648,522,refined_cluster_cluster_522
224075,522,refined_cluster_cluster_522
224075,522,refined_cluster_cluster_522
744075,522,refined_cluster_cluster_522
34183250,233,refined_cluster_cluster_233
22154,233,refined_cluster_cluster_233
224180,521,refined_cluster_cluster_521
224076Z,521,refined_cluster_cluster_521
920223,3,refined_cluster_cluster_3
920224,3,refined_cluster_cluster_3
920225,3,refined_cluster_cluster_3
7019404,158,refined_cluster_cluster_158
7019401,158,refined_cluster_cluster_158
83372,127,refined_cluster_cluster_127
83360,127,refined_cluster_cluster_127
83362,127,refined_cluster_cluster_127
50474104,261,refined_cluster_cluster_261
50474100,261,refined_cluster_cluster_261
90384,261,refined_cluster_cluster_261
50474,262,refined_cluster_cluster_262
31541,262,refined_cluster_cluster_262
62160,972,refined_cluster_cluster_972
78864369,972,refined_cluster_cluster_972
598369,972,refined_cluster_cluster_972
210526,378,refined_cluster_cluster_378
210527,378,refined_cluster_cluster_378
78664360,958,refined_cluster_cluster_958
594360,958,refined_cluster_cluster_958
91140,1036,refined_cluster_cluster_1036
91141,1036,refined_cluster_cluster_1036
92003500,645,refined_cluster_cluster_645
92009980,645,refined_cluster_cluster_645
92002470,645,refined_cluster_cluster_645
92003510,645,refined_cluster_cluster_645
92013510,645,refined_cluster_cluster_645
45406,646,refined_cluster_cluster_646
45409793,646,refined_cluster_cluster_646
45406990,647,refined_cluster_cluster_647
45406989,647,refined_cluster_cluster_647
45406966,647,refined_cluster_cluster_647
45407,401,refined_cluster_cluster_401
45409,401,refined_cluster_cluster_401
99521444,240,refined_cluster_cluster_240
99521445,240,refined_cluster_cluster_240
31550,76,refined_cluster_cluster_76
31551,76,refined_cluster_cluster_76
450082,810,refined_cluster_cluster_810
450001,810,refined_cluster_cluster_810
10051160,2260,refined_cluster_cluster_2260
10051876,2260,refined_cluster_cluster_2260
10053757,2260,refined_cluster_cluster_2260
10051590,1520,refined_cluster_cluster_1520
10051320,1520,refined_cluster_cluster_1520
10051120,1520,refined_cluster_cluster_1520
10051620,1520,refined_cluster_cluster_1520
10051130,1520,refined_cluster_cluster_1520
10051090,1520,refined_cluster_cluster_1520
13281120,1520,refined_cluster_cluster_1520
40409980,3030,refined_cluster_cluster_3030
40109990,3030,refined_cluster_cluster_3030
40103570,2765,refined_cluster_cluster_2765
40201010,2765,refined_cluster_cluster_2765
40101060,2905,refined_cluster_cluster_2905
40061060,2905,refined_cluster_cluster_2905
40201060,2905,refined_cluster_cluster_2905
50001850,2008,refined_cluster_cluster_2008
50001220,2008,refined_cluster_cluster_2008
60009980,2357,refined_cluster_cluster_2357
60004310,2357,refined_cluster_cluster_2357
60001770,2357,refined_cluster_cluster_2357
420014,1343,refined_cluster_cluster_1343
420015,1343,refined_cluster_cluster_1343
62910,45,refined_cluster_cluster_45
62710,45,refined_cluster_cluster_45
62610,45,refined_cluster_cluster_45
59124240,2007,refined_cluster_cluster_2007
59014240,2007,refined_cluster_cluster_2007
59024240,2007,refined_cluster_cluster_2007
750012,1086,refined_cluster_cluster_1086
38888500,1086,refined_cluster_cluster_1086
22249,1086,refined_cluster_cluster_1086
24990,540,refined_cluster_cluster_540
24991,540,refined_cluster_cluster_540
24992,540,refined_cluster_cluster_540
78279989,2047,refined_cluster_cluster_2047
78289989,2047,refined_cluster_cluster_2047
78271710,2047,refined_cluster_cluster_2047
73059989,2047,refined_cluster_cluster_2047
73052463,2047,refined_cluster_cluster_2047
78274529,2039,refined_cluster_cluster_2039
78271109,2039,refined_cluster_cluster_2039
78274759,2043,refined_cluster_cluster_2043
78284759,2043,refined_cluster_cluster_2043
78273479,2048,refined_cluster_cluster_2048
78283479,2048,refined_cluster_cluster_2048
78293470,2048,refined_cluster_cluster_2048
73053479,2048,refined_cluster_cluster_2048
73005809,1581,refined_cluster_cluster_1581
73075809,1581,refined_cluster_cluster_1581
80663000,873,refined_cluster_cluster_873
62090,873,refined_cluster_cluster_873
21054P,894,refined_cluster_cluster_894
210540,894,refined_cluster_cluster_894
78559989,883,refined_cluster_cluster_883
78554369,883,refined_cluster_cluster_883
2105410,893,refined_cluster_cluster_893
21054W,893,refined_cluster_cluster_893
21054A,893,refined_cluster_cluster_893
21054O,893,refined_cluster_cluster_893
73014529,876,refined_cluster_cluster_876
73019980,876,refined_cluster_cluster_876
73012219,876,refined_cluster_cluster_876
73115319,905,refined_cluster_cluster_905
73149989,905,refined_cluster_cluster_905
73145319,905,refined_cluster_cluster_905
73159989,905,refined_cluster_cluster_905
73021106,890,refined_cluster_cluster_890
73031106,890,refined_cluster_cluster_890
73121869,908,refined_cluster_cluster_908
73031869,908,refined_cluster_cluster_908
73039986,907,refined_cluster_cluster_907
73139989,907,refined_cluster_cluster_907
73049986,907,refined_cluster_cluster_907
73051106,907,refined_cluster_cluster_907
73141869,903,refined_cluster_cluster_903
73151869,903,refined_cluster_cluster_903
91405500,120,refined_cluster_cluster_120
93212,120,refined_cluster_cluster_120
93215,120,refined_cluster_cluster_120
93300,120,refined_cluster_cluster_120
86001,120,refined_cluster_cluster_120
93214,203,refined_cluster_cluster_203
90025860,203,refined_cluster_cluster_203
93279010,121,refined_cluster_cluster_121
932210,121,refined_cluster_cluster_121
932216,121,refined_cluster_cluster_121
900715,1228,refined_cluster_cluster_1228
909852,1228,refined_cluster_cluster_1228
906522,1228,refined_cluster_cluster_1228
90482,122,refined_cluster_cluster_122
90483,122,refined_cluster_cluster_122
90482013,123,refined_cluster_cluster_123
90486,123,refined_cluster_cluster_123
94956410,123,refined_cluster_cluster_123
701747,377,refined_cluster_cluster_377
701749,377,refined_cluster_cluster_377
70175012,610,refined_cluster_cluster_610
70175010,610,refined_cluster_cluster_610
70174501,607,refined_cluster_cluster_607
701745,607,refined_cluster_cluster_607
701750,607,refined_cluster_cluster_607
31921,607,refined_cluster_cluster_607
31710,607,refined_cluster_cluster_607
70173129,99,refined_cluster_cluster_99
70179,99,refined_cluster_cluster_99
50140304,216,refined_cluster_cluster_216
50140301,216,refined_cluster_cluster_216
94282,242,refined_cluster_cluster_242
85611,242,refined_cluster_cluster_242
22080177,242,refined_cluster_cluster_242
190103,2653,refined_cluster_cluster_2653
610103,2653,refined_cluster_cluster_2653
610102,2653,refined_cluster_cluster_2653
620135,257,refined_cluster_cluster_257
620136,257,refined_cluster_cluster_257
620132,257,refined_cluster_cluster_257
520113,2486,refined_cluster_cluster_2486
520114,2486,refined_cluster_cluster_2486
520115,2486,refined_cluster_cluster_2486
520117,2486,refined_cluster_cluster_2486
520118,2486,refined_cluster_cluster_2486
590663,2434,refined_cluster_cluster_2434
207900043,2434,refined_cluster_cluster_2434
207900039,2434,refined_cluster_cluster_2434
521013,2509,refined_cluster_cluster_2509
521014,2509,refined_cluster_cluster_2509
520116,2509,refined_cluster_cluster_2509
521018,2509,refined_cluster_cluster_2509
740718,2706,refined_cluster_cluster_2706
712820,2706,refined_cluster_cluster_2706
75356970,1340,refined_cluster_cluster_1340
912769,1340,refined_cluster_cluster_1340
174040,3029,refined_cluster_cluster_3029
174050,3029,refined_cluster_cluster_3029
84053,31,refined_cluster_cluster_31
84055,31,refined_cluster_cluster_31
116600002,1116,refined_cluster_cluster_1116
150005,1116,refined_cluster_cluster_1116
152100,1624,refined_cluster_cluster_1624
152060,1624,refined_cluster_cluster_1624
150007,773,refined_cluster_cluster_773
16029986,773,refined_cluster_cluster_773
16029980,773,refined_cluster_cluster_773
16023760,773,refined_cluster_cluster_773
16021320,773,refined_cluster_cluster_773
16021000,773,refined_cluster_cluster_773
150004,773,refined_cluster_cluster_773
16021054,2196,refined_cluster_cluster_2196
16021056,2196,refined_cluster_cluster_2196
180022,1019,refined_cluster_cluster_1019
180016,1019,refined_cluster_cluster_1019
10429980,1031,refined_cluster_cluster_1031
10421050,1031,refined_cluster_cluster_1031
10421070,1031,refined_cluster_cluster_1031
10521050,1034,refined_cluster_cluster_1034
10411050,1034,refined_cluster_cluster_1034
10401050,1034,refined_cluster_cluster_1034
10391050,1034,refined_cluster_cluster_1034
10423760,1020,refined_cluster_cluster_1020
10393760,1020,refined_cluster_cluster_1020
10401320,1024,refined_cluster_cluster_1024
10401120,1024,refined_cluster_cluster_1024
10391130,1024,refined_cluster_cluster_1024
10391320,1024,refined_cluster_cluster_1024
10391120,1024,refined_cluster_cluster_1024
10394900,1029,refined_cluster_cluster_1029
10394830,1029,refined_cluster_cluster_1029
207900014,1029,refined_cluster_cluster_1029
10399980,1029,refined_cluster_cluster_1029
207900024,1021,refined_cluster_cluster_1021
10401000,1021,refined_cluster_cluster_1021
10391000,1021,refined_cluster_cluster_1021
10391005,1021,refined_cluster_cluster_1021
10391160,1021,refined_cluster_cluster_1021
10391140,1022,refined_cluster_cluster_1022
10391145,1022,refined_cluster_cluster_1022
21053O,222,refined_cluster_cluster_222
210531,222,refined_cluster_cluster_222
21053O,222,refined_cluster_cluster_222
21053K,223,refined_cluster_cluster_223
21053G,223,refined_cluster_cluster_223
80165,223,refined_cluster_cluster_223
530152,2051,refined_cluster_cluster_2051
530152,2051,refined_cluster_cluster_2051
315742,543,refined_cluster_cluster_543
314622,543,refined_cluster_cluster_543
750052,1004,refined_cluster_cluster_1004
150010,1004,refined_cluster_cluster_1004
203801,27,refined_cluster_cluster_27
99502,27,refined_cluster_cluster_27
99216600,42,refined_cluster_cluster_42
PALLETS,42,refined_cluster_cluster_42
71000,700,refined_cluster_cluster_700
71001,700,refined_cluster_cluster_700
71002,700,refined_cluster_cluster_700
71003,700,refined_cluster_cluster_700
71005,699,refined_cluster_cluster_699
71006,699,refined_cluster_cluster_699
71004,699,refined_cluster_cluster_699
537452,1662,refined_cluster_cluster_1662
72840,1662,refined_cluster_cluster_1662
534360,1317,refined_cluster_cluster_1317
534369,1317,refined_cluster_cluster_1317
533369,1317,refined_cluster_cluster_1317
536360,1317,refined_cluster_cluster_1317
560023,1325,refined_cluster_cluster_1325
78694369,1325,refined_cluster_cluster_1325
71010,626,refined_cluster_cluster_626
78604360,626,refined_cluster_cluster_626
78584369,626,refined_cluster_cluster_626
78454369,626,refined_cluster_cluster_626
597151,672,refined_cluster_cluster_672
78844360,672,refined_cluster_cluster_672
78144360,672,refined_cluster_cluster_672
78944360,672,refined_cluster_cluster_672
90271132,131,refined_cluster_cluster_131
90271109,131,refined_cluster_cluster_131
13441017,110,refined_cluster_cluster_110
22175,110,refined_cluster_cluster_110
35020000,111,refined_cluster_cluster_111
35020001,111,refined_cluster_cluster_111
50130560,205,refined_cluster_cluster_205
31840,205,refined_cluster_cluster_205
99520,320,refined_cluster_cluster_320
99518,320,refined_cluster_cluster_320
99519,320,refined_cluster_cluster_320
99550,306,refined_cluster_cluster_306
99552,306,refined_cluster_cluster_306
SP0011,16,refined_cluster_cluster_16
SP0010,16,refined_cluster_cluster_16
22080234,534,refined_cluster_cluster_534
22080236,534,refined_cluster_cluster_534
97362,1330,refined_cluster_cluster_1330
97291,1330,refined_cluster_cluster_1330
97925,1330,refined_cluster_cluster_1330
97116,1330,refined_cluster_cluster_1330
85237,268,refined_cluster_cluster_268
85238,268,refined_cluster_cluster_268
31620,230,refined_cluster_cluster_230
31619,230,refined_cluster_cluster_230
50138108,230,refined_cluster_cluster_230
80512BK,912,refined_cluster_cluster_912
80512B1,912,refined_cluster_cluster_912
220101,1202,refined_cluster_cluster_1202
722647,1202,refined_cluster_cluster_1202
1832016,1119,refined_cluster_cluster_1119
1832013,1119,refined_cluster_cluster_1119
1832012,1119,refined_cluster_cluster_1119
1832012Z,1119,refined_cluster_cluster_1119
1832010Z,1119,refined_cluster_cluster_1119
1832647,1120,refined_cluster_cluster_1120
1832633,1120,refined_cluster_cluster_1120
1832633Z,1120,refined_cluster_cluster_1120
1832647,1120,refined_cluster_cluster_1120
1832646Z,1120,refined_cluster_cluster_1120
91090115,153,refined_cluster_cluster_153
91090119,153,refined_cluster_cluster_153
13ND263,1172,refined_cluster_cluster_1172
13ND261,1172,refined_cluster_cluster_1172
13ND262,1172,refined_cluster_cluster_1172
805466,1172,refined_cluster_cluster_1172
66004310,197,refined_cluster_cluster_197
1786378,197,refined_cluster_cluster_197
1786379,197,refined_cluster_cluster_197
83490,129,refined_cluster_cluster_129
83450,129,refined_cluster_cluster_129
13071214,1536,refined_cluster_cluster_1536
13071211,1536,refined_cluster_cluster_1536
13071004,1542,refined_cluster_cluster_1542
13071024,1542,refined_cluster_cluster_1542
34232635,399,refined_cluster_cluster_399
34232655,399,refined_cluster_cluster_399
50140219,845,refined_cluster_cluster_845
50140210,845,refined_cluster_cluster_845
50140213,845,refined_cluster_cluster_845
50140215,845,refined_cluster_cluster_845
50140214,845,refined_cluster_cluster_845
50140216,845,refined_cluster_cluster_845
22080222,368,refined_cluster_cluster_368
96044,368,refined_cluster_cluster_368
501561,828,refined_cluster_cluster_828
501471,828,refined_cluster_cluster_828
50147,828,refined_cluster_cluster_828
50156,828,refined_cluster_cluster_828
50171,828,refined_cluster_cluster_828
50143,830,refined_cluster_cluster_830
5014414,830,refined_cluster_cluster_830
5014412,830,refined_cluster_cluster_830
5014413,830,refined_cluster_cluster_830
50165,829,refined_cluster_cluster_829
84150,829,refined_cluster_cluster_829
31640,844,refined_cluster_cluster_844
501391,844,refined_cluster_cluster_844
501384,844,refined_cluster_cluster_844
50138,844,refined_cluster_cluster_844
50140,841,refined_cluster_cluster_841
50146,841,refined_cluster_cluster_841
31670,841,refined_cluster_cluster_841
85162,714,refined_cluster_cluster_714
750425,714,refined_cluster_cluster_714
90526012,659,refined_cluster_cluster_659
90527,659,refined_cluster_cluster_659
90527465,659,refined_cluster_cluster_659
22209,911,refined_cluster_cluster_911
22212,911,refined_cluster_cluster_911
22PC57,910,refined_cluster_cluster_910
22206,910,refined_cluster_cluster_910
22PC57,910,refined_cluster_cluster_910
22200,1008,refined_cluster_cluster_1008
22198,1008,refined_cluster_cluster_1008
22203,1008,refined_cluster_cluster_1008
22102,1008,refined_cluster_cluster_1008
78284360,1464,refined_cluster_cluster_1464
79234360,1464,refined_cluster_cluster_1464
79134360,1464,refined_cluster_cluster_1464
390423,1085,refined_cluster_cluster_1085
390471,1085,refined_cluster_cluster_1085
610009,2789,refined_cluster_cluster_2789
620540,2789,refined_cluster_cluster_2789
SP410,2789,refined_cluster_cluster_2789
610010,2794,refined_cluster_cluster_2794
41802010,2794,refined_cluster_cluster_2794
124030,1895,refined_cluster_cluster_1895
124040,1895,refined_cluster_cluster_1895
124050,1895,refined_cluster_cluster_1895
124060,1895,refined_cluster_cluster_1895
124080,1895,refined_cluster_cluster_1895
19250,144,refined_cluster_cluster_144
350354,144,refined_cluster_cluster_144
170861,176,refined_cluster_cluster_176
140811,176,refined_cluster_cluster_176
PICKUP,2,refined_cluster_cluster_2
PICKUP,2,refined_cluster_cluster_2
COLLECT,2,refined_cluster_cluster_2
91149,165,refined_cluster_cluster_165
91144440,165,refined_cluster_cluster_165
91155,165,refined_cluster_cluster_165
91153,165,refined_cluster_cluster_165
91144444,165,refined_cluster_cluster_165
91148465,166,refined_cluster_cluster_166
91156133,166,refined_cluster_cluster_166
91156132,166,refined_cluster_cluster_166
47159980,3065,refined_cluster_cluster_3065
47041920,3065,refined_cluster_cluster_3065
47059980,3065,refined_cluster_cluster_3065
47059990,3065,refined_cluster_cluster_3065
47051920,3065,refined_cluster_cluster_3065
31004001,3065,refined_cluster_cluster_3065
47143570,3063,refined_cluster_cluster_3063
47043570,3063,refined_cluster_cluster_3063
47053570,3063,refined_cluster_cluster_3063
20190,3063,refined_cluster_cluster_3063
47042010,3066,refined_cluster_cluster_3066
47041060,3066,refined_cluster_cluster_3066
900082,1160,refined_cluster_cluster_1160
900080,1160,refined_cluster_cluster_1160
900081,1160,refined_cluster_cluster_1160
190930,3082,refined_cluster_cluster_3082
190540,3082,refined_cluster_cluster_3082
280018,1087,refined_cluster_cluster_1087
SP2412,1087,refined_cluster_cluster_1087
31660,802,refined_cluster_cluster_802
50120132,802,refined_cluster_cluster_802
50120157,801,refined_cluster_cluster_801
50120156,801,refined_cluster_cluster_801
84944,217,refined_cluster_cluster_217
99915,217,refined_cluster_cluster_217
99915012,217,refined_cluster_cluster_217
90272PB,265,refined_cluster_cluster_265
90273PB,265,refined_cluster_cluster_265
90271PB,264,refined_cluster_cluster_264
90275PB,264,refined_cluster_cluster_264
SP105496,1005,refined_cluster_cluster_1005
SP105396,1005,refined_cluster_cluster_1005
SP105696,1005,refined_cluster_cluster_1005
9524009,419,refined_cluster_cluster_419
9524008,419,refined_cluster_cluster_419
70242,1015,refined_cluster_cluster_1015
70240,1015,refined_cluster_cluster_1015
7024014,1015,refined_cluster_cluster_1015
70248,1015,refined_cluster_cluster_1015
SP105454,1009,refined_cluster_cluster_1009
SP105472,1009,refined_cluster_cluster_1009
SP1054,1009,refined_cluster_cluster_1009
SP1053,1009,refined_cluster_cluster_1009
10271050,870,refined_cluster_cluster_870
10271080,870,refined_cluster_cluster_870
21851,336,refined_cluster_cluster_336
21863,336,refined_cluster_cluster_336
99990002,26,refined_cluster_cluster_26
99990003,26,refined_cluster_cluster_26
99990001,26,refined_cluster_cluster_26
86910,442,refined_cluster_cluster_442
87180,442,refined_cluster_cluster_442
87000,413,refined_cluster_cluster_413
87010,413,refined_cluster_cluster_413
87181,443,refined_cluster_cluster_443
87290,443,refined_cluster_cluster_443
84100,188,refined_cluster_cluster_188
84101,188,refined_cluster_cluster_188
87240,459,refined_cluster_cluster_459
84121,459,refined_cluster_cluster_459
84080,459,refined_cluster_cluster_459
84160,459,refined_cluster_cluster_459
84241,459,refined_cluster_cluster_459
84130,459,refined_cluster_cluster_459
84081,459,refined_cluster_cluster_459
84140,444,refined_cluster_cluster_444
84102,444,refined_cluster_cluster_444
91200,28,refined_cluster_cluster_28
83530,28,refined_cluster_cluster_28
PO,13,refined_cluster_cluster_13
32500003,13,refined_cluster_cluster_13
96715620,1055,refined_cluster_cluster_1055
96725620,1055,refined_cluster_cluster_1055
SP709,1708,refined_cluster_cluster_1708
38740635,1708,refined_cluster_cluster_1708
SP710,2292,refined_cluster_cluster_2292
38746840,2292,refined_cluster_cluster_2292
22222223,2292,refined_cluster_cluster_2292
38867007,2292,refined_cluster_cluster_2292
38812101,2292,refined_cluster_cluster_2292
38814000,2292,refined_cluster_cluster_2292
38812100,2292,refined_cluster_cluster_2292
97715830,1991,refined_cluster_cluster_1991
97705830,1991,refined_cluster_cluster_1991
97485780,1148,refined_cluster_cluster_1148
97495780,1148,refined_cluster_cluster_1148
78324369,716,refined_cluster_cluster_716
78724369,716,refined_cluster_cluster_716
78301699,2457,refined_cluster_cluster_2457
78319989,2457,refined_cluster_cluster_2457
78303479,2458,refined_cluster_cluster_2458
78313479,2458,refined_cluster_cluster_2458
78909989,2450,refined_cluster_cluster_2450
80239900,2450,refined_cluster_cluster_2450
78801649,1042,refined_cluster_cluster_1042
78811649,1042,refined_cluster_cluster_1042
78821649,1042,refined_cluster_cluster_1042
62700,41,refined_cluster_cluster_41
62900,41,refined_cluster_cluster_41
62800,41,refined_cluster_cluster_41
62801,41,refined_cluster_cluster_41
62802,41,refined_cluster_cluster_41
20101,3091,refined_cluster_cluster_3091
20102,3091,refined_cluster_cluster_3091
20106,3091,refined_cluster_cluster_3091
20103,2974,refined_cluster_cluster_2974
20071,2974,refined_cluster_cluster_2974
20075,2974,refined_cluster_cluster_2974
20081,2974,refined_cluster_cluster_2974
20070,3026,refined_cluster_cluster_3026
20080,3026,refined_cluster_cluster_3026
20070,3090,refined_cluster_cluster_3090
22126,3090,refined_cluster_cluster_3090
13140,3285,refined_cluster_cluster_3285
131501,3285,refined_cluster_cluster_3285
13160,3285,refined_cluster_cluster_3285
131701,3285,refined_cluster_cluster_3285
13160A,3284,refined_cluster_cluster_3284
131700,3284,refined_cluster_cluster_3284
13170C,3269,refined_cluster_cluster_3269
13170,3269,refined_cluster_cluster_3269
1317619,3240,refined_cluster_cluster_3240
1317619,3240,refined_cluster_cluster_3240
13145759,3239,refined_cluster_cluster_3239
13155798,3239,refined_cluster_cluster_3239
13155798,3239,refined_cluster_cluster_3239
1355704,3228,refined_cluster_cluster_3228
1355704,3228,refined_cluster_cluster_3228
250149,2693,refined_cluster_cluster_2693
250015,2693,refined_cluster_cluster_2693
13170997,3238,refined_cluster_cluster_3238
13170994,3238,refined_cluster_cluster_3238
131466,3237,refined_cluster_cluster_3237
13140I,3237,refined_cluster_cluster_3237
131440,3259,refined_cluster_cluster_3259
13142,3259,refined_cluster_cluster_3259
13166C,3259,refined_cluster_cluster_3259
13174,3259,refined_cluster_cluster_3259
13174101,3259,refined_cluster_cluster_3259
24450,2332,refined_cluster_cluster_2332
21820,2332,refined_cluster_cluster_2332
21810,3059,refined_cluster_cluster_3059
130515,3059,refined_cluster_cluster_3059
21127,2361,refined_cluster_cluster_2361
21247,2361,refined_cluster_cluster_2361
21800,2361,refined_cluster_cluster_2361
21715,2361,refined_cluster_cluster_2361
21862,2361,refined_cluster_cluster_2361
21870,1811,refined_cluster_cluster_1811
21880,1811,refined_cluster_cluster_1811
230001,1011,refined_cluster_cluster_1011
230003,1011,refined_cluster_cluster_1011
21840,2801,refined_cluster_cluster_2801
22220,2801,refined_cluster_cluster_2801
35213904,2351,refined_cluster_cluster_2351
35213903,2351,refined_cluster_cluster_2351
43009990,2351,refined_cluster_cluster_2351
43001190,2810,refined_cluster_cluster_2810
43029990,2810,refined_cluster_cluster_2810
43021190,2810,refined_cluster_cluster_2810
13050779,2827,refined_cluster_cluster_2827
40149990,2827,refined_cluster_cluster_2827
40141060,2827,refined_cluster_cluster_2827
280019,2827,refined_cluster_cluster_2827
130504,2799,refined_cluster_cluster_2799
130508,2799,refined_cluster_cluster_2799
13050P,2809,refined_cluster_cluster_2809
13054,2809,refined_cluster_cluster_2809
13050099,2809,refined_cluster_cluster_2809
13050P,2809,refined_cluster_cluster_2809
230005,2212,refined_cluster_cluster_2212
21860,2212,refined_cluster_cluster_2212
21850,2212,refined_cluster_cluster_2212
22232,2750,refined_cluster_cluster_2750
22248,2750,refined_cluster_cluster_2750
22242,2750,refined_cluster_cluster_2750
40149990,2750,refined_cluster_cluster_2750
13051,2750,refined_cluster_cluster_2750
13050120,3101,refined_cluster_cluster_3101
13050568,3101,refined_cluster_cluster_3101
13050568,3101,refined_cluster_cluster_3101
13050188,3192,refined_cluster_cluster_3192
13088704,3192,refined_cluster_cluster_3192
13050189,2395,refined_cluster_cluster_2395
13050189,2395,refined_cluster_cluster_2395
39000390,2608,refined_cluster_cluster_2608
39000370,2608,refined_cluster_cluster_2608
35220000,2805,refined_cluster_cluster_2805
35220002,2805,refined_cluster_cluster_2805
35210000,2805,refined_cluster_cluster_2805
35113904,2805,refined_cluster_cluster_2805
83711,1307,refined_cluster_cluster_1307
38091000,1307,refined_cluster_cluster_1307
38977742,1307,refined_cluster_cluster_1307
290248,1051,refined_cluster_cluster_1051
250014,1051,refined_cluster_cluster_1051
20080,3086,refined_cluster_cluster_3086
20053,3086,refined_cluster_cluster_3086
13209132,3039,refined_cluster_cluster_3039
39000250,3039,refined_cluster_cluster_3039
13209,2888,refined_cluster_cluster_2888
13209F,2888,refined_cluster_cluster_2888
13231,3041,refined_cluster_cluster_3041
13231,3041,refined_cluster_cluster_3041
40189960,2327,refined_cluster_cluster_2327
40409980,2327,refined_cluster_cluster_2327
45079980,2327,refined_cluster_cluster_2327
39000010,3038,refined_cluster_cluster_3038
20236,3038,refined_cluster_cluster_3038
10427A,2759,refined_cluster_cluster_2759
10428A,2759,refined_cluster_cluster_2759
1042779,2760,refined_cluster_cluster_2760
13208689,2760,refined_cluster_cluster_2760
1320911,2760,refined_cluster_cluster_2760
13209E1,2760,refined_cluster_cluster_2760
13208689,2760,refined_cluster_cluster_2760
46099990,2704,refined_cluster_cluster_2704
41211110,2704,refined_cluster_cluster_2704
260002,606,refined_cluster_cluster_606
260003,606,refined_cluster_cluster_606
34500009,1763,refined_cluster_cluster_1763
41701260,1763,refined_cluster_cluster_1763
39000040,1912,refined_cluster_cluster_1912
290902,1912,refined_cluster_cluster_1912
30219980,1912,refined_cluster_cluster_1912
132995,2709,refined_cluster_cluster_2709
139282,2709,refined_cluster_cluster_2709
13945628,2709,refined_cluster_cluster_2709
13329045,2917,refined_cluster_cluster_2917
13329049,2917,refined_cluster_cluster_2917
13329047,2917,refined_cluster_cluster_2917
1363955,2917,refined_cluster_cluster_2917
13334009,3139,refined_cluster_cluster_3139
13334010,3139,refined_cluster_cluster_3139
13334019,3139,refined_cluster_cluster_3139
13334099,3139,refined_cluster_cluster_3139
9120944,3036,refined_cluster_cluster_3036
9120922,3036,refined_cluster_cluster_3036
133284,3182,refined_cluster_cluster_3182
133285,3182,refined_cluster_cluster_3182
133286,3182,refined_cluster_cluster_3182
13328722,3182,refined_cluster_cluster_3182
133287,3182,refined_cluster_cluster_3182
133289,3168,refined_cluster_cluster_3168
1332898,3168,refined_cluster_cluster_3168
13328028,3141,refined_cluster_cluster_3141
13328044,3141,refined_cluster_cluster_3141
13328048,3141,refined_cluster_cluster_3141
13328046,3141,refined_cluster_cluster_3141
13327,3148,refined_cluster_cluster_3148
1332899,3148,refined_cluster_cluster_3148
1332898A,3183,refined_cluster_cluster_3183
13328804,3183,refined_cluster_cluster_3183
13327012,3169,refined_cluster_cluster_3169
133292,3169,refined_cluster_cluster_3169
13328914,3143,refined_cluster_cluster_3143
13328913,3143,refined_cluster_cluster_3143
13328916,3142,refined_cluster_cluster_3142
13328918,3142,refined_cluster_cluster_3142
33715000,3211,refined_cluster_cluster_3211
32010040,3211,refined_cluster_cluster_3211
33954000,3211,refined_cluster_cluster_3211
32112140,3211,refined_cluster_cluster_3211
32010060,3211,refined_cluster_cluster_3211
33770120,3211,refined_cluster_cluster_3211
33770070,3211,refined_cluster_cluster_3211
32010070,3211,refined_cluster_cluster_3211
32010050,3211,refined_cluster_cluster_3211
33911000,3211,refined_cluster_cluster_3211
32110120,3211,refined_cluster_cluster_3211
33959000,3211,refined_cluster_cluster_3211
33770160,3211,refined_cluster_cluster_3211
33718001,3211,refined_cluster_cluster_3211
32112160,3211,refined_cluster_cluster_3211
33966500,3211,refined_cluster_cluster_3211
33770140,3211,refined_cluster_cluster_3211
33718014,3211,refined_cluster_cluster_3211
SP2141,3235,refined_cluster_cluster_3235
240091,3235,refined_cluster_cluster_3235
240041,3235,refined_cluster_cluster_3235
240053,3235,refined_cluster_cluster_3235
240064,3235,refined_cluster_cluster_3235
240073,3235,refined_cluster_cluster_3235
240084,3235,refined_cluster_cluster_3235
240040,2791,refined_cluster_cluster_2791
240063,2791,refined_cluster_cluster_2791
240083,2791,refined_cluster_cluster_2791
240042,3236,refined_cluster_cluster_3236
240054,3236,refined_cluster_cluster_3236
240085,3236,refined_cluster_cluster_3236
240104,3205,refined_cluster_cluster_3205
240074,3205,refined_cluster_cluster_3205
240120,3225,refined_cluster_cluster_3225
240140,3225,refined_cluster_cluster_3225
240043,3225,refined_cluster_cluster_3225
240055,3225,refined_cluster_cluster_3225
240065,3225,refined_cluster_cluster_3225
240075,3225,refined_cluster_cluster_3225
240086,3225,refined_cluster_cluster_3225
240093,3225,refined_cluster_cluster_3225
240102,3161,refined_cluster_cluster_3161
240122,3161,refined_cluster_cluster_3161
240142,3161,refined_cluster_cluster_3161
240161,3161,refined_cluster_cluster_3161
240077,3161,refined_cluster_cluster_3161
240089,3161,refined_cluster_cluster_3161
240094,3161,refined_cluster_cluster_3161
240008,2383,refined_cluster_cluster_2383
240007,2383,refined_cluster_cluster_2383
250007,2383,refined_cluster_cluster_2383
250009,2383,refined_cluster_cluster_2383
240056,3188,refined_cluster_cluster_3188
240087,3188,refined_cluster_cluster_3188
240101,3206,refined_cluster_cluster_3206
240121,3206,refined_cluster_cluster_3206
240141,3206,refined_cluster_cluster_3206
240160,3206,refined_cluster_cluster_3206
240066,3206,refined_cluster_cluster_3206
240076,3206,refined_cluster_cluster_3206
240088,3206,refined_cluster_cluster_3206
13334016,2918,refined_cluster_cluster_2918
1364335,2918,refined_cluster_cluster_2918
13066100,2918,refined_cluster_cluster_2918
133290,3172,refined_cluster_cluster_3172
13328,3172,refined_cluster_cluster_3172
13328704,3173,refined_cluster_cluster_3173
13320B,3173,refined_cluster_cluster_3173
21000,1875,refined_cluster_cluster_1875
20000,1875,refined_cluster_cluster_1875
290030,3153,refined_cluster_cluster_3153
290040,3153,refined_cluster_cluster_3153
290050,3153,refined_cluster_cluster_3153
290061,3153,refined_cluster_cluster_3153
290081,3153,refined_cluster_cluster_3153
13208203,2892,refined_cluster_cluster_2892
13198,2892,refined_cluster_cluster_2892
131986,2892,refined_cluster_cluster_2892
1319867,2892,refined_cluster_cluster_2892
25200,760,refined_cluster_cluster_760
25210,760,refined_cluster_cluster_760
25300,756,refined_cluster_cluster_756
25530,756,refined_cluster_cluster_756
39000070,1911,refined_cluster_cluster_1911
39000220,1911,refined_cluster_cluster_1911
1321211,2747,refined_cluster_cluster_2747
13212A,2747,refined_cluster_cluster_2747
13212897,2747,refined_cluster_cluster_2747
1321210,2747,refined_cluster_cluster_2747
1321993,2006,refined_cluster_cluster_2006
132131,2006,refined_cluster_cluster_2006
39000080,3051,refined_cluster_cluster_3051
39000090,3051,refined_cluster_cluster_3051
20251,3051,refined_cluster_cluster_3051
82021350,3051,refined_cluster_cluster_3051
82111350,3051,refined_cluster_cluster_3051
20232,3040,refined_cluster_cluster_3040
21230,3040,refined_cluster_cluster_3040
1320311,2122,refined_cluster_cluster_2122
132114,2122,refined_cluster_cluster_2122
13202661,1605,refined_cluster_cluster_1605
1320211,1605,refined_cluster_cluster_1605
13200G,2123,refined_cluster_cluster_2123
132031,2123,refined_cluster_cluster_2123
13201P,2123,refined_cluster_cluster_2123
1234567,2118,refined_cluster_cluster_2118
1234567,2118,refined_cluster_cluster_2118
290231,1999,refined_cluster_cluster_1999
290100,1999,refined_cluster_cluster_1999
290238,1999,refined_cluster_cluster_1999
34202710,2922,refined_cluster_cluster_2922
34310167,2922,refined_cluster_cluster_2922
34900033,2922,refined_cluster_cluster_2922
34116510,1132,refined_cluster_cluster_1132
34200009,1132,refined_cluster_cluster_1132
41102430,2889,refined_cluster_cluster_2889
41109980,2889,refined_cluster_cluster_2889
41159980,2908,refined_cluster_cluster_2908
41113570,2908,refined_cluster_cluster_2908
41229980,2908,refined_cluster_cluster_2908
130032,2676,refined_cluster_cluster_2676
13006D,2676,refined_cluster_cluster_2676
130060,2676,refined_cluster_cluster_2676
13003P,2317,refined_cluster_cluster_2317
1300310,2317,refined_cluster_cluster_2317
13009,2317,refined_cluster_cluster_2317
13006B,2890,refined_cluster_cluster_2890
130062,2890,refined_cluster_cluster_2890
13004104,1801,refined_cluster_cluster_1801
13004103,1801,refined_cluster_cluster_1801
34123654,2959,refined_cluster_cluster_2959
34207710,2959,refined_cluster_cluster_2959
34200049,2959,refined_cluster_cluster_2959
34302600,2960,refined_cluster_cluster_2960
34750010,2960,refined_cluster_cluster_2960
34750030,2960,refined_cluster_cluster_2960
34314079,1275,refined_cluster_cluster_1275
34410108,1275,refined_cluster_cluster_1275
34457200,2964,refined_cluster_cluster_2964
34400290,2964,refined_cluster_cluster_2964
34467000,2963,refined_cluster_cluster_2963
SP239,2963,refined_cluster_cluster_2963
620111,2963,refined_cluster_cluster_2963
41272080,2951,refined_cluster_cluster_2951
41472080,2951,refined_cluster_cluster_2951
41372080,2951,refined_cluster_cluster_2951
34672208,2943,refined_cluster_cluster_2943
34457819,2943,refined_cluster_cluster_2943
34751240,557,refined_cluster_cluster_557
34350000,557,refined_cluster_cluster_557
34400009,2740,refined_cluster_cluster_2740
34751400,2740,refined_cluster_cluster_2740
31200000,2740,refined_cluster_cluster_2740
34751230,2740,refined_cluster_cluster_2740
31300000,2740,refined_cluster_cluster_2740
34676565,2944,refined_cluster_cluster_2944
34207709,2944,refined_cluster_cluster_2944
1313773,2933,refined_cluster_cluster_2933
1313773,2933,refined_cluster_cluster_2933
13136985,2910,refined_cluster_cluster_2910
13136984,2910,refined_cluster_cluster_2910
13135603,2921,refined_cluster_cluster_2921
13135604,2921,refined_cluster_cluster_2921
13135777,2914,refined_cluster_cluster_2914
13135776,2914,refined_cluster_cluster_2914
20592,2920,refined_cluster_cluster_2920
13136980,2920,refined_cluster_cluster_2920
13136910,2932,refined_cluster_cluster_2932
1313582,2932,refined_cluster_cluster_2932
13136910,2932,refined_cluster_cluster_2932
1313583,2932,refined_cluster_cluster_2932
13136990,2928,refined_cluster_cluster_2928
13136847,2928,refined_cluster_cluster_2928
13136846,2928,refined_cluster_cluster_2928
13135775,2929,refined_cluster_cluster_2929
12088609,2929,refined_cluster_cluster_2929
13208899,2399,refined_cluster_cluster_2399
13208898,2399,refined_cluster_cluster_2399
1320820,2399,refined_cluster_cluster_2399
1320810,2399,refined_cluster_cluster_2399
20281,2277,refined_cluster_cluster_2277
20280,2277,refined_cluster_cluster_2277
220160,1613,refined_cluster_cluster_1613
220160,1613,refined_cluster_cluster_1613
41271530,2935,refined_cluster_cluster_2935
41279990,2935,refined_cluster_cluster_2935
13136,2938,refined_cluster_cluster_2938
13138,2938,refined_cluster_cluster_2938
131364,2913,refined_cluster_cluster_2913
13138000,2913,refined_cluster_cluster_2913
20261,3058,refined_cluster_cluster_3058
20265,3058,refined_cluster_cluster_3058
4271010,2763,refined_cluster_cluster_2763
20340,2763,refined_cluster_cluster_2763
40061010,2763,refined_cluster_cluster_2763
21141,3106,refined_cluster_cluster_3106
82161440,3106,refined_cluster_cluster_3106
82061440,3106,refined_cluster_cluster_3106
82111440,3106,refined_cluster_cluster_3106
82071440,3106,refined_cluster_cluster_3106
82151440,3106,refined_cluster_cluster_3106
82051440,3106,refined_cluster_cluster_3106
82001440,3106,refined_cluster_cluster_3106
82041440,3106,refined_cluster_cluster_3106
82051441,3106,refined_cluster_cluster_3106
82011440,3106,refined_cluster_cluster_3106
39000140,550,refined_cluster_cluster_550
290229,550,refined_cluster_cluster_550
132101,2406,refined_cluster_cluster_2406
13209K,2406,refined_cluster_cluster_2406
1320868,2406,refined_cluster_cluster_2406
34935610,287,refined_cluster_cluster_287
64316000,287,refined_cluster_cluster_287
11213,287,refined_cluster_cluster_287
33018220,2390,refined_cluster_cluster_2390
33018221,2390,refined_cluster_cluster_2390
240171,2390,refined_cluster_cluster_2390
32100112,2244,refined_cluster_cluster_2244
32101134,2244,refined_cluster_cluster_2244
32120034,2244,refined_cluster_cluster_2244
32000135,2244,refined_cluster_cluster_2244
32101212,2245,refined_cluster_cluster_2245
32000235,2245,refined_cluster_cluster_2245
32000112,2249,refined_cluster_cluster_2249
32000114,2249,refined_cluster_cluster_2249
32000212,2249,refined_cluster_cluster_2249
32000214,2249,refined_cluster_cluster_2249
32000234,2249,refined_cluster_cluster_2249
32100201,2250,refined_cluster_cluster_2250
2000211,2250,refined_cluster_cluster_2250
32000211,2250,refined_cluster_cluster_2250
13056088,3317,refined_cluster_cluster_3317
1301190,3317,refined_cluster_cluster_3317
1301174,3317,refined_cluster_cluster_3317
13056,3317,refined_cluster_cluster_3317
13066080,3317,refined_cluster_cluster_3317
13066,3317,refined_cluster_cluster_3317
1301174,3317,refined_cluster_cluster_3317
13056077,3306,refined_cluster_cluster_3306
13056046,3306,refined_cluster_cluster_3306
13066065,3348,refined_cluster_cluster_3348
130668,3348,refined_cluster_cluster_3348
130668,3348,refined_cluster_cluster_3348
13066454,3305,refined_cluster_cluster_3305
13056099,3305,refined_cluster_cluster_3305
13055747,3352,refined_cluster_cluster_3352
13066082,3352,refined_cluster_cluster_3352
1304245,3335,refined_cluster_cluster_3335
1304245Z,3335,refined_cluster_cluster_3335
13066086,3351,refined_cluster_cluster_3351
13066080,3351,refined_cluster_cluster_3351
13055748,3351,refined_cluster_cluster_3351
13066086,3351,refined_cluster_cluster_3351
13066107,3343,refined_cluster_cluster_3343
13066107,3343,refined_cluster_cluster_3343
13080131,3319,refined_cluster_cluster_3319
13080120,3319,refined_cluster_cluster_3319
13080120,3319,refined_cluster_cluster_3319
130729,3282,refined_cluster_cluster_3282
13080129,3282,refined_cluster_cluster_3282
13083786,3282,refined_cluster_cluster_3282
13083797,3282,refined_cluster_cluster_3282
13085731,3324,refined_cluster_cluster_3324
13084006,3324,refined_cluster_cluster_3324
13085734,3324,refined_cluster_cluster_3324
13084008,3324,refined_cluster_cluster_3324
1308IN,3318,refined_cluster_cluster_3318
13083789,3318,refined_cluster_cluster_3318
130810,3278,refined_cluster_cluster_3278
13083786,3278,refined_cluster_cluster_3278
1307291,2758,refined_cluster_cluster_2758
1307290,2758,refined_cluster_cluster_2758
1333207,2076,refined_cluster_cluster_2076
1333205,2076,refined_cluster_cluster_2076
1333206,2076,refined_cluster_cluster_2076
1333209,2076,refined_cluster_cluster_2076
20115,2983,refined_cluster_cluster_2983
39090000,2983,refined_cluster_cluster_2983
33960000,2983,refined_cluster_cluster_2983
240026,2983,refined_cluster_cluster_2983
240012,1050,refined_cluster_cluster_1050
250013,1050,refined_cluster_cluster_1050
240013,1050,refined_cluster_cluster_1050
33018201,1965,refined_cluster_cluster_1965
33018234,1965,refined_cluster_cluster_1965
33701650,3216,refined_cluster_cluster_3216
33170140,3216,refined_cluster_cluster_3216
33021000,3217,refined_cluster_cluster_3217
33028000,3217,refined_cluster_cluster_3217
33721002,3233,refined_cluster_cluster_3233
33024000,3233,refined_cluster_cluster_3233
33024001,3233,refined_cluster_cluster_3233
33726001,3233,refined_cluster_cluster_3233
33759000,3233,refined_cluster_cluster_3233
33726252,3234,refined_cluster_cluster_3234
33727250,3234,refined_cluster_cluster_3234
33066000,2331,refined_cluster_cluster_2331
33066006,2331,refined_cluster_cluster_2331
33067000,2331,refined_cluster_cluster_2331
33210000,2325,refined_cluster_cluster_2325
33320000,2325,refined_cluster_cluster_2325
13017,3223,refined_cluster_cluster_3223
13011,3223,refined_cluster_cluster_3223
1355726,3222,refined_cluster_cluster_3222
1301801,3222,refined_cluster_cluster_3222
13110B,3267,refined_cluster_cluster_3267
13110787,3267,refined_cluster_cluster_3267
131102,3263,refined_cluster_cluster_3263
131101,3263,refined_cluster_cluster_3263
13017973,3263,refined_cluster_cluster_3263
131102,3263,refined_cluster_cluster_3263
13012536,3263,refined_cluster_cluster_3263
1301203,3263,refined_cluster_cluster_3263
1301250,3268,refined_cluster_cluster_3268
1301250,3268,refined_cluster_cluster_3268
1305010,2733,refined_cluster_cluster_2733
13012098,2733,refined_cluster_cluster_2733
250145,2240,refined_cluster_cluster_2240
250227,2240,refined_cluster_cluster_2240
250120,2240,refined_cluster_cluster_2240
250175,2240,refined_cluster_cluster_2240
44369980,2240,refined_cluster_cluster_2240
21113,2854,refined_cluster_cluster_2854
21116,2854,refined_cluster_cluster_2854
33026500,2854,refined_cluster_cluster_2854
32710014,2854,refined_cluster_cluster_2854
33080010,2854,refined_cluster_cluster_2854
39510527,2979,refined_cluster_cluster_2979
240015,2979,refined_cluster_cluster_2979
240019,2979,refined_cluster_cluster_2979
30082000,3098,refined_cluster_cluster_3098
33083000,3098,refined_cluster_cluster_3098
33084000,3098,refined_cluster_cluster_3098
240017,1314,refined_cluster_cluster_1314
240014,1314,refined_cluster_cluster_1314
1305684,3329,refined_cluster_cluster_3329
13058,3329,refined_cluster_cluster_3329
13083995,3283,refined_cluster_cluster_3283
130812,3283,refined_cluster_cluster_3283
1301806,3140,refined_cluster_cluster_3140
13011786,3140,refined_cluster_cluster_3140
39000180,3031,refined_cluster_cluster_3031
180019,3031,refined_cluster_cluster_3031
13209128,3053,refined_cluster_cluster_3053
40109990,3053,refined_cluster_cluster_3053
1320912S,3053,refined_cluster_cluster_3053
13209305,3053,refined_cluster_cluster_3053
1320912S,3053,refined_cluster_cluster_3053
13209157,3053,refined_cluster_cluster_3053
31003000,3014,refined_cluster_cluster_3014
270002,3014,refined_cluster_cluster_3014
30218090,2184,refined_cluster_cluster_2184
30117080,2184,refined_cluster_cluster_2184
30118095,2184,refined_cluster_cluster_2184
30112015,2183,refined_cluster_cluster_2183
30122030,2183,refined_cluster_cluster_2183
30115565,2183,refined_cluster_cluster_2183
132096,1240,refined_cluster_cluster_1240
290450,1240,refined_cluster_cluster_1240
220999,1240,refined_cluster_cluster_1240
290247,1240,refined_cluster_cluster_1240
291372,1240,refined_cluster_cluster_1240
290152,1240,refined_cluster_cluster_1240
290153,1240,refined_cluster_cluster_1240
290246,1240,refined_cluster_cluster_1240
20815,754,refined_cluster_cluster_754
250255,754,refined_cluster_cluster_754
250101,3226,refined_cluster_cluster_3226
250121,3226,refined_cluster_cluster_3226
250141,3226,refined_cluster_cluster_3226
250151,3226,refined_cluster_cluster_3226
250060,3226,refined_cluster_cluster_3226
250070,3226,refined_cluster_cluster_3226
250080,3226,refined_cluster_cluster_3226
32213120,3210,refined_cluster_cluster_3210
32211140,3210,refined_cluster_cluster_3210
32211160,3210,refined_cluster_cluster_3210
32210121,3210,refined_cluster_cluster_3210
32212200,3210,refined_cluster_cluster_3210
250560,3013,refined_cluster_cluster_3013
250052,3013,refined_cluster_cluster_3013
250041,3013,refined_cluster_cluster_3013
250051,3013,refined_cluster_cluster_3013
250061,3013,refined_cluster_cluster_3013
32410000,2061,refined_cluster_cluster_2061
33120950,2061,refined_cluster_cluster_2061
33110951,2061,refined_cluster_cluster_2061
32330009,2061,refined_cluster_cluster_2061
32430000,1735,refined_cluster_cluster_1735
32330010,1735,refined_cluster_cluster_1735
32200201,2388,refined_cluster_cluster_2388
32200200,2388,refined_cluster_cluster_2388
32200202,2388,refined_cluster_cluster_2388
SP865,2388,refined_cluster_cluster_2388
250215,2388,refined_cluster_cluster_2388
250012,3191,refined_cluster_cluster_3191
32850000,3191,refined_cluster_cluster_3191
45179980,3191,refined_cluster_cluster_3191
SP2801,3213,refined_cluster_cluster_3213
45079981,3213,refined_cluster_cluster_3213
20460,3170,refined_cluster_cluster_3170
45081010,3170,refined_cluster_cluster_3170
13190AM,3258,refined_cluster_cluster_3258
13192AM,3258,refined_cluster_cluster_3258
20600,2901,refined_cluster_cluster_2901
45041010,2901,refined_cluster_cluster_2901
131957,3069,refined_cluster_cluster_3069
131950,3069,refined_cluster_cluster_3069
131949,3069,refined_cluster_cluster_3069
13194993,3069,refined_cluster_cluster_3069
13145568,3069,refined_cluster_cluster_3069
13195310,3069,refined_cluster_cluster_3069
1319543,3069,refined_cluster_cluster_3069
131955,3069,refined_cluster_cluster_3069
131962,3069,refined_cluster_cluster_3069
21110,639,refined_cluster_cluster_639
40169980,639,refined_cluster_cluster_639
40164730,639,refined_cluster_cluster_639
40164890,639,refined_cluster_cluster_639
132087,640,refined_cluster_cluster_640
13208997,640,refined_cluster_cluster_640
13208C,640,refined_cluster_cluster_640
132102,641,refined_cluster_cluster_641
13209C,641,refined_cluster_cluster_641
620123,297,refined_cluster_cluster_297
620129,297,refined_cluster_cluster_297
920218,2994,refined_cluster_cluster_2994
620541,2994,refined_cluster_cluster_2994
SP411,2994,refined_cluster_cluster_2994
38487504,3005,refined_cluster_cluster_3005
38487832,3005,refined_cluster_cluster_3005
38475002,3005,refined_cluster_cluster_3005
38483622,3005,refined_cluster_cluster_3005
38146990,803,refined_cluster_cluster_803
4008050,803,refined_cluster_cluster_803
SP2611,3009,refined_cluster_cluster_3009
97565850,3009,refined_cluster_cluster_3009
97555850,3009,refined_cluster_cluster_3009
97475850,3009,refined_cluster_cluster_3009
97575850,3009,refined_cluster_cluster_3009
97545850,3009,refined_cluster_cluster_3009
97465850,3009,refined_cluster_cluster_3009
97485850,3009,refined_cluster_cluster_3009
38022114,2992,refined_cluster_cluster_2992
620119,2992,refined_cluster_cluster_2992
620145,2992,refined_cluster_cluster_2992
620122,2992,refined_cluster_cluster_2992
220180,2016,refined_cluster_cluster_2016
220320,2016,refined_cluster_cluster_2016
220816,2016,refined_cluster_cluster_2016
31100001,2739,refined_cluster_cluster_2739
31100000,2739,refined_cluster_cluster_2739
48049980,2739,refined_cluster_cluster_2739
13039210,3081,refined_cluster_cluster_3081
13039IN,3081,refined_cluster_cluster_3081
13039210,3081,refined_cluster_cluster_3081
13039IBP,3088,refined_cluster_cluster_3088
13039IBP,3088,refined_cluster_cluster_3088
13039040,3094,refined_cluster_cluster_3094
13039SF,3094,refined_cluster_cluster_3094
13039040,3094,refined_cluster_cluster_3094
13034442,3094,refined_cluster_cluster_3094
13040,3094,refined_cluster_cluster_3094
13038,3073,refined_cluster_cluster_3073
13034999,3073,refined_cluster_cluster_3073
13035,3087,refined_cluster_cluster_3087
13034,3087,refined_cluster_cluster_3087
1304586,3087,refined_cluster_cluster_3087
130401,3087,refined_cluster_cluster_3087
13039219,3095,refined_cluster_cluster_3095
13039219,3095,refined_cluster_cluster_3095
130364,3078,refined_cluster_cluster_3078
1303602,3078,refined_cluster_cluster_3078
130359,3078,refined_cluster_cluster_3078
130349,3078,refined_cluster_cluster_3078
135612,3070,refined_cluster_cluster_3070
1355693,3070,refined_cluster_cluster_3070
46109990,2705,refined_cluster_cluster_2705
46119990,2705,refined_cluster_cluster_2705
1304100,3064,refined_cluster_cluster_3064
1304115,3064,refined_cluster_cluster_3064
13029,2350,refined_cluster_cluster_2350
13024,2350,refined_cluster_cluster_2350
1302408,2350,refined_cluster_cluster_2350
13026B,2350,refined_cluster_cluster_2350
130264,2350,refined_cluster_cluster_2350
31020103,3019,refined_cluster_cluster_3019
31030000,3019,refined_cluster_cluster_3019
31030005,3019,refined_cluster_cluster_3019
31001014,3032,refined_cluster_cluster_3032
33714660,3032,refined_cluster_cluster_3032
31002090,3032,refined_cluster_cluster_3032
31031000,3025,refined_cluster_cluster_3025
31020104,3025,refined_cluster_cluster_3025
31020102,3025,refined_cluster_cluster_3025
31001012,3025,refined_cluster_cluster_3025
31011000,2825,refined_cluster_cluster_2825
39000300,2825,refined_cluster_cluster_2825
39000310,2825,refined_cluster_cluster_2825
20342,2825,refined_cluster_cluster_2825
40069980,2825,refined_cluster_cluster_2825
240133,1753,refined_cluster_cluster_1753
240115,1753,refined_cluster_cluster_1753
20112,2803,refined_cluster_cluster_2803
20111,2803,refined_cluster_cluster_2803
20111,2803,refined_cluster_cluster_2803
44271940,2803,refined_cluster_cluster_2803
20119,3227,refined_cluster_cluster_3227
44141010,3227,refined_cluster_cluster_3227
40159990,2751,refined_cluster_cluster_2751
40159990,2751,refined_cluster_cluster_2751
13208774,2749,refined_cluster_cluster_2749
13208776,2749,refined_cluster_cluster_2749
13208780,2749,refined_cluster_cluster_2749
13208M,2334,refined_cluster_cluster_2334
1321711,2334,refined_cluster_cluster_2334
21521,2644,refined_cluster_cluster_2644
20341,2644,refined_cluster_cluster_2644
1320872,2407,refined_cluster_cluster_2407
13208N,2407,refined_cluster_cluster_2407
1320872,2407,refined_cluster_cluster_2407
132091,2766,refined_cluster_cluster_2766
40091010,2766,refined_cluster_cluster_2766
39000270,2403,refined_cluster_cluster_2403
40099980,2403,refined_cluster_cluster_2403
45039990,3111,refined_cluster_cluster_3111
45019980,3111,refined_cluster_cluster_3111
45019990,3111,refined_cluster_cluster_3111
SP282,3111,refined_cluster_cluster_3111
1315712,3300,refined_cluster_cluster_3300
13178575,3300,refined_cluster_cluster_3300
13178SW9,3300,refined_cluster_cluster_3300
1317910,3124,refined_cluster_cluster_3124
13177C,3124,refined_cluster_cluster_3124
1317712,3184,refined_cluster_cluster_3184
1317712,3184,refined_cluster_cluster_3184
13177IN,3270,refined_cluster_cluster_3270
13177IN,3270,refined_cluster_cluster_3270
13177I2,3301,refined_cluster_cluster_3301
13177I2,3301,refined_cluster_cluster_3301
131223,3307,refined_cluster_cluster_3307
131224,3307,refined_cluster_cluster_3307
13123011,3299,refined_cluster_cluster_3299
13123020,3299,refined_cluster_cluster_3299
13123020,3299,refined_cluster_cluster_3299
13129,3264,refined_cluster_cluster_3264
13129,3264,refined_cluster_cluster_3264
13122702,3308,refined_cluster_cluster_3308
13122708,3308,refined_cluster_cluster_3308
20168,2160,refined_cluster_cluster_2160
44521980,2160,refined_cluster_cluster_2160
45031980,2160,refined_cluster_cluster_2160
45011989,2160,refined_cluster_cluster_2160
45011980,2160,refined_cluster_cluster_2160
20167,3194,refined_cluster_cluster_3194
20166,3194,refined_cluster_cluster_3194
13211B,1048,refined_cluster_cluster_1048
13211000,1048,refined_cluster_cluster_1048
13211002,1048,refined_cluster_cluster_1048
1321115,1048,refined_cluster_cluster_1048
13210999,1049,refined_cluster_cluster_1049
13210A,1049,refined_cluster_cluster_1049
290120,3037,refined_cluster_cluster_3037
290160,3037,refined_cluster_cluster_3037
290060,3037,refined_cluster_cluster_3037
290080,3037,refined_cluster_cluster_3037
39000290,2011,refined_cluster_cluster_2011
13217236,2011,refined_cluster_cluster_2011
13217,2011,refined_cluster_cluster_2011
132178,2011,refined_cluster_cluster_2011
1321792,2011,refined_cluster_cluster_2011
13217237,2011,refined_cluster_cluster_2011
40041060,2011,refined_cluster_cluster_2011
20300,737,refined_cluster_cluster_737
40049980,737,refined_cluster_cluster_737
13217A12,2333,refined_cluster_cluster_2333
132171,2333,refined_cluster_cluster_2333
1321710,2333,refined_cluster_cluster_2333
240037,3152,refined_cluster_cluster_3152
240047,3152,refined_cluster_cluster_3152
240057,3152,refined_cluster_cluster_3152
207900010,3152,refined_cluster_cluster_3152
20107,2813,refined_cluster_cluster_2813
33080000,2813,refined_cluster_cluster_2813
SP226,2813,refined_cluster_cluster_2813
33080007,1448,refined_cluster_cluster_1448
44322030,1448,refined_cluster_cluster_1448
13117,2877,refined_cluster_cluster_2877
13155740,2877,refined_cluster_cluster_2877
13117014,2877,refined_cluster_cluster_2877
20290,2736,refined_cluster_cluster_2736
40209980,2736,refined_cluster_cluster_2736
13225,2754,refined_cluster_cluster_2754
13218,2754,refined_cluster_cluster_2754
39000340,2641,refined_cluster_cluster_2641
39000350,2641,refined_cluster_cluster_2641
39000351,2641,refined_cluster_cluster_2641
290500,2641,refined_cluster_cluster_2641
48059981,2641,refined_cluster_cluster_2641
13206A,2640,refined_cluster_cluster_2640
13206A,2640,refined_cluster_cluster_2640
13206,2640,refined_cluster_cluster_2640
13206,2640,refined_cluster_cluster_2640
1325734,2631,refined_cluster_cluster_2631
1325730,2631,refined_cluster_cluster_2631
1325730,2631,refined_cluster_cluster_2631
99999999,2646,refined_cluster_cluster_2646
48159999,2646,refined_cluster_cluster_2646
480599809,2646,refined_cluster_cluster_2646
20320,2800,refined_cluster_cluster_2800
13222,2800,refined_cluster_cluster_2800
13221,2800,refined_cluster_cluster_2800
13227,2800,refined_cluster_cluster_2800
132214,2800,refined_cluster_cluster_2800
132218,2800,refined_cluster_cluster_2800
1300280,2035,refined_cluster_cluster_2035
1329910,2035,refined_cluster_cluster_2035
1300283,2035,refined_cluster_cluster_2035
13299,2035,refined_cluster_cluster_2035
13299021,2035,refined_cluster_cluster_2035
13000,2035,refined_cluster_cluster_2035
13005,2033,refined_cluster_cluster_2033
13309,2033,refined_cluster_cluster_2033
13302,2033,refined_cluster_cluster_2033
1329910,2031,refined_cluster_cluster_2031
13005,2031,refined_cluster_cluster_2031
13299018,2036,refined_cluster_cluster_2036
13299020,2036,refined_cluster_cluster_2036
13299019,2036,refined_cluster_cluster_2036
1330164,2029,refined_cluster_cluster_2029
13301,2029,refined_cluster_cluster_2029
130003,1859,refined_cluster_cluster_1859
130003,1859,refined_cluster_cluster_1859
13000S,1859,refined_cluster_cluster_1859
13000S,1859,refined_cluster_cluster_1859
13208S,2376,refined_cluster_cluster_2376
130501,2376,refined_cluster_cluster_2376
132100,2376,refined_cluster_cluster_2376
13208003,2911,refined_cluster_cluster_2911
13208002,2911,refined_cluster_cluster_2911
13212S,2710,refined_cluster_cluster_2710
1333788,2710,refined_cluster_cluster_2710
13148,2968,refined_cluster_cluster_2968
13149,2968,refined_cluster_cluster_2968
1333798,2968,refined_cluster_cluster_2968
1333792,2968,refined_cluster_cluster_2968
13010577,3157,refined_cluster_cluster_3157
13010578,3157,refined_cluster_cluster_3157
13015PC1,1304,refined_cluster_cluster_1304
13015PC,1304,refined_cluster_cluster_1304
133378A,1304,refined_cluster_cluster_1304
13334789,1304,refined_cluster_cluster_1304
13044,2439,refined_cluster_cluster_2439
13044,2439,refined_cluster_cluster_2439
74148,1409,refined_cluster_cluster_1409
74150,1409,refined_cluster_cluster_1409
74149,1409,refined_cluster_cluster_1409
822020,2696,refined_cluster_cluster_2696
144203,2696,refined_cluster_cluster_2696
144241,2696,refined_cluster_cluster_2696
144300,2696,refined_cluster_cluster_2696
143204,3353,refined_cluster_cluster_3353
143240,3353,refined_cluster_cluster_3353
143280,3353,refined_cluster_cluster_3353
143320,3353,refined_cluster_cluster_3353
144163,538,refined_cluster_cluster_538
144202,538,refined_cluster_cluster_538
144240,538,refined_cluster_cluster_538
144320,538,refined_cluster_cluster_538
908053,546,refined_cluster_cluster_546
80614,546,refined_cluster_cluster_546
80613,546,refined_cluster_cluster_546
50130541,605,refined_cluster_cluster_605
50130583,605,refined_cluster_cluster_605
50130540,605,refined_cluster_cluster_605
50130585,604,refined_cluster_cluster_604
50130592,604,refined_cluster_cluster_604
50130587,604,refined_cluster_cluster_604
50130548,604,refined_cluster_cluster_604
50130549,604,refined_cluster_cluster_604
50130559,601,refined_cluster_cluster_601
50130553,601,refined_cluster_cluster_601
50130545,415,refined_cluster_cluster_415
31970,415,refined_cluster_cluster_415
31650,371,refined_cluster_cluster_371
31730,371,refined_cluster_cluster_371
90009074,126,refined_cluster_cluster_126
90009016,126,refined_cluster_cluster_126
620028,2782,refined_cluster_cluster_2782
43468032,2782,refined_cluster_cluster_2782
43400132,2782,refined_cluster_cluster_2782
48100001,2782,refined_cluster_cluster_2782
11460,2782,refined_cluster_cluster_2782
971118598,367,refined_cluster_cluster_367
971119598,367,refined_cluster_cluster_367
161027,3232,refined_cluster_cluster_3232
161024,3232,refined_cluster_cluster_3232
171171,278,refined_cluster_cluster_278
174170,278,refined_cluster_cluster_278
174171,278,refined_cluster_cluster_278
141019,355,refined_cluster_cluster_355
144006,355,refined_cluster_cluster_355
144099,355,refined_cluster_cluster_355
410067,747,refined_cluster_cluster_747
64175090,747,refined_cluster_cluster_747
64175040,747,refined_cluster_cluster_747
222522,895,refined_cluster_cluster_895
2223121,895,refined_cluster_cluster_895
22228987,1075,refined_cluster_cluster_1075
2220503,1075,refined_cluster_cluster_1075
22230412,1075,refined_cluster_cluster_1075
754116,148,refined_cluster_cluster_148
85165,148,refined_cluster_cluster_148
10200,1415,refined_cluster_cluster_1415
98019980,1415,refined_cluster_cluster_1415
77533350,1415,refined_cluster_cluster_1415
450029,1415,refined_cluster_cluster_1415
19279,1419,refined_cluster_cluster_1419
77536660,1419,refined_cluster_cluster_1419
99999946,1420,refined_cluster_cluster_1420
98069980,1420,refined_cluster_cluster_1420
99901,253,refined_cluster_cluster_253
99902,253,refined_cluster_cluster_253
99903,253,refined_cluster_cluster_253
906001,705,refined_cluster_cluster_705
906007,705,refined_cluster_cluster_705
95968000,1196,refined_cluster_cluster_1196
95105110,1196,refined_cluster_cluster_1196
95136070,1196,refined_cluster_cluster_1196
95456789,429,refined_cluster_cluster_429
95503579,429,refined_cluster_cluster_429
620106,990,refined_cluster_cluster_990
620107,990,refined_cluster_cluster_990
83044,334,refined_cluster_cluster_334
80343,334,refined_cluster_cluster_334
80340,334,refined_cluster_cluster_334
80345,613,refined_cluster_cluster_613
80344,613,refined_cluster_cluster_613
80341,614,refined_cluster_cluster_614
81341,614,refined_cluster_cluster_614
81342,614,refined_cluster_cluster_614
77109981,1154,refined_cluster_cluster_1154
77101809,1154,refined_cluster_cluster_1154
77109980,1158,refined_cluster_cluster_1158
77102029,1158,refined_cluster_cluster_1158
77119989,1158,refined_cluster_cluster_1158
77289989,1158,refined_cluster_cluster_1158
10381050,212,refined_cluster_cluster_212
10371000,212,refined_cluster_cluster_212
10371050,212,refined_cluster_cluster_212
10371390,821,refined_cluster_cluster_821
10351390,821,refined_cluster_cluster_821
920214,60,refined_cluster_cluster_60
920215,60,refined_cluster_cluster_60
920216,60,refined_cluster_cluster_60
920226,59,refined_cluster_cluster_59
920227,59,refined_cluster_cluster_59
730185,1617,refined_cluster_cluster_1617
610334,1617,refined_cluster_cluster_1617
710402,1617,refined_cluster_cluster_1617
710003,1617,refined_cluster_cluster_1617
590003,564,refined_cluster_cluster_564
590003,564,refined_cluster_cluster_564
908103,602,refined_cluster_cluster_602
908108,602,refined_cluster_cluster_602
907509,602,refined_cluster_cluster_602
907100,602,refined_cluster_cluster_602
908107,192,refined_cluster_cluster_192
907508,192,refined_cluster_cluster_192
250400,3012,refined_cluster_cluster_3012
254063,3012,refined_cluster_cluster_3012
254070,3012,refined_cluster_cluster_3012
164189,2398,refined_cluster_cluster_2398
164185,2398,refined_cluster_cluster_2398
163000,2404,refined_cluster_cluster_2404
163011,2404,refined_cluster_cluster_2404
163001,2682,refined_cluster_cluster_2682
164180,2682,refined_cluster_cluster_2682
163140,2682,refined_cluster_cluster_2682
164160,2682,refined_cluster_cluster_2682
163160,2682,refined_cluster_cluster_2682
163200,2682,refined_cluster_cluster_2682
163220,2682,refined_cluster_cluster_2682
162111,2682,refined_cluster_cluster_2682
45061080,3199,refined_cluster_cluster_3199
45051080,3199,refined_cluster_cluster_3199
45079990,3212,refined_cluster_cluster_3212
45089990,3212,refined_cluster_cluster_3212
45189990,3212,refined_cluster_cluster_3212
164121,3075,refined_cluster_cluster_3075
164141,3075,refined_cluster_cluster_3075
164161,3075,refined_cluster_cluster_3075
164060,3075,refined_cluster_cluster_3075
164080,3075,refined_cluster_cluster_3075
164099,2712,refined_cluster_cluster_2712
164097,2712,refined_cluster_cluster_2712
168825,1434,refined_cluster_cluster_1434
168012,1434,refined_cluster_cluster_1434
17095710,1434,refined_cluster_cluster_1434
17111320,719,refined_cluster_cluster_719
17091320,719,refined_cluster_cluster_719
17111012,1908,refined_cluster_cluster_1908
17091004,1908,refined_cluster_cluster_1908
17093572,1908,refined_cluster_cluster_1908
17093574,1908,refined_cluster_cluster_1908
17093575,1908,refined_cluster_cluster_1908
17113370,718,refined_cluster_cluster_718
17113380,718,refined_cluster_cluster_718
17111490,718,refined_cluster_cluster_718
17091590,718,refined_cluster_cluster_718
17114640,717,refined_cluster_cluster_717
17111076,717,refined_cluster_cluster_717
17114636,2679,refined_cluster_cluster_2679
15224636,2679,refined_cluster_cluster_2679
164142,3083,refined_cluster_cluster_3083
164162,3083,refined_cluster_cluster_3083
164182,3083,refined_cluster_cluster_3083
164202,3083,refined_cluster_cluster_3083
164242,3083,refined_cluster_cluster_3083
163161,3084,refined_cluster_cluster_3084
163181,3084,refined_cluster_cluster_3084
163241,3084,refined_cluster_cluster_3084
164145,1805,refined_cluster_cluster_1805
164167,1805,refined_cluster_cluster_1805
163112,1802,refined_cluster_cluster_1802
17093795,1802,refined_cluster_cluster_1802
17091215,1802,refined_cluster_cluster_1802
17111215,1802,refined_cluster_cluster_1802
164025,1804,refined_cluster_cluster_1804
164165,1804,refined_cluster_cluster_1804
17111874,1734,refined_cluster_cluster_1734
17111875,1734,refined_cluster_cluster_1734
160008,1803,refined_cluster_cluster_1803
160019,1803,refined_cluster_cluster_1803
17211020,1800,refined_cluster_cluster_1800
17119986,1800,refined_cluster_cluster_1800
17093694,1800,refined_cluster_cluster_1800
17113556,1405,refined_cluster_cluster_1405
17095723,1405,refined_cluster_cluster_1405
17091454,1405,refined_cluster_cluster_1405
17112401,1679,refined_cluster_cluster_1679
17223520,1679,refined_cluster_cluster_1679
17123520,1679,refined_cluster_cluster_1679
17121000,1679,refined_cluster_cluster_1679
17123680,1679,refined_cluster_cluster_1679
17091057,2851,refined_cluster_cluster_2851
17101057,2851,refined_cluster_cluster_2851
17091317,2851,refined_cluster_cluster_2851
17111057,2851,refined_cluster_cluster_2851
17092267,2850,refined_cluster_cluster_2850
17102267,2850,refined_cluster_cluster_2850
17101077,2841,refined_cluster_cluster_2841
17091077,2841,refined_cluster_cluster_2841
160680,2755,refined_cluster_cluster_2755
164006,2755,refined_cluster_cluster_2755
164100,3079,refined_cluster_cluster_3079
164120,3079,refined_cluster_cluster_3079
164140,3079,refined_cluster_cluster_3079
164086,3079,refined_cluster_cluster_3079
160040,3079,refined_cluster_cluster_3079
163120,3085,refined_cluster_cluster_3085
163141,3085,refined_cluster_cluster_3085
163127,3085,refined_cluster_cluster_3085
163201,3085,refined_cluster_cluster_3085
163123,3085,refined_cluster_cluster_3085
161101,3076,refined_cluster_cluster_3076
161121,3076,refined_cluster_cluster_3076
161141,3076,refined_cluster_cluster_3076
161161,3076,refined_cluster_cluster_3076
161181,3076,refined_cluster_cluster_3076
161081,3076,refined_cluster_cluster_3076
84530,61,refined_cluster_cluster_61
84580,61,refined_cluster_cluster_61
195003,2360,refined_cluster_cluster_2360
195002,2360,refined_cluster_cluster_2360
620039,342,refined_cluster_cluster_342
620041,342,refined_cluster_cluster_342
625464,770,refined_cluster_cluster_770
623856,770,refined_cluster_cluster_770
620030,2753,refined_cluster_cluster_2753
SP40034,2753,refined_cluster_cluster_2753
12340,2753,refined_cluster_cluster_2753
12341,2753,refined_cluster_cluster_2753
34087,1103,refined_cluster_cluster_1103
174001,1103,refined_cluster_cluster_1103
1832625,498,refined_cluster_cluster_498
1832625,498,refined_cluster_cluster_498
1832609,499,refined_cluster_cluster_499
1832609,499,refined_cluster_cluster_499
20021,502,refined_cluster_cluster_502
20018,502,refined_cluster_cluster_502
20019124,501,refined_cluster_cluster_501
20019127,501,refined_cluster_cluster_501
20019129,501,refined_cluster_cluster_501
20019123,501,refined_cluster_cluster_501
31740,528,refined_cluster_cluster_528
501412,528,refined_cluster_cluster_528
50141,528,refined_cluster_cluster_528
410072,1742,refined_cluster_cluster_1742
38276040,1742,refined_cluster_cluster_1742
38279980,1742,refined_cluster_cluster_1742
174037,251,refined_cluster_cluster_251
174041,251,refined_cluster_cluster_251
174051,250,refined_cluster_cluster_250
174071,250,refined_cluster_cluster_250
11039984,1097,refined_cluster_cluster_1097
11033694,1097,refined_cluster_cluster_1097
11031002,1097,refined_cluster_cluster_1097
11031004,1097,refined_cluster_cluster_1097
620031,2362,refined_cluster_cluster_2362
311002,2362,refined_cluster_cluster_2362
95400,808,refined_cluster_cluster_808
95406,808,refined_cluster_cluster_808
95403,808,refined_cluster_cluster_808
95407,819,refined_cluster_cluster_819
95402,819,refined_cluster_cluster_819
95401,819,refined_cluster_cluster_819
95404,809,refined_cluster_cluster_809
95408,809,refined_cluster_cluster_809
50PT23,916,refined_cluster_cluster_916
50PT54,916,refined_cluster_cluster_916
50PT16,916,refined_cluster_cluster_916
50PT15,916,refined_cluster_cluster_916
50PT61,916,refined_cluster_cluster_916
50PT51,916,refined_cluster_cluster_916
50PT63,916,refined_cluster_cluster_916
50PT24,916,refined_cluster_cluster_916
50PT13,916,refined_cluster_cluster_916
20PT09,916,refined_cluster_cluster_916
38448900,1124,refined_cluster_cluster_1124
220608,1124,refined_cluster_cluster_1124
224410,1078,refined_cluster_cluster_1078
224410Z,1078,refined_cluster_cluster_1078
22PC12,1081,refined_cluster_cluster_1081
22PC14Z,1081,refined_cluster_cluster_1081
22254,1068,refined_cluster_cluster_1068
228866,1068,refined_cluster_cluster_1068
22260,1068,refined_cluster_cluster_1068
228866,1068,refined_cluster_cluster_1068
2229058,1069,refined_cluster_cluster_1069
2229052,1069,refined_cluster_cluster_1069
2229056,1069,refined_cluster_cluster_1069
2229072,1066,refined_cluster_cluster_1066
2229072,1066,refined_cluster_cluster_1066
22ND012,589,refined_cluster_cluster_589
22ND031,589,refined_cluster_cluster_589
22255,1079,refined_cluster_cluster_1079
22082,1079,refined_cluster_cluster_1079
78342999,1170,refined_cluster_cluster_1170
78341549,1170,refined_cluster_cluster_1170
78341649,1181,refined_cluster_cluster_1181
80704000,1181,refined_cluster_cluster_1181
78614360,1083,refined_cluster_cluster_1083
78704362,1083,refined_cluster_cluster_1083
78344360,1083,refined_cluster_cluster_1083
78749980,1136,refined_cluster_cluster_1136
590005,1136,refined_cluster_cluster_1136
30004,853,refined_cluster_cluster_853
31214,853,refined_cluster_cluster_853
31214,853,refined_cluster_cluster_853
31502,847,refined_cluster_cluster_847
30001,847,refined_cluster_cluster_847
30002,847,refined_cluster_cluster_847
30003,855,refined_cluster_cluster_855
31496,855,refined_cluster_cluster_855
31526,855,refined_cluster_cluster_855
30005,856,refined_cluster_cluster_856
32496,856,refined_cluster_cluster_856
88051,362,refined_cluster_cluster_362
90274,362,refined_cluster_cluster_362
90272,362,refined_cluster_cluster_362
94017,729,refined_cluster_cluster_729
94360,729,refined_cluster_cluster_729
97352,729,refined_cluster_cluster_729
97413,729,refined_cluster_cluster_729
SAMPLES,7,refined_cluster_cluster_7
99SAMPLE,7,refined_cluster_cluster_7
190000,7,refined_cluster_cluster_7
95062,433,refined_cluster_cluster_433
95052,433,refined_cluster_cluster_433
95060,862,refined_cluster_cluster_862
90605A,862,refined_cluster_cluster_862
906052,862,refined_cluster_cluster_862
9620224,832,refined_cluster_cluster_832
9620194,832,refined_cluster_cluster_832
9620218,832,refined_cluster_cluster_832
9620200,832,refined_cluster_cluster_832
9620154,833,refined_cluster_cluster_833
9620178,833,refined_cluster_cluster_833
9620161,833,refined_cluster_cluster_833
96202055,833,refined_cluster_cluster_833
91011,805,refined_cluster_cluster_805
91020544,805,refined_cluster_cluster_805
91011504,805,refined_cluster_cluster_805
91020,804,refined_cluster_cluster_804
91018,804,refined_cluster_cluster_804
9103127,804,refined_cluster_cluster_804
91022,804,refined_cluster_cluster_804
90342011,851,refined_cluster_cluster_851
40171015,851,refined_cluster_cluster_851
40171017,851,refined_cluster_cluster_851
40171009,851,refined_cluster_cluster_851
40171023,852,refined_cluster_cluster_852
40171020,852,refined_cluster_cluster_852
22090H1,827,refined_cluster_cluster_827
22089HS,827,refined_cluster_cluster_827
22090HS,827,refined_cluster_cluster_827
22080198,859,refined_cluster_cluster_859
22081010,859,refined_cluster_cluster_859
22081000,859,refined_cluster_cluster_859
22080216,860,refined_cluster_cluster_860
91168V,860,refined_cluster_cluster_860
911683,860,refined_cluster_cluster_860
90342020,199,refined_cluster_cluster_199
90342019,199,refined_cluster_cluster_199
90342003,668,refined_cluster_cluster_668
90738,668,refined_cluster_cluster_668
914025,136,refined_cluster_cluster_136
917PQ20,136,refined_cluster_cluster_136
97416030,409,refined_cluster_cluster_409
97456030,409,refined_cluster_cluster_409
13973188,1695,refined_cluster_cluster_1695
13912A,1695,refined_cluster_cluster_1695
13925,1695,refined_cluster_cluster_1695
139498,2670,refined_cluster_cluster_2670
139499,2670,refined_cluster_cluster_2670
14036S,2670,refined_cluster_cluster_2670
1480415,2670,refined_cluster_cluster_2670
13950,2670,refined_cluster_cluster_2670
13974138,1686,refined_cluster_cluster_1686
13975010,1686,refined_cluster_cluster_1686
139461,1694,refined_cluster_cluster_1694
13976711,1694,refined_cluster_cluster_1694
13968889,1694,refined_cluster_cluster_1694
13968873,1694,refined_cluster_cluster_1694
13968882,1696,refined_cluster_cluster_1696
13976510,1696,refined_cluster_cluster_1696
97455750,2671,refined_cluster_cluster_2671
97473740,2671,refined_cluster_cluster_2671
97195750,2671,refined_cluster_cluster_2671
38141911,1173,refined_cluster_cluster_1173
38172011,1173,refined_cluster_cluster_1173
14039,2295,refined_cluster_cluster_2295
14036909,2295,refined_cluster_cluster_2295
14040,2295,refined_cluster_cluster_2295
14037S,2305,refined_cluster_cluster_2305
144610,2305,refined_cluster_cluster_2305
144610,2305,refined_cluster_cluster_2305
38094070,2256,refined_cluster_cluster_2256
34047,2256,refined_cluster_cluster_2256
90236,2872,refined_cluster_cluster_2872
92295,2872,refined_cluster_cluster_2872
13921000,2310,refined_cluster_cluster_2310
13968410,2310,refined_cluster_cluster_2310
13917172,2310,refined_cluster_cluster_2310
38221333,1188,refined_cluster_cluster_1188
38293000,1188,refined_cluster_cluster_1188
38221331,1535,refined_cluster_cluster_1535
139801,1535,refined_cluster_cluster_1535
38235107,1585,refined_cluster_cluster_1585
38263007,1585,refined_cluster_cluster_1585
38518057,1585,refined_cluster_cluster_1585
38120256,3007,refined_cluster_cluster_3007
98039980,3007,refined_cluster_cluster_3007
38311006,3001,refined_cluster_cluster_3001
38311016,3001,refined_cluster_cluster_3001
38421006,3006,refined_cluster_cluster_3006
38480509,3006,refined_cluster_cluster_3006
20441,1032,refined_cluster_cluster_1032
20442,1032,refined_cluster_cluster_1032
97315740,2266,refined_cluster_cluster_2266
97325740,2266,refined_cluster_cluster_2266
97145740,2266,refined_cluster_cluster_2266
97305740,2266,refined_cluster_cluster_2266
97135740,2266,refined_cluster_cluster_2266
97295740,2266,refined_cluster_cluster_2266
97455850,2328,refined_cluster_cluster_2328
97445850,2328,refined_cluster_cluster_2328
13968412,2311,refined_cluster_cluster_2311
13964110,2311,refined_cluster_cluster_2311
1361495,2311,refined_cluster_cluster_2311
13964112,2298,refined_cluster_cluster_2298
1396800,2298,refined_cluster_cluster_2298
13969,2298,refined_cluster_cluster_2298
13968783,2298,refined_cluster_cluster_2298
1396116,2298,refined_cluster_cluster_2298
1361421,2315,refined_cluster_cluster_2315
1361465,2315,refined_cluster_cluster_2315
20474,1955,refined_cluster_cluster_1955
20473,1955,refined_cluster_cluster_1955
140886,924,refined_cluster_cluster_924
2225C,924,refined_cluster_cluster_924
13976351,1026,refined_cluster_cluster_1026
13976349,1026,refined_cluster_cluster_1026
13968907,2320,refined_cluster_cluster_2320
13968903,2320,refined_cluster_cluster_2320
13968903,2320,refined_cluster_cluster_2320
22139656,1570,refined_cluster_cluster_1570
22139662,1570,refined_cluster_cluster_1570
13976347,1558,refined_cluster_cluster_1558
13976346,1558,refined_cluster_cluster_1558
13968984,2306,refined_cluster_cluster_2306
13968984,2306,refined_cluster_cluster_2306
13968982,2306,refined_cluster_cluster_2306
139642,2306,refined_cluster_cluster_2306
13964,2306,refined_cluster_cluster_2306
13968906,2319,refined_cluster_cluster_2319
13968902,2319,refined_cluster_cluster_2319
139122,1364,refined_cluster_cluster_1364
139767,1364,refined_cluster_cluster_1364
13976F,1364,refined_cluster_cluster_1364
1397610,1364,refined_cluster_cluster_1364
13977F,1364,refined_cluster_cluster_1364
13944569,1183,refined_cluster_cluster_1183
13944585,1183,refined_cluster_cluster_1183
38970100,445,refined_cluster_cluster_445
38515980,445,refined_cluster_cluster_445
1392095,2301,refined_cluster_cluster_2301
1392105,2301,refined_cluster_cluster_2301
34032,2267,refined_cluster_cluster_2267
34059,2267,refined_cluster_cluster_2267
38912001,341,refined_cluster_cluster_341
38912000,341,refined_cluster_cluster_341
13977I,341,refined_cluster_cluster_341
38519000,2993,refined_cluster_cluster_2993
38519009,2993,refined_cluster_cluster_2993
38565607,2993,refined_cluster_cluster_2993
38566900,2785,refined_cluster_cluster_2785
38519010,2785,refined_cluster_cluster_2785
13919,706,refined_cluster_cluster_706
13916,706,refined_cluster_cluster_706
13968860,1217,refined_cluster_cluster_1217
14026ATK,1217,refined_cluster_cluster_1217
14023013,1217,refined_cluster_cluster_1217
140224,1217,refined_cluster_cluster_1217
1402909,2302,refined_cluster_cluster_2302
38633005,2302,refined_cluster_cluster_2302
14023560,2316,refined_cluster_cluster_2316
14025146,2316,refined_cluster_cluster_2316
59011250,3004,refined_cluster_cluster_3004
59999999,3004,refined_cluster_cluster_3004
140372,2307,refined_cluster_cluster_2307
1043489,2307,refined_cluster_cluster_2307
1043484,2307,refined_cluster_cluster_2307
14025138,2307,refined_cluster_cluster_2307
38815149,2293,refined_cluster_cluster_2293
38851509,2293,refined_cluster_cluster_2293
38825630,2776,refined_cluster_cluster_2776
38825620,2776,refined_cluster_cluster_2776
13981,2312,refined_cluster_cluster_2312
13989,2312,refined_cluster_cluster_2312
14019G,307,refined_cluster_cluster_307
140190,307,refined_cluster_cluster_307
34044,1712,refined_cluster_cluster_1712
34030,1712,refined_cluster_cluster_1712
34056,1218,refined_cluster_cluster_1218
34046,1218,refined_cluster_cluster_1218
134826,2314,refined_cluster_cluster_2314
134826Z,2314,refined_cluster_cluster_2314
132872Z,2313,refined_cluster_cluster_2313
132879Z,2313,refined_cluster_cluster_2313
132878Z,2313,refined_cluster_cluster_2313
68590000,1707,refined_cluster_cluster_1707
67308000,1707,refined_cluster_cluster_1707
14025144,2303,refined_cluster_cluster_2303
14025134,2303,refined_cluster_cluster_2303
14025132,2303,refined_cluster_cluster_2303
14023503,2303,refined_cluster_cluster_2303
13911463,2665,refined_cluster_cluster_2665
13911452,2665,refined_cluster_cluster_2665
70882,1647,refined_cluster_cluster_1647
71801,1647,refined_cluster_cluster_1647
61010,1647,refined_cluster_cluster_1647
61012,1647,refined_cluster_cluster_1647
71800,1647,refined_cluster_cluster_1647
61002,1645,refined_cluster_cluster_1645
61022,1645,refined_cluster_cluster_1645
78379989,1642,refined_cluster_cluster_1642
210490,1642,refined_cluster_cluster_1642
78362999,1642,refined_cluster_cluster_1642
78361809,1642,refined_cluster_cluster_1642
78359989,1642,refined_cluster_cluster_1642
78369899,1642,refined_cluster_cluster_1642
78365259,1642,refined_cluster_cluster_1642
78374759,1640,refined_cluster_cluster_1640
78364759,1640,refined_cluster_cluster_1640
78384369,1643,refined_cluster_cluster_1643
78764369,1643,refined_cluster_cluster_1643
78754369,1643,refined_cluster_cluster_1643
80569970,2446,refined_cluster_cluster_2446
80569950,2446,refined_cluster_cluster_2446
80569558,2446,refined_cluster_cluster_2446
80569980,2446,refined_cluster_cluster_2446
80245041,2446,refined_cluster_cluster_2446
80569971,2446,refined_cluster_cluster_2446
80569990,1088,refined_cluster_cluster_1088
80804400,1088,refined_cluster_cluster_1088
80601041,2421,refined_cluster_cluster_2421
80601040,2421,refined_cluster_cluster_2421
80950400,1166,refined_cluster_cluster_1166
80812700,1166,refined_cluster_cluster_1166
78594360,1321,refined_cluster_cluster_1321
78654369,1321,refined_cluster_cluster_1321
78494360,1324,refined_cluster_cluster_1324
78394360,1324,refined_cluster_cluster_1324
78399989,1319,refined_cluster_cluster_1319
78391869,1319,refined_cluster_cluster_1319
93414,1319,refined_cluster_cluster_1319
SP5081,1658,refined_cluster_cluster_1658
80707000,1658,refined_cluster_cluster_1658
80314001,183,refined_cluster_cluster_183
21210123,183,refined_cluster_cluster_183
80131500,2068,refined_cluster_cluster_2068
80133140,2068,refined_cluster_cluster_2068
80172000,2049,refined_cluster_cluster_2049
74019980,2049,refined_cluster_cluster_2049
74019989,2049,refined_cluster_cluster_2049
74029989,2049,refined_cluster_cluster_2049
80804000,2041,refined_cluster_cluster_2041
80162000,2041,refined_cluster_cluster_2041
80162100,2041,refined_cluster_cluster_2041
80803610,2508,refined_cluster_cluster_2508
80803550,2508,refined_cluster_cluster_2508
80360,2508,refined_cluster_cluster_2508
80336600,784,refined_cluster_cluster_784
71201,784,refined_cluster_cluster_784
95035036,180,refined_cluster_cluster_180
95035039,180,refined_cluster_cluster_180
95035026,231,refined_cluster_cluster_231
95035038,231,refined_cluster_cluster_231
95261,504,refined_cluster_cluster_504
95262,504,refined_cluster_cluster_504
200001,12,refined_cluster_cluster_12
32000200,12,refined_cluster_cluster_12
7017281,90,refined_cluster_cluster_90
31790,90,refined_cluster_cluster_90
85163,598,refined_cluster_cluster_598
754012,598,refined_cluster_cluster_598
15029984,2394,refined_cluster_cluster_2394
15021004,2394,refined_cluster_cluster_2394
15023572,2394,refined_cluster_cluster_2394
15023574,2394,refined_cluster_cluster_2394
15023576,2394,refined_cluster_cluster_2394
15023575,2394,refined_cluster_cluster_2394
144012,2394,refined_cluster_cluster_2394
15023563,2221,refined_cluster_cluster_2221
15021163,2221,refined_cluster_cluster_2221
15021164,2386,refined_cluster_cluster_2386
15021874,2386,refined_cluster_cluster_2386
15023334,2386,refined_cluster_cluster_2386
15024640,2387,refined_cluster_cluster_2387
15021590,2387,refined_cluster_cluster_2387
15021320,2387,refined_cluster_cluster_2387
15021090,2387,refined_cluster_cluster_2387
15023420,2387,refined_cluster_cluster_2387
15021120,2387,refined_cluster_cluster_2387
15021024,2393,refined_cluster_cluster_2393
15021026,2393,refined_cluster_cluster_2393
15021025,2393,refined_cluster_cluster_2393
15025723,2222,refined_cluster_cluster_2222
143011,2222,refined_cluster_cluster_2222
164051,3020,refined_cluster_cluster_3020
164122,3020,refined_cluster_cluster_3020
164123,3023,refined_cluster_cluster_3023
164163,3023,refined_cluster_cluster_3023
16309986,2610,refined_cluster_cluster_2610
16051054,2610,refined_cluster_cluster_2610
16051056,2610,refined_cluster_cluster_2610
16054544,2611,refined_cluster_cluster_2611
16301310,2611,refined_cluster_cluster_2611
13185003,2589,refined_cluster_cluster_2589
16053553,2589,refined_cluster_cluster_2589
13185024,2594,refined_cluster_cluster_2594
16051142,2594,refined_cluster_cluster_2594
16051144,2594,refined_cluster_cluster_2594
16051216,2683,refined_cluster_cluster_2683
16051215,2683,refined_cluster_cluster_2683
16051170,2411,refined_cluster_cluster_2411
170511755,2411,refined_cluster_cluster_2411
16051175,2411,refined_cluster_cluster_2411
16051374,2602,refined_cluster_cluster_2602
13183574,2602,refined_cluster_cluster_2602
13181004,2588,refined_cluster_cluster_2588
16053554,2588,refined_cluster_cluster_2588
16053556,2588,refined_cluster_cluster_2588
13181164,2588,refined_cluster_cluster_2588
13181024,2588,refined_cluster_cluster_2588
164093,3022,refined_cluster_cluster_3022
164062,3022,refined_cluster_cluster_3022
164071,3022,refined_cluster_cluster_3022
164081,3022,refined_cluster_cluster_3022
164090,3022,refined_cluster_cluster_3022
164002,3022,refined_cluster_cluster_3022
160101,3042,refined_cluster_cluster_3042
160121,3042,refined_cluster_cluster_3042
160140,3042,refined_cluster_cluster_3042
164001,3042,refined_cluster_cluster_3042
160050,3042,refined_cluster_cluster_3042
160060,3042,refined_cluster_cluster_3042
160072,3042,refined_cluster_cluster_3042
160080,3042,refined_cluster_cluster_3042
160901,3042,refined_cluster_cluster_3042
93296,37,refined_cluster_cluster_37
93293,37,refined_cluster_cluster_37
93300890,37,refined_cluster_cluster_37
SP542,2087,refined_cluster_cluster_2087
SP539,2087,refined_cluster_cluster_2087
212161,2058,refined_cluster_cluster_2058
212163,2058,refined_cluster_cluster_2058
212162,2058,refined_cluster_cluster_2058
21225203,2114,refined_cluster_cluster_2114
74045809,2114,refined_cluster_cluster_2114
74567809,2114,refined_cluster_cluster_2114
212232,1666,refined_cluster_cluster_1666
74945829,1666,refined_cluster_cluster_1666
74109989,1666,refined_cluster_cluster_1666
212349,2207,refined_cluster_cluster_2207
212346,2207,refined_cluster_cluster_2207
21224045,2204,refined_cluster_cluster_2204
21224036,2204,refined_cluster_cluster_2204
21224,2204,refined_cluster_cluster_2204
21220,2074,refined_cluster_cluster_2074
21216,2074,refined_cluster_cluster_2074
21232E1,2074,refined_cluster_cluster_2074
21225,2074,refined_cluster_cluster_2074
21229,2074,refined_cluster_cluster_2074
21234W,2074,refined_cluster_cluster_2074
21233S,2074,refined_cluster_cluster_2074
21201045,2075,refined_cluster_cluster_2075
212011,2075,refined_cluster_cluster_2075
21201B,2067,refined_cluster_cluster_2067
211751,2067,refined_cluster_cluster_2067
21178,2067,refined_cluster_cluster_2067
21176,2067,refined_cluster_cluster_2067
21257,2095,refined_cluster_cluster_2095
21253,2095,refined_cluster_cluster_2095
21245T,2095,refined_cluster_cluster_2095
21245,2095,refined_cluster_cluster_2095
21237,2095,refined_cluster_cluster_2095
2121312,2209,refined_cluster_cluster_2209
21227000,2209,refined_cluster_cluster_2209
21206,2209,refined_cluster_cluster_2209
21213,2209,refined_cluster_cluster_2209
21226999,2209,refined_cluster_cluster_2209
21226C,2209,refined_cluster_cluster_2209
21248,2208,refined_cluster_cluster_2208
21233C,2208,refined_cluster_cluster_2208
21255,2053,refined_cluster_cluster_2053
21207,2053,refined_cluster_cluster_2053
21258,2059,refined_cluster_cluster_2059
21215,2059,refined_cluster_cluster_2059
21232A,2059,refined_cluster_cluster_2059
21234,2071,refined_cluster_cluster_2071
212311,2071,refined_cluster_cluster_2071
2123141,2070,refined_cluster_cluster_2070
212314,2070,refined_cluster_cluster_2070
212325,2070,refined_cluster_cluster_2070
74091106,2103,refined_cluster_cluster_2103
74054419,2103,refined_cluster_cluster_2103
74064419,2103,refined_cluster_cluster_2103
74084419,2103,refined_cluster_cluster_2103
74084416,2103,refined_cluster_cluster_2103
74099989,2102,refined_cluster_cluster_2102
74059989,2102,refined_cluster_cluster_2102
74051260,2102,refined_cluster_cluster_2102
74051109,2102,refined_cluster_cluster_2102
74061109,2102,refined_cluster_cluster_2102
74071109,2102,refined_cluster_cluster_2102
74081109,2102,refined_cluster_cluster_2102
74054759,2100,refined_cluster_cluster_2100
74064759,2100,refined_cluster_cluster_2100
74084759,2100,refined_cluster_cluster_2100
74112009,2211,refined_cluster_cluster_2211
74129989,2211,refined_cluster_cluster_2211
74139989,2211,refined_cluster_cluster_2211
71549989,2211,refined_cluster_cluster_2211
74121269,2230,refined_cluster_cluster_2230
74131269,2230,refined_cluster_cluster_2230
74124759,2174,refined_cluster_cluster_2174
74134759,2174,refined_cluster_cluster_2174
74121109,2198,refined_cluster_cluster_2198
74134419,2198,refined_cluster_cluster_2198
74424415,2198,refined_cluster_cluster_2198
74434419,2198,refined_cluster_cluster_2198
74111509,2158,refined_cluster_cluster_2158
74201509,2158,refined_cluster_cluster_2158
74431509,2158,refined_cluster_cluster_2158
74209989,2202,refined_cluster_cluster_2202
74559989,2202,refined_cluster_cluster_2202
74191269,2206,refined_cluster_cluster_2206
74201269,2206,refined_cluster_cluster_2206
74561269,2206,refined_cluster_cluster_2206
74551260,2206,refined_cluster_cluster_2206
74194759,2180,refined_cluster_cluster_2180
74204759,2180,refined_cluster_cluster_2180
74564759,2181,refined_cluster_cluster_2181
74554759,2181,refined_cluster_cluster_2181
74669989,2189,refined_cluster_cluster_2189
74364369,2189,refined_cluster_cluster_2189
74664369,2189,refined_cluster_cluster_2189
74724369,2037,refined_cluster_cluster_2037
74219989,2037,refined_cluster_cluster_2037
74725809,2037,refined_cluster_cluster_2037
74904759,2168,refined_cluster_cluster_2168
74924759,2168,refined_cluster_cluster_2168
74704759,2168,refined_cluster_cluster_2168
74464759,2168,refined_cluster_cluster_2168
74121260,2229,refined_cluster_cluster_2229
74421260,2229,refined_cluster_cluster_2229
74441269,2229,refined_cluster_cluster_2229
116600001,2229,refined_cluster_cluster_2229
74431260,2229,refined_cluster_cluster_2229
74141269,2217,refined_cluster_cluster_2217
74149989,2217,refined_cluster_cluster_2217
74141109,2217,refined_cluster_cluster_2217
74144759,2153,refined_cluster_cluster_2153
74844759,2153,refined_cluster_cluster_2153
74544759,2153,refined_cluster_cluster_2153
74744759,2153,refined_cluster_cluster_2153
74144419,2170,refined_cluster_cluster_2170
74141106,2170,refined_cluster_cluster_2170
74511269,2226,refined_cluster_cluster_2226
74461269,2226,refined_cluster_cluster_2226
74471269,2226,refined_cluster_cluster_2226
74481269,2226,refined_cluster_cluster_2226
74551269,2218,refined_cluster_cluster_2218
74541269,2218,refined_cluster_cluster_2218
74754369,2194,refined_cluster_cluster_2194
74154369,2194,refined_cluster_cluster_2194
74194369,2190,refined_cluster_cluster_2190
74204369,2190,refined_cluster_cluster_2190
74554369,2190,refined_cluster_cluster_2190
74155829,2106,refined_cluster_cluster_2106
74565829,2106,refined_cluster_cluster_2106
74174369,2191,refined_cluster_cluster_2191
74184369,2191,refined_cluster_cluster_2191
74514360,2178,refined_cluster_cluster_2178
74544360,2178,refined_cluster_cluster_2178
74554360,2178,refined_cluster_cluster_2178
74529989,2186,refined_cluster_cluster_2186
74521269,2186,refined_cluster_cluster_2186
74524369,2173,refined_cluster_cluster_2173
74814369,2173,refined_cluster_cluster_2173
74114369,2173,refined_cluster_cluster_2173
74005829,2129,refined_cluster_cluster_2129
74335829,2129,refined_cluster_cluster_2129
74875829,2129,refined_cluster_cluster_2129
74885829,2129,refined_cluster_cluster_2129
74634369,2179,refined_cluster_cluster_2179
74534360,2179,refined_cluster_cluster_2179
74104360,2098,refined_cluster_cluster_2098
74464369,2098,refined_cluster_cluster_2098
74164360,2098,refined_cluster_cluster_2098
74769989,2097,refined_cluster_cluster_2097
74164412,2097,refined_cluster_cluster_2097
74242399,2176,refined_cluster_cluster_2176
74279989,2176,refined_cluster_cluster_2176
74269989,2176,refined_cluster_cluster_2176
74291269,2176,refined_cluster_cluster_2176
74271269,2176,refined_cluster_cluster_2176
74299980,2176,refined_cluster_cluster_2176
74241269,2176,refined_cluster_cluster_2176
74261269,2176,refined_cluster_cluster_2176
74281260,2176,refined_cluster_cluster_2176
74259989,2176,refined_cluster_cluster_2176
74251269,2176,refined_cluster_cluster_2176
74224759,2148,refined_cluster_cluster_2148
74244759,2148,refined_cluster_cluster_2148
74234759,2148,refined_cluster_cluster_2148
74284360,2171,refined_cluster_cluster_2171
74304369,2171,refined_cluster_cluster_2171
74404369,2171,refined_cluster_cluster_2171
74294369,2171,refined_cluster_cluster_2171
74714369,2171,refined_cluster_cluster_2171
74264360,2171,refined_cluster_cluster_2171
74654369,2171,refined_cluster_cluster_2171
74314369,2171,refined_cluster_cluster_2171
74221509,2157,refined_cluster_cluster_2157
74241509,2157,refined_cluster_cluster_2157
74251509,2157,refined_cluster_cluster_2157
74271509,2157,refined_cluster_cluster_2157
74301509,2157,refined_cluster_cluster_2157
74235829,2177,refined_cluster_cluster_2177
74955829,2177,refined_cluster_cluster_2177
74965829,2177,refined_cluster_cluster_2177
74975829,2177,refined_cluster_cluster_2177
74274759,2154,refined_cluster_cluster_2154
74264759,2154,refined_cluster_cluster_2154
74294759,2154,refined_cluster_cluster_2154
74272119,2124,refined_cluster_cluster_2124
74272115,2124,refined_cluster_cluster_2124
74304759,2155,refined_cluster_cluster_2155
74404759,2155,refined_cluster_cluster_2155
74735309,2119,refined_cluster_cluster_2119
74335309,2119,refined_cluster_cluster_2119
74331459,2119,refined_cluster_cluster_2119
74834369,2115,refined_cluster_cluster_2115
74734369,2115,refined_cluster_cluster_2115
74681387,2120,refined_cluster_cluster_2120
74335689,2120,refined_cluster_cluster_2120
74334847,2120,refined_cluster_cluster_2120
74334457,2120,refined_cluster_cluster_2120
74335469,2120,refined_cluster_cluster_2120
74339987,2108,refined_cluster_cluster_2108
74331387,2108,refined_cluster_cluster_2108
74334369,2111,refined_cluster_cluster_2111
74344369,2111,refined_cluster_cluster_2111
74354369,2111,refined_cluster_cluster_2111
74389989,1557,refined_cluster_cluster_1557
74419989,1557,refined_cluster_cluster_1557
74399989,1557,refined_cluster_cluster_1557
74349987,2109,refined_cluster_cluster_2109
74359989,2109,refined_cluster_cluster_2109
74361389,2109,refined_cluster_cluster_2109
74341389,2096,refined_cluster_cluster_2096
74351389,2096,refined_cluster_cluster_2096
74371389,2096,refined_cluster_cluster_2096
74351457,2107,refined_cluster_cluster_2107
74361457,2107,refined_cluster_cluster_2107
74572769,2034,refined_cluster_cluster_2034
74619989,2034,refined_cluster_cluster_2034
74629989,2034,refined_cluster_cluster_2034
74919989,2034,refined_cluster_cluster_2034
74582769,2133,refined_cluster_cluster_2133
74585309,2133,refined_cluster_cluster_2133
74604919,2133,refined_cluster_cluster_2133
74604369,2133,refined_cluster_cluster_2133
74592769,2133,refined_cluster_cluster_2133
74595309,2133,refined_cluster_cluster_2133
74594369,2133,refined_cluster_cluster_2133
74984369,1375,refined_cluster_cluster_1375
74984364,1375,refined_cluster_cluster_1375
74985829,1375,refined_cluster_cluster_1375
74441109,2197,refined_cluster_cluster_2197
74504419,2197,refined_cluster_cluster_2197
74431209,2233,refined_cluster_cluster_2233
74431109,2233,refined_cluster_cluster_2233
74435809,2192,refined_cluster_cluster_2192
74505809,2192,refined_cluster_cluster_2192
74565809,2192,refined_cluster_cluster_2192
74855809,2192,refined_cluster_cluster_2192
74674759,2164,refined_cluster_cluster_2164
74434759,2164,refined_cluster_cluster_2164
74504759,2164,refined_cluster_cluster_2164
74439981,2232,refined_cluster_cluster_2232
74439980,2232,refined_cluster_cluster_2232
74939980,2232,refined_cluster_cluster_2232
74434369,2193,refined_cluster_cluster_2193
74644369,2193,refined_cluster_cluster_2193
74509980,2219,refined_cluster_cluster_2219
74469989,2219,refined_cluster_cluster_2219
74501504,2159,refined_cluster_cluster_2159
74501509,2159,refined_cluster_cluster_2159
74484759,2169,refined_cluster_cluster_2169
74454759,2169,refined_cluster_cluster_2169
74459980,2223,refined_cluster_cluster_2223
74499989,2223,refined_cluster_cluster_2223
74491269,2216,refined_cluster_cluster_2216
74501269,2216,refined_cluster_cluster_2216
74434360,2172,refined_cluster_cluster_2172
74494360,2172,refined_cluster_cluster_2172
74694360,2172,refined_cluster_cluster_2172
95050,848,refined_cluster_cluster_848
90605B,848,refined_cluster_cluster_848
900206,1439,refined_cluster_cluster_1439
900246,1439,refined_cluster_cluster_1439
140159,3097,refined_cluster_cluster_3097
190571,3097,refined_cluster_cluster_3097
190574,3097,refined_cluster_cluster_3097
190577,3097,refined_cluster_cluster_3097
140189,3097,refined_cluster_cluster_3097
44141980,2741,refined_cluster_cluster_2741
44301060,2741,refined_cluster_cluster_2741
44301920,2741,refined_cluster_cluster_2741
44083570,2741,refined_cluster_cluster_2741
44309980,2741,refined_cluster_cluster_2741
44002090,3136,refined_cluster_cluster_3136
44141150,3136,refined_cluster_cluster_3136
44089990,3136,refined_cluster_cluster_3136
44143350,3136,refined_cluster_cluster_3136
140013,785,refined_cluster_cluster_785
140014,785,refined_cluster_cluster_785
44301150,2804,refined_cluster_cluster_2804
44271980,2804,refined_cluster_cluster_2804
140510,1806,refined_cluster_cluster_1806
140610,1806,refined_cluster_cluster_1806
140106,1582,refined_cluster_cluster_1582
140206,1582,refined_cluster_cluster_1582
140056,1582,refined_cluster_cluster_1582
140066,1582,refined_cluster_cluster_1582
140086,1582,refined_cluster_cluster_1582
142061,1582,refined_cluster_cluster_1582
144008,2987,refined_cluster_cluster_2987
144007,2987,refined_cluster_cluster_2987
144017,2987,refined_cluster_cluster_2987
40152080,2752,refined_cluster_cluster_2752
40151060,2752,refined_cluster_cluster_2752
40152430,2752,refined_cluster_cluster_2752
40151940,2752,refined_cluster_cluster_2752
40141060,2752,refined_cluster_cluster_2752
18061765,1551,refined_cluster_cluster_1551
18060765,1551,refined_cluster_cluster_1551
19295900,379,refined_cluster_cluster_379
19285900,379,refined_cluster_cluster_379
78402109,84,refined_cluster_cluster_84
78409989,84,refined_cluster_cluster_84
84045810,3096,refined_cluster_cluster_3096
84035810,3096,refined_cluster_cluster_3096
84015810,3096,refined_cluster_cluster_3096
84005810,3096,refined_cluster_cluster_3096
84021440,2947,refined_cluster_cluster_2947
321001,2947,refined_cluster_cluster_2947
84024610,3000,refined_cluster_cluster_3000
84021350,3000,refined_cluster_cluster_3000
82165810,3102,refined_cluster_cluster_3102
82115810,3102,refined_cluster_cluster_3102
82075810,3102,refined_cluster_cluster_3102
82005810,3102,refined_cluster_cluster_3102
82265810,3102,refined_cluster_cluster_3102
82045810,3102,refined_cluster_cluster_3102
82015810,3102,refined_cluster_cluster_3102
82164610,3068,refined_cluster_cluster_3068
82074610,3068,refined_cluster_cluster_3068
82004610,3068,refined_cluster_cluster_3068
82014610,3068,refined_cluster_cluster_3068
84034610,2997,refined_cluster_cluster_2997
84014610,2997,refined_cluster_cluster_2997
84004610,2997,refined_cluster_cluster_2997
84031440,2664,refined_cluster_cluster_2664
84011440,2664,refined_cluster_cluster_2664
84001440,2664,refined_cluster_cluster_2664
84039990,3072,refined_cluster_cluster_3072
11071,3072,refined_cluster_cluster_3072
41548850,3072,refined_cluster_cluster_3072
95685620,1523,refined_cluster_cluster_1523
96705620,1523,refined_cluster_cluster_1523
95695620,1523,refined_cluster_cluster_1523
82011350,3107,refined_cluster_cluster_3107
84011350,3107,refined_cluster_cluster_3107
11041,2374,refined_cluster_cluster_2374
11040,2374,refined_cluster_cluster_2374
84009990,2971,refined_cluster_cluster_2971
371000,2971,refined_cluster_cluster_2971
41564871,2971,refined_cluster_cluster_2971
41640003,2971,refined_cluster_cluster_2971
75001789,1761,refined_cluster_cluster_1761
75109980,1761,refined_cluster_cluster_1761
75004369,511,refined_cluster_cluster_511
75124360,511,refined_cluster_cluster_511
75084369,511,refined_cluster_cluster_511
75189989,615,refined_cluster_cluster_615
75319989,615,refined_cluster_cluster_615
75015059,624,refined_cluster_cluster_624
75015099,624,refined_cluster_cluster_624
75155050,624,refined_cluster_cluster_624
75045050,624,refined_cluster_cluster_624
75111789,625,refined_cluster_cluster_625
75151789,625,refined_cluster_cluster_625
75219980,619,refined_cluster_cluster_619
75059989,619,refined_cluster_cluster_619
75055429,619,refined_cluster_cluster_619
75011789,628,refined_cluster_cluster_628
75051789,628,refined_cluster_cluster_628
75251789,628,refined_cluster_cluster_628
75069989,617,refined_cluster_cluster_617
75099989,617,refined_cluster_cluster_617
75119989,617,refined_cluster_cluster_617
75039989,621,refined_cluster_cluster_621
75035050,621,refined_cluster_cluster_621
75139989,621,refined_cluster_cluster_621
75049989,621,refined_cluster_cluster_621
75051739,621,refined_cluster_cluster_621
75079989,621,refined_cluster_cluster_621
75031789,627,refined_cluster_cluster_627
75041789,627,refined_cluster_cluster_627
50060,1153,refined_cluster_cluster_1153
50003,1153,refined_cluster_cluster_1153
77064360,1153,refined_cluster_cluster_1153
77265829,1153,refined_cluster_cluster_1153
77069983,1152,refined_cluster_cluster_1152
77065133,1152,refined_cluster_cluster_1152
77065643,1152,refined_cluster_cluster_1152
77165143,1152,refined_cluster_cluster_1152
77065143,1152,refined_cluster_cluster_1152
77131503,1152,refined_cluster_cluster_1152
410117,2950,refined_cluster_cluster_2950
411674,2950,refined_cluster_cluster_2950
410119,1648,refined_cluster_cluster_1648
63340070,1648,refined_cluster_cluster_1648
410089,1648,refined_cluster_cluster_1648
63347040,1648,refined_cluster_cluster_1648
906003,846,refined_cluster_cluster_846
906000,846,refined_cluster_cluster_846
90601,849,refined_cluster_cluster_849
906001,849,refined_cluster_cluster_849
906002,849,refined_cluster_cluster_849
90621,875,refined_cluster_cluster_875
90624,875,refined_cluster_cluster_875
90623,871,refined_cluster_cluster_871
906231,871,refined_cluster_cluster_871
90611,874,refined_cluster_cluster_874
906111,874,refined_cluster_cluster_874
90620,874,refined_cluster_cluster_874
90627,867,refined_cluster_cluster_867
90622,867,refined_cluster_cluster_867
90200,273,refined_cluster_cluster_273
25551,273,refined_cluster_cluster_273
960PU40,712,refined_cluster_cluster_712
960PU30,712,refined_cluster_cluster_712
960PU31,712,refined_cluster_cluster_712
960PU20,712,refined_cluster_cluster_712
960PU37,712,refined_cluster_cluster_712
960PU41,712,refined_cluster_cluster_712
960PU43,712,refined_cluster_cluster_712
30352,514,refined_cluster_cluster_514
30353,514,refined_cluster_cluster_514
94019981,514,refined_cluster_cluster_514
94014891,514,refined_cluster_cluster_514
84290,424,refined_cluster_cluster_424
84291,424,refined_cluster_cluster_424
45101920,3179,refined_cluster_cluster_3179
45201920,3179,refined_cluster_cluster_3179
45111920,3179,refined_cluster_cluster_3179
45213570,3193,refined_cluster_cluster_3193
45001010,3193,refined_cluster_cluster_3193
45111010,3193,refined_cluster_cluster_3193
45011010,3193,refined_cluster_cluster_3193
45004550,3021,refined_cluster_cluster_3021
45009980,3021,refined_cluster_cluster_3021
45019980,3021,refined_cluster_cluster_3021
45001940,3077,refined_cluster_cluster_3077
45011940,3077,refined_cluster_cluster_3077
45001060,3077,refined_cluster_cluster_3077
45011060,3077,refined_cluster_cluster_3077
45014140,3162,refined_cluster_cluster_3162
45031080,3162,refined_cluster_cluster_3162
45001920,3162,refined_cluster_cluster_3162
45011920,3162,refined_cluster_cluster_3162
974660030,3162,refined_cluster_cluster_3162
45039990,2988,refined_cluster_cluster_2988
45019990,2988,refined_cluster_cluster_2988
190073,3180,refined_cluster_cluster_3180
190084,3180,refined_cluster_cluster_3180
190074,3180,refined_cluster_cluster_3180
190064,3180,refined_cluster_cluster_3180
50130123,387,refined_cluster_cluster_387
50130125,387,refined_cluster_cluster_387
31810,387,refined_cluster_cluster_387
20235,3033,refined_cluster_cluster_3033
20233,3033,refined_cluster_cluster_3033
50512010,156,refined_cluster_cluster_156
50512012,156,refined_cluster_cluster_156
50512011,156,refined_cluster_cluster_156
31931,156,refined_cluster_cluster_156
31930,156,refined_cluster_cluster_156
80172010,98,refined_cluster_cluster_98
62010,98,refined_cluster_cluster_98
62012,98,refined_cluster_cluster_98
78014360,346,refined_cluster_cluster_346
78044369,346,refined_cluster_cluster_346
78644369,346,refined_cluster_cluster_346
62080,382,refined_cluster_cluster_382
78541649,382,refined_cluster_cluster_382
78544369,382,refined_cluster_cluster_382
95073,302,refined_cluster_cluster_302
95072,302,refined_cluster_cluster_302
144040,3134,refined_cluster_cluster_3134
144050,3134,refined_cluster_cluster_3134
144060,3134,refined_cluster_cluster_3134
144085,3134,refined_cluster_cluster_3134
140031,3137,refined_cluster_cluster_3137
140251,3137,refined_cluster_cluster_3137
140048,3028,refined_cluster_cluster_3028
140058,3028,refined_cluster_cluster_3028
140068,3028,refined_cluster_cluster_3028
140088,3028,refined_cluster_cluster_3028
18050762,2780,refined_cluster_cluster_2780
18040762,2780,refined_cluster_cluster_2780
52021640,311,refined_cluster_cluster_311
52023440,311,refined_cluster_cluster_311
50141034,400,refined_cluster_cluster_400
31820,400,refined_cluster_cluster_400
50141032,400,refined_cluster_cluster_400
7612,400,refined_cluster_cluster_400
144020,1229,refined_cluster_cluster_1229
144010,1229,refined_cluster_cluster_1229
15049984,2606,refined_cluster_cluster_2606
15043572,2606,refined_cluster_cluster_2606
15041014,2606,refined_cluster_cluster_2606
15041010,2606,refined_cluster_cluster_2606
15043575,2606,refined_cluster_cluster_2606
15043794,2573,refined_cluster_cluster_2573
15043795,2573,refined_cluster_cluster_2573
15041214,2532,refined_cluster_cluster_2532
15041164,2532,refined_cluster_cluster_2532
15043334,2532,refined_cluster_cluster_2532
15041004,2587,refined_cluster_cluster_2587
15051004,2587,refined_cluster_cluster_2587
15041590,2605,refined_cluster_cluster_2605
15041320,2605,refined_cluster_cluster_2605
15041120,2605,refined_cluster_cluster_2605
15041024,2601,refined_cluster_cluster_2601
15045723,2601,refined_cluster_cluster_2601
15041874,2540,refined_cluster_cluster_2540
15041875,2540,refined_cluster_cluster_2540
15071876,2540,refined_cluster_cluster_2540
141039,1359,refined_cluster_cluster_1359
144039,1359,refined_cluster_cluster_1359
144166,3364,refined_cluster_cluster_3364
143184,3364,refined_cluster_cluster_3364
143189,3364,refined_cluster_cluster_3364
144165,3359,refined_cluster_cluster_3359
144103,3359,refined_cluster_cluster_3359
144123,3359,refined_cluster_cluster_3359
144143,3359,refined_cluster_cluster_3359
144171,3359,refined_cluster_cluster_3359
144167,3359,refined_cluster_cluster_3359
144083,3359,refined_cluster_cluster_3359
144029,3304,refined_cluster_cluster_3304
140300,3304,refined_cluster_cluster_3304
141029,3369,refined_cluster_cluster_3369
141031,3369,refined_cluster_cluster_3369
141030,3369,refined_cluster_cluster_3369
143100,3366,refined_cluster_cluster_3366
143120,3366,refined_cluster_cluster_3366
140130,3366,refined_cluster_cluster_3366
143160,3366,refined_cluster_cluster_3366
143002,3366,refined_cluster_cluster_3366
144124,3366,refined_cluster_cluster_3366
144205,3366,refined_cluster_cluster_3366
144104,3366,refined_cluster_cluster_3366
144121,3366,refined_cluster_cluster_3366
144140,3366,refined_cluster_cluster_3366
144168,3366,refined_cluster_cluster_3366
144084,3366,refined_cluster_cluster_3366
141100,3368,refined_cluster_cluster_3368
141104,3368,refined_cluster_cluster_3368
141140,3368,refined_cluster_cluster_3368
141160,3368,refined_cluster_cluster_3368
141180,3368,refined_cluster_cluster_3368
141181,3368,refined_cluster_cluster_3368
148010,428,refined_cluster_cluster_428
148413,428,refined_cluster_cluster_428
148408,428,refined_cluster_cluster_428
905004,430,refined_cluster_cluster_430
900030,430,refined_cluster_cluster_430
900070,430,refined_cluster_cluster_430
905002,430,refined_cluster_cluster_430
905013,430,refined_cluster_cluster_430
99999945,725,refined_cluster_cluster_725
31686,725,refined_cluster_cluster_725
99999981,446,refined_cluster_cluster_446
9999984,446,refined_cluster_cluster_446
9999982,446,refined_cluster_cluster_446
22001,358,refined_cluster_cluster_358
22000,358,refined_cluster_cluster_358
22005,552,refined_cluster_cluster_552
22006,552,refined_cluster_cluster_552
22007,552,refined_cluster_cluster_552
78511109,95,refined_cluster_cluster_95
78519980,95,refined_cluster_cluster_95
560791,2492,refined_cluster_cluster_2492
560570,2492,refined_cluster_cluster_2492
30220,1320,refined_cluster_cluster_1320
30221,1320,refined_cluster_cluster_1320
71207,1320,refined_cluster_cluster_1320
79001459,2545,refined_cluster_cluster_2545
79011459,2545,refined_cluster_cluster_2545
79021459,2545,refined_cluster_cluster_2545
79031459,2545,refined_cluster_cluster_2545
79031509,2545,refined_cluster_cluster_2545
79004759,2512,refined_cluster_cluster_2512
79014759,2512,refined_cluster_cluster_2512
79024759,2512,refined_cluster_cluster_2512
79034759,2512,refined_cluster_cluster_2512
79015329,2546,refined_cluster_cluster_2546
79025329,2546,refined_cluster_cluster_2546
79035329,2546,refined_cluster_cluster_2546
79011509,2527,refined_cluster_cluster_2527
79021509,2527,refined_cluster_cluster_2527
79041104,2537,refined_cluster_cluster_2537
79051104,2537,refined_cluster_cluster_2537
79061104,2537,refined_cluster_cluster_2537
79011104,2523,refined_cluster_cluster_2523
79021104,2523,refined_cluster_cluster_2523
100000006,1292,refined_cluster_cluster_1292
100000001,1292,refined_cluster_cluster_1292
10291000,1661,refined_cluster_cluster_1661
10293350,1661,refined_cluster_cluster_1661
10293330,1661,refined_cluster_cluster_1661
91090111,132,refined_cluster_cluster_132
91090123,132,refined_cluster_cluster_132
143144,3350,refined_cluster_cluster_3350
143164,3350,refined_cluster_cluster_3350
144160,537,refined_cluster_cluster_537
144200,537,refined_cluster_cluster_537
144120,539,refined_cluster_cluster_539
144161,539,refined_cluster_cluster_539
144180,539,refined_cluster_cluster_539
144201,539,refined_cluster_cluster_539
19211320,2337,refined_cluster_cluster_2337
19213700,2337,refined_cluster_cluster_2337
19211130,2337,refined_cluster_cluster_2337
190088,2337,refined_cluster_cluster_2337
60029980,2358,refined_cluster_cluster_2358
60024310,2358,refined_cluster_cluster_2358
63605,767,refined_cluster_cluster_767
63603,767,refined_cluster_cluster_767
63601,767,refined_cluster_cluster_767
63604,767,refined_cluster_cluster_767
63602,767,refined_cluster_cluster_767
97444,1332,refined_cluster_cluster_1332
97321,1332,refined_cluster_cluster_1332
97673,1332,refined_cluster_cluster_1332
88010,244,refined_cluster_cluster_244
88012,244,refined_cluster_cluster_244
84970,80,refined_cluster_cluster_80
84971,80,refined_cluster_cluster_80
15223397,420,refined_cluster_cluster_420
15221077,420,refined_cluster_cluster_420
152237770,420,refined_cluster_cluster_420
15223777,420,refined_cluster_cluster_420
15224927,656,refined_cluster_cluster_656
15234927,656,refined_cluster_cluster_656
140081,3332,refined_cluster_cluster_3332
140042,3332,refined_cluster_cluster_3332
140053,3331,refined_cluster_cluster_3331
140063,3331,refined_cluster_cluster_3331
140103,3331,refined_cluster_cluster_3331
140043,3331,refined_cluster_cluster_3331
140083,3331,refined_cluster_cluster_3331
140067,3315,refined_cluster_cluster_3315
140073,3315,refined_cluster_cluster_3315
140064,3337,refined_cluster_cluster_3337
140084,3337,refined_cluster_cluster_3337
140055,3336,refined_cluster_cluster_3336
140065,3336,refined_cluster_cluster_3336
140085,3336,refined_cluster_cluster_3336
140095,3336,refined_cluster_cluster_3336
15221012,2834,refined_cluster_cluster_2834
15221014,2834,refined_cluster_cluster_2834
15221011,2834,refined_cluster_cluster_2834
15225723,1313,refined_cluster_cluster_1313
15421876,1313,refined_cluster_cluster_1313
144030,3054,refined_cluster_cluster_3054
144043,3054,refined_cluster_cluster_3054
144151,3330,refined_cluster_cluster_3330
144102,3330,refined_cluster_cluster_3330
144111,3330,refined_cluster_cluster_3330
144122,3330,refined_cluster_cluster_3330
144141,3330,refined_cluster_cluster_3330
144041,3330,refined_cluster_cluster_3330
144052,3330,refined_cluster_cluster_3330
144062,3330,refined_cluster_cluster_3330
144072,3330,refined_cluster_cluster_3330
144082,3330,refined_cluster_cluster_3330
144092,3330,refined_cluster_cluster_3330
144162,3330,refined_cluster_cluster_3330
44321010,2412,refined_cluster_cluster_2412
44311010,2412,refined_cluster_cluster_2412
44321060,2802,refined_cluster_cluster_2802
44311060,2802,refined_cluster_cluster_2802
44321150,2692,refined_cluster_cluster_2692
44321980,2692,refined_cluster_cluster_2692
52013390,2845,refined_cluster_cluster_2845
52013400,2845,refined_cluster_cluster_2845
52019980,2845,refined_cluster_cluster_2845
52014680,2845,refined_cluster_cluster_2845
52011180,2845,refined_cluster_cluster_2845
52011880,2845,refined_cluster_cluster_2845
52011220,2845,refined_cluster_cluster_2845
52011040,2845,refined_cluster_cluster_2845
52011340,2845,refined_cluster_cluster_2845
128009,722,refined_cluster_cluster_722
128010,722,refined_cluster_cluster_722
99990,6,refined_cluster_cluster_6
123456,6,refined_cluster_cluster_6
920303,11,refined_cluster_cluster_11
990306,11,refined_cluster_cluster_11
56019980,1462,refined_cluster_cluster_1462
56014590,1462,refined_cluster_cluster_1462
56011180,1462,refined_cluster_cluster_1462
56011220,1462,refined_cluster_cluster_1462
56015290,1462,refined_cluster_cluster_1462
56001250,2838,refined_cluster_cluster_2838
56001180,2838,refined_cluster_cluster_2838
56003390,2838,refined_cluster_cluster_2838
101200001,2838,refined_cluster_cluster_2838
56005180,2838,refined_cluster_cluster_2838
56001340,2838,refined_cluster_cluster_2838
66104310,2833,refined_cluster_cluster_2833
66001770,2833,refined_cluster_cluster_2833
66001010,2833,refined_cluster_cluster_2833
799168,976,refined_cluster_cluster_976
91PQ68,976,refined_cluster_cluster_976
718364,2777,refined_cluster_cluster_2777
712210,2777,refined_cluster_cluster_2777
712206,2777,refined_cluster_cluster_2777
799112,724,refined_cluster_cluster_724
91PQ12,724,refined_cluster_cluster_724
91PQ602,1037,refined_cluster_cluster_1037
91PQ69,1037,refined_cluster_cluster_1037
91PQ63,1037,refined_cluster_cluster_1037
91PQ64,1037,refined_cluster_cluster_1037
91PQ62,1037,refined_cluster_cluster_1037
799169,1037,refined_cluster_cluster_1037
622568,633,refined_cluster_cluster_633
622515,633,refined_cluster_cluster_633
722642,633,refined_cluster_cluster_633
744230,75,refined_cluster_cluster_75
744205,75,refined_cluster_cluster_75
723625,1102,refined_cluster_cluster_1102
722625,1102,refined_cluster_cluster_1102
80017,2547,refined_cluster_cluster_2547
80018,2547,refined_cluster_cluster_2547
80021,2547,refined_cluster_cluster_2547
80220,2538,refined_cluster_cluster_2538
80020,2538,refined_cluster_cluster_2538
80270,2538,refined_cluster_cluster_2538
76095829,2474,refined_cluster_cluster_2474
76005829,2474,refined_cluster_cluster_2474
76124360,1463,refined_cluster_cluster_1463
76424360,1463,refined_cluster_cluster_1463
76224360,1463,refined_cluster_cluster_1463
76011450,2584,refined_cluster_cluster_2584
76011459,2584,refined_cluster_cluster_2584
76019980,2584,refined_cluster_cluster_2584
76031459,2584,refined_cluster_cluster_2584
76013479,2529,refined_cluster_cluster_2529
76023479,2529,refined_cluster_cluster_2529
76033470,2529,refined_cluster_cluster_2529
76013489,2563,refined_cluster_cluster_2563
76023489,2563,refined_cluster_cluster_2563
76021109,2567,refined_cluster_cluster_2567
76031109,2567,refined_cluster_cluster_2567
76105239,2585,refined_cluster_cluster_2585
76035239,2585,refined_cluster_cluster_2585
76029989,2568,refined_cluster_cluster_2568
76023480,2568,refined_cluster_cluster_2568
76039989,2568,refined_cluster_cluster_2568
76049989,2568,refined_cluster_cluster_2568
76041500,2568,refined_cluster_cluster_2568
76023499,2569,refined_cluster_cluster_2569
76033499,2569,refined_cluster_cluster_2569
76024210,2528,refined_cluster_cluster_2528
76033479,2528,refined_cluster_cluster_2528
76043479,2528,refined_cluster_cluster_2528
76034529,2542,refined_cluster_cluster_2542
76044529,2542,refined_cluster_cluster_2542
76251699,2498,refined_cluster_cluster_2498
76261699,2498,refined_cluster_cluster_2498
76271699,2498,refined_cluster_cluster_2498
76059989,2558,refined_cluster_cluster_2558
76069989,2558,refined_cluster_cluster_2558
76079989,2558,refined_cluster_cluster_2558
540350,2558,refined_cluster_cluster_2558
76051739,2503,refined_cluster_cluster_2503
76061739,2503,refined_cluster_cluster_2503
76053479,2548,refined_cluster_cluster_2548
76063479,2548,refined_cluster_cluster_2548
76073479,2548,refined_cluster_cluster_2548
76083479,2548,refined_cluster_cluster_2548
76054369,2557,refined_cluster_cluster_2557
76064362,2557,refined_cluster_cluster_2557
76074369,2557,refined_cluster_cluster_2557
76074362,2557,refined_cluster_cluster_2557
76055239,2524,refined_cluster_cluster_2524
76065239,2524,refined_cluster_cluster_2524
76061109,2513,refined_cluster_cluster_2513
76052112,2513,refined_cluster_cluster_2513
76055372,2505,refined_cluster_cluster_2505
76065372,2505,refined_cluster_cluster_2505
17131011,30,refined_cluster_cluster_30
17139980,30,refined_cluster_cluster_30
501374,104,refined_cluster_cluster_104
50142,104,refined_cluster_cluster_104
501421,104,refined_cluster_cluster_104
50137,104,refined_cluster_cluster_104
906610,1225,refined_cluster_cluster_1225
906887,1225,refined_cluster_cluster_1225
40171016,666,refined_cluster_cluster_666
22080301,666,refined_cluster_cluster_666
22080184,666,refined_cluster_cluster_666
50139795,529,refined_cluster_cluster_529
50139,529,refined_cluster_cluster_529
31830,529,refined_cluster_cluster_529
10181070,995,refined_cluster_cluster_995
10171070,995,refined_cluster_cluster_995
10189980,994,refined_cluster_cluster_994
10179980,994,refined_cluster_cluster_994
10184490,992,refined_cluster_cluster_992
10174490,992,refined_cluster_cluster_992
10173350,292,refined_cluster_cluster_292
10193350,292,refined_cluster_cluster_292
10191140,305,refined_cluster_cluster_305
10191145,305,refined_cluster_cluster_305
10184830,155,refined_cluster_cluster_155
10214830,155,refined_cluster_cluster_155
10174830,155,refined_cluster_cluster_155
10201680,1714,refined_cluster_cluster_1714
10501680,1714,refined_cluster_cluster_1714
10171050,991,refined_cluster_cluster_991
10181050,991,refined_cluster_cluster_991
10191050,991,refined_cluster_cluster_991
15109984,2986,refined_cluster_cluster_2986
15103574,2986,refined_cluster_cluster_2986
15101002,2980,refined_cluster_cluster_2980
15101004,2980,refined_cluster_cluster_2980
15111000,2980,refined_cluster_cluster_2980
15111004,2980,refined_cluster_cluster_2980
15101165,2972,refined_cluster_cluster_2972
15101164,2972,refined_cluster_cluster_2972
15103332,2975,refined_cluster_cluster_2975
15103334,2975,refined_cluster_cluster_2975
15101142,2976,refined_cluster_cluster_2976
15101144,2976,refined_cluster_cluster_2976
15101320,2275,refined_cluster_cluster_2275
15101120,2275,refined_cluster_cluster_2275
15101490,2275,refined_cluster_cluster_2275
9028007,777,refined_cluster_cluster_777
90280016,777,refined_cluster_cluster_777
9028014,781,refined_cluster_cluster_781
9028012,781,refined_cluster_cluster_781
9028004,781,refined_cluster_cluster_781
9028006,781,refined_cluster_cluster_781
99999903,779,refined_cluster_cluster_779
94104720,779,refined_cluster_cluster_779
94154860,782,refined_cluster_cluster_782
94164860,782,refined_cluster_cluster_782
94094720,780,refined_cluster_cluster_780
94114720,780,refined_cluster_cluster_780
94124860,776,refined_cluster_cluster_776
94134860,776,refined_cluster_cluster_776
94174860,776,refined_cluster_cluster_776
98320480,761,refined_cluster_cluster_761
98816000,761,refined_cluster_cluster_761
84801,185,refined_cluster_cluster_185
84800,185,refined_cluster_cluster_185
33,185,refined_cluster_cluster_185
15209984,783,refined_cluster_cluster_783
15203694,783,refined_cluster_cluster_783
15203574,783,refined_cluster_cluster_783
48259980,2639,refined_cluster_cluster_2639
48059980,2639,refined_cluster_cluster_2639
10239980,778,refined_cluster_cluster_778
10231680,778,refined_cluster_cluster_778
10231840,778,refined_cluster_cluster_778
10231050,778,refined_cluster_cluster_778
10231370,778,refined_cluster_cluster_778
10231000,778,refined_cluster_cluster_778
10231020,778,refined_cluster_cluster_778
10233350,778,refined_cluster_cluster_778
10541020,778,refined_cluster_cluster_778
1803230,1794,refined_cluster_cluster_1794
180323,1794,refined_cluster_cluster_1794
180321,1794,refined_cluster_cluster_1794
180361,1794,refined_cluster_cluster_1794
181894NB,1775,refined_cluster_cluster_1775
18035,1775,refined_cluster_cluster_1775
181895,1796,refined_cluster_cluster_1796
1803217,1796,refined_cluster_cluster_1796
1803225,1796,refined_cluster_cluster_1796
18038,1772,refined_cluster_cluster_1772
180325,1772,refined_cluster_cluster_1772
1803211,1795,refined_cluster_cluster_1795
18048A,1795,refined_cluster_cluster_1795
18049,1795,refined_cluster_cluster_1795
1804776,1795,refined_cluster_cluster_1795
180522,1795,refined_cluster_cluster_1795
18040109,1765,refined_cluster_cluster_1765
18040102,1765,refined_cluster_cluster_1765
18040104,1765,refined_cluster_cluster_1765
18040988,1128,refined_cluster_cluster_1128
18040105,1128,refined_cluster_cluster_1128
1899180,1128,refined_cluster_cluster_1128
17857877,1239,refined_cluster_cluster_1239
1820486,1239,refined_cluster_cluster_1239
1820488,1239,refined_cluster_cluster_1239
1820485,1239,refined_cluster_cluster_1239
182044,1239,refined_cluster_cluster_1239
18205B,1239,refined_cluster_cluster_1239
18204B,1239,refined_cluster_cluster_1239
18228G1,1337,refined_cluster_cluster_1337
18228GZ,1337,refined_cluster_cluster_1337
1822812,1337,refined_cluster_cluster_1337
1822821,1337,refined_cluster_cluster_1337
1822815,1337,refined_cluster_cluster_1337
13209S,1337,refined_cluster_cluster_1337
182105,753,refined_cluster_cluster_753
182102,753,refined_cluster_cluster_753
18210B,753,refined_cluster_cluster_753
182111,1422,refined_cluster_cluster_1422
18211B,1422,refined_cluster_cluster_1422
183PE64,1764,refined_cluster_cluster_1764
183PE64Z,1764,refined_cluster_cluster_1764
181301,1783,refined_cluster_cluster_1783
181311,1783,refined_cluster_cluster_1783
18131B,1783,refined_cluster_cluster_1783
181119,1783,refined_cluster_cluster_1783
18112,1783,refined_cluster_cluster_1783
181303,1783,refined_cluster_cluster_1783
18107,1789,refined_cluster_cluster_1789
18110789,1789,refined_cluster_cluster_1789
18110789,1790,refined_cluster_cluster_1790
18108,1790,refined_cluster_cluster_1790
1832227,1118,refined_cluster_cluster_1118
1832224Z,1118,refined_cluster_cluster_1118
1832253,1267,refined_cluster_cluster_1267
1832253Z,1267,refined_cluster_cluster_1267
1832251,1787,refined_cluster_cluster_1787
183224P,1787,refined_cluster_cluster_1787
1832251,1787,refined_cluster_cluster_1787
1832212,423,refined_cluster_cluster_423
1832229,423,refined_cluster_cluster_423
1832212,423,refined_cluster_cluster_423
1832210,1786,refined_cluster_cluster_1786
1832210H,1786,refined_cluster_cluster_1786
1832210,1786,refined_cluster_cluster_1786
1832204,1782,refined_cluster_cluster_1782
1832204,1782,refined_cluster_cluster_1782
1832233,1776,refined_cluster_cluster_1776
1832233Z,1776,refined_cluster_cluster_1776
1832233,1776,refined_cluster_cluster_1776
183PE25,1770,refined_cluster_cluster_1770
183PE30,1770,refined_cluster_cluster_1770
183PE27,1770,refined_cluster_cluster_1770
183PE16,1771,refined_cluster_cluster_1771
183PE20,1771,refined_cluster_cluster_1771
183PE16,1771,refined_cluster_cluster_1771
18111586,1762,refined_cluster_cluster_1762
18066881,1762,refined_cluster_cluster_1762
18228TA,1779,refined_cluster_cluster_1779
182293,1779,refined_cluster_cluster_1779
18209T,2839,refined_cluster_cluster_2839
18225,2839,refined_cluster_cluster_2839
18229,2839,refined_cluster_cluster_2839
182299,2839,refined_cluster_cluster_2839
18217,1781,refined_cluster_cluster_1781
18224444,1781,refined_cluster_cluster_1781
18220A,1781,refined_cluster_cluster_1781
18222A,1781,refined_cluster_cluster_1781
1822467,1781,refined_cluster_cluster_1781
182191,1785,refined_cluster_cluster_1785
1823073,1785,refined_cluster_cluster_1785
180382,1792,refined_cluster_cluster_1792
180386,1792,refined_cluster_cluster_1792
180383,1797,refined_cluster_cluster_1797
180387,1797,refined_cluster_cluster_1797
182206,1797,refined_cluster_cluster_1797
180381,1797,refined_cluster_cluster_1797
18224756,1797,refined_cluster_cluster_1797
1800114,1788,refined_cluster_cluster_1788
1800113,1788,refined_cluster_cluster_1788
182208,733,refined_cluster_cluster_733
182223,733,refined_cluster_cluster_733
1800115,1793,refined_cluster_cluster_1793
1823067,1793,refined_cluster_cluster_1793
18266,1798,refined_cluster_cluster_1798
182602,1798,refined_cluster_cluster_1798
182608,1798,refined_cluster_cluster_1798
1822284,1767,refined_cluster_cluster_1767
1823066,1767,refined_cluster_cluster_1767
18259,1767,refined_cluster_cluster_1767
18230999,1766,refined_cluster_cluster_1766
1822286,1766,refined_cluster_cluster_1766
1822287,1766,refined_cluster_cluster_1766
17864986,1780,refined_cluster_cluster_1780
18231,1780,refined_cluster_cluster_1780
18204013,1780,refined_cluster_cluster_1780
18204012,1780,refined_cluster_cluster_1780
18228SB,1777,refined_cluster_cluster_1777
182281,1777,refined_cluster_cluster_1777
18228B,1777,refined_cluster_cluster_1777
18230B,1777,refined_cluster_cluster_1777
18229B,1777,refined_cluster_cluster_1777
1822980,1778,refined_cluster_cluster_1778
1822978,1778,refined_cluster_cluster_1778
80062,1677,refined_cluster_cluster_1677
78634369,1677,refined_cluster_cluster_1677
80067,1677,refined_cluster_cluster_1677
80066,1677,refined_cluster_cluster_1677
78784529,1682,refined_cluster_cluster_1682
78484520,1682,refined_cluster_cluster_1682
78489980,1681,refined_cluster_cluster_1681
78419980,1681,refined_cluster_cluster_1681
78419986,1681,refined_cluster_cluster_1681
41664500,2796,refined_cluster_cluster_2796
41405000,2796,refined_cluster_cluster_2796
41497800,2796,refined_cluster_cluster_2796
43410212,3010,refined_cluster_cluster_3010
41501040,3010,refined_cluster_cluster_3010
43400692,1946,refined_cluster_cluster_1946
41200901,1946,refined_cluster_cluster_1946
41800200,2702,refined_cluster_cluster_2702
41800300,2702,refined_cluster_cluster_2702
41800500,2702,refined_cluster_cluster_2702
41800000,2702,refined_cluster_cluster_2702
41800100,2703,refined_cluster_cluster_2703
41799900,2703,refined_cluster_cluster_2703
43400391,2699,refined_cluster_cluster_2699
41350100,2699,refined_cluster_cluster_2699
310029,2699,refined_cluster_cluster_2699
41200100,2831,refined_cluster_cluster_2831
41200899,2831,refined_cluster_cluster_2831
41200120,2831,refined_cluster_cluster_2831
41200800,2831,refined_cluster_cluster_2831
41390400,2831,refined_cluster_cluster_2831
41300150,2831,refined_cluster_cluster_2831
41300152,2831,refined_cluster_cluster_2831
41300151,2831,refined_cluster_cluster_2831
341000,2831,refined_cluster_cluster_2831
41200002,2318,refined_cluster_cluster_2318
41200001,2318,refined_cluster_cluster_2318
43475021,2711,refined_cluster_cluster_2711
41868500,2711,refined_cluster_cluster_2711
43466621,1726,refined_cluster_cluster_1726
311003,1726,refined_cluster_cluster_1726
41634100,2778,refined_cluster_cluster_2778
41602160,2778,refined_cluster_cluster_2778
41602650,2778,refined_cluster_cluster_2778
48501000,2781,refined_cluster_cluster_2781
43485361,2781,refined_cluster_cluster_2781
43488032,2779,refined_cluster_cluster_2779
48305,2779,refined_cluster_cluster_2779
41739836,2271,refined_cluster_cluster_2271
43200011,2271,refined_cluster_cluster_2271
41739837,2271,refined_cluster_cluster_2271
41800401,1178,refined_cluster_cluster_1178
41800400,1178,refined_cluster_cluster_1178
41249810,2792,refined_cluster_cluster_2792
41549810,2792,refined_cluster_cluster_2792
391030,2792,refined_cluster_cluster_2792
391530,2792,refined_cluster_cluster_2792
391122,2792,refined_cluster_cluster_2792
SP413,2797,refined_cluster_cluster_2797
41664600,2797,refined_cluster_cluster_2797
SP4162,1385,refined_cluster_cluster_1385
41829220,1385,refined_cluster_cluster_1385
41544650,1411,refined_cluster_cluster_1411
41618368,1411,refined_cluster_cluster_1411
41161700,2847,refined_cluster_cluster_2847
41161800,2847,refined_cluster_cluster_2847
41161900,2847,refined_cluster_cluster_2847
41163000,2847,refined_cluster_cluster_2847
41501200,2846,refined_cluster_cluster_2846
41501300,2846,refined_cluster_cluster_2846
362022,2846,refined_cluster_cluster_2846
41161701,2843,refined_cluster_cluster_2843
41161801,2843,refined_cluster_cluster_2843
41161901,2843,refined_cluster_cluster_2843
361812,2430,refined_cluster_cluster_2430
361162,2430,refined_cluster_cluster_2430
361106,2430,refined_cluster_cluster_2430
361228,2430,refined_cluster_cluster_2430
11420,1174,refined_cluster_cluster_1174
43350213,1174,refined_cluster_cluster_1174
11044,1174,refined_cluster_cluster_1174
41501030,3008,refined_cluster_cluster_3008
41717970,3008,refined_cluster_cluster_3008
61009980,3008,refined_cluster_cluster_3008
41246400,2793,refined_cluster_cluster_2793
41246500,2793,refined_cluster_cluster_2793
41247300,2790,refined_cluster_cluster_2790
41246100,2790,refined_cluster_cluster_2790
41548870,2954,refined_cluster_cluster_2954
381030,2954,refined_cluster_cluster_2954
351000,1727,refined_cluster_cluster_1727
351040,1727,refined_cluster_cluster_1727
SP4031,2852,refined_cluster_cluster_2852
SP4030,2852,refined_cluster_cluster_2852
SP4032,2852,refined_cluster_cluster_2852
361114,2852,refined_cluster_cluster_2852
361012,2840,refined_cluster_cluster_2840
361146,2840,refined_cluster_cluster_2840
361182,2840,refined_cluster_cluster_2840
361202,2840,refined_cluster_cluster_2840
361149,2853,refined_cluster_cluster_2853
361209,2853,refined_cluster_cluster_2853
361249,2853,refined_cluster_cluster_2853
360169,2853,refined_cluster_cluster_2853
361002,2203,refined_cluster_cluster_2203
361001,2203,refined_cluster_cluster_2203
361003,2203,refined_cluster_cluster_2203
361004,2203,refined_cluster_cluster_2203
41801000,1732,refined_cluster_cluster_1732
41801300,1732,refined_cluster_cluster_1732
41880110,1732,refined_cluster_cluster_1732
41801200,1731,refined_cluster_cluster_1731
41803900,1731,refined_cluster_cluster_1731
41801401,1731,refined_cluster_cluster_1731
41801600,1730,refined_cluster_cluster_1730
41801601,1730,refined_cluster_cluster_1730
41802001,1729,refined_cluster_cluster_1729
41802022,1729,refined_cluster_cluster_1729
41802400,1729,refined_cluster_cluster_1729
41802024,1729,refined_cluster_cluster_1729
41802600,1729,refined_cluster_cluster_1729
41802800,1729,refined_cluster_cluster_1729
13540408,54,refined_cluster_cluster_54
13545406,54,refined_cluster_cluster_54
10001066,54,refined_cluster_cluster_54
11101407,54,refined_cluster_cluster_54
13611606,51,refined_cluster_cluster_51
13611610,51,refined_cluster_cluster_51
14700410,50,refined_cluster_cluster_50
15040000,50,refined_cluster_cluster_50
18273280,50,refined_cluster_cluster_50
18111041,55,refined_cluster_cluster_55
18119402,55,refined_cluster_cluster_55
620043,258,refined_cluster_cluster_258
620143,258,refined_cluster_cluster_258
620095,147,refined_cluster_cluster_147
620097,147,refined_cluster_cluster_147
40111010,2808,refined_cluster_cluster_2808
40111060,2808,refined_cluster_cluster_2808
40119980,2808,refined_cluster_cluster_2808
140051,3323,refined_cluster_cluster_3323
140061,3323,refined_cluster_cluster_3323
140041,3323,refined_cluster_cluster_3323
140071,3323,refined_cluster_cluster_3323
140032,1109,refined_cluster_cluster_1109
140044,1109,refined_cluster_cluster_1109
63250130,418,refined_cluster_cluster_418
66597700,418,refined_cluster_cluster_418
64700100,1092,refined_cluster_cluster_1092
410076,1092,refined_cluster_cluster_1092
1121472,1348,refined_cluster_cluster_1348
1121473,1348,refined_cluster_cluster_1348
11210686,1690,refined_cluster_cluster_1690
11210688,1690,refined_cluster_cluster_1690
11210689,1690,refined_cluster_cluster_1690
11210687,1690,refined_cluster_cluster_1690
11190,866,refined_cluster_cluster_866
11188,866,refined_cluster_cluster_866
11122,2290,refined_cluster_cluster_2290
11123,2290,refined_cluster_cluster_2290
11123,2290,refined_cluster_cluster_2290
65995000,1410,refined_cluster_cluster_1410
11119,1410,refined_cluster_cluster_1410
68689370,2187,refined_cluster_cluster_2187
68936094,2187,refined_cluster_cluster_2187
30199980,2187,refined_cluster_cluster_2187
1122231,865,refined_cluster_cluster_865
112223C,865,refined_cluster_cluster_865
1122242,865,refined_cluster_cluster_865
1208955,1130,refined_cluster_cluster_1130
1111B,1130,refined_cluster_cluster_1130
1109911,1131,refined_cluster_cluster_1131
1109910,1131,refined_cluster_cluster_1131
67140000,585,refined_cluster_cluster_585
30189980,585,refined_cluster_cluster_585
90004,554,refined_cluster_cluster_554
30186040,554,refined_cluster_cluster_554
11210683,595,refined_cluster_cluster_595
11210680,595,refined_cluster_cluster_595
68897000,1693,refined_cluster_cluster_1693
30049980,1693,refined_cluster_cluster_1693
30149980,1693,refined_cluster_cluster_1693
11222591,861,refined_cluster_cluster_861
11222589,861,refined_cluster_cluster_861
11222587,861,refined_cluster_cluster_861
11222592,861,refined_cluster_cluster_861
64131092,1471,refined_cluster_cluster_1471
64318000,1471,refined_cluster_cluster_1471
410025,704,refined_cluster_cluster_704
410079,704,refined_cluster_cluster_704
410082,704,refined_cluster_cluster_704
410096,2816,refined_cluster_cluster_2816
64200094,2816,refined_cluster_cluster_2816
11165,2817,refined_cluster_cluster_2817
11157,2817,refined_cluster_cluster_2817
74157988,2818,refined_cluster_cluster_2818
74157987,2818,refined_cluster_cluster_2818
64190093,1246,refined_cluster_cluster_1246
64123451,1246,refined_cluster_cluster_1246
11235,2415,refined_cluster_cluster_2415
68888800,2415,refined_cluster_cluster_2415
11230,2415,refined_cluster_cluster_2415
11238,2415,refined_cluster_cluster_2415
11227122,2415,refined_cluster_cluster_2415
11231,2415,refined_cluster_cluster_2415
11230,2415,refined_cluster_cluster_2415
11227122,2415,refined_cluster_cluster_2415
11231,2415,refined_cluster_cluster_2415
90005,660,refined_cluster_cluster_660
90014,660,refined_cluster_cluster_660
11172GZ,1125,refined_cluster_cluster_1125
1102265,1125,refined_cluster_cluster_1125
11172G1,1125,refined_cluster_cluster_1125
11172G2,1125,refined_cluster_cluster_1125
410084,1125,refined_cluster_cluster_1125
63336040,1125,refined_cluster_cluster_1125
1117482,1649,refined_cluster_cluster_1649
1117481,1649,refined_cluster_cluster_1649
410083,1692,refined_cluster_cluster_1692
64700700,1692,refined_cluster_cluster_1692
410085,172,refined_cluster_cluster_172
410086,172,refined_cluster_cluster_172
64200195,2989,refined_cluster_cluster_2989
39306040,2989,refined_cluster_cluster_2989
39302610,2989,refined_cluster_cluster_2989
410087,2045,refined_cluster_cluster_2045
62414057,2045,refined_cluster_cluster_2045
11021996,2045,refined_cluster_cluster_2045
11021330,2045,refined_cluster_cluster_2045
11021017,2045,refined_cluster_cluster_2045
11021012,2045,refined_cluster_cluster_2045
11021016,2045,refined_cluster_cluster_2045
11021206,2045,refined_cluster_cluster_2045
62410076,2042,refined_cluster_cluster_2042
62414046,2042,refined_cluster_cluster_2042
62221207,2046,refined_cluster_cluster_2046
62417040,2046,refined_cluster_cluster_2046
62446040,3190,refined_cluster_cluster_3190
62418050,3190,refined_cluster_cluster_3190
1130414,3128,refined_cluster_cluster_3128
1130416,3128,refined_cluster_cluster_3128
11320A2,3128,refined_cluster_cluster_3128
11342304,3128,refined_cluster_cluster_3128
11304,3128,refined_cluster_cluster_3128
1130457,3128,refined_cluster_cluster_3128
1130415,3128,refined_cluster_cluster_3128
11320A2,3128,refined_cluster_cluster_3128
11342304,3128,refined_cluster_cluster_3128
90003,272,refined_cluster_cluster_272
90002,272,refined_cluster_cluster_272
1116622,562,refined_cluster_cluster_562
11166D,562,refined_cluster_cluster_562
11161A,997,refined_cluster_cluster_997
111612,997,refined_cluster_cluster_997
63250040,1406,refined_cluster_cluster_1406
11177013,1406,refined_cluster_cluster_1406
11177016,1406,refined_cluster_cluster_1406
11177012,1406,refined_cluster_cluster_1406
11177015,1406,refined_cluster_cluster_1406
111784,1406,refined_cluster_cluster_1406
11114121,410,refined_cluster_cluster_410
410010,410,refined_cluster_cluster_410
68956060,1664,refined_cluster_cluster_1664
410091,1664,refined_cluster_cluster_1664
30175960,1664,refined_cluster_cluster_1664
74173,1665,refined_cluster_cluster_1665
74172,1665,refined_cluster_cluster_1665
410092,730,refined_cluster_cluster_730
410092,730,refined_cluster_cluster_730
112308,730,refined_cluster_cluster_730
30122220,730,refined_cluster_cluster_730
11191791,219,refined_cluster_cluster_219
11191790,219,refined_cluster_cluster_219
11240,1220,refined_cluster_cluster_1220
11246,1220,refined_cluster_cluster_1220
11245,1220,refined_cluster_cluster_1220
11233,1220,refined_cluster_cluster_1220
64140050,1219,refined_cluster_cluster_1219
64140060,1219,refined_cluster_cluster_1219
30161760,1219,refined_cluster_cluster_1219
30159980,742,refined_cluster_cluster_742
30152610,742,refined_cluster_cluster_742
74160,256,refined_cluster_cluster_256
74156,256,refined_cluster_cluster_256
450081,2054,refined_cluster_cluster_2054
79113225,2054,refined_cluster_cluster_2054
20216,596,refined_cluster_cluster_596
20218,596,refined_cluster_cluster_596
93211216,500,refined_cluster_cluster_500
93211226,500,refined_cluster_cluster_500
86110,500,refined_cluster_cluster_500
86112,500,refined_cluster_cluster_500
1365100,877,refined_cluster_cluster_877
1330552,877,refined_cluster_cluster_877
1316700,877,refined_cluster_cluster_877
628311,1347,refined_cluster_cluster_1347
628511,1347,refined_cluster_cluster_1347
86510,46,refined_cluster_cluster_46
86500,46,refined_cluster_cluster_46
78431619,2019,refined_cluster_cluster_2019
78469969,2019,refined_cluster_cluster_2019
50120,1951,refined_cluster_cluster_1951
50130,1951,refined_cluster_cluster_1951
51130,1953,refined_cluster_cluster_1953
50170,1953,refined_cluster_cluster_1953
52152960,728,refined_cluster_cluster_728
52151010,728,refined_cluster_cluster_728
40419980,2167,refined_cluster_cluster_2167
40019980,2167,refined_cluster_cluster_2167
289304,2166,refined_cluster_cluster_2166
289100,2166,refined_cluster_cluster_2166
153700005,901,refined_cluster_cluster_901
52052960,901,refined_cluster_cluster_901
52062960,901,refined_cluster_cluster_901
52202960,902,refined_cluster_cluster_902
52072960,902,refined_cluster_cluster_902
52071850,896,refined_cluster_cluster_896
52081850,896,refined_cluster_cluster_896
61115390,2830,refined_cluster_cluster_2830
61015390,2830,refined_cluster_cluster_2830
61215390,2830,refined_cluster_cluster_2830
61225390,2830,refined_cluster_cluster_2830
61019980,2844,refined_cluster_cluster_2844
61011770,2844,refined_cluster_cluster_2844
61001770,2844,refined_cluster_cluster_2844
451004,2510,refined_cluster_cluster_2510
72710000,2510,refined_cluster_cluster_2510
451132,2288,refined_cluster_cluster_2288
451022,2288,refined_cluster_cluster_2288
370007,385,refined_cluster_cluster_385
370380,385,refined_cluster_cluster_385
54049980,2730,refined_cluster_cluster_2730
54041580,2730,refined_cluster_cluster_2730
54059980,1044,refined_cluster_cluster_1044
54053920,1044,refined_cluster_cluster_1044
54054130,1044,refined_cluster_cluster_1044
54053390,1044,refined_cluster_cluster_1044
54061360,1044,refined_cluster_cluster_1044
54051040,1044,refined_cluster_cluster_1044
54051340,1044,refined_cluster_cluster_1044
54009980,2729,refined_cluster_cluster_2729
54011470,2729,refined_cluster_cluster_2729
54009980,2729,refined_cluster_cluster_2729
54003390,2729,refined_cluster_cluster_2729
54001360,2729,refined_cluster_cluster_2729
54011220,2729,refined_cluster_cluster_2729
54003400,2729,refined_cluster_cluster_2729
54001040,2729,refined_cluster_cluster_2729
54031220,2729,refined_cluster_cluster_2729
54001220,1045,refined_cluster_cluster_1045
54001220,1045,refined_cluster_cluster_1045
54021340,2719,refined_cluster_cluster_2719
540013400,2719,refined_cluster_cluster_2719
54001470,2727,refined_cluster_cluster_2727
54021220,2727,refined_cluster_cluster_2727
54004930,2723,refined_cluster_cluster_2723
54004590,2723,refined_cluster_cluster_2723
52191010,591,refined_cluster_cluster_591
52181010,591,refined_cluster_cluster_591
52141019,591,refined_cluster_cluster_591
52181019,591,refined_cluster_cluster_591
52191019,591,refined_cluster_cluster_591
52161010,591,refined_cluster_cluster_591
52264100,878,refined_cluster_cluster_878
52094100,878,refined_cluster_cluster_878
52009980,878,refined_cluster_cluster_878
52104100,878,refined_cluster_cluster_878
52174100,878,refined_cluster_cluster_878
52093410,94,refined_cluster_cluster_94
52113410,94,refined_cluster_cluster_94
52003410,94,refined_cluster_cluster_94
52113610,881,refined_cluster_cluster_881
52103610,881,refined_cluster_cluster_881
52114680,267,refined_cluster_cluster_267
52101890,267,refined_cluster_cluster_267
52111470,887,refined_cluster_cluster_887
52161470,887,refined_cluster_cluster_887
52111280,884,refined_cluster_cluster_884
52003430,884,refined_cluster_cluster_884
52111290,880,refined_cluster_cluster_880
52101290,880,refined_cluster_cluster_880
52111220,888,refined_cluster_cluster_888
52161220,888,refined_cluster_cluster_888
52004620,393,refined_cluster_cluster_393
52104620,393,refined_cluster_cluster_393
10002,882,refined_cluster_cluster_882
10003,882,refined_cluster_cluster_882
25230,476,refined_cluster_cluster_476
25220,476,refined_cluster_cluster_476
24140,476,refined_cluster_cluster_476
12354,52,refined_cluster_cluster_52
18102531,52,refined_cluster_cluster_52
26405021,52,refined_cluster_cluster_52
37029273,56,refined_cluster_cluster_56
zt,56,refined_cluster_cluster_56
CS170339,2525,refined_cluster_cluster_2525
CS17032K,2525,refined_cluster_cluster_2525
9955385,70,refined_cluster_cluster_70
9955386,70,refined_cluster_cluster_70
ZVMSVO3,70,refined_cluster_cluster_70
9955602,69,refined_cluster_cluster_69
9955604,69,refined_cluster_cluster_69
9955387,69,refined_cluster_cluster_69
ZVMSVO5,71,refined_cluster_cluster_71
ZVMSVO4,71,refined_cluster_cluster_71
MKTTHM03,68,refined_cluster_cluster_68
MKTTHM00,68,refined_cluster_cluster_68
920207,-1,noise
184001,-1,noise
89042,-1,noise
95052680,-1,noise
31311,-1,noise
62720,-1,noise
18130181,-1,noise
20480,-1,noise
454050,-1,noise
41,-1,noise
250366,-1,noise
73820,-1,noise
72820,-1,noise
72830,-1,noise
531620,-1,noise
72010,-1,noise
72012,-1,noise
72013,-1,noise
45,-1,noise
84091,-1,noise
84092,-1,noise
520023,-1,noise
620056,-1,noise
72130,-1,noise
70300,-1,noise
70020,-1,noise
1220,-1,noise
84410,-1,noise
56,-1,noise
532630,-1,noise
71050,-1,noise
72990,-1,noise
78005,-1,noise
71910,-1,noise
620032,-1,noise
83440,-1,noise
40,-1,noise
72081,-1,noise
71180,-1,noise
72321,-1,noise
72180,-1,noise
72322,-1,noise
72330,-1,noise
70381,-1,noise
310130,-1,noise
620033,-1,noise
620061,-1,noise
620662,-1,noise
620164,-1,noise
620059,-1,noise
99995,-1,noise
72272,-1,noise
85440,-1,noise
85441,-1,noise
590034,-1,noise
190444,-1,noise
22177240,-1,noise
190087,-1,noise
19990550,-1,noise
180034,-1,noise
72630,-1,noise
78011,-1,noise
72150,-1,noise
720008,-1,noise
70760,-1,noise
70830,-1,noise
450083,-1,noise
52301220,-1,noise
399810,-1,noise
83090,-1,noise
83470,-1,noise
451047,-1,noise
190090,-1,noise
70560,-1,noise
88782,-1,noise
620034,-1,noise
96041,-1,noise
ADJ,-1,noise
94084730,-1,noise
900076,-1,noise
55663,-1,noise
83370,-1,noise
740888,-1,noise
81010,-1,noise
920266,-1,noise
6,-1,noise
96622900,-1,noise
84243,-1,noise
86700,-1,noise
310140,-1,noise
190303,-1,noise
190313,-1,noise
31010,-1,noise
83990,-1,noise
720115,-1,noise
610001,-1,noise
50140201,-1,noise
96404740,-1,noise
80019,-1,noise
13159984,-1,noise
190067,-1,noise
90466162,-1,noise
620941,-1,noise
50130570,-1,noise
50130599,-1,noise
440150,-1,noise
620148,-1,noise
620169,-1,noise
44525240,-1,noise
44622090,-1,noise
84650,-1,noise
280140,-1,noise
250125,-1,noise
44341150,-1,noise
44341570,-1,noise
44343630,-1,noise
44341980,-1,noise
44341060,-1,noise
17201176,-1,noise
50003390,-1,noise
13852,-1,noise
13853,-1,noise
290266,-1,noise
94219,-1,noise
94741,-1,noise
134325,-1,noise
13860154,-1,noise
290242,-1,noise
290650,-1,noise
138PB351,-1,noise
290226,-1,noise
290256,-1,noise
290265,-1,noise
236483,-1,noise
37880129,-1,noise
13802014,-1,noise
235223,-1,noise
290234,-1,noise
290235,-1,noise
920234,-1,noise
138309,-1,noise
138325,-1,noise
13830483,-1,noise
13834,-1,noise
138027,-1,noise
13810,-1,noise
1387430,-1,noise
290253,-1,noise
18064765,-1,noise
1387482,-1,noise
37880503,-1,noise
292171,-1,noise
13832015,-1,noise
14006,-1,noise
37999101,-1,noise
37215268,-1,noise
82739990,-1,noise
290254,-1,noise
37181340,-1,noise
104308,-1,noise
13955008,-1,noise
13857A,-1,noise
14005,-1,noise
1302222,-1,noise
13750D,-1,noise
99492B,-1,noise
99492W,-1,noise
99491W,-1,noise
99511,-1,noise
99400510,-1,noise
994841,-1,noise
18416356,-1,noise
146020,-1,noise
15191002,-1,noise
15193354,-1,noise
82380,-1,noise
909091,-1,noise
620071,-1,noise
84460,-1,noise
901091,-1,noise
85070,-1,noise
900094,-1,noise
83312,-1,noise
94109,-1,noise
718753,-1,noise
610002,-1,noise
31151,-1,noise
SPV1054,-1,noise
97215600,-1,noise
50120152,-1,noise
90305,-1,noise
42100,-1,noise
190038,-1,noise
SP1314,-1,noise
SP1321,-1,noise
49030,-1,noise
49030,-1,noise
12941000,-1,noise
12940000,-1,noise
44003,-1,noise
43340,-1,noise
190037,-1,noise
34094,-1,noise
40380,-1,noise
12410406,-1,noise
41580,-1,noise
42920,-1,noise
180015,-1,noise
15441,-1,noise
42900,-1,noise
180013,-1,noise
30371,-1,noise
43331,-1,noise
15000500,-1,noise
15000590,-1,noise
15000910,-1,noise
15000400,-1,noise
10171072,-1,noise
41770,-1,noise
118003,-1,noise
18200301,-1,noise
18100808,-1,noise
18134610,-1,noise
19202000,-1,noise
190602,-1,noise
90150,-1,noise
190310,-1,noise
190010,-1,noise
19009400,-1,noise
19204004,-1,noise
19010001,-1,noise
11100500,-1,noise
11110401,-1,noise
190861,-1,noise
11910000,-1,noise
11200010,-1,noise
11399000,-1,noise
11200500,-1,noise
11310510,-1,noise
11311414,-1,noise
11310422,-1,noise
11321000,-1,noise
11321440,-1,noise
41500,-1,noise
30332,-1,noise
48501,-1,noise
11600400,-1,noise
11500404,-1,noise
11300408,-1,noise
11401009,-1,noise
42610,-1,noise
15124335,-1,noise
15110101,-1,noise
44215,-1,noise
12000412,-1,noise
190035,-1,noise
190036,-1,noise
190025,-1,noise
15000418,-1,noise
19550000,-1,noise
45350,-1,noise
19541000,-1,noise
13802714,-1,noise
13515006,-1,noise
40083,-1,noise
17101412,-1,noise
17100515,-1,noise
17100514,-1,noise
41400,-1,noise
41270,-1,noise
14449000,-1,noise
11111407,-1,noise
83780,-1,noise
18480041,-1,noise
97605880,-1,noise
18481001,-1,noise
18481091,-1,noise
18488051,-1,noise
190211,-1,noise
18200012,-1,noise
18273230,-1,noise
18200500,-1,noise
190039,-1,noise
18260001,-1,noise
18260002,-1,noise
18200185,-1,noise
18230008,-1,noise
18260003,-1,noise
1810091,-1,noise
18160004,-1,noise
18210500,-1,noise
18265005,-1,noise
18218000,-1,noise
18230080,-1,noise
18140090,-1,noise
18230000,-1,noise
18100601,-1,noise
18140091,-1,noise
SP100,-1,noise
18500003,-1,noise
18140421,-1,noise
18140004,-1,noise
18110441,-1,noise
18103041,-1,noise
18198041,-1,noise
18100159,-1,noise
18100006,-1,noise
18100406,-1,noise
18119073,-1,noise
18100641,-1,noise
18110541,-1,noise
18100531,-1,noise
18101106,-1,noise
18140541,-1,noise
18218007,-1,noise
18100921,-1,noise
18110051,-1,noise
18110061,-1,noise
18110081,-1,noise
18100121,-1,noise
13820121,-1,noise
18100610,-1,noise
18180010,-1,noise
18534002,-1,noise
18534003,-1,noise
190751,-1,noise
190803,-1,noise
190802,-1,noise
180112,-1,noise
18130211,-1,noise
46160,-1,noise
12510200,-1,noise
46200,-1,noise
40617,-1,noise
10095470,-1,noise
190601,-1,noise
46970,-1,noise
190001,-1,noise
14910000,-1,noise
19010000,-1,noise
190023,-1,noise
11000002,-1,noise
12168,-1,noise
32168,-1,noise
33168,-1,noise
41320,-1,noise
19210015,-1,noise
19800000,-1,noise
SP141,-1,noise
190043,-1,noise
45800,-1,noise
30267,-1,noise
14240802,-1,noise
14240400,-1,noise
190022,-1,noise
42710,-1,noise
42700,-1,noise
32212,-1,noise
19210100,-1,noise
43120,-1,noise
190181,-1,noise
180150,-1,noise
44380,-1,noise
13410600,-1,noise
13000906,-1,noise
144014,-1,noise
13420006,-1,noise
42903,-1,noise
SP1333,-1,noise
94572,-1,noise
19020040,-1,noise
42430,-1,noise
156000,-1,noise
19900002,-1,noise
SP131,-1,noise
16606139,-1,noise
16200416,-1,noise
16200405,-1,noise
16200406,-1,noise
16290110,-1,noise
16290090,-1,noise
16280200,-1,noise
16200600,-1,noise
19410001,-1,noise
46800,-1,noise
19410000,-1,noise
43540,-1,noise
SP139,-1,noise
190016,-1,noise
18106021,-1,noise
49010,-1,noise
190032,-1,noise
SP1027,-1,noise
SP114,-1,noise
SP1141,-1,noise
190755,-1,noise
190807,-1,noise
190072,-1,noise
190817,-1,noise
190031,-1,noise
47001,-1,noise
47000,-1,noise
190041,-1,noise
190011,-1,noise
193001,-1,noise
SP1026,-1,noise
190179,-1,noise
190006,-1,noise
11910404,-1,noise
41620,-1,noise
19550066,-1,noise
41740,-1,noise
16312000,-1,noise
16308000,-1,noise
16311400,-1,noise
16310412,-1,noise
16311401,-1,noise
16310023,-1,noise
16300500,-1,noise
10151400,-1,noise
SP1460,-1,noise
19630025,-1,noise
190009,-1,noise
97735830,-1,noise
12000401,-1,noise
12000600,-1,noise
43770,-1,noise
40201,-1,noise
12321414,-1,noise
12110408,-1,noise
12110116,-1,noise
12140540,-1,noise
12101514,-1,noise
12100514,-1,noise
12100800,-1,noise
12320110,-1,noise
43700,-1,noise
12350118,-1,noise
12131415,-1,noise
13142005,-1,noise
12131044,-1,noise
SP1322,-1,noise
SP1822,-1,noise
41552,-1,noise
14100400,-1,noise
14400512,-1,noise
14440414,-1,noise
14472300,-1,noise
14400200,-1,noise
14600000,-1,noise
10010000,-1,noise
SP130,-1,noise
34098,-1,noise
40366,-1,noise
46920,-1,noise
13301900,-1,noise
35174,-1,noise
46000,-1,noise
46000,-1,noise
13309602,-1,noise
13301623,-1,noise
41501,-1,noise
160007,-1,noise
160003,-1,noise
160004,-1,noise
46700,-1,noise
46721,-1,noise
13810400,-1,noise
19540174,-1,noise
140087,-1,noise
11300406,-1,noise
19900000,-1,noise
13600210,-1,noise
198020,-1,noise
190008,-1,noise
19500001,-1,noise
10001000,-1,noise
41951,-1,noise
19080000,-1,noise
190040,-1,noise
190050,-1,noise
19081000,-1,noise
19550100,-1,noise
13114800,-1,noise
19541060,-1,noise
45900,-1,noise
46061,-1,noise
14280,-1,noise
1568413,-1,noise
13400617,-1,noise
13430620,-1,noise
13400499,-1,noise
13400501,-1,noise
13400900,-1,noise
13400011,-1,noise
13410401,-1,noise
13439616,-1,noise
13420606,-1,noise
13439618,-1,noise
13420314,-1,noise
13490400,-1,noise
140001,-1,noise
194102,-1,noise
1378,-1,noise
81378,-1,noise
184002,-1,noise
42801,-1,noise
42801,-1,noise
19511000,-1,noise
40610,-1,noise
19019000,-1,noise
144059,-1,noise
13000950,-1,noise
13101206,-1,noise
13000409,-1,noise
13000609,-1,noise
13000201,-1,noise
13101110,-1,noise
13102408,-1,noise
13111422,-1,noise
13111420,-1,noise
13104208,-1,noise
13101114,-1,noise
140100,-1,noise
13000780,-1,noise
13001604,-1,noise
13001304,-1,noise
4084,-1,noise
40000,-1,noise
40012,-1,noise
13000001,-1,noise
13000405,-1,noise
13000411,-1,noise
13191000,-1,noise
13105704,-1,noise
140015,-1,noise
144005,-1,noise
140004,-1,noise
140801,-1,noise
142050,-1,noise
140054,-1,noise
140017,-1,noise
140049,-1,noise
13000407,-1,noise
128008,-1,noise
140011,-1,noise
19610000,-1,noise
180340,-1,noise
13630600,-1,noise
13620403,-1,noise
13600513,-1,noise
13699222,-1,noise
13600214,-1,noise
44210,-1,noise
44201,-1,noise
13640600,-1,noise
141001,-1,noise
19955000,-1,noise
19990050,-1,noise
SP125,-1,noise
19990090,-1,noise
45002,-1,noise
19910000,-1,noise
19960115,-1,noise
97415880,-1,noise
22101,-1,noise
22113,-1,noise
22110,-1,noise
31022,-1,noise
340440,-1,noise
43022010,-1,noise
43022080,-1,noise
82081440,-1,noise
43251060,-1,noise
43001090,-1,noise
43005650,-1,noise
43005500,-1,noise
43004820,-1,noise
43004510,-1,noise
43005490,-1,noise
43011010,-1,noise
43014650,-1,noise
84421,-1,noise
10439,-1,noise
10429920,-1,noise
10430006,-1,noise
10429981,-1,noise
10429971,-1,noise
10429975,-1,noise
10429983,-1,noise
41770,-1,noise
1010884,-1,noise
10388100,-1,noise
10388656,-1,noise
10388106,-1,noise
10388048,-1,noise
10380188,-1,noise
10871004,-1,noise
1087A1CS,-1,noise
1087876,-1,noise
1087HCAN,-1,noise
1087A2EX,-1,noise
1087456,-1,noise
1087A2CS,-1,noise
1087A118,-1,noise
10802024,-1,noise
10870544,-1,noise
10870532,-1,noise
10089894,-1,noise
103672,-1,noise
10424G,-1,noise
104361,-1,noise
10467602,-1,noise
10467899,-1,noise
10125950,-1,noise
1046A4PL,-1,noise
41000,-1,noise
1039031,-1,noise
10390555,-1,noise
1039922,-1,noise
1039NRAM,-1,noise
1040A0PK,-1,noise
1039A100,-1,noise
1039922,-1,noise
1040A0PK,-1,noise
10426F,-1,noise
10487C,-1,noise
10486501,-1,noise
1040920,-1,noise
1042234,-1,noise
1040953,-1,noise
97351900,-1,noise
10388055,-1,noise
10164952,-1,noise
10189894,-1,noise
10181523,-1,noise
10443876,-1,noise
1044309,-1,noise
1026174H,-1,noise
1026AR2,-1,noise
10261061,-1,noise
10260119,-1,noise
10261020,-1,noise
10261972,-1,noise
1026953,-1,noise
1027767,-1,noise
10286,-1,noise
1028A2IB,-1,noise
10287,-1,noise
10288,-1,noise
1035A212,-1,noise
1035A2AU,-1,noise
1035A2B5,-1,noise
1035A2B3,-1,noise
1036862,-1,noise
10356030,-1,noise
10350349,-1,noise
10357022,-1,noise
10308738,-1,noise
1030A2I1,-1,noise
1030A2IB,-1,noise
1033NRSK,-1,noise
10295,-1,noise
1030A6G3,-1,noise
10300133,-1,noise
1030A1C1,-1,noise
10300136,-1,noise
10310963,-1,noise
10310962,-1,noise
10310994,-1,noise
1031076,-1,noise
1031105,-1,noise
1003857,-1,noise
10432I,-1,noise
104321Z,-1,noise
1043202,-1,noise
1043334,-1,noise
10516170,-1,noise
10512100,-1,noise
10517823,-1,noise
10517166,-1,noise
10517818,-1,noise
5009988,-1,noise
50099131,-1,noise
5009988,-1,noise
10590019,-1,noise
1088385,-1,noise
10545002,-1,noise
10425,-1,noise
10426,-1,noise
97405880,-1,noise
10169901,-1,noise
10169437,-1,noise
1015283,-1,noise
10039010,-1,noise
1003A2I1,-1,noise
10040015,-1,noise
10040002,-1,noise
1006532,-1,noise
1006534,-1,noise
1006512,-1,noise
1006A200,-1,noise
10194,-1,noise
10038191,-1,noise
1020662,-1,noise
1085A1AM,-1,noise
1026A25S,-1,noise
10201112,-1,noise
1026A202,-1,noise
10240190,-1,noise
1084165,-1,noise
10230886,-1,noise
10229080,-1,noise
10235,-1,noise
10214B,-1,noise
102145,-1,noise
10292,-1,noise
1021085,-1,noise
1021419,-1,noise
1021A112,-1,noise
1060A616,-1,noise
10605155,-1,noise
1060A2AA,-1,noise
1060A612,-1,noise
1060A624,-1,noise
1060A625,-1,noise
1060A615,-1,noise
1060A2PM,-1,noise
106308,-1,noise
10605164,-1,noise
10604109,-1,noise
10604878,-1,noise
106051,-1,noise
105476,-1,noise
10086248,-1,noise
10086,-1,noise
1008632,-1,noise
10159712,-1,noise
10170474,-1,noise
10170441,-1,noise
10170455,-1,noise
101511,-1,noise
10151341,-1,noise
1072A111,-1,noise
1072A111,-1,noise
10724S,-1,noise
10162,-1,noise
10082968,-1,noise
10144985,-1,noise
102202,-1,noise
10149914,-1,noise
1014A2CS,-1,noise
10142224,-1,noise
1014BLR,-1,noise
1014ANI5,-1,noise
10599110,-1,noise
101445,-1,noise
1014B1IC,-1,noise
10160100,-1,noise
1012204,-1,noise
1012301,-1,noise
10127023,-1,noise
10127005,-1,noise
10123045,-1,noise
10161512,-1,noise
1016A2G5,-1,noise
1016812,-1,noise
10234568,-1,noise
101244,-1,noise
10123810,-1,noise
10371174,-1,noise
10371175,-1,noise
10599187,-1,noise
10599188,-1,noise
10599202,-1,noise
10123810,-1,noise
1012412,-1,noise
10636689,-1,noise
1042202,-1,noise
100730,-1,noise
101604,-1,noise
10329966,-1,noise
10040100,-1,noise
1004140,-1,noise
1004081,-1,noise
10067561,-1,noise
10067508,-1,noise
10065760,-1,noise
10067011,-1,noise
10371010,-1,noise
10260892,-1,noise
102612BB,-1,noise
1028307,-1,noise
10305846,-1,noise
10305930,-1,noise
1037806,-1,noise
1037190,-1,noise
1030A201,-1,noise
10185240,-1,noise
10875281,-1,noise
10038165,-1,noise
10038368,-1,noise
1016510,-1,noise
104489,-1,noise
10445PBG,-1,noise
1044511,-1,noise
10443522,-1,noise
10490223,-1,noise
1044503,-1,noise
104239,-1,noise
104237,-1,noise
10427,-1,noise
10389980,-1,noise
1044049,-1,noise
1006490,-1,noise
101724,-1,noise
1006860,-1,noise
1006871,-1,noise
10277510,-1,noise
10100000,-1,noise
1998677,-1,noise
10519989,-1,noise
22018,-1,noise
22019,-1,noise
12510000,-1,noise
90801432,-1,noise
71562250,-1,noise
71525220,-1,noise
10416G1,-1,noise
71244000,-1,noise
71103000,-1,noise
71562252,-1,noise
71720500,-1,noise
88780,-1,noise
210002,-1,noise
62063,-1,noise
625584,-1,noise
48013570,-1,noise
96725890,-1,noise
96705940,-1,noise
10431030,-1,noise
51011,-1,noise
77084369,-1,noise
99190,-1,noise
60202250,-1,noise
78679980,-1,noise
620072,-1,noise
72114000,-1,noise
20214B,-1,noise
84451,-1,noise
34000,-1,noise
1834073Z,-1,noise
37,-1,noise
41651900,-1,noise
4079,-1,noise
32625,-1,noise
420810,-1,noise
207900012,-1,noise
40289990,-1,noise
78472219,-1,noise
84553,-1,noise
31090,-1,noise
999116R,-1,noise
999116,-1,noise
170003,-1,noise
34096,-1,noise
22616300,-1,noise
22583500,-1,noise
22520600,-1,noise
22559000,-1,noise
22557100,-1,noise
22577900,-1,noise
22505467,-1,noise
22506000,-1,noise
22616100,-1,noise
78004369,-1,noise
78001789,-1,noise
94405070,-1,noise
620074,-1,noise
82352950,-1,noise
97635880,-1,noise
902712,-1,noise
92201,-1,noise
94201,-1,noise
98154,-1,noise
84311,-1,noise
82143,-1,noise
70800,-1,noise
920219,-1,noise
63011770,-1,noise
53054800,-1,noise
53155540,-1,noise
53051890,-1,noise
53051280,-1,noise
53851040,-1,noise
211023,-1,noise
207900040,-1,noise
110120,-1,noise
12011004,-1,noise
12071001,-1,noise
12013563,-1,noise
12011160,-1,noise
12011876,-1,noise
920212,-1,noise
12211024,-1,noise
110004,-1,noise
72085890,-1,noise
1391437,-1,noise
72088N,-1,noise
72047,-1,noise
7204020,-1,noise
720852,-1,noise
720768,-1,noise
7204406,-1,noise
454085,-1,noise
456136,-1,noise
31120,-1,noise
90342127,-1,noise
90342113,-1,noise
90342126,-1,noise
90342124,-1,noise
96040,-1,noise
620175,-1,noise
190819,-1,noise
22089H1,-1,noise
70129989,-1,noise
454215,-1,noise
71103010,-1,noise
454232,-1,noise
620076,-1,noise
620078,-1,noise
45710,-1,noise
97872895,-1,noise
25380,-1,noise
105409,-1,noise
SP1113,-1,noise
46081150,-1,noise
46081980,-1,noise
46081010,-1,noise
46091150,-1,noise
46091920,-1,noise
46092420,-1,noise
46092080,-1,noise
46219990,-1,noise
15323380,-1,noise
96032,-1,noise
30571050,-1,noise
78562219,-1,noise
29404000,-1,noise
50130015,-1,noise
5014421,-1,noise
501441,-1,noise
83860,-1,noise
78012419,-1,noise
19990,-1,noise
62323,-1,noise
32430001,-1,noise
994691,-1,noise
31210,-1,noise
22046,-1,noise
22694,-1,noise
22ND015,-1,noise
1901074,-1,noise
1901080,-1,noise
29084000,-1,noise
620421,-1,noise
94913500,-1,noise
97487780,-1,noise
97480780,-1,noise
82500,-1,noise
10176C,-1,noise
12252C,-1,noise
132216,-1,noise
417300,-1,noise
420111,-1,noise
410630,-1,noise
70015829,-1,noise
513512,-1,noise
70029981,-1,noise
70004420,-1,noise
80110,-1,noise
80111,-1,noise
82070,-1,noise
70091309,-1,noise
920250,-1,noise
15132002,-1,noise
410056,-1,noise
99987,-1,noise
50133109,-1,noise
50133102,-1,noise
531260,-1,noise
44094160,-1,noise
453017,-1,noise
450024,-1,noise
458993,-1,noise
163117,-1,noise
85371,-1,noise
501305,-1,noise
750050,-1,noise
85425,-1,noise
4005,-1,noise
10089980,-1,noise
10081010,-1,noise
10081020,-1,noise
10083350,-1,noise
40011530,-1,noise
92406100,-1,noise
92401300,-1,noise
94039980,-1,noise
92111220,-1,noise
92478900,-1,noise
85353,-1,noise
92457780,-1,noise
83901,-1,noise
86418,-1,noise
94009980,-1,noise
94074890,-1,noise
94029980,-1,noise
94019982,-1,noise
96617430,-1,noise
96621030,-1,noise
96617530,-1,noise
31250,-1,noise
19305910,-1,noise
21121120,-1,noise
21102140,-1,noise
21172060,-1,noise
21102071,-1,noise
21132104,-1,noise
21121071,-1,noise
21112110,-1,noise
21121010,-1,noise
21198016,-1,noise
21103081,-1,noise
99996,-1,noise
10225,-1,noise
29104000,-1,noise
22420100,-1,noise
22583300,-1,noise
22525700,-1,noise
22618800,-1,noise
22610400,-1,noise
22537300,-1,noise
22670500,-1,noise
SP334,-1,noise
23110012,-1,noise
23136012,-1,noise
23110017,-1,noise
23015254,-1,noise
23015300,-1,noise
23110211,-1,noise
20101234,-1,noise
23242023,-1,noise
23421015,-1,noise
23120114,-1,noise
23175050,-1,noise
23904053,-1,noise
23142065,-1,noise
23148060,-1,noise
23144061,-1,noise
23255080,-1,noise
23272980,-1,noise
10234,-1,noise
10235,-1,noise
310001,-1,noise
310011,-1,noise
23355001,-1,noise
23282900,-1,noise
23282990,-1,noise
23990000,-1,noise
29204000,-1,noise
22586321,-1,noise
23004006,-1,noise
23495112,-1,noise
310550,-1,noise
310027,-1,noise
10850,-1,noise
310836,-1,noise
84212,-1,noise
SP3261,-1,noise
23245900,-1,noise
310287,-1,noise
23485470,-1,noise
23595000,-1,noise
310461,-1,noise
23304006,-1,noise
23342600,-1,noise
23335300,-1,noise
23495000,-1,noise
23345308,-1,noise
23345400,-1,noise
23594007,-1,noise
23395000,-1,noise
23345309,-1,noise
SP3401,-1,noise
SP34011,-1,noise
SP3501,-1,noise
29364100,-1,noise
SP341,-1,noise
SP308,-1,noise
316619,-1,noise
310441,-1,noise
310670,-1,noise
310009,-1,noise
310091,-1,noise
310829,-1,noise
310552,-1,noise
310081,-1,noise
310041,-1,noise
310585,-1,noise
310158,-1,noise
310890,-1,noise
311215,-1,noise
23245068,-1,noise
23210009,-1,noise
23595001,-1,noise
360006,-1,noise
790139,-1,noise
22387880,-1,noise
566572,-1,noise
360059,-1,noise
24152205,-1,noise
27210140,-1,noise
390225,-1,noise
25015000,-1,noise
10823,-1,noise
SP306,-1,noise
320003,-1,noise
320005,-1,noise
25190,-1,noise
3212,-1,noise
390247,-1,noise
83002,-1,noise
22603950,-1,noise
380005,-1,noise
29504000,-1,noise
29500000,-1,noise
20004046,-1,noise
20402050,-1,noise
20005120,-1,noise
20592011,-1,noise
20005441,-1,noise
20045041,-1,noise
20055080,-1,noise
20582010,-1,noise
20782040,-1,noise
20089234,-1,noise
20582030,-1,noise
20870312,-1,noise
20095040,-1,noise
20005360,-1,noise
20010300,-1,noise
20005362,-1,noise
360143,-1,noise
360804,-1,noise
360005,-1,noise
360001,-1,noise
360041,-1,noise
360950,-1,noise
20041300,-1,noise
29015000,-1,noise
29915001,-1,noise
29015200,-1,noise
10001,-1,noise
360560,-1,noise
10022,-1,noise
10821,-1,noise
10102,-1,noise
10262,-1,noise
34019,-1,noise
22207531,-1,noise
22208680,-1,noise
330141,-1,noise
24403000,-1,noise
24005030,-1,noise
55109980,-1,noise
24106011,-1,noise
24105405,-1,noise
10102,-1,noise
SP3032,-1,noise
24104000,-1,noise
22402846,-1,noise
120,-1,noise
29604000,-1,noise
29604001,-1,noise
10071,-1,noise
29016000,-1,noise
920255,-1,noise
380010,-1,noise
10550,-1,noise
22581010,-1,noise
10250,-1,noise
SP333,-1,noise
390010,-1,noise
10502,-1,noise
99992,-1,noise
27100100,-1,noise
310037,-1,noise
29085004,-1,noise
29088004,-1,noise
360780,-1,noise
28075759,-1,noise
28076901,-1,noise
28000123,-1,noise
10520,-1,noise
22383000,-1,noise
94011,-1,noise
421027,-1,noise
310221,-1,noise
350001,-1,noise
350010,-1,noise
22546900,-1,noise
25015010,-1,noise
25012110,-1,noise
22121100,-1,noise
25000000,-1,noise
22182401,-1,noise
24565869,-1,noise
10363,-1,noise
24598000,-1,noise
24565870,-1,noise
310551,-1,noise
24605000,-1,noise
10360,-1,noise
10020,-1,noise
340001,-1,noise
27510060,-1,noise
24565040,-1,noise
24565800,-1,noise
24505001,-1,noise
24565500,-1,noise
24565100,-1,noise
24527000,-1,noise
24525010,-1,noise
29964000,-1,noise
900708,-1,noise
SP310,-1,noise
10650,-1,noise
26405010,-1,noise
360087,-1,noise
10801,-1,noise
360388,-1,noise
26135400,-1,noise
26500000,-1,noise
26422030,-1,noise
26415035,-1,noise
26415036,-1,noise
10250,-1,noise
SP3043,-1,noise
360389,-1,noise
370810,-1,noise
SP304,-1,noise
SP3041,-1,noise
390004,-1,noise
390002,-1,noise
20501050,-1,noise
96010347,-1,noise
84390,-1,noise
96010349,-1,noise
94144860,-1,noise
210780,-1,noise
23175170,-1,noise
29915005,-1,noise
91206G,-1,noise
17875A,-1,noise
16247,-1,noise
161991,-1,noise
16223012,-1,noise
16191f1,-1,noise
162086,-1,noise
1614907F,-1,noise
16142PC,-1,noise
17802306,-1,noise
17811B1,-1,noise
1706513,-1,noise
1704190,-1,noise
170654,-1,noise
1704123F,-1,noise
17020K,-1,noise
170231,-1,noise
1701789,-1,noise
1712004,-1,noise
170322,-1,noise
17032K01,-1,noise
17008669,-1,noise
17063K1,-1,noise
170171,-1,noise
1708074,-1,noise
1703290,-1,noise
17017889,-1,noise
1700116,-1,noise
17005880,-1,noise
170035,-1,noise
1700605,-1,noise
17845030,-1,noise
1700110,-1,noise
17001406,-1,noise
1700607,-1,noise
170037,-1,noise
1770019,-1,noise
170183,-1,noise
170698,-1,noise
17009910,-1,noise
170040,-1,noise
1700114,-1,noise
1700219,-1,noise
17008B,-1,noise
1700594,-1,noise
17064CK,-1,noise
10001B13,-1,noise
17843B,-1,noise
17266998,-1,noise
17053,-1,noise
17020K1,-1,noise
1703212,-1,noise
170541,-1,noise
17080081,-1,noise
1700606,-1,noise
17222,-1,noise
170016,-1,noise
17668F,-1,noise
17483906,-1,noise
17411,-1,noise
17843447,-1,noise
17844010,-1,noise
17844011,-1,noise
17845989,-1,noise
1784512,-1,noise
17845038,-1,noise
17845037,-1,noise
17844017,-1,noise
17845013,-1,noise
17844012,-1,noise
17845006,-1,noise
17845043,-1,noise
17845038,-1,noise
17844017,-1,noise
17843002,-1,noise
1789010,-1,noise
1785711,-1,noise
17857019,-1,noise
17857301,-1,noise
1785944,-1,noise
17857032,-1,noise
17857307,-1,noise
17857983,-1,noise
17879F,-1,noise
15038012,-1,noise
15038OM3,-1,noise
17817066,-1,noise
15080,-1,noise
15072045,-1,noise
15100,-1,noise
17881G,-1,noise
17880123,-1,noise
17880110,-1,noise
1787615,-1,noise
17851M,-1,noise
17851F,-1,noise
17851P,-1,noise
1785479,-1,noise
1784990,-1,noise
17849018,-1,noise
17849013,-1,noise
17854018,-1,noise
17849019,-1,noise
17849012,-1,noise
17854040,-1,noise
17854035,-1,noise
178941F,-1,noise
17849017,-1,noise
1788554,-1,noise
178414,-1,noise
17851BB,-1,noise
178853B,-1,noise
1785402,-1,noise
1785420,-1,noise
1785416,-1,noise
17873L,-1,noise
178531,-1,noise
178552,-1,noise
17853SEZ,-1,noise
17882050,-1,noise
17900,-1,noise
1788204R,-1,noise
17901,-1,noise
17875O,-1,noise
1788010,-1,noise
17877990,-1,noise
17863,-1,noise
17863CW,-1,noise
17863012,-1,noise
17863CWS,-1,noise
1786537,-1,noise
1786541,-1,noise
1786539,-1,noise
1786539,-1,noise
17860A,-1,noise
17861044,-1,noise
17861045,-1,noise
17861054,-1,noise
178604,-1,noise
178691,-1,noise
178851,-1,noise
17861061,-1,noise
10002B,-1,noise
1786104F,-1,noise
17861999,-1,noise
1786710,-1,noise
178616,-1,noise
17861051,-1,noise
17861047,-1,noise
178618,-1,noise
1769990,-1,noise
17862888,-1,noise
17855688,-1,noise
1786704,-1,noise
178688,-1,noise
179001,-1,noise
17872,-1,noise
1786708,-1,noise
17874,-1,noise
178702,-1,noise
17870,-1,noise
17869FMC,-1,noise
1787080,-1,noise
17870999,-1,noise
17871018,-1,noise
17871011,-1,noise
1787120,-1,noise
17864020,-1,noise
178649,-1,noise
17864017,-1,noise
1789095,-1,noise
17867082,-1,noise
1786704,-1,noise
178668,-1,noise
17866946,-1,noise
1786708,-1,noise
1787120,-1,noise
178745,-1,noise
15443,-1,noise
15446,-1,noise
15445,-1,noise
15447,-1,noise
15001085,-1,noise
15215C,-1,noise
152081,-1,noise
150201,-1,noise
15002023,-1,noise
15001,-1,noise
15002B,-1,noise
152309,-1,noise
15000S,-1,noise
15009,-1,noise
15220V,-1,noise
15006083,-1,noise
15004034,-1,noise
15004052,-1,noise
15005899,-1,noise
15076,-1,noise
15005A4,-1,noise
15077370,-1,noise
1507734,-1,noise
1507733,-1,noise
15220997,-1,noise
15004C8,-1,noise
15004047,-1,noise
15008989,-1,noise
150122,-1,noise
15006020,-1,noise
15006018,-1,noise
15239,-1,noise
15002032,-1,noise
15006092,-1,noise
15238,-1,noise
170886,-1,noise
170888,-1,noise
170892,-1,noise
170894,-1,noise
170896,-1,noise
17081115,-1,noise
17081048,-1,noise
17081541,-1,noise
17081408,-1,noise
17081720,-1,noise
9171581,-1,noise
17081013,-1,noise
1708912,-1,noise
310324,-1,noise
73080747,-1,noise
73012,-1,noise
73007987,-1,noise
73012765,-1,noise
73075,-1,noise
73133A,-1,noise
73084011,-1,noise
73083218,-1,noise
310021,-1,noise
310016,-1,noise
310200,-1,noise
310065,-1,noise
73084140,-1,noise
73012768,-1,noise
17874081,-1,noise
17002B,-1,noise
74141,-1,noise
73080700,-1,noise
17874R,-1,noise
124007,-1,noise
420005,-1,noise
420006,-1,noise
144164,-1,noise
620079,-1,noise
28241000,-1,noise
38447890,-1,noise
38154300,-1,noise
82389980,-1,noise
22996,-1,noise
22302,-1,noise
22120,-1,noise
4023410,-1,noise
40072,-1,noise
40PN12W,-1,noise
40162,-1,noise
40070125,-1,noise
406946,-1,noise
40501060,-1,noise
40476,-1,noise
40494,-1,noise
40695238,-1,noise
40PM16,-1,noise
407311,-1,noise
407316,-1,noise
40739,-1,noise
120007,-1,noise
120854,-1,noise
122001,-1,noise
122000,-1,noise
123030,-1,noise
13069980,-1,noise
13083896,-1,noise
13081176,-1,noise
13081002,-1,noise
13081001,-1,noise
13091000,-1,noise
157600001,-1,noise
13083571,-1,noise
13083674,-1,noise
13083544,-1,noise
13083563,-1,noise
13081036,-1,noise
13081120,-1,noise
13189984,-1,noise
13183896,-1,noise
13181176,-1,noise
13181070,-1,noise
13183354,-1,noise
13183352,-1,noise
13101001,-1,noise
120089,-1,noise
78502789,-1,noise
96235640,-1,noise
31260,-1,noise
501599,-1,noise
22080223,-1,noise
620010,-1,noise
750005,-1,noise
750002,-1,noise
750006,-1,noise
391193,-1,noise
78034360,-1,noise
96685940,-1,noise
97151900,-1,noise
18061014,-1,noise
13023694,-1,noise
13021201,-1,noise
13025763,-1,noise
13021013,-1,noise
13021876,-1,noise
13021144,-1,noise
13021143,-1,noise
13011204,-1,noise
13013556,-1,noise
124005,-1,noise
124003,-1,noise
124004,-1,noise
78051789,-1,noise
82440,-1,noise
30337019,-1,noise
970410,-1,noise
71011669,-1,noise
71071529,-1,noise
71014769,-1,noise
12135414,-1,noise
40302600,-1,noise
99996,-1,noise
920209,-1,noise
84310,-1,noise
85281,-1,noise
85282,-1,noise
101273,-1,noise
101264,-1,noise
1012581,-1,noise
620081,-1,noise
749995,-1,noise
44061,-1,noise
44060,-1,noise
15110510,-1,noise
71208,-1,noise
20700,-1,noise
38459960,-1,noise
952521,-1,noise
82700,-1,noise
95251B,-1,noise
97103111,-1,noise
80271,-1,noise
190029,-1,noise
190015,-1,noise
220615,-1,noise
220627,-1,noise
2206211,-1,noise
19054,-1,noise
10011,-1,noise
58021010,-1,noise
SP1600,-1,noise
29097518,-1,noise
29200420,-1,noise
363248,-1,noise
363003,-1,noise
SP16001,-1,noise
AOL00010,-1,noise
86613,-1,noise
SP195,-1,noise
21050B,-1,noise
77044360,-1,noise
210513,-1,noise
77035690,-1,noise
902701,-1,noise
21060018,-1,noise
78084360,-1,noise
30337018,-1,noise
902610,-1,noise
86020,-1,noise
143090,-1,noise
85173,-1,noise
390624,-1,noise
83230,-1,noise
24993,-1,noise
621735,-1,noise
97426030,-1,noise
53079980,-1,noise
31270,-1,noise
5050210,-1,noise
50120124,-1,noise
40244890,-1,noise
144009,-1,noise
930099801,-1,noise
96024,-1,noise
96033,-1,noise
96039,-1,noise
80016,-1,noise
96028,-1,noise
93121133,-1,noise
83280,-1,noise
47061010,-1,noise
47061920,-1,noise
90700,-1,noise
2971,-1,noise
96016,-1,noise
21205,-1,noise
21200,-1,noise
21209,-1,noise
99127944,-1,noise
41552210,-1,noise
12345,-1,noise
900010,-1,noise
95420,-1,noise
20969020,-1,noise
363240,-1,noise
9931536,-1,noise
ZZ902710,-1,noise
70242TP,-1,noise
29098000,-1,noise
Z0346032,-1,noise
9406610,-1,noise
51054,-1,noise
31580,-1,noise
82390,-1,noise
93661845,-1,noise
57001360,-1,noise
57004130,-1,noise
57005540,-1,noise
57001040,-1,noise
57001010,-1,noise
57004800,-1,noise
67001080,-1,noise
67004310,-1,noise
67001010,-1,noise
190093,-1,noise
11017,-1,noise
11010,-1,noise
42300550,-1,noise
42100500,-1,noise
382300,-1,noise
19584,-1,noise
1058688,-1,noise
1954710,-1,noise
11310,-1,noise
42100550,-1,noise
42638900,-1,noise
11003,-1,noise
1956387,-1,noise
11011,-1,noise
1956383,-1,noise
362032,-1,noise
42390000,-1,noise
42630204,-1,noise
42631100,-1,noise
42500000,-1,noise
19516,-1,noise
19514D,-1,noise
11181,-1,noise
1,-1,noise
451112,-1,noise
85015,-1,noise
85010,-1,noise
85025,-1,noise
20397,-1,noise
85020,-1,noise
95503850,-1,noise
901135,-1,noise
34010,-1,noise
92280400,-1,noise
25010,-1,noise
25440,-1,noise
31536,-1,noise
457030,-1,noise
450031,-1,noise
79113350,-1,noise
456060,-1,noise
140008,-1,noise
622589,-1,noise
90278015,-1,noise
96414740,-1,noise
618181,-1,noise
94655080,-1,noise
94625080,-1,noise
94745080,-1,noise
50125,-1,noise
17069985,-1,noise
17063795,-1,noise
17061455,-1,noise
17061032,-1,noise
17063742,-1,noise
17061076,-1,noise
17063334,-1,noise
12070600,-1,noise
203783,-1,noise
170010,-1,noise
174369,-1,noise
174360,-1,noise
170008,-1,noise
11264496,-1,noise
11261001,-1,noise
11264565,-1,noise
11261015,-1,noise
11261144,-1,noise
96445870,-1,noise
96435870,-1,noise
98475870,-1,noise
10809980,-1,noise
31180,-1,noise
97758,-1,noise
95170,-1,noise
622247,-1,noise
360029,-1,noise
340804,-1,noise
360010,-1,noise
741612,-1,noise
190703,-1,noise
10113350,-1,noise
10483840,-1,noise
10101390,-1,noise
40071150,-1,noise
10125950,-1,noise
50041010,-1,noise
10153570,-1,noise
10153330,-1,noise
10153760,-1,noise
96045,-1,noise
349056,-1,noise
13199428,-1,noise
144001,-1,noise
78965,-1,noise
97599880,-1,noise
97596880,-1,noise
SP5000,-1,noise
21027,-1,noise
21024014,-1,noise
21031A,-1,noise
SP510,-1,noise
SP5094,-1,noise
21060SP,-1,noise
21060015,-1,noise
21065,-1,noise
SP512,-1,noise
71210,-1,noise
SP509,-1,noise
SP888,-1,noise
21075,-1,noise
40900,-1,noise
134002,-1,noise
13199985,-1,noise
134061,-1,noise
134067,-1,noise
13191176,-1,noise
13191454,-1,noise
13191004,-1,noise
13193760,-1,noise
13191876,-1,noise
13191070,-1,noise
131000,-1,noise
13294920,-1,noise
131062,-1,noise
15183370,-1,noise
15184496,-1,noise
15183760,-1,noise
11303344,-1,noise
11301002,-1,noise
113010000,-1,noise
11301015,-1,noise
11301013,-1,noise
11303334,-1,noise
154002,-1,noise
154003,-1,noise
14400400,-1,noise
70114369,-1,noise
89030,-1,noise
84700,-1,noise
2,-1,noise
390105,-1,noise
190166,-1,noise
81443,-1,noise
84840,-1,noise
18029980,-1,noise
18023696,-1,noise
990331,-1,noise
83600,-1,noise
340385,-1,noise
900047,-1,noise
52039980,-1,noise
34016,-1,noise
34015,-1,noise
34017,-1,noise
97235740,-1,noise
421802,-1,noise
920206,-1,noise
81013,-1,noise
900820,-1,noise
621456,-1,noise
80141,-1,noise
620037,-1,noise
5120,-1,noise
80557015,-1,noise
80531,-1,noise
805319,-1,noise
805291,-1,noise
80516120,-1,noise
50081,-1,noise
78255829,-1,noise
200150,-1,noise
85090,-1,noise
96455870,-1,noise
91123744,-1,noise
360312,-1,noise
10262,-1,noise
84373,-1,noise
32005,-1,noise
32003,-1,noise
83718,-1,noise
93425940,-1,noise
70174810,-1,noise
701754,-1,noise
31300,-1,noise
340083,-1,noise
330083,-1,noise
320083,-1,noise
370134,-1,noise
10660G,-1,noise
31310,-1,noise
930199801,-1,noise
60039980,-1,noise
50021270,-1,noise
900008,-1,noise
84380,-1,noise
85260,-1,noise
30510,-1,noise
74771000,-1,noise
91049980,-1,noise
30540,-1,noise
120447,-1,noise
37044,-1,noise
30530,-1,noise
12000L,-1,noise
37036,-1,noise
74771010,-1,noise
91019980,-1,noise
430835,-1,noise
31910,-1,noise
31911,-1,noise
25050,-1,noise
84470,-1,noise
11401320,-1,noise
11401876,-1,noise
85470,-1,noise
31330,-1,noise
50141800,-1,noise
96051,-1,noise
31200,-1,noise
31360,-1,noise
31361,-1,noise
85200,-1,noise
22080175,-1,noise
12345678,-1,noise
920213,-1,noise
120790599,-1,noise
45200,-1,noise
83093,-1,noise
18020103,-1,noise
19163740,-1,noise
19115590,-1,noise
19185350,-1,noise
18208100,-1,noise
42310,-1,noise
42302,-1,noise
42302,-1,noise
19133660,-1,noise
18230086,-1,noise
45080,-1,noise
42370,-1,noise
18200186,-1,noise
73073,-1,noise
SP1010,-1,noise
SP10263,-1,noise
SP1022,-1,noise
SP1033,-1,noise
SP1041,-1,noise
SP1029,-1,noise
190051,-1,noise
19111020,-1,noise
19134800,-1,noise
19711020,-1,noise
34095,-1,noise
455101,-1,noise
390369,-1,noise
19101010,-1,noise
57310640,-1,noise
49002430,-1,noise
99985,-1,noise
45060,-1,noise
390121,-1,noise
69004310,-1,noise
391001,-1,noise
78161789,-1,noise
78164369,-1,noise
450469,-1,noise
99604,-1,noise
620176,-1,noise
796071,-1,noise
220931,-1,noise
220893,-1,noise
22091,-1,noise
220912,-1,noise
22091602,-1,noise
58500630,-1,noise
71030,-1,noise
540355,-1,noise
12220,-1,noise
12001,-1,noise
71203,-1,noise
38201049,-1,noise
210216,-1,noise
20221,-1,noise
SP232,-1,noise
41801060,-1,noise
34330150,-1,noise
34310166,-1,noise
20204,-1,noise
20150,-1,noise
41192080,-1,noise
41219980,-1,noise
20201,-1,noise
40189990,-1,noise
210350,-1,noise
20200,-1,noise
210524,-1,noise
20083,-1,noise
13463,-1,noise
13485O,-1,noise
1831034,-1,noise
1831024,-1,noise
13485044,-1,noise
13468,-1,noise
210004,-1,noise
34328692,-1,noise
20450,-1,noise
210122,-1,noise
620911,-1,noise
210013,-1,noise
210420,-1,noise
82219980,-1,noise
34314085,-1,noise
620019,-1,noise
210129,-1,noise
SP2352,-1,noise
21200,-1,noise
620180,-1,noise
40142070,-1,noise
41139980,-1,noise
41249980,-1,noise
620121,-1,noise
210101,-1,noise
210006,-1,noise
210127,-1,noise
210250,-1,noise
13530,-1,noise
13485833,-1,noise
13414155,-1,noise
134142,-1,noise
1351899,-1,noise
1831047,-1,noise
1831025,-1,noise
134133,-1,noise
13529012,-1,noise
13501454,-1,noise
1352070,-1,noise
185131,-1,noise
131614,-1,noise
1831821Z,-1,noise
34100113,-1,noise
20205,-1,noise
210009,-1,noise
40109980,-1,noise
210240,-1,noise
210100,-1,noise
82214890,-1,noise
41409980,-1,noise
41149981,-1,noise
202261,-1,noise
SP1143,-1,noise
210020,-1,noise
99210,-1,noise
150080,-1,noise
150003,-1,noise
150002,-1,noise
16064496,-1,noise
16061875,-1,noise
340987,-1,noise
620017,-1,noise
80576,-1,noise
900028,-1,noise
747743,-1,noise
999928,-1,noise
84430,-1,noise
10161020,-1,noise
10162930,-1,noise
31086,-1,noise
620083,-1,noise
900010,-1,noise
293001,-1,noise
78525269,-1,noise
799096,-1,noise
20380,-1,noise
920299,-1,noise
620087,-1,noise
620088,-1,noise
620090,-1,noise
620127,-1,noise
792978,-1,noise
194310,-1,noise
741483,-1,noise
18004640,-1,noise
18003810,-1,noise
18003790,-1,noise
220001,-1,noise
97251900,-1,noise
U9550012,-1,noise
920275,-1,noise
22297757,-1,noise
390026,-1,noise
10344880,-1,noise
10341000,-1,noise
31410,-1,noise
900065,-1,noise
530160,-1,noise
721193,-1,noise
744848,-1,noise
34018,-1,noise
96602,-1,noise
2261422,-1,noise
269210,-1,noise
26927411,-1,noise
22110012,-1,noise
25269,-1,noise
22131124,-1,noise
22096NA,-1,noise
93014790,-1,noise
2209910,-1,noise
24808F,-1,noise
25269F,-1,noise
97175740,-1,noise
97205740,-1,noise
98022340,-1,noise
970030,-1,noise
970231,-1,noise
970034,-1,noise
970028,-1,noise
9670189,-1,noise
9670182,-1,noise
623487,-1,noise
290072,-1,noise
121701,-1,noise
85500,-1,noise
99999987,-1,noise
210597,-1,noise
50070,-1,noise
99009980,-1,noise
95230,-1,noise
901223,-1,noise
59049960,-1,noise
16049980,-1,noise
16043794,-1,noise
16041396,-1,noise
16043896,-1,noise
16041074,-1,noise
16041000,-1,noise
16403556,-1,noise
16041013,-1,noise
16141024,-1,noise
16044674,-1,noise
16041076,-1,noise
11193794,-1,noise
11194496,-1,noise
111911440,-1,noise
11183575,-1,noise
11191002,-1,noise
11194564,-1,noise
11191012,-1,noise
11191013,-1,noise
11291872,-1,noise
11193334,-1,noise
11291310,-1,noise
150060,-1,noise
158003,-1,noise
83770,-1,noise
96025,-1,noise
620021,-1,noise
620091,-1,noise
SP732,-1,noise
390224,-1,noise
390027,-1,noise
38569901,-1,noise
620092,-1,noise
610518,-1,noise
619975,-1,noise
710030,-1,noise
90346032,-1,noise
90346W,-1,noise
84002,-1,noise
85442,-1,noise
95182,-1,noise
95000,-1,noise
95071,-1,noise
95012,-1,noise
95112,-1,noise
95032,-1,noise
95070,-1,noise
95021,-1,noise
95022,-1,noise
84620,-1,noise
96030,-1,noise
96005,-1,noise
96008,-1,noise
610007,-1,noise
91098013,-1,noise
620022,-1,noise
611952,-1,noise
620024,-1,noise
900654,-1,noise
620098,-1,noise
620099,-1,noise
621546,-1,noise
207900021,-1,noise
207900041,-1,noise
622225,-1,noise
620101,-1,noise
97878950,-1,noise
40031060,-1,noise
190069,-1,noise
90614,-1,noise
920235,-1,noise
62232,-1,noise
62231,-1,noise
97595880,-1,noise
1319854,-1,noise
97642,-1,noise
621012,-1,noise
904345,-1,noise
750020,-1,noise
144301,-1,noise
620052,-1,noise
85271,-1,noise
83970,-1,noise
10133690,-1,noise
84371,-1,noise
620521,-1,noise
84311,-1,noise
180012,-1,noise
11123693,-1,noise
11123744,-1,noise
11121002,-1,noise
11121013,-1,noise
11121320,-1,noise
11121120,-1,noise
11125342,-1,noise
11123364,-1,noise
11122404,-1,noise
11121141,-1,noise
41691,-1,noise
190057,-1,noise
96002,-1,noise
84510,-1,noise
310162,-1,noise
620027,-1,noise
99333331,-1,noise
501390,-1,noise
83460,-1,noise
901212,-1,noise
22081012,-1,noise
74,-1,noise
75,-1,noise
85740,-1,noise
85730,-1,noise
85720,-1,noise
85710,-1,noise
591011,-1,noise
590013,-1,noise
20009980,-1,noise
420008,-1,noise
37862,-1,noise
12250977,-1,noise
32305,-1,noise
30045,-1,noise
121214,-1,noise
20085960,-1,noise
28009980,-1,noise
20015440,-1,noise
1200100,-1,noise
12262,-1,noise
51028002,-1,noise
51301400,-1,noise
30507,-1,noise
12244,-1,noise
1224424,-1,noise
1224440,-1,noise
12265,-1,noise
122521,-1,noise
20105960,-1,noise
20115960,-1,noise
12254801,-1,noise
51503000,-1,noise
18022470,-1,noise
121426,-1,noise
20285960,-1,noise
58957770,-1,noise
123232,-1,noise
12249006,-1,noise
57310630,-1,noise
57310681,-1,noise
57310631,-1,noise
36802,-1,noise
59990009,-1,noise
12257,-1,noise
37058,-1,noise
20059980,-1,noise
12186,-1,noise
18029210,-1,noise
34090,-1,noise
12258E1,-1,noise
54735760,-1,noise
54735780,-1,noise
12174886,-1,noise
59104210,-1,noise
12174879,-1,noise
30000,-1,noise
59124770,-1,noise
25092470,-1,noise
54956150,-1,noise
20031230,-1,noise
24029980,-1,noise
53255100,-1,noise
12322005,-1,noise
30055,-1,noise
427841,-1,noise
12322002,-1,noise
53943400,-1,noise
420019,-1,noise
59055121,-1,noise
30040,-1,noise
59055228,-1,noise
59319570,-1,noise
52301800,-1,noise
30041,-1,noise
59550030,-1,noise
21019980,-1,noise
21029980,-1,noise
21009980,-1,noise
120671,-1,noise
12009050,-1,noise
52142003,-1,noise
58525200,-1,noise
12086644,-1,noise
120898,-1,noise
12083,-1,noise
1208610,-1,noise
24019980,-1,noise
59885200,-1,noise
58652000,-1,noise
30162,-1,noise
420011,-1,noise
22029980,-1,noise
22029210,-1,noise
58104020,-1,noise
420772,-1,noise
45413,-1,noise
53235600,-1,noise
53610420,-1,noise
420019,-1,noise
30219,-1,noise
12270,-1,noise
420012,-1,noise
53610400,-1,noise
59568970,-1,noise
59568980,-1,noise
20041230,-1,noise
122615,-1,noise
1226122,-1,noise
20009981,-1,noise
90119980,-1,noise
95138000,-1,noise
19,-1,noise
84432,-1,noise
410062,-1,noise
150400001,-1,noise
55005480,-1,noise
55001040,-1,noise
55015780,-1,noise
55111220,-1,noise
55001470,-1,noise
55004590,-1,noise
55004870,-1,noise
55001220,-1,noise
55001850,-1,noise
900227,-1,noise
900027,-1,noise
31500,-1,noise
33000,-1,noise
412115,-1,noise
411502,-1,noise
84560,-1,noise
84921,-1,noise
50135,-1,noise
50130140,-1,noise
93693,-1,noise
990373,-1,noise
990323,-1,noise
99030,-1,noise
99508505,-1,noise
10301211,-1,noise
10301204,-1,noise
190101,-1,noise
50148132,-1,noise
50148,-1,noise
920280,-1,noise
97645880,-1,noise
97655880,-1,noise
96675880,-1,noise
1834240,-1,noise
10141000,-1,noise
10141050,-1,noise
10142930,-1,noise
10149980,-1,noise
10143350,-1,noise
50034870,-1,noise
50035780,-1,noise
50031220,-1,noise
40272680,-1,noise
1383412Z,-1,noise
78932559,-1,noise
78229980,-1,noise
78249989,-1,noise
60051,-1,noise
210544,-1,noise
78231509,-1,noise
97961900,-1,noise
44103570,-1,noise
44233570,-1,noise
44113570,-1,noise
44001010,-1,noise
44032080,-1,noise
44011060,-1,noise
44403570,-1,noise
44401920,-1,noise
44171010,-1,noise
44132030,-1,noise
44131980,-1,noise
44704510,-1,noise
44701010,-1,noise
44211700,-1,noise
44209980,-1,noise
44221060,-1,noise
83481,-1,noise
94381613,-1,noise
900011,-1,noise
907503,-1,noise
80001,-1,noise
78241529,-1,noise
78244369,-1,noise
97469,-1,noise
30571013,-1,noise
30571017,-1,noise
620062,-1,noise
95035035,-1,noise
180014,-1,noise
84222,-1,noise
82630,-1,noise
905221,-1,noise
11150,-1,noise
38861325,-1,noise
93556467,-1,noise
93668766,-1,noise
93100300,-1,noise
901265,-1,noise
83750,-1,noise
97873895,-1,noise
87770,-1,noise
30062,-1,noise
10369470,-1,noise
190120,-1,noise
920229,-1,noise
84400,-1,noise
746680,-1,noise
42040,-1,noise
42030,-1,noise
42050,-1,noise
42020,-1,noise
41980,-1,noise
43447151,-1,noise
50435113,-1,noise
43469301,-1,noise
43469321,-1,noise
43446830,-1,noise
23468241,-1,noise
43473061,-1,noise
43200016,-1,noise
41835071,-1,noise
43471361,-1,noise
43469381,-1,noise
43447136,-1,noise
43469501,-1,noise
43468081,-1,noise
43486642,-1,noise
43478601,-1,noise
43490053,-1,noise
43400232,-1,noise
43430150,-1,noise
43490093,-1,noise
41300010,-1,noise
620005,-1,noise
78259989,-1,noise
360335,-1,noise
83710,-1,noise
MISCR,-1,noise
MISCP,-1,noise
99999998,-1,noise
999019,-1,noise
168009,-1,noise
118017,-1,noise
128015,-1,noise
128016,-1,noise
168024,-1,noise
138009,-1,noise
168011,-1,noise
148017,-1,noise
83870,-1,noise
97483780,-1,noise
23,-1,noise
40171002,-1,noise
85190,-1,noise
25110,-1,noise
901398,-1,noise
190066,-1,noise
290560,-1,noise
22157,-1,noise
362007,-1,noise
2208810,-1,noise
85411,-1,noise
70194019,-1,noise
99126944,-1,noise
99124944,-1,noise
83371,-1,noise
85288,-1,noise
70194012,-1,noise
78964360,-1,noise
210528,-1,noise
78269989,-1,noise
78665829,-1,noise
91129,-1,noise
91135,-1,noise
84960,-1,noise
91127,-1,noise
59552302,-1,noise
59552310,-1,noise
92003930,-1,noise
92029980,-1,noise
92019980,-1,noise
45411,-1,noise
97994,-1,noise
99534,-1,noise
450210,-1,noise
450004,-1,noise
20761,-1,noise
10053330,-1,noise
40102080,-1,noise
50009980,-1,noise
60001080,-1,noise
60005620,-1,noise
88779,-1,noise
99200000,-1,noise
19991,-1,noise
420082,-1,noise
SPS27832,-1,noise
219102,-1,noise
NSF,-1,noise
24091,-1,noise
NSF,-1,noise
207900017,-1,noise
730442,-1,noise
84552,-1,noise
621215,-1,noise
73052020,-1,noise
78299983,-1,noise
620102,-1,noise
62094,-1,noise
71011,-1,noise
21054O99,-1,noise
73014369,-1,noise
73034969,-1,noise
73039989,-1,noise
73145419,-1,noise
73145229,-1,noise
73155419,-1,noise
73054736,-1,noise
93282,-1,noise
80296,-1,noise
84680,-1,noise
942190,-1,noise
710962,-1,noise
OA,-1,noise
7017242,-1,noise
70174012,-1,noise
7017451,-1,noise
701746,-1,noise
31600,-1,noise
70101500,-1,noise
70105829,-1,noise
94283,-1,noise
340084,-1,noise
620134,-1,noise
610121,-1,noise
610181,-1,noise
590604,-1,noise
620391,-1,noise
912801,-1,noise
16021050,-1,noise
150009,-1,noise
16023544,-1,noise
16024640,-1,noise
16023365,-1,noise
150006,-1,noise
16021074,-1,noise
16021010,-1,noise
16021013,-1,noise
16021874,-1,noise
84945,-1,noise
96775890,-1,noise
99910522,-1,noise
10421370,-1,noise
10401010,-1,noise
10393330,-1,noise
10391070,-1,noise
10393690,-1,noise
10391870,-1,noise
10391020,-1,noise
80163,-1,noise
83810,-1,noise
78389980,-1,noise
59055218,-1,noise
81001,-1,noise
410063,-1,noise
610018,-1,noise
9058,-1,noise
99900,-1,noise
83630,-1,noise
71007,-1,noise
71008,-1,noise
594369,-1,noise
540320,-1,noise
560020,-1,noise
96334740,-1,noise
99983210,-1,noise
99333330,-1,noise
99526T,-1,noise
83790,-1,noise
83793,-1,noise
85164,-1,noise
80590016,-1,noise
80590005,-1,noise
80590020,-1,noise
80590012,-1,noise
1832011,-1,noise
18ND085,-1,noise
22010V,-1,noise
357112,-1,noise
85220,-1,noise
31041,-1,noise
85020,-1,noise
13073693,-1,noise
13073390,-1,noise
31630,-1,noise
31645,-1,noise
31642,-1,noise
31680,-1,noise
501555,-1,noise
501385,-1,noise
40171010,-1,noise
38146235,-1,noise
38782501,-1,noise
78282829,-1,noise
23147745,-1,noise
22610800,-1,noise
390269,-1,noise
211022,-1,noise
398411,-1,noise
76127842,-1,noise
76111000,-1,noise
76127841,-1,noise
18030762,-1,noise
91148468,-1,noise
31004000,-1,noise
48041530,-1,noise
47041150,-1,noise
47054160,-1,noise
900085,-1,noise
900084,-1,noise
900046,-1,noise
20401,-1,noise
20400,-1,noise
39000305,-1,noise
20402,-1,noise
280017,-1,noise
50120142,-1,noise
83500,-1,noise
20486,-1,noise
84950,-1,noise
420180,-1,noise
84050,-1,noise
SP1118,-1,noise
90271013,-1,noise
90278000,-1,noise
9027510,-1,noise
90907,-1,noise
501572,-1,noise
290019,-1,noise
47264,-1,noise
SP1052,-1,noise
84120,-1,noise
88781,-1,noise
87525,-1,noise
99529,-1,noise
971120598,-1,noise
97484780,-1,noise
78915829,-1,noise
78329989,-1,noise
78624369,-1,noise
78311529,-1,noise
96675620,-1,noise
994036,-1,noise
38,-1,noise
24770,-1,noise
20026,-1,noise
SP2302,-1,noise
1317877,-1,noise
13175B,-1,noise
13170190,-1,noise
13170206,-1,noise
1316410,-1,noise
13176,-1,noise
13170172,-1,noise
13172,-1,noise
250350,-1,noise
20271,-1,noise
37080202,-1,noise
21864,-1,noise
21861,-1,noise
22230,-1,noise
21830,-1,noise
21832,-1,noise
1305456,-1,noise
21831,-1,noise
13050782,-1,noise
130502PE,-1,noise
230007,-1,noise
230002,-1,noise
35110000,-1,noise
13050127,-1,noise
21130,-1,noise
20238,-1,noise
13230,-1,noise
280200,-1,noise
20343,-1,noise
20344,-1,noise
1042710,-1,noise
SP218,-1,noise
SP2181,-1,noise
20570,-1,noise
SP221,-1,noise
20630,-1,noise
260109,-1,noise
31002000,-1,noise
260009,-1,noise
124578,-1,noise
260007,-1,noise
20051,-1,noise
260004,-1,noise
260006,-1,noise
260008,-1,noise
260005,-1,noise
39000030,-1,noise
13220,-1,noise
13329010,-1,noise
13328993,-1,noise
133278,-1,noise
1332878,-1,noise
1332897A,-1,noise
13328880,-1,noise
13328890,-1,noise
13332307,-1,noise
1332920,-1,noise
32112110,-1,noise
33716001,-1,noise
33721215,-1,noise
207900016,-1,noise
240069,-1,noise
240681,-1,noise
SP213,-1,noise
240078,-1,noise
13328979,-1,noise
1302614,-1,noise
13328915,-1,noise
290200,-1,noise
240100,-1,noise
292200,-1,noise
13212101,-1,noise
39101000,-1,noise
290236,-1,noise
31030002,-1,noise
13208202,-1,noise
20241,-1,noise
132097,-1,noise
39009000,-1,noise
33040005,-1,noise
13214,-1,noise
13212,-1,noise
132081,-1,noise
13208887,-1,noise
13208CU,-1,noise
1320814,-1,noise
13208124,-1,noise
13208885,-1,noise
39000129,-1,noise
920245,-1,noise
39000126,-1,noise
39000110,-1,noise
20250,-1,noise
290099,-1,noise
36111000,-1,noise
38121000,-1,noise
38121003,-1,noise
290805,-1,noise
1300390,-1,noise
13003,-1,noise
41219980,-1,noise
1301310,-1,noise
34214354,-1,noise
40189990,-1,noise
34216707,-1,noise
34405300,-1,noise
34391509,-1,noise
34890100,-1,noise
34955507,-1,noise
34260807,-1,noise
13136983,-1,noise
131369,-1,noise
34924889,-1,noise
34924888,-1,noise
20420,-1,noise
132103,-1,noise
13209I,-1,noise
34405911,-1,noise
34405910,-1,noise
SP252,-1,noise
41272010,-1,noise
41274160,-1,noise
41273350,-1,noise
41271920,-1,noise
41279980,-1,noise
292258,-1,noise
20530,-1,noise
31020000,-1,noise
20310,-1,noise
20490,-1,noise
34000000,-1,noise
39000112,-1,noise
13216P,-1,noise
1325,-1,noise
13219P,-1,noise
20510,-1,noise
33010200,-1,noise
33018222,-1,noise
33030000,-1,noise
32100134,-1,noise
32000210,-1,noise
32840000,-1,noise
1305682,-1,noise
13056045,-1,noise
13056066,-1,noise
13076,-1,noise
13066S1,-1,noise
13066067,-1,noise
13066458,-1,noise
13066072,-1,noise
1306619,-1,noise
13069044,-1,noise
13184,-1,noise
13073,-1,noise
13188,-1,noise
13084212,-1,noise
13191,-1,noise
SP223,-1,noise
240750,-1,noise
21112,-1,noise
33040000,-1,noise
33110000,-1,noise
33158000,-1,noise
240004,-1,noise
33410001,-1,noise
33028500,-1,noise
33716650,-1,noise
33714001,-1,noise
33716000,-1,noise
33716011,-1,noise
33714659,-1,noise
33990002,-1,noise
33726010,-1,noise
33721200,-1,noise
33726250,-1,noise
33044001,-1,noise
13017971,-1,noise
1301200,-1,noise
240006,-1,noise
240147,-1,noise
240005,-1,noise
20002,-1,noise
250300,-1,noise
250225,-1,noise
240095,-1,noise
39909000,-1,noise
240001,-1,noise
13055687,-1,noise
13066073,-1,noise
13073A,-1,noise
13084212,-1,noise
1301058,-1,noise
130813,-1,noise
33027500,-1,noise
39000190,-1,noise
39000933,-1,noise
39000200,-1,noise
39000210,-1,noise
34751220,-1,noise
270001,-1,noise
30113040,-1,noise
290208,-1,noise
34664021,-1,noise
34200010,-1,noise
SP10055,-1,noise
SP10052,-1,noise
39630716,-1,noise
20130,-1,noise
33010000,-1,noise
35213905,-1,noise
32200100,-1,noise
32110150,-1,noise
32020080,-1,noise
32002090,-1,noise
32113160,-1,noise
250006,-1,noise
32300000,-1,noise
32440000,-1,noise
250022,-1,noise
207900042,-1,noise
250330,-1,noise
32860000,-1,noise
32870000,-1,noise
32790030,-1,noise
32500002,-1,noise
32500000,-1,noise
39000230,-1,noise
620104,-1,noise
86690,-1,noise
38518007,-1,noise
SP2616,-1,noise
207900026,-1,noise
38746931,-1,noise
39000240,-1,noise
220187,-1,noise
220335,-1,noise
220609,-1,noise
21829,-1,noise
13055574,-1,noise
13039I3,-1,noise
1303912,-1,noise
1303924,-1,noise
13001191,-1,noise
13034IN,-1,noise
13034SW,-1,noise
25864085,-1,noise
130358,-1,noise
91245630,-1,noise
9120911,-1,noise
31030001,-1,noise
31031002,-1,noise
31001001,-1,noise
31010000,-1,noise
34400295,-1,noise
290035,-1,noise
SP222,-1,noise
20074,-1,noise
39630718,-1,noise
86334,-1,noise
20110,-1,noise
13208775,-1,noise
22240,-1,noise
22247,-1,noise
22246,-1,noise
20511,-1,noise
132019,-1,noise
20330,-1,noise
39000271,-1,noise
250503,-1,noise
13177185,-1,noise
250040,-1,noise
13123024,-1,noise
131771,-1,noise
20140,-1,noise
32200490,-1,noise
32200300,-1,noise
45031250,-1,noise
13208255,-1,noise
39000280,-1,noise
13208206,-1,noise
290110,-1,noise
290240,-1,noise
290202,-1,noise
290241,-1,noise
22250,-1,noise
290201,-1,noise
240016,-1,noise
1311768,-1,noise
1311908,-1,noise
132192,-1,noise
39000360,-1,noise
39000335,-1,noise
20011,-1,noise
39000380,-1,noise
132991,-1,noise
47072080,-1,noise
13208B,-1,noise
13172012,-1,noise
13210SB,-1,noise
13192PK,-1,noise
13192999,-1,noise
13045A,-1,noise
13045D,-1,noise
1303011,-1,noise
22019019,-1,noise
74153,-1,noise
144164,-1,noise
144181,-1,noise
144299,-1,noise
144204,-1,noise
84940,-1,noise
190130,-1,noise
1329914,-1,noise
90271131,-1,noise
84450,-1,noise
190163,-1,noise
20306,-1,noise
96537379,-1,noise
10000000,-1,noise
5013062,-1,noise
190096,-1,noise
920228,-1,noise
410064,-1,noise
410069,-1,noise
999998,-1,noise
86130,-1,noise
240067,-1,noise
240011,-1,noise
22228994,-1,noise
22228,-1,noise
390222,-1,noise
390012,-1,noise
392001,-1,noise
293030,-1,noise
138724,-1,noise
188368,-1,noise
A6,-1,noise
10201,-1,noise
77533360,-1,noise
10202,-1,noise
19291,-1,noise
968206,-1,noise
1478,-1,noise
78545000,-1,noise
78545600,-1,noise
32110,-1,noise
20144A,-1,noise
98009980,-1,noise
450021,-1,noise
31690,-1,noise
620894,-1,noise
620105,-1,noise
97725830,-1,noise
82340,-1,noise
81340,-1,noise
598023,-1,noise
904535,-1,noise
10389980,-1,noise
10371310,-1,noise
91160134,-1,noise
22305,-1,noise
12120,-1,noise
720797,-1,noise
620007,-1,noise
908105,-1,noise
590002,-1,noise
590004,-1,noise
233055,-1,noise
45074700,-1,noise
45129990,-1,noise
161010,-1,noise
250010,-1,noise
190224,-1,noise
250250,-1,noise
45081061,-1,noise
45083350,-1,noise
45081060,-1,noise
45071830,-1,noise
45081560,-1,noise
450799809,-1,noise
82000,-1,noise
82170,-1,noise
17151002,-1,noise
17119984,-1,noise
17111120,-1,noise
17111130,-1,noise
164117,-1,noise
17325381,-1,noise
160009,-1,noise
161002,-1,noise
164098,-1,noise
168001,-1,noise
160419,-1,noise
17213690,-1,noise
165001,-1,noise
164005,-1,noise
17111876,-1,noise
161003,-1,noise
17113680,-1,noise
160811,-1,noise
17091177,-1,noise
168004,-1,noise
160001,-1,noise
160280,-1,noise
207900011,-1,noise
17193574,-1,noise
17131090,-1,noise
167050,-1,noise
54963,-1,noise
250005,-1,noise
250003,-1,noise
250270,-1,noise
250001,-1,noise
299025,-1,noise
84520,-1,noise
82552,-1,noise
85250,-1,noise
84280,-1,noise
90609,-1,noise
92280100,-1,noise
18062765,-1,noise
626789,-1,noise
20018996,-1,noise
20018994,-1,noise
20018999,-1,noise
20018990,-1,noise
1832602Z,-1,noise
20019000,-1,noise
20023,-1,noise
20027,-1,noise
9116902,-1,noise
95180,-1,noise
10140,-1,noise
900222,-1,noise
906004,-1,noise
8906,-1,noise
906006,-1,noise
83631,-1,noise
35,-1,noise
92401900,-1,noise
624894,-1,noise
621234,-1,noise
25252,-1,noise
174061,-1,noise
78332219,-1,noise
170000,-1,noise
11033334,-1,noise
97031,-1,noise
43461301,-1,noise
95505146,-1,noise
711612,-1,noise
720575,-1,noise
95405,-1,noise
112999,-1,noise
20383,-1,noise
20385,-1,noise
50PT19,-1,noise
224411,-1,noise
38447600,-1,noise
38116066,-1,noise
220831,-1,noise
98031640,-1,noise
99992,-1,noise
71200,-1,noise
911681,-1,noise
9020184,-1,noise
90273,-1,noise
94016,-1,noise
84341,-1,noise
84340,-1,noise
12345677,-1,noise
920231,-1,noise
96374740,-1,noise
920220,-1,noise
22010,-1,noise
96033,-1,noise
78522219,-1,noise
9620217,-1,noise
91021,-1,noise
90342015,-1,noise
22080214,-1,noise
911685,-1,noise
90342018,-1,noise
18030760,-1,noise
501387,-1,noise
13946A,-1,noise
139161,-1,noise
38100141,-1,noise
14036AN,-1,noise
13968862,-1,noise
38230061,-1,noise
38278703,-1,noise
38221330,-1,noise
38231349,-1,noise
38219903,-1,noise
38524250,-1,noise
28705000,-1,noise
28721217,-1,noise
13939A,-1,noise
38971809,-1,noise
22251,-1,noise
2000B,-1,noise
139765,-1,noise
34065,-1,noise
38500000,-1,noise
38516709,-1,noise
38569900,-1,noise
38553017,-1,noise
38529000,-1,noise
38895950,-1,noise
38760180,-1,noise
28175459,-1,noise
20472,-1,noise
13920999,-1,noise
13968863,-1,noise
1402906,-1,noise
38570200,-1,noise
38760185,-1,noise
13912594,-1,noise
97425840,-1,noise
13946,-1,noise
97375840,-1,noise
97445840,-1,noise
97495850,-1,noise
34080,-1,noise
34075,-1,noise
13914,-1,noise
13920550,-1,noise
13968985,-1,noise
13968,-1,noise
14014,-1,noise
13928878,-1,noise
38801629,-1,noise
38918413,-1,noise
13918,-1,noise
13991,-1,noise
13920554,-1,noise
34081,-1,noise
34045,-1,noise
34043,-1,noise
38944590,-1,noise
38910730,-1,noise
38910801,-1,noise
38325250,-1,noise
13917,-1,noise
38569800,-1,noise
34048,-1,noise
10261390,-1,noise
701758,-1,noise
70860,-1,noise
70880,-1,noise
61071,-1,noise
61040,-1,noise
71840,-1,noise
78371529,-1,noise
53152,-1,noise
80159000,-1,noise
80568490,-1,noise
80245040,-1,noise
80149800,-1,noise
80778900,-1,noise
80336700,-1,noise
80336900,-1,noise
80300020,-1,noise
78595829,-1,noise
78391529,-1,noise
80210,-1,noise
78391789,-1,noise
80457890,-1,noise
80719000,-1,noise
80364100,-1,noise
80314000,-1,noise
80608000,-1,noise
81080057,-1,noise
80772500,-1,noise
80521000,-1,noise
900002,-1,noise
95035020,-1,noise
9503524,-1,noise
70010,-1,noise
13700510,-1,noise
20605570,-1,noise
33080140,-1,noise
91110,-1,noise
905300,-1,noise
97185750,-1,noise
15023794,-1,noise
15023795,-1,noise
15031000,-1,noise
15021003,-1,noise
15021875,-1,noise
15023600,-1,noise
15021144,-1,noise
15023810,-1,noise
15021130,-1,noise
141003,-1,noise
144016,-1,noise
124001,-1,noise
16054541,-1,noise
16051055,-1,noise
13185004,-1,noise
16055066,-1,noise
16053896,-1,noise
16053746,-1,noise
13185013,-1,noise
16051590,-1,noise
16051070,-1,noise
16053770,-1,noise
16051074,-1,noise
144972,-1,noise
71206,-1,noise
70810,-1,noise
83482,-1,noise
212341,-1,noise
21234T,-1,noise
SP546,-1,noise
81200,-1,noise
21226,-1,noise
21249,-1,noise
90101,-1,noise
2122410,-1,noise
212321,-1,noise
21201A,-1,noise
74044360,-1,noise
74014369,-1,noise
74994369,-1,noise
74114360,-1,noise
74131105,-1,noise
74524759,-1,noise
74111501,-1,noise
74114759,-1,noise
74191109,-1,noise
74204370,-1,noise
74202579,-1,noise
74111500,-1,noise
74161109,-1,noise
74169989,-1,noise
74145679,-1,noise
74145589,-1,noise
74709989,-1,noise
74514759,-1,noise
74553489,-1,noise
74564360,-1,noise
74229989,-1,noise
74825409,-1,noise
74221269,-1,noise
74229985,-1,noise
74324360,-1,noise
74231269,-1,noise
74244360,-1,noise
72234369,-1,noise
74241529,-1,noise
74245689,-1,noise
74275199,-1,noise
74274360,-1,noise
74301269,-1,noise
74319989,-1,noise
74312009,-1,noise
74335529,-1,noise
74791387,-1,noise
74335539,-1,noise
74365559,-1,noise
74601387,-1,noise
74601509,-1,noise
74429989,-1,noise
74423947,-1,noise
74449980,-1,noise
74434999,-1,noise
74435569,-1,noise
74469980,-1,noise
74504360,-1,noise
74509981,-1,noise
74481109,-1,noise
74504399,-1,noise
74454369,-1,noise
74455030,-1,noise
74492109,-1,noise
74804360,-1,noise
74474360,-1,noise
74195829,-1,noise
74265829,-1,noise
80212500,-1,noise
74641645,-1,noise
900018,-1,noise
144110,-1,noise
44301940,-1,noise
141000,-1,noise
144002,-1,noise
44271010,-1,noise
140881,-1,noise
141002,-1,noise
141004,-1,noise
140389,-1,noise
280512,-1,noise
620138,-1,noise
40151330,-1,noise
37680203,-1,noise
18063765,-1,noise
97435840,-1,noise
SP801,-1,noise
SP1900,-1,noise
999410,-1,noise
231822,-1,noise
18066765,-1,noise
18065765,-1,noise
741727,-1,noise
740082,-1,noise
613408,-1,noise
82381440,-1,noise
83009980,-1,noise
97051900,-1,noise
82065810,-1,noise
4066,-1,noise
82115480,-1,noise
82112720,-1,noise
82127939,-1,noise
20262,-1,noise
20234,-1,noise
11081,-1,noise
75005829,-1,noise
75014369,-1,noise
75089989,-1,noise
75021739,-1,noise
75081789,-1,noise
51012,-1,noise
31800,-1,noise
99915015,-1,noise
410126,-1,noise
96384740,-1,noise
920230,-1,noise
220046,-1,noise
22PC15Z,-1,noise
97255700,-1,noise
97103106,-1,noise
34040,-1,noise
86692,-1,noise
903980,-1,noise
84203,-1,noise
82391,-1,noise
93232390,-1,noise
95138010,-1,noise
78482218,-1,noise
78484369,-1,noise
45032200,-1,noise
45001150,-1,noise
45011150,-1,noise
45021060,-1,noise
350245,-1,noise
190040,-1,noise
18071014,-1,noise
190550,-1,noise
410073,-1,noise
900805,-1,noise
598243,-1,noise
23010000,-1,noise
990335,-1,noise
99034,-1,noise
20254,-1,noise
20263,-1,noise
97095,-1,noise
95190,-1,noise
369030,-1,noise
31932,-1,noise
83480,-1,noise
78134369,-1,noise
84370,-1,noise
84372,-1,noise
97415840,-1,noise
45041480,-1,noise
45043630,-1,noise
45049990,-1,noise
59,-1,noise
190777,-1,noise
190134,-1,noise
190075,-1,noise
140035,-1,noise
190250,-1,noise
144004,-1,noise
920210,-1,noise
91400,-1,noise
91100,-1,noise
92200,-1,noise
84402,-1,noise
52023430,-1,noise
40045930,-1,noise
40045490,-1,noise
40041010,-1,noise
STORA,-1,noise
410074,-1,noise
410180,-1,noise
420040,-1,noise
83590,-1,noise
96001,-1,noise
50141036,-1,noise
15073794,-1,noise
15041002,-1,noise
15071004,-1,noise
15041490,-1,noise
15041056,-1,noise
15041174,-1,noise
15043550,-1,noise
15043563,-1,noise
15041090,-1,noise
15043370,-1,noise
15044640,-1,noise
15043810,-1,noise
15043700,-1,noise
15041130,-1,noise
15041876,-1,noise
15042401,-1,noise
15041001,-1,noise
15042260,-1,noise
15041076,-1,noise
15045710,-1,noise
15041876,-1,noise
15241014,-1,noise
143010,-1,noise
143021,-1,noise
148860,-1,noise
144011,-1,noise
141010,-1,noise
148013,-1,noise
144515,-1,noise
141032,-1,noise
142110,-1,noise
143140,-1,noise
144199,-1,noise
140301,-1,noise
144015,-1,noise
148981,-1,noise
140009,-1,noise
140072,-1,noise
207900013,-1,noise
390013,-1,noise
907512,-1,noise
9999985,-1,noise
88000,-1,noise
91195,-1,noise
88060,-1,noise
31801,-1,noise
96310,-1,noise
920208,-1,noise
920222,-1,noise
310543,-1,noise
907501,-1,noise
77129989,-1,noise
77115609,-1,noise
88030,-1,noise
82520,-1,noise
81090,-1,noise
30222,-1,noise
79011699,-1,noise
79011549,-1,noise
79075809,-1,noise
88130,-1,noise
999025,-1,noise
340999,-1,noise
620075,-1,noise
750051,-1,noise
85166,-1,noise
91097466,-1,noise
4707,-1,noise
408720,-1,noise
15029980,-1,noise
15029990,-1,noise
143001,-1,noise
900005,-1,noise
190045,-1,noise
60021350,-1,noise
70236C,-1,noise
SP111B,-1,noise
63942,-1,noise
97390,-1,noise
96061,-1,noise
900001,-1,noise
84630,-1,noise
145050,-1,noise
15223530,-1,noise
15223520,-1,noise
140089,-1,noise
15221164,-1,noise
15221024,-1,noise
15221876,-1,noise
15222401,-1,noise
15221130,-1,noise
140125,-1,noise
140045,-1,noise
44322090,-1,noise
44321300,-1,noise
44323350,-1,noise
44324430,-1,noise
140249,-1,noise
52311040,-1,noise
52015540,-1,noise
4097,-1,noise
96424740,-1,noise
TEST,-1,noise
31080,-1,noise
84660,-1,noise
990305,-1,noise
920295,-1,noise
990307,-1,noise
920296,-1,noise
920297,-1,noise
920301,-1,noise
920302,-1,noise
929304,-1,noise
84505,-1,noise
56005540,-1,noise
207900002,-1,noise
56001010,-1,noise
56004020,-1,noise
56004800,-1,noise
430152,-1,noise
191220,-1,noise
190049,-1,noise
742257,-1,noise
741011,-1,noise
625269,-1,noise
754018,-1,noise
623069,-1,noise
752700,-1,noise
724050,-1,noise
744005,-1,noise
744410,-1,noise
741285,-1,noise
754016,-1,noise
743024,-1,noise
89102,-1,noise
80772400,-1,noise
80803580,-1,noise
80240,-1,noise
80223,-1,noise
76001109,-1,noise
540351,-1,noise
80022,-1,noise
71204,-1,noise
81040,-1,noise
81050,-1,noise
76174369,-1,noise
76524360,-1,noise
76014170,-1,noise
76015809,-1,noise
76013499,-1,noise
76014750,-1,noise
76021459,-1,noise
76034979,-1,noise
76034369,-1,noise
76053509,-1,noise
76075452,-1,noise
76071649,-1,noise
76159989,-1,noise
76189989,-1,noise
76169989,-1,noise
96024,-1,noise
11500,-1,noise
17131160,-1,noise
22080200,-1,noise
94332800,-1,noise
96544551,-1,noise
25431,-1,noise
10183860,-1,noise
10181140,-1,noise
10173760,-1,noise
10174650,-1,noise
10171080,-1,noise
10191070,-1,noise
10194490,-1,noise
10209980,-1,noise
10211720,-1,noise
10214980,-1,noise
10461000,-1,noise
10504810,-1,noise
140077,-1,noise
240341,-1,noise
170006,-1,noise
15101214,-1,noise
15103694,-1,noise
15103794,-1,noise
15101012,-1,noise
15101011,-1,noise
15101024,-1,noise
15101874,-1,noise
15111876,-1,noise
15103354,-1,noise
15103563,-1,noise
95160,-1,noise
15101876,-1,noise
90282014,-1,noise
9028003,-1,noise
90280014,-1,noise
94184860,-1,noise
901343,-1,noise
9028017,-1,noise
96354740,-1,noise
84642,-1,noise
10030,-1,noise
19440034,-1,noise
84190,-1,noise
15203794,-1,noise
15205473,-1,noise
15201590,-1,noise
900035,-1,noise
18011010,-1,noise
48052080,-1,noise
10241050,-1,noise
10241370,-1,noise
181888,-1,noise
18188713,-1,noise
181885,-1,noise
180111,-1,noise
18188714,-1,noise
181897,-1,noise
1803219,-1,noise
18045,-1,noise
18011T,-1,noise
1818889,-1,noise
18040101,-1,noise
182014,-1,noise
182013,-1,noise
1822814,-1,noise
18210789,-1,noise
18210788,-1,noise
18212,-1,noise
18220NB,-1,noise
1786377,-1,noise
18229N,-1,noise
18228N,-1,noise
1899176,-1,noise
18190,-1,noise
18304,-1,noise
181811,-1,noise
1832980,-1,noise
18030,-1,noise
1832206,-1,noise
1832247,-1,noise
1838101,-1,noise
1832209Z,-1,noise
18363,-1,noise
1811080,-1,noise
18228MI,-1,noise
1823506,-1,noise
182292,-1,noise
18222734,-1,noise
1800194,-1,noise
18224885,-1,noise
18224757,-1,noise
1822680,-1,noise
18250TV1,-1,noise
18252,-1,noise
18265,-1,noise
18204014,-1,noise
18215,-1,noise
96050,-1,noise
80773100,-1,noise
DIESEL,-1,noise
84221,-1,noise
80060,-1,noise
80063,-1,noise
78419969,-1,noise
78422179,-1,noise
78424369,-1,noise
10001056,-1,noise
41129350,-1,noise
42301146,-1,noise
41501900,-1,noise
41218603,-1,noise
391036,-1,noise
43400693,-1,noise
41800700,-1,noise
41611480,-1,noise
41312400,-1,noise
311777,-1,noise
41611514,-1,noise
391990,-1,noise
311040,-1,noise
311121,-1,noise
971117598,-1,noise
41251060,-1,noise
971116598,-1,noise
43446678,-1,noise
97125740,-1,noise
43461240,-1,noise
43463001,-1,noise
41850200,-1,noise
41742400,-1,noise
311030,-1,noise
43400792,-1,noise
43485321,-1,noise
SP400,-1,noise
43478101,-1,noise
43468172,-1,noise
41422210,-1,noise
41723550,-1,noise
41723850,-1,noise
41404000,-1,noise
41404004,-1,noise
41531030,-1,noise
41561886,-1,noise
321122,-1,noise
11082,-1,noise
41445930,-1,noise
41385000,-1,noise
96735620,-1,noise
41701262,-1,noise
41320030,-1,noise
331001,-1,noise
43350712,-1,noise
11070,-1,noise
97665880,-1,noise
41609020,-1,noise
SP450,-1,noise
41430160,-1,noise
11045,-1,noise
48000124,-1,noise
48000123,-1,noise
207900019,-1,noise
41350050,-1,noise
41350040,-1,noise
41117200,-1,noise
11050,-1,noise
11080,-1,noise
43210012,-1,noise
11410,-1,noise
41300140,-1,noise
41300000,-1,noise
341122,-1,noise
11102,-1,noise
11104,-1,noise
SP4033,-1,noise
41802110,-1,noise
41803118,-1,noise
361118,-1,noise
11043,-1,noise
11042,-1,noise
371122,-1,noise
361000,-1,noise
361280,-1,noise
41801801,-1,noise
41802300,-1,noise
41802100,-1,noise
41803200,-1,noise
41801500,-1,noise
31870,-1,noise
25250,-1,noise
610269,-1,noise
70000,-1,noise
85460,-1,noise
12100415,-1,noise
83430,-1,noise
12100222,-1,noise
17100513,-1,noise
20305041,-1,noise
21170270,-1,noise
23119999,-1,noise
24565468,-1,noise
29315000,-1,noise
37880501,-1,noise
5054,-1,noise
41704200,-1,noise
620112,-1,noise
620042,-1,noise
620113,-1,noise
620044,-1,noise
620114,-1,noise
620045,-1,noise
620046,-1,noise
620072,-1,noise
620116,-1,noise
620105,-1,noise
620117,-1,noise
620047,-1,noise
620048,-1,noise
620061,-1,noise
620053,-1,noise
620092,-1,noise
620101,-1,noise
620049,-1,noise
620050,-1,noise
620074,-1,noise
41548910,-1,noise
67830100,-1,noise
61120202,-1,noise
65418060,-1,noise
11129,-1,noise
104423,-1,noise
10442,-1,noise
62144704,-1,noise
61120021,-1,noise
61310500,-1,noise
61120020,-1,noise
11218776,-1,noise
63340040,-1,noise
11199E1,-1,noise
1121252,-1,noise
90013,-1,noise
11210682,-1,noise
11210675,-1,noise
11210679,-1,noise
68191800,-1,noise
11156801,-1,noise
11229015,-1,noise
1117480,-1,noise
11173GZ,-1,noise
63314040,-1,noise
68151008,-1,noise
61528092,-1,noise
64200194,-1,noise
61286802,-1,noise
68990770,-1,noise
62410020,-1,noise
62446160,-1,noise
410088,-1,noise
62437040,-1,noise
90006,-1,noise
62446170,-1,noise
68180050,-1,noise
90015,-1,noise
68585090,-1,noise
63348040,-1,noise
64151060,-1,noise
411864,-1,noise
1121253,-1,noise
30119980,-1,noise
30216040,-1,noise
30139980,-1,noise
30154940,-1,noise
30009980,-1,noise
80225012,-1,noise
86030,-1,noise
94907300,-1,noise
93507540,-1,noise
94711100,-1,noise
SP1050,-1,noise
SPV1052,-1,noise
SPV1053,-1,noise
99998,-1,noise
457091,-1,noise
457103,-1,noise
91279955,-1,noise
79113004,-1,noise
79113112,-1,noise
457018,-1,noise
79113111,-1,noise
84070,-1,noise
750120,-1,noise
83361,-1,noise
22387890,-1,noise
12000500,-1,noise
138296,-1,noise
118350,-1,noise
168321,-1,noise
78204369,-1,noise
84501,-1,noise
86480,-1,noise
906032,-1,noise
25251,-1,noise
620124,-1,noise
620125,-1,noise
312025,-1,noise
1242,-1,noise
84641,-1,noise
30354,-1,noise
94000,-1,noise
78682609,-1,noise
78459989,-1,noise
78441619,-1,noise
84651,-1,noise
84011,-1,noise
62070,-1,noise
12032670,-1,noise
83210,-1,noise
93009980,-1,noise
360049,-1,noise
91001530,-1,noise
390812,-1,noise
40029980,-1,noise
40039980,-1,noise
40009980,-1,noise
399026,-1,noise
52065540,-1,noise
451025,-1,noise
453110,-1,noise
72235648,-1,noise
72710001,-1,noise
451010,-1,noise
454103,-1,noise
451051,-1,noise
54043390,-1,noise
54055770,-1,noise
54041040,-1,noise
540099800,-1,noise
54055510,-1,noise
54001340,-1,noise
54035120,-1,noise
370006,-1,noise
54121470,-1,noise
54051580,-1,noise
54041010,-1,noise
54005110,-1,noise
54051360,-1,noise
54001640,-1,noise
54003610,-1,noise
54001010,-1,noise
54001280,-1,noise
54004870,-1,noise
930199800,-1,noise
54002960,-1,noise
64005390,-1,noise
64009200,-1,noise
64001640,-1,noise
450022,-1,noise
52184800,-1,noise
52299980,-1,noise
10001,-1,noise
10001,-1,noise
52004870,-1,noise
52005290,-1,noise
52101280,-1,noise
52003390,-1,noise
52174930,-1,noise
91206,-1,noise
620126,-1,noise
P118S5,-1,noise
501302,-1,noise
CS138027,-1,noise
99506,-1,noise
CS122615,-1,noise
84320,-1,noise
ZVMSVO2,-1,noise
ZVMSVO1,-1,noise
10416109,-1,noise
1397050,-1,noise
178615,-1,noise
13066064,-1,noise
13123026,-1,noise
11321400,-1,noise
