product_code,cluster,cluster_id
920207,-1,noise
184001,-1,noise
89042,-1,noise
95032680,-1,noise
95002680,-1,noise
31311,-1,noise
41254159,-1,noise
13199427,-1,noise
211711,-1,noise
62720,-1,noise
84600,-1,noise
84610,-1,noise
590012,-1,noise
70780,-1,noise
71009,-1,noise
18130181,-1,noise
20480,-1,noise
454050,-1,noise
41,-1,noise
250366,-1,noise
73820,-1,noise
72820,-1,noise
72830,-1,noise
71571,-1,noise
72010,-1,noise
72012,-1,noise
45,-1,noise
62730,-1,noise
84110,-1,noise
84091,-1,noise
84092,-1,noise
520023,-1,noise
84090,-1,noise
70871,-1,noise
620056,-1,noise
72130,-1,noise
70300,-1,noise
70020,-1,noise
1220,-1,noise
84410,-1,noise
56,-1,noise
24565868,-1,noise
532630,-1,noise
71050,-1,noise
78005,-1,noise
71910,-1,noise
620032,-1,noise
40,-1,noise
745123,-1,noise
30200,-1,noise
72081,-1,noise
71180,-1,noise
72321,-1,noise
72360,-1,noise
72180,-1,noise
72322,-1,noise
72330,-1,noise
38210130,-1,noise
310130,-1,noise
620051,-1,noise
620033,-1,noise
620061,-1,noise
620662,-1,noise
620164,-1,noise
620058,-1,noise
620059,-1,noise
32,-1,noise
99995,-1,noise
72272,-1,noise
70160,-1,noise
140241,-1,noise
85440,-1,noise
85441,-1,noise
590034,-1,noise
590304,-1,noise
62750,-1,noise
62740,-1,noise
190444,-1,noise
88134,-1,noise
22177240,-1,noise
621032,-1,noise
550030,-1,noise
620558,-1,noise
19990550,-1,noise
180034,-1,noise
70700,-1,noise
72630,-1,noise
78011,-1,noise
72150,-1,noise
720527,-1,noise
720008,-1,noise
11018,-1,noise
590068,-1,noise
70760,-1,noise
72670,-1,noise
99999997,-1,noise
70770,-1,noise
71260,-1,noise
70830,-1,noise
78014,-1,noise
190732,-1,noise
190731,-1,noise
450083,-1,noise
52301220,-1,noise
399810,-1,noise
83090,-1,noise
83470,-1,noise
451047,-1,noise
190090,-1,noise
73550,-1,noise
71590,-1,noise
70560,-1,noise
88782,-1,noise
620034,-1,noise
96041,-1,noise
ADJ,-1,noise
94084730,-1,noise
900076,-1,noise
94705080,-1,noise
55663,-1,noise
83370,-1,noise
740888,-1,noise
81010,-1,noise
920266,-1,noise
6,-1,noise
920203,-1,noise
10000001,-1,noise
920205,-1,noise
22080182,-1,noise
22080217,-1,noise
96622900,-1,noise
85240,-1,noise
84243,-1,noise
85242,-1,noise
31000,-1,noise
38173188,-1,noise
86700,-1,noise
190303,-1,noise
190313,-1,noise
40172008,-1,noise
31010,-1,noise
96531220,-1,noise
83990,-1,noise
720115,-1,noise
610001,-1,noise
50140201,-1,noise
96404740,-1,noise
80019,-1,noise
13159984,-1,noise
13153790,-1,noise
190067,-1,noise
31020,-1,noise
50133403,-1,noise
420320,-1,noise
420260,-1,noise
620941,-1,noise
50130593,-1,noise
440150,-1,noise
620148,-1,noise
620169,-1,noise
44525240,-1,noise
44622090,-1,noise
84650,-1,noise
62052,-1,noise
280140,-1,noise
33662008,-1,noise
250125,-1,noise
250020,-1,noise
240340,-1,noise
82185810,-1,noise
44341150,-1,noise
44341570,-1,noise
17203334,-1,noise
17203574,-1,noise
17201024,-1,noise
44442080,-1,noise
44343630,-1,noise
44341980,-1,noise
44341060,-1,noise
17203694,-1,noise
17203794,-1,noise
17201176,-1,noise
44342080,-1,noise
50003390,-1,noise
13852,-1,noise
37410401,-1,noise
37312105,-1,noise
37312104,-1,noise
37412002,-1,noise
13853,-1,noise
13874BS,-1,noise
290266,-1,noise
94219,-1,noise
94741,-1,noise
13879C,-1,noise
907505,-1,noise
1332147,-1,noise
1332147,-1,noise
134325,-1,noise
13860154,-1,noise
232300,-1,noise
290242,-1,noise
290650,-1,noise
82331060,-1,noise
82331060,-1,noise
138PB351,-1,noise
290226,-1,noise
290256,-1,noise
290265,-1,noise
236483,-1,noise
1380286,-1,noise
1380285,-1,noise
13887S,-1,noise
37880129,-1,noise
13802014,-1,noise
920234,-1,noise
138309,-1,noise
138325,-1,noise
138871,-1,noise
13830483,-1,noise
290137,-1,noise
13834,-1,noise
13830458,-1,noise
13830481,-1,noise
13830482,-1,noise
138027,-1,noise
13810,-1,noise
1387430,-1,noise
290253,-1,noise
18064765,-1,noise
290300,-1,noise
1387482,-1,noise
37880503,-1,noise
290249,-1,noise
292171,-1,noise
290251,-1,noise
13832015,-1,noise
14006,-1,noise
138941,-1,noise
37999101,-1,noise
37215268,-1,noise
37951252,-1,noise
82739990,-1,noise
290252,-1,noise
290254,-1,noise
37880103,-1,noise
37181340,-1,noise
104306,-1,noise
104308,-1,noise
104315,-1,noise
13955008,-1,noise
13857A,-1,noise
14005,-1,noise
1302222,-1,noise
13750D,-1,noise
13845103,-1,noise
99492B,-1,noise
99492W,-1,noise
99491W,-1,noise
99413,-1,noise
994979,-1,noise
99497B,-1,noise
99511,-1,noise
99400510,-1,noise
994841,-1,noise
99491,-1,noise
18416356,-1,noise
52024710,-1,noise
52121640,-1,noise
82330,-1,noise
82300,-1,noise
82570,-1,noise
207900018,-1,noise
146020,-1,noise
15191002,-1,noise
15191001,-1,noise
15191141,-1,noise
82310,-1,noise
82370,-1,noise
82320,-1,noise
82360,-1,noise
82350,-1,noise
82380,-1,noise
31100,-1,noise
50120146,-1,noise
909091,-1,noise
900247,-1,noise
900407,-1,noise
620071,-1,noise
99521B,-1,noise
84460,-1,noise
901091,-1,noise
85070,-1,noise
900094,-1,noise
83313,-1,noise
83312,-1,noise
94109,-1,noise
718753,-1,noise
610002,-1,noise
31150,-1,noise
50141021,-1,noise
31151,-1,noise
SPV1054,-1,noise
84052,-1,noise
96324740,-1,noise
97215600,-1,noise
50120152,-1,noise
80127005,-1,noise
90305,-1,noise
42100,-1,noise
190038,-1,noise
45303,-1,noise
41603,-1,noise
46703,-1,noise
SP1314,-1,noise
SP1321,-1,noise
49030,-1,noise
49030,-1,noise
160002,-1,noise
12941000,-1,noise
12940000,-1,noise
160006,-1,noise
12990000,-1,noise
160005,-1,noise
44003,-1,noise
43340,-1,noise
42190,-1,noise
14240502,-1,noise
190037,-1,noise
34094,-1,noise
42901,-1,noise
40380,-1,noise
11000001,-1,noise
1000002,-1,noise
12410406,-1,noise
12410400,-1,noise
41580,-1,noise
42920,-1,noise
19150001,-1,noise
19110001,-1,noise
180015,-1,noise
15441,-1,noise
42900,-1,noise
180023,-1,noise
180013,-1,noise
43330,-1,noise
30371,-1,noise
43870,-1,noise
15000500,-1,noise
15000590,-1,noise
15000910,-1,noise
15000400,-1,noise
SP121,-1,noise
15100500,-1,noise
41700,-1,noise
41710,-1,noise
41710,-1,noise
10171072,-1,noise
15280000,-1,noise
41720,-1,noise
41770,-1,noise
118003,-1,noise
18200301,-1,noise
41220,-1,noise
18100808,-1,noise
94700,-1,noise
18134610,-1,noise
18119002,-1,noise
4047,-1,noise
19202000,-1,noise
19192620,-1,noise
19202620,-1,noise
43870,-1,noise
44200,-1,noise
37584,-1,noise
190602,-1,noise
90150,-1,noise
190310,-1,noise
190010,-1,noise
19009400,-1,noise
140333,-1,noise
19010001,-1,noise
11000502,-1,noise
11000202,-1,noise
11001302,-1,noise
11100500,-1,noise
11100201,-1,noise
11100300,-1,noise
11400400,-1,noise
11400200,-1,noise
11110401,-1,noise
11300800,-1,noise
43050,-1,noise
190861,-1,noise
11910000,-1,noise
11200010,-1,noise
11399000,-1,noise
13116,-1,noise
11200500,-1,noise
11202012,-1,noise
48400,-1,noise
11310500,-1,noise
11310510,-1,noise
11311414,-1,noise
11310400,-1,noise
11310422,-1,noise
11321000,-1,noise
11321440,-1,noise
11321441,-1,noise
41500,-1,noise
30332,-1,noise
48500,-1,noise
11400510,-1,noise
48501,-1,noise
11600400,-1,noise
11403400,-1,noise
11500404,-1,noise
48500,-1,noise
11300408,-1,noise
128003,-1,noise
11401009,-1,noise
42610,-1,noise
42608,-1,noise
42609,-1,noise
15122002,-1,noise
15124335,-1,noise
15110101,-1,noise
44215,-1,noise
43312,-1,noise
12000412,-1,noise
12000612,-1,noise
190035,-1,noise
190036,-1,noise
190025,-1,noise
19530000,-1,noise
19500002,-1,noise
15000418,-1,noise
SP1402,-1,noise
19540134,-1,noise
19550000,-1,noise
907801,-1,noise
45350,-1,noise
30271,-1,noise
45301,-1,noise
SP1231,-1,noise
19541000,-1,noise
194085,-1,noise
13802714,-1,noise
82171250,-1,noise
90114,-1,noise
80114,-1,noise
42800,-1,noise
42980,-1,noise
42950,-1,noise
10159980,-1,noise
13515006,-1,noise
40083,-1,noise
40830,-1,noise
17100515,-1,noise
17100514,-1,noise
17100200,-1,noise
41400,-1,noise
41270,-1,noise
41220,-1,noise
14449000,-1,noise
11111407,-1,noise
43330,-1,noise
154120,-1,noise
154080,-1,noise
170001,-1,noise
83780,-1,noise
190034,-1,noise
19009145,-1,noise
18480041,-1,noise
18480051,-1,noise
18480071,-1,noise
97605880,-1,noise
18481001,-1,noise
18481091,-1,noise
18488051,-1,noise
43335,-1,noise
190211,-1,noise
19971000,-1,noise
990610,-1,noise
18200012,-1,noise
18104021,-1,noise
18273230,-1,noise
18273000,-1,noise
18200101,-1,noise
18260005,-1,noise
18200500,-1,noise
190039,-1,noise
18260001,-1,noise
18260002,-1,noise
18200185,-1,noise
18230008,-1,noise
18260003,-1,noise
1810091,-1,noise
18160004,-1,noise
18210500,-1,noise
18265005,-1,noise
18120000,-1,noise
190600,-1,noise
18218000,-1,noise
18230080,-1,noise
18230015,-1,noise
18140090,-1,noise
18230000,-1,noise
18100601,-1,noise
18140091,-1,noise
SP11025,-1,noise
SP11042,-1,noise
SP100,-1,noise
18242000,-1,noise
18140421,-1,noise
18140004,-1,noise
18110441,-1,noise
18103041,-1,noise
18198041,-1,noise
18160032,-1,noise
18160031,-1,noise
18100503,-1,noise
18210030,-1,noise
18119073,-1,noise
18100641,-1,noise
18110541,-1,noise
18100531,-1,noise
18101106,-1,noise
18140541,-1,noise
18100121,-1,noise
13820121,-1,noise
18534802,-1,noise
18900300,-1,noise
18100610,-1,noise
18180010,-1,noise
18534002,-1,noise
190751,-1,noise
190802,-1,noise
180112,-1,noise
190007,-1,noise
18130211,-1,noise
46160,-1,noise
46100,-1,noise
12510200,-1,noise
46200,-1,noise
12511400,-1,noise
12510600,-1,noise
12530000,-1,noise
12511000,-1,noise
40617,-1,noise
180004,-1,noise
41019,-1,noise
10095470,-1,noise
45400,-1,noise
190601,-1,noise
46970,-1,noise
46900,-1,noise
14910000,-1,noise
14920000,-1,noise
190003,-1,noise
19010000,-1,noise
190023,-1,noise
16180500,-1,noise
16100401,-1,noise
11000002,-1,noise
12168,-1,noise
32168,-1,noise
41305,-1,noise
33168,-1,noise
41320,-1,noise
46600,-1,noise
19210015,-1,noise
19800000,-1,noise
SP141,-1,noise
190043,-1,noise
45800,-1,noise
170002,-1,noise
30267,-1,noise
14240802,-1,noise
80267,-1,noise
14240500,-1,noise
14240503,-1,noise
14240400,-1,noise
190022,-1,noise
180007,-1,noise
42710,-1,noise
42700,-1,noise
32212,-1,noise
43710,-1,noise
43711,-1,noise
98190,-1,noise
19210100,-1,noise
43120,-1,noise
13800408,-1,noise
13800405,-1,noise
44380,-1,noise
13329622,-1,noise
13320324,-1,noise
13320532,-1,noise
40720,-1,noise
13410600,-1,noise
144014,-1,noise
13420006,-1,noise
180008,-1,noise
180008,-1,noise
180024,-1,noise
42903,-1,noise
94572,-1,noise
19020040,-1,noise
SP132,-1,noise
99999908,-1,noise
42430,-1,noise
156000,-1,noise
19900002,-1,noise
180010,-1,noise
SP131,-1,noise
16606139,-1,noise
16200416,-1,noise
16200405,-1,noise
16200406,-1,noise
16290110,-1,noise
16290090,-1,noise
16280200,-1,noise
16200600,-1,noise
16200067,-1,noise
16200508,-1,noise
19410001,-1,noise
46800,-1,noise
19410000,-1,noise
43541,-1,noise
43540,-1,noise
43520,-1,noise
SP139,-1,noise
15910000,-1,noise
43478612,-1,noise
190016,-1,noise
190809,-1,noise
19142250,-1,noise
49010,-1,noise
190032,-1,noise
19152250,-1,noise
SP1027,-1,noise
SP1141,-1,noise
190849,-1,noise
190807,-1,noise
190072,-1,noise
190817,-1,noise
190031,-1,noise
47001,-1,noise
47000,-1,noise
190080,-1,noise
190041,-1,noise
190504,-1,noise
90004,-1,noise
49015,-1,noise
49016,-1,noise
190011,-1,noise
193001,-1,noise
SP1026,-1,noise
190070,-1,noise
190888,-1,noise
190179,-1,noise
190017,-1,noise
190079,-1,noise
11910404,-1,noise
41600,-1,noise
41601,-1,noise
41620,-1,noise
19550066,-1,noise
41740,-1,noise
16312000,-1,noise
16308000,-1,noise
16310001,-1,noise
16311400,-1,noise
16310412,-1,noise
16311401,-1,noise
16310023,-1,noise
16310804,-1,noise
16300000,-1,noise
16300500,-1,noise
16300012,-1,noise
141240,-1,noise
141832,-1,noise
10151400,-1,noise
19630025,-1,noise
190009,-1,noise
97735830,-1,noise
12000401,-1,noise
43770,-1,noise
40200,-1,noise
40201,-1,noise
12321414,-1,noise
40200,-1,noise
12110116,-1,noise
12140540,-1,noise
12119622,-1,noise
12119628,-1,noise
12100800,-1,noise
12320110,-1,noise
43700,-1,noise
12130012,-1,noise
12131055,-1,noise
12131506,-1,noise
1213509,-1,noise
12131415,-1,noise
13142005,-1,noise
12131044,-1,noise
SP1322,-1,noise
SP1822,-1,noise
41552,-1,noise
10140000,-1,noise
14100400,-1,noise
14300420,-1,noise
14300200,-1,noise
14110200,-1,noise
14400500,-1,noise
14400512,-1,noise
14450400,-1,noise
14401414,-1,noise
14440414,-1,noise
14472300,-1,noise
14400200,-1,noise
14110400,-1,noise
14110300,-1,noise
14500500,-1,noise
14500200,-1,noise
14500300,-1,noise
14600000,-1,noise
10010000,-1,noise
SP130,-1,noise
34098,-1,noise
40366,-1,noise
44260,-1,noise
48420,-1,noise
14900000,-1,noise
46920,-1,noise
42110,-1,noise
13301900,-1,noise
35174,-1,noise
46000,-1,noise
46000,-1,noise
46030,-1,noise
13309602,-1,noise
13301600,-1,noise
13301623,-1,noise
11912393,-1,noise
41501,-1,noise
160007,-1,noise
160003,-1,noise
160004,-1,noise
46700,-1,noise
46721,-1,noise
128004,-1,noise
13810400,-1,noise
19540174,-1,noise
142113,-1,noise
140087,-1,noise
11300406,-1,noise
19900000,-1,noise
12830006,-1,noise
19540034,-1,noise
44220,-1,noise
13600210,-1,noise
18500502,-1,noise
190030,-1,noise
198020,-1,noise
190098,-1,noise
190008,-1,noise
19500001,-1,noise
10001000,-1,noise
41951,-1,noise
19080000,-1,noise
190040,-1,noise
190050,-1,noise
99999909,-1,noise
19360000,-1,noise
42970,-1,noise
19081000,-1,noise
19550100,-1,noise
190060,-1,noise
SP1312,-1,noise
13114800,-1,noise
190091,-1,noise
19540025,-1,noise
19541060,-1,noise
45900,-1,noise
46061,-1,noise
40440,-1,noise
14280,-1,noise
12410412,-1,noise
13410407,-1,noise
1568413,-1,noise
40462,-1,noise
13400617,-1,noise
13430620,-1,noise
13400499,-1,noise
13400501,-1,noise
13400900,-1,noise
13400201,-1,noise
13400600,-1,noise
13400011,-1,noise
13421401,-1,noise
13410401,-1,noise
13450418,-1,noise
13420508,-1,noise
13450516,-1,noise
13439616,-1,noise
13420606,-1,noise
13439618,-1,noise
13490400,-1,noise
190178,-1,noise
140001,-1,noise
194102,-1,noise
1378,-1,noise
81378,-1,noise
184002,-1,noise
19511000,-1,noise
40610,-1,noise
19019000,-1,noise
140010,-1,noise
144059,-1,noise
13000940,-1,noise
13000950,-1,noise
13101206,-1,noise
13000409,-1,noise
13000609,-1,noise
SP1851,-1,noise
13000201,-1,noise
140343,-1,noise
13101110,-1,noise
13102408,-1,noise
13111422,-1,noise
13111420,-1,noise
13101705,-1,noise
13101708,-1,noise
13104208,-1,noise
13000840,-1,noise
13000780,-1,noise
13001604,-1,noise
13001304,-1,noise
4084,-1,noise
40000,-1,noise
13191000,-1,noise
13105704,-1,noise
13190000,-1,noise
140015,-1,noise
140002,-1,noise
13105714,-1,noise
207900015,-1,noise
140099,-1,noise
3691,-1,noise
140091,-1,noise
142000,-1,noise
144005,-1,noise
141005,-1,noise
140801,-1,noise
140005,-1,noise
142050,-1,noise
140033,-1,noise
140047,-1,noise
140054,-1,noise
140019,-1,noise
140017,-1,noise
140340,-1,noise
140341,-1,noise
140149,-1,noise
140150,-1,noise
140049,-1,noise
140003,-1,noise
140046,-1,noise
3614,-1,noise
13000407,-1,noise
140052,-1,noise
46420,-1,noise
46450,-1,noise
46450,-1,noise
128008,-1,noise
140011,-1,noise
163002,-1,noise
163003,-1,noise
19610000,-1,noise
19623000,-1,noise
43201,-1,noise
19630010,-1,noise
180340,-1,noise
43200,-1,noise
13630600,-1,noise
13620403,-1,noise
54184,-1,noise
13600513,-1,noise
13699222,-1,noise
13600214,-1,noise
13600613,-1,noise
13631401,-1,noise
13631406,-1,noise
13600410,-1,noise
44210,-1,noise
44201,-1,noise
13651401,-1,noise
13640410,-1,noise
13640600,-1,noise
141001,-1,noise
13621496,-1,noise
19955000,-1,noise
19990040,-1,noise
19990050,-1,noise
SP125,-1,noise
19990000,-1,noise
19990090,-1,noise
180011,-1,noise
44001,-1,noise
45002,-1,noise
19910000,-1,noise
19950000,-1,noise
19960115,-1,noise
43401,-1,noise
43402,-1,noise
SP124,-1,noise
12000103,-1,noise
12500106,-1,noise
18218902,-1,noise
97415880,-1,noise
22103,-1,noise
22106,-1,noise
22108,-1,noise
22105,-1,noise
22101,-1,noise
22113,-1,noise
22100,-1,noise
22110,-1,noise
22109,-1,noise
22174,-1,noise
22104,-1,noise
97535850,-1,noise
31022,-1,noise
43022010,-1,noise
82085810,-1,noise
82081440,-1,noise
43001090,-1,noise
43004160,-1,noise
43005490,-1,noise
43005170,-1,noise
43005200,-1,noise
43019990,-1,noise
43011190,-1,noise
43011640,-1,noise
43011010,-1,noise
84421,-1,noise
50141022,-1,noise
50141020,-1,noise
971121599,-1,noise
971121599,-1,noise
10439,-1,noise
10429920,-1,noise
10430006,-1,noise
10429980,-1,noise
10429981,-1,noise
10429971,-1,noise
10429975,-1,noise
10429983,-1,noise
1042980,-1,noise
1042979,-1,noise
1042978,-1,noise
41770,-1,noise
1010884,-1,noise
10388048,-1,noise
10878769,-1,noise
1087HCAN,-1,noise
1087A2NA,-1,noise
1087A2GB,-1,noise
108774,-1,noise
1087A2CS,-1,noise
1087A118,-1,noise
10802024,-1,noise
1087A5AM,-1,noise
10870577,-1,noise
10870544,-1,noise
10870531,-1,noise
10870522,-1,noise
1087A5AM,-1,noise
1087A2CF,-1,noise
10089894,-1,noise
103672,-1,noise
10038176,-1,noise
10660951,-1,noise
10424G,-1,noise
10436660,-1,noise
10436661,-1,noise
104361,-1,noise
10436R,-1,noise
104710,-1,noise
10467899,-1,noise
10125950,-1,noise
1046A310,-1,noise
1046A4PL,-1,noise
41010,-1,noise
41000,-1,noise
1039031,-1,noise
1039972,-1,noise
10390547,-1,noise
10422012,-1,noise
10390400,-1,noise
1039A100,-1,noise
10399892,-1,noise
10426F,-1,noise
10500035,-1,noise
104170,-1,noise
104164,-1,noise
104230,-1,noise
1040993,-1,noise
1040958,-1,noise
1040959,-1,noise
10500035,-1,noise
104170,-1,noise
10500042,-1,noise
1042234,-1,noise
104165,-1,noise
1040995,-1,noise
1040988,-1,noise
1040953,-1,noise
97351900,-1,noise
10181519,-1,noise
10388055,-1,noise
1016A213,-1,noise
10164952,-1,noise
10181523,-1,noise
13004AL1,-1,noise
10437773,-1,noise
10192,-1,noise
10190,-1,noise
10431K,-1,noise
10433K,-1,noise
1044309,-1,noise
10439IB,-1,noise
1026174H,-1,noise
1026AR2,-1,noise
10261061,-1,noise
10260119,-1,noise
10261020,-1,noise
10261972,-1,noise
1026953,-1,noise
10278016,-1,noise
10278010,-1,noise
1027483,-1,noise
1027491,-1,noise
10283989,-1,noise
10277507,-1,noise
10277502,-1,noise
10286,-1,noise
10283073,-1,noise
10288,-1,noise
1035A212,-1,noise
1035A2B3,-1,noise
10350010,-1,noise
10356030,-1,noise
10350349,-1,noise
10357022,-1,noise
10357015,-1,noise
103716,-1,noise
1036805,-1,noise
10347PV1,-1,noise
1036800,-1,noise
10347PV,-1,noise
1033NRSK,-1,noise
1030A3NB,-1,noise
1030A1C1,-1,noise
10300130,-1,noise
1031040,-1,noise
10310963,-1,noise
10310787,-1,noise
1031076,-1,noise
1031176,-1,noise
1031085,-1,noise
1031082,-1,noise
10310791,-1,noise
103413,-1,noise
1003857,-1,noise
10600103,-1,noise
104321Z,-1,noise
1043202,-1,noise
10540052,-1,noise
1051698,-1,noise
10516022,-1,noise
10544082,-1,noise
10557,-1,noise
10544412,-1,noise
10544413,-1,noise
10557,-1,noise
10516018,-1,noise
10516170,-1,noise
10512100,-1,noise
10517823,-1,noise
10517166,-1,noise
10517132,-1,noise
10517818,-1,noise
10517131,-1,noise
10517016,-1,noise
10544C2,-1,noise
10548013,-1,noise
10590019,-1,noise
1088385,-1,noise
10544803,-1,noise
10038114,-1,noise
10038120,-1,noise
10545002,-1,noise
10425,-1,noise
10426,-1,noise
97405880,-1,noise
1015283,-1,noise
1003A2IB,-1,noise
10040015,-1,noise
10040012,-1,noise
1003A2IB,-1,noise
10065860,-1,noise
1056A2IB,-1,noise
1056A2GO,-1,noise
1056A4GO,-1,noise
1006534,-1,noise
1056766,-1,noise
1006512,-1,noise
10065SU1,-1,noise
10194,-1,noise
10038191,-1,noise
1020662,-1,noise
1026902,-1,noise
10268024,-1,noise
1085A1AM,-1,noise
1026A25S,-1,noise
1020612,-1,noise
1024A2NT,-1,noise
10268020,-1,noise
10209CE,-1,noise
1023NRSK,-1,noise
10240190,-1,noise
1084165,-1,noise
1023A2IB,-1,noise
10229080,-1,noise
1023212,-1,noise
10235,-1,noise
1023A203,-1,noise
1021A1ZZ,-1,noise
10214B,-1,noise
1021A3CS,-1,noise
10292,-1,noise
1713A2NT,-1,noise
10216010,-1,noise
1021414,-1,noise
1021085,-1,noise
1021419,-1,noise
102143,-1,noise
10210240,-1,noise
1021A112,-1,noise
1060A616,-1,noise
10605155,-1,noise
1060A223,-1,noise
1060A625,-1,noise
1060A615,-1,noise
1060A2PM,-1,noise
10611,-1,noise
10611,-1,noise
106308,-1,noise
1060A210,-1,noise
10605164,-1,noise
1060A223,-1,noise
1060A210,-1,noise
10604109,-1,noise
10604878,-1,noise
10605154,-1,noise
10604466,-1,noise
10604467,-1,noise
106049,-1,noise
106050,-1,noise
106051,-1,noise
105423,-1,noise
105476,-1,noise
10604AU,-1,noise
10604AU,-1,noise
10389A,-1,noise
10389AA,-1,noise
10086248,-1,noise
10086,-1,noise
1008632,-1,noise
10159712,-1,noise
10170474,-1,noise
10170441,-1,noise
10170455,-1,noise
1072A111,-1,noise
1072A1SK,-1,noise
1072A111,-1,noise
107280S,-1,noise
1072A1SK,-1,noise
10724S,-1,noise
10162,-1,noise
19982999,-1,noise
10722S,-1,noise
10144985,-1,noise
102202,-1,noise
1014B1IB,-1,noise
1014B1I1,-1,noise
1021A2GO,-1,noise
1014A2CS,-1,noise
10142224,-1,noise
1014BLR,-1,noise
1014A3CS,-1,noise
1021655,-1,noise
1021A3GO,-1,noise
1014042,-1,noise
1014B1IC,-1,noise
102232,-1,noise
102233,-1,noise
1012204,-1,noise
10234544,-1,noise
10123015,-1,noise
1021990,-1,noise
10127023,-1,noise
1012684,-1,noise
10127005,-1,noise
10123045,-1,noise
10161516,-1,noise
1016A2G1,-1,noise
1016812,-1,noise
10234548,-1,noise
10234568,-1,noise
1016810,-1,noise
10161510,-1,noise
105992F,-1,noise
105992T,-1,noise
1012207,-1,noise
101244,-1,noise
10148AAB,-1,noise
10599100,-1,noise
10371174,-1,noise
10371175,-1,noise
105992,-1,noise
10599187,-1,noise
10599188,-1,noise
10599202,-1,noise
10599180,-1,noise
10599190,-1,noise
1012374,-1,noise
10435,-1,noise
10636689,-1,noise
1042202,-1,noise
100730,-1,noise
101604,-1,noise
10164S,-1,noise
1016408,-1,noise
10329966,-1,noise
10030916,-1,noise
10030922,-1,noise
10030909,-1,noise
1004018,-1,noise
1004148,-1,noise
1004140,-1,noise
10061713,-1,noise
1004081,-1,noise
10065845,-1,noise
10067568,-1,noise
10067561,-1,noise
10067508,-1,noise
10067500,-1,noise
10065760,-1,noise
10067011,-1,noise
10570460,-1,noise
10065081,-1,noise
10371010,-1,noise
10067574,-1,noise
10260892,-1,noise
10261310,-1,noise
10635,-1,noise
102612BB,-1,noise
10660933,-1,noise
10652678,-1,noise
10305845,-1,noise
10305888,-1,noise
10660944,-1,noise
10284015,-1,noise
10305930,-1,noise
10371176,-1,noise
10371180,-1,noise
10696,-1,noise
10371155,-1,noise
10371166,-1,noise
1037112,-1,noise
1037114,-1,noise
1037210,-1,noise
10371154,-1,noise
1030A201,-1,noise
10185240,-1,noise
10422F,-1,noise
1042201,-1,noise
10422045,-1,noise
10038260,-1,noise
10875281,-1,noise
10371179,-1,noise
1036366,-1,noise
10038368,-1,noise
101653,-1,noise
10165SA,-1,noise
10165SA,-1,noise
10165800,-1,noise
10165802,-1,noise
1016510,-1,noise
101653,-1,noise
104428,-1,noise
104489,-1,noise
10445PBG,-1,noise
1044511,-1,noise
10443522,-1,noise
10490223,-1,noise
1044503,-1,noise
104239,-1,noise
104237,-1,noise
10427,-1,noise
10389980,-1,noise
10371050,-1,noise
1044049,-1,noise
1006490,-1,noise
1006462,-1,noise
1006460,-1,noise
1006472,-1,noise
101724,-1,noise
1006860,-1,noise
1006871,-1,noise
1006825,-1,noise
1006827,-1,noise
10277510,-1,noise
1006781,-1,noise
10660981,-1,noise
10100000,-1,noise
1998677,-1,noise
10519989,-1,noise
22018,-1,noise
22019,-1,noise
12510000,-1,noise
90801432,-1,noise
71562250,-1,noise
22058B,-1,noise
10416G1,-1,noise
71244000,-1,noise
71103000,-1,noise
71562252,-1,noise
71720500,-1,noise
907800,-1,noise
900221,-1,noise
88780,-1,noise
210002,-1,noise
62063,-1,noise
625584,-1,noise
84010,-1,noise
190811,-1,noise
85291,-1,noise
13179984,-1,noise
13173790,-1,noise
48013570,-1,noise
99999,-1,noise
84941,-1,noise
99914,-1,noise
96725890,-1,noise
96705940,-1,noise
10431030,-1,noise
31604,-1,noise
51011,-1,noise
77084369,-1,noise
99190,-1,noise
60202250,-1,noise
78679980,-1,noise
77042179,-1,noise
77052179,-1,noise
620072,-1,noise
120882,-1,noise
72114000,-1,noise
72780000,-1,noise
20214B,-1,noise
84451,-1,noise
41816300,-1,noise
SP8052,-1,noise
34001,-1,noise
34000,-1,noise
37,-1,noise
41651900,-1,noise
4079,-1,noise
32625,-1,noise
420810,-1,noise
200402,-1,noise
45032730,-1,noise
207900012,-1,noise
40181960,-1,noise
40189960,-1,noise
40289990,-1,noise
10151000,-1,noise
78472219,-1,noise
84553,-1,noise
31090,-1,noise
999116R,-1,noise
170003,-1,noise
40431060,-1,noise
40471060,-1,noise
34096,-1,noise
22616300,-1,noise
22515400,-1,noise
22584100,-1,noise
22585810,-1,noise
22505600,-1,noise
22583500,-1,noise
22584400,-1,noise
22520600,-1,noise
22659000,-1,noise
22656200,-1,noise
22559000,-1,noise
22657200,-1,noise
22651600,-1,noise
22557100,-1,noise
22505046,-1,noise
22505467,-1,noise
22616100,-1,noise
22626200,-1,noise
2205057,-1,noise
78004369,-1,noise
78001789,-1,noise
SP72035,-1,noise
SP720,-1,noise
94405070,-1,noise
620074,-1,noise
97525850,-1,noise
97635880,-1,noise
83420,-1,noise
902715,-1,noise
902712,-1,noise
901090,-1,noise
92201,-1,noise
98154,-1,noise
84311,-1,noise
84211,-1,noise
84300,-1,noise
82143,-1,noise
70800,-1,noise
90281,-1,noise
90289,-1,noise
90277,-1,noise
95259,-1,noise
920219,-1,noise
97385840,-1,noise
63021650,-1,noise
63049990,-1,noise
63029980,-1,noise
63011770,-1,noise
53061010,-1,noise
53054800,-1,noise
207900022,-1,noise
207900007,-1,noise
63039980,-1,noise
53169980,-1,noise
53155540,-1,noise
53051890,-1,noise
53051280,-1,noise
53052960,-1,noise
53059980,-1,noise
53053390,-1,noise
53851040,-1,noise
53051010,-1,noise
211023,-1,noise
207900040,-1,noise
207900023,-1,noise
900195,-1,noise
740680,-1,noise
110120,-1,noise
114490,-1,noise
12013693,-1,noise
12011090,-1,noise
12071001,-1,noise
12013563,-1,noise
12011160,-1,noise
12011590,-1,noise
12013600,-1,noise
12011876,-1,noise
12013575,-1,noise
920212,-1,noise
110006,-1,noise
110011,-1,noise
110002,-1,noise
12211024,-1,noise
110004,-1,noise
72085890,-1,noise
1391437,-1,noise
72088N,-1,noise
72047,-1,noise
72047012,-1,noise
7204020,-1,noise
720852,-1,noise
72044,-1,noise
105621,-1,noise
72088P,-1,noise
7204406,-1,noise
454085,-1,noise
450131,-1,noise
455012,-1,noise
456136,-1,noise
454082,-1,noise
454080,-1,noise
450023,-1,noise
455013,-1,noise
31120,-1,noise
90342127,-1,noise
90342113,-1,noise
90342126,-1,noise
90342124,-1,noise
96040,-1,noise
64125890,-1,noise
620175,-1,noise
190819,-1,noise
22089H1,-1,noise
70129989,-1,noise
454215,-1,noise
20064B,-1,noise
91207CG,-1,noise
454232,-1,noise
620076,-1,noise
620035,-1,noise
620077,-1,noise
620078,-1,noise
45700,-1,noise
10281070,-1,noise
10281030,-1,noise
45710,-1,noise
40131010,-1,noise
40131530,-1,noise
97872895,-1,noise
200523,-1,noise
200521,-1,noise
25380,-1,noise
25260,-1,noise
98017,-1,noise
10545004,-1,noise
1054438,-1,noise
105409,-1,noise
10554,-1,noise
SP1113,-1,noise
46081150,-1,noise
46081980,-1,noise
46081010,-1,noise
46089990,-1,noise
46091920,-1,noise
46092420,-1,noise
46099990,-1,noise
46092080,-1,noise
46089980,-1,noise
46099980,-1,noise
46219990,-1,noise
15321214,-1,noise
15321211,-1,noise
15323380,-1,noise
30571026,-1,noise
96032,-1,noise
30571050,-1,noise
3057099,-1,noise
30571020,-1,noise
30570983,-1,noise
78562219,-1,noise
29404000,-1,noise
501301,-1,noise
50130015,-1,noise
5014421,-1,noise
501441,-1,noise
83860,-1,noise
625983,-1,noise
21061975,-1,noise
78012419,-1,noise
210600,-1,noise
21059S,-1,noise
19990,-1,noise
62323,-1,noise
21,-1,noise
84193,-1,noise
32430001,-1,noise
99472,-1,noise
994691,-1,noise
31210,-1,noise
22046,-1,noise
1901074,-1,noise
1901080,-1,noise
29084000,-1,noise
96531246,-1,noise
620421,-1,noise
610003,-1,noise
31220,-1,noise
50131,-1,noise
501313,-1,noise
94913500,-1,noise
97487780,-1,noise
97480780,-1,noise
82500,-1,noise
10176C,-1,noise
12252C,-1,noise
132216,-1,noise
11187678,-1,noise
11187679,-1,noise
413102,-1,noise
410075,-1,noise
417300,-1,noise
411022,-1,noise
411021,-1,noise
420111,-1,noise
410630,-1,noise
70229989,-1,noise
70029989,-1,noise
70082249,-1,noise
70189989,-1,noise
70015829,-1,noise
513512,-1,noise
70061309,-1,noise
70062311,-1,noise
70029981,-1,noise
70004581,-1,noise
70004420,-1,noise
80110,-1,noise
70079980,-1,noise
70079989,-1,noise
70071459,-1,noise
82410,-1,noise
82411,-1,noise
82070,-1,noise
70091309,-1,noise
920250,-1,noise
15132002,-1,noise
99987,-1,noise
50133102,-1,noise
531260,-1,noise
44094160,-1,noise
453017,-1,noise
450024,-1,noise
450020,-1,noise
458993,-1,noise
450080,-1,noise
455225,-1,noise
420004,-1,noise
420680,-1,noise
163117,-1,noise
12011090,-1,noise
85371,-1,noise
83320,-1,noise
98004890,-1,noise
501305,-1,noise
750050,-1,noise
85425,-1,noise
4005,-1,noise
84352,-1,noise
10089980,-1,noise
10071050,-1,noise
10081370,-1,noise
10081010,-1,noise
10081160,-1,noise
10081020,-1,noise
10083350,-1,noise
10061050,-1,noise
40011530,-1,noise
92406100,-1,noise
92401300,-1,noise
92807000,-1,noise
94039980,-1,noise
92111220,-1,noise
92809000,-1,noise
85353,-1,noise
92421580,-1,noise
92457780,-1,noise
82302,-1,noise
83310,-1,noise
83901,-1,noise
86418,-1,noise
94009980,-1,noise
94074890,-1,noise
94019982,-1,noise
96617430,-1,noise
96621030,-1,noise
96617530,-1,noise
900624,-1,noise
4667,-1,noise
31250,-1,noise
19305910,-1,noise
10005,-1,noise
21121120,-1,noise
21102140,-1,noise
21172060,-1,noise
21102071,-1,noise
21121071,-1,noise
21121010,-1,noise
21121060,-1,noise
21121080,-1,noise
21271140,-1,noise
21271160,-1,noise
21198016,-1,noise
21103081,-1,noise
99996,-1,noise
10225,-1,noise
29104000,-1,noise
29105000,-1,noise
29109000,-1,noise
10810,-1,noise
29207000,-1,noise
22420100,-1,noise
22583300,-1,noise
22525700,-1,noise
22656100,-1,noise
22618800,-1,noise
22610400,-1,noise
22670500,-1,noise
20488,-1,noise
22563400,-1,noise
23110012,-1,noise
23136012,-1,noise
23110004,-1,noise
23119004,-1,noise
23119006,-1,noise
23110017,-1,noise
23015254,-1,noise
23015300,-1,noise
23110211,-1,noise
20101234,-1,noise
23242023,-1,noise
23120004,-1,noise
23235079,-1,noise
23220007,-1,noise
23244706,-1,noise
14100021,-1,noise
23421015,-1,noise
23120114,-1,noise
23110204,-1,noise
23175050,-1,noise
23904053,-1,noise
23142065,-1,noise
23148060,-1,noise
23144061,-1,noise
23255080,-1,noise
23112006,-1,noise
23112008,-1,noise
10234,-1,noise
10235,-1,noise
310085,-1,noise
310061,-1,noise
310080,-1,noise
310001,-1,noise
316615,-1,noise
310011,-1,noise
310018,-1,noise
310115,-1,noise
SP3272,-1,noise
12000,-1,noise
310092,-1,noise
23355001,-1,noise
23282900,-1,noise
23282990,-1,noise
23990000,-1,noise
22586321,-1,noise
23468281,-1,noise
23004006,-1,noise
310028,-1,noise
310288,-1,noise
310019,-1,noise
310550,-1,noise
310008,-1,noise
310122,-1,noise
310546,-1,noise
310026,-1,noise
310027,-1,noise
10850,-1,noise
310836,-1,noise
84212,-1,noise
310188,-1,noise
23595011,-1,noise
310063,-1,noise
SP3261,-1,noise
23245900,-1,noise
310287,-1,noise
23005700,-1,noise
23485470,-1,noise
23595000,-1,noise
310461,-1,noise
310087,-1,noise
23495000,-1,noise
23345308,-1,noise
23594007,-1,noise
23345309,-1,noise
SP3401,-1,noise
SP34011,-1,noise
SP3501,-1,noise
310013,-1,noise
310088,-1,noise
22939430,-1,noise
29364100,-1,noise
310671,-1,noise
310050,-1,noise
310022,-1,noise
310333,-1,noise
310086,-1,noise
SP341,-1,noise
25015001,-1,noise
SP308,-1,noise
316619,-1,noise
310441,-1,noise
310670,-1,noise
310005,-1,noise
310009,-1,noise
310091,-1,noise
310829,-1,noise
310552,-1,noise
310081,-1,noise
310585,-1,noise
10002,-1,noise
310158,-1,noise
310084,-1,noise
310890,-1,noise
311215,-1,noise
23245068,-1,noise
23210009,-1,noise
23595001,-1,noise
360006,-1,noise
790139,-1,noise
390041,-1,noise
22215702,-1,noise
22387880,-1,noise
566572,-1,noise
360059,-1,noise
24152205,-1,noise
29055000,-1,noise
27210140,-1,noise
390225,-1,noise
25015000,-1,noise
10823,-1,noise
24499000,-1,noise
SP306,-1,noise
320003,-1,noise
320005,-1,noise
25190,-1,noise
3212,-1,noise
93560,-1,noise
390025,-1,noise
390247,-1,noise
29404002,-1,noise
29404001,-1,noise
380000,-1,noise
380011,-1,noise
83002,-1,noise
22603950,-1,noise
SP323,-1,noise
380005,-1,noise
29504000,-1,noise
29500000,-1,noise
20582038,-1,noise
20605571,-1,noise
20004046,-1,noise
20100300,-1,noise
20005120,-1,noise
20000235,-1,noise
20592011,-1,noise
20005445,-1,noise
20005441,-1,noise
20007410,-1,noise
20400222,-1,noise
20002070,-1,noise
20005263,-1,noise
20055080,-1,noise
20605580,-1,noise
20582010,-1,noise
20085920,-1,noise
20085030,-1,noise
20085060,-1,noise
20085044,-1,noise
20870312,-1,noise
20032300,-1,noise
20001300,-1,noise
20005360,-1,noise
20010300,-1,noise
20005372,-1,noise
20005362,-1,noise
360143,-1,noise
360804,-1,noise
360035,-1,noise
360002,-1,noise
360005,-1,noise
360001,-1,noise
360041,-1,noise
360950,-1,noise
20041300,-1,noise
29034000,-1,noise
390400,-1,noise
29045001,-1,noise
10750,-1,noise
29045000,-1,noise
10750,-1,noise
10753,-1,noise
29019000,-1,noise
29015000,-1,noise
29915001,-1,noise
29014004,-1,noise
29015200,-1,noise
10001,-1,noise
380001,-1,noise
29606001,-1,noise
360560,-1,noise
10220,-1,noise
10220,-1,noise
10022,-1,noise
10821,-1,noise
10822,-1,noise
10102,-1,noise
34019,-1,noise
22207531,-1,noise
22105240,-1,noise
22107240,-1,noise
22208680,-1,noise
24478000,-1,noise
24405030,-1,noise
24403000,-1,noise
24005030,-1,noise
24115000,-1,noise
24265068,-1,noise
24265168,-1,noise
55109980,-1,noise
330140,-1,noise
24107000,-1,noise
24106011,-1,noise
24105008,-1,noise
24255040,-1,noise
24306020,-1,noise
24305010,-1,noise
24105040,-1,noise
24105405,-1,noise
10102,-1,noise
SP3032,-1,noise
24104000,-1,noise
22402846,-1,noise
24590000,-1,noise
120,-1,noise
360395,-1,noise
380051,-1,noise
29604001,-1,noise
10700,-1,noise
10700,-1,noise
10071,-1,noise
96785890,-1,noise
29016000,-1,noise
29704000,-1,noise
380110,-1,noise
380010,-1,noise
10550,-1,noise
22581010,-1,noise
10250,-1,noise
SP333,-1,noise
390010,-1,noise
10500,-1,noise
10502,-1,noise
10500,-1,noise
390014,-1,noise
900281,-1,noise
10634,-1,noise
99992,-1,noise
10171,-1,noise
27300100,-1,noise
27100100,-1,noise
310037,-1,noise
29085004,-1,noise
29088004,-1,noise
360780,-1,noise
360505,-1,noise
28075759,-1,noise
28076901,-1,noise
28000123,-1,noise
10520,-1,noise
10101,-1,noise
566638,-1,noise
566634,-1,noise
20481,-1,noise
22383000,-1,noise
94011,-1,noise
421027,-1,noise
310221,-1,noise
350000,-1,noise
350001,-1,noise
350004,-1,noise
350010,-1,noise
22546900,-1,noise
22381166,-1,noise
25002030,-1,noise
25015010,-1,noise
25012110,-1,noise
25002000,-1,noise
25005028,-1,noise
22121100,-1,noise
25000000,-1,noise
22182401,-1,noise
24565869,-1,noise
SP3052,-1,noise
340550,-1,noise
340050,-1,noise
340242,-1,noise
10023,-1,noise
10363,-1,noise
24598000,-1,noise
24565870,-1,noise
310551,-1,noise
27510000,-1,noise
24605000,-1,noise
10360,-1,noise
10020,-1,noise
24565010,-1,noise
340001,-1,noise
340004,-1,noise
27510060,-1,noise
340003,-1,noise
340341,-1,noise
24565040,-1,noise
24565800,-1,noise
24505001,-1,noise
24565500,-1,noise
24565100,-1,noise
10362,-1,noise
10362,-1,noise
24527000,-1,noise
340042,-1,noise
340006,-1,noise
24525010,-1,noise
29064000,-1,noise
29964000,-1,noise
900708,-1,noise
SP310,-1,noise
10650,-1,noise
26405011,-1,noise
360805,-1,noise
360087,-1,noise
340301,-1,noise
10801,-1,noise
10255,-1,noise
10253,-1,noise
360388,-1,noise
26105000,-1,noise
26135400,-1,noise
26500000,-1,noise
26415031,-1,noise
26415035,-1,noise
26415036,-1,noise
10261,-1,noise
10250,-1,noise
SP3043,-1,noise
360389,-1,noise
370810,-1,noise
SP3041,-1,noise
390004,-1,noise
390002,-1,noise
20501050,-1,noise
968209,-1,noise
98042450,-1,noise
96010347,-1,noise
84390,-1,noise
96010349,-1,noise
83240,-1,noise
83241,-1,noise
83020,-1,noise
83690,-1,noise
917113,-1,noise
94144860,-1,noise
40054030,-1,noise
210780,-1,noise
23175170,-1,noise
29915005,-1,noise
91206G,-1,noise
17875,-1,noise
17875A,-1,noise
17875,-1,noise
16247,-1,noise
16191F,-1,noise
161970,-1,noise
161991,-1,noise
162071,-1,noise
162076,-1,noise
16223B,-1,noise
16223012,-1,noise
16191f1,-1,noise
1614907F,-1,noise
16191F,-1,noise
16136,-1,noise
16138B,-1,noise
17802306,-1,noise
17823,-1,noise
17818046,-1,noise
17811B1,-1,noise
17817109,-1,noise
17821003,-1,noise
17817977,-1,noise
17823,-1,noise
17817110,-1,noise
17057K2,-1,noise
1706513,-1,noise
1704190,-1,noise
170654,-1,noise
17073K10,-1,noise
17020K,-1,noise
170231,-1,noise
1701789,-1,noise
1712004,-1,noise
170322,-1,noise
17032K01,-1,noise
170350,-1,noise
170351,-1,noise
17008669,-1,noise
1703206,-1,noise
17063K1,-1,noise
17064KA,-1,noise
17064KB,-1,noise
170171,-1,noise
17011A10,-1,noise
1708074,-1,noise
17011A,-1,noise
1703290,-1,noise
17017889,-1,noise
17005B,-1,noise
1700116,-1,noise
17005880,-1,noise
17006024,-1,noise
1700605,-1,noise
1700110,-1,noise
17001406,-1,noise
1700588,-1,noise
1770019,-1,noise
17004,-1,noise
17026,-1,noise
1700599,-1,noise
170183,-1,noise
170698,-1,noise
170040,-1,noise
1700121,-1,noise
170012,-1,noise
175768,-1,noise
170029,-1,noise
17008677,-1,noise
17008620,-1,noise
17001012,-1,noise
1700219,-1,noise
1700121Y,-1,noise
17009912,-1,noise
17009914,-1,noise
17009919,-1,noise
170029,-1,noise
17008620,-1,noise
1700594,-1,noise
17064CK,-1,noise
10001B,-1,noise
10001B13,-1,noise
17843B,-1,noise
17266998,-1,noise
17049,-1,noise
17053,-1,noise
17080081,-1,noise
17005B,-1,noise
1700588,-1,noise
175768,-1,noise
17008677,-1,noise
17002G2,-1,noise
17222,-1,noise
17009912,-1,noise
170016,-1,noise
17832808,-1,noise
17832809,-1,noise
17668F,-1,noise
17483906,-1,noise
17499A,-1,noise
17531A01,-1,noise
17411,-1,noise
17415HAL,-1,noise
17843447,-1,noise
17844010,-1,noise
17844011,-1,noise
178451,-1,noise
17845037,-1,noise
17844017,-1,noise
17845005,-1,noise
17845013,-1,noise
17843001,-1,noise
17844,-1,noise
17845006,-1,noise
17845043,-1,noise
17846012,-1,noise
17844017,-1,noise
1784510,-1,noise
17844,-1,noise
17843001,-1,noise
17843002,-1,noise
17789,-1,noise
100021,-1,noise
1319880,-1,noise
13198801,-1,noise
1789010,-1,noise
17857102,-1,noise
17857098,-1,noise
17857304,-1,noise
17857GB,-1,noise
17857985,-1,noise
17857044,-1,noise
17857103,-1,noise
17857HC,-1,noise
17857HC1,-1,noise
17857045,-1,noise
17879B,-1,noise
17879998,-1,noise
17879F,-1,noise
17879R,-1,noise
17880003,-1,noise
17879,-1,noise
178792,-1,noise
178794,-1,noise
1787998,-1,noise
15308PP,-1,noise
15038GR,-1,noise
15038012,-1,noise
15038OM3,-1,noise
17817066,-1,noise
17821089,-1,noise
15100,-1,noise
17881G,-1,noise
17880123,-1,noise
17880110,-1,noise
17880114,-1,noise
17880114,-1,noise
1787615,-1,noise
17850412,-1,noise
1786113,-1,noise
1786113,-1,noise
17854000,-1,noise
17584048,-1,noise
17854112,-1,noise
17851F,-1,noise
17851H4,-1,noise
1785479,-1,noise
1784994,-1,noise
17849018,-1,noise
17854018,-1,noise
17849020,-1,noise
17849028,-1,noise
1785495,-1,noise
17849082,-1,noise
17849082,-1,noise
1784994,-1,noise
178941F,-1,noise
1785495,-1,noise
1788554,-1,noise
1784967,-1,noise
1784968,-1,noise
178414,-1,noise
17851BB,-1,noise
1785410,-1,noise
17854A,-1,noise
1785420,-1,noise
1785400,-1,noise
17873L,-1,noise
17853SP,-1,noise
17853ST,-1,noise
17853770,-1,noise
1785397,-1,noise
17854S,-1,noise
17853SEZ,-1,noise
1785414,-1,noise
17853760,-1,noise
17854102,-1,noise
17854102,-1,noise
17882050,-1,noise
17900,-1,noise
1788204R,-1,noise
17882043,-1,noise
17901,-1,noise
15084C,-1,noise
17863,-1,noise
1786341,-1,noise
1786537,-1,noise
178633,-1,noise
1786334,-1,noise
17895,-1,noise
17860A,-1,noise
17860C,-1,noise
17861045,-1,noise
17861054,-1,noise
178604,-1,noise
1786010,-1,noise
178603,-1,noise
178691,-1,noise
178851,-1,noise
17861155,-1,noise
10002B,-1,noise
1786710,-1,noise
178616,-1,noise
17861051,-1,noise
17861047,-1,noise
1769990,-1,noise
17862888,-1,noise
1769998,-1,noise
17855688,-1,noise
17855678,-1,noise
1786666,-1,noise
178666,-1,noise
17865GP,-1,noise
1786661,-1,noise
17867B,-1,noise
178681,-1,noise
178688,-1,noise
179001,-1,noise
1786708,-1,noise
178702,-1,noise
17870,-1,noise
17869FMC,-1,noise
1787080,-1,noise
17864042,-1,noise
17870999,-1,noise
17871018,-1,noise
17871011,-1,noise
1787120,-1,noise
17864020,-1,noise
178649,-1,noise
17864017,-1,noise
17864032,-1,noise
1789095,-1,noise
17867082,-1,noise
17865GP,-1,noise
1786661,-1,noise
178668,-1,noise
178684,-1,noise
17866946,-1,noise
17869,-1,noise
1786707,-1,noise
178681,-1,noise
1786708,-1,noise
17864047,-1,noise
1787120,-1,noise
15443,-1,noise
15446,-1,noise
15445,-1,noise
15447,-1,noise
15001085,-1,noise
15000,-1,noise
15001094,-1,noise
15001090,-1,noise
15001097,-1,noise
152081,-1,noise
150201,-1,noise
15002019,-1,noise
15002014,-1,noise
15002023,-1,noise
15002018,-1,noise
15002B,-1,noise
15000S,-1,noise
15009,-1,noise
15220V,-1,noise
15008841,-1,noise
15006083,-1,noise
15004034,-1,noise
15004052,-1,noise
15005899,-1,noise
1501820,-1,noise
15076,-1,noise
15005A4,-1,noise
1507734,-1,noise
1507733,-1,noise
1500923,-1,noise
150091,-1,noise
15220997,-1,noise
15004C8,-1,noise
150012,-1,noise
15004047,-1,noise
15006080,-1,noise
150063,-1,noise
15006084,-1,noise
1502010,-1,noise
150016,-1,noise
150122,-1,noise
15006020,-1,noise
15006018,-1,noise
15239,-1,noise
15002032,-1,noise
15008841,-1,noise
15006092,-1,noise
15238,-1,noise
170886,-1,noise
170892,-1,noise
170894,-1,noise
170880,-1,noise
170896,-1,noise
17081115,-1,noise
17081048,-1,noise
17081541,-1,noise
17081408,-1,noise
17081581,-1,noise
17081457,-1,noise
17081011,-1,noise
17081316,-1,noise
170860,-1,noise
170861,-1,noise
1781903,-1,noise
1781904,-1,noise
17081720,-1,noise
9171581,-1,noise
17081013,-1,noise
9171316,-1,noise
1517002,-1,noise
171306C,-1,noise
1708910,-1,noise
1708911,-1,noise
1708912,-1,noise
310324,-1,noise
73007991,-1,noise
73080747,-1,noise
73080801,-1,noise
13788876,-1,noise
73012765,-1,noise
73075,-1,noise
73133A,-1,noise
730622,-1,noise
73083218,-1,noise
310021,-1,noise
310016,-1,noise
310928,-1,noise
310200,-1,noise
310065,-1,noise
73084140,-1,noise
73012768,-1,noise
730621,-1,noise
1832401,-1,noise
17874081,-1,noise
17002B,-1,noise
1832405,-1,noise
13033S,-1,noise
731219,-1,noise
340865,-1,noise
73080700,-1,noise
73128,-1,noise
73130,-1,noise
1700751,-1,noise
17700954,-1,noise
17874R,-1,noise
144037,-1,noise
144033,-1,noise
190003,-1,noise
124007,-1,noise
420005,-1,noise
420006,-1,noise
144164,-1,noise
620079,-1,noise
144160,-1,noise
174177,-1,noise
28241000,-1,noise
38447890,-1,noise
38154300,-1,noise
20045,-1,noise
82389980,-1,noise
22996,-1,noise
22302,-1,noise
22120,-1,noise
38154400,-1,noise
20760,-1,noise
20046,-1,noise
82385790,-1,noise
4002699,-1,noise
4002700,-1,noise
4023410,-1,noise
40072,-1,noise
40582,-1,noise
40182,-1,noise
40234,-1,noise
40PN12W,-1,noise
40162,-1,noise
40255,-1,noise
40258,-1,noise
4018694,-1,noise
4018691,-1,noise
40070125,-1,noise
406946,-1,noise
40PO18,-1,noise
40501060,-1,noise
405943,-1,noise
405949,-1,noise
40494,-1,noise
40579,-1,noise
40PO15,-1,noise
40606,-1,noise
4069615,-1,noise
4069614,-1,noise
408141,-1,noise
408140,-1,noise
40695238,-1,noise
40PM16,-1,noise
40445346,-1,noise
40445344,-1,noise
40443000,-1,noise
40443004,-1,noise
407311,-1,noise
407316,-1,noise
40739,-1,noise
40171031,-1,noise
40171011,-1,noise
120007,-1,noise
124002,-1,noise
120854,-1,noise
122001,-1,noise
122000,-1,noise
123030,-1,noise
13069980,-1,noise
13171120,-1,noise
13173680,-1,noise
13089982,-1,noise
13083896,-1,noise
13081176,-1,noise
13081002,-1,noise
13081003,-1,noise
13091000,-1,noise
13043556,-1,noise
157600001,-1,noise
13081014,-1,noise
13083571,-1,noise
13083674,-1,noise
13083544,-1,noise
13083563,-1,noise
13081036,-1,noise
13081320,-1,noise
13081120,-1,noise
13081130,-1,noise
13083354,-1,noise
13083356,-1,noise
13081034,-1,noise
13083345,-1,noise
13083344,-1,noise
120002,-1,noise
120018,-1,noise
13181176,-1,noise
13181070,-1,noise
13101001,-1,noise
13101002,-1,noise
13101160,-1,noise
190823,-1,noise
190818,-1,noise
13161376,-1,noise
78499989,-1,noise
78502789,-1,noise
96235640,-1,noise
31260,-1,noise
501599,-1,noise
22080220,-1,noise
22080223,-1,noise
620036,-1,noise
620010,-1,noise
750060,-1,noise
750056,-1,noise
750156,-1,noise
750005,-1,noise
750002,-1,noise
750006,-1,noise
750007,-1,noise
750008,-1,noise
750009,-1,noise
391193,-1,noise
391194,-1,noise
52011250,-1,noise
901400,-1,noise
21060CL,-1,noise
21061CL,-1,noise
78031789,-1,noise
78034360,-1,noise
96685940,-1,noise
97151900,-1,noise
86000,-1,noise
900024,-1,noise
190099,-1,noise
18061014,-1,noise
13023694,-1,noise
13021201,-1,noise
13025763,-1,noise
13021001,-1,noise
13021013,-1,noise
13021876,-1,noise
13021144,-1,noise
13021055,-1,noise
13011204,-1,noise
13011000,-1,noise
13013556,-1,noise
124005,-1,noise
124003,-1,noise
124004,-1,noise
83820,-1,noise
78061789,-1,noise
78051789,-1,noise
78054369,-1,noise
95152,-1,noise
910410,-1,noise
82440,-1,noise
31290,-1,noise
30337019,-1,noise
970410,-1,noise
71011669,-1,noise
71011251,-1,noise
71085829,-1,noise
71049989,-1,noise
71074369,-1,noise
71071529,-1,noise
207900031,-1,noise
71014769,-1,noise
71011699,-1,noise
12135414,-1,noise
50131910,-1,noise
40302600,-1,noise
COL,-1,noise
99996,-1,noise
920209,-1,noise
84310,-1,noise
85281,-1,noise
85282,-1,noise
101278,-1,noise
101274,-1,noise
99540,-1,noise
99526,-1,noise
101273,-1,noise
101264,-1,noise
99244,-1,noise
99245,-1,noise
620081,-1,noise
749995,-1,noise
44061,-1,noise
44060,-1,noise
82560,-1,noise
84508,-1,noise
906035,-1,noise
15110510,-1,noise
96294740,-1,noise
71208,-1,noise
20700,-1,noise
20702,-1,noise
20703,-1,noise
38459960,-1,noise
38123000,-1,noise
952521,-1,noise
82700,-1,noise
95251B,-1,noise
97103111,-1,noise
80269,-1,noise
82601,-1,noise
80271,-1,noise
120770599,-1,noise
190029,-1,noise
12022670,-1,noise
190027,-1,noise
190014,-1,noise
190015,-1,noise
190024,-1,noise
91169000,-1,noise
9116899,-1,noise
220605,-1,noise
220606,-1,noise
1832642,-1,noise
220615,-1,noise
1832642Z,-1,noise
22062676,-1,noise
220627,-1,noise
2206211,-1,noise
10011,-1,noise
SP1600,-1,noise
29200420,-1,noise
363248,-1,noise
363003,-1,noise
SP16001,-1,noise
AOL00010,-1,noise
86613,-1,noise
97469740,-1,noise
97445740,-1,noise
SP195,-1,noise
99999,-1,noise
21050B,-1,noise
71205,-1,noise
77044360,-1,noise
210547,-1,noise
21059,-1,noise
21052,-1,noise
77035690,-1,noise
77034360,-1,noise
550825,-1,noise
902701,-1,noise
21060018,-1,noise
78084360,-1,noise
85000,-1,noise
85003,-1,noise
30337018,-1,noise
900290,-1,noise
902610,-1,noise
86020,-1,noise
83640,-1,noise
628826,-1,noise
625567,-1,noise
143090,-1,noise
85173,-1,noise
390624,-1,noise
24350,-1,noise
78091789,-1,noise
78094369,-1,noise
90270135,-1,noise
90270136,-1,noise
24993,-1,noise
621735,-1,noise
97426030,-1,noise
97436030,-1,noise
97446030,-1,noise
53079980,-1,noise
31270,-1,noise
5050210,-1,noise
50120124,-1,noise
40244890,-1,noise
144009,-1,noise
930099801,-1,noise
22080176,-1,noise
85600,-1,noise
35601,-1,noise
22080174,-1,noise
96043,-1,noise
960326,-1,noise
96025P,-1,noise
96034,-1,noise
96024,-1,noise
96021223,-1,noise
96033,-1,noise
9602748,-1,noise
96039,-1,noise
80016,-1,noise
96028,-1,noise
900007,-1,noise
720004,-1,noise
93121133,-1,noise
83280,-1,noise
47061010,-1,noise
47061920,-1,noise
47061980,-1,noise
90700,-1,noise
85251,-1,noise
995331,-1,noise
2971,-1,noise
96016,-1,noise
96020,-1,noise
740205,-1,noise
720003,-1,noise
207900009,-1,noise
21205,-1,noise
21210,-1,noise
21200,-1,noise
21209,-1,noise
99127944,-1,noise
9999999,-1,noise
41552210,-1,noise
12345,-1,noise
900010,-1,noise
95420,-1,noise
49002120,-1,noise
20969020,-1,noise
363240,-1,noise
ZZ10436R,-1,noise
ZZ31514,-1,noise
952530TP,-1,noise
ZZ50152,-1,noise
ZZ902710,-1,noise
70242TP,-1,noise
ZZ90274,-1,noise
29098000,-1,noise
ZZ95259,-1,noise
Z0346032,-1,noise
9406610,-1,noise
421012,-1,noise
99,-1,noise
51054,-1,noise
85450,-1,noise
620082,-1,noise
31580,-1,noise
82390,-1,noise
83212,-1,noise
83213,-1,noise
83219,-1,noise
82420,-1,noise
89001,-1,noise
93661845,-1,noise
57101340,-1,noise
57004130,-1,noise
57005540,-1,noise
57001040,-1,noise
57001010,-1,noise
57004800,-1,noise
67001080,-1,noise
67009980,-1,noise
67001010,-1,noise
190093,-1,noise
11017,-1,noise
11010,-1,noise
42100350,-1,noise
42300550,-1,noise
42100400,-1,noise
392208,-1,noise
42224200,-1,noise
382300,-1,noise
19584,-1,noise
1058688,-1,noise
1954710,-1,noise
11140,-1,noise
42250211,-1,noise
11120,-1,noise
310089,-1,noise
390112,-1,noise
11310,-1,noise
42100550,-1,noise
19575,-1,noise
42225000,-1,noise
11250,-1,noise
42638900,-1,noise
11003,-1,noise
1956387,-1,noise
11011,-1,noise
11251,-1,noise
1956383,-1,noise
362032,-1,noise
19520014,-1,noise
1956530,-1,noise
1956534,-1,noise
42390000,-1,noise
332081,-1,noise
42250000,-1,noise
332082,-1,noise
1955892,-1,noise
42520000,-1,noise
42224000,-1,noise
382651,-1,noise
42630204,-1,noise
42351851,-1,noise
42351061,-1,noise
85350,-1,noise
85340,-1,noise
42631100,-1,noise
42500000,-1,noise
19516,-1,noise
19514D,-1,noise
11180,-1,noise
11181,-1,noise
362001,-1,noise
1,-1,noise
451112,-1,noise
85015,-1,noise
85010,-1,noise
85025,-1,noise
20395,-1,noise
85020,-1,noise
95503850,-1,noise
40121060,-1,noise
40329980,-1,noise
901135,-1,noise
34010,-1,noise
621213,-1,noise
19999990,-1,noise
92280400,-1,noise
24910,-1,noise
25440,-1,noise
92110000,-1,noise
50120148,-1,noise
24160,-1,noise
31532,-1,noise
31532P,-1,noise
83520,-1,noise
457030,-1,noise
450031,-1,noise
79113350,-1,noise
456060,-1,noise
140008,-1,noise
451031,-1,noise
622589,-1,noise
90278015,-1,noise
96414740,-1,noise
618181,-1,noise
321008,-1,noise
160777,-1,noise
84551,-1,noise
94655080,-1,noise
94625080,-1,noise
94745080,-1,noise
50125,-1,noise
17069985,-1,noise
17063795,-1,noise
17061455,-1,noise
17071004,-1,noise
17061032,-1,noise
17063742,-1,noise
17061076,-1,noise
17063334,-1,noise
12070600,-1,noise
203783,-1,noise
170010,-1,noise
174369,-1,noise
174360,-1,noise
170008,-1,noise
11261310,-1,noise
11264496,-1,noise
11264544,-1,noise
11263694,-1,noise
11261204,-1,noise
11261201,-1,noise
11261002,-1,noise
11271004,-1,noise
11261001,-1,noise
11264565,-1,noise
11261012,-1,noise
11261015,-1,noise
11261022,-1,noise
11261024,-1,noise
11263563,-1,noise
11263331,-1,noise
11261142,-1,noise
11261144,-1,noise
96445870,-1,noise
96435870,-1,noise
99200,-1,noise
99201,-1,noise
10809980,-1,noise
31180,-1,noise
97758,-1,noise
95170,-1,noise
622247,-1,noise
621619,-1,noise
310819,-1,noise
320817,-1,noise
360029,-1,noise
340804,-1,noise
340583,-1,noise
320408,-1,noise
360019,-1,noise
370818,-1,noise
350814,-1,noise
612412,-1,noise
741612,-1,noise
48059990,-1,noise
190703,-1,noise
10111050,-1,noise
10111000,-1,noise
10111010,-1,noise
10115470,-1,noise
10113350,-1,noise
10483840,-1,noise
10113690,-1,noise
10109980,-1,noise
10101390,-1,noise
10323840,-1,noise
40072160,-1,noise
40071060,-1,noise
40071150,-1,noise
82031440,-1,noise
10121120,-1,noise
10125950,-1,noise
10313690,-1,noise
50041010,-1,noise
50043390,-1,noise
50043920,-1,noise
50045450,-1,noise
10153570,-1,noise
10151090,-1,noise
10251160,-1,noise
10151390,-1,noise
10153330,-1,noise
10153760,-1,noise
190083,-1,noise
96045,-1,noise
85239,-1,noise
349056,-1,noise
144089,-1,noise
144080,-1,noise
144000,-1,noise
13199428,-1,noise
144001,-1,noise
145060,-1,noise
144032,-1,noise
144042,-1,noise
78965,-1,noise
99910525,-1,noise
901500,-1,noise
97599880,-1,noise
97594880,-1,noise
97597880,-1,noise
97596880,-1,noise
97598880,-1,noise
SP5000,-1,noise
21027,-1,noise
21024014,-1,noise
21031A,-1,noise
SP510,-1,noise
21060013,-1,noise
21160013,-1,noise
SP5094,-1,noise
21060SP,-1,noise
21060015,-1,noise
21065,-1,noise
SP512,-1,noise
71210,-1,noise
SP505,-1,noise
SP509,-1,noise
SP888,-1,noise
21160,-1,noise
21075,-1,noise
40900,-1,noise
134002,-1,noise
13199985,-1,noise
13191567,-1,noise
134061,-1,noise
134067,-1,noise
13191176,-1,noise
13191454,-1,noise
13193760,-1,noise
13192260,-1,noise
13191876,-1,noise
131130,-1,noise
131000,-1,noise
13294920,-1,noise
131062,-1,noise
15183370,-1,noise
15181004,-1,noise
15184496,-1,noise
15184956,-1,noise
15183572,-1,noise
207900008,-1,noise
15183760,-1,noise
15181680,-1,noise
15181130,-1,noise
11304496,-1,noise
11304544,-1,noise
11304545,-1,noise
11303694,-1,noise
11301204,-1,noise
11301211,-1,noise
11303344,-1,noise
11303744,-1,noise
113010001,-1,noise
11301002,-1,noise
11304494,-1,noise
11304956,-1,noise
11301015,-1,noise
11301013,-1,noise
11301162,-1,noise
11301164,-1,noise
11301166,-1,noise
11301026,-1,noise
11303354,-1,noise
11301144,-1,noise
11303755,-1,noise
11301876,-1,noise
154002,-1,noise
154001,-1,noise
151001,-1,noise
154003,-1,noise
14400400,-1,noise
110013,-1,noise
70114369,-1,noise
70119980,-1,noise
70119981,-1,noise
207900029,-1,noise
95253003,-1,noise
91138,-1,noise
952530,-1,noise
95253002,-1,noise
95253001,-1,noise
89030,-1,noise
89011,-1,noise
89033,-1,noise
84740,-1,noise
84700,-1,noise
2,-1,noise
390006,-1,noise
19702B,-1,noise
392016,-1,noise
390105,-1,noise
99912,-1,noise
99910,-1,noise
190166,-1,noise
620401,-1,noise
81443,-1,noise
90271139,-1,noise
90271135,-1,noise
95252611,-1,noise
84840,-1,noise
101256B,-1,noise
10125610,-1,noise
18029980,-1,noise
18023696,-1,noise
99033,-1,noise
99039,-1,noise
990331,-1,noise
83600,-1,noise
340385,-1,noise
620015,-1,noise
900047,-1,noise
52039980,-1,noise
59049980,-1,noise
34016,-1,noise
34015,-1,noise
94410,-1,noise
94810,-1,noise
34017,-1,noise
97235740,-1,noise
421802,-1,noise
920206,-1,noise
81013,-1,noise
420007,-1,noise
420022,-1,noise
900921,-1,noise
900820,-1,noise
621456,-1,noise
310063,-1,noise
80141,-1,noise
620037,-1,noise
31520,-1,noise
5120,-1,noise
80528S,-1,noise
80557P,-1,noise
80557015,-1,noise
80531,-1,noise
8051521,-1,noise
80527GF,-1,noise
805319,-1,noise
805291,-1,noise
80516120,-1,noise
8052710,-1,noise
40129980,-1,noise
200150,-1,noise
40071190,-1,noise
340006,-1,noise
85090,-1,noise
96000,-1,noise
96124690,-1,noise
96244690,-1,noise
91123744,-1,noise
360312,-1,noise
360032,-1,noise
10007,-1,noise
10013,-1,noise
360802,-1,noise
360022,-1,noise
84245,-1,noise
82172730,-1,noise
93692,-1,noise
93691,-1,noise
84373,-1,noise
96364740,-1,noise
32005,-1,noise
32000,-1,noise
32003,-1,noise
83718,-1,noise
70174856,-1,noise
93425940,-1,noise
70174810,-1,noise
701754,-1,noise
31300,-1,noise
360083,-1,noise
340083,-1,noise
330083,-1,noise
320083,-1,noise
370134,-1,noise
310089,-1,noise
78131529,-1,noise
78134370,-1,noise
10660G,-1,noise
31310,-1,noise
50134293,-1,noise
50134273,-1,noise
50023410,-1,noise
50021850,-1,noise
50021040,-1,noise
50021340,-1,noise
930199801,-1,noise
60734600,-1,noise
60034600,-1,noise
50021270,-1,noise
900008,-1,noise
99128240,-1,noise
99129240,-1,noise
99500013,-1,noise
84380,-1,noise
85260,-1,noise
30510,-1,noise
74771000,-1,noise
91049980,-1,noise
30504,-1,noise
30501,-1,noise
30122,-1,noise
30540,-1,noise
120447,-1,noise
37044,-1,noise
30530,-1,noise
12000L,-1,noise
74771010,-1,noise
1200079,-1,noise
1200089,-1,noise
12001A,-1,noise
74770000,-1,noise
91032470,-1,noise
91019980,-1,noise
430835,-1,noise
31911,-1,noise
25420,-1,noise
25410,-1,noise
25050,-1,noise
84502,-1,noise
85310,-1,noise
84470,-1,noise
11401032,-1,noise
11401876,-1,noise
740225,-1,noise
85470,-1,noise
83760,-1,noise
31330,-1,noise
31390,-1,noise
50141800,-1,noise
96051,-1,noise
12365,-1,noise
31200,-1,noise
62060,-1,noise
31360,-1,noise
31361,-1,noise
96304740,-1,noise
85200,-1,noise
22080175,-1,noise
390246,-1,noise
12345678,-1,noise
920213,-1,noise
120780599,-1,noise
120790599,-1,noise
120800599,-1,noise
45200,-1,noise
83093,-1,noise
85110,-1,noise
18020103,-1,noise
18260073,-1,noise
19161012,-1,noise
19271870,-1,noise
19261870,-1,noise
19251870,-1,noise
19161870,-1,noise
19163740,-1,noise
19251872,-1,noise
19313570,-1,noise
19115590,-1,noise
19185350,-1,noise
19111872,-1,noise
18208100,-1,noise
42310,-1,noise
42302,-1,noise
45090,-1,noise
42302,-1,noise
19133660,-1,noise
18230086,-1,noise
45080,-1,noise
42330,-1,noise
18200186,-1,noise
41238,-1,noise
73073,-1,noise
SP1010,-1,noise
SP10263,-1,noise
SP1022,-1,noise
SP1033,-1,noise
SP1041,-1,noise
SP1029,-1,noise
19141020,-1,noise
19241050,-1,noise
19441020,-1,noise
19111020,-1,noise
19001050,-1,noise
19134800,-1,noise
19711020,-1,noise
34095,-1,noise
455101,-1,noise
390369,-1,noise
59009990,-1,noise
19101000,-1,noise
19101002,-1,noise
19101010,-1,noise
382250,-1,noise
57310640,-1,noise
30152,-1,noise
420053,-1,noise
57310621,-1,noise
45210,-1,noise
20041,-1,noise
49009990,-1,noise
49002430,-1,noise
99985,-1,noise
45060,-1,noise
190570,-1,noise
391012,-1,noise
69004310,-1,noise
391001,-1,noise
410059,-1,noise
450425,-1,noise
78161789,-1,noise
78164369,-1,noise
78171789,-1,noise
78181789,-1,noise
450469,-1,noise
99604,-1,noise
620176,-1,noise
796071,-1,noise
220931,-1,noise
220893,-1,noise
220891,-1,noise
22093C,-1,noise
22091,-1,noise
220914,-1,noise
220912,-1,noise
22091601,-1,noise
22091600,-1,noise
22091602,-1,noise
22099C,-1,noise
34091,-1,noise
94007,-1,noise
94813,-1,noise
58500630,-1,noise
71030,-1,noise
540355,-1,noise
10825,-1,noise
12005,-1,noise
12006,-1,noise
12220,-1,noise
12007,-1,noise
12001,-1,noise
71203,-1,noise
38201049,-1,noise
210008,-1,noise
210010,-1,noise
210216,-1,noise
SP2382,-1,noise
20221,-1,noise
620460,-1,noise
SP231,-1,noise
82212060,-1,noise
SP232,-1,noise
41801060,-1,noise
34330150,-1,noise
34310166,-1,noise
20204,-1,noise
20150,-1,noise
41211110,-1,noise
20220,-1,noise
41192080,-1,noise
20201,-1,noise
40189990,-1,noise
210350,-1,noise
20200,-1,noise
210524,-1,noise
20083,-1,noise
620260,-1,noise
13485080,-1,noise
13463,-1,noise
13458010,-1,noise
13490,-1,noise
13485O,-1,noise
1831034,-1,noise
1831011,-1,noise
1831054,-1,noise
1831415,-1,noise
1831285,-1,noise
1831024,-1,noise
13485043,-1,noise
13485044,-1,noise
1831011,-1,noise
1831415,-1,noise
13468,-1,noise
210004,-1,noise
96394740,-1,noise
34328692,-1,noise
SP2362,-1,noise
210025,-1,noise
210122,-1,noise
620911,-1,noise
210013,-1,noise
210003,-1,noise
210420,-1,noise
210305,-1,noise
620014,-1,noise
210221,-1,noise
82219980,-1,noise
82213450,-1,noise
34758000,-1,noise
34314085,-1,noise
620019,-1,noise
41289198,-1,noise
210129,-1,noise
41109990,-1,noise
SP2352,-1,noise
620009,-1,noise
21200,-1,noise
20202,-1,noise
620180,-1,noise
40142080,-1,noise
40142070,-1,noise
40149980,-1,noise
41139980,-1,noise
41132010,-1,noise
41183570,-1,noise
41249980,-1,noise
41149980,-1,noise
41122010,-1,noise
620121,-1,noise
210101,-1,noise
210006,-1,noise
210127,-1,noise
210250,-1,noise
13530,-1,noise
13485833,-1,noise
13484,-1,noise
13529044,-1,noise
134142,-1,noise
1351899,-1,noise
13534C,-1,noise
1831047,-1,noise
1831052,-1,noise
1831025,-1,noise
13485850,-1,noise
13485851,-1,noise
1352072,-1,noise
13528882,-1,noise
13529012,-1,noise
13501454,-1,noise
1352070,-1,noise
185131,-1,noise
1831050,-1,noise
135010SC,-1,noise
13547,-1,noise
131614,-1,noise
1831052,-1,noise
1831821Z,-1,noise
210523,-1,noise
620149,-1,noise
620146,-1,noise
82224700,-1,noise
34100113,-1,noise
41309980,-1,noise
20205,-1,noise
210009,-1,noise
40109980,-1,noise
210240,-1,noise
210100,-1,noise
82214890,-1,noise
41409980,-1,noise
41149981,-1,noise
202261,-1,noise
13462,-1,noise
13452,-1,noise
190080,-1,noise
SP1142,-1,noise
SP1143,-1,noise
SP115,-1,noise
210020,-1,noise
99210,-1,noise
150080,-1,noise
150003,-1,noise
150001,-1,noise
150059,-1,noise
150002,-1,noise
16064496,-1,noise
16061076,-1,noise
16061875,-1,noise
340987,-1,noise
620017,-1,noise
80576,-1,noise
900028,-1,noise
747743,-1,noise
89002,-1,noise
82311350,-1,noise
82321350,-1,noise
10093790,-1,noise
10094500,-1,noise
40229980,-1,noise
10099980,-1,noise
10091490,-1,noise
10093330,-1,noise
10092400,-1,noise
10492400,-1,noise
999928,-1,noise
84430,-1,noise
10161020,-1,noise
10162930,-1,noise
50063390,-1,noise
40199980,-1,noise
10049984,-1,noise
29095000,-1,noise
50138010,-1,noise
50138012,-1,noise
620083,-1,noise
620084,-1,noise
620085,-1,noise
900010,-1,noise
293001,-1,noise
620086,-1,noise
78525269,-1,noise
20380,-1,noise
920299,-1,noise
620087,-1,noise
620088,-1,noise
620089,-1,noise
610004,-1,noise
620090,-1,noise
620127,-1,noise
792978,-1,noise
194310,-1,noise
741483,-1,noise
623137,-1,noise
740414,-1,noise
18001164,-1,noise
18001166,-1,noise
18004640,-1,noise
18003810,-1,noise
18001146,-1,noise
18003790,-1,noise
220001,-1,noise
96695940,-1,noise
97251900,-1,noise
83900,-1,noise
U9550012,-1,noise
920275,-1,noise
22297757,-1,noise
83920,-1,noise
97275740,-1,noise
390026,-1,noise
10345340,-1,noise
10344880,-1,noise
10341390,-1,noise
10343740,-1,noise
10341000,-1,noise
10341010,-1,noise
31410,-1,noise
900065,-1,noise
530160,-1,noise
301122,-1,noise
291376,-1,noise
721193,-1,noise
744848,-1,noise
731212,-1,noise
91060,-1,noise
91063,-1,noise
25390,-1,noise
SP7046,-1,noise
34018,-1,noise
96602,-1,noise
2261422,-1,noise
269210,-1,noise
22133000,-1,noise
22133002,-1,noise
26927411,-1,noise
22110012,-1,noise
22097E1,-1,noise
22097D,-1,noise
25066,-1,noise
255052,-1,noise
255275,-1,noise
25269,-1,noise
255219,-1,noise
132425,-1,noise
22131124,-1,noise
22096NA,-1,noise
93014790,-1,noise
93012950,-1,noise
2209910,-1,noise
255052P,-1,noise
255275P,-1,noise
25269F,-1,noise
255219,-1,noise
132425,-1,noise
22168G,-1,noise
98490000,-1,noise
97765830,-1,noise
97175740,-1,noise
97205740,-1,noise
98025920,-1,noise
61105920,-1,noise
98022340,-1,noise
97405840,-1,noise
94660,-1,noise
970030,-1,noise
970231,-1,noise
970034,-1,noise
970028,-1,noise
9670189,-1,noise
9670182,-1,noise
623487,-1,noise
70425829,-1,noise
70415829,-1,noise
290072,-1,noise
121701,-1,noise
ICE,-1,noise
2159,-1,noise
85500,-1,noise
99999987,-1,noise
210597,-1,noise
50030,-1,noise
50140,-1,noise
50070,-1,noise
50050,-1,noise
99009980,-1,noise
95230,-1,noise
901223,-1,noise
59049960,-1,noise
16049980,-1,noise
16044544,-1,noise
16044545,-1,noise
16043794,-1,noise
16041396,-1,noise
16043896,-1,noise
16041201,-1,noise
16043744,-1,noise
16041074,-1,noise
16041002,-1,noise
16041004,-1,noise
16041000,-1,noise
16041001,-1,noise
16043556,-1,noise
16403556,-1,noise
16044956,-1,noise
120800001,-1,noise
16041013,-1,noise
16041162,-1,noise
16041024,-1,noise
16141024,-1,noise
16044674,-1,noise
16041076,-1,noise
16043352,-1,noise
16043354,-1,noise
16043364,-1,noise
16041075,-1,noise
16045164,-1,noise
16041144,-1,noise
11193794,-1,noise
11194496,-1,noise
111911440,-1,noise
11191014,-1,noise
11193575,-1,noise
11183575,-1,noise
11193694,-1,noise
11191214,-1,noise
11191211,-1,noise
11191002,-1,noise
11194564,-1,noise
11173575,-1,noise
11191013,-1,noise
11191162,-1,noise
11191162,-1,noise
11193334,-1,noise
11191142,-1,noise
11191144,-1,noise
11391876,-1,noise
11291310,-1,noise
11193744,-1,noise
11191320,-1,noise
11191120,-1,noise
150111,-1,noise
150012,-1,noise
150060,-1,noise
150011,-1,noise
158003,-1,noise
83770,-1,noise
96025,-1,noise
620004,-1,noise
620021,-1,noise
620091,-1,noise
SP732,-1,noise
94415070,-1,noise
390224,-1,noise
390027,-1,noise
38569901,-1,noise
290600,-1,noise
610008,-1,noise
620092,-1,noise
620093,-1,noise
620094,-1,noise
620095,-1,noise
610005,-1,noise
610518,-1,noise
619975,-1,noise
710030,-1,noise
90346032,-1,noise
90346W,-1,noise
84002,-1,noise
89003,-1,noise
85442,-1,noise
31102,-1,noise
742320,-1,noise
620096,-1,noise
95182,-1,noise
95000,-1,noise
95071,-1,noise
95140,-1,noise
95130,-1,noise
95092,-1,noise
95112,-1,noise
95032,-1,noise
95070,-1,noise
95021,-1,noise
95022,-1,noise
84620,-1,noise
96015,-1,noise
96030,-1,noise
96009,-1,noise
96005,-1,noise
96007,-1,noise
626350,-1,noise
610007,-1,noise
91098013,-1,noise
99999913,-1,noise
99999912,-1,noise
620022,-1,noise
620025,-1,noise
717272,-1,noise
620023,-1,noise
611952,-1,noise
716920,-1,noise
620024,-1,noise
620008,-1,noise
900654,-1,noise
96043,-1,noise
620097,-1,noise
620098,-1,noise
620099,-1,noise
626916,-1,noise
620100,-1,noise
621546,-1,noise
207900021,-1,noise
611911,-1,noise
207900041,-1,noise
207900025,-1,noise
624585,-1,noise
622657,-1,noise
622225,-1,noise
620101,-1,noise
97878950,-1,noise
40139980,-1,noise
40031060,-1,noise
190069,-1,noise
90614,-1,noise
906159,-1,noise
906166,-1,noise
920235,-1,noise
62232,-1,noise
62231,-1,noise
97595880,-1,noise
1319854,-1,noise
97642,-1,noise
621012,-1,noise
904345,-1,noise
31555,-1,noise
750020,-1,noise
141102,-1,noise
141108,-1,noise
144301,-1,noise
620052,-1,noise
85271,-1,noise
620128,-1,noise
620229,-1,noise
83970,-1,noise
91092,-1,noise
91093,-1,noise
10331020,-1,noise
10133690,-1,noise
40219980,-1,noise
84920,-1,noise
905551,-1,noise
84371,-1,noise
51013,-1,noise
72061789,-1,noise
78711649,-1,noise
78191649,-1,noise
78201789,-1,noise
580001,-1,noise
580002,-1,noise
620271,-1,noise
620521,-1,noise
99035,-1,noise
99046,-1,noise
84311,-1,noise
180012,-1,noise
11124544,-1,noise
11123693,-1,noise
11121032,-1,noise
11121204,-1,noise
11121201,-1,noise
11123344,-1,noise
111233440,-1,noise
11123744,-1,noise
11121002,-1,noise
11121001,-1,noise
11131000,-1,noise
11131002,-1,noise
11121012,-1,noise
11121320,-1,noise
11121120,-1,noise
11121022,-1,noise
11125342,-1,noise
11123353,-1,noise
11123334,-1,noise
11122404,-1,noise
11121142,-1,noise
11121144,-1,noise
11121141,-1,noise
41691,-1,noise
190057,-1,noise
96002,-1,noise
84510,-1,noise
310162,-1,noise
710001,-1,noise
711026,-1,noise
711227,-1,noise
711027,-1,noise
78881,-1,noise
610128,-1,noise
620027,-1,noise
99333331,-1,noise
620261,-1,noise
501390,-1,noise
620009,-1,noise
83460,-1,noise
901212,-1,noise
22081012,-1,noise
74,-1,noise
75,-1,noise
85740,-1,noise
85730,-1,noise
85720,-1,noise
85710,-1,noise
85700,-1,noise
85790,-1,noise
591011,-1,noise
590013,-1,noise
20009980,-1,noise
420008,-1,noise
56974600,-1,noise
420009,-1,noise
37862,-1,noise
12253,-1,noise
12250977,-1,noise
12250978,-1,noise
32305,-1,noise
30045,-1,noise
55629550,-1,noise
121214,-1,noise
55564400,-1,noise
20085960,-1,noise
28009980,-1,noise
20015440,-1,noise
420000,-1,noise
58479600,-1,noise
12262,-1,noise
51028002,-1,noise
52502000,-1,noise
20079980,-1,noise
51301400,-1,noise
30507,-1,noise
51503060,-1,noise
51503050,-1,noise
420500,-1,noise
1224420,-1,noise
12244,-1,noise
1224424,-1,noise
1224440,-1,noise
12246000,-1,noise
59560001,-1,noise
12265,-1,noise
122521,-1,noise
12252,-1,noise
20105960,-1,noise
121217,-1,noise
121215,-1,noise
20115960,-1,noise
30171,-1,noise
12254801,-1,noise
51503000,-1,noise
18022470,-1,noise
30114,-1,noise
20285960,-1,noise
58957770,-1,noise
123232,-1,noise
12249006,-1,noise
123235,-1,noise
57310630,-1,noise
57310681,-1,noise
57310631,-1,noise
36802,-1,noise
59990009,-1,noise
12257,-1,noise
20069980,-1,noise
37058,-1,noise
20059980,-1,noise
20051420,-1,noise
12186,-1,noise
18029210,-1,noise
59890110,-1,noise
30113,-1,noise
34090,-1,noise
20099980,-1,noise
36021,-1,noise
37322,-1,noise
12258E1,-1,noise
54956000,-1,noise
54735760,-1,noise
54735780,-1,noise
12180,-1,noise
12180,-1,noise
12174886,-1,noise
122105,-1,noise
59104210,-1,noise
12174879,-1,noise
30000,-1,noise
59124770,-1,noise
25092470,-1,noise
30010,-1,noise
54956150,-1,noise
25025970,-1,noise
25029980,-1,noise
12260,-1,noise
20031420,-1,noise
12261011,-1,noise
12261012,-1,noise
24029980,-1,noise
53256600,-1,noise
53255100,-1,noise
12322005,-1,noise
30055,-1,noise
427841,-1,noise
12322002,-1,noise
53943400,-1,noise
30506,-1,noise
122621,-1,noise
20089980,-1,noise
420019,-1,noise
59055112,-1,noise
59055114,-1,noise
59055116,-1,noise
59850550,-1,noise
30040,-1,noise
59319570,-1,noise
52319220,-1,noise
52319260,-1,noise
52309900,-1,noise
52319251,-1,noise
21019980,-1,noise
21009980,-1,noise
120718,-1,noise
120671,-1,noise
12009050,-1,noise
52142001,-1,noise
52142003,-1,noise
52142002,-1,noise
123146,-1,noise
12312102,-1,noise
23009980,-1,noise
50004852,-1,noise
58525200,-1,noise
31115,-1,noise
59713770,-1,noise
59713751,-1,noise
59713750,-1,noise
12086644,-1,noise
12086646,-1,noise
12086645,-1,noise
24019980,-1,noise
59885200,-1,noise
58652000,-1,noise
30162,-1,noise
420011,-1,noise
22029980,-1,noise
22029210,-1,noise
420772,-1,noise
45413,-1,noise
420052,-1,noise
420052,-1,noise
53235600,-1,noise
12268,-1,noise
58955050,-1,noise
53610420,-1,noise
420019,-1,noise
30219,-1,noise
12270,-1,noise
420012,-1,noise
59610300,-1,noise
53610400,-1,noise
59568970,-1,noise
59568980,-1,noise
20041230,-1,noise
122615,-1,noise
1226122,-1,noise
50000000,-1,noise
20009981,-1,noise
90019981,-1,noise
91259900,-1,noise
97103109,-1,noise
93220,-1,noise
90119980,-1,noise
750011,-1,noise
95138000,-1,noise
19,-1,noise
620038,-1,noise
620029,-1,noise
84432,-1,noise
410062,-1,noise
150400001,-1,noise
55005480,-1,noise
55001040,-1,noise
55015780,-1,noise
55001300,-1,noise
55111220,-1,noise
55001470,-1,noise
55004590,-1,noise
55004870,-1,noise
55003390,-1,noise
55002960,-1,noise
55001220,-1,noise
55001850,-1,noise
900227,-1,noise
900027,-1,noise
31500,-1,noise
33000,-1,noise
93940,-1,noise
906131,-1,noise
412115,-1,noise
411502,-1,noise
84560,-1,noise
84921,-1,noise
50133,-1,noise
50133401,-1,noise
50135,-1,noise
50130140,-1,noise
93693,-1,noise
990373,-1,noise
990323,-1,noise
990321,-1,noise
99038,-1,noise
990371,-1,noise
99030,-1,noise
990372,-1,noise
99029,-1,noise
99508505,-1,noise
10303694,-1,noise
10301211,-1,noise
190101,-1,noise
50148132,-1,noise
50148,-1,noise
920280,-1,noise
38355741,-1,noise
97645880,-1,noise
97655880,-1,noise
96675880,-1,noise
1834240,-1,noise
10141000,-1,noise
10141050,-1,noise
10141030,-1,noise
10142930,-1,noise
10141140,-1,noise
10149980,-1,noise
10143350,-1,noise
50031850,-1,noise
50034870,-1,noise
50035780,-1,noise
50031220,-1,noise
40272680,-1,noise
1383412Z,-1,noise
78932559,-1,noise
78229980,-1,noise
21053,-1,noise
210544,-1,noise
78231509,-1,noise
78221649,-1,noise
44001920,-1,noise
44003350,-1,noise
44103570,-1,noise
44233570,-1,noise
44001010,-1,noise
44011060,-1,noise
44809980,-1,noise
44503570,-1,noise
44403570,-1,noise
44401920,-1,noise
44171010,-1,noise
44132030,-1,noise
44131980,-1,noise
44181060,-1,noise
44121980,-1,noise
44123350,-1,noise
44704510,-1,noise
44211700,-1,noise
44191010,-1,noise
44209980,-1,noise
44221060,-1,noise
40239980,-1,noise
91300,-1,noise
83481,-1,noise
190065,-1,noise
94381613,-1,noise
900011,-1,noise
907503,-1,noise
900004,-1,noise
80001,-1,noise
78241529,-1,noise
78244369,-1,noise
78245829,-1,noise
97469,-1,noise
96344740,-1,noise
31560,-1,noise
22080207,-1,noise
392065,-1,noise
91111120,-1,noise
30571013,-1,noise
620156,-1,noise
95035034,-1,noise
95035035,-1,noise
180014,-1,noise
84222,-1,noise
550360,-1,noise
82630,-1,noise
11150,-1,noise
38861325,-1,noise
93556467,-1,noise
93667812,-1,noise
93668766,-1,noise
93100300,-1,noise
86050,-1,noise
901265,-1,noise
900212,-1,noise
83750,-1,noise
97873895,-1,noise
93530,-1,noise
87770,-1,noise
53224240,-1,noise
53324240,-1,noise
2213069,-1,noise
30062,-1,noise
10369470,-1,noise
SP012,-1,noise
22139,-1,noise
2239E1,-1,noise
290502,-1,noise
900282,-1,noise
50142010,-1,noise
50142011,-1,noise
920229,-1,noise
84400,-1,noise
746680,-1,noise
42040,-1,noise
42030,-1,noise
42050,-1,noise
42000,-1,noise
42020,-1,noise
41980,-1,noise
43447151,-1,noise
50435113,-1,noise
43469301,-1,noise
43469321,-1,noise
43400412,-1,noise
43446830,-1,noise
23046828,-1,noise
23468241,-1,noise
43468121,-1,noise
43478721,-1,noise
43480601,-1,noise
43473061,-1,noise
43478481,-1,noise
43200016,-1,noise
41835071,-1,noise
43471361,-1,noise
43469381,-1,noise
43447136,-1,noise
43469501,-1,noise
43468081,-1,noise
43486642,-1,noise
43478601,-1,noise
43490053,-1,noise
43400232,-1,noise
43430150,-1,noise
43490093,-1,noise
41300010,-1,noise
82550,-1,noise
84860,-1,noise
620005,-1,noise
98035920,-1,noise
97395840,-1,noise
78259989,-1,noise
30010001,-1,noise
30010010,-1,noise
30114,-1,noise
30111,-1,noise
360335,-1,noise
620543,-1,noise
83710,-1,noise
903001,-1,noise
90100,-1,noise
50000000,-1,noise
MISCR,-1,noise
MISC,-1,noise
MISCP,-1,noise
99999998,-1,noise
999019,-1,noise
168009,-1,noise
118017,-1,noise
128017,-1,noise
128015,-1,noise
128016,-1,noise
168024,-1,noise
138009,-1,noise
168011,-1,noise
128014,-1,noise
148017,-1,noise
83870,-1,noise
97483780,-1,noise
900610,-1,noise
96284740,-1,noise
23,-1,noise
40171002,-1,noise
85190,-1,noise
25110,-1,noise
901398,-1,noise
190066,-1,noise
34183250,-1,noise
22154,-1,noise
290560,-1,noise
224180,-1,noise
22157,-1,noise
920223,-1,noise
362007,-1,noise
2208810,-1,noise
85411,-1,noise
7019401,-1,noise
7019404,-1,noise
70194019,-1,noise
99126944,-1,noise
99124944,-1,noise
83372,-1,noise
83371,-1,noise
85288,-1,noise
70194012,-1,noise
31540,-1,noise
78964360,-1,noise
210526,-1,noise
210528,-1,noise
210527,-1,noise
78864369,-1,noise
78664360,-1,noise
78269989,-1,noise
78665829,-1,noise
91129,-1,noise
91141,-1,noise
91135,-1,noise
84960,-1,noise
50131911,-1,noise
91127,-1,noise
59552310,-1,noise
92003930,-1,noise
92029980,-1,noise
92019980,-1,noise
92013510,-1,noise
45407,-1,noise
45409,-1,noise
45411,-1,noise
37021212,-1,noise
97994,-1,noise
99521444,-1,noise
99534,-1,noise
31550,-1,noise
31551,-1,noise
450082,-1,noise
450210,-1,noise
450001,-1,noise
450002,-1,noise
450004,-1,noise
20761,-1,noise
10051160,-1,noise
10051876,-1,noise
10053757,-1,noise
10053330,-1,noise
50009980,-1,noise
60005620,-1,noise
88779,-1,noise
99200000,-1,noise
19991,-1,noise
420014,-1,noise
420015,-1,noise
SPS27832,-1,noise
219102,-1,noise
NSF,-1,noise
24091,-1,noise
740250,-1,noise
NSF,-1,noise
10253330,-1,noise
207900017,-1,noise
59124240,-1,noise
730442,-1,noise
84552,-1,noise
621215,-1,noise
750012,-1,noise
73052020,-1,noise
73005809,-1,noise
73075809,-1,noise
73052463,-1,noise
78299983,-1,noise
920290,-1,noise
620102,-1,noise
80663000,-1,noise
62090,-1,noise
73039988,-1,noise
21054P,-1,noise
71011,-1,noise
78559989,-1,noise
73064369,-1,noise
73014369,-1,noise
78554369,-1,noise
73014529,-1,noise
73019980,-1,noise
73012219,-1,noise
73115319,-1,noise
73021106,-1,noise
73121869,-1,noise
73034969,-1,noise
73039986,-1,noise
73039989,-1,noise
73051106,-1,noise
73054736,-1,noise
93214,-1,noise
90025860,-1,noise
93282,-1,noise
93300,-1,noise
80296,-1,noise
96314740,-1,noise
84680,-1,noise
942190,-1,noise
710962,-1,noise
OA,-1,noise
701747,-1,noise
701749,-1,noise
70175012,-1,noise
7017242,-1,noise
70173129,-1,noise
70179,-1,noise
7017451,-1,noise
701746,-1,noise
31600,-1,noise
70101500,-1,noise
70105829,-1,noise
50140304,-1,noise
50140301,-1,noise
94283,-1,noise
23009008,-1,noise
340084,-1,noise
620134,-1,noise
610121,-1,noise
620130,-1,noise
620131,-1,noise
610181,-1,noise
520193,-1,noise
590604,-1,noise
520195,-1,noise
620391,-1,noise
740718,-1,noise
610162,-1,noise
912801,-1,noise
75356970,-1,noise
912769,-1,noise
84053,-1,noise
16021050,-1,noise
116600002,-1,noise
150009,-1,noise
150005,-1,noise
16023544,-1,noise
16024640,-1,noise
16021130,-1,noise
16023365,-1,noise
150006,-1,noise
16021074,-1,noise
16021214,-1,noise
16021002,-1,noise
16021012,-1,noise
16021014,-1,noise
16021010,-1,noise
16021013,-1,noise
16021874,-1,noise
16025164,-1,noise
16023334,-1,noise
84945,-1,noise
96775890,-1,noise
99910522,-1,noise
180016,-1,noise
180019,-1,noise
180022,-1,noise
10429980,-1,noise
10421050,-1,noise
10521050,-1,noise
10421370,-1,noise
10423760,-1,noise
10421070,-1,noise
10401010,-1,noise
10393330,-1,noise
10394630,-1,noise
10391010,-1,noise
10391070,-1,noise
10393690,-1,noise
10391160,-1,noise
10391870,-1,noise
10391020,-1,noise
10391140,-1,noise
10391145,-1,noise
10393760,-1,noise
80163,-1,noise
83810,-1,noise
78389980,-1,noise
80165,-1,noise
59055218,-1,noise
81001,-1,noise
530152,-1,noise
530152,-1,noise
315742,-1,noise
314622,-1,noise
410063,-1,noise
750052,-1,noise
610018,-1,noise
620323,-1,noise
9058,-1,noise
203801,-1,noise
99900,-1,noise
83630,-1,noise
594368,-1,noise
537452,-1,noise
71007,-1,noise
524369,-1,noise
71008,-1,noise
594369,-1,noise
540320,-1,noise
71010,-1,noise
597151,-1,noise
560020,-1,noise
90271132,-1,noise
13441017,-1,noise
35020000,-1,noise
35020001,-1,noise
22175,-1,noise
83380,-1,noise
96334740,-1,noise
50130560,-1,noise
99983210,-1,noise
99333330,-1,noise
99538,-1,noise
99526T,-1,noise
99521T,-1,noise
99550,-1,noise
99552,-1,noise
SP0011,-1,noise
SP0010,-1,noise
83790,-1,noise
22080234,-1,noise
22080236,-1,noise
83793,-1,noise
85164,-1,noise
97116,-1,noise
85237,-1,noise
31620,-1,noise
80512BK,-1,noise
80512B1,-1,noise
80590016,-1,noise
80590005,-1,noise
80590020,-1,noise
80590012,-1,noise
150010,-1,noise
220101,-1,noise
1832013,-1,noise
1832011,-1,noise
18ND085,-1,noise
22010V,-1,noise
91090115,-1,noise
91090119,-1,noise
13ND263,-1,noise
13ND261,-1,noise
13ND262,-1,noise
357112,-1,noise
36,-1,noise
85220,-1,noise
83490,-1,noise
83450,-1,noise
31041,-1,noise
901610,-1,noise
85020,-1,noise
13073693,-1,noise
13071211,-1,noise
31630,-1,noise
34232635,-1,noise
34232655,-1,noise
31645,-1,noise
941204,-1,noise
22080178,-1,noise
22080195,-1,noise
22080222,-1,noise
31642,-1,noise
5014412,-1,noise
31680,-1,noise
501555,-1,noise
50140,-1,noise
50146,-1,noise
85162,-1,noise
501385,-1,noise
84150,-1,noise
40171010,-1,noise
90526012,-1,noise
90527,-1,noise
90527465,-1,noise
38146235,-1,noise
38782501,-1,noise
78282829,-1,noise
360705,-1,noise
320808,-1,noise
390423,-1,noise
23147745,-1,noise
390471,-1,noise
22610800,-1,noise
390269,-1,noise
211022,-1,noise
398411,-1,noise
76127842,-1,noise
389354,-1,noise
76111000,-1,noise
451034,-1,noise
76127841,-1,noise
19250,-1,noise
350354,-1,noise
20489,-1,noise
18030762,-1,noise
170861,-1,noise
91149,-1,noise
91148468,-1,noise
31004000,-1,noise
48041530,-1,noise
47041150,-1,noise
900085,-1,noise
900084,-1,noise
190930,-1,noise
190540,-1,noise
900046,-1,noise
280023,-1,noise
20400,-1,noise
39000305,-1,noise
20402,-1,noise
280018,-1,noise
280017,-1,noise
31660,-1,noise
50120142,-1,noise
83501,-1,noise
50120156,-1,noise
20486,-1,noise
96531249,-1,noise
84950,-1,noise
420180,-1,noise
84054,-1,noise
84050,-1,noise
9027510,-1,noise
90907,-1,noise
501572,-1,noise
9524009,-1,noise
9524008,-1,noise
290019,-1,noise
47264,-1,noise
SP1052,-1,noise
10271050,-1,noise
10271080,-1,noise
21851,-1,noise
21863,-1,noise
31101,-1,noise
86910,-1,noise
84120,-1,noise
87000,-1,noise
87010,-1,noise
84100,-1,noise
84101,-1,noise
84140,-1,noise
84102,-1,noise
88781,-1,noise
87525,-1,noise
99529,-1,noise
91200,-1,noise
83530,-1,noise
PO,-1,noise
96715620,-1,noise
SP709,-1,noise
94425070,-1,noise
97715830,-1,noise
97484780,-1,noise
97485780,-1,noise
97495780,-1,noise
78915829,-1,noise
78329989,-1,noise
78324369,-1,noise
78624369,-1,noise
78724369,-1,noise
78801649,-1,noise
78811649,-1,noise
78821649,-1,noise
96675620,-1,noise
994036,-1,noise
38,-1,noise
24770,-1,noise
20026,-1,noise
46089980,-1,noise
46089990,-1,noise
20103,-1,noise
SP2302,-1,noise
1317877,-1,noise
13175B,-1,noise
13170206,-1,noise
1316410,-1,noise
13170997,-1,noise
13170994,-1,noise
131466,-1,noise
13140I,-1,noise
13142,-1,noise
13176,-1,noise
13170172,-1,noise
13172,-1,noise
250350,-1,noise
24450,-1,noise
20271,-1,noise
37080202,-1,noise
21870,-1,noise
21864,-1,noise
21800,-1,noise
21861,-1,noise
230001,-1,noise
230003,-1,noise
22230,-1,noise
21820,-1,noise
21880,-1,noise
21840,-1,noise
21830,-1,noise
21832,-1,noise
1305456,-1,noise
13050779,-1,noise
21831,-1,noise
13050782,-1,noise
130504,-1,noise
230005,-1,noise
21860,-1,noise
21850,-1,noise
43019990,-1,noise
13050120,-1,noise
13050568,-1,noise
43011190,-1,noise
130502PE,-1,noise
230007,-1,noise
13050188,-1,noise
13050189,-1,noise
230002,-1,noise
39000390,-1,noise
130508,-1,noise
13050127,-1,noise
13050568,-1,noise
13088704,-1,noise
13050189,-1,noise
20105,-1,noise
20238,-1,noise
13230,-1,noise
40181960,-1,noise
13209,-1,noise
13209F,-1,noise
40189960,-1,noise
280200,-1,noise
20343,-1,noise
20344,-1,noise
10427A,-1,noise
10428A,-1,noise
1042710,-1,noise
1042779,-1,noise
SP218,-1,noise
SP2181,-1,noise
20570,-1,noise
SP221,-1,noise
132217,-1,noise
132215,-1,noise
20630,-1,noise
46099990,-1,noise
260109,-1,noise
31002000,-1,noise
260009,-1,noise
260002,-1,noise
124578,-1,noise
260007,-1,noise
260003,-1,noise
20051,-1,noise
260004,-1,noise
260006,-1,noise
260008,-1,noise
260005,-1,noise
20050,-1,noise
34500009,-1,noise
39000030,-1,noise
39000050,-1,noise
13220,-1,noise
132995,-1,noise
21114,-1,noise
9120944,-1,noise
9120922,-1,noise
13329010,-1,noise
13328993,-1,noise
133278,-1,noise
1332878,-1,noise
13327,-1,noise
13328046,-1,noise
1332899,-1,noise
13328880,-1,noise
13328890,-1,noise
133292,-1,noise
13332307,-1,noise
1332920,-1,noise
32112110,-1,noise
33716001,-1,noise
33721215,-1,noise
207900016,-1,noise
240069,-1,noise
240681,-1,noise
240104,-1,noise
240074,-1,noise
SP213,-1,noise
240008,-1,noise
240056,-1,noise
240087,-1,noise
240078,-1,noise
1302614,-1,noise
13328915,-1,noise
290200,-1,noise
240100,-1,noise
292200,-1,noise
13212101,-1,noise
39101000,-1,noise
21000,-1,noise
39000355,-1,noise
290236,-1,noise
SP219,-1,noise
31030002,-1,noise
13208202,-1,noise
20240,-1,noise
20241,-1,noise
132097,-1,noise
39009000,-1,noise
33040005,-1,noise
1321993,-1,noise
132131,-1,noise
13214,-1,noise
13212,-1,noise
132081,-1,noise
13208884,-1,noise
13208,-1,noise
13208886,-1,noise
13208887,-1,noise
13208CU,-1,noise
40071190,-1,noise
1320814,-1,noise
13208124,-1,noise
13208885,-1,noise
132085,-1,noise
39000081,-1,noise
39000129,-1,noise
920245,-1,noise
39000126,-1,noise
39000110,-1,noise
39000125,-1,noise
20250,-1,noise
20251,-1,noise
13202661,-1,noise
1320211,-1,noise
SP225,-1,noise
290099,-1,noise
38119000,-1,noise
36200000,-1,noise
38122000,-1,noise
36123000,-1,noise
36111000,-1,noise
38121000,-1,noise
38121003,-1,noise
290231,-1,noise
290505,-1,noise
290805,-1,noise
34202710,-1,noise
130032,-1,noise
1300390,-1,noise
13003,-1,noise
41211110,-1,noise
1301310,-1,noise
13006D,-1,noise
130060,-1,noise
13004104,-1,noise
13004103,-1,noise
34202504,-1,noise
34214354,-1,noise
40189990,-1,noise
34314079,-1,noise
34457200,-1,noise
34405300,-1,noise
34672208,-1,noise
34751240,-1,noise
34350000,-1,noise
34391509,-1,noise
34400009,-1,noise
34890100,-1,noise
34955507,-1,noise
34260807,-1,noise
34868904,-1,noise
34864107,-1,noise
41149980,-1,noise
34207709,-1,noise
34455500,-1,noise
13136985,-1,noise
13135603,-1,noise
13135777,-1,noise
13135604,-1,noise
12088609,-1,noise
34457819,-1,noise
34924889,-1,noise
34924888,-1,noise
40149980,-1,noise
34410108,-1,noise
1320810,-1,noise
20420,-1,noise
20281,-1,noise
20280,-1,noise
19100001,-1,noise
132103,-1,noise
13209I,-1,noise
34405911,-1,noise
220160,-1,noise
34405910,-1,noise
220160,-1,noise
41271530,-1,noise
SP252,-1,noise
41279990,-1,noise
13136,-1,noise
13136998,-1,noise
13136998,-1,noise
13138,-1,noise
20261,-1,noise
41272010,-1,noise
41274160,-1,noise
41273350,-1,noise
41271920,-1,noise
41279980,-1,noise
292258,-1,noise
20530,-1,noise
39000970,-1,noise
139282,-1,noise
21141,-1,noise
31020000,-1,noise
39000140,-1,noise
20310,-1,noise
20669,-1,noise
13209K,-1,noise
34935610,-1,noise
20490,-1,noise
34000000,-1,noise
39000112,-1,noise
13216P,-1,noise
1325,-1,noise
13219P,-1,noise
20510,-1,noise
33010200,-1,noise
33018222,-1,noise
33018220,-1,noise
33018221,-1,noise
33030000,-1,noise
32100134,-1,noise
32000210,-1,noise
32840000,-1,noise
1301190,-1,noise
1305682,-1,noise
13056045,-1,noise
13056066,-1,noise
13076,-1,noise
130769,-1,noise
13066065,-1,noise
13066S1,-1,noise
13066067,-1,noise
13066458,-1,noise
13066072,-1,noise
1306619,-1,noise
13069044,-1,noise
13184,-1,noise
13080131,-1,noise
13080120,-1,noise
1308IN,-1,noise
13073,-1,noise
130810,-1,noise
13083789,-1,noise
13188,-1,noise
13084212,-1,noise
1307291,-1,noise
1307290,-1,noise
13191,-1,noise
20104,-1,noise
SP223,-1,noise
20106,-1,noise
240750,-1,noise
21112,-1,noise
20115,-1,noise
39090000,-1,noise
33040000,-1,noise
33110000,-1,noise
33158000,-1,noise
240004,-1,noise
33410001,-1,noise
33018201,-1,noise
33170140,-1,noise
33018234,-1,noise
33028500,-1,noise
33716650,-1,noise
33714001,-1,noise
33716000,-1,noise
33716011,-1,noise
33714659,-1,noise
33990002,-1,noise
33726010,-1,noise
33721200,-1,noise
33960000,-1,noise
33726250,-1,noise
240009,-1,noise
240171,-1,noise
33044001,-1,noise
33210000,-1,noise
13011,-1,noise
33320000,-1,noise
13017971,-1,noise
240006,-1,noise
240147,-1,noise
1305010,-1,noise
13012098,-1,noise
240005,-1,noise
20002,-1,noise
250300,-1,noise
250225,-1,noise
240095,-1,noise
21116,-1,noise
21115,-1,noise
39909000,-1,noise
39510527,-1,noise
240001,-1,noise
240017,-1,noise
13058,-1,noise
1304245Z,-1,noise
13066073,-1,noise
13073A,-1,noise
13080120,-1,noise
13084212,-1,noise
1301058,-1,noise
130813,-1,noise
130812,-1,noise
1301806,-1,noise
13011786,-1,noise
13017973,-1,noise
1301203,-1,noise
33027500,-1,noise
240026,-1,noise
13209128,-1,noise
39000190,-1,noise
39000933,-1,noise
39000200,-1,noise
39000210,-1,noise
31003000,-1,noise
34751220,-1,noise
270002,-1,noise
270001,-1,noise
SP2412,-1,noise
290208,-1,noise
34664021,-1,noise
34200010,-1,noise
SP10055,-1,noise
SP10052,-1,noise
39630716,-1,noise
20815,-1,noise
20130,-1,noise
250255,-1,noise
33010000,-1,noise
35213905,-1,noise
32710014,-1,noise
32200100,-1,noise
32110150,-1,noise
32020080,-1,noise
32002090,-1,noise
32113160,-1,noise
250560,-1,noise
250006,-1,noise
32300000,-1,noise
32440000,-1,noise
33110951,-1,noise
32430000,-1,noise
32330010,-1,noise
250022,-1,noise
207900042,-1,noise
250330,-1,noise
32870000,-1,noise
32790030,-1,noise
20460,-1,noise
13190AM,-1,noise
32500002,-1,noise
32500000,-1,noise
13192AM,-1,noise
20600,-1,noise
45079980,-1,noise
13208D,-1,noise
39000230,-1,noise
620123,-1,noise
620129,-1,noise
620104,-1,noise
86690,-1,noise
620540,-1,noise
920218,-1,noise
620541,-1,noise
38746840,-1,noise
38518007,-1,noise
38146990,-1,noise
SP2616,-1,noise
620118,-1,noise
207900026,-1,noise
38746931,-1,noise
39000240,-1,noise
220335,-1,noise
220609,-1,noise
21829,-1,noise
290237,-1,noise
13039IN,-1,noise
13039I3,-1,noise
1303912,-1,noise
13038,-1,noise
1303924,-1,noise
13001191,-1,noise
13034442,-1,noise
13034SW,-1,noise
1304586,-1,noise
25864085,-1,noise
130364,-1,noise
130359,-1,noise
130358,-1,noise
135612,-1,noise
1304100,-1,noise
1304115,-1,noise
13025,-1,noise
91245630,-1,noise
9120911,-1,noise
31030001,-1,noise
31001012,-1,noise
31001001,-1,noise
31011000,-1,noise
31010000,-1,noise
290035,-1,noise
20000,-1,noise
SP222,-1,noise
20001,-1,noise
20000,-1,noise
20074,-1,noise
39630715,-1,noise
39630718,-1,noise
240133,-1,noise
20110,-1,noise
40141060,-1,noise
13208774,-1,noise
13208775,-1,noise
13208M,-1,noise
280019,-1,noise
22220,-1,noise
22249,-1,noise
22240,-1,noise
22247,-1,noise
22246,-1,noise
21521,-1,noise
20511,-1,noise
132019,-1,noise
39000270,-1,noise
20330,-1,noise
39000271,-1,noise
250503,-1,noise
1317910,-1,noise
13177C,-1,noise
13177IN,-1,noise
13177IN,-1,noise
13177185,-1,noise
250040,-1,noise
250015,-1,noise
13123024,-1,noise
13129,-1,noise
13129,-1,noise
131771,-1,noise
20140,-1,noise
20168,-1,noise
32200490,-1,noise
32200300,-1,noise
20166,-1,noise
45031250,-1,noise
13208255,-1,noise
39000280,-1,noise
290100,-1,noise
290238,-1,noise
20300,-1,noise
290110,-1,noise
290240,-1,noise
290202,-1,noise
290241,-1,noise
39000300,-1,noise
20340,-1,noise
13217A12,-1,noise
20341,-1,noise
13217A12,-1,noise
22250,-1,noise
290201,-1,noise
240016,-1,noise
33080007,-1,noise
240015,-1,noise
240115,-1,noise
240014,-1,noise
240019,-1,noise
1311768,-1,noise
1311908,-1,noise
20290,-1,noise
132192,-1,noise
13218,-1,noise
39000360,-1,noise
39000335,-1,noise
20011,-1,noise
48059980,-1,noise
39000370,-1,noise
39000380,-1,noise
20320,-1,noise
290229,-1,noise
47072080,-1,noise
13208S,-1,noise
130501,-1,noise
132100,-1,noise
13208B,-1,noise
13172012,-1,noise
13138000,-1,noise
13208003,-1,noise
13208002,-1,noise
13148,-1,noise
13210SB,-1,noise
13192PK,-1,noise
13192999,-1,noise
13045A,-1,noise
13045D,-1,noise
13044,-1,noise
13044,-1,noise
1303011,-1,noise
22019019,-1,noise
74153,-1,noise
144164,-1,noise
144181,-1,noise
144299,-1,noise
144204,-1,noise
84940,-1,noise
190130,-1,noise
908053,-1,noise
50130585,-1,noise
50130559,-1,noise
50130553,-1,noise
50130545,-1,noise
80614,-1,noise
80613,-1,noise
1329914,-1,noise
31650,-1,noise
90009074,-1,noise
90009016,-1,noise
90271131,-1,noise
84450,-1,noise
32500003,-1,noise
190163,-1,noise
20306,-1,noise
971118598,-1,noise
971119598,-1,noise
712820,-1,noise
24050,-1,noise
96537379,-1,noise
10000000,-1,noise
12,-1,noise
5013062,-1,noise
83260,-1,noise
161027,-1,noise
161024,-1,noise
141021,-1,noise
190096,-1,noise
141009,-1,noise
920228,-1,noise
171171,-1,noise
141019,-1,noise
410064,-1,noise
410068,-1,noise
410069,-1,noise
999998,-1,noise
620020,-1,noise
86130,-1,noise
240067,-1,noise
240011,-1,noise
22228994,-1,noise
222522,-1,noise
2223121,-1,noise
22228,-1,noise
754116,-1,noise
85165,-1,noise
97666,-1,noise
59032730,-1,noise
390222,-1,noise
392001,-1,noise
293030,-1,noise
97002730,-1,noise
291372,-1,noise
128703,-1,noise
138724,-1,noise
188368,-1,noise
A6,-1,noise
10200,-1,noise
10201,-1,noise
77533360,-1,noise
10202,-1,noise
968206,-1,noise
1478,-1,noise
78545000,-1,noise
78545600,-1,noise
32110,-1,noise
20144A,-1,noise
98009980,-1,noise
450021,-1,noise
31690,-1,noise
501321,-1,noise
620894,-1,noise
95968000,-1,noise
95105110,-1,noise
95136070,-1,noise
620105,-1,noise
620106,-1,noise
620107,-1,noise
90300,-1,noise
85361,-1,noise
31720,-1,noise
31003,-1,noise
31700,-1,noise
83305,-1,noise
83510,-1,noise
97725830,-1,noise
31730,-1,noise
80345,-1,noise
82340,-1,noise
81340,-1,noise
77109981,-1,noise
77101809,-1,noise
77109980,-1,noise
904535,-1,noise
10381050,-1,noise
10389980,-1,noise
10371310,-1,noise
10371000,-1,noise
10371050,-1,noise
91160134,-1,noise
22305,-1,noise
12120,-1,noise
920226,-1,noise
730185,-1,noise
610334,-1,noise
721797,-1,noise
720797,-1,noise
620007,-1,noise
908105,-1,noise
908106,-1,noise
590002,-1,noise
908103,-1,noise
908108,-1,noise
999996,-1,noise
908107,-1,noise
590004,-1,noise
30210,-1,noise
250021,-1,noise
SP2601,-1,noise
233055,-1,noise
45074700,-1,noise
164189,-1,noise
161010,-1,noise
13281120,-1,noise
250010,-1,noise
190224,-1,noise
164180,-1,noise
250250,-1,noise
45081061,-1,noise
45083350,-1,noise
45079980,-1,noise
45071830,-1,noise
450799809,-1,noise
163011,-1,noise
250215,-1,noise
82000,-1,noise
82170,-1,noise
17151002,-1,noise
164099,-1,noise
17119984,-1,noise
17111012,-1,noise
17113370,-1,noise
17114640,-1,noise
17113380,-1,noise
17114636,-1,noise
17111130,-1,noise
164117,-1,noise
17325381,-1,noise
168012,-1,noise
160009,-1,noise
161002,-1,noise
164097,-1,noise
164098,-1,noise
17091004,-1,noise
168001,-1,noise
160419,-1,noise
17213690,-1,noise
165001,-1,noise
164005,-1,noise
17113680,-1,noise
17211020,-1,noise
17119986,-1,noise
17093694,-1,noise
17113556,-1,noise
17095723,-1,noise
17111076,-1,noise
17112401,-1,noise
17223520,-1,noise
17121000,-1,noise
17091454,-1,noise
160811,-1,noise
17101077,-1,noise
17091177,-1,noise
17102267,-1,noise
17091077,-1,noise
160680,-1,noise
164006,-1,noise
160001,-1,noise
160280,-1,noise
207900011,-1,noise
17193574,-1,noise
167050,-1,noise
54963,-1,noise
44369980,-1,noise
250005,-1,noise
250003,-1,noise
250270,-1,noise
250001,-1,noise
299025,-1,noise
84520,-1,noise
82552,-1,noise
85250,-1,noise
84980,-1,noise
84280,-1,noise
84530,-1,noise
84580,-1,noise
90609,-1,noise
92280100,-1,noise
18062765,-1,noise
750013,-1,noise
620039,-1,noise
620041,-1,noise
625464,-1,noise
626789,-1,noise
623856,-1,noise
620030,-1,noise
34087,-1,noise
81115360,-1,noise
20018996,-1,noise
20018994,-1,noise
20018999,-1,noise
20018990,-1,noise
20023,-1,noise
20027,-1,noise
95180,-1,noise
10140,-1,noise
900222,-1,noise
906004,-1,noise
8906,-1,noise
906006,-1,noise
83631,-1,noise
35,-1,noise
31740,-1,noise
85238,-1,noise
92401900,-1,noise
624894,-1,noise
621234,-1,noise
25252,-1,noise
390028,-1,noise
78332219,-1,noise
170000,-1,noise
11031002,-1,noise
11033334,-1,noise
97031,-1,noise
43461301,-1,noise
95505146,-1,noise
711612,-1,noise
620031,-1,noise
720575,-1,noise
95405,-1,noise
95406,-1,noise
95407,-1,noise
95402,-1,noise
95401,-1,noise
112999,-1,noise
20383,-1,noise
20385,-1,noise
50PT19,-1,noise
38448900,-1,noise
224411,-1,noise
224410,-1,noise
38888500,-1,noise
22249,-1,noise
38447600,-1,noise
22254,-1,noise
2229058,-1,noise
2229052,-1,noise
2229056,-1,noise
2229072,-1,noise
228866,-1,noise
38116066,-1,noise
220831,-1,noise
220608,-1,noise
22ND012,-1,noise
22ND031,-1,noise
224410Z,-1,noise
22260,-1,noise
2229072,-1,noise
228866,-1,noise
98031640,-1,noise
78343650,-1,noise
590001,-1,noise
78342999,-1,noise
78341649,-1,noise
78341549,-1,noise
78895829,-1,noise
78795829,-1,noise
78749980,-1,noise
99992,-1,noise
71200,-1,noise
911681,-1,noise
88052,-1,noise
9020184,-1,noise
90273,-1,noise
793610,-1,noise
94016,-1,noise
84341,-1,noise
84340,-1,noise
71209,-1,noise
12345677,-1,noise
99920,-1,noise
920231,-1,noise
190000,-1,noise
96374740,-1,noise
920220,-1,noise
95062,-1,noise
22010,-1,noise
740756,-1,noise
96033,-1,noise
78522219,-1,noise
9620217,-1,noise
91021,-1,noise
90342015,-1,noise
40171023,-1,noise
40171009,-1,noise
22080214,-1,noise
911683,-1,noise
911685,-1,noise
90342020,-1,noise
90342019,-1,noise
91022,-1,noise
90342018,-1,noise
90342003,-1,noise
914025,-1,noise
917PQ20,-1,noise
18030760,-1,noise
501387,-1,noise
97416030,-1,noise
13973188,-1,noise
13974138,-1,noise
13968882,-1,noise
13976510,-1,noise
38141911,-1,noise
38172011,-1,noise
38140001,-1,noise
38100141,-1,noise
14036AN,-1,noise
14039,-1,noise
14036909,-1,noise
14040,-1,noise
14037S,-1,noise
38094070,-1,noise
13968862,-1,noise
38221333,-1,noise
38235107,-1,noise
38293000,-1,noise
38230061,-1,noise
38278703,-1,noise
38221330,-1,noise
38263007,-1,noise
38231349,-1,noise
38219903,-1,noise
38524250,-1,noise
38120256,-1,noise
28705000,-1,noise
38311006,-1,noise
28721217,-1,noise
38480509,-1,noise
13939A,-1,noise
20441,-1,noise
20442,-1,noise
97455850,-1,noise
97445850,-1,noise
13964112,-1,noise
22251,-1,noise
2000B,-1,noise
140886,-1,noise
139801,-1,noise
2225C,-1,noise
13976351,-1,noise
13976349,-1,noise
1396800,-1,noise
22139656,-1,noise
13976347,-1,noise
13976346,-1,noise
139765,-1,noise
139122,-1,noise
13944585,-1,noise
38970100,-1,noise
1392095,-1,noise
22139662,-1,noise
139642,-1,noise
1392105,-1,noise
97145740,-1,noise
34065,-1,noise
92295,-1,noise
38500000,-1,noise
13969,-1,noise
38599040,-1,noise
38519000,-1,noise
38519009,-1,noise
38518057,-1,noise
38516709,-1,noise
38519905,-1,noise
4008050,-1,noise
38515980,-1,noise
38569900,-1,noise
38553017,-1,noise
38529000,-1,noise
38566900,-1,noise
38519010,-1,noise
38895950,-1,noise
13919,-1,noise
13916,-1,noise
38760180,-1,noise
28175459,-1,noise
20472,-1,noise
13968863,-1,noise
1402909,-1,noise
1402906,-1,noise
38570200,-1,noise
38760185,-1,noise
13912594,-1,noise
97425840,-1,noise
13946,-1,noise
97375840,-1,noise
97445840,-1,noise
97495850,-1,noise
34080,-1,noise
34075,-1,noise
13914,-1,noise
13920550,-1,noise
13968783,-1,noise
14014,-1,noise
13928878,-1,noise
34059,-1,noise
38801629,-1,noise
38740635,-1,noise
38815149,-1,noise
38825630,-1,noise
38825620,-1,noise
38565607,-1,noise
38918413,-1,noise
13918,-1,noise
13991,-1,noise
1396116,-1,noise
13964,-1,noise
14025138,-1,noise
34081,-1,noise
38977742,-1,noise
34045,-1,noise
14019G,-1,noise
140190,-1,noise
14036S,-1,noise
34047,-1,noise
34044,-1,noise
34030,-1,noise
34056,-1,noise
34046,-1,noise
34043,-1,noise
38944590,-1,noise
38910730,-1,noise
134826,-1,noise
144610,-1,noise
144610,-1,noise
38910801,-1,noise
140424,-1,noise
140422,-1,noise
38325250,-1,noise
68590000,-1,noise
13917,-1,noise
14025146,-1,noise
13911463,-1,noise
13911452,-1,noise
38569800,-1,noise
34048,-1,noise
10261390,-1,noise
701758,-1,noise
70860,-1,noise
70880,-1,noise
70870,-1,noise
61050,-1,noise
61071,-1,noise
61040,-1,noise
71840,-1,noise
78384369,-1,noise
78364759,-1,noise
78764369,-1,noise
78885829,-1,noise
78371529,-1,noise
78754369,-1,noise
96044,-1,noise
99502,-1,noise
53152,-1,noise
20220,-1,noise
80392070,-1,noise
80159000,-1,noise
80568490,-1,noise
80569990,-1,noise
80245040,-1,noise
80103115,-1,noise
80601030,-1,noise
80601041,-1,noise
80601040,-1,noise
80601090,-1,noise
80553388,-1,noise
80149800,-1,noise
80778900,-1,noise
80336700,-1,noise
80336900,-1,noise
80608100,-1,noise
80300020,-1,noise
78654369,-1,noise
78595829,-1,noise
78391529,-1,noise
78391789,-1,noise
80457890,-1,noise
80704000,-1,noise
SP5081,-1,noise
80707000,-1,noise
80804400,-1,noise
80314001,-1,noise
80719000,-1,noise
80364100,-1,noise
80314000,-1,noise
80608000,-1,noise
81080057,-1,noise
80803630,-1,noise
80772500,-1,noise
80521000,-1,noise
80336600,-1,noise
900002,-1,noise
95035033,-1,noise
95035036,-1,noise
95035023,-1,noise
95035026,-1,noise
95035038,-1,noise
95035020,-1,noise
95261,-1,noise
95262,-1,noise
95035039,-1,noise
70010,-1,noise
13700510,-1,noise
20605570,-1,noise
33080140,-1,noise
91110,-1,noise
77533350,-1,noise
450029,-1,noise
31670,-1,noise
90500,-1,noise
905300,-1,noise
97185750,-1,noise
97456030,-1,noise
7017281,-1,noise
31790,-1,noise
84440,-1,noise
85163,-1,noise
34226,-1,noise
123,-1,noise
15023795,-1,noise
15031000,-1,noise
15021003,-1,noise
15021004,-1,noise
15021164,-1,noise
15024640,-1,noise
15021320,-1,noise
15023420,-1,noise
15021025,-1,noise
15021874,-1,noise
15021875,-1,noise
15023600,-1,noise
15023334,-1,noise
15021144,-1,noise
15023810,-1,noise
15021130,-1,noise
141003,-1,noise
144016,-1,noise
124001,-1,noise
13185004,-1,noise
13185003,-1,noise
16055066,-1,noise
13185024,-1,noise
16053896,-1,noise
16051215,-1,noise
16053746,-1,noise
16056010,-1,noise
13185013,-1,noise
16051590,-1,noise
16051070,-1,noise
16053770,-1,noise
16051074,-1,noise
16051142,-1,noise
93296,-1,noise
93293,-1,noise
93300890,-1,noise
144972,-1,noise
31880,-1,noise
750054,-1,noise
72840,-1,noise
SP542,-1,noise
SP539,-1,noise
71206,-1,noise
70810,-1,noise
21210123,-1,noise
212161,-1,noise
212163,-1,noise
212162,-1,noise
83482,-1,noise
21225203,-1,noise
212349,-1,noise
212346,-1,noise
SP546,-1,noise
81200,-1,noise
21226,-1,noise
21226C,-1,noise
73551,-1,noise
90101,-1,noise
21255,-1,noise
21207,-1,noise
21232A,-1,noise
2122410,-1,noise
212321,-1,noise
21201A,-1,noise
74045809,-1,noise
74044360,-1,noise
74019980,-1,noise
74029989,-1,noise
74014369,-1,noise
74994369,-1,noise
74131105,-1,noise
71549989,-1,noise
74111501,-1,noise
74209989,-1,noise
74191109,-1,noise
74204370,-1,noise
74202579,-1,noise
74111500,-1,noise
74559989,-1,noise
74669989,-1,noise
74364369,-1,noise
74664369,-1,noise
74724369,-1,noise
74161109,-1,noise
74169989,-1,noise
74121260,-1,noise
74145679,-1,noise
74149989,-1,noise
74844759,-1,noise
74144419,-1,noise
74145589,-1,noise
74141106,-1,noise
74709989,-1,noise
74514759,-1,noise
74541269,-1,noise
74544759,-1,noise
74553489,-1,noise
74155829,-1,noise
74529989,-1,noise
74521269,-1,noise
74565829,-1,noise
74164412,-1,noise
74229989,-1,noise
74825409,-1,noise
74221269,-1,noise
74229985,-1,noise
74224759,-1,noise
74324360,-1,noise
74231269,-1,noise
74244759,-1,noise
74234759,-1,noise
74244360,-1,noise
72234369,-1,noise
74241529,-1,noise
74245689,-1,noise
74251269,-1,noise
74275199,-1,noise
74272119,-1,noise
74272115,-1,noise
74274360,-1,noise
74301269,-1,noise
74319989,-1,noise
74312009,-1,noise
74735309,-1,noise
74834369,-1,noise
74791387,-1,noise
74335539,-1,noise
74351457,-1,noise
74354369,-1,noise
74365559,-1,noise
74361457,-1,noise
74601387,-1,noise
74601509,-1,noise
74429989,-1,noise
74423947,-1,noise
74449980,-1,noise
74434999,-1,noise
74674759,-1,noise
74435569,-1,noise
74434759,-1,noise
74469980,-1,noise
74509980,-1,noise
74469989,-1,noise
74461269,-1,noise
74504360,-1,noise
74509981,-1,noise
74481109,-1,noise
74484759,-1,noise
74504399,-1,noise
74459980,-1,noise
74454759,-1,noise
74455030,-1,noise
74499989,-1,noise
74491269,-1,noise
74492109,-1,noise
74501269,-1,noise
74804360,-1,noise
74474360,-1,noise
74195829,-1,noise
74565809,-1,noise
74725809,-1,noise
74265829,-1,noise
80212500,-1,noise
74641645,-1,noise
74567809,-1,noise
95052,-1,noise
95050,-1,noise
140159,-1,noise
78604360,-1,noise
900018,-1,noise
44141980,-1,noise
140013,-1,noise
144110,-1,noise
44143350,-1,noise
44309980,-1,noise
44301940,-1,noise
141000,-1,noise
144002,-1,noise
190578,-1,noise
140510,-1,noise
140610,-1,noise
140881,-1,noise
140014,-1,noise
141002,-1,noise
141004,-1,noise
140389,-1,noise
96675940,-1,noise
280512,-1,noise
620138,-1,noise
40141060,-1,noise
37680203,-1,noise
18063765,-1,noise
97435840,-1,noise
SP801,-1,noise
SP3800,-1,noise
SP800,-1,noise
SP1900,-1,noise
SP2441,-1,noise
999410,-1,noise
83620,-1,noise
750014,-1,noise
19295900,-1,noise
78409989,-1,noise
231822,-1,noise
18066765,-1,noise
18065765,-1,noise
741727,-1,noise
292255,-1,noise
740082,-1,noise
740221,-1,noise
110212,-1,noise
613408,-1,noise
84045810,-1,noise
82381440,-1,noise
96725620,-1,noise
83009980,-1,noise
84021440,-1,noise
97285740,-1,noise
97051900,-1,noise
82065810,-1,noise
4066,-1,noise
82115480,-1,noise
82112720,-1,noise
82127939,-1,noise
180019,-1,noise
84035810,-1,noise
84039990,-1,noise
20234,-1,noise
97705830,-1,noise
95685620,-1,noise
84011350,-1,noise
84015810,-1,noise
11411,-1,noise
11071,-1,noise
11081,-1,noise
11041,-1,noise
84005810,-1,noise
75005829,-1,noise
75001789,-1,noise
75109980,-1,noise
75014369,-1,noise
75189989,-1,noise
75319989,-1,noise
75155050,-1,noise
75089989,-1,noise
75021739,-1,noise
75081789,-1,noise
75045050,-1,noise
51012,-1,noise
31800,-1,noise
99915015,-1,noise
410126,-1,noise
410117,-1,noise
410119,-1,noise
590005,-1,noise
90621,-1,noise
90623,-1,noise
906231,-1,noise
90605B,-1,noise
906007,-1,noise
90627,-1,noise
90622,-1,noise
96384740,-1,noise
920202,-1,noise
920230,-1,noise
220046,-1,noise
22PC15Z,-1,noise
97255700,-1,noise
97103106,-1,noise
30348,-1,noise
34040,-1,noise
86692,-1,noise
903980,-1,noise
84203,-1,noise
82391,-1,noise
84571,-1,noise
93232390,-1,noise
84291,-1,noise
84290,-1,noise
95138010,-1,noise
78482218,-1,noise
78484369,-1,noise
45032200,-1,noise
45213570,-1,noise
45004550,-1,noise
45001150,-1,noise
45001940,-1,noise
45009980,-1,noise
45011940,-1,noise
45001060,-1,noise
45011060,-1,noise
45011150,-1,noise
45001920,-1,noise
45021060,-1,noise
974660030,-1,noise
350245,-1,noise
190064,-1,noise
190040,-1,noise
18071214,-1,noise
18071014,-1,noise
190550,-1,noise
410073,-1,noise
900805,-1,noise
598243,-1,noise
907508,-1,noise
20478,-1,noise
10443690,-1,noise
23010000,-1,noise
990335,-1,noise
99034,-1,noise
20254,-1,noise
20263,-1,noise
741123,-1,noise
740226,-1,noise
97095,-1,noise
95190,-1,noise
369030,-1,noise
31932,-1,noise
83480,-1,noise
78134369,-1,noise
78044369,-1,noise
78644369,-1,noise
95073,-1,noise
95072,-1,noise
84370,-1,noise
84372,-1,noise
97415840,-1,noise
45041480,-1,noise
45041010,-1,noise
45043630,-1,noise
45049990,-1,noise
59,-1,noise
190777,-1,noise
190134,-1,noise
190075,-1,noise
140035,-1,noise
190250,-1,noise
SP199,-1,noise
144004,-1,noise
18050762,-1,noise
18040762,-1,noise
19285900,-1,noise
920210,-1,noise
91400,-1,noise
91100,-1,noise
92200,-1,noise
84402,-1,noise
52021640,-1,noise
52023440,-1,noise
52025150,-1,noise
10012,-1,noise
52023430,-1,noise
40049980,-1,noise
40045930,-1,noise
40045490,-1,noise
40041010,-1,noise
STORA,-1,noise
410074,-1,noise
410180,-1,noise
420040,-1,noise
83590,-1,noise
96001,-1,noise
50141036,-1,noise
83580,-1,noise
144020,-1,noise
15073794,-1,noise
15041002,-1,noise
15071004,-1,noise
15041490,-1,noise
15043795,-1,noise
15041174,-1,noise
15043550,-1,noise
15043563,-1,noise
15043370,-1,noise
15044640,-1,noise
15042401,-1,noise
15041001,-1,noise
15042260,-1,noise
15041076,-1,noise
15045710,-1,noise
15241014,-1,noise
144010,-1,noise
143010,-1,noise
143021,-1,noise
148860,-1,noise
144011,-1,noise
141039,-1,noise
144039,-1,noise
141010,-1,noise
148013,-1,noise
144515,-1,noise
144029,-1,noise
140300,-1,noise
141032,-1,noise
142110,-1,noise
143140,-1,noise
144199,-1,noise
140301,-1,noise
140811,-1,noise
144015,-1,noise
148981,-1,noise
140009,-1,noise
140072,-1,noise
207900013,-1,noise
907509,-1,noise
907100,-1,noise
390013,-1,noise
907512,-1,noise
31686,-1,noise
9999985,-1,noise
430001,-1,noise
88000,-1,noise
91195,-1,noise
88060,-1,noise
31801,-1,noise
96310,-1,noise
920208,-1,noise
920222,-1,noise
22001,-1,noise
22005,-1,noise
22006,-1,noise
22000,-1,noise
22007,-1,noise
310543,-1,noise
94191241,-1,noise
907501,-1,noise
77129989,-1,noise
78511109,-1,noise
78519980,-1,noise
77115609,-1,noise
88030,-1,noise
82520,-1,noise
81090,-1,noise
625850,-1,noise
30222,-1,noise
560791,-1,noise
560570,-1,noise
30220,-1,noise
30221,-1,noise
79185829,-1,noise
79085829,-1,noise
71207,-1,noise
79234360,-1,noise
79134360,-1,noise
79011699,-1,noise
79011549,-1,noise
79011509,-1,noise
79021509,-1,noise
79075809,-1,noise
79011104,-1,noise
79021104,-1,noise
88130,-1,noise
906007,-1,noise
999025,-1,noise
10293350,-1,noise
10293330,-1,noise
340999,-1,noise
620075,-1,noise
85401,-1,noise
750051,-1,noise
85166,-1,noise
91097466,-1,noise
4707,-1,noise
408720,-1,noise
15029980,-1,noise
15029990,-1,noise
143001,-1,noise
143144,-1,noise
143164,-1,noise
144160,-1,noise
144200,-1,noise
84591,-1,noise
901024,-1,noise
900005,-1,noise
190045,-1,noise
190088,-1,noise
60021350,-1,noise
70236C,-1,noise
SP111B,-1,noise
63942,-1,noise
97390,-1,noise
88010,-1,noise
88012,-1,noise
96061,-1,noise
900001,-1,noise
84630,-1,noise
84971,-1,noise
84970,-1,noise
145050,-1,noise
15223530,-1,noise
15224927,-1,noise
15234927,-1,noise
15223520,-1,noise
140089,-1,noise
140067,-1,noise
140073,-1,noise
15221164,-1,noise
15221024,-1,noise
15225723,-1,noise
15421876,-1,noise
15221876,-1,noise
15222401,-1,noise
15221130,-1,noise
144030,-1,noise
144043,-1,noise
140125,-1,noise
140045,-1,noise
15224636,-1,noise
44322090,-1,noise
44322030,-1,noise
44321300,-1,noise
44321010,-1,noise
44321060,-1,noise
44321980,-1,noise
44323350,-1,noise
44311010,-1,noise
44311060,-1,noise
44324430,-1,noise
140249,-1,noise
52011640,-1,noise
52013400,-1,noise
52011340,-1,noise
52311040,-1,noise
52015540,-1,noise
4097,-1,noise
96424740,-1,noise
128009,-1,noise
128010,-1,noise
99990,-1,noise
31080,-1,noise
84660,-1,noise
990305,-1,noise
990306,-1,noise
920295,-1,noise
990307,-1,noise
920296,-1,noise
920297,-1,noise
920301,-1,noise
920302,-1,noise
920303,-1,noise
929304,-1,noise
84505,-1,noise
56005540,-1,noise
207900002,-1,noise
56001010,-1,noise
56004020,-1,noise
56005180,-1,noise
66001770,-1,noise
56004800,-1,noise
310073,-1,noise
84481,-1,noise
430150,-1,noise
430152,-1,noise
191220,-1,noise
190049,-1,noise
742257,-1,noise
741011,-1,noise
799168,-1,noise
91PQ57,-1,noise
622568,-1,noise
625269,-1,noise
622515,-1,noise
612125,-1,noise
754018,-1,noise
91PQ68,-1,noise
722642,-1,noise
623069,-1,noise
752700,-1,noise
724050,-1,noise
744005,-1,noise
744230,-1,noise
744205,-1,noise
744410,-1,noise
741054,-1,noise
799169,-1,noise
741285,-1,noise
723625,-1,noise
722647,-1,noise
754016,-1,noise
754012,-1,noise
743024,-1,noise
722625,-1,noise
89102,-1,noise
80772400,-1,noise
80803580,-1,noise
80240,-1,noise
80223,-1,noise
76001109,-1,noise
540351,-1,noise
80022,-1,noise
76095829,-1,noise
76005829,-1,noise
71204,-1,noise
81040,-1,noise
81050,-1,noise
76174369,-1,noise
76524360,-1,noise
76015809,-1,noise
76014750,-1,noise
76034529,-1,noise
76034979,-1,noise
76034369,-1,noise
76031109,-1,noise
76044529,-1,noise
76051739,-1,noise
76053509,-1,noise
76055239,-1,noise
76061739,-1,noise
76061109,-1,noise
76065239,-1,noise
76075452,-1,noise
76071649,-1,noise
76083479,-1,noise
76159989,-1,noise
76189989,-1,noise
76169989,-1,noise
76052112,-1,noise
76055372,-1,noise
76065372,-1,noise
96024,-1,noise
11500,-1,noise
96665880,-1,noise
17131011,-1,noise
17131160,-1,noise
17139980,-1,noise
31840,-1,noise
50137,-1,noise
906610,-1,noise
906887,-1,noise
501412,-1,noise
22080200,-1,noise
94332800,-1,noise
96544551,-1,noise
25431,-1,noise
10183860,-1,noise
10181140,-1,noise
10173760,-1,noise
10171070,-1,noise
10174650,-1,noise
10179980,-1,noise
10173350,-1,noise
10171080,-1,noise
10174490,-1,noise
10191070,-1,noise
10194490,-1,noise
10193350,-1,noise
10209980,-1,noise
10201680,-1,noise
10211720,-1,noise
10214980,-1,noise
10461000,-1,noise
10229980,-1,noise
10501680,-1,noise
10504810,-1,noise
40209980,-1,noise
140077,-1,noise
240341,-1,noise
174001,-1,noise
170520,-1,noise
174170,-1,noise
170006,-1,noise
174171,-1,noise
15101214,-1,noise
15103794,-1,noise
15103574,-1,noise
15101165,-1,noise
15101874,-1,noise
15111876,-1,noise
15103332,-1,noise
15103334,-1,noise
15101142,-1,noise
15101144,-1,noise
15103563,-1,noise
95160,-1,noise
15101876,-1,noise
9028007,-1,noise
9028003,-1,noise
90280014,-1,noise
94104720,-1,noise
94184860,-1,noise
94174860,-1,noise
901343,-1,noise
98320480,-1,noise
98816000,-1,noise
9028017,-1,noise
96354740,-1,noise
84642,-1,noise
10030,-1,noise
19440034,-1,noise
84190,-1,noise
15209984,-1,noise
15203694,-1,noise
15203794,-1,noise
15203574,-1,noise
15205473,-1,noise
15201590,-1,noise
900035,-1,noise
48259980,-1,noise
48059980,-1,noise
18013790,-1,noise
18011010,-1,noise
48052080,-1,noise
10241050,-1,noise
10241370,-1,noise
144006,-1,noise
144099,-1,noise
181888,-1,noise
18188714,-1,noise
180321,-1,noise
180325,-1,noise
180323,-1,noise
1803225,-1,noise
18048A,-1,noise
18049,-1,noise
1818889,-1,noise
18040109,-1,noise
18040102,-1,noise
18040104,-1,noise
18040101,-1,noise
182014,-1,noise
182013,-1,noise
1822814,-1,noise
18210789,-1,noise
18210788,-1,noise
182111,-1,noise
18211B,-1,noise
18212,-1,noise
18220NB,-1,noise
1786377,-1,noise
18229N,-1,noise
18228N,-1,noise
1899176,-1,noise
18190,-1,noise
18304,-1,noise
183PE64,-1,noise
183PE64Z,-1,noise
181301,-1,noise
1832980,-1,noise
1832227,-1,noise
18030,-1,noise
1832253,-1,noise
1832206,-1,noise
183PE25,-1,noise
183PE30,-1,noise
183PE27,-1,noise
1832247,-1,noise
1838101,-1,noise
1832253Z,-1,noise
1832224Z,-1,noise
1832209Z,-1,noise
18363,-1,noise
1811080,-1,noise
18111586,-1,noise
18066881,-1,noise
1823506,-1,noise
182292,-1,noise
182191,-1,noise
1800114,-1,noise
18222734,-1,noise
1800194,-1,noise
18224885,-1,noise
182208,-1,noise
182223,-1,noise
18224757,-1,noise
1800115,-1,noise
1822680,-1,noise
1800113,-1,noise
1823073,-1,noise
18250TV1,-1,noise
18252,-1,noise
18265,-1,noise
18230999,-1,noise
1822287,-1,noise
18204014,-1,noise
18215,-1,noise
1822980,-1,noise
96050,-1,noise
80773100,-1,noise
71201,-1,noise
DIESEL,-1,noise
805466,-1,noise
84221,-1,noise
80060,-1,noise
80063,-1,noise
78419969,-1,noise
78422179,-1,noise
78424369,-1,noise
10001056,-1,noise
41129350,-1,noise
42301146,-1,noise
99910,-1,noise
41501900,-1,noise
41218603,-1,noise
96705620,-1,noise
SP425,-1,noise
41303070,-1,noise
41548600,-1,noise
95695620,-1,noise
391036,-1,noise
391111,-1,noise
43410212,-1,noise
SP411,-1,noise
43400693,-1,noise
43400692,-1,noise
41611480,-1,noise
41312400,-1,noise
41200002,-1,noise
41200001,-1,noise
41350100,-1,noise
311777,-1,noise
41611514,-1,noise
SP4011,-1,noise
391990,-1,noise
43475021,-1,noise
311040,-1,noise
41218904,-1,noise
311121,-1,noise
971117598,-1,noise
41200300,-1,noise
41251060,-1,noise
971116598,-1,noise
43446678,-1,noise
97125740,-1,noise
43461240,-1,noise
43463001,-1,noise
311001,-1,noise
41850200,-1,noise
41742400,-1,noise
311030,-1,noise
311020,-1,noise
43400792,-1,noise
41602160,-1,noise
41200901,-1,noise
43488032,-1,noise
43485321,-1,noise
41868500,-1,noise
311003,-1,noise
42301143,-1,noise
SP400,-1,noise
43478101,-1,noise
311002,-1,noise
41800401,-1,noise
41800400,-1,noise
41422210,-1,noise
41723550,-1,noise
41723850,-1,noise
SP413,-1,noise
41404000,-1,noise
41404004,-1,noise
41531030,-1,noise
SP4162,-1,noise
41829220,-1,noise
41544650,-1,noise
41561886,-1,noise
41618368,-1,noise
41887400,-1,noise
321001,-1,noise
321002,-1,noise
321122,-1,noise
41501200,-1,noise
41161901,-1,noise
41163000,-1,noise
11082,-1,noise
41445930,-1,noise
41385000,-1,noise
48100001,-1,noise
96735620,-1,noise
41701262,-1,noise
11044,-1,noise
41320030,-1,noise
331001,-1,noise
43350712,-1,noise
381000,-1,noise
11070,-1,noise
41548850,-1,noise
97665880,-1,noise
41246400,-1,noise
41246100,-1,noise
41609020,-1,noise
SP450,-1,noise
41430160,-1,noise
11045,-1,noise
41816400,-1,noise
48000124,-1,noise
48000123,-1,noise
207900019,-1,noise
41501040,-1,noise
207900020,-1,noise
41350050,-1,noise
41350040,-1,noise
41117200,-1,noise
11050,-1,noise
41548870,-1,noise
381030,-1,noise
43210012,-1,noise
351000,-1,noise
351040,-1,noise
11410,-1,noise
41300140,-1,noise
41300000,-1,noise
341122,-1,noise
11102,-1,noise
11104,-1,noise
SP4033,-1,noise
41802110,-1,noise
41803118,-1,noise
41701260,-1,noise
361118,-1,noise
361209,-1,noise
361249,-1,noise
43230013,-1,noise
11043,-1,noise
11042,-1,noise
41640003,-1,noise
371122,-1,noise
361000,-1,noise
41801000,-1,noise
41801200,-1,noise
41803900,-1,noise
41801401,-1,noise
41803200,-1,noise
41880110,-1,noise
41803400,-1,noise
31870,-1,noise
50131912,-1,noise
25250,-1,noise
350928,-1,noise
343140,-1,noise
610269,-1,noise
310600,-1,noise
70000,-1,noise
85460,-1,noise
12100415,-1,noise
83430,-1,noise
10001066,-1,noise
18111041,-1,noise
18273280,-1,noise
20305041,-1,noise
620112,-1,noise
620042,-1,noise
620043,-1,noise
620113,-1,noise
620044,-1,noise
620114,-1,noise
620045,-1,noise
620046,-1,noise
620072,-1,noise
620116,-1,noise
620105,-1,noise
620095,-1,noise
620097,-1,noise
620117,-1,noise
620047,-1,noise
620048,-1,noise
620061,-1,noise
620053,-1,noise
620092,-1,noise
620101,-1,noise
620049,-1,noise
620063,-1,noise
620050,-1,noise
620074,-1,noise
40111010,-1,noise
40111060,-1,noise
40119980,-1,noise
140032,-1,noise
140044,-1,noise
41548910,-1,noise
67830100,-1,noise
61120202,-1,noise
63250130,-1,noise
64700100,-1,noise
410076,-1,noise
68957002,-1,noise
1121472,-1,noise
1121473,-1,noise
11188,-1,noise
67308000,-1,noise
66950090,-1,noise
65995000,-1,noise
65418060,-1,noise
63190070,-1,noise
68689370,-1,noise
68936094,-1,noise
11129,-1,noise
410078,-1,noise
62144704,-1,noise
1208955,-1,noise
61120021,-1,noise
61310500,-1,noise
61120020,-1,noise
90008,-1,noise
11218776,-1,noise
66966977,-1,noise
63340040,-1,noise
1121252,-1,noise
411674,-1,noise
90013,-1,noise
67140000,-1,noise
90004,-1,noise
11210682,-1,noise
11210675,-1,noise
11210679,-1,noise
64131092,-1,noise
64318000,-1,noise
68191800,-1,noise
410096,-1,noise
64316000,-1,noise
11213,-1,noise
64308000,-1,noise
90012,-1,noise
64190093,-1,noise
64123451,-1,noise
11229015,-1,noise
90005,-1,noise
1117480,-1,noise
11173GZ,-1,noise
1117482,-1,noise
1117481,-1,noise
63314040,-1,noise
68151008,-1,noise
61528092,-1,noise
410085,-1,noise
410086,-1,noise
64200195,-1,noise
64200194,-1,noise
61286802,-1,noise
68990770,-1,noise
62410076,-1,noise
62410020,-1,noise
410088,-1,noise
90014,-1,noise
62437040,-1,noise
1130415,-1,noise
90006,-1,noise
62446170,-1,noise
90003,-1,noise
68180050,-1,noise
1116622,-1,noise
11161A,-1,noise
111612,-1,noise
11166D,-1,noise
63340070,-1,noise
410089,-1,noise
63347040,-1,noise
90015,-1,noise
63250040,-1,noise
11114121,-1,noise
66597700,-1,noise
90002,-1,noise
68585090,-1,noise
74173,-1,noise
63348040,-1,noise
112308,-1,noise
11191791,-1,noise
11191790,-1,noise
64151060,-1,noise
411864,-1,noise
11119,-1,noise
1121253,-1,noise
30119980,-1,noise
39306040,-1,noise
39302610,-1,noise
30219980,-1,noise
30216040,-1,noise
30189980,-1,noise
30186040,-1,noise
30149980,-1,noise
30139980,-1,noise
30159980,-1,noise
30154940,-1,noise
30152610,-1,noise
30202220,-1,noise
30199980,-1,noise
38276040,-1,noise
38279980,-1,noise
30175960,-1,noise
30009980,-1,noise
74160,-1,noise
74156,-1,noise
80225012,-1,noise
86030,-1,noise
94907300,-1,noise
93507540,-1,noise
94711100,-1,noise
SP1050,-1,noise
98108004,-1,noise
SPV1052,-1,noise
SPV1055,-1,noise
SPV1053,-1,noise
99998,-1,noise
457091,-1,noise
457103,-1,noise
450081,-1,noise
91279955,-1,noise
79113004,-1,noise
79113112,-1,noise
457018,-1,noise
912779,-1,noise
79113225,-1,noise
79113111,-1,noise
84055,-1,noise
84070,-1,noise
750120,-1,noise
22387890,-1,noise
VOID,-1,noise
12000500,-1,noise
740224,-1,noise
168002,-1,noise
138296,-1,noise
168321,-1,noise
78204369,-1,noise
84501,-1,noise
86480,-1,noise
906032,-1,noise
86510,-1,noise
86500,-1,noise
920200,-1,noise
25251,-1,noise
620124,-1,noise
620125,-1,noise
312025,-1,noise
1242,-1,noise
31921,-1,noise
84641,-1,noise
30354,-1,noise
94000,-1,noise
410010,-1,noise
78431619,-1,noise
78682609,-1,noise
78584369,-1,noise
78459989,-1,noise
78454369,-1,noise
78469969,-1,noise
78441619,-1,noise
84651,-1,noise
84011,-1,noise
62070,-1,noise
12032670,-1,noise
83210,-1,noise
93009980,-1,noise
190083,-1,noise
360049,-1,noise
52152960,-1,noise
52151010,-1,noise
91001530,-1,noise
30020,-1,noise
40419980,-1,noise
40029980,-1,noise
40039980,-1,noise
40009980,-1,noise
399026,-1,noise
52065540,-1,noise
451025,-1,noise
453110,-1,noise
72235648,-1,noise
72710001,-1,noise
451004,-1,noise
451010,-1,noise
451132,-1,noise
454103,-1,noise
451051,-1,noise
72710000,-1,noise
451022,-1,noise
420947,-1,noise
370007,-1,noise
370380,-1,noise
54043390,-1,noise
54055770,-1,noise
54041580,-1,noise
54041040,-1,noise
540099800,-1,noise
54035120,-1,noise
370006,-1,noise
54121470,-1,noise
54051580,-1,noise
54004610,-1,noise
54041010,-1,noise
54005110,-1,noise
54001640,-1,noise
54003610,-1,noise
54001010,-1,noise
54021340,-1,noise
54004930,-1,noise
54001280,-1,noise
54004870,-1,noise
540013400,-1,noise
54003410,-1,noise
930199800,-1,noise
54002960,-1,noise
64005390,-1,noise
64009200,-1,noise
64001640,-1,noise
450022,-1,noise
52184800,-1,noise
52191019,-1,noise
52299980,-1,noise
10007,-1,noise
10001,-1,noise
10001,-1,noise
52114680,-1,noise
52004870,-1,noise
52005290,-1,noise
52004620,-1,noise
52104620,-1,noise
52101890,-1,noise
52003390,-1,noise
52174930,-1,noise
10002,-1,noise
10003,-1,noise
25230,-1,noise
91206,-1,noise
620126,-1,noise
12354,-1,noise
18102531,-1,noise
P118S5,-1,noise
31970,-1,noise
85241,-1,noise
80346,-1,noise
80067,-1,noise
501302,-1,noise
37029273,-1,noise
zt,-1,noise
CS138027,-1,noise
CS170339,-1,noise
CS17032K,-1,noise
86112,-1,noise
99506,-1,noise
CS122615,-1,noise
84320,-1,noise
31931,-1,noise
9955602,-1,noise
9955604,-1,noise
9955387,-1,noise
ZVMSVO2,-1,noise
ZVMSVO5,-1,noise
ZVMSVO1,-1,noise
MKTTHM03,-1,noise
MKTTHM00,-1,noise
10416109,-1,noise
1397050,-1,noise
178615,-1,noise
13066064,-1,noise
13123026,-1,noise
11321400,-1,noise
